date,close
2001-05-07,125.19141387939453
2001-05-08,120.8578872680664
2001-05-09,122.783935546875
2001-05-10,117.96886444091797
2001-05-11,119.89488220214844
2001-05-14,117.96886444091797
2001-05-15,117.96886444091797
2001-05-16,117.96886444091797
2001-05-17,116.52436828613281
2001-05-18,116.52436828613281
2001-05-21,117.96886444091797
2001-05-22,117.48733520507812
2001-05-23,117.96886444091797
2001-05-24,118.4504165649414
2001-05-25,117.48733520507812
2001-05-28,114.59830474853516
2001-05-29,111.22777557373047
2001-05-30,114.1168212890625
2001-05-31,108.33879089355469
2001-06-01,105.93120574951172
2001-06-04,106.89420318603516
2001-06-05,103.5237045288086
2001-06-06,101.59767150878906
2001-06-07,103.04219055175781
2001-06-08,104.96820831298828
2001-06-11,108.33879089355469
2001-06-12,105.93120574951172
2001-06-13,106.41276550292969
2001-06-14,105.44970703125
2001-06-15,104.00517272949219
2001-06-18,104.48670959472656
2001-06-19,107.37576293945312
2001-06-20,107.37576293945312
2001-06-21,113.15384674072266
2001-06-22,121.33942413330078
2001-06-25,117.00580596923828
2001-06-26,117.48733520507812
2001-06-27,115.0798110961914
2001-06-28,116.04286193847656
2001-06-29,115.56134033203125
2001-07-02,113.63533020019531
2001-07-03,113.15384674072266
2001-07-04,111.70930480957031
2001-07-05,110.2647705078125
2001-07-06,104.00517272949219
2001-07-09,102.56068420410156
2001-07-10,102.07917022705078
2001-07-11,102.07917022705078
2001-07-12,101.11616516113281
2001-07-13,99.67163848876953
2001-07-16,100.63468170166016
2001-07-17,97.74562072753906
2001-07-18,97.74562072753906
2001-07-19,96.30110168457031
2001-07-20,96.30110168457031
2001-07-23,92.44902038574219
2001-07-24,89.56002807617188
2001-07-25,94.8565902709961
2001-07-26,91.96757507324219
2001-07-27,92.93055725097656
2001-07-30,90.04155731201172
2001-07-31,92.44902038574219
2001-08-01,94.8565902709961
2001-08-02,96.30110168457031
2001-08-03,97.26409912109375
2001-08-06,96.30110168457031
2001-08-07,95.81956481933594
2001-08-08,94.37509155273438
2001-08-09,91.96757507324219
2001-08-10,91.48607635498047
2001-08-13,90.5230712890625
2001-08-14,94.8565902709961
2001-08-15,95.33808898925781
2001-08-16,94.8565902709961
2001-08-17,93.41207885742188
2001-08-20,91.96757507324219
2001-08-21,92.93055725097656
2001-08-22,95.81956481933594
2001-08-23,93.41207885742188
2001-08-24,91.96757507324219
2001-08-27,92.44902038574219
2001-08-28,92.44902038574219
2001-08-29,89.56002807617188
2001-08-30,88.11552429199219
2001-08-31,87.15248107910156
2001-09-03,84.26347351074219
2001-09-04,80.41141510009766
2001-09-05,83.78199768066406
2001-09-06,81.85594940185547
2001-09-07,79.44837951660156
2001-09-10,77.52239990234375
2001-09-11,77.04087829589844
2001-09-12,65.96625518798828
2001-09-13,69.81831359863281
2001-09-14,74.15185546875
2001-09-17,67.41077423095703
2001-09-18,66.44773864746094
2001-09-19,67.89227294921875
2001-09-20,65.00325775146484
2001-09-21,63.07722473144531
2001-09-24,63.07722473144531
2001-09-25,65.4847640991211
2001-09-26,63.5587158203125
2001-09-27,60.18820571899414
2001-09-28,60.18820571899414
2001-10-01,62.595706939697266
2001-10-02,63.07722473144531
2001-10-03,64.04025268554688
2001-10-04,67.89227294921875
2001-10-05,67.41077423095703
2001-10-08,67.41077423095703
2001-10-09,63.5587158203125
2001-10-10,63.07722473144531
2001-10-11,64.04025268554688
2001-10-12,67.89227294921875
2001-10-15,68.37378692626953
2001-10-16,67.41077423095703
2001-10-17,67.89227294921875
2001-10-18,67.41077423095703
2001-10-19,67.41077423095703
2001-10-22,70.78131103515625
2001-10-23,69.3368148803711
2001-10-24,69.3368148803711
2001-10-25,68.85528564453125
2001-10-26,69.3368148803711
2001-10-29,69.81831359863281
2001-10-30,68.37378692626953
2001-10-31,65.4847640991211
2001-11-01,62.595706939697266
2001-11-02,63.07722473144531
2001-11-05,62.595706939697266
2001-11-06,62.595706939697266
2001-11-07,62.11421585083008
2001-11-08,55.854652404785156
2001-11-09,55.854652404785156
2001-11-12,51.521095275878906
2001-11-13,49.595069885253906
2001-11-14,45.26153564453125
2001-11-15,48.632049560546875
2001-11-16,49.113555908203125
2001-11-19,48.632049560546875
2001-11-20,50.07657241821289
2001-11-21,52.002586364746094
2001-11-22,54.41011047363281
2001-11-23,54.41011047363281
2001-11-26,55.854652404785156
2001-11-27,53.44710159301758
2001-11-28,50.558082580566406
2001-11-29,50.07657241821289
2001-11-30,50.558082580566406
2001-12-03,48.150550842285156
2001-12-04,45.743038177490234
2001-12-05,47.669044494628906
2001-12-06,47.669044494628906
2001-12-07,46.224510192871094
2001-12-10,43.33549499511719
2001-12-11,40.446468353271484
2001-12-12,42.85399627685547
2001-12-13,39.001949310302734
2001-12-14,36.59442901611328
2001-12-17,34.66840744018555
2001-12-18,32.74238204956055
2001-12-19,28.890335083007812
2001-12-20,35.14990234375
2001-12-21,34.66840744018555
2001-12-24,34.66840744018555
2001-12-25,34.66840744018555
2001-12-26,34.186893463134766
2001-12-27,35.631412506103516
2001-12-28,38.0389404296875
2001-12-31,38.0389404296875
2002-01-01,38.0389404296875
2002-01-02,38.0389404296875
2002-01-03,38.0389404296875
2002-01-04,38.0389404296875
2002-01-07,39.483455657958984
2002-01-08,38.52043914794922
2002-01-09,39.9649658203125
2002-01-10,39.001949310302734
2002-01-11,38.52043914794922
2002-01-14,38.52043914794922
2002-01-15,35.631412506103516
2002-01-16,37.075927734375
2002-01-17,35.631412506103516
2002-01-18,36.112918853759766
2002-01-21,36.59442901611328
2002-01-22,37.075927734375
2002-01-23,36.59442901611328
2002-01-24,37.075927734375
2002-01-25,37.075927734375
2002-01-28,38.52043914794922
2002-01-29,38.0389404296875
2002-01-30,38.0389404296875
2002-01-31,38.0389404296875
2002-02-01,36.59442901611328
2002-02-04,37.557437896728516
2002-02-05,36.112918853759766
2002-02-06,36.112918853759766
2002-02-07,38.52043914794922
2002-02-08,38.0389404296875
2002-02-11,38.0389404296875
2002-02-12,39.9649658203125
2002-02-13,40.927974700927734
2002-02-14,39.9649658203125
2002-02-15,41.89099884033203
2002-02-18,43.33549499511719
2002-02-19,41.89099884033203
2002-02-20,42.85399627685547
2002-02-21,44.78001403808594
2002-02-22,45.26153564453125
2002-02-25,48.150550842285156
2002-02-26,45.743038177490234
2002-02-27,47.669044494628906
2002-02-28,48.150550842285156
2002-03-01,49.113555908203125
2002-03-04,50.07657241821289
2002-03-05,50.07657241821289
2002-03-06,49.113555908203125
2002-03-07,50.558082580566406
2002-03-08,51.521095275878906
2002-03-11,55.854652404785156
2002-03-12,55.37314224243164
2002-03-13,54.891624450683594
2002-03-14,53.92861557006836
2002-03-15,55.37314224243164
2002-03-18,51.521095275878906
2002-03-19,52.002586364746094
2002-03-20,50.558082580566406
2002-03-21,50.558082580566406
2002-03-22,47.669044494628906
2002-03-25,48.150550842285156
2002-03-26,45.26153564453125
2002-03-27,47.669044494628906
2002-03-28,47.18754577636719
2002-03-29,45.743038177490234
2002-04-01,44.78001403808594
2002-04-02,44.78001403808594
2002-04-03,46.224510192871094
2002-04-04,48.632049560546875
2002-04-05,49.113555908203125
2002-04-08,48.632049560546875
2002-04-09,48.150550842285156
2002-04-10,48.150550842285156
2002-04-11,47.18754577636719
2002-04-12,46.224510192871094
2002-04-15,46.70603942871094
2002-04-16,46.70603942871094
2002-04-17,46.70603942871094
2002-04-18,47.669044494628906
2002-04-19,46.70603942871094
2002-04-22,47.18754577636719
2002-04-23,46.70603942871094
2002-04-24,45.743038177490234
2002-04-25,46.224510192871094
2002-04-26,44.78001403808594
2002-04-29,44.78001403808594
2002-04-30,43.81700134277344
2002-05-01,44.78001403808594
2002-05-02,44.78001403808594
2002-05-03,44.78001403808594
2002-05-06,44.78001403808594
2002-05-07,43.81700134277344
2002-05-08,43.81700134277344
2002-05-09,44.78001403808594
2002-05-10,44.78001403808594
2002-05-13,45.26153564453125
2002-05-14,51.521095275878906
2002-05-15,50.07657241821289
2002-05-16,51.521095275878906
2002-05-17,52.96560287475586
2002-05-20,55.37314224243164
2002-05-21,54.891624450683594
2002-05-22,57.780670166015625
2002-05-23,61.63270950317383
2002-05-24,63.07722473144531
2002-05-27,68.37378692626953
2002-05-28,65.4847640991211
2002-05-29,64.04025268554688
2002-05-30,63.5587158203125
2002-05-31,64.04025268554688
2002-06-03,68.85528564453125
2002-06-04,68.85528564453125
2002-06-05,70.2998046875
2002-06-06,68.37378692626953
2002-06-07,65.96625518798828
2002-06-10,67.41077423095703
2002-06-11,68.85528564453125
2002-06-12,66.92926788330078
2002-06-13,64.5217514038086
2002-06-14,64.04025268554688
2002-06-17,59.2252082824707
2002-06-18,59.2252082824707
2002-06-19,56.33615493774414
2002-06-20,57.29915237426758
2002-06-21,56.33615493774414
2002-06-24,56.33615493774414
2002-06-25,59.70669174194336
2002-06-26,57.29915237426758
2002-06-27,58.262184143066406
2002-06-28,59.2252082824707
2002-07-01,60.18820571899414
2002-07-02,59.2252082824707
2002-07-03,62.595706939697266
2002-07-04,62.11421585083008
2002-07-05,61.63270950317383
2002-07-08,61.63270950317383
2002-07-09,63.5587158203125
2002-07-10,62.11421585083008
2002-07-11,62.595706939697266
2002-07-12,62.595706939697266
2002-07-15,60.18820571899414
2002-07-16,61.63270950317383
2002-07-17,61.63270950317383
2002-07-18,61.63270950317383
2002-07-19,62.595706939697266
2002-07-22,61.151214599609375
2002-07-23,60.18820571899414
2002-07-24,58.74366760253906
2002-07-25,56.33615493774414
2002-07-26,55.37314224243164
2002-07-29,57.29915237426758
2002-07-30,59.70669174194336
2002-07-31,61.151214599609375
2002-08-01,60.66971206665039
2002-08-02,60.18820571899414
2002-08-05,60.18820571899414
2002-08-06,57.780670166015625
2002-08-07,56.817665100097656
2002-08-08,62.595706939697266
2002-08-09,61.63270950317383
2002-08-12,60.66971206665039
2002-08-13,60.66971206665039
2002-08-14,60.18820571899414
2002-08-15,63.07722473144531
2002-08-16,66.44773864746094
2002-08-19,65.96625518798828
2002-08-20,65.00325775146484
2002-08-21,66.44773864746094
2002-08-22,67.41077423095703
2002-08-23,67.41077423095703
2002-08-26,72.22583770751953
2002-08-27,69.81831359863281
2002-08-28,65.4847640991211
2002-08-29,66.92926788330078
2002-08-30,68.85528564453125
2002-09-02,66.44773864746094
2002-09-03,64.04025268554688
2002-09-04,61.151214599609375
2002-09-05,64.5217514038086
2002-09-06,64.04025268554688
2002-09-09,63.5587158203125
2002-09-10,64.04025268554688
2002-09-11,66.44773864746094
2002-09-12,65.96625518798828
2002-09-13,64.04025268554688
2002-09-16,64.04025268554688
2002-09-17,68.85528564453125
2002-09-18,69.3368148803711
2002-09-19,70.78131103515625
2002-09-20,68.85528564453125
2002-09-23,68.85528564453125
2002-09-24,68.37378692626953
2002-09-25,70.2998046875
2002-09-26,70.78131103515625
2002-09-27,71.74431610107422
2002-09-30,70.78131103515625
2002-10-01,69.3368148803711
2002-10-02,65.96625518798828
2002-10-03,60.18820571899414
2002-10-04,53.92861557006836
2002-10-07,53.92861557006836
2002-10-08,53.44710159301758
2002-10-09,54.891624450683594
2002-10-10,54.891624450683594
2002-10-11,56.33615493774414
2002-10-14,56.33615493774414
2002-10-15,60.66971206665039
2002-10-16,60.66971206665039
2002-10-17,59.2252082824707
2002-10-18,59.70669174194336
2002-10-21,60.66971206665039
2002-10-22,58.74366760253906
2002-10-23,58.262184143066406
2002-10-24,58.74366760253906
2002-10-25,59.2252082824707
2002-10-28,59.2252082824707
2002-10-29,59.2252082824707
2002-10-30,58.74366760253906
2002-10-31,59.2252082824707
2002-11-01,57.780670166015625
2002-11-04,57.780670166015625
2002-11-05,58.262184143066406
2002-11-06,59.70669174194336
2002-11-07,59.2252082824707
2002-11-08,58.262184143066406
2002-11-11,57.29915237426758
2002-11-12,58.74366760253906
2002-11-13,56.817665100097656
2002-11-14,52.48410415649414
2002-11-15,48.632049560546875
2002-11-18,46.224510192871094
2002-11-19,44.78001403808594
2002-11-20,47.669044494628906
2002-11-21,51.03958511352539
2002-11-22,49.595069885253906
2002-11-25,51.521095275878906
2002-11-26,51.03958511352539
2002-11-27,52.48410415649414
2002-11-28,53.92861557006836
2002-11-29,54.41011047363281
2002-12-02,54.41011047363281
2002-12-03,51.521095275878906
2002-12-04,51.521095275878906
2002-12-05,52.48410415649414
2002-12-06,52.002586364746094
2002-12-09,51.521095275878906
2002-12-10,52.48410415649414
2002-12-11,52.002586364746094
2002-12-12,52.48410415649414
2002-12-13,52.48410415649414
2002-12-16,51.03958511352539
2002-12-17,52.96560287475586
2002-12-18,52.002586364746094
2002-12-19,52.48410415649414
2002-12-20,50.558082580566406
2002-12-23,50.558082580566406
2002-12-24,50.07657241821289
2002-12-25,51.521095275878906
2002-12-26,52.48410415649414
2002-12-27,52.96560287475586
2002-12-30,52.48410415649414
2002-12-31,52.48410415649414
2003-01-01,52.48410415649414
2003-01-02,52.48410415649414
2003-01-03,52.48410415649414
2003-01-06,54.41011047363281
2003-01-07,54.891624450683594
2003-01-08,52.96560287475586
2003-01-09,52.96560287475586
2003-01-10,54.41011047363281
2003-01-13,54.41011047363281
2003-01-14,53.92861557006836
2003-01-15,54.891624450683594
2003-01-16,55.854652404785156
2003-01-17,56.817665100097656
2003-01-20,57.780670166015625
2003-01-21,57.29915237426758
2003-01-22,58.74366760253906
2003-01-23,59.70669174194336
2003-01-24,61.63270950317383
2003-01-27,59.70669174194336
2003-01-28,57.780670166015625
2003-01-29,56.33615493774414
2003-01-30,57.780670166015625
2003-01-31,57.29915237426758
2003-02-03,58.262184143066406
2003-02-04,59.2252082824707
2003-02-05,60.18820571899414
2003-02-06,59.70669174194336
2003-02-07,58.262184143066406
2003-02-10,60.66971206665039
2003-02-11,60.66971206665039
2003-02-12,64.5217514038086
2003-02-13,63.5587158203125
2003-02-14,63.5587158203125
2003-02-17,62.595706939697266
2003-02-18,62.595706939697266
2003-02-19,61.63270950317383
2003-02-20,61.63270950317383
2003-02-21,60.66971206665039
2003-02-24,59.2252082824707
2003-02-25,57.780670166015625
2003-02-26,57.780670166015625
2003-02-27,53.92861557006836
2003-02-28,55.854652404785156
2003-03-03,54.891624450683594
2003-03-04,55.37314224243164
2003-03-05,54.41011047363281
2003-03-06,55.854652404785156
2003-03-07,53.92861557006836
2003-03-10,52.002586364746094
2003-03-11,51.521095275878906
2003-03-12,52.96560287475586
2003-03-13,52.96560287475586
2003-03-14,51.521095275878906
2003-03-17,50.558082580566406
2003-03-18,51.03958511352539
2003-03-19,50.558082580566406
2003-03-20,54.891624450683594
2003-03-21,54.891624450683594
2003-03-24,56.817665100097656
2003-03-25,54.41011047363281
2003-03-26,56.88331985473633
2003-03-27,57.872581481933594
2003-03-28,57.377967834472656
2003-03-31,54.90475082397461
2003-04-01,55.399391174316406
2003-04-02,56.388675689697266
2003-04-03,53.91550064086914
2003-04-04,55.399391174316406
2003-04-07,57.377967834472656
2003-04-08,57.377967834472656
2003-04-09,56.88331985473633
2003-04-10,56.88331985473633
2003-04-11,57.377967834472656
2003-04-14,55.89404296875
2003-04-15,56.88331985473633
2003-04-16,58.86188888549805
2003-04-17,58.86188888549805
2003-04-18,59.356510162353516
2003-04-21,58.86188888549805
2003-04-22,57.377967834472656
2003-04-23,56.388675689697266
2003-04-24,55.89404296875
2003-04-25,54.90475082397461
2003-04-28,52.43156814575195
2003-04-29,52.43156814575195
2003-04-30,55.89404296875
2003-05-01,56.388675689697266
2003-05-02,56.388675689697266
2003-05-05,56.388675689697266
2003-05-06,56.88331985473633
2003-05-07,56.88331985473633
2003-05-08,57.377967834472656
2003-05-09,57.872581481933594
2003-05-12,57.872581481933594
2003-05-13,57.872581481933594
2003-05-14,58.36723709106445
2003-05-15,57.377967834472656
2003-05-16,57.872581481933594
2003-05-19,55.89404296875
2003-05-20,56.388675689697266
2003-05-21,55.89404296875
2003-05-22,56.88331985473633
2003-05-23,56.88331985473633
2003-05-26,57.872581481933594
2003-05-27,58.86188888549805
2003-05-28,58.36723709106445
2003-05-29,58.86188888549805
2003-05-30,59.356510162353516
2003-06-02,59.356510162353516
2003-06-03,59.356510162353516
2003-06-04,59.356510162353516
2003-06-05,63.313602447509766
2003-06-06,64.79749298095703
2003-06-09,67.27072143554688
2003-06-10,66.28141784667969
2003-06-11,67.27072143554688
2003-06-12,64.79749298095703
2003-06-13,63.80823516845703
2003-06-16,63.80823516845703
2003-06-17,65.29216003417969
2003-06-18,65.29216003417969
2003-06-19,63.313602447509766
2003-06-20,64.3028793334961
2003-06-23,68.25996398925781
2003-06-24,71.22779083251953
2003-06-25,73.20634460449219
2003-06-26,71.72245788574219
2003-06-27,74.69024658203125
2003-06-30,77.16346740722656
2003-07-01,77.16346740722656
2003-07-02,75.67955780029297
2003-07-03,70.73316955566406
2003-07-04,69.743896484375
2003-07-07,71.22779083251953
2003-07-08,71.72245788574219
2003-07-09,71.72245788574219
2003-07-10,75.18489837646484
2003-07-11,79.14201354980469
2003-07-14,78.1527099609375
2003-07-15,75.18489837646484
2003-07-16,74.69024658203125
2003-07-17,69.743896484375
2003-07-18,71.22779083251953
2003-07-21,71.22779083251953
2003-07-22,71.72245788574219
2003-07-23,72.71171569824219
2003-07-24,71.22779083251953
2003-07-25,72.71171569824219
2003-07-28,74.69024658203125
2003-07-29,74.19561767578125
2003-07-30,73.70100402832031
2003-07-31,74.19561767578125
2003-08-01,75.18489837646484
2003-08-04,75.67955780029297
2003-08-05,73.20634460449219
2003-08-06,74.19561767578125
2003-08-07,71.22779083251953
2003-08-08,71.72245788574219
2003-08-11,71.22779083251953
2003-08-12,72.71171569824219
2003-08-13,71.72245788574219
2003-08-14,76.6688461303711
2003-08-15,75.67955780029297
2003-08-18,79.14201354980469
2003-08-19,78.1527099609375
2003-08-20,83.09910583496094
2003-08-21,84.08839416503906
2003-08-22,82.10981750488281
2003-08-25,83.09910583496094
2003-08-26,89.5293960571289
2003-08-27,89.0347671508789
2003-08-28,85.07767486572266
2003-08-29,87.05623626708984
2003-09-01,92.00259399414062
2003-09-02,92.49720001220703
2003-09-03,91.0133056640625
2003-09-04,88.54012298583984
2003-09-05,86.06696319580078
2003-09-08,85.07767486572266
2003-09-09,87.55083465576172
2003-09-10,88.04547882080078
2003-09-11,86.56157684326172
2003-09-12,87.05623626708984
2003-09-15,87.05623626708984
2003-09-16,91.0133056640625
2003-09-17,91.0133056640625
2003-09-18,89.5293960571289
2003-09-19,88.54012298583984
2003-09-22,89.5293960571289
2003-09-23,89.5293960571289
2003-09-24,90.51866912841797
2003-09-25,87.55083465576172
2003-09-26,89.0347671508789
2003-09-29,85.57228088378906
2003-09-30,86.06696319580078
2003-10-01,87.05623626708984
2003-10-02,94.97039794921875
2003-10-03,95.46503448486328
2003-10-06,96.45429992675781
2003-10-07,94.97039794921875
2003-10-08,97.44356536865234
2003-10-09,96.45429992675781
2003-10-10,97.44356536865234
2003-10-13,97.44356536865234
2003-10-14,99.42213439941406
2003-10-15,99.42213439941406
2003-10-16,98.92748260498047
2003-10-17,101.89533996582031
2003-10-20,106.34706115722656
2003-10-21,103.37926483154297
2003-10-22,108.32560729980469
2003-10-23,98.43285369873047
2003-10-24,99.42213439941406
2003-10-27,100.41142272949219
2003-10-28,99.42213439941406
2003-10-29,99.42213439941406
2003-10-30,100.41142272949219
2003-10-31,97.93822479248047
2003-11-03,97.93822479248047
2003-11-04,98.43285369873047
2003-11-05,96.94893646240234
2003-11-06,93.98113250732422
2003-11-07,95.46503448486328
2003-11-10,89.5293960571289
2003-11-11,85.07767486572266
2003-11-12,88.04547882080078
2003-11-13,92.99188232421875
2003-11-14,93.98113250732422
2003-11-17,87.05623626708984
2003-11-18,84.5830307006836
2003-11-19,85.07767486572266
2003-11-20,85.07767486572266
2003-11-21,86.06696319580078
2003-11-24,86.06696319580078
2003-11-25,89.0347671508789
2003-11-26,89.5293960571289
2003-11-27,91.5079116821289
2003-11-28,89.0347671508789
2003-12-01,90.02401733398438
2003-12-02,90.02401733398438
2003-12-03,89.0347671508789
2003-12-04,92.99188232421875
2003-12-05,91.5079116821289
2003-12-08,88.54012298583984
2003-12-09,88.04547882080078
2003-12-10,85.57228088378906
2003-12-11,87.05623626708984
2003-12-12,88.54012298583984
2003-12-15,92.99188232421875
2003-12-16,92.99188232421875
2003-12-17,92.99188232421875
2003-12-18,92.49720001220703
2003-12-19,95.46503448486328
2003-12-22,98.43285369873047
2003-12-23,98.43285369873047
2003-12-24,96.45429992675781
2003-12-25,97.44356536865234
2003-12-26,99.42213439941406
2003-12-29,98.92748260498047
2003-12-30,101.40066528320312
2003-12-31,101.40066528320312
2004-01-01,101.40066528320312
2004-01-02,101.40066528320312
2004-01-05,103.37926483154297
2004-01-06,102.88461303710938
2004-01-07,102.38998413085938
2004-01-08,101.40066528320312
2004-01-09,101.89533996582031
2004-01-12,101.89533996582031
2004-01-13,104.36854553222656
2004-01-14,106.84165954589844
2004-01-15,107.83100128173828
2004-01-16,105.3577880859375
2004-01-19,110.30419158935547
2004-01-20,108.82022094726562
2004-01-21,107.33634948730469
2004-01-22,106.34706115722656
2004-01-23,105.8524398803711
2004-01-26,104.36854553222656
2004-01-27,102.38998413085938
2004-01-28,100.41142272949219
2004-01-29,102.38998413085938
2004-01-30,100.9060287475586
2004-02-02,104.36854553222656
2004-02-03,101.89533996582031
2004-02-04,99.42213439941406
2004-02-05,99.42213439941406
2004-02-06,100.41142272949219
2004-02-09,99.9167709350586
2004-02-10,103.8738784790039
2004-02-11,103.8738784790039
2004-02-12,104.36854553222656
2004-02-13,104.8631362915039
2004-02-16,107.33634948730469
2004-02-17,105.8524398803711
2004-02-18,105.8524398803711
2004-02-19,106.34706115722656
2004-02-20,106.84165954589844
2004-02-23,107.83100128173828
2004-02-24,107.33634948730469
2004-02-25,105.8524398803711
2004-02-26,108.32560729980469
2004-02-27,108.82022094726562
2004-03-01,113.76663970947266
2004-03-02,125.1432876586914
2004-03-03,125.1432876586914
2004-03-04,121.18617248535156
2004-03-05,128.6057586669922
2004-03-08,128.6057586669922
2004-03-09,131.07896423339844
2004-03-10,135.0360107421875
2004-03-11,133.0574951171875
2004-03-12,132.06822204589844
2004-03-15,138.0038604736328
2004-03-16,136.51992797851562
2004-03-17,138.4984893798828
2004-03-18,134.54144287109375
2004-03-19,137.50921630859375
2004-03-22,134.0467987060547
2004-03-23,133.0574951171875
2004-03-24,142.45558166503906
2004-03-25,142.45558166503906
2004-03-26,142.45558166503906
2004-03-29,141.4559326171875
2004-03-30,138.45689392089844
2004-03-31,141.4559326171875
2004-04-01,150.9529266357422
2004-04-02,147.45407104492188
2004-04-05,147.95388793945312
2004-04-06,147.45407104492188
2004-04-07,145.4546661376953
2004-04-08,146.95419311523438
2004-04-09,142.95547485351562
2004-04-12,146.95419311523438
2004-04-13,151.45278930664062
2004-04-14,155.4515380859375
2004-04-15,156.95111083984375
2004-04-16,152.9523468017578
2004-04-19,145.4546661376953
2004-04-20,147.95388793945312
2004-04-21,147.95388793945312
2004-04-22,145.9545440673828
2004-04-23,146.45437622070312
2004-04-26,142.95547485351562
2004-04-27,143.95513916015625
2004-04-28,144.4549560546875
2004-04-29,144.4549560546875
2004-04-30,138.95672607421875
2004-05-03,138.95672607421875
2004-05-04,138.95672607421875
2004-05-05,138.95672607421875
2004-05-06,133.45840454101562
2004-05-07,133.45840454101562
2004-05-10,117.96324920654297
2004-05-11,122.96166229248047
2004-05-12,133.45840454101562
2004-05-13,124.9610366821289
2004-05-14,122.46184539794922
2004-05-17,112.9648208618164
2004-05-18,120.46247100830078
2004-05-19,124.46124267578125
2004-05-20,124.9610366821289
2004-05-21,129.95950317382812
2004-05-24,129.95950317382812
2004-05-25,125.96073150634766
2004-05-26,125.96073150634766
2004-05-27,125.96073150634766
2004-05-28,125.96073150634766
2004-05-31,126.46060943603516
2004-06-01,128.45994567871094
2004-06-02,130.4593505859375
2004-06-03,127.46027374267578
2004-06-04,124.46124267578125
2004-06-07,129.95950317382812
2004-06-08,131.45904541015625
2004-06-09,128.95982360839844
2004-06-10,131.95887756347656
2004-06-11,134.95791625976562
2004-06-14,135.45782470703125
2004-06-15,133.45840454101562
2004-06-16,135.45782470703125
2004-06-17,134.45811462402344
2004-06-18,132.45875549316406
2004-06-21,131.95887756347656
2004-06-22,131.95887756347656
2004-06-23,131.45904541015625
2004-06-24,128.95982360839844
2004-06-25,130.4593505859375
2004-06-28,134.95791625976562
2004-06-29,133.45840454101562
2004-06-30,133.958251953125
2004-07-01,132.95860290527344
2004-07-02,131.95887756347656
2004-07-05,127.96012115478516
2004-07-06,126.46060943603516
2004-07-07,123.4615249633789
2004-07-08,122.96166229248047
2004-07-09,125.96073150634766
2004-07-12,127.96012115478516
2004-07-13,130.4593505859375
2004-07-14,129.45965576171875
2004-07-15,130.95921325683594
2004-07-16,129.95950317382812
2004-07-19,129.95950317382812
2004-07-20,127.46027374267578
2004-07-21,127.96012115478516
2004-07-22,127.46027374267578
2004-07-23,128.45994567871094
2004-07-26,126.46060943603516
2004-07-27,121.46211242675781
2004-07-28,121.9620132446289
2004-07-29,124.9610366821289
2004-07-30,125.96073150634766
2004-08-02,126.46060943603516
2004-08-03,127.46027374267578
2004-08-04,122.96166229248047
2004-08-05,122.46184539794922
2004-08-06,120.96231079101562
2004-08-09,120.46247100830078
2004-08-10,119.96259307861328
2004-08-11,123.4615249633789
2004-08-12,122.96166229248047
2004-08-13,120.46247100830078
2004-08-16,118.46308898925781
2004-08-17,118.96293640136719
2004-08-18,117.96324920654297
2004-08-19,122.96166229248047
2004-08-20,121.9620132446289
2004-08-23,121.9620132446289
2004-08-24,122.96166229248047
2004-08-25,126.96045684814453
2004-08-26,128.95982360839844
2004-08-27,131.95887756347656
2004-08-30,132.95860290527344
2004-08-31,130.4593505859375
2004-09-01,133.45840454101562
2004-09-02,131.95887756347656
2004-09-03,130.95921325683594
2004-09-06,135.45782470703125
2004-09-07,134.45811462402344
2004-09-08,134.45811462402344
2004-09-09,132.95860290527344
2004-09-10,132.45875549316406
2004-09-13,134.95791625976562
2004-09-14,137.45718383789062
2004-09-15,139.45651245117188
2004-09-16,136.95729064941406
2004-09-17,138.45689392089844
2004-09-20,138.45689392089844
2004-09-21,136.45742797851562
2004-09-22,139.45651245117188
2004-09-23,139.45651245117188
2004-09-24,138.45689392089844
2004-09-27,143.4552764892578
2004-09-28,140.95608520507812
2004-09-29,143.4552764892578
2004-09-30,145.9545440673828
2004-10-01,146.45437622070312
2004-10-04,148.95355224609375
2004-10-05,145.4546661376953
2004-10-06,145.4546661376953
2004-10-07,147.45407104492188
2004-10-08,147.95388793945312
2004-10-11,147.95388793945312
2004-10-12,147.45407104492188
2004-10-13,146.95419311523438
2004-10-14,141.95574951171875
2004-10-15,142.95547485351562
2004-10-18,140.95608520507812
2004-10-19,142.45558166503906
2004-10-20,137.45718383789062
2004-10-21,135.45782470703125
2004-10-22,136.95729064941406
2004-10-25,139.45651245117188
2004-10-26,141.95574951171875
2004-10-27,139.95639038085938
2004-10-28,142.45558166503906
2004-10-29,138.95672607421875
2004-11-01,137.9569854736328
2004-11-02,139.45651245117188
2004-11-03,139.45651245117188
2004-11-04,139.95639038085938
2004-11-05,141.95574951171875
2004-11-08,140.95608520507812
2004-11-09,139.45651245117188
2004-11-10,139.45651245117188
2004-11-11,136.95729064941406
2004-11-12,137.45718383789062
2004-11-15,139.95639038085938
2004-11-16,139.45651245117188
2004-11-17,138.95672607421875
2004-11-18,138.45689392089844
2004-11-19,136.45742797851562
2004-11-22,137.45718383789062
2004-11-23,137.45718383789062
2004-11-24,135.95762634277344
2004-11-25,138.95672607421875
2004-11-26,141.4559326171875
2004-11-29,144.95486450195312
2004-11-30,145.9545440673828
2004-12-01,142.95547485351562
2004-12-02,143.95513916015625
2004-12-03,144.4549560546875
2004-12-06,141.95574951171875
2004-12-07,140.95608520507812
2004-12-08,141.4559326171875
2004-12-09,137.45718383789062
2004-12-10,135.45782470703125
2004-12-13,134.95791625976562
2004-12-14,135.95762634277344
2004-12-15,137.9569854736328
2004-12-16,137.45718383789062
2004-12-17,137.9569854736328
2004-12-20,137.45718383789062
2004-12-21,137.45718383789062
2004-12-22,136.95729064941406
2004-12-23,136.95729064941406
2004-12-24,140.95608520507812
2004-12-27,142.45558166503906
2004-12-28,141.95574951171875
2004-12-29,140.95608520507812
2004-12-30,141.95574951171875
2004-12-31,141.95574951171875
2005-01-03,141.95574951171875
2005-01-04,143.4552764892578
2005-01-05,142.45558166503906
2005-01-06,144.95486450195312
2005-01-07,144.95486450195312
2005-01-10,144.95486450195312
2005-01-11,144.95486450195312
2005-01-12,144.95486450195312
2005-01-13,143.95513916015625
2005-01-14,147.45407104492188
2005-01-17,151.45278930664062
2005-01-18,149.9532470703125
2005-01-19,148.95355224609375
2005-01-20,145.9545440673828
2005-01-21,145.4546661376953
2005-01-24,145.9545440673828
2005-01-25,146.95419311523438
2005-01-26,152.9523468017578
2005-01-27,152.9523468017578
2005-01-28,152.45248413085938
2005-01-31,150.9529266357422
2005-02-01,153.4521484375
2005-02-02,159.45030212402344
2005-02-03,156.4512176513672
2005-02-04,159.45030212402344
2005-02-07,160.94984436035156
2005-02-08,162.44940185546875
2005-02-09,160.44996643066406
2005-02-10,162.44940185546875
2005-02-11,162.44940185546875
2005-02-14,166.947998046875
2005-02-15,166.4481201171875
2005-02-16,166.947998046875
2005-02-17,165.94833374023438
2005-02-18,167.94761657714844
2005-02-21,164.94862365722656
2005-02-22,162.94924926757812
2005-02-23,164.94862365722656
2005-02-24,166.947998046875
2005-02-25,164.94862365722656
2005-02-28,167.94761657714844
2005-03-01,175.4453582763672
2005-03-02,173.94577026367188
2005-03-03,175.4453582763672
2005-03-04,173.94577026367188
2005-03-07,174.94549560546875
2005-03-08,171.94647216796875
2005-03-09,171.94647216796875
2005-03-10,170.44691467285156
2005-03-11,170.94671630859375
2005-03-14,170.44691467285156
2005-03-15,169.94699096679688
2005-03-16,174.94549560546875
2005-03-17,173.94577026367188
2005-03-18,175.9452362060547
2005-03-21,175.9452362060547
2005-03-22,180.94358825683594
2005-03-23,179.94390869140625
2005-03-24,176.4449920654297
2005-03-25,175.4453582763672
2005-03-28,176.45654296875
2005-03-29,174.9397430419922
2005-03-30,169.37803649902344
2005-03-31,173.9285125732422
2005-04-01,176.96212768554688
2005-04-04,174.9397430419922
2005-04-05,174.43409729003906
2005-04-06,175.4453582763672
2005-04-07,172.9172821044922
2005-04-08,172.9172821044922
2005-04-11,170.8948974609375
2005-04-12,168.36683654785156
2005-04-13,168.87245178222656
2005-04-14,166.85000610351562
2005-04-15,163.31080627441406
2005-04-18,155.2210693359375
2005-04-19,163.81637573242188
2005-04-20,164.32200622558594
2005-04-21,163.81637573242188
2005-04-22,164.82757568359375
2005-04-25,164.82757568359375
2005-04-26,171.40045166015625
2005-04-27,177.4677734375
2005-04-28,172.9172821044922
2005-04-29,172.9172821044922
2005-05-02,173.4228973388672
2005-05-03,173.4228973388672
2005-05-04,173.4228973388672
2005-05-05,173.4228973388672
2005-05-06,175.95091247558594
2005-05-09,175.95091247558594
2005-05-10,174.43409729003906
2005-05-11,173.4228973388672
2005-05-12,174.43409729003906
2005-05-13,170.8948974609375
2005-05-16,164.82757568359375
2005-05-17,163.81637573242188
2005-05-18,166.34439086914062
2005-05-19,169.88363647460938
2005-05-20,173.4228973388672
2005-05-23,176.45654296875
2005-05-24,173.4228973388672
2005-05-25,166.85000610351562
2005-05-26,166.85000610351562
2005-05-27,170.38926696777344
2005-05-30,170.8948974609375
2005-05-31,174.43409729003906
2005-06-01,175.95091247558594
2005-06-02,175.4453582763672
2005-06-03,176.45654296875
2005-06-06,181.51263427734375
2005-06-07,179.99578857421875
2005-06-08,186.5686492919922
2005-06-09,185.55738830566406
2005-06-10,186.5686492919922
2005-06-13,186.5686492919922
2005-06-14,186.5686492919922
2005-06-15,187.0742645263672
2005-06-16,189.60232543945312
2005-06-17,190.10789489746094
2005-06-20,189.09674072265625
2005-06-21,191.6246795654297
2005-06-22,189.60232543945312
2005-06-23,190.613525390625
2005-06-24,189.09674072265625
2005-06-27,189.09674072265625
2005-06-28,191.1190948486328
2005-06-29,191.6246795654297
2005-06-30,192.6358642578125
2005-07-01,195.16387939453125
2005-07-04,195.66957092285156
2005-07-05,197.69198608398438
2005-07-06,198.70326232910156
2005-07-07,200.72564697265625
2005-07-08,200.22007751464844
2005-07-11,201.73687744140625
2005-07-12,199.2088165283203
2005-07-13,201.23126220703125
2005-07-14,201.23126220703125
2005-07-15,199.7144012451172
2005-07-18,199.7144012451172
2005-07-19,197.1864013671875
2005-07-20,201.73687744140625
2005-07-21,199.7144012451172
2005-07-22,200.22007751464844
2005-07-25,206.79290771484375
2005-07-26,206.79290771484375
2005-07-27,206.2872772216797
2005-07-28,213.36582946777344
2005-07-29,211.3434295654297
2005-08-01,218.9274444580078
2005-08-02,216.9050750732422
2005-08-03,215.893798828125
2005-08-04,212.86016845703125
2005-08-05,207.8041534423828
2005-08-08,212.86016845703125
2005-08-09,215.893798828125
2005-08-10,217.91627502441406
2005-08-11,226.5115203857422
2005-08-12,231.56752014160156
2005-08-15,237.1292724609375
2005-08-16,234.6012420654297
2005-08-17,236.62362670898438
2005-08-18,231.06201171875
2005-08-19,228.02830505371094
2005-08-22,235.61251831054688
2005-08-23,235.61251831054688
2005-08-24,235.10684204101562
2005-08-25,232.0732421875
2005-08-26,232.5787811279297
2005-08-29,229.545166015625
2005-08-30,235.10684204101562
2005-08-31,232.5787811279297
2005-09-01,231.56752014160156
2005-09-02,234.6012420654297
2005-09-05,236.11801147460938
2005-09-06,231.56752014160156
2005-09-07,226.5115203857422
2005-09-08,221.45553588867188
2005-09-09,227.5228271484375
2005-09-12,230.05078125
2005-09-13,230.5563507080078
2005-09-14,228.5340118408203
2005-09-15,234.09568786621094
2005-09-16,237.6348419189453
2005-09-19,237.6348419189453
2005-09-20,246.73574829101562
2005-09-21,254.3199005126953
2005-09-22,252.29747009277344
2005-09-23,252.29747009277344
2005-09-26,263.4208068847656
2005-09-27,266.97369384765625
2005-09-28,273.5719299316406
2005-09-29,281.6927490234375
2005-09-30,267.9888000488281
2005-10-03,265.45098876953125
2005-10-04,260.88299560546875
2005-10-05,256.31494140625
2005-10-06,255.29989624023438
2005-10-07,253.77725219726562
2005-10-10,253.77725219726562
2005-10-11,267.4812316894531
2005-10-12,266.97369384765625
2005-10-13,269.00390625
2005-10-14,263.4208068847656
2005-10-17,258.8528137207031
2005-10-18,263.92828369140625
2005-10-19,260.88299560546875
2005-10-20,258.8528137207031
2005-10-21,258.8528137207031
2005-10-24,257.3302001953125
2005-10-25,262.91326904296875
2005-10-26,270.5265197753906
2005-10-27,272.04913330078125
2005-10-28,278.139892578125
2005-10-31,275.0946350097656
2005-11-01,278.139892578125
2005-11-02,277.63226318359375
2005-11-03,280.6775817871094
2005-11-04,286.7682189941406
2005-11-07,295.396728515625
2005-11-08,294.38165283203125
2005-11-09,292.3514099121094
2005-11-10,283.21539306640625
2005-11-11,281.185302734375
2005-11-14,280.6775817871094
2005-11-15,275.6021423339844
2005-11-16,278.6474304199219
2005-11-17,288.29095458984375
2005-11-18,287.7834777832031
2005-11-21,286.7682189941406
2005-11-22,284.2305603027344
2005-11-23,284.2305603027344
2005-11-24,282.7079162597656
2005-11-25,286.7682189941406
2005-11-28,293.3664245605469
2005-11-29,294.38165283203125
2005-11-30,301.99493408203125
2005-12-01,299.4571838378906
2005-12-02,309.1006164550781
2005-12-05,314.1763000488281
2005-12-06,316.7140197753906
2005-12-07,319.2518005371094
2005-12-08,312.14593505859375
2005-12-09,321.78961181640625
2005-12-12,336.0011291503906
2005-12-13,334.9859924316406
2005-12-14,327.3726806640625
2005-12-15,324.3273010253906
2005-12-16,322.8047790527344
2005-12-19,320.2669372558594
2005-12-20,325.84991455078125
2005-12-21,328.8952941894531
2005-12-22,327.3726806640625
2005-12-23,327.3726806640625
2005-12-26,326.8650817871094
2005-12-27,322.8047790527344
2005-12-28,327.3726806640625
2005-12-29,322.8047790527344
2005-12-30,321.2819519042969
2006-01-02,321.2819519042969
2006-01-03,321.2819519042969
2006-01-04,330.41796875
2006-01-05,332.95574951171875
2006-01-06,329.91046142578125
2006-01-09,329.91046142578125
2006-01-10,326.8650817871094
2006-01-11,324.3273010253906
2006-01-12,322.8047790527344
2006-01-13,317.2215270996094
2006-01-16,310.6234130859375
2006-01-17,310.1158142089844
2006-01-18,291.8437805175781
2006-01-19,309.1006164550781
2006-01-20,310.1158142089844
2006-01-23,301.99493408203125
2006-01-24,301.4873962402344
2006-01-25,299.4571838378906
2006-01-26,298.4420166015625
2006-01-27,313.1611633300781
2006-01-30,321.78961181640625
2006-01-31,317.7291259765625
2006-02-01,323.8197937011719
2006-02-02,323.8197937011719
2006-02-03,324.3273010253906
2006-02-06,327.88031005859375
2006-02-07,327.3726806640625
2006-02-08,316.2064514160156
2006-02-09,309.6082763671875
2006-02-10,304.0251770019531
2006-02-13,291.8437805175781
2006-02-14,294.38165283203125
2006-02-15,287.7834777832031
2006-02-16,287.27587890625
2006-02-17,282.2003173828125
2006-02-20,275.6021423339844
2006-02-21,280.6775817871094
2006-02-22,285.753173828125
2006-02-23,292.3514099121094
2006-02-24,294.8892822265625
2006-02-27,298.9495849609375
2006-02-28,294.8892822265625
2006-03-01,295.396728515625
2006-03-02,285.2456359863281
2006-03-03,285.2456359863281
2006-03-06,286.2607727050781
2006-03-07,285.2456359863281
2006-03-08,277.12469482421875
2006-03-09,285.2456359863281
2006-03-10,287.27587890625
2006-03-13,291.8437805175781
2006-03-14,295.396728515625
2006-03-15,300.4722595214844
2006-03-16,289.8137512207031
2006-03-17,294.38165283203125
2006-03-20,301.4873962402344
2006-03-21,301.4873962402344
2006-03-22,303.0100402832031
2006-03-23,301.99493408203125
2006-03-24,304.0251770019531
2006-03-27,305.5478515625
2006-03-28,314.2485046386719
2006-03-29,316.8075866699219
2006-03-30,318.3429260253906
2006-03-31,315.2720642089844
2006-04-03,324.9964904785156
2006-04-04,323.4609375
2006-04-05,317.3194885253906
2006-04-06,321.92559814453125
2006-04-07,324.9964904785156
2006-04-10,329.6026916503906
2006-04-11,328.57904052734375
2006-04-12,326.0200500488281
2006-04-13,324.9964904785156
2006-04-14,322.9491882324219
2006-04-17,317.3194885253906
2006-04-18,322.4373779296875
2006-04-19,329.0909118652344
2006-04-20,335.2325439453125
2006-04-21,335.2325439453125
2006-04-24,325.50830078125
2006-04-25,323.9728088378906
2006-04-26,337.7916259765625
2006-04-27,340.3506164550781
2006-04-28,335.7442932128906
2006-05-01,337.7916259765625
2006-05-02,344.4450988769531
2006-05-03,344.4450988769531
2006-05-04,344.4450988769531
2006-05-05,344.4450988769531
2006-05-08,343.42132568359375
2006-05-09,345.9804992675781
2006-05-10,342.9095764160156
2006-05-11,342.9095764160156
2006-05-12,342.9095764160156
2006-05-15,343.9332580566406
2006-05-16,323.4609375
2006-05-17,328.57904052734375
2006-05-18,316.2957458496094
2006-05-19,319.87835693359375
2006-05-22,307.59503173828125
2006-05-23,298.8943786621094
2006-05-24,304.01239013671875
2006-05-25,299.4061279296875
2006-05-26,312.7131042480469
2006-05-29,312.7131042480469
2006-05-30,314.2485046386719
2006-05-31,310.6659240722656
2006-06-01,305.5478515625
2006-06-02,316.8075866699219
2006-06-05,314.2485046386719
2006-06-06,308.1068420410156
2006-06-07,293.26446533203125
2006-06-08,280.4693908691406
2006-06-09,285.5873718261719
2006-06-12,288.14642333984375
2006-06-13,274.8394470214844
2006-06-14,273.8158874511719
2006-06-15,282.0047912597656
2006-06-16,293.26446533203125
2006-06-19,287.6346435546875
2006-06-20,283.54022216796875
2006-06-21,282.0047912597656
2006-06-22,291.7290954589844
2006-06-23,290.19366455078125
2006-06-26,298.382568359375
2006-06-27,301.9652404785156
2006-06-28,299.91796875
2006-06-29,303.5006103515625
2006-06-30,312.2012939453125
2006-07-03,316.8075866699219
2006-07-04,314.2485046386719
2006-07-05,312.7131042480469
2006-07-06,312.2012939453125
2006-07-07,307.083251953125
2006-07-10,312.2012939453125
2006-07-11,307.59503173828125
2006-07-12,302.4769592285156
2006-07-13,303.5006103515625
2006-07-14,298.382568359375
2006-07-17,293.26446533203125
2006-07-18,283.54022216796875
2006-07-19,281.492919921875
2006-07-20,293.7762756347656
2006-07-21,295.3117370605469
2006-07-24,285.5873718261719
2006-07-25,285.5873718261719
2006-07-26,280.4693908691406
2006-07-27,289.1700439453125
2006-07-28,300.9415283203125
2006-07-31,311.6894836425781
2006-08-01,315.2720642089844
2006-08-02,314.2485046386719
2006-08-03,319.3665466308594
2006-08-04,319.87835693359375
2006-08-07,312.2012939453125
2006-08-08,324.48468017578125
2006-08-09,326.0200500488281
2006-08-10,323.9728088378906
2006-08-11,317.8311462402344
2006-08-14,319.87835693359375
2006-08-15,318.8547668457031
2006-08-16,323.4609375
2006-08-17,323.9728088378906
2006-08-18,323.4609375
2006-08-21,315.78399658203125
2006-08-22,323.9728088378906
2006-08-23,323.9728088378906
2006-08-24,318.3429260253906
2006-08-25,318.3429260253906
2006-08-28,314.7602233886719
2006-08-29,318.3429260253906
2006-08-30,321.92559814453125
2006-08-31,320.90203857421875
2006-09-01,317.3194885253906
2006-09-04,319.87835693359375
2006-09-05,317.3194885253906
2006-09-06,321.4138488769531
2006-09-07,311.17779541015625
2006-09-08,314.7602233886719
2006-09-11,307.083251953125
2006-09-12,297.8707275390625
2006-09-13,291.2173156738281
2006-09-14,299.91796875
2006-09-15,294.2880554199219
2006-09-18,294.2880554199219
2006-09-19,291.7290954589844
2006-09-20,287.1227722167969
2006-09-21,289.6818542480469
2006-09-22,285.07562255859375
2006-09-25,286.611083984375
2006-09-26,284.2933654785156
2006-09-27,296.65399169921875
2006-09-28,302.3192443847656
2006-09-29,302.8343505859375
2006-10-02,307.46954345703125
2006-10-03,301.8041687011719
2006-10-04,289.4436950683594
2006-10-05,290.98876953125
2006-10-06,292.01873779296875
2006-10-09,292.01873779296875
2006-10-10,293.04876708984375
2006-10-11,286.35357666015625
2006-10-12,288.4135437011719
2006-10-13,298.19903564453125
2006-10-16,297.6840515136719
2006-10-17,299.7441711425781
2006-10-18,300.7742614746094
2006-10-19,301.8041687011719
2006-10-20,312.61981201171875
2006-10-23,310.5597229003906
2006-10-24,311.07464599609375
2006-10-25,311.5896301269531
2006-10-26,317.2550354003906
2006-10-27,312.1047668457031
2006-10-30,309.52960205078125
2006-10-31,308.4995422363281
2006-11-01,302.3192443847656
2006-11-02,309.0145568847656
2006-11-03,309.0145568847656
2006-11-06,307.984619140625
2006-11-07,306.4394836425781
2006-11-08,299.7441711425781
2006-11-09,300.25927734375
2006-11-10,297.6840515136719
2006-11-13,292.01873779296875
2006-11-14,301.8041687011719
2006-11-15,294.07891845703125
2006-11-16,294.5938720703125
2006-11-17,288.4135437011719
2006-11-20,285.3235168457031
2006-11-21,284.8083801269531
2006-11-22,288.9286193847656
2006-11-23,288.9286193847656
2006-11-24,285.3235168457031
2006-11-27,288.9286193847656
2006-11-28,288.4135437011719
2006-11-29,292.01873779296875
2006-11-30,303.3493347167969
2006-12-01,306.9544677734375
2006-12-04,306.9544677734375
2006-12-05,308.4995422363281
2006-12-06,313.64990234375
2006-12-07,312.1047668457031
2006-12-08,307.46954345703125
2006-12-11,309.52960205078125
2006-12-12,311.07464599609375
2006-12-13,310.0446472167969
2006-12-14,311.5896301269531
2006-12-15,310.0446472167969
2006-12-18,313.134765625
2006-12-19,307.984619140625
2006-12-20,309.52960205078125
2006-12-21,311.07464599609375
2006-12-22,308.4995422363281
2006-12-25,303.3493347167969
2006-12-26,308.4995422363281
2006-12-27,312.61981201171875
2006-12-28,312.61981201171875
2006-12-29,311.07464599609375
2007-01-04,309.52960205078125
2007-01-05,302.3192443847656
2007-01-09,305.9244384765625
2007-01-10,299.7441711425781
2007-01-11,300.7742614746094
2007-01-12,302.8343505859375
2007-01-15,304.8944091796875
2007-01-16,304.8944091796875
2007-01-17,304.3794250488281
2007-01-18,311.5896301269531
2007-01-19,311.5896301269531
2007-01-22,317.2550354003906
2007-01-23,322.40521240234375
2007-01-24,322.40521240234375
2007-01-25,324.46539306640625
2007-01-26,323.9503479003906
2007-01-29,337.8560485839844
2007-01-30,331.6756591796875
2007-01-31,334.7658386230469
2007-02-01,341.4611511230469
2007-02-02,340.4310607910156
2007-02-05,334.2508239746094
2007-02-06,343.521240234375
2007-02-07,346.0964050292969
2007-02-08,336.825927734375
2007-02-09,347.6413879394531
2007-02-13,357.4267883300781
2007-02-14,363.60699462890625
2007-02-15,368.2423400878906
2007-02-16,357.9419250488281
2007-02-19,364.1221923828125
2007-02-20,364.63714599609375
2007-02-21,369.7873840332031
2007-02-22,373.9076232910156
2007-02-23,385.2381591796875
2007-02-26,401.2039489746094
2007-02-27,386.7833557128906
2007-02-28,382.6630859375
2007-03-01,383.6930236816406
2007-03-02,375.4526672363281
2007-03-05,355.3668212890625
2007-03-06,372.3625793457031
2007-03-07,372.87762451171875
2007-03-08,385.2381591796875
2007-03-09,382.6630859375
2007-03-12,401.718994140625
2007-03-13,388.3283996582031
2007-03-14,367.21234130859375
2007-03-15,373.9076232910156
2007-03-16,365.6673583984375
2007-03-19,369.2723388671875
2007-03-20,369.2723388671875
2007-03-22,379.5730285644531
2007-03-23,376.48284912109375
2007-03-26,371.8476257324219
2007-03-27,376.2650146484375
2007-03-28,376.7848205566406
2007-03-29,375.22564697265625
2007-03-30,372.1074523925781
2007-04-02,356.51629638671875
2007-04-03,363.7921142578125
2007-04-04,370.5483093261719
2007-04-05,365.87109375
2007-04-06,365.87109375
2007-04-09,368.4694519042969
2007-04-10,373.6665344238281
2007-04-11,372.6269836425781
2007-04-12,375.74530029296875
2007-04-13,367.4300842285156
2007-04-16,372.6269836425781
2007-04-17,373.6665344238281
2007-04-18,375.74530029296875
2007-04-19,371.0679931640625
2007-04-20,371.587646484375
2007-04-23,368.9892578125
2007-04-24,365.87109375
2007-04-25,360.6738586425781
2007-04-26,371.587646484375
2007-04-27,376.2650146484375
2007-05-01,378.8634338378906
2007-05-02,389.7772216796875
2007-05-07,401.2107238769531
2007-05-08,399.65179443359375
2007-05-09,418.3610534667969
2007-05-10,413.1640319824219
2007-05-11,405.8880615234375
2007-05-14,410.5653381347656
2007-05-15,406.40771484375
2007-05-16,412.6441955566406
2007-05-17,405.3683776855469
2007-05-18,400.1712646484375
2007-05-21,411.0850524902344
2007-05-22,424.59735107421875
2007-05-23,415.76251220703125
2007-05-24,426.156494140625
2007-05-25,420.43975830078125
2007-05-28,425.6368408203125
2007-05-29,434.4718322753906
2007-05-30,434.9914855957031
2007-05-31,442.267333984375
2007-06-01,457.3387451171875
2007-06-04,460.4568786621094
2007-06-05,464.0948486328125
2007-06-06,507.2301025390625
2007-06-07,517.6242065429688
2007-06-08,507.2301025390625
2007-06-11,503.0725402832031
2007-06-12,509.30902099609375
2007-06-13,502.5527038574219
2007-06-14,508.7892150878906
2007-06-15,526.9790649414062
2007-06-18,522.3013916015625
2007-06-19,521.26220703125
2007-06-20,520.742431640625
2007-06-21,540.4911499023438
2007-06-22,542.0504150390625
2007-06-25,530.09716796875
2007-06-26,529.0577392578125
2007-06-27,511.90765380859375
2007-06-28,512.9468994140625
2007-06-29,527.49853515625
2007-07-02,531.65625
2007-07-03,528.5380249023438
2007-07-04,533.7351684570312
2007-07-05,525.939453125
2007-07-06,547.7670288085938
2007-07-09,568.5550537109375
2007-07-10,576.870361328125
2007-07-11,579.4688720703125
2007-07-12,580.5082397460938
2007-07-13,608.0525512695312
2007-07-17,627.8012084960938
2007-07-18,610.1312866210938
2007-07-19,604.9343872070312
2007-07-20,617.4072265625
2007-07-23,615.3284301757812
2007-07-24,613.2496337890625
2007-07-25,608.0525512695312
2007-07-26,583.6265869140625
2007-07-27,573.2325439453125
2007-07-30,594.0206298828125
2007-07-31,599.2175903320312
2007-08-01,573.7521362304688
2007-08-02,582.587158203125
2007-08-03,592.981201171875
2007-08-06,573.7521362304688
2007-08-07,537.8926391601562
2007-08-08,507.2301025390625
2007-08-09,516.065185546875
2007-08-10,482.2845153808594
2007-08-13,493.7177734375
2007-08-14,520.2227783203125
2007-08-15,490.0799560546875
2007-08-16,480.725341796875
2007-08-17,428.7550964355469
2007-08-20,450.0628662109375
2007-08-21,477.08740234375
2007-08-22,466.173583984375
2007-08-23,493.7177734375
2007-08-24,483.32391357421875
2007-08-27,477.08740234375
2007-08-28,473.4495849609375
2007-08-29,467.21307373046875
2007-08-30,468.25244140625
2007-08-31,491.11932373046875
2007-09-03,498.9148864746094
2007-09-04,487.4815673828125
2007-09-05,472.9297180175781
2007-09-06,479.6859436035156
2007-09-07,472.4101867675781
2007-09-10,455.25994873046875
2007-09-11,463.0554504394531
2007-09-12,452.1416931152344
2007-09-13,459.41754150390625
2007-09-14,465.1341552734375
2007-09-18,459.41754150390625
2007-09-19,489.04071044921875
2007-09-20,514.5061645507812
2007-09-21,522.3013916015625
2007-09-25,553.148193359375
2007-09-26,547.3971557617188
2007-09-27,556.2852172851562
2007-09-28,551.0568237304688
2007-10-01,547.3971557617188
2007-10-02,548.965576171875
2007-10-03,554.19384765625
2007-10-04,537.4634399414062
2007-10-05,539.5548706054688
2007-10-09,525.4384765625
2007-10-10,527.0070190429688
2007-10-11,557.3307495117188
2007-10-12,548.44287109375
2007-10-15,546.8743896484375
2007-10-16,538.5091552734375
2007-10-17,527.0070190429688
2007-10-18,546.3515014648438
2007-10-19,536.940673828125
2007-10-22,509.2310485839844
2007-10-23,511.322265625
2007-10-24,509.7537841796875
2007-10-25,495.1145935058594
2007-10-26,513.4135131835938
2007-10-29,531.1896362304688
2007-10-30,526.4841918945312
2007-10-31,511.322265625
2007-11-01,511.84515380859375
2007-11-02,499.29736328125
2007-11-05,468.4505615234375
2007-11-06,478.90716552734375
2007-11-07,478.38446044921875
2007-11-08,455.90283203125
2007-11-09,461.6539001464844
2007-11-12,445.44647216796875
2007-11-13,430.8072814941406
2007-11-14,442.3094787597656
2007-11-15,449.1060791015625
2007-11-16,426.6246643066406
2007-11-19,400.4834899902344
2007-11-20,411.4627380371094
2007-11-21,392.1182861328125
2007-11-22,397.3465576171875
2007-11-26,404.6660461425781
2007-11-27,399.4378662109375
2007-11-28,401.5292053222656
2007-11-29,423.4878845214844
2007-11-30,441.7864990234375
2007-12-03,430.8072814941406
2007-12-04,418.25946044921875
2007-12-05,408.325927734375
2007-12-06,411.9855651855469
2007-12-07,424.5333251953125
2007-12-10,425.5790100097656
2007-12-11,436.55841064453125
2007-12-12,449.1060791015625
2007-12-13,433.9442443847656
2007-12-14,417.73675537109375
2007-12-17,410.93994140625
2007-12-18,409.894287109375
2007-12-19,409.894287109375
2007-12-20,408.325927734375
2007-12-21,415.6454162597656
2007-12-25,434.4670104980469
2007-12-26,435.5126953125
2007-12-27,421.9191589355469
2007-12-28,414.5997009277344
2008-01-04,402.0519104003906
2008-01-07,386.8899841308594
2008-01-08,392.1182861328125
2008-01-09,402.5747985839844
2008-01-10,384.7987060546875
2008-01-11,372.2509460449219
2008-01-15,360.748779296875
2008-01-16,330.9477233886719
2008-01-17,335.13055419921875
2008-01-18,339.3130187988281
2008-01-21,319.9685363769531
2008-01-22,292.7816162109375
2008-01-23,312.12615966796875
2008-01-24,338.2674255371094
2008-01-25,364.93145751953125
2008-01-28,347.67816162109375
2008-01-29,368.06829833984375
2008-01-30,373.8194274902344
2008-01-31,380.61614990234375
2008-02-01,381.6617431640625
2008-02-04,391.5954284667969
2008-02-05,398.9150695800781
2008-02-06,370.15972900390625
2008-02-07,380.0933837890625
2008-02-08,363.8857421875
2008-02-12,363.3630065917969
2008-02-13,374.3422546386719
2008-02-14,394.732421875
2008-02-15,403.0976257324219
2008-02-18,403.620361328125
2008-02-19,422.9649658203125
2008-02-20,408.325927734375
2008-02-21,424.0106201171875
2008-02-22,429.7616882324219
2008-02-25,435.5126953125
2008-02-26,434.9900207519531
2008-02-27,429.7616882324219
2008-02-28,429.2388000488281
2008-02-29,424.0106201171875
2008-03-03,407.8029479980469
2008-03-04,416.1681823730469
2008-03-05,451.7203369140625
2008-03-06,455.90283203125
2008-03-07,456.4256896972656
2008-03-10,418.7823181152344
2008-03-11,430.2843933105469
2008-03-12,451.1974182128906
2008-03-13,454.33453369140625
2008-03-14,444.4007263183594
2008-03-17,420.35089111328125
2008-03-18,397.3465576171875
2008-03-19,394.2095642089844
2008-03-21,366.50006103515625
2008-03-24,365.4541931152344
2008-03-25,380.61614990234375
2008-03-26,400.67645263671875
2008-03-27,399.0926818847656
2008-03-28,410.1785583496094
2008-03-31,383.25567626953125
2008-04-01,377.9765625
2008-04-02,370.5860290527344
2008-04-03,381.1440124511719
2008-04-04,396.453125
2008-04-07,413.34588623046875
2008-04-08,417.56927490234375
2008-04-09,410.1785583496094
2008-04-10,409.1227722167969
2008-04-11,409.6506652832031
2008-04-14,406.48321533203125
2008-04-15,418.62493896484375
2008-04-16,430.2387390136719
2008-04-17,429.71099853515625
2008-04-18,421.2645263671875
2008-04-21,440.7967834472656
2008-04-22,428.1271057128906
2008-04-23,445.54779052734375
2008-04-24,445.02008056640625
2008-04-25,444.491943359375
2008-04-28,443.964111328125
2008-04-30,437.6293640136719
2008-05-01,436.5735168457031
2008-05-02,437.1015625
2008-05-07,461.9128112792969
2008-05-08,462.4407653808594
2008-05-09,460.8570251464844
2008-05-12,450.8268737792969
2008-05-13,456.1059265136719
2008-05-14,460.3292236328125
2008-05-15,466.13592529296875
2008-05-16,489.3635559082031
2008-05-19,503.6169738769531
2008-05-20,518.3980102539062
2008-05-21,509.4237365722656
2008-05-22,517.8703002929688
2008-05-23,508.3680114746094
2008-05-26,497.28216552734375
2008-05-27,509.4237365722656
2008-05-28,493.58685302734375
2008-05-29,506.784423828125
2008-05-30,496.2262878417969
2008-06-02,508.8959045410156
2008-06-03,503.6169738769531
2008-06-04,500.449462890625
2008-06-05,486.1960754394531
2008-06-06,498.3380126953125
2008-06-09,499.39373779296875
2008-06-10,486.1960754394531
2008-06-11,483.02880859375
2008-06-12,471.94293212890625
2008-06-13,481.4450988769531
2008-06-16,495.6983642578125
2008-06-17,504.14471435546875
2008-06-18,513.1190185546875
2008-06-19,499.39373779296875
2008-06-20,486.1960754394531
2008-06-23,476.1661376953125
2008-06-24,479.33367919921875
2008-06-25,478.8056640625
2008-06-26,468.24755859375
2008-06-27,463.4964904785156
2008-06-30,468.24755859375
2008-07-01,477.749755859375
2008-07-02,460.3292236328125
2008-07-03,453.99432373046875
2008-07-04,447.6594543457031
2008-07-07,458.7454528808594
2008-07-08,438.1573181152344
2008-07-09,423.3760681152344
2008-07-10,410.7064208984375
2008-07-11,413.34588623046875
2008-07-14,413.8738098144531
2008-07-15,408.5949401855469
2008-07-16,396.453125
2008-07-17,393.2857360839844
2008-07-18,387.4787902832031
2008-07-22,413.34588623046875
2008-07-23,407.5389404296875
2008-07-24,409.1227722167969
2008-07-25,396.98101806640625
2008-07-28,406.48321533203125
2008-07-29,410.1785583496094
2008-07-30,417.0412902832031
2008-07-31,418.62493896484375
2008-08-01,395.3973388671875
2008-08-04,366.89068603515625
2008-08-05,359.5000915527344
2008-08-06,367.9465026855469
2008-08-07,366.36279296875
2008-08-08,371.1139221191406
2008-08-11,364.7792053222656
2008-08-12,356.332763671875
2008-08-13,348.4142150878906
2008-08-14,353.165283203125
2008-08-15,347.3584289550781
2008-08-18,352.63739013671875
2008-08-19,343.6630554199219
2008-08-20,348.94207763671875
2008-08-21,356.8606872558594
2008-08-22,357.9164123535156
2008-08-25,352.63739013671875
2008-08-26,353.165283203125
2008-08-27,342.6072692871094
2008-08-28,346.3027038574219
2008-08-29,360.5559997558594
2008-09-01,347.3584289550781
2008-09-02,330.4656066894531
2008-09-03,310.40533447265625
2008-09-04,296.679931640625
2008-09-05,293.51263427734375
2008-09-08,308.2938232421875
2008-09-09,286.64984130859375
2008-09-10,279.2593078613281
2008-09-11,279.78717041015625
2008-09-12,287.7056884765625
2008-09-16,254.97589111328125
2008-09-17,260.7827453613281
2008-09-18,252.33633422851562
2008-09-19,275.56396484375
2008-09-22,297.73577880859375
2008-09-24,297.2078857421875
2008-09-25,286.5169372558594
2008-09-26,277.4297180175781
2008-09-29,262.99700927734375
2008-09-30,250.1678466796875
2008-10-01,259.2550354003906
2008-10-02,243.21876525878906
2008-10-03,238.40773010253906
2008-10-06,217.02593994140625
2008-10-07,216.49134826660156
2008-10-08,190.83316040039062
2008-10-09,209.00772094726562
2008-10-10,212.21507263183594
2008-10-14,254.9788055419922
2008-10-15,236.80413818359375
2008-10-16,199.38584899902344
2008-10-17,206.33497619628906
2008-10-20,217.02593994140625
2008-10-21,227.7168426513672
2008-10-22,205.80044555664062
2008-10-23,195.64402770996094
2008-10-24,179.6076202392578
2008-10-27,157.69129943847656
2008-10-28,177.46946716308594
2008-10-29,180.14215087890625
2008-10-30,212.74952697753906
2008-10-31,198.85137939453125
2008-11-04,207.40403747558594
2008-11-05,228.2513885498047
2008-11-06,209.54222106933594
2008-11-07,202.05862426757812
2008-11-10,210.611328125
2008-11-11,201.5240478515625
2008-11-12,196.1785888671875
2008-11-13,181.745849609375
2008-11-14,184.4185791015625
2008-11-17,182.28038024902344
2008-11-18,183.34950256347656
2008-11-19,167.31309509277344
2008-11-20,152.8803253173828
2008-11-21,161.43307495117188
2008-11-25,163.57125854492188
2008-11-26,155.55308532714844
2008-11-27,165.70944213867188
2008-11-28,178.5384979248047
2008-12-01,176.9348602294922
2008-12-02,159.294921875
2008-12-03,159.8294219970703
2008-12-04,151.8112335205078
2008-12-05,151.2766876220703
2008-12-08,158.76034545898438
2008-12-09,159.294921875
2008-12-10,166.77853393554688
2008-12-11,176.40037536621094
2008-12-12,166.24400329589844
2008-12-15,175.331298828125
2008-12-16,173.19305419921875
2008-12-17,172.65853881835938
2008-12-18,173.19305419921875
2008-12-19,167.84764099121094
2008-12-22,170.5203399658203
2008-12-24,163.57125854492188
2008-12-25,168.9167022705078
2008-12-26,174.26219177246094
2008-12-29,175.86581420898438
2008-12-30,179.6076202392578
2009-01-05,188.16041564941406
2009-01-06,186.55674743652344
2009-01-07,200.45501708984375
2009-01-08,189.22947692871094
2009-01-09,190.83316040039062
2009-01-13,175.86581420898438
2009-01-14,176.9348602294922
2009-01-15,172.65853881835938
2009-01-16,178.00404357910156
2009-01-19,180.14215087890625
2009-01-20,176.40037536621094
2009-01-21,171.58946228027344
2009-01-22,166.77853393554688
2009-01-23,163.57125854492188
2009-01-26,164.1057891845703
2009-01-27,174.7967071533203
2009-01-28,179.07313537597656
2009-01-29,181.2112579345703
2009-01-30,174.7967071533203
2009-02-02,172.65853881835938
2009-02-03,171.05494689941406
2009-02-04,182.28038024902344
2009-02-05,182.28038024902344
2009-02-06,181.745849609375
2009-02-09,181.745849609375
2009-02-10,174.7967071533203
2009-02-12,174.7967071533203
2009-02-13,175.86581420898438
2009-02-16,173.19305419921875
2009-02-17,170.5203399658203
2009-02-18,169.98582458496094
2009-02-19,172.12400817871094
2009-02-20,169.45126342773438
2009-02-23,165.17489624023438
2009-02-24,159.8294219970703
2009-02-25,164.1057891845703
2009-02-26,163.0366973876953
2009-02-27,165.70944213867188
2009-03-02,159.294921875
2009-03-03,152.3457794189453
2009-03-04,155.55308532714844
2009-03-05,155.55308532714844
2009-03-06,150.74212646484375
2009-03-09,147.5348358154297
2009-03-10,144.86215209960938
2009-03-11,146.46575927734375
2009-03-12,142.7239532470703
2009-03-13,145.3966827392578
2009-03-16,150.74212646484375
2009-03-17,156.62213134765625
2009-03-18,159.294921875
2009-03-19,159.8294219970703
2009-03-23,173.19305419921875
2009-03-24,178.00404357910156
2009-03-25,181.745849609375
2009-03-26,181.20655822753906
2009-03-27,181.20655822753906
2009-03-30,172.03834533691406
2009-03-31,164.48809814453125
2009-04-01,171.49905395507812
2009-04-02,179.588623046875
2009-04-03,186.599609375
2009-04-06,188.75680541992188
2009-04-07,189.8354034423828
2009-04-08,183.9030303955078
2009-04-09,193.0712432861328
2009-04-10,198.4643096923828
2009-04-13,216.26136779785156
2009-04-14,216.26136779785156
2009-04-15,217.33999633789062
2009-04-16,213.02549743652344
2009-04-17,223.81166076660156
2009-04-20,222.1936798095703
2009-04-21,210.32899475097656
2009-04-22,207.6324920654297
2009-04-23,203.8573455810547
2009-04-24,202.77874755859375
2009-04-27,203.3180389404297
2009-04-28,187.1388702392578
2009-04-30,191.99266052246094
2009-05-01,209.78976440429688
2009-05-07,219.49713134765625
2009-05-08,216.80068969726562
2009-05-11,229.20469665527344
2009-05-12,221.6543426513672
2009-05-13,227.58682250976562
2009-05-14,217.33999633789062
2009-05-15,220.0364532470703
2009-05-18,210.86830139160156
2009-05-19,220.57583618164062
2009-05-20,224.89024353027344
2009-05-21,223.81166076660156
2009-05-22,223.27232360839844
2009-05-25,222.7329864501953
2009-05-26,222.1936798095703
2009-05-27,224.89024353027344
2009-05-28,229.20469665527344
2009-05-29,232.44053649902344
2009-06-01,249.15907287597656
2009-06-02,244.84457397460938
2009-06-03,247.54110717773438
2009-06-04,245.38392639160156
2009-06-05,248.0803985595703
2009-06-08,250.77688598632812
2009-06-09,244.84457397460938
2009-06-10,257.7878723144531
2009-06-11,260.484375
2009-06-12,262.1022644042969
2009-06-15,256.169921875
2009-06-16,245.38392639160156
2009-06-17,243.2266387939453
2009-06-18,233.51914978027344
2009-06-19,237.83355712890625
2009-06-22,235.6763153076172
2009-06-23,224.35093688964844
2009-06-24,225.96888732910156
2009-06-25,234.59774780273438
2009-06-26,234.59774780273438
2009-06-29,229.20469665527344
2009-06-30,230.82261657714844
2009-07-01,227.0474853515625
2009-07-02,226.50816345214844
2009-07-03,223.81166076660156
2009-07-06,216.80068969726562
2009-07-07,213.02549743652344
2009-07-08,214.10415649414062
2009-07-09,209.78976440429688
2009-07-10,207.6324920654297
2009-07-13,201.16079711914062
2009-07-14,210.86830139160156
2009-07-15,211.4076690673828
2009-07-16,217.33999633789062
2009-07-17,217.8792724609375
2009-07-21,230.28329467773438
2009-07-22,229.20469665527344
2009-07-23,228.66542053222656
2009-07-24,228.66542053222656
2009-07-27,228.66542053222656
2009-07-28,229.74403381347656
2009-07-29,227.0474853515625
2009-07-30,226.50816345214844
2009-07-31,235.6763153076172
2009-08-03,234.59774780273438
2009-08-04,239.99081420898438
2009-08-05,237.29425048828125
2009-08-06,240.5301513671875
2009-08-07,239.45144653320312
2009-08-10,242.14797973632812
2009-08-11,239.99081420898438
2009-08-12,234.59774780273438
2009-08-13,239.99081420898438
2009-08-14,254.01268005371094
2009-08-17,245.38392639160156
2009-08-18,247.00173950195312
2009-08-19,248.61962890625
2009-08-20,255.63059997558594
2009-08-21,257.7878723144531
2009-08-24,259.4057922363281
2009-08-25,257.7878723144531
2009-08-26,257.2485046386719
2009-08-27,249.69833374023438
2009-08-28,252.39486694335938
2009-08-31,249.69833374023438
2009-09-02,243.76593017578125
2009-09-03,250.2375946044922
2009-09-04,250.2375946044922
2009-09-07,256.169921875
2009-09-08,252.93411254882812
2009-09-09,255.0912628173828
2009-09-10,255.0912628173828
2009-09-11,252.93411254882812
2009-09-14,251.85552978515625
2009-09-15,252.39486694335938
2009-09-16,252.93411254882812
2009-09-17,258.3272399902344
2009-09-18,261.023681640625
2009-09-21,261.023681640625
2009-09-24,262.1022644042969
2009-09-25,253.13922119140625
2009-09-28,239.5587921142578
2009-09-29,244.990966796875
2009-09-30,246.07737731933594
2009-10-01,248.25027465820312
2009-10-02,242.818115234375
2009-10-05,234.12664794921875
2009-10-06,239.5587921142578
2009-10-07,245.53416442871094
2009-10-08,248.25027465820312
2009-10-09,253.13922119140625
2009-10-13,253.6824493408203
2009-10-14,252.0527801513672
2009-10-15,256.9416809082031
2009-10-16,255.3120574951172
2009-10-19,253.6824493408203
2009-10-20,258.02813720703125
2009-10-21,261.8306884765625
2009-10-22,265.09002685546875
2009-10-23,259.6578369140625
2009-10-26,262.9171447753906
2009-10-27,252.5959930419922
2009-10-28,248.25027465820312
2009-10-29,240.645263671875
2009-10-30,249.87994384765625
2009-11-02,239.01556396484375
2009-11-04,246.6206512451172
2009-11-05,244.4478302001953
2009-11-06,248.25027465820312
2009-11-09,247.7071075439453
2009-11-10,254.22572326660156
2009-11-11,254.22572326660156
2009-11-12,259.6578369140625
2009-11-13,254.22572326660156
2009-11-16,255.3120574951172
2009-11-17,253.13922119140625
2009-11-18,247.7071075439453
2009-11-19,243.90451049804688
2009-11-20,244.990966796875
2009-11-24,244.4478302001953
2009-11-25,247.16392517089844
2009-11-26,250.9664306640625
2009-11-27,235.75625610351562
2009-11-30,247.7071075439453
2009-12-01,250.423095703125
2009-12-02,252.0527801513672
2009-12-03,262.3739318847656
2009-12-04,267.2629089355469
2009-12-07,266.17645263671875
2009-12-08,263.4603271484375
2009-12-09,255.8552703857422
2009-12-10,254.76885986328125
2009-12-11,260.7442321777344
2009-12-14,264.54681396484375
2009-12-15,262.9171447753906
2009-12-16,268.3492736816406
2009-12-17,274.32464599609375
2009-12-18,269.9789733886719
2009-12-21,266.17645263671875
2009-12-22,268.8925476074219
2009-12-24,274.32464599609375
2009-12-25,272.15185546875
2009-12-28,281.9296875
2009-12-29,280.8433837890625
2009-12-30,277.58404541015625
2010-01-04,285.7322998046875
2010-01-05,293.3373107910156
2010-01-06,293.3373107910156
2010-01-07,291.7076110839844
2010-01-08,292.79412841796875
2010-01-12,297.1398010253906
2010-01-13,291.7076110839844
2010-01-14,304.7449035644531
2010-01-15,306.37451171875
2010-01-18,301.4855651855469
2010-01-19,300.9422912597656
2010-01-20,297.1398010253906
2010-01-21,296.0534973144531
2010-01-22,285.1889953613281
2010-01-25,285.7322998046875
2010-01-26,278.6703796386719
2010-01-27,275.4111022949219
2010-01-28,280.8433837890625
2010-01-29,286.2754211425781
2010-02-01,277.58404541015625
2010-02-02,288.9915466308594
2010-02-03,291.1644287109375
2010-02-04,284.6458435058594
2010-02-05,274.32464599609375
2010-02-08,273.23834228515625
2010-02-09,277.040771484375
2010-02-10,274.32464599609375
2010-02-12,285.1889953613281
2010-02-15,278.12725830078125
2010-02-16,282.4730224609375
2010-02-17,291.1644287109375
2010-02-18,288.4482421875
2010-02-19,280.300048828125
2010-02-22,291.1644287109375
2010-02-23,287.90509033203125
2010-02-24,283.5594177246094
2010-02-25,281.9296875
2010-02-26,288.4482421875
2010-03-01,289.5346984863281
2010-03-02,288.9915466308594
2010-03-03,292.25091552734375
2010-03-04,288.9915466308594
2010-03-05,296.0534973144531
2010-03-08,304.2015686035156
2010-03-09,302.02874755859375
2010-03-10,300.9422912597656
2010-03-11,304.2015686035156
2010-03-12,306.9176940917969
2010-03-15,307.4609375
2010-03-16,304.2015686035156
2010-03-17,307.4609375
2010-03-18,308.00421142578125
2010-03-19,308.54736328125
2010-03-23,305.2880554199219
2010-03-24,311.2635498046875
2010-03-25,307.4609375
2010-03-26,308.00421142578125
2010-03-29,312.6584167480469
2010-03-30,318.1340637207031
2010-03-31,318.1340637207031
2010-04-01,323.0621337890625
2010-04-02,325.25238037109375
2010-04-05,327.44268798828125
2010-04-06,324.1572265625
2010-04-07,323.6097106933594
2010-04-08,321.9670104980469
2010-04-09,321.4194641113281
2010-04-12,326.3475036621094
2010-04-13,324.1572265625
2010-04-14,323.6097106933594
2010-04-15,329.63287353515625
2010-04-16,324.704833984375
2010-04-19,315.94384765625
2010-04-20,311.56341552734375
2010-04-21,314.84869384765625
2010-04-22,309.373046875
2010-04-23,311.56341552734375
2010-04-26,314.3011474609375
2010-04-27,311.0157470703125
2010-04-28,306.0876770019531
2010-04-30,306.6351623535156
2010-05-06,294.041259765625
2010-05-07,292.94622802734375
2010-05-10,296.77911376953125
2010-05-11,289.11328125
2010-05-12,298.9694519042969
2010-05-13,305.5401611328125
2010-05-14,307.7303771972656
2010-05-17,296.23162841796875
2010-05-18,290.2083740234375
2010-05-19,286.9230651855469
2010-05-20,288.01812744140625
2010-05-21,278.7095642089844
2010-05-24,273.78155517578125
2010-05-25,266.1155700683594
2010-05-26,272.6863708496094
2010-05-27,278.16204833984375
2010-05-28,281.4474182128906
2010-05-31,277.6144104003906
2010-06-01,272.6863708496094
2010-06-02,270.49603271484375
2010-06-03,275.9717102050781
2010-06-04,276.5192565917969
2010-06-07,267.7582702636719
2010-06-08,267.2107238769531
2010-06-09,263.92535400390625
2010-06-10,264.472900390625
2010-06-11,268.3058776855469
2010-06-14,270.49603271484375
2010-06-15,269.4009704589844
2010-06-16,275.4242248535156
2010-06-17,274.3290710449219
2010-06-18,271.04364013671875
2010-06-21,283.0901184082031
2010-06-22,279.25714111328125
2010-06-23,274.8765869140625
2010-06-24,272.6863708496094
2010-06-25,266.6632080078125
2010-06-28,259.5448303222656
2010-06-29,255.16433715820312
2010-06-30,252.42649841308594
2010-07-01,247.4984130859375
2010-07-02,246.4033966064453
2010-07-05,245.3081817626953
2010-07-06,252.42649841308594
2010-07-07,251.8790283203125
2010-07-08,256.2595520019531
2010-07-09,257.3545837402344
2010-07-12,254.06922912597656
2010-07-13,252.9741668701172
2010-07-14,258.9972229003906
2010-07-15,256.2595520019531
2010-07-16,248.59364318847656
2010-07-21,249.68878173828125
2010-07-22,243.6654815673828
2010-07-23,251.8790283203125
2010-07-26,252.9741668701172
2010-07-27,249.68878173828125
2010-07-28,261.735107421875
2010-07-29,257.3545837402344
2010-07-30,254.06922912597656
2010-08-02,260.0924072265625
2010-08-03,264.472900390625
2010-08-04,258.44976806640625
2010-08-05,266.1155700683594
2010-08-06,269.94854736328125
2010-08-09,263.3778381347656
2010-08-10,261.735107421875
2010-08-11,254.61676025390625
2010-08-12,251.8790283203125
2010-08-13,254.61676025390625
2010-08-16,248.59364318847656
2010-08-17,246.4033966064453
2010-08-18,250.7838592529297
2010-08-19,254.61676025390625
2010-08-20,250.23623657226562
2010-08-23,250.7838592529297
2010-08-24,244.7606658935547
2010-08-25,239.8325958251953
2010-08-26,240.38021850585938
2010-08-27,242.02281188964844
2010-08-30,248.04598999023438
2010-08-31,237.0948028564453
2010-09-01,240.38021850585938
2010-09-02,240.9276885986328
2010-09-03,241.47528076171875
2010-09-06,248.04598999023438
2010-09-07,244.21310424804688
2010-09-08,240.38021850585938
2010-09-09,243.1179656982422
2010-09-10,246.9509735107422
2010-09-13,248.59364318847656
2010-09-14,250.23623657226562
2010-09-16,254.61676025390625
2010-09-17,257.3545837402344
2010-09-21,254.61676025390625
2010-09-22,257.3545837402344
2010-09-24,251.33143615722656
2010-09-27,257.90216064453125
2010-09-28,262.6114501953125
2010-09-29,268.1517639160156
2010-09-30,261.50335693359375
2010-10-01,258.7331848144531
2010-10-04,263.1654968261719
2010-10-05,265.9356384277344
2010-10-06,282.0025939941406
2010-10-07,286.98876953125
2010-10-08,292.5291442871094
2010-10-12,291.421142578125
2010-10-13,288.65087890625
2010-10-14,297.5154724121094
2010-10-15,296.9613952636719
2010-10-18,299.1775207519531
2010-10-19,298.62359619140625
2010-10-20,289.7590637207031
2010-10-21,288.0970153808594
2010-10-22,289.2049865722656
2010-10-25,290.8670959472656
2010-10-26,288.0970153808594
2010-10-27,289.2049865722656
2010-10-28,284.772705078125
2010-10-29,280.3404235839844
2010-11-01,279.7864990234375
2010-11-02,275.3541564941406
2010-11-04,282.0025939941406
2010-11-05,299.73162841796875
2010-11-08,299.73162841796875
2010-11-09,296.9613952636719
2010-11-10,300.8396911621094
2010-11-11,301.3937072753906
2010-11-12,295.29931640625
2010-11-15,295.8533935546875
2010-11-16,294.19122314453125
2010-11-17,290.8670959472656
2010-11-18,298.0695495605469
2010-11-19,298.62359619140625
2010-11-22,300.8396911621094
2010-11-24,298.62359619140625
2010-11-25,298.0695495605469
2010-11-26,296.4075012207031
2010-11-29,306.93402099609375
2010-11-30,300.8396911621094
2010-12-01,304.1637878417969
2010-12-02,308.59613037109375
2010-12-03,315.24456787109375
2010-12-06,317.4606628417969
2010-12-07,315.7986145019531
2010-12-08,317.4606628417969
2010-12-09,316.9066162109375
2010-12-10,312.474365234375
2010-12-13,314.69049072265625
2010-12-14,318.56866455078125
2010-12-15,322.44696044921875
2010-12-16,323.5550231933594
2010-12-17,315.7986145019531
2010-12-20,312.474365234375
2010-12-21,316.9066162109375
2010-12-22,319.67681884765625
2010-12-24,319.67681884765625
2010-12-27,321.3389587402344
2010-12-28,319.67681884765625
2010-12-29,320.2308044433594
2010-12-30,316.35260009765625
2011-01-04,327.9873352050781
2011-01-05,332.4195251464844
2011-01-06,335.74371337890625
2011-01-07,334.6357116699219
2011-01-11,338.51385498046875
2011-01-12,339.6219787597656
2011-01-13,347.9325256347656
2011-01-14,347.9325256347656
2011-01-17,342.9461975097656
2011-01-18,351.2566833496094
2011-01-19,351.8106994628906
2011-01-20,350.1485595703125
2011-01-21,336.8517761230469
2011-01-24,337.9598693847656
2011-01-25,342.9461975097656
2011-01-26,338.51385498046875
2011-01-27,352.91876220703125
2011-01-28,347.3784484863281
2011-01-31,341.8380432128906
2011-02-01,350.7025451660156
2011-02-02,360.12115478515625
2011-02-03,365.66143798828125
2011-02-04,366.2154846191406
2011-02-07,369.539794921875
2011-02-08,363.9994201660156
2011-02-09,361.2291564941406
2011-02-10,359.567138671875
2011-02-14,362.3373718261719
2011-02-15,372.86383056640625
2011-02-16,367.32354736328125
2011-02-17,365.10748291015625
2011-02-18,362.89129638671875
2011-02-21,362.3373718261719
2011-02-22,352.91876220703125
2011-02-23,345.71630859375
2011-02-24,339.6219787597656
2011-02-25,342.3921203613281
2011-02-28,346.2703552246094
2011-03-01,352.36474609375
2011-03-02,343.50018310546875
2011-03-03,349.5946044921875
2011-03-04,351.8106994628906
2011-03-07,346.2703552246094
2011-03-08,343.50018310546875
2011-03-09,345.1623229980469
2011-03-10,334.08172607421875
2011-03-11,321.3389587402344
2011-03-14,295.8533935546875
2011-03-15,287.5429382324219
2011-03-16,294.74530029296875
2011-03-17,299.1775207519531
2011-03-18,311.3663635253906
2011-03-22,321.3389587402344
2011-03-23,327.4332580566406
2011-03-24,330.2034606933594
2011-03-25,325.77117919921875
2011-03-28,327.4332580566406
2011-03-29,326.5928955078125
2011-03-30,335.5559997558594
2011-03-31,335.5559997558594
2011-04-01,343.3988037109375
2011-04-04,341.7181701660156
2011-04-05,330.5143127441406
2011-04-06,327.7132873535156
2011-04-07,327.7132873535156
2011-04-08,331.07452392578125
2011-04-11,330.5143127441406
2011-04-12,323.2317810058594
2011-04-13,315.94927978515625
2011-04-14,315.3890686035156
2011-04-15,313.70843505859375
2011-04-18,313.70843505859375
2011-04-19,309.7870788574219
2011-04-20,315.94927978515625
2011-04-21,323.2317810058594
2011-04-22,323.2317810058594
2011-04-25,322.1113586425781
2011-04-26,320.99102783203125
2011-04-27,326.5928955078125
2011-04-28,328.2735595703125
2011-05-02,333.3152160644531
2011-05-06,326.5928955078125
2011-05-09,327.7132873535156
2011-05-10,326.5928955078125
2011-05-11,327.1531677246094
2011-05-12,320.4307556152344
2011-05-13,314.82891845703125
2011-05-16,309.7870788574219
2011-05-17,312.0279235839844
2011-05-18,317.62994384765625
2011-05-19,315.3890686035156
2011-05-20,311.4677429199219
2011-05-23,304.1851806640625
2011-05-24,302.5045166015625
2011-05-25,303.0647888183594
2011-05-26,309.2269592285156
2011-05-27,309.7870788574219
2011-05-30,305.86578369140625
2011-05-31,317.62994384765625
2011-06-01,313.70843505859375
2011-06-02,306.4259948730469
2011-06-03,300.82403564453125
2011-06-06,298.0230407714844
2011-06-07,300.82403564453125
2011-06-08,299.7037048339844
2011-06-09,298.0230407714844
2011-06-10,299.7037048339844
2011-06-13,295.2220764160156
2011-06-14,301.9444274902344
2011-06-15,303.0647888183594
2011-06-16,293.5414733886719
2011-06-17,291.86090087890625
2011-06-20,288.4997863769531
2011-06-21,290.74053955078125
2011-06-22,296.9027099609375
2011-06-23,298.0230407714844
2011-06-24,296.3425598144531
2011-06-27,292.9814147949219
2011-06-28,295.2220764160156
2011-06-29,297.462890625
2011-06-30,298.0230407714844
2011-07-01,303.0647888183594
2011-07-04,309.7870788574219
2011-07-05,309.2269592285156
2011-07-06,320.99102783203125
2011-07-07,320.4307556152344
2011-07-08,319.87060546875
2011-07-11,315.3890686035156
2011-07-12,311.4677429199219
2011-07-13,317.62994384765625
2011-07-14,319.3104248046875
2011-07-15,317.62994384765625
2011-07-19,318.750244140625
2011-07-20,321.55126953125
2011-07-21,326.03277587890625
2011-07-22,327.1531677246094
2011-07-25,320.99102783203125
2011-07-26,330.5143127441406
2011-07-27,326.03277587890625
2011-07-28,321.55126953125
2011-07-29,323.7919921875
2011-08-01,329.3939208984375
2011-08-02,326.5928955078125
2011-08-03,316.50946044921875
2011-08-04,313.1482238769531
2011-08-05,296.3425598144531
2011-08-08,284.0181884765625
2011-08-09,270.013427734375
2011-08-10,275.6152648925781
2011-08-11,270.013427734375
2011-08-12,268.332763671875
2011-08-15,269.45318603515625
2011-08-16,273.3745422363281
2011-08-17,270.013427734375
2011-08-18,269.45318603515625
2011-08-19,253.767822265625
2011-08-22,253.2076416015625
2011-08-23,252.0872039794922
2011-08-24,244.80465698242188
2011-08-25,252.6473846435547
2011-08-26,257.12890625
2011-08-29,260.562744140625
2011-08-30,263.2911071777344
2011-08-31,267.0693054199219
2011-09-01,276.17547607421875
2011-09-02,272.8143615722656
2011-09-05,262.7309265136719
2011-09-06,254.88807678222656
2011-09-07,259.9299011230469
2011-09-08,259.36962890625
2011-09-09,265.5318298339844
2011-09-12,266.0920104980469
2011-09-13,271.6939697265625
2011-09-14,264.9716491699219
2011-09-15,266.0920104980469
2011-09-16,273.3745422363281
2011-09-20,271.6939697265625
2011-09-21,271.6939697265625
2011-09-22,261.6104736328125
2011-09-26,245.3649444580078
2011-09-27,253.767822265625
2011-09-28,255.48629760742188
2011-09-29,252.0492706298828
2011-09-30,251.47637939453125
2011-10-03,232.5726776123047
2011-10-04,225.69869995117188
2011-10-05,214.24185180664062
2011-10-06,217.1060791015625
2011-10-07,229.1356658935547
2011-10-11,236.58262634277344
2011-10-12,240.01962280273438
2011-10-13,246.32080078125
2011-10-14,245.74806213378906
2011-10-17,254.9134979248047
2011-10-18,245.74806213378906
2011-10-19,242.88380432128906
2011-10-20,238.30111694335938
2011-10-21,236.58262634277344
2011-10-24,245.74806213378906
2011-10-25,247.4665985107422
2011-10-26,248.0393829345703
2011-10-27,265.7973937988281
2011-10-28,268.0887451171875
2011-10-31,265.7973937988281
2011-11-01,262.9332275390625
2011-11-02,257.20477294921875
2011-11-04,268.6615905761719
2011-11-07,273.2442626953125
2011-11-08,262.9332275390625
2011-11-09,269.2344665527344
2011-11-10,252.62203979492188
2011-11-11,253.1949005126953
2011-11-14,258.9233703613281
2011-11-15,258.9233703613281
2011-11-16,252.0492706298828
2011-11-17,257.77764892578125
2011-11-18,257.20477294921875
2011-11-21,253.76779174804688
2011-11-22,256.6319274902344
2011-11-24,249.18515014648438
2011-11-25,248.0393829345703
2011-11-28,255.48629760742188
2011-11-29,266.3702697753906
2011-11-30,264.078857421875
2011-12-01,276.10845947265625
2011-12-02,277.8269958496094
2011-12-05,276.6812744140625
2011-12-06,270.9529724121094
2011-12-07,277.2541198730469
2011-12-08,274.3900146484375
2011-12-09,273.2442626953125
2011-12-12,276.6812744140625
2011-12-13,275.53564453125
2011-12-14,279.5455322265625
2011-12-15,270.9529724121094
2011-12-16,266.9430236816406
2011-12-19,264.6517639160156
2011-12-20,264.078857421875
2011-12-21,262.3603515625
2011-12-22,260.6418762207031
2011-12-26,264.6517639160156
2011-12-27,263.506103515625
2011-12-28,261.2147521972656
2011-12-29,263.506103515625
2011-12-30,268.6615905761719
2012-01-04,273.81719970703125
2012-01-05,274.3900146484375
2012-01-06,271.5257263183594
2012-01-10,270.9529724121094
2012-01-11,273.81719970703125
2012-01-12,273.2442626953125
2012-01-13,278.3998718261719
2012-01-16,270.9529724121094
2012-01-17,276.10845947265625
2012-01-18,278.97265625
2012-01-19,285.27392578125
2012-01-20,289.2837829589844
2012-01-23,289.2837829589844
2012-01-24,293.2937316894531
2012-01-25,297.87640380859375
2012-01-26,296.1578063964844
2012-01-27,303.6048278808594
2012-01-30,301.31341552734375
2012-01-31,301.31341552734375
2012-02-01,303.6048278808594
2012-02-02,304.1776123046875
2012-02-03,301.31341552734375
2012-02-06,308.76031494140625
2012-02-07,308.76031494140625
2012-02-08,309.33306884765625
2012-02-09,309.33306884765625
2012-02-10,302.4591369628906
2012-02-13,302.4591369628906
2012-02-14,304.75048828125
2012-02-15,309.90606689453125
2012-02-16,304.75048828125
2012-02-17,309.33306884765625
2012-02-20,319.07147216796875
2012-02-21,319.6443176269531
2012-02-22,324.2270812988281
2012-02-23,323.6541748046875
2012-02-24,329.38250732421875
2012-02-27,331.67388916015625
2012-02-28,331.10101318359375
2012-02-29,332.8194885253906
2012-03-01,330.52813720703125
2012-03-02,336.8294982910156
2012-03-05,338.54791259765625
2012-03-06,327.0912170410156
2012-03-07,324.2270812988281
2012-03-08,333.3924560546875
2012-03-09,340.8392639160156
2012-03-12,343.13067626953125
2012-03-13,343.7034912109375
2012-03-14,352.86895751953125
2012-03-15,355.1602478027344
2012-03-16,358.5973815917969
2012-03-19,367.1899108886719
2012-03-21,355.1602478027344
2012-03-22,352.86895751953125
2012-03-23,345.42205810546875
2012-03-26,349.4320068359375
2012-03-27,356.8788757324219
2012-03-28,359.7897033691406
2012-03-29,350.4747314453125
2012-03-30,347.5638427734375
2012-04-02,353.3857116699219
2012-04-03,349.8925476074219
2012-04-04,342.9064636230469
2012-04-05,348.7282409667969
2012-04-06,340.5776672363281
2012-04-09,334.7558288574219
2012-04-10,331.8448791503906
2012-04-11,331.2626647949219
2012-04-12,336.5023193359375
2012-04-13,329.5162658691406
2012-04-16,313.79718017578125
2012-04-17,313.2150573730469
2012-04-18,326.02301025390625
2012-04-19,324.8587341308594
2012-04-20,334.1736755371094
2012-04-23,332.4271240234375
2012-04-24,325.4408874511719
2012-04-25,328.9339904785156
2012-04-26,328.3517761230469
2012-04-27,324.8587341308594
2012-05-01,314.3793029785156
2012-05-02,316.70806884765625
2012-05-07,308.55755615234375
2012-05-08,320.201171875
2012-05-09,315.5437316894531
2012-05-10,312.6327819824219
2012-05-11,309.7219543457031
2012-05-14,311.46844482421875
2012-05-15,308.55755615234375
2012-05-16,306.81103515625
2012-05-17,313.79718017578125
2012-05-18,294.5851135253906
2012-05-21,295.16729736328125
2012-05-22,302.7357177734375
2012-05-23,298.0782775878906
2012-05-24,295.7495422363281
2012-05-25,294.0029296875
2012-05-28,293.42071533203125
2012-05-29,300.98907470703125
2012-05-30,289.9276428222656
2012-05-31,292.2563781738281
2012-06-01,282.3592224121094
2012-06-04,271.87994384765625
2012-06-05,282.3592224121094
2012-06-06,284.68804931640625
2012-06-07,291.6741943359375
2012-06-08,281.77703857421875
2012-06-11,291.0920104980469
2012-06-12,290.50982666015625
2012-06-13,288.7632141113281
2012-06-14,287.598876953125
2012-06-15,286.43450927734375
2012-06-18,294.0029296875
2012-06-19,293.42071533203125
2012-06-20,299.2427062988281
2012-06-21,301.5712890625
2012-06-22,302.15350341796875
2012-06-25,300.98907470703125
2012-06-26,298.660400390625
2012-06-27,298.0782775878906
2012-06-28,301.5712890625
2012-06-29,306.22882080078125
2012-07-02,309.13970947265625
2012-07-03,313.2150573730469
2012-07-04,318.45465087890625
2012-07-05,318.45465087890625
2012-07-06,319.036865234375
2012-07-09,312.05059814453125
2012-07-10,311.31536865234375
2012-07-11,305.0644226074219
2012-07-12,302.7357177734375
2012-07-13,305.0644226074219
2012-07-17,303.78741455078125
2012-07-18,298.52471923828125
2012-07-19,304.49713134765625
2012-07-20,304.4822692871094
2012-07-23,294.5851135253906
2012-07-24,292.2563781738281
2012-07-25,289.3454895019531
2012-07-26,291.0442199707031
2012-07-27,301.5712890625
2012-07-30,305.6466369628906
2012-07-31,308.55755615234375
2012-08-01,302.7357177734375
2012-08-02,304.4822692871094
2012-08-03,297.981201171875
2012-08-06,304.3777160644531
2012-08-07,307.4688415527344
2012-08-08,305.6466369628906
2012-08-09,310.04315185546875
2012-08-10,306.81103515625
2012-08-13,308.7751159667969
2012-08-14,312.05059814453125
2012-08-15,307.9609069824219
2012-08-16,311.46844482421875
2012-08-17,316.70806884765625
2012-08-20,314.3793029785156
2012-08-21,313.6813659667969
2012-08-22,313.2150573730469
2012-08-23,313.2150573730469
2012-08-24,309.13970947265625
2012-08-27,306.81103515625
2012-08-28,303.90008544921875
2012-08-29,303.31787109375
2012-08-30,298.0782775878906
2012-08-31,292.2563781738281
2012-09-03,289.9276428222656
2012-09-04,292.838623046875
2012-09-05,283.52362060546875
2012-09-06,280.6126403808594
2012-09-07,291.6741943359375
2012-09-10,293.42071533203125
2012-09-11,290.50982666015625
2012-09-12,294.0029296875
2012-09-13,295.7495422363281
2012-09-14,309.13970947265625
2012-09-18,309.7219543457031
2012-09-19,313.79718017578125
2012-09-20,308.55755615234375
2012-09-21,308.55755615234375
2012-09-24,307.9753723144531
2012-09-25,306.22882080078125
2012-09-26,300.8668518066406
2012-09-27,302.0583801269531
2012-09-28,296.6964111328125
2012-10-01,296.10064697265625
2012-10-02,296.10064697265625
2012-10-03,292.52593994140625
2012-10-04,300.8668518066406
2012-10-05,303.8456726074219
2012-10-09,302.0583801269531
2012-10-10,294.3132629394531
2012-10-11,290.7386474609375
2012-10-12,290.1429138183594
2012-10-15,296.10064697265625
2012-10-16,300.8668518066406
2012-10-17,305.63299560546875
2012-10-18,312.78228759765625
2012-10-19,313.37811279296875
2012-10-22,312.18646240234375
2012-10-23,312.18646240234375
2012-10-24,307.4203796386719
2012-10-25,309.803466796875
2012-10-26,305.63299560546875
2012-10-29,304.44146728515625
2012-10-30,303.8456726074219
2012-10-31,308.0160827636719
2012-11-01,308.0160827636719
2012-11-02,313.37811279296875
2012-11-05,314.5696716308594
2012-11-06,313.973876953125
2012-11-07,315.16546630859375
2012-11-08,313.37811279296875
2012-11-09,311.5908203125
2012-11-12,307.4203796386719
2012-11-13,305.0372314453125
2012-11-14,303.2499084472656
2012-11-15,313.973876953125
2012-11-16,316.9527893066406
2012-11-19,321.71893310546875
2012-11-20,319.931640625
2012-11-21,319.931640625
2012-11-22,322.9105529785156
2012-11-26,324.6978454589844
2012-11-27,325.2935485839844
2012-11-28,319.931640625
2012-11-29,324.6978454589844
2012-11-30,323.5062561035156
2012-12-03,327.0809326171875
2012-12-04,328.2725524902344
2012-12-05,327.67669677734375
2012-12-06,328.8682861328125
2012-12-07,328.8682861328125
2012-12-10,328.8682861328125
2012-12-11,324.6978454589844
2012-12-12,330.0598449707031
2012-12-13,336.61334228515625
2012-12-14,336.61334228515625
2012-12-17,337.80499267578125
2012-12-18,344.35845947265625
2012-12-19,362.82757568359375
2012-12-20,364.6148986816406
2012-12-21,358.6571044921875
2012-12-25,358.6571044921875
2012-12-26,361.04022216796875
2012-12-27,362.23175048828125
2012-12-28,365.8064270019531
2013-01-04,380.70074462890625
2013-01-07,374.74298095703125
2013-01-08,371.1683654785156
2013-01-09,375.9344787597656
2013-01-10,380.70074462890625
2013-01-11,382.4881286621094
2013-01-15,383.6796875
2013-01-16,373.5514221191406
2013-01-17,374.1472473144531
2013-01-18,382.4881286621094
2013-01-21,381.296630859375
2013-01-22,383.6796875
2013-01-23,376.5303649902344
2013-01-24,381.296630859375
2013-01-25,392.0204772949219
2013-01-28,397.38250732421875
2013-01-29,395.5951843261719
2013-01-30,397.38250732421875
2013-01-31,399.7656555175781
2013-02-01,396.1910095214844
2013-02-04,409.2980041503906
2013-02-05,399.7656555175781
2013-02-06,406.9148864746094
2013-02-07,412.8726806640625
2013-02-08,412.2769775390625
2013-02-12,419.4261779785156
2013-02-13,411.0853576660156
2013-02-14,408.7023010253906
2013-02-15,403.93597412109375
2013-02-18,408.1064147949219
2013-02-19,408.7023010253906
2013-02-20,411.0853576660156
2013-02-21,401.5528869628906
2013-02-22,399.16986083984375
2013-02-25,411.0853576660156
2013-02-26,403.93597412109375
2013-02-27,399.16986083984375
2013-02-28,403.3403015136719
2013-03-01,406.3191223144531
2013-03-04,403.93597412109375
2013-03-05,405.7234191894531
2013-03-06,411.68115234375
2013-03-07,413.4684143066406
2013-03-08,417.6390075683594
2013-03-11,439.6826171875
2013-03-12,443.85302734375
2013-03-13,433.1290283203125
2013-03-14,441.4699401855469
2013-03-15,446.8318786621094
2013-03-18,439.6826171875
2013-03-19,446.2361755371094
2013-03-21,447.4277038574219
2013-03-22,443.85302734375
2013-03-25,455.7685546875
2013-03-26,449.2149963378906
2013-03-27,449.8204650878906
2013-03-28,433.47430419921875
2013-03-29,425.6040344238281
2013-04-01,409.2579040527344
2013-04-02,400.7821350097656
2013-04-03,395.93890380859375
2013-04-04,391.0955810546875
2013-04-05,384.43603515625
2013-04-08,403.2037048339844
2013-04-09,413.4958190917969
2013-04-10,431.0527038574219
2013-04-11,437.1068115234375
2013-04-12,431.6580810546875
2013-04-15,421.36602783203125
2013-04-16,405.0199890136719
2013-04-17,412.89031982421875
2013-04-18,409.2579040527344
2013-04-19,406.8362121582031
2013-04-22,420.15521240234375
2013-04-23,414.1011657714844
2013-04-24,421.9714660644531
2013-04-25,428.6310119628906
2013-04-26,421.9714660644531
2013-04-30,421.9714660644531
2013-05-01,418.3390808105469
2013-05-02,420.7606506347656
2013-05-07,432.8688659667969
2013-05-08,437.71209716796875
2013-05-09,440.1338806152344
2013-05-10,447.398681640625
2013-05-13,449.2149963378906
2013-05-14,450.4258117675781
2013-05-15,454.0582580566406
2013-05-16,451.63671875
2013-05-17,452.2421569824219
2013-05-20,469.1936340332031
2013-05-21,498.2533264160156
2013-05-22,501.88568115234375
2013-05-23,469.1936340332031
2013-05-24,460.71783447265625
2013-05-27,441.95001220703125
2013-05-28,444.3717346191406
2013-05-29,445.5825500488281
2013-05-30,431.0527038574219
2013-05-31,432.26348876953125
2013-06-03,427.4201965332031
2013-06-04,427.4201965332031
2013-06-05,418.3390808105469
2013-06-06,409.8633117675781
2013-06-07,401.3874816894531
2013-06-10,416.52276611328125
2013-06-11,411.6795959472656
2013-06-12,406.8362121582031
2013-06-13,392.9117736816406
2013-06-14,405.0199890136719
2013-06-17,404.4145812988281
2013-06-18,411.0740051269531
2013-06-19,422.5769958496094
2013-06-20,420.15521240234375
2013-06-21,420.7606506347656
2013-06-24,410.4686279296875
2013-06-25,404.4145812988281
2013-06-26,397.7550048828125
2013-06-27,405.0199890136719
2013-06-28,401.3874816894531
2013-07-01,405.62542724609375
2013-07-02,419.5498352050781
2013-07-03,417.73358154296875
2013-07-04,414.70654296875
2013-07-05,426.8147277832031
2013-07-08,424.9986877441406
2013-07-09,432.26348876953125
2013-07-10,428.02569580078125
2013-07-11,428.6310119628906
2013-07-12,434.0797119140625
2013-07-16,435.2906188964844
2013-07-17,435.89599609375
2013-07-18,444.3717346191406
2013-07-19,435.2906188964844
2013-07-22,431.6580810546875
2013-07-23,439.52838134765625
2013-07-24,444.3717346191406
2013-07-25,438.317626953125
2013-07-26,422.5769958496094
2013-07-29,405.62542724609375
2013-07-30,412.28497314453125
2013-07-31,412.89031982421875
2013-08-01,422.5769958496094
2013-08-02,435.2906188964844
2013-08-05,432.26348876953125
2013-08-06,440.7392272949219
2013-08-07,432.26348876953125
2013-08-08,432.26348876953125
2013-08-09,445.5825500488281
2013-08-12,455.26904296875
2013-08-13,455.8746032714844
2013-08-14,457.08544921875
2013-08-15,454.6636962890625
2013-08-16,453.452880859375
2013-08-19,449.2149963378906
2013-08-20,439.52838134765625
2013-08-21,438.9230651855469
2013-08-22,438.317626953125
2013-08-23,447.398681640625
2013-08-26,448.609619140625
2013-08-27,448.609619140625
2013-08-28,435.89599609375
2013-08-29,437.1068115234375
2013-08-30,433.47430419921875
2013-09-02,429.2365417480469
2013-09-03,444.3717346191406
2013-09-04,448.609619140625
2013-09-05,451.0312805175781
2013-09-06,447.398681640625
2013-09-09,454.6636962890625
2013-09-10,460.1123962402344
2013-09-11,454.0582580566406
2013-09-12,455.8746032714844
2013-09-13,453.452880859375
2013-09-17,460.1123962402344
2013-09-18,464.9556579589844
2013-09-19,475.2477111816406
2013-09-20,478.8802795410156
2013-09-24,482.5126953125
2013-09-25,480.6964416503906
2013-09-26,485.9247131347656
2013-09-27,489.61529541015625
2013-09-30,474.8529357910156
2013-10-01,471.1623840332031
2013-10-02,463.78125
2013-10-03,461.3209533691406
2013-10-04,459.4757385253906
2013-10-07,444.71331787109375
2013-10-08,441.63787841796875
2013-10-09,452.7096252441406
2013-10-10,458.86053466796875
2013-10-11,466.85675048828125
2013-10-15,468.0870056152344
2013-10-16,461.3209533691406
2013-10-17,465.0113525390625
2013-10-18,468.0870056152344
2013-10-21,471.1623840332031
2013-10-22,479.15875244140625
2013-10-23,473.0077209472656
2013-10-24,473.0077209472656
2013-10-25,466.85675048828125
2013-10-28,472.3926086425781
2013-10-29,473.0077209472656
2013-10-30,477.9284362792969
2013-10-31,471.77740478515625
2013-11-01,467.4717712402344
2013-11-05,466.2416687011719
2013-11-06,469.3172302246094
2013-11-07,469.3172302246094
2013-11-08,459.4757385253906
2013-11-11,440.40771484375
2013-11-12,445.3284606933594
2013-11-13,446.55859375
2013-11-14,452.7096252441406
2013-11-15,457.6304016113281
2013-11-18,461.9360046386719
2013-11-19,459.4757385253906
2013-11-20,455.1699523925781
2013-11-21,457.0153503417969
2013-11-22,459.4757385253906
2013-11-25,460.7059020996094
2013-11-26,457.6304016113281
2013-11-27,453.9397888183594
2013-11-28,458.2453308105469
2013-11-29,457.0153503417969
2013-12-02,455.1699523925781
2013-12-03,454.5548095703125
2013-12-04,448.4039001464844
2013-12-05,442.2530517578125
2013-12-06,441.02276611328125
2013-12-09,444.0982971191406
2013-12-10,445.3284606933594
2013-12-11,445.3284606933594
2013-12-12,439.7925720214844
2013-12-13,439.7925720214844
2013-12-16,434.2567138671875
2013-12-17,439.1774597167969
2013-12-18,441.02276611328125
2013-12-19,442.2530517578125
2013-12-20,440.40771484375
2013-12-24,441.02276611328125
2013-12-25,442.2530517578125
2013-12-26,451.4794616699219
2013-12-27,453.9397888183594
2013-12-30,465.0113525390625
2014-01-06,463.78125
2014-01-07,458.86053466796875
2014-01-08,465.0113525390625
2014-01-09,462.5509948730469
2014-01-10,462.5509948730469
2014-01-14,458.2453308105469
2014-01-15,465.62646484375
2014-01-16,466.85675048828125
2014-01-17,472.3926086425781
2014-01-20,473.6227111816406
2014-01-21,470.54718017578125
2014-01-22,474.23785400390625
2014-01-23,471.1623840332031
2014-01-24,462.5509948730469
2014-01-27,448.4039001464844
2014-01-28,445.9435729980469
2014-01-29,453.32476806640625
2014-01-30,446.55859375
2014-01-31,444.71331787109375
2014-02-03,436.1020812988281
2014-02-04,413.95867919921875
2014-02-05,424.4151916503906
2014-02-06,429.9510803222656
2014-02-07,437.3322448730469
2014-02-10,442.8680114746094
2014-02-12,444.0982971191406
2014-02-13,438.56243896484375
2014-02-14,433.64154052734375
2014-02-17,437.3322448730469
2014-02-18,445.9435729980469
2014-02-19,445.3284606933594
2014-02-20,437.94732666015625
2014-02-21,442.2530517578125
2014-02-24,443.4831237792969
2014-02-25,447.78875732421875
2014-02-26,444.71331787109375
2014-02-27,441.63787841796875
2014-02-28,438.56243896484375
2014-03-03,437.3322448730469
2014-03-04,444.71331787109375
2014-03-05,452.0945129394531
2014-03-06,452.7096252441406
2014-03-07,454.5548095703125
2014-03-10,455.1699523925781
2014-03-11,455.78497314453125
2014-03-12,444.0982971191406
2014-03-13,443.4831237792969
2014-03-14,432.4114990234375
2014-03-17,424.4151916503906
2014-03-18,428.105712890625
2014-03-19,428.105712890625
2014-03-20,423.8002014160156
2014-03-24,419.4944763183594
2014-03-25,422.5699768066406
2014-03-26,423.1850280761719
2014-03-27,427.8836364746094
2014-03-28,432.2689208984375
2014-03-31,434.14837646484375
2014-04-01,431.0159912109375
2014-04-02,434.7748718261719
2014-04-03,435.4013671875
2014-04-04,436.654296875
2014-04-07,431.6425476074219
2014-04-08,424.7511901855469
2014-04-09,415.9806213378906
2014-04-10,427.8836364746094
2014-04-11,422.24530029296875
2014-04-14,419.1130065917969
2014-04-15,419.7394104003906
2014-04-16,427.8836364746094
2014-04-17,430.3895263671875
2014-04-18,432.8954162597656
2014-04-21,429.7630920410156
2014-04-22,427.8836364746094
2014-04-23,432.2689208984375
2014-04-24,427.8836364746094
2014-04-25,429.7630920410156
2014-04-28,429.7630920410156
2014-04-30,427.25714111328125
2014-05-01,432.8954162597656
2014-05-02,431.6425476074219
2014-05-07,419.7394104003906
2014-05-08,426.63067626953125
2014-05-09,424.7511901855469
2014-05-12,424.7511901855469
2014-05-13,431.6425476074219
2014-05-14,436.654296875
2014-05-15,434.14837646484375
2014-05-16,429.7630920410156
2014-05-19,424.7511901855469
2014-05-20,424.7511901855469
2014-05-21,424.1247863769531
2014-05-22,431.0159912109375
2014-05-23,433.52203369140625
2014-05-26,437.2808532714844
2014-05-27,440.4132385253906
2014-05-28,437.9073181152344
2014-05-29,437.9073181152344
2014-05-30,434.7748718261719
2014-06-02,441.666015625
2014-06-03,442.2926025390625
2014-06-04,441.666015625
2014-06-05,441.666015625
2014-06-06,445.4250183105469
2014-06-09,449.81036376953125
2014-06-10,447.30438232421875
2014-06-11,449.1838684082031
2014-06-12,448.557373046875
2014-06-13,456.07501220703125
2014-06-16,453.5692138671875
2014-06-17,452.942626953125
2014-06-18,454.1957092285156
2014-06-19,458.5808410644531
2014-06-20,459.833984375
2014-06-23,462.33990478515625
2014-06-24,463.5927734375
2014-06-25,462.33990478515625
2014-06-26,464.8457946777344
2014-06-27,462.96636962890625
2014-06-30,464.2192687988281
2014-07-01,462.96636962890625
2014-07-02,464.2192687988281
2014-07-03,464.8457946777344
2014-07-04,465.4723205566406
2014-07-07,466.72515869140625
2014-07-08,465.4723205566406
2014-07-09,464.8457946777344
2014-07-10,461.0869140625
2014-07-11,456.7015075683594
2014-07-14,460.4604797363281
2014-07-15,461.0869140625
2014-07-16,461.71343994140625
2014-07-17,461.0869140625
2014-07-18,456.7015075683594
2014-07-22,455.3233947753906
2014-07-23,458.1424255371094
2014-07-24,454.0076904296875
2014-07-25,457.8918762207031
2014-07-28,459.6460266113281
2014-07-29,461.5254211425781
2014-07-30,459.3326110839844
2014-07-31,458.1424255371094
2014-08-01,455.82452392578125
2014-08-04,457.8291320800781
2014-08-05,454.5089111328125
2014-08-06,456.76416015625
2014-08-07,458.76898193359375
2014-08-08,451.94036865234375
2014-08-11,459.08221435546875
2014-08-12,461.6507873535156
2014-08-13,464.53253173828125
2014-08-14,465.9734802246094
2014-08-15,468.0408020019531
2014-08-18,469.8576354980469
2014-08-19,473.17791748046875
2014-08-20,472.2381591796875
2014-08-21,475.3078918457031
2014-08-22,473.3032531738281
2014-08-25,472.42620849609375
2014-08-26,473.17791748046875
2014-08-27,475.9344177246094
2014-08-28,472.6767272949219
2014-08-29,470.4840393066406
2014-09-01,475.8717346191406
2014-09-02,476.8741760253906
2014-09-03,476.686279296875
2014-09-04,474.74407958984375
2014-09-05,476.2477111816406
2014-09-08,479.50537109375
2014-09-09,482.7630920410156
2014-09-10,483.9532165527344
2014-09-11,492.41064453125
2014-09-12,492.03485107421875
2014-09-16,492.1600646972656
2014-09-17,491.9095153808594
2014-09-18,494.7913513183594
2014-09-19,498.55029296875
2014-09-22,503.18609619140625
2014-09-24,500.1164245605469
2014-09-25,504.50164794921875
2014-09-26,499.9170837402344
2014-09-29,496.09649658203125
2014-09-30,478.0763244628906
2014-10-01,476.8666076660156
2014-10-02,460.88397216796875
2014-10-03,463.30364990234375
2014-10-06,465.7232666015625
2014-10-07,458.14599609375
2014-10-08,452.54248046875
2014-10-09,444.6467590332031
2014-10-10,439.61639404296875
2014-10-14,432.7392883300781
2014-10-15,432.10260009765625
2014-10-16,421.7235107421875
2014-10-17,410.7076110839844
2014-10-20,428.3457336425781
2014-10-21,415.2921447753906
2014-10-22,423.8247375488281
2014-10-23,423.50640869140625
2014-10-24,425.5438537597656
2014-10-27,432.1662902832031
2014-10-28,427.77264404296875
2014-10-29,436.8146057128906
2014-10-30,436.9418640136719
2014-10-31,450.8232116699219
2014-11-04,459.8650817871094
2014-11-05,461.64813232421875
2014-11-06,462.2847595214844
2014-11-07,463.5582580566406
2014-11-10,467.5062255859375
2014-11-11,467.06048583984375
2014-11-12,462.7942810058594
2014-11-13,465.3411560058594
2014-11-14,465.595947265625
2014-11-17,455.598876953125
2014-11-18,458.2732849121094
2014-11-19,464.57708740234375
2014-11-20,462.4757995605469
2014-11-21,462.6668701171875
2014-11-25,474.12847900390625
2014-11-26,477.5670166015625
2014-11-27,472.791259765625
2014-11-28,476.4844055175781
2014-12-01,474.8288269042969
2014-12-02,471.5813903808594
2014-12-03,470.6262512207031
2014-12-04,473.7464294433594
2014-12-05,473.87384033203125
2014-12-08,472.2818908691406
2014-12-09,465.2138366699219
2014-12-10,455.0257873535156
2014-12-11,449.9318542480469
2014-12-12,448.1488037109375
2014-12-15,436.17779541015625
2014-12-16,428.79150390625
2014-12-17,430.5743713378906
2014-12-18,433.5670166015625
2014-12-19,440.5715026855469
2014-12-22,455.72625732421875
2014-12-24,456.4266662597656
2014-12-25,456.9996337890625
2014-12-26,461.3932800292969
2014-12-29,464.6407775878906
2014-12-30,461.4569396972656
2015-01-05,459.0373840332031
2015-01-06,442.7362976074219
2015-01-07,440.18927001953125
2015-01-08,442.0996398925781
2015-01-09,441.71759033203125
2015-01-13,436.5597839355469
2015-01-14,426.053466796875
2015-01-15,424.58892822265625
2015-01-16,421.214111328125
2015-01-19,432.6756896972656
2015-01-20,433.9491271972656
2015-01-21,431.720458984375
2015-01-22,440.5715026855469
2015-01-23,448.658203125
2015-01-26,427.39056396484375
2015-01-27,425.9259338378906
2015-01-28,422.1690979003906
2015-01-29,418.5396728515625
2015-01-30,416.1199645996094
2015-02-02,418.47607421875
2015-02-03,421.8507995605469
2015-02-04,435.7320251464844
2015-02-05,433.88555908203125
2015-02-06,438.0880126953125
2015-02-09,444.4556884765625
2015-02-10,448.1488037109375
2015-02-12,439.93463134765625
2015-02-13,443.7552185058594
2015-02-16,455.216796875
2015-02-17,455.28045654296875
2015-02-18,458.9100646972656
2015-02-19,459.7378234863281
2015-02-20,460.2471008300781
2015-02-23,461.0113525390625
2015-02-24,463.94036865234375
2015-02-25,463.8130798339844
2015-02-26,466.8056640625
2015-02-27,468.0156555175781
2015-03-02,469.9259033203125
2015-03-03,471.1357727050781
2015-03-04,467.3789367675781
2015-03-05,465.7232666015625
2015-03-06,469.9895935058594
2015-03-09,471.2630615234375
2015-03-10,470.6262512207031
2015-03-11,468.2066345214844
2015-03-12,466.93310546875
2015-03-13,465.7232666015625
2015-03-16,460.05615234375
2015-03-17,460.88397216796875
2015-03-18,456.8723449707031
2015-03-19,455.853515625
2015-03-20,453.0518493652344
2015-03-23,464.1314392089844
2015-03-24,466.99688720703125
2015-03-25,468.2066345214844
2015-03-26,468.77978515625
2015-03-27,453.4820861816406
2015-03-30,453.5469970703125
2015-03-31,451.1486511230469
2015-04-01,442.7220153808594
2015-04-02,451.21343994140625
2015-04-03,450.435546875
2015-04-06,447.194580078125
2015-04-07,455.7508850097656
2015-04-08,455.6860046386719
2015-04-09,458.0843200683594
2015-04-10,454.1951599121094
2015-04-13,453.1579895019531
2015-04-14,455.556396484375
2015-04-15,454.778564453125
2015-04-16,463.3348388671875
2015-04-17,467.4833984375
2015-04-20,461.0661315917969
2015-04-21,461.4549865722656
2015-04-22,463.5291748046875
2015-04-23,474.4838562011719
2015-04-24,473.1874694824219
2015-04-27,475.45623779296875
2015-04-28,484.14202880859375
2015-04-30,482.1326599121094
2015-05-01,482.91046142578125
2015-05-07,478.2434997558594
2015-05-08,463.4644775390625
2015-05-11,458.732666015625
2015-05-12,460.8068542480469
2015-05-13,459.5102844238281
2015-05-14,458.4732360839844
2015-05-15,453.4820861816406
2015-05-18,464.6312255859375
2015-05-19,466.1221618652344
2015-05-20,465.0849914550781
2015-05-21,463.85333251953125
2015-05-22,470.7243347167969
2015-05-25,477.724853515625
2015-05-26,476.6877136230469
2015-05-27,474.6783142089844
2015-05-28,473.8356628417969
2015-05-29,471.8909912109375
2015-06-01,468.9093017578125
2015-06-02,462.2977294921875
2015-06-03,466.1868591308594
2015-06-04,466.3165588378906
2015-06-05,461.9088439941406
2015-06-08,460.87158203125
2015-06-09,457.30645751953125
2015-06-10,455.8804626464844
2015-06-11,466.2516784667969
2015-06-12,461.9736022949219
2015-06-15,463.0755310058594
2015-06-16,461.0661315917969
2015-06-17,457.8251037597656
2015-06-18,453.2228698730469
2015-06-19,460.2882385253906
2015-06-22,463.399658203125
2015-06-23,465.47393798828125
2015-06-24,469.8168640136719
2015-06-25,466.640625
2015-06-26,461.4549865722656
2015-06-29,456.1397705078125
2015-06-30,455.2322998046875
2015-07-01,457.630615234375
2015-07-02,461.9088439941406
2015-07-03,460.2234191894531
2015-07-06,453.0284118652344
2015-07-07,452.509765625
2015-07-08,438.96240234375
2015-07-09,438.832763671875
2015-07-10,437.2122802734375
2015-07-13,442.7867736816406
2015-07-14,451.8615417480469
2015-07-15,448.8150939941406
2015-07-16,450.1763610839844
2015-07-17,448.8150939941406
2015-07-21,446.2223205566406
2015-07-22,447.8428039550781
2015-07-23,443.7591857910156
2015-07-24,434.9435729980469
2015-07-27,433.97125244140625
2015-07-28,428.5911560058594
2015-07-29,433.45269775390625
2015-07-30,446.0926208496094
2015-07-31,447.2593688964844
2015-08-03,443.43499755859375
2015-08-04,441.9442138671875
2015-08-05,455.7508850097656
2015-08-06,463.9181213378906
2015-08-07,464.56634521484375
2015-08-10,466.0572509765625
2015-08-11,472.7986145019531
2015-08-12,469.6224060058594
2015-08-13,477.33599853515625
2015-08-14,472.60418701171875
2015-08-17,473.1874694824219
2015-08-18,474.5487365722656
2015-08-19,469.3631286621094
2015-08-20,455.4916076660156
2015-08-21,449.9170227050781
2015-08-24,427.3595886230469
2015-08-25,406.2930603027344
2015-08-26,417.9606628417969
2015-08-27,420.553466796875
2015-08-28,437.4714050292969
2015-08-31,431.1840515136719
2015-09-01,424.2481994628906
2015-09-02,415.2383117675781
2015-09-03,414.0713806152344
2015-09-04,408.95068359375
2015-09-07,410.57110595703125
2015-09-08,412.58062744140625
2015-09-09,435.33245849609375
2015-09-10,429.1097717285156
2015-09-11,430.6006164550781
2015-09-14,423.1462707519531
2015-09-15,424.57232666015625
2015-09-16,427.7484436035156
2015-09-17,432.6748046875
2015-09-18,422.9518127441406
2015-09-24,411.34906005859375
2015-09-25,417.63653564453125
2015-09-28,411.3765563964844
2015-09-29,379.088623046875
2015-09-30,384.689453125
2015-10-01,388.3795471191406
2015-10-02,388.18194580078125
2015-10-05,398.46136474609375
2015-10-06,403.99639892578125
2015-10-07,424.0283203125
2015-10-08,435.6915283203125
2015-10-09,449.8587951660156
2015-10-13,445.7733459472656
2015-10-14,435.7573547363281
2015-10-15,442.8081359863281
2015-10-16,448.27728271484375
2015-10-19,442.0833435058594
2015-10-20,446.95941162109375
2015-10-21,449.2657165527344
2015-10-22,452.0332946777344
2015-10-23,456.7777099609375
2015-10-26,461.19256591796875
2015-10-27,450.91302490234375
2015-10-28,454.80078125
2015-10-29,464.0918273925781
2015-10-30,462.8398742675781
2015-11-02,453.8782653808594
2015-11-04,460.7312927246094
2015-11-05,452.1650390625
2015-11-06,461.8515319824219
2015-11-09,462.5103759765625
2015-11-10,461.6537170410156
2015-11-11,461.25836181640625
2015-11-12,461.45611572265625
2015-11-13,458.82037353515625
2015-11-16,455.5256652832031
2015-11-17,458.82037353515625
2015-11-18,460.9289855957031
2015-11-19,469.95648193359375
2015-11-20,466.2005920410156
2015-11-24,468.57269287109375
2015-11-25,460.4018249511719
2015-11-26,461.9173583984375
2015-11-27,464.2236633300781
2015-11-30,449.3975830078125
2015-12-01,459.3475036621094
2015-12-02,456.31634521484375
2015-12-03,458.490966796875
2015-12-04,451.44012451171875
2015-12-07,451.30841064453125
2015-12-08,441.4901428222656
2015-12-09,439.447509765625
2015-12-10,436.87762451171875
2015-12-11,436.28460693359375
2015-12-14,429.29986572265625
2015-12-15,421.78778076171875
2015-12-16,428.97039794921875
2015-12-17,429.23388671875
2015-12-18,412.364990234375
2015-12-21,412.4309387207031
2015-12-22,405.9073791503906
2015-12-24,409.6634521484375
2015-12-25,409.6634521484375
2015-12-28,413.28753662109375
2015-12-29,414.2759704589844
2015-12-30,411.90374755859375
2016-01-04,406.50048828125
2016-01-05,407.55474853515625
2016-01-06,403.4693908691406
2016-01-07,386.8639831542969
2016-01-08,386.60052490234375
2016-01-12,372.4332580566406
2016-01-13,382.5150146484375
2016-01-14,370.4564514160156
2016-01-15,368.1500549316406
2016-01-18,363.6034240722656
2016-01-19,364.32830810546875
2016-01-20,348.7113952636719
2016-01-21,339.0907897949219
2016-01-22,356.0915222167969
2016-01-25,360.63824462890625
2016-01-26,346.6686706542969
2016-01-27,363.07623291015625
2016-01-28,361.4289855957031
2016-01-29,375.9914855957031
2016-02-01,380.5382385253906
2016-02-02,367.5570983886719
2016-02-03,344.2305908203125
2016-02-04,348.44781494140625
2016-02-05,385.48028564453125
2016-02-08,376.7822265625
2016-02-09,361.95611572265625
2016-02-10,347.9206237792969
2016-02-12,327.2958068847656
2016-02-15,360.5722961425781
2016-02-16,373.6851806640625
2016-02-17,369.3362731933594
2016-02-18,388.115966796875
2016-02-19,386.7981262207031
2016-02-22,385.0848693847656
2016-02-23,384.1623840332031
2016-02-24,378.1001281738281
2016-02-25,382.8445129394531
2016-02-26,378.4295654296875
2016-02-29,372.56512451171875
2016-03-01,369.3362731933594
2016-03-02,385.48028564453125
2016-03-03,394.44189453125
2016-03-04,402.6786804199219
2016-03-07,405.7096862792969
2016-03-08,398.1319885253906
2016-03-09,395.16668701171875
2016-03-10,396.74810791015625
2016-03-11,401.690185546875
2016-03-14,406.2369079589844
2016-03-15,403.008056640625
2016-03-16,397.4071044921875
2016-03-17,400.5041198730469
2016-03-18,405.11669921875
2016-03-22,406.7640075683594
2016-03-23,401.6242980957031
2016-03-24,382.7785949707031
2016-03-25,392.3332214355469
2016-03-28,395.0348815917969
2016-03-29,401.33935546875
2016-03-30,384.3039855957031
2016-03-31,382.29180908203125
2016-04-01,369.8841552734375
2016-04-04,372.097412109375
2016-04-05,360.2261962890625
2016-04-06,355.7997131347656
2016-04-07,358.0800476074219
2016-04-08,363.24432373046875
2016-04-11,363.4455871582031
2016-04-12,371.0914001464844
2016-04-13,381.8895263671875
2016-04-14,397.91888427734375
2016-04-15,395.10198974609375
2016-04-18,379.47491455078125
2016-04-19,389.5353088378906
2016-04-20,390.9436950683594
2016-04-21,404.89404296875
2016-04-22,408.91815185546875
2016-04-25,409.119384765625
2016-04-26,405.1622009277344
2016-04-27,407.0401916503906
2016-04-28,393.08990478515625
2016-05-02,382.5600891113281
2016-05-06,376.9263610839844
2016-05-09,380.2127380371094
2016-05-10,355.8667297363281
2016-05-11,351.3731384277344
2016-05-12,350.23297119140625
2016-05-13,342.0505676269531
2016-05-16,343.2578430175781
2016-05-17,344.12969970703125
2016-05-18,347.95263671875
2016-05-19,345.2698974609375
2016-05-20,340.2397155761719
2016-05-23,340.8433837890625
2016-05-24,337.8252258300781
2016-05-25,345.1357116699219
2016-05-26,342.7883605957031
2016-05-27,346.47711181640625
2016-05-30,351.5743713378906
2016-05-31,357.4093322753906
2016-06-01,352.8486633300781
2016-06-02,341.2457580566406
2016-06-03,340.8433837890625
2016-06-06,336.48394775390625
2016-06-07,338.56298828125
2016-06-08,336.8192443847656
2016-06-09,330.0452575683594
2016-06-10,330.5147399902344
2016-06-13,318.5765686035156
2016-06-14,318.911865234375
2016-06-15,316.8998107910156
2016-06-16,307.443115234375
2016-06-17,308.44915771484375
2016-06-20,319.1130676269531
2016-06-21,317.3022155761719
2016-06-22,313.1439514160156
2016-06-23,319.3143005371094
2016-06-24,294.2305603027344
2016-06-27,298.8583068847656
2016-06-28,296.1084899902344
2016-06-29,305.6993103027344
2016-06-30,308.1808776855469
2016-07-01,311.13189697265625
2016-07-04,315.0219421386719
2016-07-05,317.4364013671875
2016-07-06,311.4671936035156
2016-07-07,309.6563720703125
2016-07-08,307.8455505371094
2016-07-11,307.8455505371094
2016-07-12,324.8809509277344
2016-07-13,331.11834716796875
2016-07-14,332.19146728515625
2016-07-15,337.8252258300781
2016-07-19,341.0445556640625
2016-07-20,337.08758544921875
2016-07-21,338.4958801269531
2016-07-22,335.88031005859375
2016-07-25,333.0633544921875
2016-07-26,325.8871154785156
2016-07-27,327.29547119140625
2016-07-28,324.74688720703125
2016-07-29,322.7347717285156
2016-08-01,320.3203125
2016-08-02,314.2170715332031
2016-08-03,309.6563720703125
2016-08-04,318.5765686035156
2016-08-05,322.39947509765625
2016-08-08,327.2283935546875
2016-08-09,335.4107971191406
2016-08-10,330.58184814453125
2016-08-12,331.52081298828125
2016-08-15,326.423583984375
2016-08-16,324.2103576660156
2016-08-17,333.1304626464844
2016-08-18,327.6308288574219
2016-08-19,338.16064453125
2016-08-22,339.56903076171875
2016-08-23,333.8681640625
2016-08-24,337.9594421386719
2016-08-25,336.48394775390625
2016-08-26,333.8011779785156
2016-08-29,340.1055603027344
2016-08-30,340.3067626953125
2016-08-31,345.8734436035156
2016-09-01,347.3490295410156
2016-09-02,343.32489013671875
2016-09-05,348.422119140625
2016-09-06,349.4281311035156
2016-09-07,349.09283447265625
2016-09-08,350.7695007324219
2016-09-09,354.59246826171875
2016-09-12,349.29400634765625
2016-09-13,347.483154296875
2016-09-14,343.05657958984375
2016-09-15,338.8983154296875
2016-09-16,339.5019836425781
2016-09-20,341.3799133300781
2016-09-21,348.4892272949219
2016-09-23,348.0867919921875
2016-09-26,346.544189453125
2016-09-27,346.6783752441406
2016-09-28,346.8833312988281
2016-09-29,356.51708984375
2016-09-30,352.21258544921875
2016-10-03,353.2374572753906
2016-10-04,356.0387878417969
2016-10-05,360.0016784667969
2016-10-06,362.3246154785156
2016-10-07,363.28118896484375
2016-10-11,370.3868408203125
2016-10-12,366.4241638183594
2016-10-13,363.7594909667969
2016-10-14,365.3309631347656
2016-10-17,369.02044677734375
2016-10-18,368.9521484375
2016-10-19,372.0267333984375
2016-10-20,374.96466064453125
2016-10-21,374.48638916015625
2016-10-24,377.3560485839844
2016-10-25,375.6478576660156
2016-10-26,375.6478576660156
2016-10-27,375.4429016113281
2016-10-28,378.8591003417969
2016-10-31,377.6293029785156
2016-11-01,379.884033203125
2016-11-02,378.24420166015625
2016-11-04,366.5606994628906
2016-11-07,364.3061218261719
2016-11-08,369.4986267089844
2016-11-09,360.6848449707031
2016-11-10,380.9771423339844
2016-11-11,394.7786865234375
2016-11-14,406.5306091308594
2016-11-15,407.48712158203125
2016-11-16,410.425048828125
2016-11-17,411.0400085449219
2016-11-18,414.04620361328125
2016-11-21,412.6797790527344
2016-11-22,416.0277404785156
2016-11-24,429.8292236328125
2016-11-25,428.531005859375
2016-11-28,434.61187744140625
2016-11-29,432.7671203613281
2016-11-30,427.916015625
2016-12-01,439.8045959472656
2016-12-02,440.76104736328125
2016-12-05,439.3262939453125
2016-12-06,451.4197692871094
2016-12-07,456.8172607421875
2016-12-08,461.7366943359375
2016-12-09,465.08465576171875
2016-12-12,465.56292724609375
2016-12-13,467.27093505859375
2016-12-14,462.419921875
2016-12-15,459.20880126953125
2016-12-16,461.9417724609375
2016-12-19,460.84844970703125
2016-12-20,458.1155090332031
2016-12-21,461.8734436035156
2016-12-22,465.836181640625
2016-12-26,460.985107421875
2016-12-27,461.0534362792969
2016-12-28,461.8734436035156
2016-12-29,455.38262939453125
2016-12-30,452.8545837402344
2017-01-04,464.0598449707031
2017-01-05,463.44482421875
2017-01-06,459.0037536621094
2017-01-10,456.6123352050781
2017-01-11,463.0348815917969
2017-01-12,460.3019714355469
2017-01-13,463.30810546875
2017-01-16,461.9417724609375
2017-01-17,458.0472106933594
2017-01-18,461.12176513671875
2017-01-19,465.6995544433594
2017-01-20,469.79901123046875
2017-01-23,467.1344299316406
2017-01-24,468.5692138671875
2017-01-25,470.8922119140625
2017-01-26,477.5880126953125
2017-01-27,476.22149658203125
2017-01-30,473.4203186035156
2017-01-31,469.79901123046875
2017-02-01,467.9542541503906
2017-02-02,465.3579406738281
2017-02-03,461.9417724609375
2017-02-06,471.5071105957031
2017-02-07,475.12847900390625
2017-02-08,484.6938171386719
2017-02-09,481.89239501953125
2017-02-10,488.3833923339844
2017-02-13,492.9610900878906
2017-02-14,491.1163330078125
2017-02-15,498.3587646484375
2017-02-16,495.7622375488281
2017-02-17,497.81207275390625
2017-02-20,499.0418395996094
2017-02-21,503.072998046875
2017-02-22,504.0979309082031
2017-02-23,505.39617919921875
2017-02-24,501.3648681640625
2017-02-27,495.69384765625
2017-02-28,496.58221435546875
2017-03-01,502.7997131347656
2017-03-02,505.66943359375
2017-03-03,498.3587646484375
2017-03-06,498.9735412597656
2017-03-07,498.290283203125
2017-03-08,495.1475524902344
2017-03-09,498.42706298828125
2017-03-10,495.83062744140625
2017-03-13,496.4456481933594
2017-03-14,496.4456481933594
2017-03-15,494.6690673828125
2017-03-16,494.12261962890625
2017-03-17,493.98590087890625
2017-03-21,492.68768310546875
2017-03-22,479.97930908203125
2017-03-23,479.5693664550781
2017-03-24,477.246337890625
2017-03-27,473.2153015136719
2017-03-28,479.7743835449219
2017-03-29,485.4869079589844
2017-03-30,491.1295471191406
2017-03-31,477.5451354980469
2017-04-03,474.1315612792969
2017-04-04,468.5584411621094
2017-04-05,473.57421875
2017-04-06,471.97210693359375
2017-04-07,475.31585693359375
2017-04-10,480.8890686035156
2017-04-11,480.6103515625
2017-04-12,470.7877197265625
2017-04-13,459.43255615234375
2017-04-14,456.22802734375
2017-04-17,456.1582946777344
2017-04-18,455.9493713378906
2017-04-19,452.1875305175781
2017-04-20,451.5605163574219
2017-04-21,457.3426513671875
2017-04-24,456.9248046875
2017-04-25,462.7068176269531
2017-04-26,468.8371276855469
2017-04-27,471.48431396484375
2017-04-28,478.17218017578125
2017-05-01,482.28228759765625
2017-05-02,482.76995849609375
2017-05-08,488.7609558105469
2017-05-09,488.3430480957031
2017-05-10,504.1567077636719
2017-05-11,502.76348876953125
2017-05-12,499.6285095214844
2017-05-15,494.4735107421875
2017-05-16,499.14093017578125
2017-05-17,493.846435546875
2017-05-18,481.6553649902344
2017-05-19,479.2867736816406
2017-05-22,477.7541809082031
2017-05-23,473.85296630859375
2017-05-24,479.56549072265625
2017-05-25,480.8890686035156
2017-05-26,477.19683837890625
2017-05-29,474.68896484375
2017-05-30,476.0125732421875
2017-05-31,476.50018310546875
2017-06-01,478.24188232421875
2017-06-02,488.20361328125
2017-06-05,476.8485107421875
2017-06-06,470.3697204589844
2017-06-07,472.2507629394531
2017-06-08,469.3945007324219
2017-06-09,478.1025085449219
2017-06-12,487.2980651855469
2017-06-13,491.8262939453125
2017-06-14,489.87567138671875
2017-06-15,481.0283203125
2017-06-16,484.79022216796875
2017-06-19,481.0283203125
2017-06-20,483.4665832519531
2017-06-21,484.3720703125
2017-06-22,482.0732727050781
2017-06-23,482.49139404296875
2017-06-26,480.7496032714844
2017-06-27,488.6217346191406
2017-06-28,497.7477111816406
2017-06-29,502.2757873535156
2017-06-30,505.6195983886719
2017-07-03,506.3162841796875
2017-07-04,513.4219360351562
2017-07-05,518.9253540039062
2017-07-06,515.4422607421875
2017-07-07,515.1635131835938
2017-07-10,515.3030395507812
2017-07-11,516.4871826171875
2017-07-12,515.6511840820312
2017-07-13,511.2624206542969
2017-07-14,514.5364990234375
2017-07-17,514.5364990234375
2017-07-18,512.5162963867188
2017-07-19,509.24212646484375
2017-07-20,513.8400268554688
2017-07-21,510.8445129394531
2017-07-24,508.2668151855469
2017-07-25,508.1275939941406
2017-07-26,513.0040283203125
2017-07-27,509.4510192871094
2017-07-28,510.98370361328125
2017-07-31,509.4510192871094
2017-08-01,516.1387329101562
2017-08-02,499.0015869140625
2017-08-03,491.1295471191406
2017-08-04,483.4665832519531
2017-08-07,485.9047546386719
2017-08-08,486.671142578125
2017-08-09,482.9789123535156
2017-08-10,482.2126770019531
2017-08-11,482.2126770019531
2017-08-14,475.10699462890625
2017-08-15,482.7003173828125
2017-08-16,482.7003173828125
2017-08-17,485.9047546386719
2017-08-18,483.4665832519531
2017-08-21,483.7452087402344
2017-08-22,485.76556396484375
2017-08-23,485.5564270019531
2017-08-24,479.6351013183594
2017-08-25,484.302490234375
2017-08-28,490.4330749511719
2017-08-29,488.6913146972656
2017-08-30,491.54754638671875
2017-08-31,498.3746032714844
2017-09-01,499.4892272949219
2017-09-04,497.88690185546875
2017-09-05,495.6577453613281
2017-09-06,499.8375549316406
2017-09-07,501.8578186035156
2017-09-08,499.0015869140625
2017-09-11,503.18145751953125
2017-09-12,512.6556396484375
2017-09-13,510.2871398925781
2017-09-14,509.8691711425781
2017-09-15,514.0488891601562
2017-09-18,514.0488891601562
2017-09-19,517.5322265625
2017-09-20,522.687255859375
2017-09-21,533.2761840820312
2017-09-22,532.9279174804688
2017-09-25,535.5054931640625
2017-09-26,535.1571044921875
2017-09-27,535.0862426757812
2017-09-28,543.796630859375
2017-09-29,544.2215576171875
2017-10-02,543.8674926757812
2017-10-03,546.9833374023438
2017-10-04,543.5841064453125
2017-10-05,541.4597778320312
2017-10-06,539.3353271484375
2017-10-09,539.3353271484375
2017-10-10,518.798583984375
2017-10-11,518.5861206054688
2017-10-12,520.639892578125
2017-10-13,518.798583984375
2017-10-16,526.0927124023438
2017-10-17,529.704345703125
2017-10-18,526.44677734375
2017-10-19,526.1634521484375
2017-10-20,526.44677734375
2017-10-23,534.165771484375
2017-10-24,543.1593017578125
2017-10-25,543.0885620117188
2017-10-26,542.5928344726562
2017-10-27,546.7001342773438
2017-10-30,544.646484375
2017-10-31,535.865234375
2017-11-01,548.6121826171875
2017-11-02,540.8224487304688
2017-11-03,540.8224487304688
2017-11-06,556.8978271484375
2017-11-07,558.8095703125
2017-11-08,555.3397827148438
2017-11-09,552.365478515625
2017-11-10,545.9212646484375
2017-11-13,536.0069580078125
2017-11-14,532.3245239257812
2017-11-15,516.5325317382812
2017-11-16,511.3629455566406
2017-11-17,513.7705688476562
2017-11-20,510.5130310058594
2017-11-21,513.62890625
2017-11-22,516.1076049804688
2017-11-23,516.1076049804688
2017-11-24,512.7083740234375
2017-11-27,512.071044921875
2017-11-28,512.6375732421875
2017-11-29,520.4982299804688
2017-11-30,528.1463623046875
2017-12-01,529.1376953125
2017-12-04,525.667724609375
2017-12-05,529.4210205078125
2017-12-06,514.407958984375
2017-12-07,520.2857055664062
2017-12-08,525.809326171875
2017-12-11,530.7665405273438
2017-12-12,541.3890991210938
2017-12-13,541.105712890625
2017-12-14,541.105712890625
2017-12-15,538.1314697265625
2017-12-18,549.5328369140625
2017-12-19,553.2151489257812
2017-12-20,564.8999633789062
2017-12-21,564.2625122070312
2017-12-22,576.15966796875
2017-12-25,575.6638793945312
2017-12-26,568.299072265625
2017-12-27,578.9215087890625
2017-12-28,576.3720703125
2017-12-29,577.9299926757812
2018-01-01,577.9299926757812
2018-01-02,577.9299926757812
2018-01-03,577.9299926757812
2018-01-04,589.2606811523438
2018-01-05,598.041748046875
2018-01-08,598.041748046875
2018-01-09,594.2884521484375
2018-01-10,602.5032348632812
2018-01-11,605.4776000976562
2018-01-12,606.1148071289062
2018-01-15,610.6471557617188
2018-01-16,606.2564086914062
2018-01-17,597.1212158203125
2018-01-18,596.0588989257812
2018-01-19,609.7972412109375
2018-01-22,603.9901733398438
2018-01-23,599.5997924804688
2018-01-24,600.0955200195312
2018-01-25,598.466796875
2018-01-26,596.2006225585938
2018-01-29,599.3164672851562
2018-01-30,590.1812133789062
2018-01-31,579.4171752929688
2018-02-01,590.4644775390625
2018-02-02,592.5889282226562
2018-02-05,580.9043579101562
2018-02-06,576.15966796875
2018-02-07,556.189453125
2018-02-08,567.7325439453125
2018-02-09,559.022216796875
2018-02-12,559.022216796875
2018-02-13,554.20654296875
2018-02-14,545.425537109375
2018-02-15,546.7001342773438
2018-02-16,554.2774658203125
2018-02-19,575.380615234375
2018-02-20,573.9642333984375
2018-02-21,571.5565185546875
2018-02-22,565.8204956054688
2018-02-23,576.7969360351562
2018-02-26,586.5695190429688
2018-02-27,588.623291015625
2018-02-28,580.4793701171875
2018-03-01,567.2367553710938
2018-03-02,555.056396484375
2018-03-05,544.9296264648438
2018-03-06,548.045654296875
2018-03-07,544.7171630859375
2018-03-08,542.5928344726562
2018-03-09,542.3095703125
2018-03-12,557.3932495117188
2018-03-13,555.6937866210938
2018-03-14,554.1357421875
2018-03-15,553.3568725585938
2018-03-16,551.7990112304688
2018-03-19,544.0799560546875
2018-03-20,550.3118896484375
2018-03-21,550.3118896484375
2018-03-22,555.4813842773438
2018-03-23,535.4403076171875
2018-03-26,531.12060546875
2018-03-27,547.833251953125
2018-03-28,556.7568359375
2018-03-29,556.2490844726562
2018-03-30,558.57080078125
2018-04-02,556.5392456054688
2018-04-03,551.3156127929688
2018-04-04,551.6058349609375
2018-04-05,552.3313598632812
2018-04-06,554.8706665039062
2018-04-09,557.3373413085938
2018-04-10,569.3807373046875
2018-04-11,572.6455688476562
2018-04-12,568.5828857421875
2018-04-13,571.3397827148438
2018-04-16,569.6709594726562
2018-04-17,566.5513916015625
2018-04-18,572.7183227539062
2018-04-19,575.9104614257812
2018-04-20,581.351806640625
2018-04-23,587.3009643554688
2018-04-24,597.0953369140625
2018-04-25,600.432861328125
2018-04-26,596.3697509765625
2018-04-27,597.9660034179688
2018-04-30,597.9660034179688
2018-05-01,598.981689453125
2018-05-02,600.432861328125
2018-05-03,600.432861328125
2018-05-04,600.432861328125
2018-05-07,595.4266967773438
2018-05-08,623.7940673828125
2018-05-09,627.3490600585938
2018-05-10,628.9453125
2018-05-11,637.9415893554688
2018-05-14,629.9609985351562
2018-05-15,628.655029296875
2018-05-16,625.82568359375
2018-05-17,638.0140991210938
2018-05-18,639.3926391601562
2018-05-21,636.41796875
2018-05-22,647.9536743164062
2018-05-23,633.1532592773438
2018-05-24,621.9078369140625
2018-05-25,619.2960815429688
2018-05-28,613.8546142578125
2018-05-29,615.6683959960938
2018-05-30,606.7445678710938
2018-05-31,615.5233764648438
2018-06-01,620.8921508789062
2018-06-04,638.1593017578125
2018-06-05,637.7965698242188
2018-06-06,641.0613403320312
2018-06-07,647.0104370117188
2018-06-08,640.6985473632812
2018-06-11,638.7396850585938
2018-06-12,637.2161254882812
2018-06-13,637.7965698242188
2018-06-14,632.355224609375
2018-06-15,635.619873046875
2018-06-18,627.0590209960938
2018-06-19,617.40966796875
2018-06-20,611.1702880859375
2018-06-21,608.7760620117188
2018-06-22,602.1015014648438
2018-06-25,600.650390625
2018-06-26,600.722900390625
2018-06-27,605.2211303710938
2018-06-28,605.0034790039062
2018-06-29,613.1292114257812
2018-07-02,599.9249267578125
2018-07-03,594.9188842773438
2018-07-04,604.1328125
2018-07-05,595.0639038085938
2018-07-06,606.3818969726562
2018-07-09,608.5584716796875
2018-07-10,615.16064453125
2018-07-11,611.09765625
2018-07-12,609.7192993164062
2018-07-13,616.611572265625
2018-07-16,616.611572265625
2018-07-17,621.9078369140625
2018-07-18,627.7118530273438
2018-07-19,633.5885620117188
2018-07-20,619.3685913085938
2018-07-23,613.2017822265625
2018-07-24,611.8233032226562
2018-07-25,619.005859375
2018-07-26,627.4217529296875
2018-07-27,629.6708374023438
2018-07-30,628.872802734375
2018-07-31,617.2645263671875
2018-08-01,638.5946044921875
2018-08-02,649.0418701171875
2018-08-03,655.7167358398438
2018-08-06,651.3635864257812
2018-08-07,660.35986328125
2018-08-08,666.5991821289062
2018-08-09,665.80126953125
2018-08-10,660.9403686523438
2018-08-13,643.890869140625
2018-08-14,658.6912231445312
2018-08-15,658.4736328125
2018-08-16,647.0830688476562
2018-08-17,658.9812622070312
2018-08-20,649.5497436523438
2018-08-21,645.0516357421875
2018-08-22,662.391357421875
2018-08-23,655.934326171875
2018-08-24,662.2461547851562
2018-08-27,665.0031127929688
2018-08-28,671.6053466796875
2018-08-29,675.3778686523438
2018-08-30,663.4794921875
2018-08-31,661.3755493164062
2018-09-03,663.4070434570312
2018-09-04,662.0286254882812
2018-09-05,653.90283203125
2018-09-06,655.571533203125
2018-09-07,662.0286254882812
2018-09-10,657.6755981445312
2018-09-11,662.10107421875
2018-09-12,664.5678100585938
2018-09-13,683.2135009765625
2018-09-14,694.168701171875
2018-09-17,694.168701171875
2018-09-18,708.6065063476562
2018-09-19,723.62451171875
2018-09-20,722.100830078125
2018-09-21,735.6679077148438
2018-09-24,735.6679077148438
2018-09-25,744.01123046875
2018-09-26,745.8556518554688
2018-09-27,744.7490234375
2018-09-28,767.2501831054688
2018-10-01,772.0454711914062
2018-10-02,783.1116333007812
2018-10-03,765.774658203125
2018-10-04,779.791748046875
2018-10-05,769.4633178710938
2018-10-08,769.4633178710938
2018-10-09,773.8897705078125
2018-10-10,774.9963989257812
2018-10-11,727.4122314453125
2018-10-12,719.3707885742188
2018-10-15,715.0918579101562
2018-10-16,725.4939575195312
2018-10-17,723.4284057617188
2018-10-18,714.1329345703125
2018-10-19,705.6488037109375
2018-10-22,701.07470703125
2018-10-23,677.0244750976562
2018-10-24,674.0735473632812
2018-10-25,649.875732421875
2018-10-26,653.3431396484375
2018-10-29,654.2282104492188
2018-10-30,670.31103515625
2018-10-31,675.99169921875
2018-11-01,666.769775390625
2018-11-02,677.5409545898438
2018-11-05,633.7929077148438
2018-11-06,659.8350830078125
2018-11-07,639.6209716796875
2018-11-08,659.9825439453125
2018-11-09,653.78564453125
2018-11-12,657.9169311523438
2018-11-13,643.8262329101562
2018-11-14,629.513916015625
2018-11-15,632.2435913085938
2018-11-16,634.5307006835938
2018-11-19,636.2274169921875
2018-11-20,641.2442016601562
2018-11-21,623.6859741210938
2018-11-22,628.7762451171875
2018-11-23,628.7762451171875
2018-11-26,628.5548706054688
2018-11-27,628.1860961914062
2018-11-28,624.6448974609375
2018-11-29,628.4810791015625
2018-11-30,625.2350463867188
2018-12-03,643.531005859375
2018-12-04,623.2431640625
2018-12-05,617.9314575195312
2018-12-06,608.4146728515625
2018-12-07,611.5869140625
2018-12-10,595.7254638671875
2018-12-11,581.5609130859375
2018-12-12,603.2503662109375
2018-12-13,613.5789184570312
2018-12-14,612.3246459960938
2018-12-17,609.2260131835938
2018-12-18,601.1109619140625
2018-12-19,589.011962890625
2018-12-20,575.4376831054688
2018-12-21,564.150146484375
2018-12-24,564.150146484375
2018-12-25,524.6072387695312
2018-12-26,533.0912475585938
2018-12-27,570.19970703125
2018-12-28,569.8307495117188
2018-12-31,569.8307495117188
2019-01-04,562.6746826171875
2019-01-07,583.1838989257812
2019-01-08,584.5855712890625
2019-01-09,592.258056640625
2019-01-10,588.938232421875
2019-01-11,586.7987060546875
2019-01-15,590.4876098632812
2019-01-16,584.4380493164062
2019-01-17,592.7008056640625
2019-01-18,604.1356811523438
2019-01-21,612.3983764648438
2019-01-22,601.9962158203125
2019-01-23,600.8157958984375
2019-01-24,609.521240234375
2019-01-25,613.5048828125
2019-01-28,604.5046997070312
2019-01-29,606.7916259765625
2019-01-30,620.2921752929688
2019-01-31,624.5711059570312
2019-02-01,613.5789184570312
2019-02-04,621.9890747070312
2019-02-05,626.2679443359375
2019-02-06,624.3497924804688
2019-02-07,613.800048828125
2019-02-08,567.3961791992188
2019-02-12,577.355712890625
2019-02-13,582.8150024414062
2019-02-14,581.9296264648438
2019-02-15,581.0444946289062
2019-02-18,594.692626953125
2019-02-19,595.7254638671875
2019-02-20,605.8324584960938
2019-02-21,604.1356811523438
2019-02-22,595.356689453125
2019-02-25,593.2908935546875
2019-02-26,591.88916015625
2019-02-27,591.6679077148438
2019-02-28,586.2823486328125
2019-03-01,586.7249755859375
2019-03-04,588.6431274414062
2019-03-05,585.3232421875
2019-03-06,581.4132690429688
2019-03-07,577.355712890625
2019-03-08,564.8880004882812
2019-03-11,569.9044799804688
2019-03-12,578.831298828125
2019-03-13,572.339111328125
2019-03-14,577.724609375
2019-03-15,574.9212036132812
2019-03-18,574.40478515625
2019-03-19,580.3068237304688
2019-03-20,584.8069458007812
2019-03-22,594.5450439453125
2019-03-25,578.6836547851562
2019-03-26,593.6598510742188
2019-03-27,588.760986328125
2019-03-28,577.8330078125
2019-03-29,576.5516967773438
2019-04-01,595.2424926757812
2019-04-02,592.4539794921875
2019-04-03,596.59912109375
2019-04-04,597.8801879882812
2019-04-05,604.587890625
2019-04-08,605.9444580078125
2019-04-09,602.1009521484375
2019-04-10,594.86572265625
2019-04-11,590.042236328125
2019-04-12,592.9815063476562
2019-04-15,604.6632690429688
2019-04-16,598.33251953125
2019-04-17,604.587890625
2019-04-18,597.2020874023438
2019-04-19,598.1818237304688
2019-04-22,604.9647216796875
2019-04-23,611.6722412109375
2019-04-24,596.071533203125
2019-04-25,598.7093505859375
2019-04-26,599.2368774414062
2019-05-07,581.52587890625
2019-05-08,565.8496704101562
2019-05-09,543.3905639648438
2019-05-10,538.03955078125
2019-05-13,534.7987670898438
2019-05-14,529.9754028320312
2019-05-15,532.1610107421875
2019-05-16,527.9404296875
2019-05-17,533.74365234375
2019-05-20,525.453369140625
2019-05-21,524.850341796875
2019-05-22,529.6740112304688
2019-05-23,526.8098754882812
2019-05-24,521.9865112304688
2019-05-27,524.7749633789062
2019-05-28,523.5692749023438
2019-05-29,516.6356201171875
2019-05-30,525.7548217773438
2019-05-31,515.0529174804688
2019-06-03,506.536376953125
2019-06-04,515.2035522460938
2019-06-05,522.2879638671875
2019-06-06,521.3081665039062
2019-06-07,526.3577880859375
2019-06-10,531.708740234375
2019-06-11,543.5411987304688
2019-06-12,549.8721923828125
2019-06-13,538.4917602539062
2019-06-14,539.0193481445312
2019-06-17,538.1903076171875
2019-06-18,527.48828125
2019-06-19,550.9271850585938
2019-06-20,543.1644897460938
2019-06-21,549.04296875
2019-06-24,549.5704956054688
2019-06-25,546.8574829101562
2019-06-26,542.8629150390625
2019-06-27,543.315185546875
2019-06-28,537.361328125
2019-07-01,558.9912719726562
2019-07-02,561.7799682617188
2019-07-03,549.9473266601562
2019-07-04,555.5997924804688
2019-07-05,553.7910766601562
2019-07-08,553.8665161132812
2019-07-09,553.0372924804688
2019-07-10,547.0081176757812
2019-07-11,544.219482421875
2019-07-12,550.1735229492188
2019-07-16,544.1442260742188
2019-07-17,541.5064086914062
2019-07-18,527.3375854492188
2019-07-19,537.8887939453125
2019-07-22,538.5670166015625
2019-07-23,543.3905639648438
2019-07-24,546.7067260742188
2019-07-25,544.5963134765625
2019-07-26,538.341064453125
2019-07-29,537.738037109375
2019-07-30,540.9033813476562
2019-07-31,535.1002197265625
2019-08-01,535.8538818359375
2019-08-02,517.916748046875
2019-08-05,506.9885559082031
2019-08-06,510.4554443359375
2019-08-07,500.43182373046875
2019-08-08,493.1212158203125
2019-08-09,495.5329284667969
2019-08-13,482.7208251953125
2019-08-14,494.7793884277344
2019-08-15,494.7793884277344
2019-08-16,497.79388427734375
2019-08-19,509.0989074707031
2019-08-20,512.339599609375
2019-08-21,508.6467590332031
2019-08-22,513.394775390625
2019-08-23,508.6467590332031
2019-08-26,500.6578674316406
2019-08-27,502.01446533203125
2019-08-28,500.6578674316406
2019-08-29,503.8232421875
2019-08-30,511.0583801269531
2019-09-02,506.2350158691406
2019-09-03,510.4554443359375
2019-09-04,505.1798400878906
2019-09-05,516.2587280273438
2019-09-06,524.3228149414062
2019-09-09,528.6188354492188
2019-09-10,546.7067260742188
2019-09-11,558.0870361328125
2019-09-12,563.3627319335938
2019-09-13,564.3423461914062
2019-09-17,577.8330078125
2019-09-18,568.1107788085938
2019-09-19,567.6585083007812
2019-09-20,568.2613525390625
2019-09-24,567.432373046875
2019-09-25,567.432373046875
2019-09-26,569.693359375
2019-09-27,561.5924072265625
2019-09-30,553.7228393554688
2019-10-01,562.6724853515625
2019-10-02,549.865234375
2019-10-03,539.7581176757812
2019-10-04,535.5147705078125
2019-10-07,535.9005737304688
2019-10-08,557.5804443359375
2019-10-09,548.7078857421875
2019-10-10,553.3370971679688
2019-10-11,566.6844482421875
2019-10-15,575.634033203125
2019-10-16,567.841796875
2019-10-17,564.4469604492188
2019-10-18,566.067138671875
2019-10-21,572.2393798828125
2019-10-23,577.5629272460938
2019-10-24,580.5718994140625
2019-10-25,581.0347290039062
2019-10-28,581.5747680664062
2019-10-29,587.8241577148438
2019-10-30,591.527587890625
2019-10-31,590.8330078125
2019-11-01,583.3493041992188
2019-11-05,592.916259765625
2019-11-06,605.4921264648438
2019-11-07,606.2635498046875
2019-11-08,617.37353515625
2019-11-11,621.925537109375
2019-11-12,629.4863891601562
2019-11-13,620.8455200195312
2019-11-14,612.4357299804688
2019-11-15,625.7059936523438
2019-11-18,625.3973999023438
2019-11-19,621.076904296875
2019-11-20,612.4357299804688
2019-11-21,615.2133178710938
2019-11-22,614.8275146484375
2019-11-25,621.2311401367188
2019-11-26,620.9224853515625
2019-11-27,624.7030029296875
2019-11-28,626.1688842773438
2019-11-29,623.5457153320312
2019-12-02,636.6616821289062
2019-12-03,628.9463500976562
2019-12-04,627.4033203125
2019-12-05,637.3560180664062
2019-12-06,636.4302978515625
2019-12-09,641.1365356445312
2019-12-10,639.7478637695312
2019-12-11,635.2728881835938
2019-12-12,628.7149047851562
2019-12-13,646.3057250976562
2019-12-16,639.5934448242188
2019-12-17,642.679443359375
2019-12-18,636.50732421875
2019-12-19,631.8782348632812
2019-12-20,629.5636596679688
2019-12-23,627.4805297851562
2019-12-24,624.7030029296875
2019-12-25,623.3912963867188
2019-12-26,628.8692016601562
2019-12-27,630.3350830078125
2019-12-30,625.3973999023438
2020-01-06,623.7772216796875
2020-01-07,632.2638549804688
2020-01-08,621.1539916992188
2020-01-09,632.572509765625
2020-01-10,633.4212646484375
2020-01-14,634.0385131835938
2020-01-15,627.8662719726562
2020-01-16,625.2431030273438
2020-01-17,632.7269287109375
2020-01-20,639.2848510742188
2020-01-21,638.6675415039062
2020-01-22,636.4302978515625
2020-01-23,626.7861328125
2020-01-24,627.171875
2020-01-27,618.6851806640625
2020-01-28,611.664306640625
2020-01-29,617.37353515625
2020-01-30,605.4149169921875
2020-01-31,613.5159912109375
2020-02-03,606.1091918945312
2020-02-04,614.1331787109375
2020-02-05,615.2904052734375
2020-02-06,627.017578125
2020-02-07,623.7772216796875
2020-02-10,617.4507446289062
2020-02-12,611.3556518554688
2020-02-13,612.7445068359375
2020-02-14,610.1211547851562
2020-02-17,609.2726440429688
2020-02-18,605.8005981445312
2020-02-19,607.0350952148438
2020-02-20,609.1181030273438
2020-02-21,608.5780639648438
2020-02-25,584.4295043945312
2020-02-26,584.7380981445312
2020-02-27,574.7853393554688
2020-02-28,553.0284423828125
2020-03-02,548.013427734375
2020-03-03,544.3873291015625
2020-03-04,541.7642211914062
2020-03-05,539.91259765625
2020-03-06,515.378173828125
2020-03-09,471.7098388671875
2020-03-10,465.4604797363281
2020-03-11,458.20819091796875
2020-03-12,437.68560791015625
2020-03-13,414.23126220703125
2020-03-16,413.614013671875
2020-03-17,414.6941833496094
2020-03-18,403.738525390625
2020-03-19,402.812744140625
2020-03-23,415.3885498046875
2020-03-24,443.0862731933594
2020-03-25,481.1222839355469
2020-03-26,424.41534423828125
2020-03-27,455.8163757324219
2020-03-30,447.1500549316406
2020-03-31,428.54534912109375
2020-04-01,414.31353759765625
2020-04-02,396.185791015625
2020-04-03,396.7423095703125
2020-04-06,402.9439392089844
2020-04-07,412.64385986328125
2020-04-08,410.2585754394531
2020-04-09,409.0660400390625
2020-04-10,412.48480224609375
2020-04-13,395.54974365234375
2020-04-14,398.96856689453125
2020-04-15,399.5251159667969
2020-04-16,395.2316589355469
2020-04-17,396.66278076171875
2020-04-20,393.8800354003906
2020-04-21,378.9326477050781
2020-04-22,374.0826721191406
2020-04-23,396.1063232421875
2020-04-24,398.0144958496094
2020-04-27,410.8946533203125
2020-04-28,404.69305419921875
2020-04-30,416.6192321777344
2020-05-01,401.2742919921875
2020-05-07,370.266357421875
2020-05-08,374.7982482910156
2020-05-11,395.54974365234375
2020-05-12,383.7825927734375
2020-05-13,376.865478515625
2020-05-14,362.7131042480469
2020-05-15,369.7097473144531
2020-05-18,374.0826721191406
2020-05-19,381.6358947753906
2020-05-20,383.8620910644531
2020-05-21,387.3605041503906
2020-05-22,377.7401123046875
2020-05-25,387.6784973144531
2020-05-26,400.3201904296875
2020-05-27,414.94952392578125
2020-05-28,420.9920654296875
2020-05-29,416.0626525878906
2020-06-01,412.5643615722656
2020-06-02,421.628173828125
2020-06-03,432.36163330078125
2020-06-04,427.9887390136719
2020-06-05,439.91485595703125
2020-06-08,458.9966735839844
2020-06-09,442.3796081542969
2020-06-10,436.6551208496094
2020-06-11,415.66510009765625
2020-06-12,410.4970703125
2020-06-15,398.0144958496094
2020-06-16,421.4691162109375
2020-06-17,413.3594055175781
2020-06-18,407.1578063964844
2020-06-19,405.4881591796875
2020-06-22,402.3873596191406
2020-06-23,406.4422607421875
2020-06-24,399.2865295410156
2020-06-25,389.2685546875
2020-06-26,395.1521911621094
2020-06-29,384.6571350097656
2020-06-30,387.5989685058594
2020-07-01,381.9539489746094
2020-07-02,385.0547790527344
2020-07-03,382.98760986328125
2020-07-06,392.4489440917969
2020-07-07,386.724365234375
2020-07-08,383.941650390625
2020-07-09,380.92034912109375
2020-07-10,373.1285705566406
2020-07-13,389.50714111328125
2020-07-14,392.4489440917969
2020-07-15,404.613525390625
2020-07-16,410.2585754394531
2020-07-17,407.8733825683594
2020-07-20,413.5184020996094
2020-07-21,409.384033203125
2020-07-22,406.12420654296875
2020-07-27,409.54302978515625
2020-07-28,403.10296630859375
2020-07-29,398.96856689453125
2020-07-30,397.85540771484375
2020-07-31,385.61126708984375
2020-08-03,394.43658447265625
2020-08-04,437.92718505859375
2020-08-05,452.7951354980469
2020-08-06,452.3180847167969
2020-08-07,450.8074645996094
2020-08-11,464.3238220214844
2020-08-12,475.2956237792969
2020-08-13,465.2778015136719
2020-08-14,463.8467102050781
2020-08-17,460.10980224609375
2020-08-18,459.6326904296875
2020-08-19,454.22625732421875
2020-08-20,449.61474609375
2020-08-21,459.7917785644531
2020-08-24,458.6786804199219
2020-08-25,469.0940856933594
2020-08-26,470.0481872558594
2020-08-27,463.6081237792969
2020-08-28,464.4826965332031
2020-08-31,508.5298156738281
2020-09-01,514.7315063476562
2020-09-02,513.85693359375
2020-09-03,517.5142211914062
2020-09-04,513.5388793945312
2020-09-07,518.6273193359375
2020-09-08,519.2633056640625
2020-09-09,510.5970458984375
2020-09-10,522.2050170898438
2020-09-11,520.77392578125
2020-09-14,526.3395385742188
2020-09-15,524.2722778320312
2020-09-16,517.59375
2020-09-17,507.2577819824219
2020-09-18,504.6340026855469
2020-09-23,502.5667419433594
2020-09-24,495.57012939453125
2020-09-25,495.96759033203125
2020-09-28,503.9183044433594
2020-09-29,504.3229675292969
2020-09-30,481.0202941894531
2020-10-02,485.5514221191406
2020-10-05,499.30633544921875
2020-10-06,502.0574645996094
2020-10-07,500.7628173828125
2020-10-08,496.5555419921875
2020-10-09,492.1862487792969
2020-10-12,489.1924743652344
2020-10-13,487.6551208496094
2020-10-14,479.2403869628906
2020-10-15,473.65753173828125
2020-10-16,472.8482971191406
2020-10-19,482.23406982421875
2020-10-20,475.27569580078125
2020-10-21,479.9684753417969
2020-10-22,471.3110046386719
2020-10-23,477.46026611328125
2020-10-26,476.1656799316406
2020-10-27,468.7217712402344
2020-10-28,457.1514587402344
2020-10-29,453.9957580566406
2020-10-30,439.5126953125
2020-11-02,456.9087219238281
2020-11-04,473.333740234375
2020-11-05,460.1451110839844
2020-11-06,467.02264404296875
2020-11-09,471.5537414550781
2020-11-10,496.7173767089844
2020-11-11,510.39129638671875
2020-11-12,492.5906677246094
2020-11-13,479.5639343261719
2020-11-16,493.8854675292969
2020-11-17,498.3355407714844
2020-11-18,491.5389099121094
2020-11-19,494.1281433105469
2020-11-20,492.34808349609375
2020-11-24,513.8705444335938
2020-11-25,516.8643798828125
2020-11-26,518.3207397460938
2020-11-27,520.4244384765625
2020-11-30,492.34808349609375
2020-12-01,506.7503967285156
2020-12-02,509.82489013671875
2020-12-03,508.77313232421875
2020-12-04,504.8085021972656
2020-12-07,516.6215209960938
2020-12-08,516.459716796875
2020-12-09,528.27294921875
2020-12-10,535.95947265625
2020-12-11,543.3224487304688
2020-12-14,552.384521484375
2020-12-15,542.3515014648438
2020-12-16,553.7600708007812
2020-12-17,551.009033203125
2020-12-18,555.2164916992188
2020-12-21,548.3389282226562
2020-12-22,538.6295776367188
2020-12-23,533.8557739257812
2020-12-24,544.2125244140625
2020-12-25,549.3099975585938
2020-12-28,552.8699951171875
2020-12-29,561.6083984375
2020-12-30,555.135498046875
2021-01-04,542.2705688476562
2021-01-05,548.0963134765625
2021-01-06,564.6022338867188
2021-01-07,589.03759765625
2021-01-08,588.2284545898438
2021-01-12,596.3197021484375
2021-01-13,605.8672485351562
2021-01-14,609.8319091796875
2021-01-15,600.365234375
2021-01-18,591.1411743164062
2021-01-19,588.5521240234375
2021-01-20,586.5293579101562
2021-01-21,590.3321533203125
2021-01-22,584.425537109375
2021-01-25,581.3510131835938
2021-01-26,570.8324584960938
2021-01-27,579.6517333984375
2021-01-28,572.6124877929688
2021-01-29,561.770263671875
2021-02-01,568.971435546875
2021-02-02,580.7037353515625
2021-02-03,613.1492919921875
2021-02-04,592.1123657226562
2021-02-05,596.7241821289062
2021-02-08,601.8216552734375
2021-02-09,599.151611328125
2021-02-10,596.3197021484375
2021-02-12,594.6205444335938
2021-02-15,599.6370239257812
2021-02-16,611.9356689453125
2021-02-17,639.36474609375
2021-02-18,629.008056640625
2021-02-19,624.9624633789062
2021-02-22,636.4518432617188
2021-02-24,635.4000244140625
2021-02-25,666.712890625
2021-02-26,640.5784301757812
2021-03-01,659.9163208007812
2021-03-02,644.0574951171875
2021-03-03,670.758544921875
2021-03-04,665.0946655273438
2021-03-05,665.499267578125
2021-03-08,683.78515625
2021-03-09,699.6439819335938
2021-03-10,695.7601928710938
2021-03-11,709.677001953125
2021-03-12,734.6787109375
2021-03-15,736.3778076171875
2021-03-16,750.618408203125
2021-03-17,740.5851440429688
2021-03-18,741.6371459960938
2021-03-19,756.8485717773438
2021-03-22,770.1180419921875
2021-03-23,751.7511596679688
2021-03-24,732.17041015625
2021-03-25,747.4628295898438
2021-03-26,760.1658935546875
2021-03-29,761.7841796875
2021-03-30,763.01220703125
2021-03-31,753.843017578125
2021-04-01,746.0654296875
2021-04-02,727.8087158203125
2021-04-05,758.0182495117188
2021-04-06,740.9896240234375
2021-04-07,755.5621337890625
2021-04-08,740.3346557617188
2021-04-09,746.0654296875
2021-04-12,746.4747924804688
2021-04-13,750.0769653320312
2021-04-14,732.0659790039062
2021-04-15,742.5450439453125
2021-04-16,749.7494506835938
2021-04-19,752.8605346679688
2021-04-20,737.3056030273438
2021-04-21,721.9142456054688
2021-04-22,731.0017700195312
2021-04-23,726.0896606445312
2021-04-26,736.4050903320312
2021-04-27,731.9840698242188
2021-04-28,737.4693603515625
2021-04-30,743.85498046875
2021-05-06,763.1759033203125
2021-05-07,783.3155517578125
2021-05-10,812.6243896484375
2021-05-11,805.66552734375
2021-05-12,770.1347045898438
2021-05-13,753.5154418945312
2021-05-14,760.2285766601562
2021-05-17,754.8253784179688
2021-05-18,773.9826049804688
2021-05-19,760.5562133789062
2021-05-20,746.8842163085938
2021-05-21,754.66162109375
2021-05-24,770.2166137695312
2021-05-25,771.6083984375
2021-05-26,777.5028686523438
2021-05-27,774.2280883789062
2021-05-28,808.8583374023438
2021-05-31,791.91162109375
2021-06-01,794.7770385742188
2021-06-02,811.8875732421875
2021-06-03,812.8699340820312
2021-06-04,830.5535278320312
2021-06-07,829.3255615234375
2021-06-08,820.729248046875
2021-06-09,816.96337890625
2021-06-10,821.9573974609375
2021-06-11,819.5012817382812
2021-06-14,825.6414184570312
2021-06-15,813.6886596679688
2021-06-16,824.8226928710938
2021-06-17,816.1446533203125
2021-06-18,790.6837158203125
2021-06-21,762.52099609375
2021-06-22,800.75341796875
2021-06-23,797.80615234375
2021-06-24,804.355712890625
2021-06-25,811.8875732421875
2021-06-28,812.6243896484375
2021-06-29,802.71826171875
2021-06-30,790.9293212890625
2021-07-01,788.9644775390625
2021-07-02,797.3150024414062
2021-07-05,789.6193237304688
2021-07-06,795.759521484375
2021-07-07,777.6666259765625
2021-07-08,771.4446411132812
2021-07-09,774.7192993164062
2021-07-12,791.0111694335938
2021-07-13,805.8292846679688
2021-07-14,786.3446655273438
2021-07-15,784.13427734375
2021-07-16,784.216064453125
2021-07-19,774.9649658203125
2021-07-20,753.5973510742188
2021-07-21,763.4215698242188
2021-07-26,782.3331298828125
2021-07-27,780.040771484375
2021-07-28,778.5670776367188
2021-07-29,782.4969482421875
2021-07-30,758.0182495117188
2021-08-02,781.3507690429688
2021-08-03,814.5072631835938
2021-08-04,769.5615234375
2021-08-05,747.1296997070312
2021-08-06,747.1296997070312
2021-08-10,733.0485229492188
2021-08-11,745.4923706054688
2021-08-12,752.1237182617188
2021-08-13,758.1819458007812
2021-08-16,741.48095703125
2021-08-17,740.2528686523438
2021-08-18,741.8082885742188
2021-08-19,714.7918090820312
2021-08-20,692.3598022460938
2021-08-23,694.5703125
2021-08-24,706.686767578125
2021-08-25,707.0960693359375
2021-08-26,701.9384155273438
2021-08-27,693.5059204101562
2021-08-30,717.6571655273438
2021-08-31,716.8385009765625
2021-09-01,725.4345703125
2021-09-02,719.949462890625
2021-09-03,734.1126708984375
2021-09-06,737.3873901367188
2021-09-07,744.2642822265625
2021-09-08,755.807861328125
2021-09-09,762.2754516601562
2021-09-10,766.0413208007812
2021-09-13,775.8655395507812
2021-09-14,793.549072265625
2021-09-15,785.6077270507812
2021-09-16,783.3155517578125
2021-09-17,781.0231323242188
2021-09-21,756.7902221679688
2021-09-22,724.5340576171875
2021-09-24,743.0362548828125
2021-09-27,756.2990112304688
2021-09-28,770.2985229492188
2021-09-29,774.0009155273438
2021-09-30,785.2769775390625
2021-10-01,759.0223999023438
2021-10-04,763.9031372070312
2021-10-05,771.2240600585938
2021-10-06,777.1146240234375
2021-10-07,770.9715576171875
2021-10-08,778.9657592773438
2021-10-11,802.106689453125
2021-10-12,804.5469970703125
2021-10-13,802.4432983398438
2021-10-14,794.869873046875
2021-10-15,809.5117797851562
2021-10-18,823.22802734375
2021-10-19,815.4022216796875
2021-10-20,807.23974609375
2021-10-21,804.9677734375
2021-10-22,798.572509765625
2021-10-25,804.8836669921875
2021-10-26,817.0010986328125
2021-10-27,821.7974243164062
2021-10-28,801.5176391601562
2021-10-29,808.8385620117188
2021-11-01,828.0245971679688
2021-11-02,855.7937622070312
2021-11-04,863.7877807617188
2021-11-05,857.055908203125
2021-11-08,873.0442504882812
2021-11-09,851.5862426757812
2021-11-10,841.9090576171875
2021-11-11,849.9032592773438
2021-11-12,863.7877807617188
2021-11-15,857.8973388671875
2021-11-16,865.4707641601562
2021-11-17,850.7447509765625
2021-11-18,853.6900634765625
2021-11-19,870.5196533203125
2021-11-22,881.0382690429688
2021-11-24,897.4473266601562
2021-11-25,911.7525024414062
2021-11-26,886.9288330078125
2021-11-29,870.098876953125
2021-11-30,856.21435546875
2021-12-01,855.3729248046875
2021-12-02,841.3200073242188
2021-12-03,860.8426513671875
2021-12-06,858.318115234375
2021-12-07,900.8132934570312
2021-12-08,902.0755004882812
2021-12-09,886.9288330078125
2021-12-10,881.4591064453125
2021-12-13,878.5137939453125
2021-12-14,882.7213134765625
2021-12-15,893.6605834960938
2021-12-16,904.1793823242188
2021-12-17,908.3867797851562
2021-12-20,886.508056640625
2021-12-21,898.288818359375
2021-12-22,902.9171142578125
2021-12-23,927.7409057617188
2021-12-24,927.3201293945312
2021-12-27,929.0032348632812
2021-12-28,943.729248046875
2021-12-29,945.8328857421875
2021-12-30,942.04638671875
2022-01-04,960.1382446289062
2022-01-05,963.9249877929688
2022-01-06,947.5159301757812
2022-01-07,941.2047729492188
2022-01-11,947.9365234375
2022-01-12,974.4434204101562
2022-01-13,1004.7371826171875
2022-01-14,989.5902709960938
2022-01-17,1000.1088256835938
2022-01-18,989.1697998046875
2022-01-19,969.3945922851562
2022-01-20,979.07177734375
2022-01-21,964.345703125
2022-01-24,976.1264038085938
2022-01-25,950.8818969726562
2022-01-26,944.9913940429688
2022-01-27,958.0343017578125
2022-01-28,988.748779296875
2022-01-31,992.5355834960938
2022-02-01,982.8584594726562
2022-02-02,1013.57275390625
2022-02-03,1024.9327392578125
2022-02-04,984.1206665039062
2022-02-07,992.5355834960938
2022-02-08,1001.7919921875
2022-02-09,1019.4631958007812
2022-02-10,1024.091552734375
2022-02-14,1027.8779296875
2022-02-15,995.0599975585938
2022-02-16,1011.8898315429688
2022-02-17,1033.7685546875
2022-02-18,1040.921142578125
2022-02-21,1040.500244140625
2022-02-22,1017.3593139648438
2022-02-24,986.645263671875
2022-02-25,1011.4690551757812
2022-02-28,1012.731201171875
2022-03-01,1022.4082641601562
2022-03-02,1041.762451171875
2022-03-03,1089.7275390625
2022-03-04,1086.3614501953125
2022-03-07,1107.398681640625
2022-03-08,1041.3419189453125
2022-03-09,1062.379150390625
2022-03-10,1088.885986328125
2022-03-11,1119.6002197265625
2022-03-14,1129.6981201171875
2022-03-15,1113.2891845703125
2022-03-16,1142.7412109375
2022-03-17,1131.8017578125
2022-03-18,1153.6805419921875
2022-03-22,1201.6453857421875
2022-03-23,1225.6278076171875
2022-03-24,1236.988037109375
2022-03-25,1250.4517822265625
2022-03-28,1241.1951904296875
2022-03-29,1240.7745361328125
2022-03-30,1242.5001220703125
2022-03-31,1230.42041015625
2022-04-01,1226.9691162109375
2022-04-04,1211.437744140625
2022-04-05,1211.437744140625
2022-04-06,1211.437744140625
2022-04-07,1196.7694091796875
2022-04-08,1155.3525390625
2022-04-11,1176.492431640625
2022-04-12,1179.94384765625
2022-04-13,1214.457763671875
2022-04-14,1250.2657470703125
2022-04-15,1249.403076171875
2022-04-18,1252.8543701171875
2022-04-19,1262.77734375
2022-04-20,1277.445556640625
2022-04-21,1254.580078125
2022-04-22,1256.7373046875
2022-04-25,1220.92919921875
2022-04-26,1204.103515625
2022-04-27,1187.278076171875
2022-04-28,1227.4005126953125
2022-05-02,1230.42041015625
2022-05-06,1226.9691162109375
2022-05-09,1164.41259765625
2022-05-10,1108.7589111328125
2022-05-11,1107.033203125
2022-05-12,1132.055908203125
2022-05-13,1142.41015625
2022-05-16,1132.918701171875
2022-05-17,1167.4326171875
2022-05-18,1180.8067626953125
2022-05-19,1164.843994140625
2022-05-20,1173.904052734375
2022-05-23,1165.7069091796875
2022-05-24,1179.94384765625
2022-05-25,1182.1009521484375
2022-05-26,1181.669677734375
2022-05-27,1151.4698486328125
2022-05-30,1181.669677734375
2022-05-31,1167.8641357421875
2022-06-01,1195.4749755859375
2022-06-02,1198.0635986328125
2022-06-03,1194.1807861328125
2022-06-06,1211.437744140625
2022-06-07,1225.2432861328125
2022-06-08,1252.8543701171875
2022-06-09,1267.091552734375
2022-06-10,1251.9915771484375
2022-06-13,1208.84912109375
2022-06-14,1180.3751220703125
2022-06-15,1150.1756591796875
2022-06-16,1160.5296630859375
2022-06-17,1144.9986572265625
2022-06-20,1069.9307861328125
2022-06-21,1093.2275390625
2022-06-22,1074.676513671875
2022-06-23,1053.5367431640625
2022-06-24,1049.6539306640625
2022-06-27,1062.5965576171875
2022-06-28,1076.8336181640625
2022-06-29,1074.676513671875
2022-06-30,1056.1253662109375
2022-07-01,1028.5140380859375
2022-07-04,1056.1253662109375
2022-07-05,1066.048095703125
2022-07-06,1015.5714111328125
2022-07-07,1008.668701171875
2022-07-08,1021.1801147460938
2022-07-11,1039.731201171875
2022-07-12,1018.159912109375
2022-07-13,1018.159912109375
2022-07-14,1024.6314697265625
2022-07-15,1025.9254150390625
2022-07-19,1046.2025146484375
2022-07-20,1071.656494140625
2022-07-21,1060.0081787109375
2022-07-22,1056.1253662109375
2022-07-25,1057.850830078125
2022-07-26,1064.3221435546875
2022-07-27,1064.7537841796875
2022-07-28,1065.6165771484375
2022-07-29,1063.8909912109375
2022-08-01,1097.5419921875
2022-08-02,1072.9508056640625
2022-08-03,1081.1478271484375
2022-08-04,1069.9307861328125
2022-08-05,1131.624267578125
2022-08-08,1166.5697021484375
2022-08-09,1151.4698486328125
2022-08-10,1141.5472412109375
2022-08-12,1166.5697021484375
2022-08-15,1170.8839111328125
2022-08-16,1158.8040771484375
2022-08-17,1187.7095947265625
2022-08-18,1176.9239501953125
2022-08-19,1200.652099609375
2022-08-22,1211.0064697265625
2022-08-23,1207.5550537109375
2022-08-24,1225.6748046875
2022-08-25,1227.831787109375
2022-08-26,1241.2060546875
2022-08-29,1235.5975341796875
2022-08-30,1262.3458251953125
2022-08-31,1252.8543701171875
2022-09-01,1199.7891845703125
2022-09-02,1189.86669921875
2022-09-05,1204.5350341796875
2022-09-06,1202.8092041015625
2022-09-07,1190.2979736328125
2022-09-08,1210.5750732421875
2022-09-09,1217.4779052734375
2022-09-12,1219.634765625
2022-09-13,1227.831787109375
2022-09-14,1226.106201171875
2022-09-15,1220.92919921875
2022-09-16,1198.9263916015625
2022-09-20,1220.4976806640625
2022-09-21,1201.5150146484375
2022-09-22,1207.9864501953125
2022-09-26,1142.841552734375
2022-09-27,1147.155517578125
2022-09-28,1135.9388427734375
2022-09-29,1153.70166015625
2022-09-30,1126.1690673828125
2022-10-03,1139.935302734375
2022-10-04,1220.3126220703125
2022-10-05,1218.980224609375
2022-10-06,1232.74658203125
2022-10-07,1211.875
2022-10-11,1179.4578857421875
2022-10-12,1168.7999267578125
2022-10-13,1142.15576171875
2022-10-14,1187.451171875
2022-10-17,1163.47119140625
2022-10-18,1172.796630859375
2022-10-19,1166.1358642578125
2022-10-20,1164.359375
2022-10-21,1154.5897216796875
2022-10-24,1166.57958984375
2022-10-25,1181.2342529296875
2022-10-26,1167.4677734375
2022-10-27,1158.1424560546875
2022-10-28,1143.4879150390625
2022-10-31,1157.2542724609375
2022-11-01,1213.2073974609375
2022-11-02,1245.6246337890625
2022-11-04,1221.20068359375
2022-11-07,1266.0521240234375
2022-11-08,1268.7164306640625
2022-11-09,1294.47265625
2022-11-10,1297.5811767578125
2022-11-11,1302.4658203125
2022-11-14,1278.0421142578125
2022-11-15,1291.808349609375
2022-11-16,1320.673095703125
2022-11-17,1304.2423095703125
2022-11-18,1300.2457275390625
2022-11-21,1327.3341064453125
2022-11-22,1371.29736328125
2022-11-24,1408.1552734375
2022-11-25,1405.490966796875
2022-11-28,1379.73486328125
2022-11-29,1378.8465576171875
2022-11-30,1374.8499755859375
2022-12-01,1371.741455078125
2022-12-02,1337.9918212890625
2022-12-05,1359.307373046875
2022-12-06,1369.521240234375
2022-12-07,1372.1854248046875
2022-12-08,1381.510986328125
2022-12-09,1380.6229248046875
2022-12-12,1356.6429443359375
2022-12-13,1378.402587890625
2022-12-14,1382.84326171875
2022-12-15,1412.1519775390625
2022-12-16,1387.2840576171875
2022-12-19,1376.1820068359375
2022-12-20,1360.6396484375
2022-12-21,1349.09375
2022-12-22,1361.5277099609375
2022-12-23,1349.537841796875
2022-12-26,1366.4124755859375
2022-12-27,1364.1922607421875
2022-12-28,1364.1922607421875
2022-12-29,1349.537841796875
2022-12-30,1345.5411376953125
2023-01-04,1318.45263671875
2023-01-05,1322.44921875
2023-01-06,1317.5645751953125
2023-01-10,1321.1170654296875
2023-01-11,1338.43603515625
2023-01-12,1344.653076171875
2023-01-13,1348.6495361328125
2023-01-16,1331.77490234375
2023-01-17,1347.7613525390625
2023-01-18,1377.0701904296875
2023-01-19,1357.0870361328125
2023-01-20,1371.29736328125
2023-01-23,1389.060302734375
2023-01-24,1416.1485595703125
2023-01-25,1414.3724365234375
2023-01-26,1418.8131103515625
2023-01-27,1437.020263671875
2023-01-30,1418.8131103515625
2023-01-31,1409.0435791015625
2023-02-01,1423.697998046875
2023-02-02,1400.1619873046875
2023-02-03,1461.88818359375
2023-02-06,1523.6142578125
2023-02-07,1543.5977783203125
2023-02-08,1545.3740234375
2023-02-09,1568.0216064453125
2023-02-10,1570.686279296875
2023-02-13,1553.3671875
2023-02-14,1557.3638916015625
2023-02-15,1558.6962890625
2023-02-16,1553.811279296875
2023-02-17,1558.6962890625
2023-02-20,1561.8045654296875
2023-02-21,1574.6827392578125
2023-02-22,1554.2554931640625
2023-02-24,1555.1435546875
2023-02-27,1557.3638916015625
2023-02-28,1545.3740234375
2023-03-01,1588.893310546875
2023-03-02,1593.3338623046875
2023-03-03,1658.612548828125
2023-03-06,1697.2467041015625
2023-03-07,1702.1318359375
2023-03-08,1698.135009765625
2023-03-09,1707.0166015625
2023-03-10,1664.82958984375
2023-03-13,1631.5240478515625
2023-03-14,1564.02490234375
2023-03-15,1576.0150146484375
2023-03-16,1502.742919921875
2023-03-17,1532.0517578125
2023-03-20,1505.8514404296875
2023-03-22,1533.827880859375
2023-03-23,1533.3841552734375
2023-03-24,1527.611083984375
2023-03-27,1545.8179931640625
2023-03-28,1565.3572998046875
2023-03-29,1582.6761474609375
2023-03-30,1590.40087890625
2023-03-31,1631.7513427734375
2023-04-03,1644.0201416015625
2023-04-04,1630.3880615234375
2023-04-05,1581.7672119140625
2023-04-06,1578.58642578125
2023-04-07,1597.217041015625
2023-04-10,1607.2138671875
2023-04-11,1680.3720703125
2023-04-12,1730.3560791015625
2023-04-13,1723.99462890625
2023-04-14,1778.5224609375
2023-04-17,1757.165771484375
2023-04-18,1766.2537841796875
2023-04-19,1771.7064208984375
2023-04-20,1758.0745849609375
2023-04-21,1762.1641845703125
2023-04-24,1758.529052734375
2023-04-25,1748.077880859375
2023-04-26,1725.8121337890625
2023-04-27,1742.624755859375
2023-04-28,1744.8968505859375
2023-05-01,1762.6185302734375
2023-05-02,1737.62646484375
2023-05-08,1739.4439697265625
2023-05-09,1769.88916015625
2023-05-10,1759.437744140625
2023-05-11,1765.7991943359375
2023-05-12,1745.3514404296875
2023-05-15,1775.3416748046875
2023-05-16,1758.0745849609375
2023-05-17,1736.717529296875
2023-05-18,1784.4298095703125
2023-05-19,1805.332275390625
2023-05-22,1809.4217529296875
2023-05-23,1780.7945556640625
2023-05-24,1786.247314453125
2023-05-25,1778.97705078125
2023-05-26,1845.3193359375
2023-05-29,1916.2059326171875
2023-05-30,1935.2906494140625
2023-05-31,1810.33056640625
2023-06-01,1824.871337890625
2023-06-02,1865.767333984375
2023-06-05,1903.93701171875
2023-06-06,1953.921142578125
2023-06-07,1916.6602783203125
2023-06-08,1929.8377685546875
2023-06-09,2018.900146484375
2023-06-12,2038.89404296875
2023-06-13,2088.42333984375
2023-06-14,2165.21728515625
2023-06-15,2183.847412109375
2023-06-16,2230.1962890625
2023-06-19,2235.195068359375
2023-06-20,2276.999755859375
2023-06-21,2300.62841796875
2023-06-22,2394.689453125
2023-06-23,2312.8974609375
2023-06-26,2261.550048828125
2023-06-27,2202.932373046875
2023-06-28,2269.27490234375
2023-06-29,2261.095703125
2023-06-30,2217.472900390625
2023-07-03,2257.006103515625
2023-07-04,2237.01220703125
2023-07-05,2254.734130859375
2023-07-06,2232.468505859375
2023-07-07,2181.575439453125
2023-07-10,2176.5771484375
2023-07-11,2156.12890625
2023-07-12,2097.057373046875
2023-07-13,2146.586669921875
2023-07-14,2138.862060546875
2023-07-18,2168.397705078125
2023-07-19,2197.93408203125
2023-07-20,2209.74853515625
2023-07-21,2212.0205078125
2023-07-24,2238.829833984375
2023-07-25,2230.1962890625
2023-07-26,2207.476318359375
2023-07-27,2235.6494140625
2023-07-28,2213.837646484375
2023-07-31,2284.27001953125
2023-08-01,2279.271484375
2023-08-02,2225.65234375
2023-08-03,2204.749755859375
2023-08-04,2276.0908203125
2023-08-07,2207.476318359375
2023-08-08,2230.65087890625
2023-08-09,2213.837646484375
2023-08-10,2231.105224609375
2023-08-14,2189.7548828125
2023-08-15,2206.5673828125
2023-08-16,2136.58984375
2023-08-17,2094.33056640625
2023-08-18,2103.873046875
2023-08-21,2099.783447265625
2023-08-22,2137.498779296875
2023-08-23,2127.047607421875
2023-08-24,2120.231689453125
2023-08-25,2103.873046875
2023-08-28,2135.226318359375
2023-08-29,2126.138671875
2023-08-30,2128.865234375
2023-08-31,2167.03515625
2023-09-01,2198.8427734375
2023-09-04,2257.46044921875
2023-09-05,2260.64111328125
2023-09-06,2250.644287109375
2023-09-07,2247.4638671875
2023-09-08,2214.746826171875
2023-09-11,2236.103759765625
2023-09-12,2227.92431640625
2023-09-13,2219.745361328125
2023-09-14,2261.550048828125
2023-09-15,2310.625
2023-09-19,2307.444091796875
2023-09-20,2298.356201171875
2023-09-21,2272.91015625
2023-09-22,2232.01416015625
2023-09-25,2242.465087890625
2023-09-26,2230.65087890625
2023-09-27,2229.28759765625
2023-09-28,2217.73193359375
2023-09-29,2155.79443359375
2023-10-02,2154.869873046875
2023-10-03,2105.874755859375
2023-10-04,1992.168701171875
2023-10-05,2020.826416015625
2023-10-06,2029.146240234375
2023-10-10,2125.750244140625
2023-10-11,2110.959228515625
2023-10-12,2143.776611328125
2023-10-13,2119.279052734375
2023-10-16,2099.8662109375
2023-10-17,2098.94140625
2023-10-18,2089.23486328125
2023-10-19,2042.5506591796875
2023-10-20,2048.09716796875
2023-10-23,2009.270751953125
2023-10-24,2016.2041015625
2023-10-25,2028.2220458984375
2023-10-26,2019.9019775390625
2023-10-27,2052.7197265625
2023-10-30,2006.035400390625
2023-10-31,2013.4306640625
2023-11-01,2079.06591796875
2023-11-02,2111.421630859375
2023-11-06,2159.492431640625
2023-11-07,2141.4658203125
2023-11-08,2084.15087890625
2023-11-09,2128.523681640625
2023-11-10,2181.678955078125
2023-11-13,2178.9052734375
2023-11-14,2181.216796875
2023-11-15,2219.581298828125
2023-11-16,2193.234130859375
2023-11-17,2200.167724609375
2023-11-20,2162.265380859375
2023-11-21,2121.59033203125
2023-11-22,2144.701171875
2023-11-24,2159.030029296875
2023-11-27,2155.332763671875
2023-11-28,2153.94580078125
2023-11-29,2121.59033203125
2023-11-30,2132.68359375
2023-12-01,2189.998779296875
2023-12-04,2151.17236328125
2023-12-05,2139.154541015625
2023-12-06,2169.198974609375
2023-12-07,2124.36376953125
2023-12-08,2058.26611328125
2023-12-11,2109.572509765625
2023-12-12,2092.9326171875
2023-12-13,2084.612548828125
2023-12-14,2042.088623046875
2023-12-15,2054.568359375
2023-12-18,2042.5506591796875
2023-12-19,2054.568359375
2023-12-20,2079.5283203125
2023-12-21,2043.9373779296875
2023-12-22,2047.635009765625
2023-12-25,2048.09716796875
2023-12-26,2051.794921875
2023-12-27,2073.057373046875
2023-12-28,2067.97265625
2023-12-29,2060.115234375
2024-01-04,2105.874755859375
2024-01-05,2117.892333984375
2024-01-09,2123.439208984375
2024-01-10,2157.6435546875
2024-01-11,2218.1943359375
2024-01-12,2251.011962890625
2024-01-15,2274.123046875
2024-01-16,2257.02099609375
2024-01-17,2296.309814453125
2024-01-18,2275.509521484375
2024-01-19,2311.1005859375
2024-01-22,2355.01171875
2024-01-23,2336.060546875
2024-01-24,2296.309814453125
2024-01-25,2303.24267578125
2024-01-26,2273.660888671875
2024-01-29,2321.7314453125
2024-01-30,2305.553955078125
2024-01-31,2349.465087890625
2024-02-01,2339.296142578125
2024-02-02,2260.25634765625
2024-02-05,2197.856201171875
2024-02-06,2177.98095703125
2024-02-07,2205.71435546875
2024-02-08,2204.327392578125
2024-02-09,2191.847900390625
2024-02-13,2221.429931640625
2024-02-14,2205.71435546875
2024-02-15,2202.0166015625
2024-02-16,2232.060791015625
2024-02-19,2272.736328125
2024-02-20,2276.43408203125
2024-02-21,2257.9453125
2024-02-22,2306.478515625
2024-02-26,2355.93603515625
2024-02-27,2321.7314453125
2024-02-28,2318.9580078125
2024-02-29,2285.21630859375
2024-03-01,2315.72265625
2024-03-04,2303.705078125
2024-03-05,2322.194091796875
2024-03-06,2354.549072265625
2024-03-07,2345.3046875
2024-03-08,2340.220458984375
2024-03-11,2250.08740234375
2024-03-12,2208.025634765625
2024-03-13,2189.998779296875
2024-03-14,2239.45654296875
2024-03-15,2269.963134765625
2024-03-18,2318.033935546875
2024-03-19,2358.2470703125
2024-03-21,2452.07763671875
2024-03-22,2475.188720703125
2024-03-25,2463.633056640625
2024-03-26,2440.06005859375
2024-03-27,2443.7578125
2024-03-28,2453.626708984375
2024-03-29,2473.834716796875
2024-04-01,2400.05224609375
2024-04-02,2408.981201171875
2024-04-03,2411.331298828125
2024-04-04,2444.697509765625
2024-04-05,2451.27685546875
2024-04-08,2472.4248046875
2024-04-09,2525.529541015625
2024-04-10,2502.501953125
2024-04-11,2525.059814453125
2024-04-12,2516.130615234375
2024-04-15,2587.5634765625
2024-04-16,2509.081298828125
2024-04-17,2445.6376953125
2024-04-18,2487.933349609375
2024-04-19,2441.407958984375
2024-04-22,2486.5234375
2024-04-23,2497.332275390625
2024-04-24,2540.568359375
2024-04-25,2510.021240234375
2024-04-26,2543.387939453125
2024-04-30,2654.296875
2024-05-01,2676.384765625
2024-05-02,2726.199951171875
2024-05-07,2738.888427734375
2024-05-08,2704.11181640625
2024-05-09,2754.866943359375
2024-05-10,2872.35546875
2024-05-13,2839.45849609375
2024-05-14,2816.430908203125
2024-05-15,2830.0595703125
2024-05-16,2824.420166015625
2024-05-17,2812.201171875
2024-05-20,2873.295166015625
2024-05-21,2901.4921875
2024-05-22,2876.114990234375
2024-05-23,2896.792724609375
2024-05-24,2873.295166015625
2024-05-27,2909.95166015625
2024-05-28,2921.23046875
2024-05-29,2908.071533203125
2024-05-30,2856.376953125
2024-05-31,2876.114990234375
2024-06-03,2904.312255859375
2024-06-04,2850.7373046875
2024-06-05,2759.56640625
2024-06-06,2779.304443359375
2024-06-07,2783.5341796875
2024-06-10,2820.660400390625
2024-06-11,2827.23974609375
2024-06-12,2813.611083984375
2024-06-13,2777.4248046875
2024-06-14,2858.2568359375
2024-06-17,2802.80224609375
2024-06-18,2811.26123046875
2024-06-19,2798.572509765625
2024-06-20,2764.73583984375
2024-06-21,2758.62646484375
2024-06-24,2750.637451171875
2024-06-25,2786.82373046875
2024-06-26,2786.82373046875
2024-06-27,2777.89453125
2024-06-28,2796.69287109375
2024-07-01,2807.9716796875
2024-07-02,2907.131591796875
2024-07-03,2892.09326171875
2024-07-04,2939.088623046875
2024-07-05,2913.7109375
2024-07-08,2863.896484375
2024-07-09,2867.65576171875
2024-07-10,2850.7373046875
2024-07-11,2856.376953125
2024-07-12,2816.900634765625
2024-07-16,2889.2734375
2024-07-17,2949.427734375
2024-07-18,2895.852783203125
2024-07-19,2857.316650390625
2024-07-22,2816.430908203125
2024-07-23,2791.9931640625
2024-07-24,2737.0087890625
2024-07-25,2631.739013671875
2024-07-26,2632.678955078125
2024-07-29,2676.384765625
2024-07-30,2679.674560546875
2024-07-31,2688.603515625
2024-08-01,2460.2060546875
2024-08-02,2262.355712890625
2024-08-05,1848.3267822265625
2024-08-06,2017.97998046875
2024-08-07,2165.0751953125
2024-08-08,2117.610107421875
2024-08-09,2139.69775390625
2024-08-13,2218.18017578125
2024-08-14,2258.59619140625
2024-08-15,2292.4326171875
2024-08-16,2378.434326171875
2024-08-19,2322.039794921875
2024-08-20,2330.968994140625
2024-08-21,2314.050537109375
2024-08-22,2308.4111328125
2024-08-23,2312.640869140625
2024-08-26,2267.995361328125
2024-08-27,2270.344970703125
2024-08-28,2281.15380859375
2024-08-29,2283.9736328125
2024-08-30,2337.54833984375
2024-09-02,2337.54833984375
2024-09-03,2339.89794921875
2024-09-04,2225.699462890625
2024-09-05,2209.251220703125
2024-09-06,2187.633056640625
2024-09-09,2163.195556640625
2024-09-10,2127.00927734375
2024-09-11,2060.27587890625
2024-09-12,2117.14013671875
2024-09-13,2100.2216796875
2024-09-17,2075.314453125
2024-09-18,2080.013671875
2024-09-19,2137.81787109375
2024-09-20,2163.195556640625
2024-09-24,2200.32177734375
2024-09-25,2223.819580078125
2024-09-26,2282.563720703125
2024-09-27,2324.700439453125
2024-09-30,2240.906005859375
2024-10-01,2279.2119140625
2024-10-02,2313.208740234375
2024-10-03,2329.488525390625
2024-10-04,2348.162841796875
2024-10-07,2412.32568359375
2024-10-08,2346.24755859375
2024-10-09,2312.250732421875
2024-10-10,2335.234619140625
2024-10-11,2329.488525390625
2024-10-15,2312.250732421875
2024-10-16,2299.32275390625
2024-10-17,2312.72998046875
2024-10-18,2308.42041015625
2024-10-21,2293.097900390625
2024-10-22,2266.28369140625
2024-10-23,2257.185791015625
2024-10-24,2238.990478515625
2024-10-25,2216.964599609375
2024-10-28,2249.0458984375
2024-10-29,2261.0166015625
2024-10-30,2264.84716796875
2024-10-31,2224.625732421875
2024-11-01,2191.586669921875
2024-11-05,2250.96142578125
2024-11-06,2317.996826171875
2024-11-07,2394.130126953125
2024-11-08,2363.964111328125
2024-11-11,2363.964111328125
2024-11-12,2344.332275390625
2024-11-13,2284.000244140625
2024-11-14,2298.84375
2024-11-15,2307.941650390625
2024-11-18,2290.703857421875
2024-11-19,2317.51806640625
2024-11-20,2296.928466796875
2024-11-21,2287.8310546875
2024-11-22,2294.055419921875
2024-11-25,2287.8310546875
2024-11-26,2221.274169921875
2024-11-27,2175.306640625
2024-11-28,2179.6162109375
2024-11-29,2158.547607421875
2024-12-02,2185.362060546875
2024-12-03,2211.21875
2024-12-04,2191.108154296875
2024-12-05,2182.489013671875
2024-12-06,2156.632568359375
2024-12-09,2138.43701171875
2024-12-10,2200.20556640625
2024-12-11,2184.883056640625
2024-12-12,2198.290283203125
2024-12-13,2191.108154296875
2024-12-16,2175.306640625
2024-12-17,2147.534912109375
2024-12-18,2140.352294921875
2024-12-19,2137.4794921875
2024-12-20,2141.31005859375
2024-12-23,2187.27734375
2024-12-24,2197.8115234375
2024-12-25,2220.316162109375
2024-12-26,2251.43994140625
2024-12-27,2285.91552734375
2024-12-30,2291.1826171875
2025-01-06,2271.55078125
2025-01-07,2261.49560546875
2025-01-08,2222.710205078125
2025-01-09,2151.84423828125
2025-01-10,2138.43701171875
2025-01-14,2150.40771484375
2025-01-15,2172.43359375
2025-01-16,2151.365478515625
2025-01-17,2141.7890625
2025-01-20,2167.6455078125
2025-01-21,2157.590087890625
2025-01-22,2154.238525390625
2025-01-23,2168.124267578125
2025-01-24,2182.9677734375
2025-01-27,2191.108154296875
2025-01-28,2195.896484375
2025-01-29,2201.163330078125
2025-01-30,2230.37158203125
2025-01-31,2219.83740234375
2025-02-03,2179.6162109375
2025-02-04,2176.264404296875
2025-02-05,2209.303466796875
2025-02-06,2297.88623046875
2025-02-07,2260.058837890625
2025-02-10,2232.286865234375
2025-02-12,2214.5703125
2025-02-13,2245.21533203125
2025-02-14,2216.964599609375
2025-02-17,2245.694091796875
2025-02-18,2206.4306640625
2025-02-19,2191.108154296875
2025-02-20,2167.166748046875
2025-02-21,2192.54443359375
2025-02-25,2355.82421875
2025-02-26,2298.84375
2025-02-27,2282.0849609375
2025-02-28,2248.08837890625
2025-03-03,2311.772216796875
2025-03-04,2277.296630859375
2025-03-05,2340.98046875
2025-03-06,2338.58642578125
2025-03-07,2302.67431640625
2025-03-10,2303.1533203125
2025-03-11,2270.1142578125
2025-03-12,2283.042724609375
2025-03-13,2283.042724609375
2025-03-14,2298.365234375
2025-03-17,2335.71337890625
2025-03-18,2418.071533203125
2025-03-19,2478.88232421875
2025-03-21,2437.703369140625
2025-03-24,2422.85986328125
2025-03-25,2432.9150390625
2025-03-26,2443.927978515625
2025-03-27,2454.46240234375
2025-03-28,2426.1376953125
2025-03-31,2324.07177734375
2025-04-01,2340.187744140625
2025-04-02,2317.723388671875
2025-04-03,2234.21484375
2025-04-04,2131.172607421875
2025-04-07,1912.390380859375
2025-04-08,2057.91943359375
2025-04-09,1986.131591796875
2025-04-10,2179.51953125
2025-04-11,2147.776611328125
2025-04-14,2160.962158203125
2025-04-15,2180.496337890625
2025-04-16,2167.799072265625
2025-04-17,2201.007080078125
2025-04-18,2227.866455078125
2025-04-21,2231.284912109375
2025-04-22,2317.23486328125
2025-04-23,2375.348876953125
2025-04-24,2408.06884765625
2025-04-25,2436.881591796875
2025-04-28,2466.671142578125
2025-04-30,2469.113037109375
2025-05-01,2468.13623046875
2025-05-02,2476.92626953125
2025-05-07,2635.15283203125
2025-05-08,2616.595458984375
2025-05-09,2680.081298828125
2025-05-12,2702.05712890625
2025-05-13,2722.568115234375
2025-05-14,2706.452392578125
2025-05-15,2735.265380859375
2025-05-16,2744.5439453125
2025-05-19,2728.428466796875
2025-05-20,2714.265869140625
2025-05-21,2739.171875
2025-05-22,2696.685302734375
2025-05-23,2724.032958984375
2025-05-26,2701.56884765625
2025-05-27,2714.75439453125
2025-05-28,2790.448974609375
2025-05-29,2862.725341796875
2025-05-30,2876.3994140625
2025-06-02,2855.888427734375
2025-06-03,2794.355712890625
2025-06-04,2817.30859375
2025-06-05,2770.426513671875
2025-06-06,2774.82177734375
2025-06-09,2764.078125
2025-06-10,2773.356689453125
2025-06-11,2801.68115234375
2025-06-12,2812.913330078125
2025-06-13,2772.868408203125
2025-06-16,2854.91162109375
2025-06-17,2842.70263671875
2025-06-18,2876.887451171875
2025-06-19,2844.65625
2025-06-20,2802.16943359375
2025-06-23,2792.890869140625
2025-06-24,2782.14697265625
2025-06-25,2766.519775390625
2025-06-26,2780.68212890625
2025-06-27,2818.7734375
2025-06-30,2845.14453125
2025-07-01,2822.680419921875
2025-07-02,2853.446533203125
2025-07-03,2898.375
2025-07-04,2887.14306640625
2025-07-07,2890.5615234375
2025-07-08,2913.025634765625
2025-07-09,2926.69970703125
2025-07-10,2922.792724609375
2025-07-11,2920.350830078125
2025-07-14,2914.49072265625
2025-07-15,2871.515869140625
2025-07-16,2858.330078125
2025-07-17,2864.6787109375
2025-07-18,2859.795166015625
2025-07-22,2881.28271484375
2025-07-23,2980.90673828125
2025-07-24,3036.578857421875
2025-07-25,3018.021484375
2025-07-28,2992.62744140625
2025-07-29,2961.37255859375
2025-07-30,2988.720458984375
2025-07-31,3040.48583984375
2025-08-01,2975.046630859375
2025-08-04,2951.60546875
2025-08-05,2988.720458984375
2025-08-06,3070.763671875
2025-08-07,3095.181396484375
2025-08-08,3157.6904296875
2025-08-12,3215.316162109375
2025-08-13,3201.642333984375
2025-08-14,3116.668701171875
2025-08-15,3160.62060546875
2025-08-18,3172.341064453125
2025-08-19,3215.316162109375
2025-08-20,3199.68896484375
2025-08-21,3202.619140625
2025-08-22,3228.01318359375
2025-08-25,3244.617431640625
2025-08-26,3248.524169921875
2025-08-27,3258.291259765625
2025-08-28,3296.3828125
2025-08-29,3303.2197265625
2025-09-01,3293.45263671875
2025-09-02,3378.426025390625
2025-09-03,3330.5673828125
2025-09-04,3348.148193359375
2025-09-05,3386.23974609375
2025-09-08,3460.469482421875
2025-09-09,3421.4013671875
2025-09-10,3436.0517578125
2025-09-11,3414.564453125
2025-09-12,3432.144775390625
2025-09-16,3514.188232421875
2025-09-17,3474.143310546875
2025-09-18,3515.1650390625
2025-09-19,3531.768798828125
2025-09-22,3560.09326171875
2025-09-24,3570.837158203125
2025-09-25,3616.742431640625
2025-09-26,3636.2763671875
2025-09-29,3587.766357421875
2025-09-30,3661.0263671875
2025-10-01,3620.436279296875
2025-10-02,3686.766357421875
2025-10-03,3707.556396484375
2025-10-06,3827.3466796875
2025-10-07,3805.566650390625
2025-10-08,3802.5966796875
2025-10-09,3813.48681640625
2025-10-10,3766.95654296875
2025-10-14,3583.806396484375
2025-10-15,3633.306396484375
2025-10-16,3567.96630859375
2025-10-17,3562.0263671875
2025-10-20,3615.486328125
2025-10-21,3644.1962890625
2025-10-22,3697.656494140625
2025-10-23,3724.386474609375
2025-10-24,3732.306640625
2025-10-27,3809.526611328125
2025-10-28,3727.3564453125
2025-10-29,3661.0263671875
2025-10-30,3733.296630859375
2025-10-31,3762.006591796875
2025-11-04,3800.61669921875
2025-11-05,3835.266845703125
2025-11-06,3888.726806640625
2025-11-07,3915.456787109375
2025-11-10,3894.666748046875
2025-11-11,3861.0068359375
2025-11-12,3954.06689453125
2025-11-13,4000.596923828125
2025-11-14,3996.636962890625
2025-11-17,3910.5068359375
2025-11-18,3753.0966796875
2025-11-19,3723.396484375
2025-11-20,3752.106689453125
2025-11-21,3786.756591796875
2025-11-25,3872.88671875
2025-11-26,3995.64697265625
2025-11-27,4045.147216796875
2025-11-28,4077.817138671875
2025-12-01,4018.4169921875
2025-12-02,4013.467041015625
2025-12-03,4072.8671875
2025-12-04,4216.41748046875
2025-12-05,4200.5771484375
2025-12-08,4289.677734375
2025-12-09,4318.3876953125
2025-12-10,4381.74755859375
2025-12-11,4390.65771484375
2025-12-12,4532.22802734375
2025-12-15,4504.5078125
2025-12-16,4348.08740234375
2025-12-17,4268.8876953125
2025-12-18,4197.607421875
2025-12-19,4300.5673828125
2025-12-22,4314.427734375
2025-12-23,4324.32763671875
2025-12-24,4287.69775390625
2025-12-25,4307.49755859375
2025-12-26,4287.69775390625
2025-12-29,4318.3876953125
2025-12-30,4309.4775390625
2026-01-05,4403.52783203125
2026-01-06,4510.44775390625
2026-01-07,4536.18798828125
2026-01-08,4561.92822265625
2026-01-09,4556.97802734375
2026-01-13,4899.5185546875
2026-01-14,5004.458984375
2026-01-15,5091.5791015625
2026-01-16,5147.01904296875
2026-01-19,5145.0390625
2026-01-20,5067.81884765625
2026-01-21,5044.05908203125
2026-01-22,5077.71875
2026-01-23,5074.7490234375
2026-01-26,4865.8583984375
2026-01-27,5025.2490234375
2026-01-28,5012.37890625
2026-01-29,5077.71875
2026-01-30,5063.85888671875
2026-02-02,4913.37841796875
2026-02-03,5252.94921875
2026-02-04,5351.94921875
2026-02-05,5346.00927734375
2026-02-06,5600.43994140625
2026-02-09,5897.4404296875
2026-02-10,6124.15087890625
2026-02-12,6238.0009765625
2026-02-13,5972.6806640625
2026-02-16,5789.5302734375
2026-02-17,5690.52978515625
2026-02-18,5728.14990234375
2026-02-19,5769.72998046875
2026-02-20,5652.91015625
2026-02-24,5740.0302734375
2026-02-25,5949.91064453125
2026-02-26,5905.3603515625
2026-02-27,5947.9306640625
2026-03-02,5865.76025390625
2026-03-03,5699.43994140625
2026-03-04,5198.4990234375
2026-03-05,5397.4892578125
2026-03-06,5329.17919921875
2026-03-09,5098.5087890625
2026-03-10,5358.87939453125
2026-03-11,5414.3193359375
2026-03-12,5321.25927734375
2026-03-13,5535.099609375
2026-03-16,5576.6796875
2026-03-17,5637.06982421875
2026-03-18,5776.66015625
2026-03-19,5440.0595703125
2026-03-23,5137.119140625
2026-03-24,5302.44921875
2026-03-25,5553.90966796875
2026-03-26,5604.39990234375
2026-03-27,5693.5
2026-03-30,5763.0
2026-03-31,5618.0
2026-04-01,5993.0
2026-04-02,5890.0
2026-04-03,5988.0
2026-04-06,5890.0
2026-04-07,5919.0
2026-04-08,6119.0
2026-04-09,6088.0
2026-04-10,5950.0
2026-04-13,5932.0
2026-04-14,6018.0
2026-04-15,5909.0
2026-04-16,6040.0
2026-04-17,5853.0
2026-04-20,5885.0
2026-04-21,6001.0
2026-04-22,5908.0
2026-04-23,5929.0
2026-04-24,5936.0
2026-04-27,5910.0
2026-04-28,6084.0
2026-04-30,6072.0
2026-05-01,5755.0
