date,close
2001-05-07,-0.18074975907802582
2001-05-08,-0.17811104655265808
2001-05-09,-0.17613206803798676
2001-05-10,-0.17481271922588348
2001-05-11,-0.1715143769979477
2001-05-14,-0.16953535377979279
2001-05-15,-0.1682160347700119
2001-05-16,-0.16689667105674744
2001-05-17,-0.1682160347700119
2001-05-18,-0.17349335551261902
2001-05-21,-0.17481271922588348
2001-05-22,-0.17547236382961273
2001-05-23,-0.17613206803798676
2001-05-24,-0.17481271922588348
2001-05-25,-0.17547236382961273
2001-05-28,-0.17547236382961273
2001-05-29,-0.17613206803798676
2001-05-30,-0.17085473239421844
2001-05-31,-0.17019495368003845
2001-06-01,-0.16755640506744385
2001-06-04,-0.16689667105674744
2001-06-05,-0.16755640506744385
2001-06-06,-0.16557736694812775
2001-06-07,-0.16755640506744385
2001-06-08,-0.16755640506744385
2001-06-11,-0.17085473239421844
2001-06-12,-0.1662369966506958
2001-06-13,-0.16557736694812775
2001-06-14,-0.1662369966506958
2001-06-15,-0.1662369966506958
2001-06-18,-0.16557736694812775
2001-06-19,-0.16557736694812775
2001-06-20,-0.1662369966506958
2001-06-21,-0.1682160347700119
2001-06-22,-0.16887573897838593
2001-06-25,-0.1682160347700119
2001-06-26,-0.16887573897838593
2001-06-27,-0.16887573897838593
2001-06-28,-0.16755640506744385
2001-06-29,-0.16887573897838593
2001-07-02,-0.1682160347700119
2001-07-03,-0.16887573897838593
2001-07-04,-0.16227902472019196
2001-07-05,-0.1649176925420761
2001-07-06,-0.16755640506744385
2001-07-09,-0.1662369966506958
2001-07-10,-0.16755640506744385
2001-07-11,-0.1662369966506958
2001-07-12,-0.17085473239421844
2001-07-13,-0.17349335551261902
2001-07-16,-0.17349335551261902
2001-07-17,-0.17283372581005096
2001-07-18,-0.17415307462215424
2001-07-19,-0.17415307462215424
2001-07-20,-0.17415307462215424
2001-07-23,-0.17415307462215424
2001-07-24,-0.17745143175125122
2001-07-25,-0.1787707507610321
2001-07-26,-0.17613206803798676
2001-07-27,-0.17547236382961273
2001-07-30,-0.17481271922588348
2001-07-31,-0.17745143175125122
2001-08-01,-0.18140943348407745
2001-08-02,-0.18074975907802582
2001-08-03,-0.1787707507610321
2001-08-06,-0.18074975907802582
2001-08-07,-0.18074975907802582
2001-08-08,-0.18074975907802582
2001-08-09,-0.17547236382961273
2001-08-10,-0.17811104655265808
2001-08-13,-0.17745143175125122
2001-08-14,-0.17745143175125122
2001-08-15,-0.17679175734519958
2001-08-16,-0.17943044006824493
2001-08-17,-0.17481271922588348
2001-08-20,-0.17613206803798676
2001-08-21,-0.1800900399684906
2001-08-22,-0.1787707507610321
2001-08-23,-0.1800900399684906
2001-08-24,-0.17811104655265808
2001-08-27,-0.1820690631866455
2001-08-28,-0.18140943348407745
2001-08-29,-0.1800900399684906
2001-08-30,-0.18338844180107117
2001-08-31,-0.1787707507610321
2001-09-03,-0.17745143175125122
2001-09-04,-0.1800900399684906
2001-09-05,-0.17811104655265808
2001-09-06,-0.1800900399684906
2001-09-07,-0.1787707507610321
2001-09-10,-0.17547236382961273
2001-09-11,-0.17613206803798676
2001-09-12,-0.1662369966506958
2001-09-13,-0.16953535377979279
2001-09-14,-0.17283372581005096
2001-09-17,-0.16953535377979279
2001-09-18,-0.16953535377979279
2001-09-19,-0.1682160347700119
2001-09-20,-0.16953535377979279
2001-09-21,-0.16887573897838593
2001-09-24,-0.16887573897838593
2001-09-25,-0.16755640506744385
2001-09-26,-0.17943044006824493
2001-09-27,-0.17349335551261902
2001-09-28,-0.17349335551261902
2001-10-01,-0.17745143175125122
2001-10-02,-0.18074975907802582
2001-10-03,-0.1787707507610321
2001-10-04,-0.18140943348407745
2001-10-05,-0.1800900399684906
2001-10-08,-0.1800900399684906
2001-10-09,-0.17481271922588348
2001-10-10,-0.17547236382961273
2001-10-11,-0.17943044006824493
2001-10-12,-0.18074975907802582
2001-10-15,-0.1800900399684906
2001-10-16,-0.1800900399684906
2001-10-17,-0.18074975907802582
2001-10-18,-0.17745143175125122
2001-10-19,-0.17547236382961273
2001-10-22,-0.18074975907802582
2001-10-23,-0.1800900399684906
2001-10-24,-0.18074975907802582
2001-10-25,-0.18470776081085205
2001-10-26,-0.18470776081085205
2001-10-29,-0.1853674352169037
2001-10-30,-0.18272873759269714
2001-10-31,-0.18140943348407745
2001-11-01,-0.17349335551261902
2001-11-02,-0.1682160347700119
2001-11-05,-0.17019495368003845
2001-11-06,-0.17283372581005096
2001-11-07,-0.1682160347700119
2001-11-08,-0.17811104655265808
2001-11-09,-0.17811104655265808
2001-11-12,-0.17679175734519958
2001-11-13,-0.17547236382961273
2001-11-14,-0.17283372581005096
2001-11-15,-0.17745143175125122
2001-11-16,-0.17547236382961273
2001-11-19,-0.17283372581005096
2001-11-20,-0.16953535377979279
2001-11-21,-0.17217406630516052
2001-11-22,-0.16689667105674744
2001-11-23,-0.16689667105674744
2001-11-26,-0.17085473239421844
2001-11-27,-0.16095967590808868
2001-11-28,-0.15634194016456604
2001-11-29,-0.16029997169971466
2001-11-30,-0.16161933541297913
2001-12-03,-0.1490856111049652
2001-12-04,-0.15436294674873352
2001-12-05,-0.15106455981731415
2001-12-06,-0.1490856111049652
2001-12-07,-0.14776623249053955
2001-12-10,-0.1490856111049652
2001-12-11,-0.1504049003124237
2001-12-12,-0.15172423422336578
2001-12-13,-0.15832091867923737
2001-12-14,-0.14842589199543
2001-12-17,-0.14512750506401062
2001-12-18,-0.14842589199543
2001-12-19,-0.1490856111049652
2001-12-20,-0.15172423422336578
2001-12-21,-0.15370328724384308
2001-12-24,-0.15370328724384308
2001-12-25,-0.15634194016456604
2001-12-26,-0.14380818605422974
2001-12-27,-0.1550225466489792
2001-12-28,-0.15832091867923737
2001-12-31,-0.15832091867923737
2002-01-01,-0.15832091867923737
2002-01-02,-0.15832091867923737
2002-01-03,-0.15832091867923737
2002-01-04,-0.16095967590808868
2002-01-07,-0.15766127407550812
2002-01-08,-0.14974519610404968
2002-01-09,-0.14974519610404968
2002-01-10,-0.14776623249053955
2002-01-11,-0.14776623249053955
2002-01-14,-0.14776623249053955
2002-01-15,-0.14776623249053955
2002-01-16,-0.14842589199543
2002-01-17,-0.14248885214328766
2002-01-18,-0.15106455981731415
2002-01-21,-0.15766127407550812
2002-01-22,-0.1550225466489792
2002-01-23,-0.15634194016456604
2002-01-24,-0.15172423422336578
2002-01-25,-0.1490856111049652
2002-01-28,-0.15172423422336578
2002-01-29,-0.15172423422336578
2002-01-30,-0.15172423422336578
2002-01-31,-0.15172423422336578
2002-02-01,-0.15172423422336578
2002-02-04,-0.15172423422336578
2002-02-05,-0.15172423422336578
2002-02-06,-0.1504049003124237
2002-02-07,-0.15106455981731415
2002-02-08,-0.15766127407550812
2002-02-11,-0.15766127407550812
2002-02-12,-0.16359834372997284
2002-02-13,-0.17349335551261902
2002-02-14,-0.17217406630516052
2002-02-15,-0.1715143769979477
2002-02-18,-0.16887573897838593
2002-02-19,-0.17019495368003845
2002-02-20,-0.17349335551261902
2002-02-21,-0.17679175734519958
2002-02-22,-0.1800900399684906
2002-02-25,-0.1800900399684906
2002-02-26,-0.17415307462215424
2002-02-27,-0.17481271922588348
2002-02-28,-0.17349335551261902
2002-03-01,-0.18140943348407745
2002-03-04,-0.18470776081085205
2002-03-05,-0.18272873759269714
2002-03-06,-0.1800900399684906
2002-03-07,-0.17547236382961273
2002-03-08,-0.17613206803798676
2002-03-11,-0.18140943348407745
2002-03-12,-0.17481271922588348
2002-03-13,-0.17349335551261902
2002-03-14,-0.17349335551261902
2002-03-15,-0.17943044006824493
2002-03-18,-0.17943044006824493
2002-03-19,-0.1820690631866455
2002-03-20,-0.17811104655265808
2002-03-21,-0.17811104655265808
2002-03-22,-0.1840481460094452
2002-03-25,-0.17349335551261902
2002-03-26,-0.1800900399684906
2002-03-27,-0.1820690631866455
2002-03-28,-0.17349335551261902
2002-03-29,-0.17217406630516052
2002-04-01,-0.6728641390800476
2002-04-02,-0.6576915979385376
2002-04-03,-0.6590110063552856
2002-04-04,-0.6662673950195312
2002-04-05,-0.6576915979385376
2002-04-08,-0.6372418999671936
2002-04-09,-0.6227291226387024
2002-04-10,-0.6299852728843689
2002-04-11,-0.613493800163269
2002-04-12,-0.6095355749130249
2002-04-15,-0.6227291226387024
2002-04-16,-0.6233888268470764
2002-04-17,-0.6062373518943787
2002-04-18,-0.6062373518943787
2002-04-19,-0.6247078776359558
2002-04-22,-0.6372418999671936
2002-04-23,-0.6385612487792969
2002-04-24,-0.6484562158584595
2002-04-25,-0.6596707701683044
2002-04-26,-0.6662673950195312
2002-04-29,-0.6662673950195312
2002-04-30,-0.6596707701683044
2002-05-01,-0.6596707701683044
2002-05-02,-0.6596707701683044
2002-05-03,-0.6596707701683044
2002-05-06,-0.6596707701683044
2002-05-07,-0.6728641390800476
2002-05-08,-0.6728641390800476
2002-05-09,-0.6596707701683044
2002-05-10,-0.6596707701683044
2002-05-13,-0.6662673950195312
2002-05-14,-0.6596707701683044
2002-05-15,-0.6728641390800476
2002-05-16,-0.6860575079917908
2002-05-17,-0.6728641390800476
2002-05-20,-0.6794606447219849
2002-05-21,-0.6992508769035339
2002-05-22,-0.7058476805686951
2002-05-23,-0.7124441862106323
2002-05-24,-0.7256377339363098
2002-05-27,-0.7322342395782471
2002-05-28,-0.7256377339363098
2002-05-29,-0.7256377339363098
2002-05-30,-0.6926540732383728
2002-05-31,-0.7058476805686951
2002-06-03,-0.6992508769035339
2002-06-04,-0.6728641390800476
2002-06-05,-0.6662673950195312
2002-06-06,-0.6504351496696472
2002-06-07,-0.6728641390800476
2002-06-10,-0.6662673950195312
2002-06-11,-0.6860575079917908
2002-06-12,-0.6794606447219849
2002-06-13,-0.6662673950195312
2002-06-14,-0.6530739665031433
2002-06-17,-0.6299852728843689
2002-06-18,-0.6352627873420715
2002-06-19,-0.6266871094703674
2002-06-20,-0.6273467540740967
2002-06-21,-0.6306450963020325
2002-06-24,-0.6392207741737366
2002-06-25,-0.6141534447669983
2002-06-26,-0.6200901865959167
2002-06-27,-0.6161323189735413
2002-06-28,-0.6491160988807678
2002-07-01,-0.6266871094703674
2002-07-02,-0.6108550429344177
2002-07-03,-0.6293258666992188
2002-07-04,-0.6346032023429871
2002-07-05,-0.6339434385299683
2002-07-08,-0.615472674369812
2002-07-09,-0.651094913482666
2002-07-10,-0.6563724279403687
2002-07-11,-0.6352627873420715
2002-07-12,-0.6530739665031433
2002-07-15,-0.6596707701683044
2002-07-16,-0.6372418999671936
2002-07-17,-0.6385612487792969
2002-07-18,-0.6385612487792969
2002-07-19,-0.6200901865959167
2002-07-22,-0.6385612487792969
2002-07-23,-0.635922372341156
2002-07-24,-0.6365821361541748
2002-07-25,-0.615472674369812
2002-07-26,-0.59370356798172
2002-07-29,-0.6068969368934631
2002-07-30,-0.6194306015968323
2002-07-31,-0.6200901865959167
2002-08-01,-0.6174517869949341
2002-08-02,-0.6108550429344177
2002-08-05,-0.6313046813011169
2002-08-06,-0.6293258666992188
2002-08-07,-0.6471368670463562
2002-08-08,-0.6530739665031433
2002-08-09,-0.6728641390800476
2002-08-12,-0.6563724279403687
2002-08-13,-0.6596707701683044
2002-08-14,-0.6662673950195312
2002-08-15,-0.6728641390800476
2002-08-16,-0.6662673950195312
2002-08-19,-0.649775505065918
2002-08-20,-0.651094913482666
2002-08-21,-0.6590110063552856
2002-08-22,-0.6728641390800476
2002-08-23,-0.6728641390800476
2002-08-26,-0.6471368670463562
2002-08-27,-0.6299852728843689
2002-08-28,-0.6187710165977478
2002-08-29,-0.6187710165977478
2002-08-30,-0.6346032023429871
2002-09-02,-0.6339434385299683
2002-09-03,-0.6068969368934631
2002-09-04,-0.5976618528366089
2002-09-05,-0.6207500100135803
2002-09-06,-0.6082163453102112
2002-09-09,-0.6035985946655273
2002-09-10,-0.6049179434776306
2002-09-11,-0.6108550429344177
2002-09-12,-0.6207500100135803
2002-09-13,-0.6207500100135803
2002-09-16,-0.6207500100135803
2002-09-17,-0.6299852728843689
2002-09-18,-0.6247078776359558
2002-09-19,-0.6418594717979431
2002-09-20,-0.6491160988807678
2002-09-23,-0.6491160988807678
2002-09-24,-0.651094913482666
2002-09-25,-0.6233888268470764
2002-09-26,-0.6207500100135803
2002-09-27,-0.651094913482666
2002-09-30,-0.6438387036323547
2002-10-01,-0.6392207741737366
2002-10-02,-0.6319646239280701
2002-10-03,-0.615472674369812
2002-10-04,-0.6220695376396179
2002-10-07,-0.6207500100135803
2002-10-08,-0.6227291226387024
2002-10-09,-0.6029389500617981
2002-10-10,-0.5976618528366089
2002-10-11,-0.6068969368934631
2002-10-14,-0.6068969368934631
2002-10-15,-0.6299852728843689
2002-10-16,-0.6240484118461609
2002-10-17,-0.6082163453102112
2002-10-18,-0.6035985946655273
2002-10-21,-0.611514687538147
2002-10-22,-0.6035985946655273
2002-10-23,-0.6101953983306885
2002-10-24,-0.6042582392692566
2002-10-25,-0.6088758707046509
2002-10-28,-0.6068969368934631
2002-10-29,-0.6035985946655273
2002-10-30,-0.6121743321418762
2002-10-31,-0.6035985946655273
2002-11-01,-0.6003001928329468
2002-11-04,-0.6003001928329468
2002-11-05,-0.5996406078338623
2002-11-06,-0.6095355749130249
2002-11-07,-0.6101953983306885
2002-11-08,-0.6016196012496948
2002-11-11,-0.5818294286727905
2002-11-12,-0.5910649299621582
2002-11-13,-0.5765520930290222
2002-11-14,-0.5739136338233948
2002-11-15,-0.5772117972373962
2002-11-18,-0.575232744216919
2002-11-19,-0.6016196012496948
2002-11-20,-0.6148131489753723
2002-11-21,-0.6082163453102112
2002-11-22,-0.6148131489753723
2002-11-25,-0.6174517869949341
2002-11-26,-0.6016196012496948
2002-11-27,-0.6128339767456055
2002-11-28,-0.613493800163269
2002-11-29,-0.6220695376396179
2002-12-02,-0.6220695376396179
2002-12-03,-0.6082163453102112
2002-12-04,-0.6075566411018372
2002-12-05,-0.6049179434776306
2002-12-06,-0.6062373518943787
2002-12-09,-0.6068969368934631
2002-12-10,-0.6121743321418762
2002-12-11,-0.6049179434776306
2002-12-12,-0.5976618528366089
2002-12-13,-0.5824893116950989
2002-12-16,-0.5857875347137451
2002-12-17,-0.595682680606842
2002-12-18,-0.5739136338233948
2002-12-19,-0.5818294286727905
2002-12-20,-0.5739136338233948
2002-12-23,-0.5739136338233948
2002-12-24,-0.5626991391181946
2002-12-25,-0.5554426312446594
2002-12-26,-0.5561022162437439
2002-12-27,-0.5679762959480286
2002-12-30,-0.563358724117279
2002-12-31,-0.563358724117279
2003-01-01,-0.563358724117279
2003-01-02,-0.563358724117279
2003-01-03,-0.563358724117279
2003-01-06,-0.5818294286727905
2003-01-07,-0.5805100202560425
2003-01-08,-0.575232744216919
2003-01-09,-0.573253870010376
2003-01-10,-0.5594005584716797
2003-01-13,-0.5594005584716797
2003-01-14,-0.5541233420372009
2003-01-15,-0.5607200264930725
2003-01-16,-0.55874103307724
2003-01-17,-0.558081328868866
2003-01-20,-0.5541233420372009
2003-01-21,-0.5607200264930725
2003-01-22,-0.5541233420372009
2003-01-23,-0.5574216246604919
2003-01-24,-0.5679762959480286
2003-01-27,-0.5594005584716797
2003-01-28,-0.5600603222846985
2003-01-29,-0.5706150531768799
2003-01-30,-0.5692958235740662
2003-01-31,-0.5626991391181946
2003-02-03,-0.5706150531768799
2003-02-04,-0.5739136338233948
2003-02-05,-0.5838083624839783
2003-02-06,-0.5673166513442993
2003-02-07,-0.5686360597610474
2003-02-10,-0.5719344615936279
2003-02-11,-0.5719344615936279
2003-02-12,-0.573253870010376
2003-02-13,-0.55874103307724
2003-02-14,-0.55874103307724
2003-02-17,-0.5561022162437439
2003-02-18,-0.5547828674316406
2003-02-19,-0.5409299731254578
2003-02-20,-0.5343332886695862
2003-02-21,-0.5336736440658569
2003-02-24,-0.5303751230239868
2003-02-25,-0.5138833522796631
2003-02-26,-0.5290557146072388
2003-02-27,-0.5495054721832275
2003-02-28,-0.540270209312439
2003-03-03,-0.521799623966217
2003-03-04,-0.519820511341095
2003-03-05,-0.5119042992591858
2003-03-06,-0.49871107935905457
2003-03-07,-0.49739158153533936
2003-03-10,-0.4861772060394287
2003-03-11,-0.4663870334625244
2003-03-12,-0.48287907242774963
2003-03-13,-0.478261262178421
2003-03-14,-0.4762822687625885
2003-03-17,-0.4861772060394287
2003-03-18,-0.4743031859397888
2003-03-19,-0.49409323930740356
2003-03-20,-0.4907950758934021
2003-03-21,-0.4907950758934021
2003-03-24,-0.5145431160926819
2003-03-25,-0.504647970199585
2003-03-26,0.15424346923828125
2003-03-27,0.156208336353302
2003-03-28,0.15208211541175842
2003-03-31,0.1446155458688736
2003-04-01,0.14284713566303253
2003-04-02,0.14815233647823334
2003-04-03,0.14658042788505554
2003-04-04,0.15109968185424805
2003-04-07,0.15109968185424805
2003-04-08,0.15090318024158478
2003-04-09,0.15188564360141754
2003-04-10,0.15129613876342773
2003-04-11,0.15208211541175842
2003-04-14,0.1493312567472458
2003-04-15,0.1483488529920578
2003-04-16,0.14481203258037567
2003-04-17,0.14736638963222504
2003-04-18,0.14736638963222504
2003-04-21,0.14815233647823334
2003-04-22,0.14559796452522278
2003-04-23,0.14559796452522278
2003-04-24,0.14893831312656403
2003-04-25,0.1491347700357437
2003-04-28,0.14402605593204498
2003-04-29,0.14402605593204498
2003-04-30,0.15208211541175842
2003-05-01,0.14795584976673126
2003-05-02,0.1483488529920578
2003-05-05,0.1483488529920578
2003-05-06,0.14854532480239868
2003-05-07,0.14874179661273956
2003-05-08,0.1516890972852707
2003-05-09,0.15443994104862213
2003-05-12,0.1540469527244568
2003-05-13,0.15797677636146545
2003-05-14,0.15895923972129822
2003-05-15,0.15660130977630615
2003-05-16,0.15581537783145905
2003-05-19,0.1569943130016327
2003-05-20,0.15758375823497772
2003-05-21,0.15719081461429596
2003-05-22,0.15895923972129822
2003-05-23,0.1670152246952057
2003-05-26,0.16053113341331482
2003-05-27,0.16328196227550507
2003-05-28,0.16485387086868286
2003-05-29,0.16740818321704865
2003-05-30,0.1699625551700592
2003-06-02,0.1699625551700592
2003-06-03,0.1699625551700592
2003-06-04,0.17035555839538574
2003-06-05,0.17035555839538574
2003-06-06,0.171534463763237
2003-06-09,0.1670152246952057
2003-06-10,0.16740818321704865
2003-06-11,0.17114149034023285
2003-06-12,0.16721172630786896
2003-06-13,0.16819418966770172
2003-06-16,0.16819418966770172
2003-06-17,0.17094498872756958
2003-06-18,0.17566071450710297
2003-06-19,0.1776256561279297
2003-06-20,0.17860805988311768
2003-06-23,0.18410971760749817
2003-06-24,0.17683960497379303
2003-06-25,0.17742912471294403
2003-06-26,0.17880453169345856
2003-06-27,0.18312731385231018
2003-06-30,0.18037645518779755
2003-07-01,0.18941490352153778
2003-07-02,0.1984533816576004
2003-07-03,0.2063128501176834
2003-07-04,0.20041832327842712
2003-07-07,0.2082778364419937
2003-07-08,0.2063128501176834
2003-07-09,0.2082778364419937
2003-07-10,0.20434805750846863
2003-07-11,0.19648852944374084
2003-07-14,0.2023831605911255
2003-07-15,0.2023831605911255
2003-07-16,0.20434805750846863
2003-07-17,0.20434805750846863
2003-07-18,0.21024270355701447
2003-07-21,0.21024270355701447
2003-07-22,0.22006714344024658
2003-07-23,0.22203199565410614
2003-07-24,0.22792664170265198
2003-07-25,0.22399689257144928
2003-07-28,0.22006714344024658
2003-07-29,0.21220755577087402
2003-07-30,0.22006714344024658
2003-07-31,0.22006714344024658
2003-08-01,0.21810229122638702
2003-08-04,0.21810229122638702
2003-08-05,0.22792664170265198
2003-08-06,0.22006714344024658
2003-08-07,0.21417243778705597
2003-08-08,0.21417243778705597
2003-08-11,0.21810229122638702
2003-08-12,0.21417243778705597
2003-08-13,0.21810229122638702
2003-08-14,0.22596172988414764
2003-08-15,0.2298915535211563
2003-08-18,0.23382139205932617
2003-08-19,0.2515053451061249
2003-08-20,0.2436457872390747
2003-08-21,0.2298915535211563
2003-08-22,0.23382139205932617
2003-08-25,0.23382139205932617
2003-08-26,0.22596172988414764
2003-08-27,0.22792664170265198
2003-08-28,0.23578618466854095
2003-08-29,0.23775102198123932
2003-09-01,0.2515053451061249
2003-09-02,0.2515053451061249
2003-09-03,0.2436457872390747
2003-09-04,0.2416807860136032
2003-09-05,0.2416807860136032
2003-09-08,0.23578618466854095
2003-09-09,0.23578618466854095
2003-09-10,0.2416807860136032
2003-09-11,0.2298915535211563
2003-09-12,0.23382139205932617
2003-09-15,0.23382139205932617
2003-09-16,0.2436457872390747
2003-09-17,0.27115413546562195
2003-09-18,0.2731189727783203
2003-09-19,0.2573998272418976
2003-09-22,0.27508383989334106
2003-09-23,0.27508383989334106
2003-09-24,0.26329460740089417
2003-09-25,0.2515053451061249
2003-09-26,0.24757546186447144
2003-09-29,0.23578618466854095
2003-09-30,0.24757546186447144
2003-10-01,0.2436457872390747
2003-10-02,0.27901366353034973
2003-10-03,0.27508383989334106
2003-10-06,0.26722440123558044
2003-10-07,0.2691892385482788
2003-10-08,0.2691892385482788
2003-10-09,0.27901366353034973
2003-10-10,0.27508383989334106
2003-10-13,0.27508383989334106
2003-10-14,0.29276779294013977
2003-10-15,0.2829434275627136
2003-10-16,0.27508383989334106
2003-10-17,0.2829434275627136
2003-10-20,0.2770487666130066
2003-10-21,0.27508383989334106
2003-10-22,0.2691892385482788
2003-10-23,0.25347012281417847
2003-10-24,0.25936487317085266
2003-10-27,0.2691892385482788
2003-10-28,0.2691892385482788
2003-10-29,0.2691892385482788
2003-10-30,0.261329710483551
2003-10-31,0.2573998272418976
2003-11-03,0.2573998272418976
2003-11-04,0.27115413546562195
2003-11-05,0.2652594745159149
2003-11-06,0.2573998272418976
2003-11-07,0.2573998272418976
2003-11-10,0.25936487317085266
2003-11-11,0.24757546186447144
2003-11-12,0.24757546186447144
2003-11-13,0.255435049533844
2003-11-14,0.2573998272418976
2003-11-17,0.2515053451061249
2003-11-18,0.2436457872390747
2003-11-19,0.23185640573501587
2003-11-20,0.2436457872390747
2003-11-21,0.23578618466854095
2003-11-24,0.23578618466854095
2003-11-25,0.2416807860136032
2003-11-26,0.2416807860136032
2003-11-27,0.23775102198123932
2003-11-28,0.23185640573501587
2003-12-01,0.23578618466854095
2003-12-02,0.23775102198123932
2003-12-03,0.2416807860136032
2003-12-04,0.2515053451061249
2003-12-05,0.255435049533844
2003-12-08,0.24954034388065338
2003-12-09,0.24954034388065338
2003-12-10,0.24561062455177307
2003-12-11,0.24757546186447144
2003-12-12,0.24561062455177307
2003-12-15,0.25347012281417847
2003-12-16,0.2573998272418976
2003-12-17,0.24757546186447144
2003-12-18,0.24757546186447144
2003-12-19,0.2515053451061249
2003-12-22,0.2515053451061249
2003-12-23,0.2515053451061249
2003-12-24,0.2515053451061249
2003-12-25,0.25347012281417847
2003-12-26,0.2515053451061249
2003-12-29,0.26722440123558044
2003-12-30,0.27508383989334106
2003-12-31,0.27508383989334106
2004-01-01,0.27508383989334106
2004-01-02,0.27508383989334106
2004-01-05,0.27901366353034973
2004-01-06,0.27508383989334106
2004-01-07,0.2770487666130066
2004-01-08,0.27115413546562195
2004-01-09,0.2691892385482788
2004-01-12,0.2691892385482788
2004-01-13,0.2691892385482788
2004-01-14,0.27115413546562195
2004-01-15,0.26722440123558044
2004-01-16,0.2652594745159149
2004-01-19,0.2731189727783203
2004-01-20,0.27115413546562195
2004-01-21,0.26722440123558044
2004-01-22,0.2731189727783203
2004-01-23,0.2849082350730896
2004-01-26,0.2868731915950775
2004-01-27,0.2908030152320862
2004-01-28,0.28883805871009827
2004-01-29,0.27901366353034973
2004-01-30,0.2691892385482788
2004-02-02,0.2731189727783203
2004-02-03,0.27508383989334106
2004-02-04,0.27115413546562195
2004-02-05,0.2770487666130066
2004-02-06,0.27508383989334106
2004-02-09,0.26722440123558044
2004-02-10,0.26722440123558044
2004-02-11,0.26722440123558044
2004-02-12,0.27115413546562195
2004-02-13,0.261329710483551
2004-02-16,0.2573998272418976
2004-02-17,0.25936487317085266
2004-02-18,0.261329710483551
2004-02-19,0.2573998272418976
2004-02-20,0.25936487317085266
2004-02-23,0.26329460740089417
2004-02-24,0.27115413546562195
2004-02-25,0.27115413546562195
2004-02-26,0.2691892385482788
2004-02-27,0.27508383989334106
2004-03-01,0.29276779294013977
2004-03-02,0.30259227752685547
2004-03-03,0.2947327792644501
2004-03-04,0.29276779294013977
2004-03-05,0.3065219819545746
2004-03-08,0.29276779294013977
2004-03-09,0.29276779294013977
2004-03-10,0.2849082350730896
2004-03-11,0.2868731915950775
2004-03-12,0.2770487666130066
2004-03-15,0.29276779294013977
2004-03-16,0.28883805871009827
2004-03-17,0.3045571744441986
2004-03-18,0.31831133365631104
2004-03-19,0.3202762305736542
2004-03-22,0.3261709213256836
2004-03-23,0.31831133365631104
2004-03-24,0.31831133365631104
2004-03-25,0.3202762305736542
2004-03-26,-0.26576119661331177
2004-03-29,-0.2610434889793396
2004-03-30,-0.2578984498977661
2004-03-31,-0.2547532618045807
2004-04-01,-0.2610434889793396
2004-04-02,-0.2673337757587433
2004-04-05,-0.525232195854187
2004-04-06,-0.5189418792724609
2004-04-07,-0.5095065236091614
2004-04-08,-0.5126516819000244
2004-04-09,-0.5063614845275879
2004-04-12,-0.5157968997955322
2004-04-13,-0.5189418792724609
2004-04-14,-0.5157968997955322
2004-04-15,-0.4969262480735779
2004-04-16,-0.4874909520149231
2004-04-19,-0.47805556654930115
2004-04-20,-0.5000712275505066
2004-04-21,-0.4969262480735779
2004-04-22,-0.5063614845275879
2004-04-23,-0.5000712275505066
2004-04-26,-0.4874909520149231
2004-04-27,-0.49063605070114136
2004-04-28,-0.5095065236091614
2004-04-29,-0.5095065236091614
2004-04-30,-0.4937812089920044
2004-05-03,-0.4937812089920044
2004-05-04,-0.4937812089920044
2004-05-05,-0.4937812089920044
2004-05-06,-0.4874909520149231
2004-05-07,-0.4874909520149231
2004-05-10,-0.43716925382614136
2004-05-11,-0.4497498869895935
2004-05-12,-0.46233007311820984
2004-05-13,-0.4591849744319916
2004-05-14,-0.443459689617157
2004-05-17,-0.4057183265686035
2004-05-18,-0.4182988405227661
2004-05-19,-0.443459689617157
2004-05-20,-0.45289504528045654
2004-05-21,-0.471765398979187
2004-05-24,-0.47805556654930115
2004-05-25,-0.4560399651527405
2004-05-26,-0.4591849744319916
2004-05-27,-0.45289504528045654
2004-05-28,-0.4497498869895935
2004-05-31,-0.46233007311820984
2004-06-01,-0.4686203896999359
2004-06-02,-0.4749104976654053
2004-06-03,-0.4591849744319916
2004-06-04,-0.4591849744319916
2004-06-07,-0.47805556654930115
2004-06-08,-0.49063605070114136
2004-06-09,-0.48120078444480896
2004-06-10,-0.5095065236091614
2004-06-11,-0.5000712275505066
2004-06-14,-0.5157968997955322
2004-06-15,-0.5000712275505066
2004-06-16,-0.5126516819000244
2004-06-17,-0.5063614845275879
2004-06-18,-0.49063605070114136
2004-06-21,-0.4969262480735779
2004-06-22,-0.5000712275505066
2004-06-23,-0.4843459129333496
2004-06-24,-0.4937812089920044
2004-06-25,-0.4969262480735779
2004-06-28,-0.5000712275505066
2004-06-29,-0.5032163262367249
2004-06-30,-0.5095065236091614
2004-07-01,-0.5032163262367249
2004-07-02,-0.4969262480735779
2004-07-05,-0.49063605070114136
2004-07-06,-0.4874909520149231
2004-07-07,-0.4937812089920044
2004-07-08,-0.49063605070114136
2004-07-09,-0.4937812089920044
2004-07-12,-0.4937812089920044
2004-07-13,-0.5095065236091614
2004-07-14,-0.5032163262367249
2004-07-15,-0.5063614845275879
2004-07-16,-0.5126516819000244
2004-07-19,-0.5126516819000244
2004-07-20,-0.5189418792724609
2004-07-21,-0.5315223932266235
2004-07-22,-0.525232195854187
2004-07-23,-0.5157968997955322
2004-07-26,-0.5126516819000244
2004-07-27,-0.5126516819000244
2004-07-28,-0.5157968997955322
2004-07-29,-0.5189418792724609
2004-07-30,-0.5157968997955322
2004-08-02,-0.5063614845275879
2004-08-03,-0.5095065236091614
2004-08-04,-0.5063614845275879
2004-08-05,-0.5095065236091614
2004-08-06,-0.5126516819000244
2004-08-09,-0.5000712275505066
2004-08-10,-0.5032163262367249
2004-08-11,-0.5063614845275879
2004-08-12,-0.5000712275505066
2004-08-13,-0.4843459129333496
2004-08-16,-0.46233007311820984
2004-08-17,-0.4686203896999359
2004-08-18,-0.47805556654930115
2004-08-19,-0.48120078444480896
2004-08-20,-0.471765398979187
2004-08-23,-0.46233007311820984
2004-08-24,-0.46547526121139526
2004-08-25,-0.48120078444480896
2004-08-26,-0.4843459129333496
2004-08-27,-0.4969262480735779
2004-08-30,-0.4843459129333496
2004-08-31,-0.4749104976654053
2004-09-01,-0.48120078444480896
2004-09-02,-0.4749104976654053
2004-09-03,-0.46547526121139526
2004-09-06,-0.471765398979187
2004-09-07,-0.47805556654930115
2004-09-08,-0.47805556654930115
2004-09-09,-0.471765398979187
2004-09-10,-0.4686203896999359
2004-09-13,-0.471765398979187
2004-09-14,-0.471765398979187
2004-09-15,-0.46547526121139526
2004-09-16,-0.44660457968711853
2004-09-17,-0.443459689617157
2004-09-20,-0.443459689617157
2004-09-21,-0.43716925382614136
2004-09-22,-0.440314382314682
2004-09-23,-0.440314382314682
2004-09-24,-0.4308790862560272
2004-09-27,-0.440314382314682
2004-09-28,-0.43716925382614136
2004-09-29,-0.440314382314682
2004-09-30,-0.44660457968711853
2004-10-01,-0.4591849744319916
2004-10-04,-0.4749104976654053
2004-10-05,-0.4686203896999359
2004-10-06,-0.4749104976654053
2004-10-07,-0.471765398979187
2004-10-08,-0.46547526121139526
2004-10-11,-0.46547526121139526
2004-10-12,-0.4560399651527405
2004-10-13,-0.46547526121139526
2004-10-14,-0.4591849744319916
2004-10-15,-0.46547526121139526
2004-10-18,-0.46547526121139526
2004-10-19,-0.46547526121139526
2004-10-20,-0.4560399651527405
2004-10-21,-0.443459689617157
2004-10-22,-0.4340240955352783
2004-10-25,-0.4245889186859131
2004-10-26,-0.440314382314682
2004-10-27,-0.443459689617157
2004-10-28,-0.443459689617157
2004-10-29,-0.440314382314682
2004-11-01,-0.45289504528045654
2004-11-02,-0.4591849744319916
2004-11-03,-0.4591849744319916
2004-11-04,-0.4686203896999359
2004-11-05,-0.471765398979187
2004-11-08,-0.4749104976654053
2004-11-09,-0.4686203896999359
2004-11-10,-0.4686203896999359
2004-11-11,-0.46233007311820984
2004-11-12,-0.46547526121139526
2004-11-15,-0.4874909520149231
2004-11-16,-0.5000712275505066
2004-11-17,-0.4937812089920044
2004-11-18,-0.4969262480735779
2004-11-19,-0.49063605070114136
2004-11-22,-0.4843459129333496
2004-11-23,-0.4843459129333496
2004-11-24,-0.4749104976654053
2004-11-25,-0.4749104976654053
2004-11-26,-0.46547526121139526
2004-11-29,-0.4749104976654053
2004-11-30,-0.4560399651527405
2004-12-01,-0.4560399651527405
2004-12-02,-0.471765398979187
2004-12-03,-0.4686203896999359
2004-12-06,-0.4560399651527405
2004-12-07,-0.45289504528045654
2004-12-08,-0.46233007311820984
2004-12-09,-0.45289504528045654
2004-12-10,-0.4497498869895935
2004-12-13,-0.46233007311820984
2004-12-14,-0.4591849744319916
2004-12-15,-0.4560399651527405
2004-12-16,-0.46233007311820984
2004-12-17,-0.4591849744319916
2004-12-20,-0.4560399651527405
2004-12-21,-0.4560399651527405
2004-12-22,-0.46547526121139526
2004-12-23,-0.46547526121139526
2004-12-24,-0.4749104976654053
2004-12-27,-0.48120078444480896
2004-12-28,-0.47805556654930115
2004-12-29,-0.4686203896999359
2004-12-30,-0.47805556654930115
2004-12-31,-0.47805556654930115
2005-01-03,-0.47805556654930115
2005-01-04,-0.4874909520149231
2005-01-05,-0.47805556654930115
2005-01-06,-0.47805556654930115
2005-01-07,-0.4749104976654053
2005-01-10,-0.4749104976654053
2005-01-11,-0.47805556654930115
2005-01-12,-0.471765398979187
2005-01-13,-0.471765398979187
2005-01-14,-0.471765398979187
2005-01-17,-0.46233007311820984
2005-01-18,-0.4686203896999359
2005-01-19,-0.4686203896999359
2005-01-20,-0.46233007311820984
2005-01-21,-0.4591849744319916
2005-01-24,-0.4591849744319916
2005-01-25,-0.4591849744319916
2005-01-26,-0.46547526121139526
2005-01-27,-0.46233007311820984
2005-01-28,-0.4591849744319916
2005-01-31,-0.4497498869895935
2005-02-01,-0.4497498869895935
2005-02-02,-0.45289504528045654
2005-02-03,-0.4560399651527405
2005-02-04,-0.4560399651527405
2005-02-07,-0.46547526121139526
2005-02-08,-0.4591849744319916
2005-02-09,-0.4591849744319916
2005-02-10,-0.4560399651527405
2005-02-11,-0.4560399651527405
2005-02-14,-0.471765398979187
2005-02-15,-0.4686203896999359
2005-02-16,-0.4874909520149231
2005-02-17,-0.4749104976654053
2005-02-18,-0.4843459129333496
2005-02-21,-0.47805556654930115
2005-02-22,-0.471765398979187
2005-02-23,-0.4686203896999359
2005-02-24,-0.4686203896999359
2005-02-25,-0.4749104976654053
2005-02-28,-0.48120078444480896
2005-03-01,-0.48120078444480896
2005-03-02,-0.4843459129333496
2005-03-03,-0.4843459129333496
2005-03-04,-0.48120078444480896
2005-03-07,-0.47805556654930115
2005-03-08,-0.47805556654930115
2005-03-09,-0.4843459129333496
2005-03-10,-0.5000712275505066
2005-03-11,-0.4937812089920044
2005-03-14,-0.4937812089920044
2005-03-15,-0.4937812089920044
2005-03-16,-0.5000712275505066
2005-03-17,-0.5095065236091614
2005-03-18,-0.5126516819000244
2005-03-21,-0.5126516819000244
2005-03-22,-0.525232195854187
2005-03-23,-0.5063614845275879
2005-03-24,-0.5095065236091614
2005-03-25,-0.5063614845275879
2005-03-28,3.6503374576568604
2005-03-29,3.582319736480713
2005-03-30,3.491628408432007
2005-03-31,3.536973714828491
2005-04-01,3.582319736480713
2005-04-04,3.536973714828491
2005-04-05,3.627664804458618
2005-04-06,3.7183573246002197
2005-04-07,3.6730103492736816
2005-04-08,3.695683717727661
2005-04-11,3.6503374576568604
2005-04-12,3.582319736480713
2005-04-13,3.536973714828491
2005-04-14,3.536973714828491
2005-04-15,3.4009358882904053
2005-04-18,3.310244560241699
2005-04-19,3.3782637119293213
2005-04-20,3.3782637119293213
2005-04-21,3.4009358882904053
2005-04-22,3.355590581893921
2005-04-25,3.3329172134399414
2005-04-26,3.355590581893921
2005-04-27,3.287571907043457
2005-04-28,3.24222731590271
2005-04-29,3.24222731590271
2005-05-02,3.287571907043457
2005-05-03,3.287571907043457
2005-05-04,3.287571907043457
2005-05-05,3.287571907043457
2005-05-06,3.355590581893921
2005-05-09,3.3329172134399414
2005-05-10,3.355590581893921
2005-05-11,3.355590581893921
2005-05-12,3.310244560241699
2005-05-13,3.3329172134399414
2005-05-16,3.310244560241699
2005-05-17,3.2649002075195312
2005-05-18,3.219552993774414
2005-05-19,3.287571907043457
2005-05-20,3.310244560241699
2005-05-23,3.310244560241699
2005-05-24,3.3329172134399414
2005-05-25,3.287571907043457
2005-05-26,3.2649002075195312
2005-05-27,3.2649002075195312
2005-05-30,3.2649002075195312
2005-05-31,3.2649002075195312
2005-06-01,3.287571907043457
2005-06-02,3.24222731590271
2005-06-03,3.1742069721221924
2005-06-06,3.151533842086792
2005-06-07,3.151533842086792
2005-06-08,3.24222731590271
2005-06-09,3.219552993774414
2005-06-10,3.219552993774414
2005-06-13,3.2649002075195312
2005-06-14,3.219552993774414
2005-06-15,3.219552993774414
2005-06-16,3.24222731590271
2005-06-17,3.2649002075195312
2005-06-20,3.24222731590271
2005-06-21,3.219552993774414
2005-06-22,3.219552993774414
2005-06-23,3.2649002075195312
2005-06-24,3.355590581893921
2005-06-27,3.3782637119293213
2005-06-28,3.4009358882904053
2005-06-29,3.4236090183258057
2005-06-30,3.3782637119293213
2005-07-01,3.3782637119293213
2005-07-04,3.3782637119293213
2005-07-05,3.4009358882904053
2005-07-06,3.3329172134399414
2005-07-07,3.3782637119293213
2005-07-08,3.3329172134399414
2005-07-11,3.355590581893921
2005-07-12,3.3782637119293213
2005-07-13,3.310244560241699
2005-07-14,3.3782637119293213
2005-07-15,3.355590581893921
2005-07-18,3.355590581893921
2005-07-19,3.310244560241699
2005-07-20,3.310244560241699
2005-07-21,3.310244560241699
2005-07-22,3.310244560241699
2005-07-25,3.310244560241699
2005-07-26,3.3329172134399414
2005-07-27,3.310244560241699
2005-07-28,3.3329172134399414
2005-07-29,3.3329172134399414
2005-08-01,3.355590581893921
2005-08-02,3.4009358882904053
2005-08-03,3.446281671524048
2005-08-04,3.446281671524048
2005-08-05,3.4009358882904053
2005-08-08,3.4009358882904053
2005-08-09,3.3782637119293213
2005-08-10,3.5596470832824707
2005-08-11,3.7183573246002197
2005-08-12,3.7183573246002197
2005-08-15,3.7410295009613037
2005-08-16,3.7183573246002197
2005-08-17,3.695683717727661
2005-08-18,3.6730103492736816
2005-08-19,3.6503374576568604
2005-08-22,3.763702154159546
2005-08-23,3.831721544265747
2005-08-24,3.831721544265747
2005-08-25,3.831721544265747
2005-08-26,3.809049129486084
2005-08-29,3.695683717727661
2005-08-30,3.763702154159546
2005-08-31,3.6730103492736816
2005-09-01,3.6730103492736816
2005-09-02,3.6503374576568604
2005-09-05,3.6049916744232178
2005-09-06,3.627664804458618
2005-09-07,3.6049916744232178
2005-09-08,3.5596470832824707
2005-09-09,3.6049916744232178
2005-09-12,3.7410295009613037
2005-09-13,3.8543949127197266
2005-09-14,3.809049129486084
2005-09-15,3.831721544265747
2005-09-16,3.831721544265747
2005-09-19,3.831721544265747
2005-09-20,4.058450698852539
2005-09-21,4.262506008148193
2005-09-22,3.9677577018737793
2005-09-23,3.9677577018737793
2005-09-26,3.9677577018737793
2005-09-27,3.8543949127197266
2005-09-28,4.149142265319824
2005-09-29,721.754150390625
2005-09-30,687.744873046875
2005-10-03,680.1871948242188
2005-10-04,691.5237426757812
2005-10-05,672.6295776367188
2005-10-06,668.8508911132812
2005-10-07,665.0718994140625
2005-10-10,665.0718994140625
2005-10-11,695.302490234375
2005-10-12,699.0814208984375
2005-10-13,706.6388549804688
2005-10-14,706.6388549804688
2005-10-17,736.8695678710938
2005-10-18,721.754150390625
2005-10-19,717.9755249023438
2005-10-20,736.8695678710938
2005-10-21,748.2060546875
2005-10-24,751.984619140625
2005-10-25,759.54248046875
2005-10-26,767.1000366210938
2005-10-27,820.0036010742188
2005-10-28,778.4364013671875
2005-10-31,789.773193359375
2005-11-01,801.1095581054688
2005-11-02,797.33056640625
2005-11-03,797.33056640625
2005-11-04,808.6671752929688
2005-11-07,820.0036010742188
2005-11-08,846.4552001953125
2005-11-09,816.2247924804688
2005-11-10,778.4364013671875
2005-11-11,782.2153930664062
2005-11-14,767.1000366210938
2005-11-15,763.3212890625
2005-11-16,774.6575927734375
2005-11-17,793.5517578125
2005-11-18,816.2247924804688
2005-11-21,793.5517578125
2005-11-22,759.54248046875
2005-11-23,759.54248046875
2005-11-24,748.2060546875
2005-11-25,770.87890625
2005-11-28,767.1000366210938
2005-11-29,755.7637329101562
2005-11-30,748.2060546875
2005-12-01,770.87890625
2005-12-02,797.33056640625
2005-12-05,793.5517578125
2005-12-06,778.4364013671875
2005-12-07,789.773193359375
2005-12-08,763.3212890625
2005-12-09,763.3212890625
2005-12-12,785.9942016601562
2005-12-13,793.5517578125
2005-12-14,767.1000366210938
2005-12-15,763.3212890625
2005-12-16,751.984619140625
2005-12-19,751.984619140625
2005-12-20,759.54248046875
2005-12-21,789.773193359375
2005-12-22,789.773193359375
2005-12-23,789.773193359375
2005-12-26,789.773193359375
2005-12-27,770.87890625
2005-12-28,778.4364013671875
2005-12-29,774.6575927734375
2005-12-30,767.1000366210938
2006-01-02,767.1000366210938
2006-01-03,767.1000366210938
2006-01-04,774.6575927734375
2006-01-05,778.4364013671875
2006-01-06,770.87890625
2006-01-09,770.87890625
2006-01-10,763.3212890625
2006-01-11,759.54248046875
2006-01-12,778.4364013671875
2006-01-13,785.9942016601562
2006-01-16,763.3212890625
2006-01-17,755.7637329101562
2006-01-18,733.0907592773438
2006-01-19,744.4271240234375
2006-01-20,751.984619140625
2006-01-23,744.4271240234375
2006-01-24,763.3212890625
2006-01-25,755.7637329101562
2006-01-26,770.87890625
2006-01-27,808.6671752929688
2006-01-30,850.2339477539062
2006-01-31,850.2339477539062
2006-02-01,846.4552001953125
2006-02-02,861.5704956054688
2006-02-03,846.4552001953125
2006-02-06,846.4552001953125
2006-02-07,820.0036010742188
2006-02-08,797.33056640625
2006-02-09,812.4459838867188
2006-02-10,797.33056640625
2006-02-13,801.1095581054688
2006-02-14,812.4459838867188
2006-02-15,812.4459838867188
2006-02-16,808.6671752929688
2006-02-17,808.6671752929688
2006-02-20,804.8880615234375
2006-02-21,812.4459838867188
2006-02-22,816.2247924804688
2006-02-23,823.7823486328125
2006-02-24,854.0126953125
2006-02-27,888.02197265625
2006-02-28,903.1373901367188
2006-03-01,869.1282958984375
2006-03-02,865.3491821289062
2006-03-03,857.7916870117188
2006-03-06,854.0126953125
2006-03-07,846.4552001953125
2006-03-08,831.3399658203125
2006-03-09,838.8977661132812
2006-03-10,823.7823486328125
2006-03-13,865.3491821289062
2006-03-14,854.0126953125
2006-03-15,857.7916870117188
2006-03-16,842.6763916015625
2006-03-17,857.7916870117188
2006-03-20,865.3491821289062
2006-03-21,865.3491821289062
2006-03-22,850.2339477539062
2006-03-23,854.0126953125
2006-03-24,861.5704956054688
2006-03-27,854.0126953125
2006-03-28,855.9147338867188
2006-03-29,863.5230102539062
2006-03-30,878.7390747070312
2006-03-31,886.3472290039062
2006-04-03,912.975830078125
2006-04-04,905.367919921875
2006-04-05,886.3472290039062
2006-04-06,901.5635986328125
2006-04-07,912.975830078125
2006-04-10,905.367919921875
2006-04-11,912.975830078125
2006-04-12,890.1515502929688
2006-04-13,871.1310424804688
2006-04-14,867.3270874023438
2006-04-17,863.5230102539062
2006-04-18,893.9553833007812
2006-04-19,901.5635986328125
2006-04-20,886.3472290039062
2006-04-21,905.367919921875
2006-04-24,874.9352416992188
2006-04-25,874.9352416992188
2006-04-26,882.54345703125
2006-04-27,871.1310424804688
2006-04-28,863.5230102539062
2006-05-01,871.1310424804688
2006-05-02,886.3472290039062
2006-05-03,886.3472290039062
2006-05-04,886.3472290039062
2006-05-05,886.3472290039062
2006-05-08,893.9553833007812
2006-05-09,893.9553833007812
2006-05-10,878.7390747070312
2006-05-11,859.71875
2006-05-12,840.6985473632812
2006-05-15,840.6985473632812
2006-05-16,810.2659912109375
2006-05-17,814.0701904296875
2006-05-18,814.0701904296875
2006-05-19,814.0701904296875
2006-05-22,814.0701904296875
2006-05-23,753.2052001953125
2006-05-24,776.0294189453125
2006-05-25,760.8133544921875
2006-05-26,783.637451171875
2006-05-29,783.637451171875
2006-05-30,795.050048828125
2006-05-31,749.4010009765625
2006-06-01,764.617431640625
2006-06-02,791.2457885742188
2006-06-05,779.8336181640625
2006-06-06,753.2052001953125
2006-06-07,722.772705078125
2006-06-08,703.7523803710938
2006-06-09,718.9683227539062
2006-06-12,730.3807983398438
2006-06-13,730.3807983398438
2006-06-14,730.3807983398438
2006-06-15,711.3602905273438
2006-06-16,737.9889526367188
2006-06-19,737.9889526367188
2006-06-20,734.1849365234375
2006-06-21,730.3807983398438
2006-06-22,760.8133544921875
2006-06-23,772.2254638671875
2006-06-26,783.637451171875
2006-06-27,787.4418334960938
2006-06-28,783.637451171875
2006-06-29,791.2457885742188
2006-06-30,810.2659912109375
2006-07-03,806.4620971679688
2006-07-04,814.0701904296875
2006-07-05,814.0701904296875
2006-07-06,798.8538208007812
2006-07-07,802.6578369140625
2006-07-10,802.6578369140625
2006-07-11,833.0906372070312
2006-07-12,817.8743896484375
2006-07-13,821.6784057617188
2006-07-14,798.8538208007812
2006-07-17,798.8538208007812
2006-07-18,783.637451171875
2006-07-19,783.637451171875
2006-07-20,810.2659912109375
2006-07-21,798.8538208007812
2006-07-24,810.2659912109375
2006-07-25,829.2864379882812
2006-07-26,829.2864379882812
2006-07-27,829.2864379882812
2006-07-28,836.8945922851562
2006-07-31,844.5028076171875
2006-08-01,821.6784057617188
2006-08-02,829.2864379882812
2006-08-03,821.6784057617188
2006-08-04,836.8945922851562
2006-08-07,817.8743896484375
2006-08-08,814.0701904296875
2006-08-09,814.0701904296875
2006-08-10,814.0701904296875
2006-08-11,817.8743896484375
2006-08-14,825.482421875
2006-08-15,844.5028076171875
2006-08-16,859.71875
2006-08-17,840.6985473632812
2006-08-18,848.3067016601562
2006-08-21,840.6985473632812
2006-08-22,852.11083984375
2006-08-23,844.5028076171875
2006-08-24,840.6985473632812
2006-08-25,833.0906372070312
2006-08-28,821.6784057617188
2006-08-29,829.2864379882812
2006-08-30,821.6784057617188
2006-08-31,821.6784057617188
2006-09-01,825.482421875
2006-09-04,833.0906372070312
2006-09-05,825.482421875
2006-09-06,829.2864379882812
2006-09-07,810.2659912109375
2006-09-08,814.0701904296875
2006-09-11,802.6578369140625
2006-09-12,783.637451171875
2006-09-13,779.8336181640625
2006-09-14,802.6578369140625
2006-09-15,814.0701904296875
2006-09-18,814.0701904296875
2006-09-19,806.4620971679688
2006-09-20,798.8538208007812
2006-09-21,795.050048828125
2006-09-22,779.8336181640625
2006-09-25,783.637451171875
2006-09-26,783.6432495117188
2006-09-27,783.6432495117188
2006-09-28,783.6432495117188
2006-09-29,783.6432495117188
2006-10-02,819.7822265625
2006-10-03,829.29248046875
2006-10-04,823.5863037109375
2006-10-05,852.1170043945312
2006-10-06,871.137451171875
2006-10-09,871.137451171875
2006-10-10,865.4312744140625
2006-10-11,867.3333129882812
2006-10-12,867.3333129882812
2006-10-13,888.2557983398438
2006-10-16,892.0599365234375
2006-10-17,880.6475830078125
2006-10-18,869.2357177734375
2006-10-19,855.9209594726562
2006-10-20,865.4312744140625
2006-10-23,878.7454833984375
2006-10-24,890.1580200195312
2006-10-25,886.3536376953125
2006-10-26,888.2557983398438
2006-10-27,871.137451171875
2006-10-30,854.01904296875
2006-10-31,840.7047119140625
2006-11-01,833.0966796875
2006-11-02,827.3903198242188
2006-11-03,827.3903198242188
2006-11-06,812.1740112304688
2006-11-07,814.0761108398438
2006-11-08,802.6636962890625
2006-11-09,777.93701171875
2006-11-10,772.2310180664062
2006-11-13,776.0350952148438
2006-11-14,793.15380859375
2006-11-15,781.7411499023438
2006-11-16,762.7208251953125
2006-11-17,730.3861694335938
2006-11-20,728.4839477539062
2006-11-21,732.2882080078125
2006-11-22,741.7982788085938
2006-11-23,741.7982788085938
2006-11-24,732.2882080078125
2006-11-27,757.0145263671875
2006-11-28,772.2310180664062
2006-11-29,779.8392333984375
2006-11-30,791.2515258789062
2006-12-01,791.2515258789062
2006-12-04,789.3492431640625
2006-12-05,785.5453491210938
2006-12-06,793.15380859375
2006-12-07,808.3700561523438
2006-12-08,810.2719116210938
2006-12-11,798.8595581054688
2006-12-12,808.3700561523438
2006-12-13,808.3700561523438
2006-12-14,821.6843872070312
2006-12-15,825.4884033203125
2006-12-18,825.4884033203125
2006-12-19,796.9576416015625
2006-12-20,817.8802490234375
2006-12-21,810.2719116210938
2006-12-22,812.1740112304688
2006-12-25,808.3700561523438
2006-12-26,806.4679565429688
2006-12-27,806.4679565429688
2006-12-28,795.0558471679688
2006-12-29,798.8595581054688
2007-01-04,823.5863037109375
2007-01-05,834.998779296875
2007-01-09,863.529296875
2007-01-10,852.1170043945312
2007-01-11,840.7047119140625
2007-01-12,867.3333129882812
2007-01-15,859.7249755859375
2007-01-16,857.8233642578125
2007-01-17,859.7249755859375
2007-01-18,859.7249755859375
2007-01-19,867.3333129882812
2007-01-22,878.7454833984375
2007-01-23,869.2357177734375
2007-01-24,867.3333129882812
2007-01-25,854.01904296875
2007-01-26,831.1945190429688
2007-01-29,819.7822265625
2007-01-30,821.6843872070312
2007-01-31,819.7822265625
2007-02-01,840.7047119140625
2007-02-02,852.1170043945312
2007-02-05,833.0966796875
2007-02-06,840.7047119140625
2007-02-07,846.4108276367188
2007-02-08,825.4884033203125
2007-02-09,838.8027954101562
2007-02-13,810.2719116210938
2007-02-14,802.6636962890625
2007-02-15,836.900634765625
2007-02-16,850.21484375
2007-02-19,857.8233642578125
2007-02-20,857.8233642578125
2007-02-21,863.529296875
2007-02-22,876.8436889648438
2007-02-23,876.8436889648438
2007-02-26,876.8436889648438
2007-02-27,871.137451171875
2007-02-28,842.6069946289062
2007-03-01,838.8027954101562
2007-03-02,836.900634765625
2007-03-05,795.0558471679688
2007-03-06,796.9576416015625
2007-03-07,796.9576416015625
2007-03-08,798.8595581054688
2007-03-09,800.7615966796875
2007-03-12,800.7615966796875
2007-03-13,789.3492431640625
2007-03-14,758.916748046875
2007-03-15,774.1329956054688
2007-03-16,768.4269409179688
2007-03-19,781.7411499023438
2007-03-20,785.5453491210938
2007-03-22,795.0558471679688
2007-03-23,802.6636962890625
2007-03-26,814.0761108398438
2007-03-27,816.1785888671875
2007-03-28,812.3558959960938
2007-03-29,820.00146484375
2007-03-30,833.3817138671875
2007-04-02,829.55859375
2007-04-03,841.0272827148438
2007-04-04,842.9389038085938
2007-04-05,846.7614135742188
2007-04-06,842.9389038085938
2007-04-09,856.3184204101562
2007-04-10,860.1414184570312
2007-04-11,863.9642944335938
2007-04-12,869.6983642578125
2007-04-13,865.8757934570312
2007-04-16,871.60986328125
2007-04-17,863.9642944335938
2007-04-18,875.4330444335938
2007-04-19,860.1414184570312
2007-04-20,867.7872314453125
2007-04-23,873.5214233398438
2007-04-24,873.5214233398438
2007-04-25,865.8757934570312
2007-04-26,852.4957275390625
2007-04-27,850.5841064453125
2007-05-01,841.0272827148438
2007-05-02,852.4957275390625
2007-05-07,863.9642944335938
2007-05-08,862.052734375
2007-05-09,867.7872314453125
2007-05-10,871.60986328125
2007-05-11,871.60986328125
2007-05-14,894.5469970703125
2007-05-15,888.8128662109375
2007-05-16,892.6357421875
2007-05-17,896.4584350585938
2007-05-18,902.1928100585938
2007-05-21,900.28125
2007-05-22,898.3696899414062
2007-05-23,915.5728149414062
2007-05-24,907.9270629882812
2007-05-25,904.1040649414062
2007-05-28,907.9270629882812
2007-05-29,915.5728149414062
2007-05-30,909.838134765625
2007-05-31,925.1296997070312
2007-06-01,940.4214477539062
2007-06-04,953.80126953125
2007-06-05,976.7383422851562
2007-06-06,992.029541015625
2007-06-07,986.2955932617188
2007-06-08,1028.3468017578125
2007-06-11,1041.7269287109375
2007-06-12,1009.2323608398438
2007-06-13,1005.4098510742188
2007-06-14,997.7642211914062
2007-06-15,997.7642211914062
2007-06-18,1005.4098510742188
2007-06-19,1009.2323608398438
2007-06-20,990.1182250976562
2007-06-21,993.9408569335938
2007-06-22,957.6242065429688
2007-06-25,959.5358276367188
2007-06-26,971.0040893554688
2007-06-27,957.6242065429688
2007-06-28,967.1815185546875
2007-06-29,967.1815185546875
2007-07-02,957.6242065429688
2007-07-03,965.2698974609375
2007-07-04,961.4473266601562
2007-07-05,949.9784545898438
2007-07-06,957.6242065429688
2007-07-09,978.6499633789062
2007-07-10,1001.5869750976562
2007-07-11,984.3839721679688
2007-07-12,974.8270263671875
2007-07-13,993.9408569335938
2007-07-17,976.7383422851562
2007-07-18,967.1815185546875
2007-07-19,972.9155883789062
2007-07-20,980.5612182617188
2007-07-23,955.7125244140625
2007-07-24,967.1815185546875
2007-07-25,942.3329467773438
2007-07-26,930.8643188476562
2007-07-27,904.1040649414062
2007-07-30,892.6357421875
2007-07-31,904.1040649414062
2007-08-01,869.6983642578125
2007-08-02,854.4070434570312
2007-08-03,863.9642944335938
2007-08-06,871.60986328125
2007-08-07,871.60986328125
2007-08-08,892.6357421875
2007-08-09,932.775634765625
2007-08-10,923.21826171875
2007-08-13,915.5728149414062
2007-08-14,896.4584350585938
2007-08-15,835.2930297851562
2007-08-16,829.55859375
2007-08-17,797.064208984375
2007-08-20,816.1785888671875
2007-08-21,823.8242797851562
2007-08-22,804.7099609375
2007-08-23,820.00146484375
2007-08-24,823.8242797851562
2007-08-27,825.7357788085938
2007-08-28,841.0272827148438
2007-08-29,839.1160278320312
2007-08-30,839.1160278320312
2007-08-31,856.3184204101562
2007-09-03,844.8500366210938
2007-09-04,833.3817138671875
2007-09-05,812.3558959960938
2007-09-06,810.4443969726562
2007-09-07,814.2672119140625
2007-09-10,806.62158203125
2007-09-11,814.2672119140625
2007-09-12,804.7099609375
2007-09-13,804.7099609375
2007-09-14,825.7357788085938
2007-09-18,793.2415771484375
2007-09-19,808.5327758789062
2007-09-20,820.00146484375
2007-09-21,835.2930297851562
2007-09-25,846.425048828125
2007-09-26,863.6993408203125
2007-09-27,902.0852661132812
2007-09-28,886.7307739257812
2007-10-01,890.5697021484375
2007-10-02,898.246826171875
2007-10-03,927.037109375
2007-10-04,919.3594970703125
2007-10-05,927.037109375
2007-10-09,934.7142333984375
2007-10-10,917.4402465820312
2007-10-11,917.4402465820312
2007-10-12,917.4402465820312
2007-10-15,921.2789306640625
2007-10-16,902.0852661132812
2007-10-17,875.2149047851562
2007-10-18,854.1021728515625
2007-10-19,836.8283081054688
2007-10-22,823.3932495117188
2007-10-23,827.231689453125
2007-10-24,815.7156372070312
2007-10-25,811.876953125
2007-10-26,827.231689453125
2007-10-29,834.9090576171875
2007-10-30,840.6671142578125
2007-10-31,867.53759765625
2007-11-01,869.4571533203125
2007-11-02,844.5057373046875
2007-11-05,848.3441162109375
2007-11-06,840.6671142578125
2007-11-07,842.5862426757812
2007-11-08,823.3932495117188
2007-11-09,808.0382080078125
2007-11-12,779.2484130859375
2007-11-13,781.1676025390625
2007-11-14,794.6031494140625
2007-11-15,800.3609619140625
2007-11-16,794.6031494140625
2007-11-19,800.3609619140625
2007-11-20,800.3609619140625
2007-11-21,773.4905395507812
2007-11-22,737.0233764648438
2007-11-26,729.3458862304688
2007-11-27,727.4264526367188
2007-11-28,738.9423828125
2007-11-29,746.6199340820312
2007-11-30,746.6199340820312
2007-12-03,746.6199340820312
2007-12-04,738.9423828125
2007-12-05,769.6517944335938
2007-12-06,792.6836547851562
2007-12-07,785.0062866210938
2007-12-10,786.9258422851562
2007-12-11,763.8936157226562
2007-12-12,748.539306640625
2007-12-13,721.6683349609375
2007-12-14,689.0399780273438
2007-12-17,696.7173461914062
2007-12-18,681.3627319335938
2007-12-19,679.4430541992188
2007-12-20,702.4752807617188
2007-12-21,704.3944702148438
2007-12-25,713.9912109375
2007-12-26,723.5877075195312
2007-12-27,733.1846313476562
2007-12-28,721.6683349609375
2008-01-04,723.5877075195312
2008-01-07,756.216552734375
2008-01-08,752.3776245117188
2008-01-09,754.2970581054688
2008-01-10,750.4584350585938
2008-01-11,731.2652587890625
2008-01-15,712.0718383789062
2008-01-16,712.0718383789062
2008-01-17,752.3776245117188
2008-01-18,719.7492065429688
2008-01-21,685.2012939453125
2008-01-22,639.1371459960938
2008-01-23,652.5726318359375
2008-01-24,708.2330322265625
2008-01-25,758.1358642578125
2008-01-28,729.3458862304688
2008-01-29,767.7324829101562
2008-01-30,754.2970581054688
2008-01-31,769.6517944335938
2008-02-01,792.6836547851562
2008-02-04,846.425048828125
2008-02-05,827.231689453125
2008-02-06,767.7324829101562
2008-02-07,763.8936157226562
2008-02-08,775.4097290039062
2008-02-12,731.2652587890625
2008-02-13,735.103759765625
2008-02-14,777.3291625976562
2008-02-15,769.6517944335938
2008-02-18,727.4264526367188
2008-02-19,721.6683349609375
2008-02-20,700.555908203125
2008-02-21,723.5877075195312
2008-02-22,710.1527099609375
2008-02-25,773.4905395507812
2008-02-26,783.087158203125
2008-02-27,794.6031494140625
2008-02-28,765.8132934570312
2008-02-29,752.3776245117188
2008-03-03,731.2652587890625
2008-03-04,729.3458862304688
2008-03-05,731.2652587890625
2008-03-06,769.6517944335938
2008-03-07,750.4584350585938
2008-03-10,758.1358642578125
2008-03-11,746.6199340820312
2008-03-12,748.539306640625
2008-03-13,710.1527099609375
2008-03-14,704.3944702148438
2008-03-17,689.0399780273438
2008-03-18,719.7492065429688
2008-03-19,713.9912109375
2008-03-21,744.7006225585938
2008-03-24,712.0718383789062
2008-03-25,706.313720703125
2008-03-26,721.7947387695312
2008-03-27,708.2489013671875
2008-03-28,710.1839599609375
2008-03-31,712.1190185546875
2008-04-01,741.1458129882812
2008-04-02,791.4583740234375
2008-04-03,826.2904663085938
2008-04-04,832.095947265625
2008-04-07,832.095947265625
2008-04-08,812.74462890625
2008-04-09,795.3287353515625
2008-04-10,799.1988525390625
2008-04-11,799.1988525390625
2008-04-14,768.2374267578125
2008-04-15,789.5233764648438
2008-04-16,785.6532592773438
2008-04-17,774.0426025390625
2008-04-18,783.7182006835938
2008-04-21,795.3287353515625
2008-04-22,783.7182006835938
2008-04-23,775.9776000976562
2008-04-24,774.0426025390625
2008-04-25,822.4202270507812
2008-04-28,835.966064453125
2008-04-30,853.3820190429688
2008-05-01,843.7064208984375
2008-05-02,886.2788696289062
2008-05-07,866.9277954101562
2008-05-08,866.9277954101562
2008-05-09,837.9011840820312
2008-05-12,849.5116577148438
2008-05-13,853.3820190429688
2008-05-14,843.7064208984375
2008-05-15,835.966064453125
2008-05-16,835.966064453125
2008-05-19,851.4468994140625
2008-05-20,832.095947265625
2008-05-21,843.7064208984375
2008-05-22,830.1609497070312
2008-05-23,837.9011840820312
2008-05-26,799.1988525390625
2008-05-27,824.3554077148438
2008-05-28,803.069091796875
2008-05-29,832.095947265625
2008-05-30,841.7714233398438
2008-06-02,874.66796875
2008-06-03,864.9927368164062
2008-06-04,897.889404296875
2008-06-05,882.408447265625
2008-06-06,861.122314453125
2008-06-09,851.4468994140625
2008-06-10,843.7064208984375
2008-06-11,866.9277954101562
2008-06-12,837.9011840820312
2008-06-13,857.2520751953125
2008-06-16,880.4735717773438
2008-06-17,876.6033325195312
2008-06-18,861.122314453125
2008-06-19,835.966064453125
2008-06-20,830.1609497070312
2008-06-23,814.6796264648438
2008-06-24,828.2255859375
2008-06-25,830.1609497070312
2008-06-26,841.7714233398438
2008-06-27,822.4202270507812
2008-06-30,801.1341552734375
2008-07-01,793.3936767578125
2008-07-02,775.9776000976562
2008-07-03,787.588134765625
2008-07-04,793.3936767578125
2008-07-07,810.8095703125
2008-07-08,793.3936767578125
2008-07-09,797.2637939453125
2008-07-10,791.4583740234375
2008-07-11,791.4583740234375
2008-07-14,785.6532592773438
2008-07-15,754.691650390625
2008-07-16,754.691650390625
2008-07-17,762.4319458007812
2008-07-18,758.5615234375
2008-07-22,764.366943359375
2008-07-23,774.0426025390625
2008-07-24,791.4583740234375
2008-07-25,748.88623046875
2008-07-28,752.7564697265625
2008-07-29,748.88623046875
2008-07-30,777.9127197265625
2008-07-31,789.5233764648438
2008-08-01,760.496826171875
2008-08-04,743.0811157226562
2008-08-05,723.7296752929688
2008-08-06,731.4701538085938
2008-08-07,702.4437866210938
2008-08-08,685.0275268554688
2008-08-11,700.5086059570312
2008-08-12,708.2489013671875
2008-08-13,690.8330078125
2008-08-14,686.962890625
2008-08-15,704.3787231445312
2008-08-18,702.4437866210938
2008-08-19,688.8981323242188
2008-08-20,690.8330078125
2008-08-21,683.0926513671875
2008-08-22,685.0275268554688
2008-08-25,692.7680053710938
2008-08-26,696.63818359375
2008-08-27,694.7032470703125
2008-08-28,696.63818359375
2008-08-29,721.7947387695312
2008-09-01,696.63818359375
2008-09-02,700.5086059570312
2008-09-03,717.9244995117188
2008-09-04,714.0540771484375
2008-09-05,679.222412109375
2008-09-08,741.1458129882812
2008-09-09,731.4701538085938
2008-09-10,745.0159912109375
2008-09-11,704.3787231445312
2008-09-12,715.9895629882812
2008-09-16,625.0394897460938
2008-09-17,657.9364013671875
2008-09-18,621.1692504882812
2008-09-19,710.1839599609375
2008-09-22,739.2107543945312
2008-09-24,735.340576171875
2008-09-25,755.5935668945312
2008-09-26,763.3829345703125
2008-09-29,761.4356079101562
2008-09-30,728.3297119140625
2008-10-01,767.2778930664062
2008-10-02,761.4356079101562
2008-10-03,755.5935668945312
2008-10-06,738.0667724609375
2008-10-07,745.8565063476562
2008-10-08,699.1187133789062
2008-10-09,681.5919799804688
2008-10-10,603.6958618164062
2008-10-14,701.0660400390625
2008-10-15,687.4342651367188
2008-10-16,613.4326171875
2008-10-17,636.801513671875
2008-10-20,654.328369140625
2008-10-21,677.697265625
2008-10-22,611.4854125976562
2008-10-23,617.3277587890625
2008-10-24,541.3789672851562
2008-10-27,465.429931640625
2008-10-28,477.1143493652344
2008-10-29,527.7470703125
2008-10-30,605.6432495117188
2008-10-31,572.5372924804688
2008-11-04,630.95947265625
2008-11-05,689.3816528320312
2008-11-06,632.9068603515625
2008-11-07,625.1172485351562
2008-11-10,667.960205078125
2008-11-11,652.3809204101562
2008-11-12,652.3809204101562
2008-11-13,605.6432495117188
2008-11-14,609.5381469726562
2008-11-17,607.5906372070312
2008-11-18,554.0369873046875
2008-11-19,510.2203369140625
2008-11-20,432.3241271972656
2008-11-21,392.4023742675781
2008-11-25,413.8237609863281
2008-11-26,443.0347595214844
2008-11-27,471.2720642089844
2008-11-28,450.8243103027344
2008-12-01,452.77191162109375
2008-12-02,407.0078430175781
2008-12-03,411.8762512207031
2008-12-04,410.9027099609375
2008-12-05,413.8237609863281
2008-12-08,450.8243103027344
2008-12-09,456.6665954589844
2008-12-10,449.8507080078125
2008-12-11,467.3772888183594
2008-12-12,450.8243103027344
2008-12-15,487.8251037597656
2008-12-16,481.9830627441406
2008-12-17,516.0625
2008-12-18,508.27288818359375
2008-12-19,495.6148986816406
2008-12-22,498.53594970703125
2008-12-24,475.1670227050781
2008-12-25,492.69366455078125
2008-12-26,512.1677856445312
2008-12-29,525.7996215820312
2008-12-30,508.27288818359375
2009-01-05,506.3255310058594
2009-01-06,499.5096130371094
2009-01-07,514.1149291992188
2009-01-08,487.8251037597656
2009-01-09,469.32476806640625
2009-01-13,431.3503112792969
2009-01-14,435.24517822265625
2009-01-15,418.6923828125
2009-01-16,444.9822692871094
2009-01-19,453.74554443359375
2009-01-20,442.0611572265625
2009-01-21,410.9027099609375
2009-01-22,431.3503112792969
2009-01-23,418.6923828125
2009-01-26,426.4819030761719
2009-01-27,466.4036560058594
2009-01-28,462.5089416503906
2009-01-29,503.40435791015625
2009-01-30,474.1933898925781
2009-02-02,461.5351867675781
2009-02-03,464.456298828125
2009-02-04,473.219482421875
2009-02-05,454.7193603515625
2009-02-06,461.5351867675781
2009-02-09,463.4825744628906
2009-02-10,473.219482421875
2009-02-12,442.0611572265625
2009-02-13,416.744873046875
2009-02-16,441.0874328613281
2009-02-17,419.66595458984375
2009-02-18,413.8237609863281
2009-02-19,417.7186584472656
2009-02-20,404.086669921875
2009-02-23,406.0340270996094
2009-02-24,400.19195556640625
2009-02-25,415.77117919921875
2009-02-26,407.0078430175781
2009-02-27,440.1136169433594
2009-03-02,414.7975158691406
2009-03-03,403.11309814453125
2009-03-04,396.29705810546875
2009-03-05,393.3759460449219
2009-03-06,377.2126159667969
2009-03-09,355.9856872558594
2009-03-10,367.2807312011719
2009-03-11,394.3497619628906
2009-03-12,372.7335205078125
2009-03-13,381.4967346191406
2009-03-16,399.2181701660156
2009-03-17,427.45556640625
2009-03-18,470.2984924316406
2009-03-19,476.1406555175781
2009-03-23,497.5621337890625
2009-03-24,518.0098266601562
2009-03-25,504.37799072265625
2009-03-26,526.7861938476562
2009-03-27,539.5626220703125
2009-03-30,500.2505187988281
2009-03-31,470.7659912109375
2009-04-01,480.59405517578125
2009-04-02,503.19879150390625
2009-04-03,517.9408569335938
2009-04-06,520.8892822265625
2009-04-07,522.85498046875
2009-04-08,493.3705749511719
2009-04-09,528.7518920898438
2009-04-10,547.42529296875
2009-04-13,546.2457885742188
2009-04-14,546.4424438476562
2009-04-15,538.5800170898438
2009-04-16,545.4596557617188
2009-04-17,541.5282592773438
2009-04-20,540.5455322265625
2009-04-21,526.7861938476562
2009-04-22,523.8375854492188
2009-04-23,516.9583129882812
2009-04-24,514.9925537109375
2009-04-27,529.7344970703125
2009-04-28,514.9925537109375
2009-04-30,510.0783996582031
2009-05-01,509.095458984375
2009-05-07,545.4596557617188
2009-05-08,569.0472412109375
2009-05-11,597.5484008789062
2009-05-12,566.0985107421875
2009-05-13,577.892333984375
2009-05-14,552.3392333984375
2009-05-15,581.8235473632812
2009-05-18,550.3736572265625
2009-05-19,570.0299682617188
2009-05-20,555.2877197265625
2009-05-21,539.5626220703125
2009-05-22,531.7002563476562
2009-05-25,537.5969848632812
2009-05-26,540.5455322265625
2009-05-27,555.2877197265625
2009-05-28,543.4940185546875
2009-05-29,549.3908081054688
2009-06-01,554.3048095703125
2009-06-02,545.4596557617188
2009-06-03,542.5111694335938
2009-06-04,543.4940185546875
2009-06-05,553.3220825195312
2009-06-08,571.0126342773438
2009-06-09,550.3736572265625
2009-06-10,570.0299682617188
2009-06-11,556.2703857421875
2009-06-12,552.3392333984375
2009-06-15,541.5282592773438
2009-06-16,509.095458984375
2009-06-17,505.1643981933594
2009-06-18,503.19879150390625
2009-06-19,520.8892822265625
2009-06-22,519.9066162109375
2009-06-23,504.1815185546875
2009-06-24,507.1298522949219
2009-06-25,509.095458984375
2009-06-26,517.9408569335938
2009-06-29,513.0267944335938
2009-06-30,524.8204956054688
2009-07-01,519.9066162109375
2009-07-02,522.85498046875
2009-07-03,522.85498046875
2009-07-06,510.0783996582031
2009-07-07,498.28472900390625
2009-07-08,484.52532958984375
2009-07-09,490.4222106933594
2009-07-10,485.50811767578125
2009-07-13,487.4739074707031
2009-07-14,493.3705749511719
2009-07-15,494.3536071777344
2009-07-16,497.3020324707031
2009-07-17,511.0611877441406
2009-07-21,518.9236450195312
2009-07-22,516.9583129882812
2009-07-23,512.0440673828125
2009-07-24,524.8204956054688
2009-07-27,525.8032836914062
2009-07-28,527.7691040039062
2009-07-29,522.85498046875
2009-07-30,535.6314697265625
2009-07-31,540.5455322265625
2009-08-03,554.3048095703125
2009-08-04,561.1845092773438
2009-08-05,556.2703857421875
2009-08-06,564.1329956054688
2009-08-07,568.0643310546875
2009-08-10,561.1845092773438
2009-08-11,572.9782104492188
2009-08-12,559.2189331054688
2009-08-13,546.4424438476562
2009-08-14,541.5282592773438
2009-08-17,522.85498046875
2009-08-18,531.7002563476562
2009-08-19,520.8892822265625
2009-08-20,534.6486206054688
2009-08-21,528.7518920898438
2009-08-24,541.5282592773438
2009-08-25,537.5969848632812
2009-08-26,546.4424438476562
2009-08-27,545.4596557617188
2009-08-28,549.3908081054688
2009-08-31,544.476806640625
2009-09-02,534.6486206054688
2009-09-03,524.8204956054688
2009-09-04,526.7861938476562
2009-09-07,528.7518920898438
2009-09-08,526.7861938476562
2009-09-09,520.8892822265625
2009-09-10,531.7002563476562
2009-09-11,530.7174682617188
2009-09-14,523.8375854492188
2009-09-15,518.9236450195312
2009-09-16,518.9236450195312
2009-09-17,524.8204956054688
2009-09-18,517.9408569335938
2009-09-21,517.9408569335938
2009-09-24,532.68310546875
2009-09-25,512.6530151367188
2009-09-28,515.6277465820312
2009-09-29,512.6530151367188
2009-09-30,515.6277465820312
2009-10-01,505.7117919921875
2009-10-02,481.91357421875
2009-10-05,477.9471740722656
2009-10-06,484.88824462890625
2009-10-07,491.8294982910156
2009-10-08,483.8968200683594
2009-10-09,491.8294982910156
2009-10-13,484.88824462890625
2009-10-14,477.9471740722656
2009-10-15,482.9051513671875
2009-10-16,462.0816650390625
2009-10-19,477.9471740722656
2009-10-20,483.8968200683594
2009-10-21,491.8294982910156
2009-10-22,488.8547668457031
2009-10-23,475.96417236328125
2009-10-26,471.99774169921875
2009-10-27,457.1236572265625
2009-10-28,462.0816650390625
2009-10-29,463.0733947753906
2009-10-30,472.9892883300781
2009-11-02,460.0986633300781
2009-11-04,458.115234375
2009-11-05,464.0649719238281
2009-11-06,465.05657958984375
2009-11-09,484.88824462890625
2009-11-10,477.9471740722656
2009-11-11,482.9051513671875
2009-11-12,474.9724426269531
2009-11-13,477.9471740722656
2009-11-16,479.930419921875
2009-11-17,477.9471740722656
2009-11-18,478.93878173828125
2009-11-19,473.9808044433594
2009-11-20,480.9219055175781
2009-11-24,482.9051513671875
2009-11-25,477.9471740722656
2009-11-26,471.99774169921875
2009-11-27,471.99774169921875
2009-11-30,492.8211975097656
2009-12-01,508.68670654296875
2009-12-02,522.56884765625
2009-12-03,525.54345703125
2009-12-04,525.54345703125
2009-12-07,527.52685546875
2009-12-08,524.5520629882812
2009-12-09,513.6444702148438
2009-12-10,511.66131591796875
2009-12-11,515.6277465820312
2009-12-14,510.66973876953125
2009-12-15,507.69488525390625
2009-12-16,514.6361694335938
2009-12-17,507.69488525390625
2009-12-18,510.66973876953125
2009-12-21,504.72027587890625
2009-12-22,503.7285461425781
2009-12-24,502.737060546875
2009-12-25,504.72027587890625
2009-12-28,504.72027587890625
2009-12-29,502.737060546875
2009-12-30,501.745361328125
2010-01-04,504.72027587890625
2010-01-05,514.4378051757812
2010-01-06,527.3285522460938
2010-01-07,539.6241455078125
2010-01-08,537.8392333984375
2010-01-12,536.6492309570312
2010-01-13,530.3032836914062
2010-01-14,534.4678344726562
2010-01-15,534.4678344726562
2010-01-18,526.5350341796875
2010-01-19,515.6277465820312
2010-01-20,512.6530151367188
2010-01-21,525.7420043945312
2010-01-22,518.6025390625
2010-01-25,509.2814025878906
2010-01-26,497.7789611816406
2010-01-27,495.5975036621094
2010-01-28,497.7789611816406
2010-01-29,483.8968200683594
2010-02-01,491.8294982910156
2010-02-02,496.98577880859375
2010-02-03,497.3824462890625
2010-02-04,495.5975036621094
2010-02-05,480.1287536621094
2010-02-08,474.9724426269531
2010-02-09,473.5840759277344
2010-02-10,471.6011047363281
2010-02-12,476.7572021484375
2010-02-15,478.1453857421875
2010-02-16,481.51690673828125
2010-02-17,492.8211975097656
2010-02-18,494.8042297363281
2010-02-19,484.6900329589844
2010-02-22,499.1672668457031
2010-02-23,500.55548095703125
2010-02-24,500.7539978027344
2010-02-25,499.3655700683594
2010-02-26,496.78753662109375
2010-03-01,501.745361328125
2010-03-02,497.58074951171875
2010-03-03,493.0194396972656
2010-03-04,490.2430725097656
2010-03-05,496.1925354003906
2010-03-08,503.3320617675781
2010-03-09,499.5638122558594
2010-03-10,499.76214599609375
2010-03-11,502.3403015136719
2010-03-12,506.3067321777344
2010-03-15,502.737060546875
2010-03-16,501.15032958984375
2010-03-17,507.29833984375
2010-03-18,508.4882507324219
2010-03-19,508.4882507324219
2010-03-23,506.7033996582031
2010-03-24,508.68670654296875
2010-03-25,503.7285461425781
2010-03-26,515.4293823242188
2010-03-29,521.6393432617188
2010-03-30,522.4406127929688
2010-03-31,527.44873046875
2010-04-01,524.6442260742188
2010-04-02,537.2644653320312
2010-04-05,543.8751831054688
2010-04-06,547.4807739257812
2010-04-07,562.3048095703125
2010-04-08,565.7103271484375
2010-04-09,560.3015747070312
2010-04-12,568.715087890625
2010-04-13,563.9073486328125
2010-04-14,569.9169921875
2010-04-15,574.9249877929688
2010-04-16,577.7294311523438
2010-04-19,561.9042358398438
2010-04-20,562.9058227539062
2010-04-21,573.9234619140625
2010-04-22,565.7103271484375
2010-04-23,571.1190795898438
2010-04-26,574.5245361328125
2010-04-27,566.912109375
2010-04-28,555.493896484375
2010-04-30,563.3065185546875
2010-05-06,545.2774047851562
2010-05-07,531.855712890625
2010-05-10,540.0689697265625
2010-05-11,523.0416870117188
2010-05-12,521.8396606445312
2010-05-13,534.8605346679688
2010-05-14,527.6490478515625
2010-05-17,519.435791015625
2010-05-18,515.629638671875
2010-05-19,507.4164123535156
2010-05-20,519.435791015625
2010-05-21,507.81719970703125
2010-05-24,499.6038513183594
2010-05-25,492.1919860839844
2010-05-26,492.1919860839844
2010-05-27,494.5958557128906
2010-05-28,507.6167907714844
2010-05-31,510.6216735839844
2010-06-01,514.2274780273438
2010-06-02,506.0143127441406
2010-06-03,511.22271728515625
2010-06-04,518.0335693359375
2010-06-07,491.1904602050781
2010-06-08,485.1807861328125
2010-06-09,484.5797119140625
2010-06-10,492.3922424316406
2010-06-11,490.1888122558594
2010-06-14,491.1904602050781
2010-06-15,484.5797119140625
2010-06-16,499.00274658203125
2010-06-17,500.0045166015625
2010-06-18,491.5910339355469
2010-06-21,493.1936340332031
2010-06-22,484.1790771484375
2010-06-23,474.76397705078125
2010-06-24,474.3633117675781
2010-06-25,469.9561767578125
2010-06-28,472.3600769042969
2010-06-29,473.3616027832031
2010-06-30,471.1581726074219
2010-07-01,470.3569030761719
2010-07-02,471.1581726074219
2010-07-05,474.76397705078125
2010-07-06,481.17425537109375
2010-07-07,480.9740295410156
2010-07-08,492.1919860839844
2010-07-09,492.1919860839844
2010-07-12,485.7815856933594
2010-07-13,489.7880554199219
2010-07-14,495.9980163574219
2010-07-15,483.17730712890625
2010-07-16,478.7703552246094
2010-07-21,468.9544982910156
2010-07-22,461.1420593261719
2010-07-23,466.1500244140625
2010-07-26,461.9433898925781
2010-07-27,462.34393310546875
2010-07-28,481.5747985839844
2010-07-29,479.5716857910156
2010-07-30,473.96270751953125
2010-08-02,468.9544982910156
2010-08-03,482.17596435546875
2010-08-04,474.76397705078125
2010-08-05,477.96923828125
2010-08-06,477.1679382324219
2010-08-09,475.565185546875
2010-08-10,475.1646728515625
2010-08-11,466.3504333496094
2010-08-12,456.9351806640625
2010-08-13,460.741455078125
2010-08-16,461.1420593261719
2010-08-17,459.5395812988281
2010-08-18,464.7479248046875
2010-08-19,469.9561767578125
2010-08-20,465.54913330078125
2010-08-23,465.54913330078125
2010-08-24,462.34393310546875
2010-08-25,454.5314025878906
2010-08-26,456.33428955078125
2010-08-27,456.13409423828125
2010-08-30,466.1500244140625
2010-08-31,451.52655029296875
2010-09-01,456.33428955078125
2010-09-02,463.5459899902344
2010-09-03,466.1500244140625
2010-09-06,479.77203369140625
2010-09-07,478.36962890625
2010-09-08,467.15167236328125
2010-09-09,471.95941162109375
2010-09-10,476.5668640136719
2010-09-13,481.37457275390625
2010-09-14,484.3793640136719
2010-09-16,476.5668640136719
2010-09-17,479.371337890625
2010-09-21,484.1790771484375
2010-09-22,475.1646728515625
2010-09-24,459.13885498046875
2010-09-27,464.9481506347656
2010-09-28,467.5806884765625
2010-09-29,467.9857177734375
2010-09-30,456.0380859375
2010-10-01,459.68304443359375
2010-10-04,454.2155456542969
2010-10-05,475.8832702636719
2010-10-06,485.80609130859375
2010-10-07,486.2109069824219
2010-10-08,476.4908142089844
2010-10-12,480.7433776855469
2010-10-13,475.2759094238281
2010-10-14,492.6910705566406
2010-10-15,474.4656982421875
2010-10-18,479.325927734375
2010-10-19,472.64324951171875
2010-10-20,467.9857177734375
2010-10-21,466.36566162109375
2010-10-22,466.5682067871094
2010-10-25,465.5556945800781
2010-10-26,460.6955871582031
2010-10-27,459.68304443359375
2010-10-28,456.847900390625
2010-10-29,459.278076171875
2010-11-01,463.9355773925781
2010-11-02,458.8729248046875
2010-11-04,471.2257385253906
2010-11-05,481.7558898925781
2010-11-08,479.5282897949219
2010-11-09,478.51593017578125
2010-11-10,480.7433776855469
2010-11-11,485.4010925292969
2010-11-12,477.30084228515625
2010-11-15,476.28839111328125
2010-11-16,469.4031982421875
2010-11-17,468.9982604980469
2010-11-18,493.90606689453125
2010-11-19,496.3360595703125
2010-11-22,490.4635925292969
2010-11-24,480.5409240722656
2010-11-25,482.9709777832031
2010-11-26,480.7433776855469
2010-11-29,484.7934875488281
2010-11-30,479.325927734375
2010-12-01,481.9584045410156
2010-12-02,482.9709777832031
2010-12-03,484.9960021972656
2010-12-06,484.7934875488281
2010-12-07,477.30084228515625
2010-12-08,483.7810363769531
2010-12-09,490.86865234375
2010-12-10,495.9311828613281
2010-12-13,497.55108642578125
2010-12-14,498.7662658691406
2010-12-15,499.3737487792969
2010-12-16,504.23394775390625
2010-12-17,506.2587890625
2010-12-20,504.6387023925781
2010-12-21,504.8415222167969
2010-12-22,503.4237365722656
2010-12-24,498.56378173828125
2010-12-27,496.1336669921875
2010-12-28,496.9435729980469
2010-12-29,497.55108642578125
2010-12-30,491.4761047363281
2011-01-04,495.9311828613281
2011-01-05,495.12103271484375
2011-01-06,502.4112548828125
2011-01-07,507.2715148925781
2011-01-11,506.6640930175781
2011-01-12,518.814208984375
2011-01-13,524.0791015625
2011-01-14,518.0040893554688
2011-01-17,515.776611328125
2011-01-18,516.9915771484375
2011-01-19,519.4217529296875
2011-01-20,511.928955078125
2011-01-21,499.7787780761719
2011-01-24,503.82879638671875
2011-01-25,511.928955078125
2011-01-26,507.67645263671875
2011-01-27,509.2964782714844
2011-01-28,502.8163757324219
2011-01-31,495.32379150390625
2011-02-01,493.90606689453125
2011-02-02,506.05633544921875
2011-02-03,504.03143310546875
2011-02-04,505.4488830566406
2011-02-07,507.87890625
2011-02-08,523.8766479492188
2011-02-09,522.4591064453125
2011-02-10,528.1292114257812
2011-02-14,537.6470336914062
2011-02-15,545.1395874023438
2011-02-16,554.6571655273438
2011-02-17,577.3377075195312
2011-02-18,565.99755859375
2011-02-21,564.5797729492188
2011-02-22,541.8995971679688
2011-02-23,538.86181640625
2011-02-24,531.5718383789062
2011-02-25,538.2544555664062
2011-02-28,542.5069580078125
2011-03-01,549.7971801757812
2011-03-02,530.9642333984375
2011-03-03,535.8243408203125
2011-03-04,550.404541015625
2011-03-07,535.4193725585938
2011-03-08,530.9642333984375
2011-03-09,538.4569702148438
2011-03-10,520.4341430664062
2011-03-11,508.6888732910156
2011-03-14,445.50787353515625
2011-03-15,439.4325866699219
2011-03-16,452.1904602050781
2011-03-17,436.8003234863281
2011-03-18,438.42022705078125
2011-03-22,462.11309814453125
2011-03-23,464.13824462890625
2011-03-24,459.278076171875
2011-03-25,456.4430847167969
2011-03-28,460.8981628417969
2011-03-29,453.7317199707031
2011-03-30,450.2508544921875
2011-03-31,455.3698425292969
2011-04-01,452.2984619140625
2011-04-04,469.4975891113281
2011-04-05,463.1502990722656
2011-04-06,467.6548156738281
2011-04-07,470.9309997558594
2011-04-08,470.521484375
2011-04-11,479.1210632324219
2011-04-12,474.0022277832031
2011-04-13,471.34051513671875
2011-04-14,465.8121337890625
2011-04-15,466.83599853515625
2011-04-18,462.7408142089844
2011-04-19,467.4500732421875
2011-04-20,469.0881042480469
2011-04-21,464.78839111328125
2011-04-22,464.1742248535156
2011-04-25,460.8979797363281
2011-04-26,458.2362060546875
2011-04-27,455.1649169921875
2011-04-28,460.488525390625
2011-05-02,461.5124206542969
2011-05-06,462.5361022949219
2011-05-09,463.9693603515625
2011-05-10,461.5124206542969
2011-05-11,458.0315246582031
2011-05-12,455.9839782714844
2011-05-13,450.2508544921875
2011-05-16,445.7464599609375
2011-05-17,447.3843994140625
2011-05-18,449.8414306640625
2011-05-19,464.9932861328125
2011-05-20,457.21258544921875
2011-05-23,447.7939147949219
2011-05-24,445.5416564941406
2011-05-25,444.1083679199219
2011-05-26,445.9510803222656
2011-05-27,448.2033996582031
2011-05-30,444.7226257324219
2011-05-31,456.3934631347656
2011-06-01,453.7317199707031
2011-06-02,447.9986877441406
2011-06-03,442.47015380859375
2011-06-06,438.375244140625
2011-06-07,446.1558532714844
2011-06-08,441.6515197753906
2011-06-09,441.6515197753906
2011-06-10,448.2033996582031
2011-06-13,442.265625
2011-06-14,445.3369140625
2011-06-15,445.5416564941406
2011-06-16,436.1228942871094
2011-06-17,429.36614990234375
2011-06-20,430.5946350097656
2011-06-21,432.43743896484375
2011-06-22,444.1083679199219
2011-06-23,442.265625
2011-06-24,447.7939147949219
2011-06-27,439.8085632324219
2011-06-28,445.5416564941406
2011-06-29,460.69329833984375
2011-06-30,459.669677734375
2011-07-01,470.521484375
2011-07-04,478.09722900390625
2011-07-05,484.2398681640625
2011-07-06,488.94903564453125
2011-07-07,483.4208679199219
2011-07-08,487.3111572265625
2011-07-11,480.9637451171875
2011-07-12,470.521484375
2011-07-13,466.6310729980469
2011-07-14,465.40264892578125
2011-07-15,467.8597717285156
2011-07-19,463.9693603515625
2011-07-20,472.3641357421875
2011-07-21,471.9547424316406
2011-07-22,482.3971252441406
2011-07-25,478.9163513183594
2011-07-26,485.058837890625
2011-07-27,476.8688049316406
2011-07-28,470.1120300292969
2011-07-29,465.8121337890625
2011-08-01,475.2306213378906
2011-08-02,481.5781555175781
2011-08-03,470.31689453125
2011-08-04,472.5689392089844
2011-08-05,454.7554626464844
2011-08-08,446.360595703125
2011-08-09,440.6274719238281
2011-08-10,446.7701416015625
2011-08-11,439.60382080078125
2011-08-12,439.60382080078125
2011-08-15,434.2801818847656
2011-08-16,435.5086669921875
2011-08-17,438.1704406738281
2011-08-18,438.1704406738281
2011-08-19,421.9951171875
2011-08-22,424.86175537109375
2011-08-23,423.4283142089844
2011-08-24,425.8853759765625
2011-08-25,423.22357177734375
2011-08-26,422.60943603515625
2011-08-29,423.22357177734375
2011-08-30,425.7362365722656
2011-08-31,424.4520263671875
2011-09-01,430.79937744140625
2011-09-02,418.3094482421875
2011-09-05,403.1578674316406
2011-09-06,397.4248352050781
2011-09-07,396.1962585449219
2011-09-08,397.0152587890625
2011-09-09,396.60577392578125
2011-09-12,388.6205139160156
2011-09-13,395.99151611328125
2011-09-14,390.6678466796875
2011-09-15,393.12493896484375
2011-09-16,402.7483215332031
2011-09-20,390.4632263183594
2011-09-21,391.6916809082031
2011-09-22,386.1634826660156
2011-09-26,377.35906982421875
2011-09-27,383.70635986328125
2011-09-28,400.9306640625
2011-09-29,411.72174072265625
2011-09-30,411.72174072265625
2011-10-03,401.1380920410156
2011-10-04,396.3651428222656
2011-10-05,392.6297912597656
2011-10-06,392.2147216796875
2011-10-07,388.0643310546875
2011-10-11,398.6479187011719
2011-10-12,390.7620544433594
2011-10-13,393.0447692871094
2011-10-14,383.2912292480469
2011-10-17,392.8374328613281
2011-10-18,386.1966247558594
2011-10-19,386.4041748046875
2011-10-20,381.4237060546875
2011-10-21,365.8595886230469
2011-10-24,375.4054870605469
2011-10-25,371.04754638671875
2011-10-26,375.61297607421875
2011-10-27,401.34564208984375
2011-10-28,406.5337829589844
2011-10-31,392.6297912597656
2011-11-01,383.9139404296875
2011-11-02,373.5378723144531
2011-11-04,390.9696044921875
2011-11-07,393.45977783203125
2011-11-08,384.9515380859375
2011-11-09,403.8359375
2011-11-10,382.4612731933594
2011-11-11,385.5740966796875
2011-11-14,385.5740966796875
2011-11-15,381.631103515625
2011-11-16,386.4041748046875
2011-11-17,385.1590576171875
2011-11-18,376.4430847167969
2011-11-21,368.557373046875
2011-11-22,367.312255859375
2011-11-24,363.369384765625
2011-11-25,371.6701354980469
2011-11-28,377.89569091796875
2011-11-29,383.7063293457031
2011-11-30,380.17852783203125
2011-12-01,390.9696044921875
2011-12-02,396.3651428222656
2011-12-05,393.2523193359375
2011-12-06,377.89569091796875
2011-12-07,380.3860168457031
2011-12-08,370.8400573730469
2011-12-09,362.5391845703125
2011-12-12,371.255126953125
2011-12-13,372.29278564453125
2011-12-14,371.8775939941406
2011-12-15,359.8414611816406
2011-12-16,360.6715087890625
2011-12-19,360.8790283203125
2011-12-20,357.1436462402344
2011-12-21,361.5016174316406
2011-12-22,355.48358154296875
2011-12-26,354.44586181640625
2011-12-27,355.27606201171875
2011-12-28,351.5406188964844
2011-12-29,353.20074462890625
2011-12-30,353.8232727050781
2012-01-04,367.5197448730469
2012-01-05,361.5016174316406
2012-01-06,360.2564697265625
2012-01-10,366.4822082519531
2012-01-11,367.72723388671875
2012-01-12,363.16180419921875
2012-01-13,363.369384765625
2012-01-16,351.9555358886719
2012-01-17,352.16314697265625
2012-01-18,351.33306884765625
2012-01-19,362.12420654296875
2012-01-20,379.1408996582031
2012-01-23,385.9891052246094
2012-01-24,389.5168762207031
2012-01-25,394.0823059082031
2012-01-26,392.00726318359375
2012-01-27,390.9696044921875
2012-01-30,401.1380920410156
2012-01-31,396.1575622558594
2012-02-01,402.7983703613281
2012-02-02,409.4390563964844
2012-02-03,407.5713195800781
2012-02-06,418.5698547363281
2012-02-07,417.7397766113281
2012-02-08,427.4932556152344
2012-02-09,433.9264831542969
2012-02-10,425.0028991699219
2012-02-13,424.5879821777344
2012-02-14,423.34283447265625
2012-02-15,447.6230163574219
2012-02-16,456.338623046875
2012-02-17,457.9989929199219
2012-02-20,464.6394958496094
2012-02-21,458.828857421875
2012-02-22,458.4139099121094
2012-02-23,464.0169982910156
2012-02-24,464.8469543457031
2012-02-27,460.9041442871094
2012-02-28,466.2998352050781
2012-02-29,465.8847961425781
2012-03-01,455.9236755371094
2012-03-02,456.9612731933594
2012-03-05,454.8861389160156
2012-03-06,446.5851135253906
2012-03-07,435.7941589355469
2012-03-08,454.26348876953125
2012-03-09,470.6576843261719
2012-03-12,465.8847961425781
2012-03-13,466.9222717285156
2012-03-14,478.75091552734375
2012-03-15,479.9961242675781
2012-03-16,473.7704162597656
2012-03-19,471.90277099609375
2012-03-21,469.4124755859375
2012-03-22,476.05322265625
2012-03-23,470.8652648925781
2012-03-26,463.80950927734375
2012-03-27,483.5238952636719
2012-03-28,483.9434814453125
2012-03-29,481.6361083984375
2012-03-30,476.3918762207031
2012-04-02,477.2308044433594
2012-04-03,478.06988525390625
2012-04-04,464.8542785644531
2012-04-05,458.77093505859375
2012-04-06,452.26800537109375
2012-04-09,438.2133483886719
2012-04-10,441.56951904296875
2012-04-11,429.6124267578125
2012-04-12,428.7735900878906
2012-04-13,437.1642761230469
2012-04-16,425.8367919921875
2012-04-17,426.25634765625
2012-04-18,436.74493408203125
2012-04-19,436.74493408203125
2012-04-20,431.50054931640625
2012-04-23,429.4028015136719
2012-04-24,423.10968017578125
2012-04-25,433.5982666015625
2012-04-26,433.17864990234375
2012-04-27,431.9200134277344
2012-05-01,418.4947814941406
2012-05-02,426.25634765625
2012-05-07,408.21588134765625
2012-05-08,408.0061340332031
2012-05-09,398.7762145996094
2012-05-10,398.1469421386719
2012-05-11,391.43414306640625
2012-05-14,395.0002746582031
2012-05-15,386.39959716796875
2012-05-16,383.88238525390625
2012-05-17,384.5116271972656
2012-05-18,370.2472229003906
2012-05-21,375.49151611328125
2012-05-22,375.28173828125
2012-05-23,369.1983642578125
2012-05-24,372.76446533203125
2012-05-25,371.2961730957031
2012-05-28,370.45703125
2012-05-29,371.5058898925781
2012-05-30,363.5345458984375
2012-05-31,358.08038330078125
2012-06-01,360.5977478027344
2012-06-04,348.8504333496094
2012-06-05,365.8419189453125
2012-06-06,375.91094970703125
2012-06-07,384.7214660644531
2012-06-08,376.3306579589844
2012-06-11,380.7357482910156
2012-06-12,377.7989807128906
2012-06-13,378.4282531738281
2012-06-14,382.83349609375
2012-06-15,389.3365173339844
2012-06-18,397.93695068359375
2012-06-19,396.0491943359375
2012-06-20,405.6985778808594
2012-06-21,411.7820739746094
2012-06-22,408.8452453613281
2012-06-25,405.6985778808594
2012-06-26,395.2101135253906
2012-06-27,399.8250732421875
2012-06-28,411.3625183105469
2012-06-29,416.60675048828125
2012-07-02,420.8022155761719
2012-07-03,430.0322570800781
2012-07-04,428.9832458496094
2012-07-05,426.6757507324219
2012-07-06,420.17291259765625
2012-07-09,413.0406799316406
2012-07-10,407.49560546875
2012-07-11,400.4542236328125
2012-07-12,399.405517578125
2012-07-13,385.770263671875
2012-07-17,393.9712219238281
2012-07-18,397.72723388671875
2012-07-19,403.0380554199219
2012-07-20,386.39959716796875
2012-07-23,381.78466796875
2012-07-24,379.4771728515625
2012-07-25,361.6465148925781
2012-07-26,361.8563537597656
2012-07-27,370.666748046875
2012-07-30,375.7013244628906
2012-07-31,379.2673645019531
2012-08-01,376.3306579589844
2012-08-02,378.2185974121094
2012-08-03,370.666748046875
2012-08-06,379.67547607421875
2012-08-07,384.9897155761719
2012-08-08,381.365234375
2012-08-09,383.0622863769531
2012-08-10,384.93115234375
2012-08-13,399.33001708984375
2012-08-14,401.29339599609375
2012-08-15,393.31011962890625
2012-08-16,404.0205383300781
2012-08-17,412.2015380859375
2012-08-20,413.460205078125
2012-08-21,412.9608154296875
2012-08-22,408.8452453613281
2012-08-23,416.0614318847656
2012-08-24,407.5865783691406
2012-08-27,402.7618103027344
2012-08-28,398.9859619140625
2012-08-29,405.2790832519531
2012-08-30,401.5031433105469
2012-08-31,393.1123962402344
2012-09-03,397.0980529785156
2012-09-04,391.43414306640625
2012-09-05,388.28759765625
2012-09-06,395.83935546875
2012-09-07,414.7187194824219
2012-09-10,414.2992858886719
2012-09-11,411.9917907714844
2012-09-12,413.8798522949219
2012-09-13,416.81646728515625
2012-09-14,441.7794189453125
2012-09-18,439.05230712890625
2012-09-19,443.45751953125
2012-09-20,431.0810546875
2012-09-21,431.71044921875
2012-09-24,429.4028015136719
2012-09-25,429.6124267578125
2012-09-26,425.8916015625
2012-09-27,429.0810546875
2012-09-28,423.97808837890625
2012-10-01,425.0410461425781
2012-10-02,420.5760192871094
2012-10-03,421.426513671875
2012-10-04,426.3168640136719
2012-10-05,428.44317626953125
2012-10-09,428.6558837890625
2012-10-10,426.10418701171875
2012-10-11,423.1275329589844
2012-10-12,436.0978088378906
2012-10-15,434.39666748046875
2012-10-16,439.4997253417969
2012-10-17,447.366943359375
2012-10-18,462.4635009765625
2012-10-19,464.5896911621094
2012-10-22,464.16448974609375
2012-10-23,456.50982666015625
2012-10-24,454.8089294433594
2012-10-25,460.5498352050781
2012-10-26,458.4234924316406
2012-10-29,449.06787109375
2012-10-30,432.4830627441406
2012-10-31,449.2806091308594
2012-11-01,448.0047607421875
2012-11-02,456.7226867675781
2012-11-05,448.6426696777344
2012-11-06,442.9017639160156
2012-11-07,445.0281677246094
2012-11-08,434.609375
2012-11-09,432.0578308105469
2012-11-12,421.2138671875
2012-11-13,421.0012512207031
2012-11-14,420.7886047363281
2012-11-15,430.35675048828125
2012-11-16,443.3270263671875
2012-11-19,445.8786315917969
2012-11-20,460.7625427246094
2012-11-21,456.9351501464844
2012-11-22,460.3372497558594
2012-11-26,458.8487548828125
2012-11-27,459.0614318847656
2012-11-28,450.3437805175781
2012-11-29,450.13104248046875
2012-11-30,449.4931945800781
2012-12-03,444.17755126953125
2012-12-04,444.17755126953125
2012-12-05,445.4532165527344
2012-12-06,443.3270263671875
2012-12-07,453.5331115722656
2012-12-10,450.13104248046875
2012-12-11,446.0912780761719
2012-12-12,443.3270263671875
2012-12-13,452.4698486328125
2012-12-14,462.0381774902344
2012-12-17,462.4635009765625
2012-12-18,473.5199279785156
2012-12-19,496.9089660644531
2012-12-20,510.09185791015625
2012-12-21,500.5237121582031
2012-12-25,499.673095703125
2012-12-26,502.6499328613281
2012-12-27,502.2247314453125
2012-12-28,506.68988037109375
2013-01-04,527.7399291992188
2013-01-07,525.4010620117188
2013-01-08,513.9192504882812
2013-01-09,522.4241943359375
2013-01-10,549.0025634765625
2013-01-11,571.3284912109375
2013-01-15,559.2086181640625
2013-01-16,542.83642578125
2013-01-17,548.3648681640625
2013-01-18,577.49462890625
2013-01-21,564.7369995117188
2013-01-22,559.8466796875
2013-01-23,545.6004638671875
2013-01-24,558.783447265625
2013-01-25,567.501220703125
2013-01-28,566.8632202148438
2013-01-29,567.7138671875
2013-01-30,577.0693359375
2013-01-31,574.73046875
2013-02-01,566.4379272460938
2013-02-04,593.2290649414062
2013-02-05,559.2086181640625
2013-02-06,586.2123413085938
2013-02-07,576.8566284179688
2013-02-08,565.800048828125
2013-02-12,572.3915405273438
2013-02-13,574.092529296875
2013-02-14,570.6905517578125
2013-02-15,569.2022094726562
2013-02-18,582.8103637695312
2013-02-19,584.7239990234375
2013-02-20,613.428466796875
2013-02-21,592.8036499023438
2013-02-22,580.0460205078125
2013-02-25,581.3218383789062
2013-02-26,570.2654418945312
2013-02-27,547.7268676757812
2013-02-28,556.6573486328125
2013-03-01,559.8466796875
2013-03-04,570.6905517578125
2013-03-05,561.7601318359375
2013-03-06,581.3218383789062
2013-03-07,578.3450927734375
2013-03-08,588.5513305664062
2013-03-11,609.1759643554688
2013-03-12,605.9866333007812
2013-03-13,607.2623901367188
2013-03-14,606.62451171875
2013-03-15,619.3822021484375
2013-03-18,598.1194458007812
2013-03-19,601.946533203125
2013-03-21,605.5612182617188
2013-03-22,591.3154296875
2013-03-25,588.5513305664062
2013-03-26,589.8270263671875
2013-03-27,585.4244384765625
2013-03-28,580.6998291015625
2013-03-29,569.1029052734375
2013-04-01,566.9555053710938
2013-04-02,553.640625
2013-04-03,558.1505737304688
2013-04-04,574.9015502929688
2013-04-05,602.39013671875
2013-04-08,623.6509399414062
2013-04-09,629.449462890625
2013-04-10,663.595458984375
2013-04-11,683.9973754882812
2013-04-12,687.21875
2013-04-15,670.0382080078125
2013-04-16,657.1528930664062
2013-04-17,664.66943359375
2013-04-18,651.7840576171875
2013-04-19,644.0528564453125
2013-04-22,639.972412109375
2013-04-23,655.0054931640625
2013-04-24,666.81689453125
2013-04-25,672.1858520507812
2013-04-26,664.66943359375
2013-04-30,663.595458984375
2013-05-01,653.9317016601562
2013-05-02,643.4085083007812
2013-05-07,666.81689453125
2013-05-08,697.9566650390625
2013-05-09,693.6614990234375
2013-05-10,709.7681884765625
2013-05-13,719.4320678710938
2013-05-14,711.9155883789062
2013-05-15,725.8749389648438
2013-05-16,704.399169921875
2013-05-17,717.2846069335938
2013-05-20,719.4320678710938
2013-05-21,729.0960083007812
2013-05-22,751.6454467773438
2013-05-23,685.0712890625
2013-05-24,712.989501953125
2013-05-27,664.66943359375
2013-05-28,671.1121826171875
2013-05-29,677.5547485351562
2013-05-30,657.1528930664062
2013-05-31,643.1936645507812
2013-06-03,622.362548828125
2013-06-04,642.1200561523438
2013-06-05,606.6851806640625
2013-06-06,607.7590942382812
2013-06-07,603.0346069335938
2013-06-10,623.6509399414062
2013-06-11,626.872314453125
2013-06-12,620.8592529296875
2013-06-13,605.181884765625
2013-06-14,597.0213012695312
2013-06-17,618.4970092773438
2013-06-18,634.8182373046875
2013-06-19,658.2266235351562
2013-06-20,651.7840576171875
2013-06-21,664.66943359375
2013-06-24,656.0791625976562
2013-06-25,649.636474609375
2013-06-26,642.3348999023438
2013-06-27,653.9317016601562
2013-06-28,675.4073486328125
2013-07-01,704.399169921875
2013-07-02,724.8009643554688
2013-07-03,728.0223999023438
2013-07-04,729.0960083007812
2013-07-05,737.6862182617188
2013-07-08,721.5796508789062
2013-07-09,737.6862182617188
2013-07-10,747.3502807617188
2013-07-11,741.9815673828125
2013-07-12,743.0553588867188
2013-07-16,765.6046752929688
2013-07-17,764.5310668945312
2013-07-18,745.2028198242188
2013-07-19,737.6862182617188
2013-07-22,734.4649047851562
2013-07-23,751.6454467773438
2013-07-24,766.6785278320312
2013-07-25,725.8749389648438
2013-07-26,689.3662719726562
2013-07-29,681.8499145507812
2013-07-30,685.0712890625
2013-07-31,673.2596435546875
2013-08-01,694.7352905273438
2013-08-02,723.727294921875
2013-08-05,700.1041870117188
2013-08-06,714.0632934570312
2013-08-07,682.9235229492188
2013-08-08,664.66943359375
2013-08-09,667.8906860351562
2013-08-12,667.8906860351562
2013-08-13,663.595458984375
2013-08-14,686.14501953125
2013-08-15,675.4073486328125
2013-08-16,663.595458984375
2013-08-19,664.66943359375
2013-08-20,651.7840576171875
2013-08-21,648.5626831054688
2013-08-22,652.8578491210938
2013-08-23,670.0382080078125
2013-08-26,659.3004760742188
2013-08-27,656.0791625976562
2013-08-28,653.9317016601562
2013-08-29,660.374267578125
2013-08-30,651.7840576171875
2013-09-02,649.636474609375
2013-09-03,663.595458984375
2013-09-04,657.1528930664062
2013-09-05,661.447998046875
2013-09-06,659.3004760742188
2013-09-09,667.8906860351562
2013-09-10,699.0302734375
2013-09-11,699.0302734375
2013-09-12,708.6943359375
2013-09-13,712.989501953125
2013-09-17,711.9155883789062
2013-09-18,704.399169921875
2013-09-19,708.6943359375
2013-09-20,710.8419799804688
2013-09-24,703.325439453125
2013-09-25,703.325439453125
2013-09-26,711.9949951171875
2013-09-27,714.1627197265625
2013-09-30,694.6558837890625
2013-10-01,701.1580810546875
2013-10-02,691.4047241210938
2013-10-03,678.4002685546875
2013-10-04,662.1447143554688
2013-10-07,649.7903442382812
2013-10-08,651.3076171875
2013-10-09,665.3956298828125
2013-10-10,672.9816284179688
2013-10-11,678.4002685546875
2013-10-15,667.5630493164062
2013-10-16,688.1536254882812
2013-10-17,704.4093627929688
2013-10-18,692.4883422851562
2013-10-21,689.2371826171875
2013-10-22,684.9025268554688
2013-10-23,674.0652465820312
2013-10-24,674.0652465820312
2013-10-25,665.3956298828125
2013-10-28,683.8186645507812
2013-10-29,682.7349853515625
2013-10-30,694.6558837890625
2013-10-31,694.6558837890625
2013-11-01,682.7349853515625
2013-11-05,681.6514282226562
2013-11-06,688.1536254882812
2013-11-07,680.5678100585938
2013-11-08,672.9816284179688
2013-11-11,690.3209228515625
2013-11-12,713.0787963867188
2013-11-13,702.2417602539062
2013-11-14,710.9113159179688
2013-11-15,732.5855712890625
2013-11-18,749.9248657226562
2013-11-19,743.422607421875
2013-11-20,730.4181518554688
2013-11-21,743.422607421875
2013-11-22,735.8364868164062
2013-11-25,745.5899047851562
2013-11-26,744.506103515625
2013-11-27,738.00390625
2013-11-28,742.3388061523438
2013-11-29,736.9202880859375
2013-12-02,743.422607421875
2013-12-03,753.1758422851562
2013-12-04,727.1669921875
2013-12-05,717.4136962890625
2013-12-06,720.6647338867188
2013-12-09,728.2506713867188
2013-12-10,729.33447265625
2013-12-11,726.0831909179688
2013-12-12,722.832275390625
2013-12-13,720.6647338867188
2013-12-16,710.9113159179688
2013-12-17,715.2461547851562
2013-12-18,729.33447265625
2013-12-19,741.2550659179688
2013-12-20,742.3388061523438
2013-12-24,745.5899047851562
2013-12-25,743.422607421875
2013-12-26,754.2595825195312
2013-12-27,760.7618408203125
2013-12-30,761.845703125
2014-01-06,751.008544921875
2014-01-07,730.4181518554688
2014-01-08,736.9202880859375
2014-01-09,739.0877075195312
2014-01-10,727.1669921875
2014-01-14,707.6603393554688
2014-01-15,728.4674682617188
2014-01-16,733.452392578125
2014-01-17,723.0488891601562
2014-01-20,713.2955932617188
2014-01-21,715.896484375
2014-01-22,715.029541015625
2014-01-23,710.4779052734375
2014-01-24,694.2222290039062
2014-01-27,669.5139770507812
2014-01-28,666.0459594726562
2014-01-29,686.8532104492188
2014-01-30,657.3762817382812
2014-01-31,657.5928955078125
2014-02-03,642.637939453125
2014-02-04,614.4616088867188
2014-02-05,635.4854736328125
2014-02-06,634.8350830078125
2014-02-07,649.5736083984375
2014-02-10,648.273193359375
2014-02-12,672.7650146484375
2014-02-13,667.3463134765625
2014-02-14,669.9474487304688
2014-02-17,671.8981323242188
2014-02-18,688.1536254882812
2014-02-19,685.1192016601562
2014-02-20,667.5630493164062
2014-02-21,681.6514282226562
2014-02-24,668.4300537109375
2014-02-25,671.8981323242188
2014-02-26,660.4107666015625
2014-02-27,652.6080322265625
2014-02-28,652.8246459960938
2014-03-03,651.7410888671875
2014-03-04,652.391357421875
2014-03-05,659.977294921875
2014-03-06,665.6126708984375
2014-03-07,661.7111206054688
2014-03-10,657.1597290039062
2014-03-11,668.2133178710938
2014-03-12,656.5093383789062
2014-03-13,664.962158203125
2014-03-14,653.4749755859375
2014-03-17,651.0906982421875
2014-03-18,656.9427490234375
2014-03-19,643.0714111328125
2014-03-20,639.1698608398438
2014-03-24,636.7858276367188
2014-03-25,638.736572265625
2014-03-26,651.7410888671875
2014-03-27,653.9376220703125
2014-03-28,658.7703247070312
2014-03-31,680.5167846679688
2014-04-01,682.4938354492188
2014-04-02,691.0606689453125
2014-04-03,690.8411254882812
2014-04-04,692.1591186523438
2014-04-07,679.418701171875
2014-04-08,672.3892822265625
2014-04-09,666.6780395507812
2014-04-10,660.0883178710938
2014-04-11,646.9083251953125
2014-04-14,648.0066528320312
2014-04-15,643.3937377929688
2014-04-16,663.1634521484375
2014-04-17,657.4521484375
2014-04-18,663.822509765625
2014-04-21,667.337158203125
2014-04-22,663.822509765625
2014-04-23,663.1634521484375
2014-04-24,663.822509765625
2014-04-25,667.99609375
2014-04-28,663.383056640625
2014-04-30,661.40625
2014-05-01,675.9038696289062
2014-05-02,676.7825317382812
2014-05-07,643.174072265625
2014-05-08,653.9376220703125
2014-05-09,657.6718139648438
2014-05-12,655.2556762695312
2014-05-13,673.4876708984375
2014-05-14,678.3203125
2014-05-15,669.7533569335938
2014-05-16,647.5673217773438
2014-05-19,641.6365966796875
2014-05-20,645.5903930664062
2014-05-21,648.2263793945312
2014-05-22,667.1173095703125
2014-05-23,678.5399169921875
2014-05-26,676.1236572265625
2014-05-27,678.1004638671875
2014-05-28,686.4478759765625
2014-05-29,693.91650390625
2014-05-30,706.437255859375
2014-06-02,719.3972778320312
2014-06-03,719.6170654296875
2014-06-04,740.92431640625
2014-06-05,731.4786987304688
2014-06-06,738.9474487304688
2014-06-09,740.265380859375
2014-06-10,737.40966796875
2014-06-11,751.0287475585938
2014-06-12,749.9304809570312
2014-06-13,756.7400512695312
2014-06-16,753.2255249023438
2014-06-17,745.09765625
2014-06-18,755.2024536132812
2014-06-19,760.9136352539062
2014-06-20,750.150146484375
2014-06-23,756.7400512695312
2014-06-24,763.3298950195312
2014-06-25,747.953369140625
2014-06-26,744.43896484375
2014-06-27,735.4326782226562
2014-06-30,731.9182739257812
2014-07-01,737.18994140625
2014-07-02,736.970458984375
2014-07-03,735.4326782226562
2014-07-04,734.9935913085938
2014-07-07,732.3575439453125
2014-07-08,711.0499877929688
2014-07-09,713.0270385742188
2014-07-10,712.3680419921875
2014-07-11,707.9749145507812
2014-07-14,715.4432983398438
2014-07-15,726.8657836914062
2014-07-16,715.8827514648438
2014-07-17,722.6923217773438
2014-07-18,714.564697265625
2014-07-22,727.4150390625
2014-07-23,732.7968139648438
2014-07-24,723.790771484375
2014-07-25,721.9232177734375
2014-07-28,722.5823364257812
2014-07-29,723.57080078125
2014-07-30,716.8712158203125
2014-07-31,718.73828125
2014-08-01,707.8649291992188
2014-08-04,707.2059326171875
2014-08-05,694.7951049804688
2014-08-06,686.88720703125
2014-08-07,683.3726196289062
2014-08-08,667.2273559570312
2014-08-11,691.7197875976562
2014-08-12,690.1821899414062
2014-08-13,697.3212890625
2014-08-14,708.4140625
2014-08-15,703.36181640625
2014-08-18,704.0209350585938
2014-08-19,707.7551879882812
2014-08-20,701.4948120117188
2014-08-21,713.7959594726562
2014-08-22,714.6746826171875
2014-08-25,705.66845703125
2014-08-26,701.7144775390625
2014-08-27,705.3387451171875
2014-08-28,703.6913452148438
2014-08-29,696.6620483398438
2014-09-01,695.4541015625
2014-09-02,702.263671875
2014-09-03,704.240478515625
2014-09-04,708.4140625
2014-09-05,704.240478515625
2014-09-08,707.5354614257812
2014-09-09,713.7959594726562
2014-09-10,717.6400146484375
2014-09-11,724.3397216796875
2014-09-12,725.1085205078125
2014-09-16,708.8533935546875
2014-09-17,715.4432983398438
2014-09-18,728.1837158203125
2014-09-19,740.8143310546875
2014-09-22,752.4566650390625
2014-09-24,738.0687255859375
2014-09-25,754.3236083984375
2014-09-26,752.7680053710938
2014-09-29,755.8793334960938
2014-09-30,756.2130126953125
2014-10-01,747.8785400390625
2014-10-02,726.2089233398438
2014-10-03,725.6533813476562
2014-10-06,730.3206176757812
2014-10-07,747.65625
2014-10-08,739.5440673828125
2014-10-09,734.54345703125
2014-10-10,728.7647705078125
2014-10-14,713.2071533203125
2014-10-15,721.6527099609375
2014-10-16,704.8726196289062
2014-10-17,689.4261474609375
2014-10-20,710.2066040039062
2014-10-21,703.205810546875
2014-10-22,706.7617797851562
2014-10-23,708.09521484375
2014-10-24,715.2073364257812
2014-10-27,722.9862670898438
2014-10-28,723.7639770507812
2014-10-29,737.9883422851562
2014-10-30,738.655029296875
2014-10-31,780.7719116210938
2014-11-04,814.6651611328125
2014-11-05,812.776123046875
2014-11-06,805.1084594726562
2014-11-07,794.7735595703125
2014-11-10,796.2183837890625
2014-11-11,804.552734375
2014-11-12,806.2196044921875
2014-11-13,818.665771484375
2014-11-14,831.4453125
2014-11-17,807.1088256835938
2014-11-18,823.2218627929688
2014-11-19,857.3377075195312
2014-11-20,839.8906860351562
2014-11-21,850.6701049804688
2014-11-25,868.4501342773438
2014-11-26,863.5607299804688
2014-11-27,842.7800903320312
2014-11-28,862.4493408203125
2014-12-01,882.4521484375
2014-12-02,883.452392578125
2014-12-03,873.1175537109375
2014-12-04,882.3411865234375
2014-12-05,909.5667724609375
2014-12-08,902.0103149414062
2014-12-09,889.0083618164062
2014-12-10,857.6708984375
2014-12-11,859.2266845703125
2014-12-12,869.005859375
2014-12-15,845.4472045898438
2014-12-16,844.7802124023438
2014-12-17,841.44677734375
2014-12-18,847.891845703125
2014-12-19,870.2281494140625
2014-12-22,865.3387451171875
2014-12-24,881.0076293945312
2014-12-25,874.1175537109375
2014-12-26,878.8959350585938
2014-12-29,886.8972778320312
2014-12-30,874.2288208007812
2015-01-05,873.6732788085938
2015-01-06,835.1124267578125
2015-01-07,839.5574340820312
2015-01-08,856.5596923828125
2015-01-09,877.229248046875
2015-01-13,863.6719360351562
2015-01-14,843.5579833984375
2015-01-15,839.0018920898438
2015-01-16,845.8916015625
2015-01-19,849.7810668945312
2015-01-20,861.7826538085938
2015-01-21,848.6701049804688
2015-01-22,846.2250366210938
2015-01-23,889.7864379882812
2015-01-26,888.00830078125
2015-01-27,914.7901000976562
2015-01-28,915.9010620117188
2015-01-29,913.5673217773438
2015-01-30,920.123779296875
2015-02-02,904.5661010742188
2015-02-03,886.7860717773438
2015-02-04,931.125244140625
2015-02-05,911.0115966796875
2015-02-06,897.6760864257812
2015-02-09,906.0110473632812
2015-02-10,911.78955078125
2015-02-12,938.0153198242188
2015-02-13,929.6809692382812
2015-02-16,933.6810302734375
2015-02-17,957.6845092773438
2015-02-18,964.4629516601562
2015-02-19,948.0164794921875
2015-02-20,947.4608154296875
2015-02-23,945.6827392578125
2015-02-24,940.2376708984375
2015-02-25,942.5714721679688
2015-02-26,960.129150390625
2015-02-27,966.907958984375
2015-03-02,953.46142578125
2015-03-03,961.907470703125
2015-03-04,946.5718383789062
2015-03-05,950.35009765625
2015-03-06,959.6847534179688
2015-03-09,959.01806640625
2015-03-10,949.016845703125
2015-03-11,941.126708984375
2015-03-12,983.9102172851562
2015-03-13,984.0211791992188
2015-03-16,994.8006591796875
2015-03-17,1013.9141845703125
2015-03-18,1027.916259765625
2015-03-19,1019.1370849609375
2015-03-20,1019.9151000976562
2015-03-23,1024.9158935546875
2015-03-24,1021.8043212890625
2015-03-25,1028.360595703125
2015-03-26,1022.35986328125
2015-03-27,1033.26953125
2015-03-30,1034.3941650390625
2015-03-31,1020.8977661132812
2015-04-01,1019.8855590820312
2015-04-02,1042.6044921875
2015-04-03,1047.4407958984375
2015-04-06,1043.3917236328125
2015-04-07,1072.971923828125
2015-04-08,1055.201171875
2015-04-09,1061.3873291015625
2015-04-10,1065.6612548828125
2015-04-13,1054.976318359375
2015-04-14,1054.526611328125
2015-04-15,1067.9105224609375
2015-04-16,1081.294677734375
2015-04-17,1078.4827880859375
2015-04-20,1073.87158203125
2015-04-21,1115.035888671875
2015-04-22,1132.80615234375
2015-04-23,1157.5499267578125
2015-04-24,1135.73046875
2015-04-27,1125.8331298828125
2015-04-28,1139.779296875
2015-04-30,1102.439208984375
2015-05-01,1096.47802734375
2015-05-07,1109.2999267578125
2015-05-08,1121.558837890625
2015-05-11,1123.8087158203125
2015-05-12,1121.671630859375
2015-05-13,1107.6129150390625
2015-05-14,1101.7640380859375
2015-05-15,1115.3731689453125
2015-05-18,1147.2025146484375
2015-05-19,1154.4005126953125
2015-05-20,1111.2119140625
2015-05-21,1107.1629638671875
2015-05-22,1102.7764892578125
2015-05-25,1125.383056640625
2015-05-26,1136.6302490234375
2015-05-27,1137.530029296875
2015-05-28,1176.6697998046875
2015-05-29,1157.0997314453125
2015-06-01,1156.4249267578125
2015-06-02,1140.004150390625
2015-06-03,1152.1512451171875
2015-06-04,1170.37158203125
2015-06-05,1149.4520263671875
2015-06-08,1140.454345703125
2015-06-09,1113.01123046875
2015-06-10,1103.3388671875
2015-06-11,1098.390380859375
2015-06-12,1096.3656005859375
2015-06-15,1114.3609619140625
2015-06-16,1109.524658203125
2015-06-17,1102.1016845703125
2015-06-18,1088.717529296875
2015-06-19,1102.214111328125
2015-06-22,1137.0802001953125
2015-06-23,1160.4742431640625
2015-06-24,1156.2001953125
2015-06-25,1162.4984130859375
2015-06-26,1164.0731201171875
2015-06-29,1131.68115234375
2015-06-30,1145.852783203125
2015-07-01,1143.82861328125
2015-07-02,1165.872802734375
2015-07-03,1157.7750244140625
2015-07-06,1113.461181640625
2015-07-07,1143.6033935546875
2015-07-08,1090.9669189453125
2015-07-09,1108.849853515625
2015-07-10,1099.177490234375
2015-07-13,1126.508056640625
2015-07-14,1165.1978759765625
2015-07-15,1162.2735595703125
2015-07-16,1166.9971923828125
2015-07-17,1201.6383056640625
2015-07-21,1200.28857421875
2015-07-22,1176.44482421875
2015-07-23,1180.4937744140625
2015-07-24,1155.7501220703125
2015-07-27,1149.22705078125
2015-07-28,1127.1827392578125
2015-07-29,1143.1534423828125
2015-07-30,1151.2513427734375
2015-07-31,1161.823486328125
2015-08-03,1156.6502685546875
2015-08-04,1152.3759765625
2015-08-05,1150.801513671875
2015-08-06,1172.6209716796875
2015-08-07,1196.23974609375
2015-08-10,1212.435302734375
2015-08-11,1190.8411865234375
2015-08-12,1200.28857421875
2015-08-13,1211.985595703125
2015-08-14,1210.1861572265625
2015-08-17,1215.5849609375
2015-08-18,1213.5601806640625
2015-08-19,1176.6697998046875
2015-08-20,1127.6324462890625
2015-08-21,1080.1700439453125
2015-08-24,1006.3888549804688
2015-08-25,984.9070434570312
2015-08-26,1031.6951904296875
2015-08-27,1076.2332763671875
2015-08-28,1101.314453125
2015-08-31,1096.815673828125
2015-09-01,1047.3284912109375
2015-09-02,1027.533447265625
2015-09-03,1050.59033203125
2015-09-04,1028.43310546875
2015-09-07,1023.9346313476562
2015-09-08,991.7675170898438
2015-09-09,1084.781005859375
2015-09-10,1043.9541015625
2015-09-11,1041.2548828125
2015-09-14,1025.396484375
2015-09-15,1035.293701171875
2015-09-16,1032.93212890625
2015-09-17,1032.5947265625
2015-09-18,993.3424072265625
2015-09-24,971.298095703125
2015-09-25,1007.9637451171875
2015-09-28,997.15234375
2015-09-29,965.059326171875
2015-09-30,1011.0360107421875
2015-10-01,1011.7191162109375
2015-10-02,1020.1405029296875
2015-10-05,1024.23779296875
2015-10-06,1037.211181640625
2015-10-07,1050.86767578125
2015-10-08,1034.47998046875
2015-10-09,1047.45361328125
2015-10-13,1035.162841796875
2015-10-14,1007.8497924804688
2015-10-15,1013.767333984375
2015-10-16,1026.7412109375
2015-10-19,1012.857177734375
2015-10-20,1026.7412109375
2015-10-21,1057.01318359375
2015-10-22,1046.770751953125
2015-10-23,1080.456787109375
2015-10-26,1090.9268798828125
2015-10-27,1063.61376953125
2015-10-28,1066.3450927734375
2015-10-29,1067.2554931640625
2015-10-30,1067.938232421875
2015-11-02,1051.7779541015625
2015-11-04,1089.5609130859375
2015-11-05,1096.389404296875
2015-11-06,1095.93408203125
2015-11-09,1129.84765625
2015-11-10,1125.5233154296875
2015-11-11,1137.8143310546875
2015-11-12,1132.3515625
2015-11-13,1125.295654296875
2015-11-16,1113.4600830078125
2015-11-17,1102.762451171875
2015-11-18,1078.4083251953125
2015-11-19,1094.5687255859375
2015-11-20,1090.4716796875
2015-11-24,1082.9603271484375
2015-11-25,1076.815185546875
2015-11-26,1079.5465087890625
2015-11-27,1072.035400390625
2015-11-30,1033.342041015625
2015-12-01,1049.2745361328125
2015-12-02,1056.785400390625
2015-12-03,1067.7108154296875
2015-12-04,1050.64013671875
2015-12-07,1053.3712158203125
2015-12-08,1051.09521484375
2015-12-09,1041.535888671875
2015-12-10,1049.0467529296875
2015-12-11,1040.853271484375
2015-12-14,1016.7262573242188
2015-12-15,996.241943359375
2015-12-16,1034.935302734375
2015-12-17,1058.1512451171875
2015-12-18,1029.9276123046875
2015-12-21,1026.513671875
2015-12-22,1035.617919921875
2015-12-24,1043.81201171875
2015-12-25,1043.81201171875
2015-12-28,1062.4757080078125
2015-12-29,1081.822509765625
2015-12-30,1072.490478515625
2016-01-04,1047.22607421875
2016-01-05,1027.6514892578125
2016-01-06,1010.3534545898438
2016-01-07,999.4283447265625
2016-01-08,986.6823120117188
2016-01-12,950.9478149414062
2016-01-13,963.6939086914062
2016-01-14,945.4851684570312
2016-01-15,928.641845703125
2016-01-18,923.406982421875
2016-01-19,930.4631958007812
2016-01-20,894.2732543945312
2016-01-21,873.7882690429688
2016-01-22,923.406982421875
2016-01-25,939.5672607421875
2016-01-26,914.985595703125
2016-01-27,945.4851684570312
2016-01-28,929.3248901367188
2016-01-29,966.88037109375
2016-02-01,1040.397705078125
2016-02-02,1006.0289306640625
2016-02-03,969.8392944335938
2016-02-04,935.4703979492188
2016-02-05,917.944580078125
2016-02-08,897.0044555664062
2016-02-09,842.3783569335938
2016-02-10,809.8304443359375
2016-02-12,762.488037109375
2016-02-15,847.3858642578125
2016-02-16,871.0573120117188
2016-02-17,836.915771484375
2016-02-18,861.04248046875
2016-02-19,846.4754028320312
2016-02-22,862.8633422851562
2016-02-23,875.1539916992188
2016-02-24,876.2921142578125
2016-02-25,911.1160888671875
2016-02-26,905.8811645507812
2016-02-29,895.866455078125
2016-03-01,882.2097778320312
2016-03-02,935.925537109375
2016-03-03,951.1754760742188
2016-03-04,944.1189575195312
2016-03-07,913.1646118164062
2016-03-08,900.1910400390625
2016-03-09,879.706298828125
2016-03-10,900.6463012695312
2016-03-11,901.1015014648438
2016-03-14,925.9108276367188
2016-03-15,906.5641479492188
2016-03-16,893.8180541992188
2016-03-17,895.4111938476562
2016-03-18,870.1466064453125
2016-03-22,886.9896240234375
2016-03-23,883.57568359375
2016-03-24,871.9676513671875
2016-03-25,907.4746704101562
2016-03-28,902.9222412109375
2016-03-29,910.1974487304688
2016-03-30,896.3400268554688
2016-03-31,877.6325073242188
2016-04-01,845.0678100585938
2016-04-04,848.5322875976562
2016-04-05,819.4317016601562
2016-04-06,806.2672729492188
2016-04-07,802.1099853515625
2016-04-08,803.4955444335938
2016-04-11,793.3336791992188
2016-04-12,800.262451171875
2016-04-13,840.9105834960938
2016-04-14,878.7874755859375
2016-04-15,868.6254272460938
2016-04-18,817.3532104492188
2016-04-19,851.0724487304688
2016-04-20,852.689453125
2016-04-21,886.6397705078125
2016-04-22,903.7306518554688
2016-04-25,921.0525512695312
2016-04-26,905.8092651367188
2016-04-27,896.8020629882812
2016-04-28,851.9963989257812
2016-05-02,838.8320922851562
2016-05-06,831.2103881835938
2016-05-09,825.2056274414062
2016-05-10,857.53955078125
2016-05-11,854.0751342773438
2016-05-12,848.0703735351562
2016-05-13,836.0604858398438
2016-05-16,846.4534301757812
2016-05-17,851.0724487304688
2016-05-18,856.8466796875
2016-05-19,859.8489990234375
2016-05-20,867.4705810546875
2016-05-23,863.313232421875
2016-05-24,839.5250244140625
2016-05-25,877.8634643554688
2016-05-26,875.0921020507812
2016-05-27,886.177978515625
2016-05-30,886.8709716796875
2016-05-31,886.6397705078125
2016-06-01,881.0968627929688
2016-06-02,849.9179077148438
2016-06-03,854.3060302734375
2016-06-06,829.5938110351562
2016-06-07,840.9105834960938
2016-06-08,845.7606811523438
2016-06-09,829.3629150390625
2016-06-10,824.9747924804688
2016-06-13,795.4124145507812
2016-06-14,784.7882690429688
2016-06-15,804.419677734375
2016-06-16,777.8598022460938
2016-06-17,795.4124145507812
2016-06-20,808.114990234375
2016-06-21,810.1935424804688
2016-06-22,807.6530151367188
2016-06-23,821.972412109375
2016-06-24,745.2947387695312
2016-06-27,738.3661499023438
2016-06-28,728.43505859375
2016-06-29,774.8574829101562
2016-06-30,777.6287841796875
2016-07-01,788.7147216796875
2016-07-04,793.1027221679688
2016-07-05,784.0953979492188
2016-07-06,767.9287109375
2016-07-07,764.4642944335938
2016-07-08,751.0687866210938
2016-07-11,751.0687866210938
2016-07-12,828.4389038085938
2016-07-13,841.37255859375
2016-07-14,853.3821411132812
2016-07-15,879.4802856445312
2016-07-19,896.1091918945312
2016-07-20,889.1804809570312
2016-07-21,905.8092651367188
2016-07-22,901.4210815429688
2016-07-25,904.8853759765625
2016-07-26,895.6473999023438
2016-07-27,907.1951904296875
2016-07-28,896.5711059570312
2016-07-29,933.0620727539062
2016-08-01,917.588134765625
2016-08-02,895.6473999023438
2016-08-03,861.9277954101562
2016-08-04,868.8563232421875
2016-08-05,855.4608154296875
2016-08-08,894.2613525390625
2016-08-09,900.0352172851562
2016-08-10,888.2565307617188
2016-08-12,896.3400268554688
2016-08-15,881.0968627929688
2016-08-16,863.313232421875
2016-08-17,897.2640380859375
2016-08-18,885.9469604492188
2016-08-19,924.9785766601562
2016-08-22,924.74755859375
2016-08-23,906.7329711914062
2016-08-24,922.2071533203125
2016-08-25,925.4404296875
2016-08-26,900.7283325195312
2016-08-29,931.2144775390625
2016-08-30,928.4428100585938
2016-08-31,938.6051025390625
2016-09-01,927.750244140625
2016-09-02,955.69580078125
2016-09-05,959.6222534179688
2016-09-06,970.4769287109375
2016-09-07,952.2315063476562
2016-09-08,945.302734375
2016-09-09,932.8312377929688
2016-09-12,910.8903198242188
2016-09-13,896.3400268554688
2016-09-14,910.8903198242188
2016-09-15,893.799560546875
2016-09-16,905.1162719726562
2016-09-20,900.0352172851562
2016-09-21,939.5289916992188
2016-09-23,937.9119262695312
2016-09-26,923.36181640625
2016-09-27,935.6026000976562
2016-09-28,924.68115234375
2016-09-29,917.8697509765625
2016-09-30,900.4896850585938
2016-10-03,901.42919921875
2016-10-04,905.6566772460938
2016-10-05,929.8482666015625
2016-10-06,946.2890014648438
2016-10-07,951.9259643554688
2016-10-11,963.6693725585938
2016-10-12,938.06884765625
2016-10-13,937.3641967773438
2016-10-14,947.2286987304688
2016-10-17,953.3353881835938
2016-10-18,950.5170288085938
2016-10-19,938.3035888671875
2016-10-20,956.1536254882812
2016-10-21,948.872802734375
2016-10-24,949.107421875
2016-10-25,959.9115600585938
2016-10-26,952.6306762695312
2016-10-27,944.4102783203125
2016-10-28,957.5628662109375
2016-10-31,974.4736938476562
2016-11-01,990.209716796875
2016-11-02,962.4952392578125
2016-11-04,932.6666870117188
2016-11-07,942.0615844726562
2016-11-08,951.4561767578125
2016-11-09,903.3078002929688
2016-11-10,980.5802612304688
2016-11-11,1035.7742919921875
2016-11-14,1073.3533935546875
2016-11-15,1096.6058349609375
2016-11-16,1102.712158203125
2016-11-17,1096.6058349609375
2016-11-18,1082.2786865234375
2016-11-21,1118.448486328125
2016-11-22,1116.0997314453125
2016-11-24,1148.0419921875
2016-11-25,1159.5506591796875
2016-11-28,1166.362060546875
2016-11-29,1148.51171875
2016-11-30,1150.625732421875
2016-12-01,1173.1728515625
2016-12-02,1189.6138916015625
2016-12-05,1176.93115234375
2016-12-06,1191.0233154296875
2016-12-07,1209.5780029296875
2016-12-08,1241.28515625
2016-12-09,1254.907470703125
2016-12-12,1263.8326416015625
2016-12-13,1248.096435546875
2016-12-14,1239.64111328125
2016-12-15,1235.648193359375
2016-12-16,1193.6068115234375
2016-12-19,1179.2799072265625
2016-12-20,1169.4154052734375
2016-12-21,1173.4080810546875
2016-12-22,1153.9136962890625
2016-12-26,1142.1702880859375
2016-12-27,1141.2308349609375
2016-12-28,1133.47998046875
2016-12-29,1125.4947509765625
2016-12-30,1126.4339599609375
2017-01-04,1154.8533935546875
2017-01-05,1167.5362548828125
2017-01-06,1154.8533935546875
2017-01-10,1128.7828369140625
2017-01-11,1129.95703125
2017-01-12,1107.8792724609375
2017-01-13,1119.3880615234375
2017-01-16,1100.83349609375
2017-01-17,1098.0150146484375
2017-01-18,1098.484375
2017-01-19,1103.1817626953125
2017-01-20,1130.192138671875
2017-01-23,1112.5765380859375
2017-01-24,1091.908203125
2017-01-25,1095.430908203125
2017-01-26,1128.3128662109375
2017-01-27,1145.4586181640625
2017-01-30,1122.6761474609375
2017-01-31,1111.16748046875
2017-02-01,1110.9326171875
2017-02-02,1105.0609130859375
2017-02-03,1111.16748046875
2017-02-06,1112.341796875
2017-02-07,1105.0609130859375
2017-02-08,1112.107177734375
2017-02-09,1108.583984375
2017-02-10,1133.0103759765625
2017-02-13,1141.2308349609375
2017-02-14,1132.07080078125
2017-02-15,1178.5751953125
2017-02-16,1204.6456298828125
2017-02-17,1194.0762939453125
2017-02-20,1195.250732421875
2017-02-21,1207.464111328125
2017-02-22,1199.713134765625
2017-02-23,1195.7208251953125
2017-02-24,1183.97705078125
2017-02-27,1147.572509765625
2017-02-28,1155.3228759765625
2017-03-01,1173.8778076171875
2017-03-02,1180.6888427734375
2017-03-03,1180.923583984375
2017-03-06,1162.603759765625
2017-03-07,1164.7177734375
2017-03-08,1165.1875
2017-03-09,1160.020263671875
2017-03-10,1191.9625244140625
2017-03-13,1196.894775390625
2017-03-14,1212.16162109375
2017-03-15,1217.3284912109375
2017-03-16,1205.8201904296875
2017-03-17,1200.653076171875
2017-03-21,1188.9091796875
2017-03-22,1130.4268798828125
2017-03-23,1135.593994140625
2017-03-24,1149.6864013671875
2017-03-27,1123.1458740234375
2017-03-28,1137.0029296875
2017-03-29,1147.85205078125
2017-03-30,1132.115234375
2017-03-31,1119.7164306640625
2017-04-03,1120.670166015625
2017-04-04,1110.8939208984375
2017-04-05,1102.0714111328125
2017-04-06,1080.1351318359375
2017-04-07,1082.2811279296875
2017-04-10,1093.2496337890625
2017-04-11,1104.6944580078125
2017-04-12,1091.103271484375
2017-04-13,1084.904052734375
2017-04-14,1079.1812744140625
2017-04-17,1074.889404296875
2017-04-18,1080.1351318359375
2017-04-19,1072.743408203125
2017-04-20,1082.996337890625
2017-04-21,1099.92578125
2017-04-24,1100.1640625
2017-04-25,1119.7164306640625
2017-04-26,1127.34619140625
2017-04-27,1127.34619140625
2017-04-28,1118.762451171875
2017-05-01,1126.3927001953125
2017-05-02,1132.830322265625
2017-05-08,1161.2049560546875
2017-05-09,1171.6964111328125
2017-05-10,1178.611083984375
2017-05-11,1185.2874755859375
2017-05-12,1174.319091796875
2017-05-15,1178.13427734375
2017-05-16,1174.7960205078125
2017-05-17,1164.066650390625
2017-05-18,1133.0689697265625
2017-05-19,1151.1904296875
2017-05-22,1144.0372314453125
2017-05-23,1124.9619140625
2017-05-24,1137.122314453125
2017-05-25,1127.34619140625
2017-05-26,1120.670166015625
2017-05-29,1119.2393798828125
2017-05-30,1114.470703125
2017-05-31,1120.670166015625
2017-06-01,1136.8841552734375
2017-06-02,1169.073486328125
2017-06-05,1159.7744140625
2017-06-06,1149.04443359375
2017-06-07,1149.5213623046875
2017-06-08,1169.3121337890625
2017-06-09,1164.3045654296875
2017-06-12,1181.4722900390625
2017-06-13,1188.1485595703125
2017-06-14,1184.810546875
2017-06-15,1156.674560546875
2017-06-16,1155.7208251953125
2017-06-19,1155.2437744140625
2017-06-20,1157.3896484375
2017-06-21,1142.3680419921875
2017-06-22,1123.53125
2017-06-23,1121.1470947265625
2017-06-26,1113.5167236328125
2017-06-27,1111.132568359375
2017-06-28,1110.1787109375
2017-06-29,1117.0933837890625
2017-06-30,1108.986328125
2017-07-03,1108.986328125
2017-07-04,1120.9083251953125
2017-07-05,1123.29296875
2017-07-06,1124.723388671875
2017-07-07,1133.0689697265625
2017-07-10,1138.3148193359375
2017-07-11,1146.183349609375
2017-07-12,1149.04443359375
2017-07-13,1141.4144287109375
2017-07-14,1132.592041015625
2017-07-17,1132.592041015625
2017-07-18,1133.0689697265625
2017-07-19,1127.34619140625
2017-07-20,1136.645751953125
2017-07-21,1129.015625
2017-07-24,1118.28564453125
2017-07-25,1114.947509765625
2017-07-26,1116.1397705078125
2017-07-27,1113.5167236328125
2017-07-28,1104.9329833984375
2017-07-31,1107.5557861328125
2017-08-01,1129.015625
2017-08-02,1126.6312255859375
2017-08-03,1125.2005615234375
2017-08-04,1120.4312744140625
2017-08-07,1123.53125
2017-08-08,1109.2249755859375
2017-08-09,1090.6263427734375
2017-08-10,1069.882080078125
2017-08-11,1069.882080078125
2017-08-14,1060.8214111328125
2017-08-15,1073.9356689453125
2017-08-16,1079.8968505859375
2017-08-17,1072.2664794921875
2017-08-18,1061.2982177734375
2017-08-21,1049.1378173828125
2017-08-22,1049.1378173828125
2017-08-23,1055.098876953125
2017-08-24,1053.66796875
2017-08-25,1055.33740234375
2017-08-28,1046.0382080078125
2017-08-29,1036.5006103515625
2017-08-30,1041.9847412109375
2017-08-31,1046.7537841796875
2017-09-01,1046.7537841796875
2017-09-04,1037.6927490234375
2017-09-05,1031.9698486328125
2017-09-06,1025.770751953125
2017-09-07,1010.7490234375
2017-09-08,1003.118896484375
2017-09-11,1009.795166015625
2017-09-12,1042.9385986328125
2017-09-13,1050.0916748046875
2017-09-14,1045.0845947265625
2017-09-15,1052.714599609375
2017-09-18,1052.714599609375
2017-09-19,1078.9432373046875
2017-09-20,1080.1351318359375
2017-09-21,1086.3345947265625
2017-09-22,1072.9820556640625
2017-09-25,1064.3980712890625
2017-09-26,1060.1063232421875
2017-09-27,1063.7484130859375
2017-09-28,1078.5596923828125
2017-09-29,1068.847412109375
2017-10-02,1069.5755615234375
2017-10-03,1073.703369140625
2017-10-04,1089.000244140625
2017-10-05,1083.4158935546875
2017-10-06,1093.3709716796875
2017-10-09,1093.3709716796875
2017-10-10,1063.2626953125
2017-10-11,1089.9716796875
2017-10-12,1084.872802734375
2017-10-13,1089.4859619140625
2017-10-16,1124.693603515625
2017-10-17,1128.578369140625
2017-10-18,1128.3355712890625
2017-10-19,1141.690185546875
2017-10-20,1149.2171630859375
2017-10-23,1164.028564453125
2017-10-24,1168.1563720703125
2017-10-25,1187.0953369140625
2017-10-26,1182.724609375
2017-10-27,1189.0379638671875
2017-10-30,1183.4532470703125
2017-10-31,1178.8399658203125
2017-11-01,1179.0828857421875
2017-11-02,1175.926025390625
2017-11-03,1175.926025390625
2017-11-06,1171.070068359375
2017-11-07,1186.3670654296875
2017-11-08,1179.568359375
2017-11-09,1183.4532470703125
2017-11-10,1166.4566650390625
2017-11-13,1166.4566650390625
2017-11-14,1171.5556640625
2017-11-15,1154.31640625
2017-11-16,1150.6739501953125
2017-11-17,1183.6961669921875
2017-11-20,1175.19775390625
2017-11-21,1160.386474609375
2017-11-22,1163.785888671875
2017-11-23,1163.785888671875
2017-11-24,1169.6129150390625
2017-11-27,1181.99658203125
2017-11-28,1149.9454345703125
2017-11-29,1192.4371337890625
2017-11-30,1204.3350830078125
2017-12-01,1243.9129638671875
2017-12-04,1238.0855712890625
2017-12-05,1237.599609375
2017-12-06,1219.6318359375
2017-12-07,1220.60302734375
2017-12-08,1222.788330078125
2017-12-11,1232.9864501953125
2017-12-12,1245.855224609375
2017-12-13,1254.1109619140625
2017-12-14,1233.47216796875
2017-12-15,1213.8045654296875
2017-12-18,1241.727294921875
2017-12-19,1240.270751953125
2017-12-20,1255.324951171875
2017-12-21,1257.5103759765625
2017-12-22,1260.424072265625
2017-12-25,1263.58056640625
2017-12-26,1253.867919921875
2017-12-27,1258.4815673828125
2017-12-28,1245.6124267578125
2017-12-29,1248.2835693359375
2018-01-01,1248.2835693359375
2018-01-02,1248.2835693359375
2018-01-03,1248.2835693359375
2018-01-04,1278.634765625
2018-01-05,1291.9892578125
2018-01-08,1291.9892578125
2018-01-09,1304.1297607421875
2018-01-10,1318.2127685546875
2018-01-11,1310.4425048828125
2018-01-12,1307.0433349609375
2018-01-15,1320.8836669921875
2018-01-16,1321.854736328125
2018-01-17,1333.02392578125
2018-01-18,1295.6314697265625
2018-01-19,1296.8455810546875
2018-01-22,1293.2032470703125
2018-01-23,1303.643798828125
2018-01-24,1310.685546875
2018-01-25,1308.985595703125
2018-01-26,1278.3916015625
2018-01-29,1280.5772705078125
2018-01-30,1264.5517578125
2018-01-31,1248.0406494140625
2018-02-01,1276.93505859375
2018-02-02,1269.407958984375
2018-02-05,1254.596435546875
2018-02-06,1194.136962890625
2018-02-07,1205.7919921875
2018-02-08,1219.146240234375
2018-02-09,1184.4246826171875
2018-02-12,1184.4246826171875
2018-02-13,1181.2684326171875
2018-02-14,1173.2554931640625
2018-02-15,1226.1878662109375
2018-02-16,1222.302978515625
2018-02-19,1240.5135498046875
2018-02-20,1223.2742919921875
2018-02-21,1209.6767578125
2018-02-22,1198.5076904296875
2018-02-23,1191.708984375
2018-02-26,1199.9644775390625
2018-02-27,1225.9449462890625
2018-02-28,1205.7919921875
2018-03-01,1183.4532470703125
2018-03-02,1171.070068359375
2018-03-05,1181.025146484375
2018-03-06,1188.0667724609375
2018-03-07,1187.0953369140625
2018-03-08,1185.8814697265625
2018-03-09,1198.75048828125
2018-03-12,1208.70556640625
2018-03-13,1214.290283203125
2018-03-14,1200.449951171875
2018-03-15,1201.421142578125
2018-03-16,1205.5491943359375
2018-03-19,1190.00927734375
2018-03-20,1204.3350830078125
2018-03-21,1204.3350830078125
2018-03-22,1219.8746337890625
2018-03-23,1163.785888671875
2018-03-26,1160.62939453125
2018-03-27,1178.59716796875
2018-03-28,1198.84130859375
2018-03-29,1178.350341796875
2018-03-30,1168.968994140625
2018-04-02,1175.6346435546875
2018-04-03,1178.350341796875
2018-04-04,1171.6845703125
2018-04-05,1194.150634765625
2018-04-06,1188.7191162109375
2018-04-09,1204.02587890625
2018-04-10,1217.8505859375
2018-04-11,1221.5540771484375
2018-04-12,1218.097900390625
2018-04-13,1225.0101318359375
2018-04-16,1216.3695068359375
2018-04-17,1209.9508056640625
2018-04-18,1206.00048828125
2018-04-19,1212.4195556640625
2018-04-20,1226.4915771484375
2018-04-23,1239.0823974609375
2018-04-24,1253.8953857421875
2018-04-25,1261.54833984375
2018-04-26,1265.004638671875
2018-04-27,1276.8546142578125
2018-04-30,1276.8546142578125
2018-05-01,1282.5330810546875
2018-05-02,1282.0391845703125
2018-05-03,1282.0391845703125
2018-05-04,1282.0391845703125
2018-05-07,1287.4705810546875
2018-05-08,1294.876708984375
2018-05-09,1294.13623046875
2018-05-10,1295.864501953125
2018-05-11,1310.1832275390625
2018-05-14,1309.689697265625
2018-05-15,1307.71435546875
2018-05-16,1313.3924560546875
2018-05-17,1315.8616943359375
2018-05-18,1355.3619384765625
2018-05-21,1342.277587890625
2018-05-22,1317.5897216796875
2018-05-23,1323.2679443359375
2018-05-24,1307.467529296875
2018-05-25,1312.899169921875
2018-05-28,1307.2208251953125
2018-05-29,1302.036376953125
2018-05-30,1277.3485107421875
2018-05-31,1293.6424560546875
2018-06-01,1307.96142578125
2018-06-04,1333.6368408203125
2018-06-05,1339.808837890625
2018-06-06,1346.721435546875
2018-06-07,1350.1776123046875
2018-06-08,1345.9805908203125
2018-06-11,1351.165283203125
2018-06-12,1348.6962890625
2018-06-13,1361.0401611328125
2018-06-14,1355.8558349609375
2018-06-15,1376.099853515625
2018-06-18,1356.596435546875
2018-06-19,1344.9932861328125
2018-06-20,1348.202392578125
2018-06-21,1336.8463134765625
2018-06-22,1316.355224609375
2018-06-25,1311.6646728515625
2018-06-26,1317.0960693359375
2018-06-27,1322.5272216796875
2018-06-28,1296.6048583984375
2018-06-29,1282.0391845703125
2018-07-02,1292.9017333984375
2018-07-03,1315.3677978515625
2018-07-04,1311.1708984375
2018-07-05,1315.120849609375
2018-07-06,1294.876708984375
2018-07-09,1301.0489501953125
2018-07-10,1311.6646728515625
2018-07-11,1289.4456787109375
2018-07-12,1304.258544921875
2018-07-13,1300.061279296875
2018-07-16,1300.061279296875
2018-07-17,1312.4052734375
2018-07-18,1291.1737060546875
2018-07-19,1284.7548828125
2018-07-20,1274.3861083984375
2018-07-23,1280.31103515625
2018-07-24,1294.13623046875
2018-07-25,1301.7894287109375
2018-07-26,1312.158203125
2018-07-27,1336.3525390625
2018-07-30,1321.2928466796875
2018-07-31,1308.7022705078125
2018-08-01,1319.31787109375
2018-08-02,1306.2330322265625
2018-08-03,1298.580078125
2018-08-06,1286.7298583984375
2018-08-07,1306.97412109375
2018-08-08,1307.467529296875
2018-08-09,1308.2083740234375
2018-08-10,1281.7923583984375
2018-08-13,1268.2142333984375
2018-08-14,1296.1114501953125
2018-08-15,1289.4456787109375
2018-08-16,1297.83935546875
2018-08-17,1325.9837646484375
2018-08-20,1318.5772705078125
2018-08-21,1298.333251953125
2018-08-22,1319.811279296875
2018-08-23,1315.61474609375
2018-08-24,1312.899169921875
2018-08-27,1328.6993408203125
2018-08-28,1324.2554931640625
2018-08-29,1324.2554931640625
2018-08-30,1322.280517578125
2018-08-31,1292.9017333984375
2018-09-03,1292.655029296875
2018-09-04,1289.6925048828125
2018-09-05,1283.7674560546875
2018-09-06,1257.84521484375
2018-09-07,1258.8326416015625
2018-09-10,1276.6080322265625
2018-09-11,1264.757568359375
2018-09-12,1258.3389892578125
2018-09-13,1253.4014892578125
2018-09-14,1282.0391845703125
2018-09-17,1282.0391845703125
2018-09-18,1315.3677978515625
2018-09-19,1344.7464599609375
2018-09-20,1351.4119873046875
2018-09-21,1377.334228515625
2018-09-24,1377.334228515625
2018-09-25,1395.603271484375
2018-09-26,1433.7137451171875
2018-09-27,1438.795166015625
2018-09-28,1432.1893310546875
2018-10-01,1427.108154296875
2018-10-02,1430.9190673828125
2018-10-03,1405.0037841796875
2018-10-04,1417.4532470703125
2018-10-05,1427.3619384765625
2018-10-08,1427.3619384765625
2018-10-09,1411.3558349609375
2018-10-10,1428.6322021484375
2018-10-11,1393.824951171875
2018-10-12,1365.623046875
2018-10-15,1347.076171875
2018-10-16,1369.4339599609375
2018-10-17,1383.407958984375
2018-10-18,1381.37548828125
2018-10-19,1411.609619140625
2018-10-22,1408.3067626953125
2018-10-23,1354.952392578125
2018-10-24,1333.864501953125
2018-10-25,1300.327392578125
2018-10-26,1309.2196044921875
2018-10-29,1303.3759765625
2018-10-30,1322.431396484375
2018-10-31,1358.2547607421875
2018-11-01,1380.3590087890625
2018-11-02,1399.92236328125
2018-11-05,1377.564453125
2018-11-06,1406.2742919921875
2018-11-07,1378.326904296875
2018-11-08,1404.7496337890625
2018-11-09,1397.89013671875
2018-11-12,1408.052734375
2018-11-13,1366.38525390625
2018-11-14,1368.4178466796875
2018-11-15,1350.1248779296875
2018-11-16,1372.22900390625
2018-11-19,1405.0037841796875
2018-11-20,1406.020263671875
2018-11-21,1392.0462646484375
2018-11-22,1406.5283203125
2018-11-23,1406.5283203125
2018-11-26,1395.6033935546875
2018-11-27,1436.25439453125
2018-11-28,1422.7884521484375
2018-11-29,1410.339111328125
2018-11-30,1424.0592041015625
2018-12-03,1435.7462158203125
2018-12-04,1408.3067626953125
2018-12-05,1388.2353515625
2018-12-06,1372.737060546875
2018-12-07,1401.954833984375
2018-12-10,1391.0301513671875
2018-12-11,1370.95849609375
2018-12-12,1370.95849609375
2018-12-13,1372.22900390625
2018-12-14,1357.492919921875
2018-12-17,1367.65576171875
2018-12-18,1351.9034423828125
2018-12-19,1354.4442138671875
2018-12-20,1360.0335693359375
2018-12-21,1320.65283203125
2018-12-24,1320.65283203125
2018-12-25,1277.9691162109375
2018-12-26,1271.8714599609375
2018-12-27,1330.3074951171875
2018-12-28,1330.3074951171875
2018-12-31,1330.3074951171875
2019-01-04,1325.48046875
2019-01-07,1365.8770751953125
2019-01-08,1365.8770751953125
2019-01-09,1351.3951416015625
2019-01-10,1325.98828125
2019-01-11,1317.349609375
2019-01-15,1325.98828125
2019-01-16,1328.2750244140625
2019-01-17,1347.076171875
2019-01-18,1354.1900634765625
2019-01-21,1356.22265625
2019-01-22,1352.1573486328125
2019-01-23,1347.583984375
2019-01-24,1346.8218994140625
2019-01-25,1364.0987548828125
2019-01-28,1342.7568359375
2019-01-29,1340.7244873046875
2019-01-30,1337.9296875
2019-01-31,1349.6168212890625
2019-02-01,1345.2974853515625
2019-02-04,1369.9423828125
2019-02-05,1371.9747314453125
2019-02-06,1372.22900390625
2019-02-07,1356.98486328125
2019-02-08,1338.691650390625
2019-02-12,1359.0172119140625
2019-02-13,1373.245361328125
2019-02-14,1377.05615234375
2019-02-15,1367.1473388671875
2019-02-18,1393.3165283203125
2019-02-19,1411.8638916015625
2019-02-20,1415.1666259765625
2019-02-21,1415.4205322265625
2019-02-22,1398.14404296875
2019-02-25,1405.7659912109375
2019-02-26,1394.5869140625
2019-02-27,1378.5804443359375
2019-02-28,1378.5804443359375
2019-03-01,1381.12109375
2019-03-04,1364.0987548828125
2019-03-05,1366.38525390625
2019-03-06,1370.95849609375
2019-03-07,1362.3201904296875
2019-03-08,1328.020751953125
2019-03-11,1339.199951171875
2019-03-12,1350.886962890625
2019-03-13,1321.4150390625
2019-03-14,1319.63671875
2019-03-15,1339.7078857421875
2019-03-18,1359.0172119140625
2019-03-19,1389.759765625
2019-03-20,1394.078857421875
2019-03-22,1383.407958984375
2019-03-25,1364.6070556640625
2019-03-26,1384.67822265625
2019-03-27,1384.161865234375
2019-03-28,1380.28662109375
2019-03-29,1385.1949462890625
2019-04-01,1405.086669921875
2019-04-02,1409.2200927734375
2019-04-03,1436.603759765625
2019-04-04,1425.753662109375
2019-04-05,1425.4951171875
2019-04-08,1406.636962890625
2019-04-09,1408.9620361328125
2019-04-10,1414.6453857421875
2019-04-11,1435.0537109375
2019-04-12,1445.90380859375
2019-04-15,1476.9039306640625
2019-04-16,1479.487548828125
2019-04-17,1481.553955078125
2019-04-18,1468.120361328125
2019-04-19,1450.2955322265625
2019-04-22,1454.170654296875
2019-04-23,1454.945556640625
2019-04-24,1447.453857421875
2019-04-25,1448.74560546875
2019-04-26,1447.1954345703125
2019-05-07,1442.803955078125
2019-05-08,1427.0452880859375
2019-05-09,1408.7034912109375
2019-05-10,1410.511962890625
2019-05-13,1403.02001953125
2019-05-14,1408.4453125
2019-05-15,1419.8118896484375
2019-05-16,1426.787109375
2019-05-17,1443.5787353515625
2019-05-20,1435.8284912109375
2019-05-21,1390.103271484375
2019-05-22,1390.87841796875
2019-05-23,1413.870361328125
2019-05-24,1418.2618408203125
2019-05-27,1419.5535888671875
2019-05-28,1442.5455322265625
2019-05-29,1434.537109375
2019-05-30,1445.128662109375
2019-05-31,1395.27001953125
2019-06-03,1399.4033203125
2019-06-04,1399.4033203125
2019-06-05,1408.1868896484375
2019-06-06,1403.795166015625
2019-06-07,1420.0704345703125
2019-06-10,1429.6287841796875
2019-06-11,1425.753662109375
2019-06-12,1420.3287353515625
2019-06-13,1426.0115966796875
2019-06-14,1428.3370361328125
2019-06-17,1430.662353515625
2019-06-18,1406.89501953125
2019-06-19,1419.8118896484375
2019-06-20,1421.1033935546875
2019-06-21,1394.7532958984375
2019-06-24,1393.4617919921875
2019-06-25,1400.6951904296875
2019-06-26,1383.3863525390625
2019-06-27,1385.1949462890625
2019-06-28,1394.7532958984375
2019-07-01,1415.936767578125
2019-07-02,1426.0115966796875
2019-07-03,1425.2369384765625
2019-07-04,1433.5035400390625
2019-07-05,1450.0372314453125
2019-07-08,1444.8704833984375
2019-07-09,1460.62890625
2019-07-10,1461.145751953125
2019-07-11,1444.8704833984375
2019-07-12,1454.428955078125
2019-07-16,1461.6624755859375
2019-07-17,1464.7623291015625
2019-07-18,1444.3538818359375
2019-07-19,1480.262451171875
2019-07-22,1477.937255859375
2019-07-23,1492.66259765625
2019-07-24,1489.5626220703125
2019-07-25,1476.6458740234375
2019-07-26,1483.3624267578125
2019-07-29,1486.7208251953125
2019-07-30,1497.571044921875
2019-07-31,1497.571044921875
2019-08-01,1499.12109375
2019-08-02,1473.287353515625
2019-08-05,1458.0455322265625
2019-08-06,1450.0372314453125
2019-08-07,1438.6705322265625
2019-08-08,1434.537109375
2019-08-09,1446.937255859375
2019-08-13,1459.3372802734375
2019-08-14,1478.9708251953125
2019-08-15,1452.1038818359375
2019-08-16,1426.2705078125
2019-08-19,1421.6201171875
2019-08-20,1431.43701171875
2019-08-21,1424.7203369140625
2019-08-22,1425.753662109375
2019-08-23,1427.3038330078125
2019-08-26,1398.11181640625
2019-08-27,1391.653076171875
2019-08-28,1399.661865234375
2019-08-29,1406.636962890625
2019-08-30,1413.6119384765625
2019-09-02,1411.803466796875
2019-09-03,1410.2532958984375
2019-09-04,1404.0533447265625
2019-09-05,1421.878662109375
2019-09-06,1438.1536865234375
2019-09-09,1462.9539794921875
2019-09-10,1481.553955078125
2019-09-11,1496.5377197265625
2019-09-12,1514.362548828125
2019-09-13,1529.6046142578125
2019-09-17,1529.087890625
2019-09-18,1504.28759765625
2019-09-19,1523.92138671875
2019-09-20,1524.179443359375
2019-09-24,1555.1798095703125
2019-09-25,1556.7296142578125
2019-09-26,1553.3714599609375
2019-09-27,1548.8824462890625
2019-09-30,1525.910888671875
2019-10-01,1527.23095703125
2019-10-02,1537.2647705078125
2019-10-03,1509.8040771484375
2019-10-04,1512.972412109375
2019-10-07,1512.18017578125
2019-10-08,1497.922119140625
2019-10-09,1487.096435546875
2019-10-10,1465.1805419921875
2019-10-11,1468.085205078125
2019-10-15,1498.714111328125
2019-10-16,1509.5400390625
2019-10-17,1498.4500732421875
2019-10-18,1505.0513916015625
2019-10-21,1513.2366943359375
2019-10-23,1518.2535400390625
2019-10-24,1521.9500732421875
2019-10-25,1517.989501953125
2019-10-28,1474.9503173828125
2019-10-29,1507.1634521484375
2019-10-30,1528.287109375
2019-10-31,1549.4107666015625
2019-11-01,1540.169189453125
2019-11-05,1574.2308349609375
2019-11-06,1561.556640625
2019-11-07,1554.6915283203125
2019-11-08,1560.5006103515625
2019-11-11,1570.0059814453125
2019-11-12,1571.062255859375
2019-11-13,1558.38818359375
2019-11-14,1538.056884765625
2019-11-15,1558.916259765625
2019-11-18,1553.63525390625
2019-11-19,1551.2589111328125
2019-11-20,1566.8377685546875
2019-11-21,1561.556640625
2019-11-22,1565.7813720703125
2019-11-25,1569.214111328125
2019-11-26,1584.264404296875
2019-11-27,1567.1016845703125
2019-11-28,1574.7589111328125
2019-11-29,1571.59033203125
2019-12-02,1589.545654296875
2019-12-03,1577.3994140625
2019-12-04,1568.94970703125
2019-12-05,1581.0960693359375
2019-12-06,1588.225341796875
2019-12-09,1632.5845947265625
2019-12-10,1629.416015625
2019-12-11,1619.6463623046875
2019-12-12,1605.3878173828125
2019-12-13,1641.826416015625
2019-12-16,1645.5224609375
2019-12-17,1640.241943359375
2019-12-18,1633.1126708984375
2019-12-19,1621.7587890625
2019-12-20,1634.432861328125
2019-12-23,1632.8486328125
2019-12-24,1619.6463623046875
2019-12-25,1620.174560546875
2019-12-26,1622.815185546875
2019-12-27,1626.511474609375
2019-12-30,1615.6856689453125
2020-01-06,1588.225341796875
2020-01-07,1620.966552734375
2020-01-08,1593.505859375
2020-01-09,1608.028564453125
2020-01-10,1595.3543701171875
2020-01-14,1623.078857421875
2020-01-15,1613.8375244140625
2020-01-16,1613.5733642578125
2020-01-17,1613.3094482421875
2020-01-20,1613.0452880859375
2020-01-21,1605.3878173828125
2020-01-22,1617.5341796875
2020-01-23,1605.6519775390625
2020-01-24,1584.79248046875
2020-01-27,1584.0003662109375
2020-01-28,1580.0396728515625
2020-01-29,1588.753173828125
2020-01-30,1582.152099609375
2020-01-31,1580.3038330078125
2020-02-03,1584.79248046875
2020-02-04,1594.2979736328125
2020-02-05,1622.286865234375
2020-02-06,1666.9102783203125
2020-02-07,1640.5059814453125
2020-02-10,1640.7701416015625
2020-02-12,1620.4385986328125
2020-02-13,1621.230712890625
2020-02-14,1621.230712890625
2020-02-17,1614.1016845703125
2020-02-18,1598.7867431640625
2020-02-19,1599.3150634765625
2020-02-20,1617.5341796875
2020-02-21,1655.2923583984375
2020-02-25,1616.214111328125
2020-02-26,1615.6856689453125
2020-02-27,1578.191650390625
2020-02-28,1531.7197265625
2020-03-02,1502.146728515625
2020-03-03,1476.2703857421875
2020-03-04,1464.3883056640625
2020-03-05,1455.675048828125
2020-03-06,1412.635986328125
2020-03-09,1340.8157958984375
2020-03-10,1343.720458984375
2020-03-11,1303.3216552734375
2020-03-12,1251.0408935546875
2020-03-13,1197.1759033203125
2020-03-16,1154.1368408203125
2020-03-17,1136.9739990234375
2020-03-18,1115.05810546875
2020-03-19,1187.67041015625
2020-03-23,1227.0128173828125
2020-03-24,1242.063232421875
2020-03-25,1326.029296875
2020-03-26,1359.299072265625
2020-03-27,1417.91650390625
2020-03-30,1368.9952392578125
2020-03-31,1330.556884765625
2020-04-01,1282.44189453125
2020-04-02,1298.301025390625
2020-04-03,1318.7298583984375
2020-04-06,1350.1793212890625
2020-04-07,1345.8785400390625
2020-04-08,1370.339111328125
2020-04-09,1366.844970703125
2020-04-10,1376.521484375
2020-04-13,1377.3280029296875
2020-04-14,1384.3167724609375
2020-04-15,1364.15673828125
2020-04-16,1357.705810546875
2020-04-17,1353.4049072265625
2020-04-20,1301.7955322265625
2020-04-21,1299.1075439453125
2020-04-22,1300.9892578125
2020-04-23,1316.041748046875
2020-04-24,1327.868896484375
2020-04-27,1350.717041015625
2020-04-28,1335.1265869140625
2020-04-30,1367.11376953125
2020-05-01,1274.6466064453125
2020-05-07,1207.984375
2020-05-08,1195.350830078125
2020-05-11,1211.4788818359375
2020-05-12,1223.5748291015625
2020-05-13,1182.986083984375
2020-05-14,1175.7286376953125
2020-05-15,1188.6307373046875
2020-05-18,1185.4052734375
2020-05-19,1239.1650390625
2020-05-20,1209.0596923828125
2020-05-21,1194.813232421875
2020-05-22,1190.2437744140625
2020-05-25,1202.877197265625
2020-05-26,1222.2308349609375
2020-05-27,1259.3250732421875
2020-05-28,1271.4208984375
2020-05-29,1254.7557373046875
2020-06-01,1239.702880859375
2020-06-02,1244.003662109375
2020-06-03,1267.9267578125
2020-06-04,1303.9456787109375
2020-06-05,1314.69775390625
2020-06-08,1361.2000732421875
2020-06-09,1383.779296875
2020-06-10,1368.45751953125
2020-06-11,1301.7955322265625
2020-06-12,1292.387451171875
2020-06-15,1270.3458251953125
2020-06-16,1317.116943359375
2020-06-17,1297.7633056640625
2020-06-18,1283.248291015625
2020-06-19,1272.4962158203125
2020-06-22,1267.120361328125
2020-06-23,1269.001953125
2020-06-24,1263.6258544921875
2020-06-25,1252.6053466796875
2020-06-26,1285.6673583984375
2020-06-29,1239.9713134765625
2020-06-30,1262.819580078125
2020-07-01,1225.45654296875
2020-07-02,1248.5731201171875
2020-07-03,1267.9267578125
2020-07-06,1285.3984375
2020-07-07,1264.700927734375
2020-07-08,1251.530029296875
2020-07-09,1273.0338134765625
2020-07-10,1253.4114990234375
2020-07-13,1275.4530029296875
2020-07-14,1285.6673583984375
2020-07-15,1293.7315673828125
2020-07-16,1299.376220703125
2020-07-17,1279.21630859375
2020-07-20,1269.5394287109375
2020-07-21,1263.8946533203125
2020-07-22,1259.0562744140625
2020-07-27,1280.0225830078125
2020-07-28,1257.712646484375
2020-07-29,1253.142578125
2020-07-30,1246.96044921875
2020-07-31,1192.39404296875
2020-08-03,1223.8433837890625
2020-08-04,1250.7236328125
2020-08-05,1248.5731201171875
2020-08-06,1261.2066650390625
2020-08-07,1259.0562744140625
2020-08-11,1296.4193115234375
2020-08-12,1316.5792236328125
2020-08-13,1301.2576904296875
2020-08-14,1308.7841796875
2020-08-17,1291.3121337890625
2020-08-18,1274.1090087890625
2020-08-19,1289.4306640625
2020-08-20,1294.5377197265625
2020-08-21,1287.81787109375
2020-08-24,1262.819580078125
2020-08-25,1305.0211181640625
2020-08-26,1305.55859375
2020-08-27,1276.259521484375
2020-08-28,1328.67529296875
2020-08-31,1314.42919921875
2020-09-01,1296.150634765625
2020-09-02,1298.301025390625
2020-09-03,1309.5906982421875
2020-09-04,1311.20361328125
2020-09-07,1294.8065185546875
2020-09-08,1312.8160400390625
2020-09-09,1296.6881103515625
2020-09-10,1325.71875
2020-09-11,1333.7823486328125
2020-09-14,1375.1778564453125
2020-09-15,1349.10400390625
2020-09-16,1342.3841552734375
2020-09-17,1337.0081787109375
2020-09-18,1324.37451171875
2020-09-23,1304.4832763671875
2020-09-24,1290.7745361328125
2020-09-25,1273.8404541015625
2020-09-28,1303.6768798828125
2020-09-29,1311.4189453125
2020-09-30,1271.880126953125
2020-10-02,1268.285400390625
2020-10-05,1309.4833984375
2020-10-06,1331.60302734375
2020-10-07,1319.990234375
2020-10-08,1331.879638671875
2020-10-09,1318.6077880859375
2020-10-12,1321.0963134765625
2020-10-13,1355.3817138671875
2020-10-14,1339.3448486328125
2020-10-15,1339.62158203125
2020-10-16,1332.708984375
2020-10-19,1352.8931884765625
2020-10-20,1323.308349609375
2020-10-21,1345.70458984375
2020-10-22,1338.2391357421875
2020-10-23,1351.5108642578125
2020-10-26,1363.12353515625
2020-10-27,1353.9993896484375
2020-10-28,1305.888916015625
2020-10-29,1303.1240234375
2020-10-30,1288.193115234375
2020-11-02,1318.33154296875
2020-11-04,1328.5615234375
2020-11-05,1323.8614501953125
2020-11-06,1326.0731201171875
2020-11-09,1353.7227783203125
2020-11-10,1469.5743408203125
2020-11-11,1526.255859375
2020-11-12,1465.7034912109375
2020-11-13,1412.6163330078125
2020-11-16,1458.7911376953125
2020-11-17,1523.7677001953125
2020-11-18,1531.7860107421875
2020-11-19,1546.7166748046875
2020-11-20,1507.7308349609375
2020-11-24,1532.6156005859375
2020-11-25,1534.8275146484375
2020-11-26,1490.3115234375
2020-11-27,1511.0489501953125
2020-11-30,1435.012451171875
2020-12-01,1446.625244140625
2020-12-02,1465.427001953125
2020-12-03,1462.938232421875
2020-12-04,1476.7633056640625
2020-12-07,1457.961669921875
2020-12-08,1444.4134521484375
2020-12-09,1465.97998046875
2020-12-10,1457.132080078125
2020-12-11,1459.3441162109375
2020-12-14,1473.9984130859375
2020-12-15,1439.9896240234375
2020-12-16,1462.938232421875
2020-12-17,1465.97998046875
2020-12-18,1446.90185546875
2020-12-21,1450.7728271484375
2020-12-22,1431.9710693359375
2020-12-23,1440.8189697265625
2020-12-24,1436.39501953125
2020-12-25,1448.0074462890625
2020-12-28,1460.1734619140625
2020-12-29,1486.1640625
2020-12-30,1467.6390380859375
2021-01-04,1441.648193359375
2021-01-05,1435.012451171875
2021-01-06,1469.850830078125
2021-01-07,1503.5833740234375
2021-01-08,1521.5556640625
2021-01-12,1540.9102783203125
2021-01-13,1572.154541015625
2021-01-14,1560.264892578125
2021-01-15,1544.5047607421875
2021-01-18,1510.49560546875
2021-01-19,1546.7166748046875
2021-01-20,1527.3619384765625
2021-01-21,1531.509521484375
2021-01-22,1499.4359130859375
2021-01-25,1495.56494140625
2021-01-26,1486.7171630859375
2021-01-27,1481.4639892578125
2021-01-28,1454.6436767578125
2021-01-29,1419.252197265625
2021-02-01,1423.1231689453125
2021-02-02,1418.1463623046875
2021-02-03,1459.62060546875
2021-02-04,1469.5743408203125
2021-02-05,1490.588134765625
2021-02-08,1527.638427734375
2021-02-09,1500.818359375
2021-02-10,1535.3802490234375
2021-02-12,1530.1268310546875
2021-02-15,1537.31591796875
2021-02-16,1536.2099609375
2021-02-17,1524.0439453125
2021-02-18,1493.07666015625
2021-02-19,1477.869384765625
2021-02-22,1479.528076171875
2021-02-24,1452.155029296875
2021-02-25,1484.7816162109375
2021-02-26,1452.4317626953125
2021-03-01,1481.1873779296875
2021-03-02,1472.33935546875
2021-03-03,1486.99365234375
2021-03-04,1496.947509765625
2021-03-05,1488.099609375
2021-03-08,1543.398681640625
2021-03-09,1576.3017578125
2021-03-10,1557.2235107421875
2021-03-11,1540.3572998046875
2021-03-12,1533.7215576171875
2021-03-15,1526.255859375
2021-03-16,1523.490966796875
2021-03-17,1534.8275146484375
2021-03-18,1558.3297119140625
2021-03-19,1568.83642578125
2021-03-22,1481.7401123046875
2021-03-23,1482.0166015625
2021-03-24,1490.588134765625
2021-03-25,1510.21923828125
2021-03-26,1515.1961669921875
2021-03-29,1522.6614990234375
2021-03-30,1505.2017822265625
2021-03-31,1482.673095703125
2021-04-01,1491.4029541015625
2021-04-02,1482.673095703125
2021-04-05,1498.7249755859375
2021-04-06,1475.351318359375
2021-04-07,1468.0294189453125
2021-04-08,1472.81689453125
2021-04-09,1466.0582275390625
2021-04-12,1459.0179443359375
2021-04-13,1487.1790771484375
2021-04-14,1502.3858642578125
2021-04-15,1511.1156005859375
2021-04-16,1536.7421875
2021-04-19,1520.9720458984375
2021-04-20,1502.3858642578125
2021-04-21,1484.362548828125
2021-04-22,1510.270751953125
2021-04-23,1494.7823486328125
2021-04-26,1489.4317626953125
2021-04-27,1487.46044921875
2021-04-28,1497.598388671875
2021-04-30,1472.81689453125
2021-05-06,1491.4029541015625
2021-05-07,1526.3226318359375
2021-05-10,1540.96630859375
2021-05-11,1506.8916015625
2021-05-12,1528.575439453125
2021-05-13,1511.6788330078125
2021-05-14,1545.7535400390625
2021-05-17,1533.362548828125
2021-05-18,1574.477783203125
2021-05-19,1574.477783203125
2021-05-20,1492.247802734375
2021-05-21,1461.833984375
2021-05-24,1486.334228515625
2021-05-25,1481.2650146484375
2021-05-26,1467.4661865234375
2021-05-27,1444.65576171875
2021-05-28,1456.2017822265625
2021-05-31,1458.4549560546875
2021-06-01,1470.2822265625
2021-06-02,1479.293701171875
2021-06-03,1480.7017822265625
2021-06-04,1492.5294189453125
2021-06-07,1492.247802734375
2021-06-08,1466.9029541015625
2021-06-09,1450.2879638671875
2021-06-10,1445.7822265625
2021-06-11,1440.994873046875
2021-06-14,1447.75341796875
2021-06-15,1454.5123291015625
2021-06-16,1444.65576171875
2021-06-17,1452.8226318359375
2021-06-18,1424.098388671875
2021-06-21,1385.236083984375
2021-06-22,1425.7882080078125
2021-06-23,1434.7994384765625
2021-06-24,1435.0810546875
2021-06-25,1443.8109130859375
2021-06-28,1448.03515625
2021-06-29,1446.6270751953125
2021-06-30,1438.4605712890625
2021-07-01,1439.86865234375
2021-07-02,1454.793701171875
2021-07-05,1443.8109130859375
2021-07-06,1440.994873046875
2021-07-07,1422.6903076171875
2021-07-08,1434.517822265625
2021-07-09,1430.0120849609375
2021-07-12,1447.190185546875
2021-07-13,1471.127197265625
2021-07-14,1476.4776611328125
2021-07-15,1469.1561279296875
2021-07-16,1463.2420654296875
2021-07-19,1462.11572265625
2021-07-20,1455.357177734375
2021-07-21,1470.000732421875
2021-07-26,1479.0120849609375
2021-07-27,1497.8800048828125
2021-07-28,1490.5582275390625
2021-07-29,1485.770751953125
2021-07-30,1467.1844482421875
2021-08-02,1502.9490966796875
2021-08-03,1491.121337890625
2021-08-04,1489.1502685546875
2021-08-05,1503.51220703125
2021-08-06,1501.8226318359375
2021-08-10,1523.506591796875
2021-08-11,1539.5582275390625
2021-08-12,1545.4718017578125
2021-08-13,1526.8857421875
2021-08-16,1503.7939453125
2021-08-17,1495.345458984375
2021-08-18,1513.36865234375
2021-08-19,1503.230712890625
2021-08-20,1493.0926513671875
2021-08-23,1501.5408935546875
2021-08-24,1523.506591796875
2021-08-25,1512.80517578125
2021-08-26,1506.328369140625
2021-08-27,1502.667236328125
2021-08-30,1513.36865234375
2021-08-31,1514.2135009765625
2021-09-01,1542.374267578125
2021-09-02,1544.6270751953125
2021-09-03,1560.960693359375
2021-09-06,1572.5064697265625
2021-09-07,1595.03515625
2021-09-08,1592.2191162109375
2021-09-09,1578.9835205078125
2021-09-10,1605.173095703125
2021-09-13,1617.000732421875
2021-09-14,1717.253662109375
2021-09-15,1685.431884765625
2021-09-16,1691.3455810546875
2021-09-17,1702.8916015625
2021-09-21,1689.656005859375
2021-09-22,1673.8858642578125
2021-09-24,1735.8399658203125
2021-09-27,1738.0928955078125
2021-09-28,1733.02392578125
2021-09-29,1711.483154296875
2021-09-30,1729.2900390625
2021-10-01,1710.3343505859375
2021-10-04,1718.0889892578125
2021-10-05,1706.0262451171875
2021-10-06,1722.110107421875
2021-10-07,1730.4390869140625
2021-10-08,1735.6087646484375
2021-10-11,1760.5960693359375
2021-10-12,1760.5960693359375
2021-10-13,1741.64013671875
2021-10-14,1729.0029296875
2021-10-15,1767.2017822265625
2021-10-18,1772.37158203125
2021-10-19,1760.021484375
2021-10-20,1755.13916015625
2021-10-21,1750.25634765625
2021-10-22,1752.841552734375
2021-10-25,1733.3109130859375
2021-10-26,1728.4285888671875
2021-10-27,1744.5123291015625
2021-10-28,1723.2587890625
2021-10-29,1722.6842041015625
2021-11-01,1753.1285400390625
2021-11-02,1722.971435546875
2021-11-04,1724.4075927734375
2021-11-05,1717.802001953125
2021-11-08,1723.5458984375
2021-11-09,1712.6318359375
2021-11-10,1699.1331787109375
2021-11-11,1708.32373046875
2021-11-12,1734.4600830078125
2021-11-15,1709.47265625
2021-11-16,1719.52490234375
2021-11-17,1714.0679931640625
2021-11-18,1703.4410400390625
2021-11-19,1697.409912109375
2021-11-22,1748.2457275390625
2021-11-24,1745.6611328125
2021-11-25,1746.2354736328125
2021-11-26,1715.216796875
2021-11-29,1678.4539794921875
2021-11-30,1639.3934326171875
2021-12-01,1663.23193359375
2021-12-02,1670.1251220703125
2021-12-03,1689.367919921875
2021-12-06,1680.7518310546875
2021-12-07,1722.110107421875
2021-12-08,1745.6611328125
2021-12-09,1746.2354736328125
2021-12-10,1737.6190185546875
2021-12-13,1766.6273193359375
2021-12-14,1822.0589599609375
2021-12-15,1820.9097900390625
2021-12-16,1867.1507568359375
2021-12-17,1826.941162109375
2021-12-20,1792.763427734375
2021-12-21,1811.4320068359375
2021-12-22,1830.962158203125
2021-12-23,1839.0042724609375
2021-12-24,1821.484375
2021-12-27,1823.207763671875
2021-12-28,1849.9180908203125
2021-12-29,1839.0042724609375
2021-12-30,1835.84521484375
2022-01-04,1893.57421875
2022-01-05,1955.036865234375
2022-01-06,1974.8546142578125
2022-01-07,1991.2254638671875
2022-01-11,2013.3404541015625
2022-01-12,2007.5965576171875
2022-01-13,2027.7012939453125
2022-01-14,2009.032470703125
2022-01-17,1997.2569580078125
2022-01-18,1987.49169921875
2022-01-19,1968.248779296875
2022-01-20,1953.3135986328125
2022-01-21,1932.921875
2022-01-24,1949.866943359375
2022-01-25,1920.8590087890625
2022-01-26,1947.5693359375
2022-01-27,1950.7288818359375
2022-01-28,2007.8834228515625
2022-01-31,1961.642578125
2022-02-01,1959.63232421875
2022-02-02,1971.1209716796875
2022-02-03,1980.88623046875
2022-02-04,2006.4478759765625
2022-02-07,2035.4556884765625
2022-02-08,2036.3175048828125
2022-02-09,2031.72216796875
2022-02-10,2040.0511474609375
2022-02-14,2021.9571533203125
2022-02-15,1979.162841796875
2022-02-16,2026.552490234375
2022-02-17,2027.988525390625
2022-02-18,2021.3826904296875
2022-02-21,2019.946533203125
2022-02-22,1975.428955078125
2022-02-24,1956.760498046875
2022-02-25,1885.819580078125
2022-02-28,1888.1170654296875
2022-03-01,1881.2239990234375
2022-03-02,1804.826416015625
2022-03-03,1851.9285888671875
2022-03-04,1827.8028564453125
2022-03-07,1802.5286865234375
2022-03-08,1766.9146728515625
2022-03-09,1792.763427734375
2022-03-10,1847.9078369140625
2022-03-11,1845.6099853515625
2022-03-14,1907.6475830078125
2022-03-15,1978.588134765625
2022-03-16,1986.0555419921875
2022-03-17,1999.2672119140625
2022-03-18,2037.1790771484375
2022-03-22,2157.80712890625
2022-03-23,2145.45703125
2022-03-24,2146.60595703125
2022-03-25,2103.81201171875
2022-03-28,2123.91650390625
2022-03-29,2135.117431640625
2022-03-30,2135.409912109375
2022-03-31,2085.096435546875
2022-04-01,2071.347900390625
2022-04-04,2070.177734375
2022-04-05,2002.897705078125
2022-04-06,1964.2847900390625
2022-04-07,1940.590576171875
2022-04-08,1927.7197265625
2022-04-11,1949.658447265625
2022-04-12,1951.4139404296875
2022-04-13,1970.427490234375
2022-04-14,1977.4481201171875
2022-04-15,1988.2718505859375
2022-04-18,2004.65283203125
2022-04-19,1974.5230712890625
2022-04-20,1986.80908203125
2022-04-21,1978.6185302734375
2022-04-22,1991.78173828125
2022-04-25,1983.298583984375
2022-04-26,1985.3463134765625
2022-04-27,2016.6461181640625
2022-04-28,2053.211669921875
2022-05-02,2029.5172119140625
2022-05-06,2045.605712890625
2022-05-09,2050.2861328125
2022-05-10,2024.544189453125
2022-05-11,1974.5230712890625
2022-05-12,1993.2447509765625
2022-05-13,2008.45556640625
2022-05-16,2004.3602294921875
2022-05-17,2005.5303955078125
2022-05-18,2011.381103515625
2022-05-19,1947.90380859375
2022-05-20,1983.8837890625
2022-05-23,2135.409912109375
2022-05-24,2085.388427734375
2022-05-25,2064.034912109375
2022-05-26,2088.314208984375
2022-05-27,2173.43798828125
2022-05-30,2154.716552734375
2022-05-31,2183.96923828125
2022-06-01,2231.649658203125
2022-06-02,2237.20751953125
2022-06-03,2190.989501953125
2022-06-06,2224.629150390625
2022-06-07,2228.139892578125
2022-06-08,2222.2890625
2022-06-09,2222.2890625
2022-06-10,2214.975830078125
2022-06-13,2216.145751953125
2022-06-14,2194.499755859375
2022-06-15,2174.900146484375
2022-06-16,2200.0576171875
2022-06-17,2178.99560546875
2022-06-20,2155.593994140625
2022-06-21,2239.547607421875
2022-06-22,2240.425537109375
2022-06-23,2298.93017578125
2022-06-24,2309.752685546875
2022-06-27,2341.9306640625
2022-06-28,2394.877197265625
2022-06-29,2349.5361328125
2022-06-30,2311.800537109375
2022-07-01,2298.93017578125
2022-07-04,2307.997802734375
2022-07-05,2380.543701171875
2022-07-06,2283.1337890625
2022-07-07,2337.835205078125
2022-07-08,2328.18212890625
2022-07-11,2395.169677734375
2022-07-12,2400.434814453125
2022-07-13,2322.6240234375
2022-07-14,2307.997802734375
2022-07-15,2277.868408203125
2022-07-19,2276.697998046875
2022-07-20,2323.209228515625
2022-07-21,2307.4130859375
2022-07-22,2269.97021484375
2022-07-25,2276.990478515625
2022-07-26,2313.555908203125
2022-07-27,2307.997802734375
2022-07-28,2289.569091796875
2022-07-29,2271.14013671875
2022-08-01,2290.7392578125
2022-08-02,2247.153564453125
2022-08-03,2281.37841796875
2022-08-04,2247.4462890625
2022-08-05,2252.4189453125
2022-08-08,2143.015380859375
2022-08-09,2174.60791015625
2022-08-10,2160.2744140625
2022-08-12,2210.880615234375
2022-08-15,2218.19384765625
2022-08-16,2212.05078125
2022-08-17,2260.609375
2022-08-18,2261.487060546875
2022-08-19,2250.078857421875
2022-08-22,2257.099365234375
2022-08-23,2224.92138671875
2022-08-24,2197.717041015625
2022-08-25,2242.180419921875
2022-08-26,2254.174560546875
2022-08-29,2208.540771484375
2022-08-30,2244.22802734375
2022-08-31,2279.3310546875
2022-09-01,2222.58203125
2022-09-02,2238.0849609375
2022-09-05,2237.500732421875
2022-09-06,2218.19384765625
2022-09-07,2272.31005859375
2022-09-08,2276.697998046875
2022-09-09,2269.38525390625
2022-09-12,2270.55517578125
2022-09-13,2258.854248046875
2022-09-14,2237.500732421875
2022-09-15,2272.017822265625
2022-09-16,2296.589599609375
2022-09-20,2310.630615234375
2022-09-21,2329.352294921875
2022-09-22,2315.31103515625
2022-09-26,2238.67041015625
2022-09-27,2280.5009765625
2022-09-28,2249.49365234375
2022-09-29,2329.74755859375
2022-09-30,2295.736328125
2022-10-03,2291.261474609375
2022-10-04,2343.62060546875
2022-10-05,2367.78564453125
2022-10-06,2364.6533203125
2022-10-07,2319.902587890625
2022-10-11,2323.03466796875
2022-10-12,2306.029052734375
2022-10-13,2282.311279296875
2022-10-14,2336.46044921875
2022-10-17,2299.76416015625
2022-10-18,2356.59814453125
2022-10-19,2365.10107421875
2022-10-20,2372.70849609375
2022-10-21,2332.8798828125
2022-10-24,2360.625732421875
2022-10-25,2378.078857421875
2022-10-26,2380.31640625
2022-10-27,2357.493408203125
2022-10-28,2367.78564453125
2022-10-31,2408.509521484375
2022-11-01,2436.25537109375
2022-11-02,2468.923828125
2022-11-04,2404.0341796875
2022-11-07,2454.603515625
2022-11-08,2481.4541015625
2022-11-09,2513.675048828125
2022-11-10,2505.619384765625
2022-11-11,2521.730224609375
2022-11-14,2494.879150390625
2022-11-15,2476.531494140625
2022-11-16,2387.4765625
2022-11-17,2386.13427734375
2022-11-18,2441.17822265625
2022-11-21,2498.01220703125
2022-11-22,2539.630859375
2022-11-24,2604.96728515625
2022-11-25,2634.95068359375
2022-11-28,2586.619384765625
2022-11-29,2600.4921875
2022-11-30,2530.232666015625
2022-12-01,2508.304931640625
2022-12-02,2464.0009765625
2022-12-05,2447.443359375
2022-12-06,2485.033935546875
2022-12-07,2510.542236328125
2022-12-08,2500.697021484375
2022-12-09,2495.7744140625
2022-12-12,2503.3818359375
2022-12-13,2547.685791015625
2022-12-14,2559.321044921875
2022-12-15,2537.39306640625
2022-12-16,2531.5751953125
2022-12-19,2518.59765625
2022-12-20,2587.9619140625
2022-12-21,2560.216064453125
2022-12-22,2519.492919921875
2022-12-23,2564.691650390625
2022-12-26,2533.81298828125
2022-12-27,2538.7353515625
2022-12-28,2597.359619140625
2022-12-29,2532.02294921875
2022-12-30,2530.6806640625
2023-01-04,2536.050537109375
2023-01-05,2481.006591796875
2023-01-06,2431.332763671875
2023-01-10,2451.023193359375
2023-01-11,2456.841064453125
2023-01-12,2482.349365234375
2023-01-13,2462.211181640625
2023-01-16,2433.12255859375
2023-01-17,2434.017822265625
2023-01-18,2475.636474609375
2023-01-19,2408.957275390625
2023-01-20,2440.73046875
2023-01-23,2434.46533203125
2023-01-24,2481.006591796875
2023-01-25,2482.79638671875
2023-01-26,2478.321533203125
2023-01-27,2491.29931640625
2023-01-30,2458.183349609375
2023-01-31,2429.09521484375
2023-02-01,2462.211181640625
2023-02-02,2410.2998046875
2023-02-03,2376.736328125
2023-02-06,2421.93505859375
2023-02-07,2440.73046875
2023-02-08,2419.249755859375
2023-02-09,2401.349365234375
2023-02-10,2429.09521484375
2023-02-13,2402.244384765625
2023-02-14,2432.2275390625
2023-02-15,2503.829833984375
2023-02-16,2508.752197265625
2023-02-17,2530.6806640625
2023-02-20,2565.58642578125
2023-02-21,2595.569580078125
2023-02-22,2580.801513671875
2023-02-24,2603.177490234375
2023-02-27,2598.7021484375
2023-02-28,2587.06689453125
2023-03-01,2587.5146484375
2023-03-02,2586.619384765625
2023-03-03,2577.221435546875
2023-03-06,2566.928955078125
2023-03-07,2592.437255859375
2023-03-08,2594.226806640625
2023-03-09,2647.9287109375
2023-03-10,2578.56396484375
2023-03-13,2497.1171875
2023-03-14,2339.145263671875
2023-03-15,2424.6201171875
2023-03-16,2334.22265625
2023-03-17,2317.217041015625
2023-03-20,2284.548583984375
2023-03-22,2324.824951171875
2023-03-23,2301.553955078125
2023-03-24,2274.256103515625
2023-03-27,2262.173095703125
2023-03-28,2282.311279296875
2023-03-29,2297.97412109375
2023-03-30,2294.779541015625
2023-03-31,2324.901611328125
2023-04-03,2352.7421875
2023-04-04,2350.003662109375
2023-04-05,2304.36376953125
2023-04-06,2316.686767578125
2023-04-07,2332.2041015625
2023-04-10,2362.32666015625
2023-04-11,2385.60302734375
2023-04-12,2415.72509765625
2023-04-13,2404.3154296875
2023-04-14,2395.187255859375
2023-04-17,2387.428466796875
2023-04-18,2402.9462890625
2023-04-19,2471.406005859375
2023-04-20,2471.406005859375
2023-04-21,2439.45849609375
2023-04-24,2442.653076171875
2023-04-25,2455.43212890625
2023-04-26,2436.263671875
2023-04-27,2436.719970703125
2023-04-28,2482.816162109375
2023-05-01,2497.877197265625
2023-05-02,2498.7900390625
2023-05-08,2482.35986328125
2023-05-09,2524.804931640625
2023-05-10,2516.13330078125
2023-05-11,2518.871826171875
2023-05-12,2495.59521484375
2023-05-15,2569.532470703125
2023-05-16,2565.881103515625
2023-05-17,2613.802978515625
2023-05-18,2615.172119140625
2023-05-19,2611.064453125
2023-05-22,2760.3076171875
2023-05-23,2766.697021484375
2023-05-24,2788.604248046875
2023-05-25,2780.388916015625
2023-05-26,2775.82470703125
2023-05-29,2839.720947265625
2023-05-30,2801.383544921875
2023-05-31,2869.84326171875
2023-06-01,2819.63916015625
2023-06-02,2890.837890625
2023-06-05,2932.82666015625
2023-06-06,2997.635498046875
2023-06-07,2936.477783203125
2023-06-08,2905.442626953125
2023-06-09,2940.129150390625
2023-06-12,2950.170166015625
2023-06-13,3002.199462890625
2023-06-14,3035.972900390625
2023-06-15,3067.921142578125
2023-06-16,3076.136474609375
2023-06-19,3102.607421875
2023-06-20,2944.69287109375
2023-06-21,3020.455322265625
2023-06-22,3071.572265625
2023-06-23,3026.84521484375
2023-06-26,2998.54833984375
2023-06-27,2999.461181640625
2023-06-28,3047.83935546875
2023-06-29,3035.972900390625
2023-06-30,3025.932373046875
2023-07-03,3053.316162109375
2023-07-04,3064.26953125
2023-07-05,3054.22900390625
2023-07-06,3040.537109375
2023-07-07,2997.635498046875
2023-07-10,2993.07080078125
2023-07-11,2965.6875
2023-07-12,2919.134521484375
2023-07-13,2899.965576171875
2023-07-14,2854.32568359375
2023-07-18,2865.279296875
2023-07-19,2925.524169921875
2023-07-20,2887.1865234375
2023-07-21,2920.047607421875
2023-07-24,2936.477783203125
2023-07-25,2902.704345703125
2023-07-26,2884.4482421875
2023-07-27,2938.303466796875
2023-07-28,2926.436767578125
2023-07-31,2974.8154296875
2023-08-01,2966.60009765625
2023-08-02,2793.16796875
2023-08-03,2711.01611328125
2023-08-04,2793.16796875
2023-08-07,2843.3720703125
2023-08-08,2809.598876953125
2023-08-09,2818.726806640625
2023-08-10,2837.8955078125
2023-08-14,2811.424072265625
2023-08-15,2835.156982421875
2023-08-16,2831.505859375
2023-08-17,2878.971435546875
2023-08-18,2871.6689453125
2023-08-21,2830.593017578125
2023-08-22,2848.84912109375
2023-08-23,2874.407470703125
2023-08-24,2890.837890625
2023-08-25,2865.279296875
2023-08-28,2937.390625
2023-08-29,2944.69287109375
2023-08-30,2931.91357421875
2023-08-31,2945.60546875
2023-09-01,2978.466796875
2023-09-04,3019.542724609375
2023-09-05,3015.891357421875
2023-09-06,3048.752197265625
2023-09-07,3088.002685546875
2023-09-08,3081.613037109375
2023-09-11,3120.86328125
2023-09-12,3122.688720703125
2023-09-13,3186.5849609375
2023-09-14,3234.050537109375
2023-09-15,3206.66650390625
2023-09-19,3272.388427734375
2023-09-20,3315.2900390625
2023-09-21,3330.80712890625
2023-09-22,3328.98193359375
2023-09-25,3308.900146484375
2023-09-26,3338.10986328125
2023-09-27,3327.15625
2023-09-28,3289.56396484375
2023-09-29,3216.235595703125
2023-10-02,3148.476806640625
2023-10-03,3068.651123046875
2023-10-04,3037.091796875
2023-10-05,3120.63037109375
2023-10-06,3108.56396484375
2023-10-10,3194.886962890625
2023-10-11,3191.17431640625
2023-10-12,3244.081787109375
2023-10-13,3180.035400390625
2023-10-16,3130.840576171875
2023-10-17,3174.46630859375
2023-10-18,3195.81494140625
2023-10-19,3146.620361328125
2023-10-20,3112.27685546875
2023-10-23,3069.5791015625
2023-10-24,3056.584228515625
2023-10-25,3087.21484375
2023-10-26,3096.497314453125
2023-10-27,3110.420166015625
2023-10-30,3046.3740234375
2023-10-31,3102.99462890625
2023-11-01,3174.46630859375
2023-11-02,3160.543212890625
2023-11-06,3243.15380859375
2023-11-07,3168.89697265625
2023-11-08,3112.27685546875
2023-11-09,3171.681884765625
2023-11-10,3173.538330078125
2023-11-13,3237.58447265625
2023-11-14,3247.794677734375
2023-11-15,3229.23046875
2023-11-16,3206.025634765625
2023-11-17,3248.722900390625
2023-11-20,3431.57958984375
2023-11-21,3370.31787109375
2023-11-22,3406.51806640625
2023-11-24,3466.851318359375
2023-11-27,3448.287109375
2023-11-28,3413.01513671875
2023-11-29,3347.11279296875
2023-11-30,3386.097412109375
2023-12-01,3406.51806640625
2023-12-04,3392.5947265625
2023-12-05,3403.733154296875
2023-12-06,3476.13330078125
2023-12-07,3511.4052734375
2023-12-08,3451.071533203125
2023-12-11,3495.625732421875
2023-12-12,3475.205322265625
2023-12-13,3466.851318359375
2023-12-14,3338.7587890625
2023-12-15,3241.29736328125
2023-12-18,3149.404541015625
2023-12-19,3235.72802734375
2023-12-20,3268.215087890625
2023-12-21,3202.3125
2023-12-22,3206.95361328125
2023-12-25,3220.876708984375
2023-12-26,3214.379150390625
2023-12-27,3232.943603515625
2023-12-28,3261.7177734375
2023-12-29,3275.640869140625
2024-01-04,3257.076904296875
2024-01-05,3299.774169921875
2024-01-09,3324.8359375
2024-01-10,3334.11767578125
2024-01-11,3425.081787109375
2024-01-12,3449.21533203125
2024-01-15,3481.702880859375
2024-01-16,3494.697265625
2024-01-17,3512.333251953125
2024-01-18,3446.430908203125
2024-01-19,3464.994873046875
2024-01-22,3555.959228515625
2024-01-23,3584.733642578125
2024-01-24,3571.73876953125
2024-01-25,3545.7490234375
2024-01-26,3464.994873046875
2024-01-29,3527.184814453125
2024-01-30,3593.08740234375
2024-01-31,3647.8515625
2024-02-01,3605.154296875
2024-02-02,3523.471923828125
2024-02-05,3585.661865234375
2024-02-06,3587.518310546875
2024-02-07,3599.5849609375
2024-02-08,3618.149169921875
2024-02-09,3576.379638671875
2024-02-13,3969.939208984375
2024-02-14,3828.85205078125
2024-02-15,4053.4775390625
2024-02-16,4140.72900390625
2024-02-19,4192.70849609375
2024-02-20,4075.754638671875
2024-02-21,4010.78076171875
2024-02-22,3995.0009765625
2024-02-26,4032.12890625
2024-02-27,4027.488525390625
2024-02-28,4051.62158203125
2024-02-29,4061.8310546875
2024-03-01,4128.66259765625
2024-03-04,4103.60107421875
2024-03-05,4091.5341796875
2024-03-06,4098.0322265625
2024-03-07,4187.13916015625
2024-03-08,4231.693359375
2024-03-11,4135.15966796875
2024-03-12,4092.4619140625
2024-03-13,4092.4619140625
2024-03-14,4128.66259765625
2024-03-15,4176.9287109375
2024-03-18,4247.4736328125
2024-03-19,4316.16064453125
2024-03-21,4442.396484375
2024-03-22,4435.89990234375
2024-03-25,4347.7197265625
2024-03-26,4367.21142578125
2024-03-27,4418.26318359375
2024-03-28,4444.12841796875
2024-03-29,4430.02001953125
2024-04-01,4348.19189453125
2024-04-02,4388.6357421875
2024-04-03,4351.95361328125
2024-04-04,4474.22607421875
2024-04-05,4477.0478515625
2024-04-08,4518.43212890625
2024-04-09,4556.0546875
2024-04-10,4462.939453125
2024-04-11,4499.62109375
2024-04-12,4509.02685546875
2024-04-15,4577.6875
2024-04-16,4364.18115234375
2024-04-17,4302.1044921875
2024-04-18,4394.27880859375
2024-04-19,4362.30029296875
2024-04-22,4458.23681640625
2024-04-23,4523.13525390625
2024-04-24,4631.298828125
2024-04-25,4521.25390625
2024-04-26,4610.60693359375
2024-04-30,4694.31640625
2024-05-01,4677.38623046875
2024-05-02,4749.80908203125
2024-05-07,4749.80908203125
2024-05-08,4646.34765625
2024-05-09,4737.58154296875
2024-05-10,4810.94482421875
2024-05-13,4737.58154296875
2024-05-14,4657.634765625
2024-05-15,4633.18017578125
2024-05-16,4650.10986328125
2024-05-17,4627.53759765625
2024-05-20,4671.7431640625
2024-05-21,4780.84765625
2024-05-22,4838.2216796875
2024-05-23,4893.71484375
2024-05-24,4853.2705078125
2024-05-27,5031.03564453125
2024-05-28,5045.1435546875
2024-05-29,5042.322265625
2024-05-30,5013.16455078125
2024-05-31,5106.27978515625
2024-06-03,5303.79736328125
2024-06-04,5205.0380859375
2024-06-05,5042.322265625
2024-06-06,5102.51806640625
2024-06-07,5118.5068359375
2024-06-10,5254.8876953125
2024-06-11,5306.6181640625
2024-06-12,5263.3525390625
2024-06-13,5146.7236328125
2024-06-14,5120.38818359375
2024-06-17,4950.1474609375
2024-06-18,4996.23486328125
2024-06-19,5113.80419921875
2024-06-20,5097.81494140625
2024-06-21,5189.048828125
2024-06-24,5191.87060546875
2024-06-25,5436.4150390625
2024-06-26,5469.3349609375
2024-06-27,5501.31396484375
2024-06-28,5648.0400390625
2024-07-01,5781.59912109375
2024-07-02,5965.00830078125
2024-07-03,5894.46630859375
2024-07-04,5900.109375
2024-07-05,5871.892578125
2024-07-08,5797.5888671875
2024-07-09,5917.97998046875
2024-07-10,6203.90966796875
2024-07-11,6091.0419921875
2024-07-12,5812.6376953125
2024-07-16,5883.17919921875
2024-07-17,5845.55712890625
2024-07-18,5800.41015625
2024-07-19,5821.10302734375
2024-07-22,5747.73974609375
2024-07-23,5753.38232421875
2024-07-24,5649.92138671875
2024-07-25,5357.40869140625
2024-07-26,5237.01708984375
2024-07-29,5524.82763671875
2024-07-30,5554.92578125
2024-07-31,5664.02978515625
2024-08-01,5284.04541015625
2024-08-02,4746.04736328125
2024-08-05,3805.49072265625
2024-08-06,4420.6142578125
2024-08-07,4662.33740234375
2024-08-08,4604.96337890625
2024-08-09,4614.369140625
2024-08-13,4933.21728515625
2024-08-14,5091.2314453125
2024-08-15,5072.419921875
2024-08-16,5248.30419921875
2024-08-19,5175.880859375
2024-08-20,5246.4228515625
2024-08-21,5153.3076171875
2024-08-22,5126.03173828125
2024-08-23,5120.38818359375
2024-08-26,4988.71044921875
2024-08-27,5016.9267578125
2024-08-28,5074.30126953125
2024-08-29,5122.26904296875
2024-08-30,5178.70263671875
2024-09-02,5220.08740234375
2024-09-03,5322.607421875
2024-09-04,5112.8642578125
2024-09-05,4952.029296875
2024-09-06,4932.27685546875
2024-09-09,4807.1826171875
2024-09-10,4806.24267578125
2024-09-11,4729.1171875
2024-09-12,4852.32958984375
2024-09-13,4771.44189453125
2024-09-17,4632.23974609375
2024-09-18,4643.5263671875
2024-09-19,4879.60595703125
2024-09-20,4946.38525390625
2024-09-24,5121.3291015625
2024-09-25,4914.40625
2024-09-26,5055.490234375
2024-09-27,5138.5703125
2024-09-30,4995.328125
2024-10-01,5136.66064453125
2024-10-02,5057.39990234375
2024-10-03,5327.64990234375
2024-10-04,5338.154296875
2024-10-07,5535.82861328125
2024-10-08,5372.5322265625
2024-10-09,5235.0205078125
2024-10-10,5271.30810546875
2024-10-11,5307.59619140625
2024-10-15,5457.5224609375
2024-10-16,5460.3876953125
2024-10-17,5435.55908203125
2024-10-18,5445.1083984375
2024-10-21,5400.22607421875
2024-10-22,5320.96533203125
2024-10-23,5297.091796875
2024-10-24,5266.53369140625
2024-10-25,5199.68701171875
2024-10-28,5272.2626953125
2024-10-29,5319.05517578125
2024-10-30,5320.0107421875
2024-10-31,5317.1455078125
2024-11-01,5190.1376953125
2024-11-05,5291.3623046875
2024-11-06,5484.26123046875
2024-11-07,5636.09814453125
2024-11-08,5701.03466796875
2024-11-11,5694.349609375
2024-11-12,5711.53857421875
2024-11-13,5604.58447265625
2024-11-14,5561.6123046875
2024-11-15,5654.24169921875
2024-11-18,5647.55712890625
2024-11-19,5781.24951171875
2024-11-20,5377.30712890625
2024-11-21,5364.89306640625
2024-11-22,5425.05419921875
2024-11-25,5554.92724609375
2024-11-26,5428.87451171875
2024-11-27,5320.0107421875
2024-11-28,5302.82080078125
2024-11-29,5313.326171875
2024-12-02,5451.79296875
2024-12-03,5600.7646484375
2024-12-04,5579.755859375
2024-12-05,5570.20654296875
2024-12-06,5505.2705078125
2024-12-09,5448.927734375
2024-12-10,5369.66796875
2024-12-11,5423.14453125
2024-12-12,5487.12646484375
2024-12-13,5434.60400390625
2024-12-16,5308.55126953125
2024-12-17,5180.58837890625
2024-12-18,5206.3720703125
2024-12-19,5271.30810546875
2024-12-20,5271.30810546875
2024-12-23,5327.64990234375
2024-12-24,5328.60498046875
2024-12-25,5331.46923828125
2024-12-26,5396.40625
2024-12-27,5482.35107421875
2024-12-30,5469.93701171875
2025-01-06,5424.099609375
2025-01-07,5455.61279296875
2025-01-08,5234.0654296875
2025-01-09,5020.15673828125
2025-01-10,4930.3916015625
2025-01-14,5011.5625
2025-01-15,5044.9853515625
2025-01-16,5082.228515625
2025-01-17,5001.05810546875
2025-01-20,5078.40869140625
2025-01-21,5018.2470703125
2025-01-22,4932.3017578125
2025-01-23,4931.34716796875
2025-01-24,4959.99560546875
2025-01-27,4974.3193359375
2025-01-28,4959.99560546875
2025-01-29,4939.94140625
2025-01-30,4978.13916015625
2025-01-31,4927.52734375
2025-02-03,4812.93359375
2025-02-04,4845.40185546875
2025-02-05,4852.0859375
2025-02-06,4849.2216796875
2025-02-07,4811.0234375
2025-02-10,4795.744140625
2025-02-12,4777.60009765625
2025-02-13,4847.3115234375
2025-02-14,4819.6181640625
2025-02-17,4935.16650390625
2025-02-18,4949.4912109375
2025-02-19,4878.8251953125
2025-02-20,4844.44677734375
2025-02-21,4881.689453125
2025-02-25,4912.248046875
2025-02-26,4863.5458984375
2025-02-27,4991.50830078125
2025-02-28,5058.35546875
2025-03-03,5268.443359375
2025-03-04,5239.79443359375
2025-03-05,5175.8134765625
2025-03-06,5245.5244140625
2025-03-07,5101.32763671875
2025-03-10,5071.72412109375
2025-03-11,5038.30126953125
2025-03-12,5180.58837890625
2025-03-13,5290.40673828125
2025-03-14,5328.60498046875
2025-03-17,5451.79296875
2025-03-18,5751.646484375
2025-03-19,5784.11474609375
2025-03-21,5712.494140625
2025-03-24,5680.98046875
2025-03-25,5658.06103515625
2025-03-26,5736.3671875
2025-03-27,5836.63671875
2025-03-28,5839.544921875
2025-03-31,5560.36328125
2025-04-01,5621.4345703125
2025-04-02,5646.63818359375
2025-04-03,5352.916015625
2025-04-04,4996.1845703125
2025-04-07,4364.14892578125
2025-04-08,4920.57275390625
2025-04-09,4598.73828125
2025-04-10,5105.724609375
2025-04-11,4764.50244140625
2025-04-14,4808.125
2025-04-15,4884.70556640625
2025-04-16,4890.52197265625
2025-04-17,5081.48974609375
2025-04-18,5128.9892578125
2025-04-21,5045.62255859375
2025-04-22,5030.11279296875
2025-04-23,5244.345703125
2025-04-24,5405.2626953125
2025-04-25,5394.599609375
2025-04-28,5445.00732421875
2025-04-30,5533.22119140625
2025-05-01,5494.44580078125
2025-05-02,5476.02783203125
2025-05-07,5597.2001953125
2025-05-08,5544.853515625
2025-05-09,5642.7607421875
2025-05-12,5750.3623046875
2025-05-13,5692.19921875
2025-05-14,5730.0048828125
2025-05-15,5632.09765625
2025-05-16,5734.85205078125
2025-05-19,5670.873046875
2025-05-20,5622.40380859375
2025-05-21,5476.02783203125
2025-05-22,5474.08837890625
2025-05-23,5573.9345703125
2025-05-26,5617.55712890625
2025-05-27,5708.6787109375
2025-05-28,5786.2294921875
2025-05-29,5979.1357421875
2025-05-30,5924.8505859375
2025-06-02,5985.92138671875
2025-06-03,5983.01318359375
2025-06-04,6074.134765625
2025-06-05,5983.01318359375
2025-06-06,6008.21728515625
2025-06-09,6034.39013671875
2025-06-10,5966.53369140625
2025-06-11,5817.2490234375
2025-06-12,5793.98388671875
2025-06-13,5703.83203125
2025-06-16,5738.7294921875
2025-06-17,5722.25
2025-06-18,5761.99462890625
2025-06-19,5716.43408203125
2025-06-20,5610.77099609375
2025-06-23,5631.12841796875
2025-06-24,5676.68896484375
2025-06-25,5670.873046875
2025-06-26,5819.1884765625
2025-06-27,5899.646484375
2025-06-30,5923.88134765625
2025-07-01,5862.81005859375
2025-07-02,5838.57568359375
2025-07-03,5822.09619140625
2025-07-04,5719.341796875
2025-07-07,5656.33203125
2025-07-08,5588.4755859375
2025-07-09,5589.44482421875
2025-07-10,5522.5576171875
2025-07-11,5588.4755859375
2025-07-14,5614.64892578125
2025-07-15,5706.73974609375
2025-07-16,5662.1484375
2025-07-17,5775.56591796875
2025-07-18,5704.80126953125
2025-07-22,5714.49462890625
2025-07-23,5936.48291015625
2025-07-24,6086.73681640625
2025-07-25,5929.697265625
2025-07-28,5865.71826171875
2025-07-29,5804.6474609375
2025-07-30,5837.6064453125
2025-07-31,5936.48291015625
2025-08-01,5993.6767578125
2025-08-04,5848.26953125
2025-08-05,5898.67724609375
2025-08-06,5968.47265625
2025-08-07,6044.08447265625
2025-08-08,6058.625
2025-08-12,6189.4912109375
2025-08-13,6312.60205078125
2025-08-14,6233.11328125
2025-08-15,6438.6220703125
2025-08-18,6357.19384765625
2025-08-19,6253.47021484375
2025-08-20,6281.58251953125
2025-08-21,6228.26611328125
2025-08-22,6365.91796875
2025-08-25,6347.5
2025-08-26,6249.5927734375
2025-08-27,6189.4912109375
2025-08-28,6266.072265625
2025-08-29,6205.00146484375
2025-09-01,6184.64453125
2025-09-02,6264.1337890625
2025-09-03,6100.30810546875
2025-09-04,6242.80712890625
2025-09-05,6273.8271484375
2025-09-08,6314.541015625
2025-09-09,6256.37841796875
2025-09-10,6320.357421875
2025-09-11,6276.7353515625
2025-09-12,6260.255859375
2025-09-16,6331.0205078125
2025-09-17,6196.27685546875
2025-09-18,6170.103515625
2025-09-19,6132.2978515625
2025-09-22,6081.89013671875
2025-09-24,6028.57421875
2025-09-25,5980.10498046875
2025-09-26,6083.82861328125
2025-09-29,6012.34716796875
2025-09-30,6180.9453125
2025-10-01,6054.7431640625
2025-10-02,6091.22314453125
2025-10-03,6063.61669921875
2025-10-06,6155.310546875
2025-10-07,6089.25146484375
2025-10-08,6304.189453125
2025-10-09,6306.1611328125
2025-10-10,6239.1162109375
2025-10-14,6090.2373046875
2025-10-15,6172.07177734375
2025-10-16,6104.04052734375
2025-10-17,5891.07470703125
2025-10-20,6015.3046875
2025-10-21,5896.00439453125
2025-10-22,5857.55224609375
2025-10-23,5907.8359375
2025-10-24,5857.55224609375
2025-10-27,5933.470703125
2025-10-28,5829.94580078125
2025-10-29,5689.93994140625
2025-10-30,5709.6591796875
2025-10-31,5700.78564453125
2025-11-04,5636.69873046875
2025-11-05,5681.06640625
2025-11-06,5777.68994140625
2025-11-07,5756.98486328125
2025-11-10,5785.57763671875
2025-11-11,5721.49072265625
2025-11-12,5772.76025390625
2025-11-13,5832.9033203125
2025-11-14,5838.8193359375
2025-11-17,5915.7236328125
2025-11-18,5718.53271484375
2025-11-19,5729.37841796875
2025-11-20,5274.853515625
2025-11-21,5463.1708984375
2025-11-25,5379.36474609375
2025-11-26,5475.98828125
2025-11-27,5429.6484375
2025-11-28,5431.6201171875
2025-12-01,5407.95751953125
2025-12-02,5386.26611328125
2025-12-03,5402.04150390625
2025-12-04,5533.17333984375
2025-12-05,5451.33935546875
2025-12-08,5525.28564453125
2025-12-09,5468.1005859375
2025-12-10,5501.623046875
2025-12-11,5475.98828125
2025-12-12,5684.0244140625
2025-12-15,5763.88671875
2025-12-16,5641.62841796875
2025-12-17,5754.02734375
2025-12-18,5816.14208984375
2025-12-19,5870.36962890625
2025-12-22,5738.251953125
2025-12-23,5819.10009765625
2025-12-24,5716.56103515625
2025-12-25,5708.67333984375
2025-12-26,5721.49072265625
2025-12-29,5754.02734375
2025-12-30,5735.2939453125
2026-01-05,5827.9736328125
2026-01-06,5936.4287109375
2026-01-07,5816.14208984375
2026-01-08,5822.05810546875
2026-01-09,5871.35546875
2026-01-13,5951.2177734375
2026-01-14,5967.97900390625
2026-01-15,5967.97900390625
2026-01-16,5950.23193359375
2026-01-19,5973.89501953125
2026-01-20,5899.9482421875
2026-01-21,5737.26611328125
2026-01-22,5729.37841796875
2026-01-23,5777.68994140625
2026-01-26,5598.24658203125
2026-01-27,5558.80810546875
2026-01-28,5502.60888671875
2026-01-29,5571.62548828125
2026-01-30,5646.55810546875
2026-02-02,5674.1650390625
2026-02-03,5866.42578125
2026-02-04,5788.53564453125
2026-02-05,5886.14501953125
2026-02-06,5956.1474609375
2026-02-09,6041.92578125
2026-02-10,6174.04345703125
2026-02-12,6161.22607421875
2026-02-13,6208.5517578125
2026-02-16,6164.18408203125
2026-02-17,6160.240234375
2026-02-18,6387.009765625
2026-02-19,6330.81005859375
2026-02-20,6384.0517578125
2026-02-24,6250.94775390625
2026-02-25,6283.484375
2026-02-26,6389.96728515625
2026-02-27,6435.3212890625
2026-03-02,6271.65283203125
2026-03-03,6033.05224609375
2026-03-04,5938.400390625
2026-03-05,6105.02685546875
2026-03-06,6082.349609375
2026-03-09,5938.400390625
2026-03-10,6003.4736328125
2026-03-11,5931.4990234375
2026-03-12,5795.43701171875
2026-03-13,5822.05810546875
2026-03-16,5813.1845703125
2026-03-17,5860.51025390625
2026-03-18,5985.72607421875
2026-03-19,5947.27392578125
2026-03-23,5774.73193359375
2026-03-24,6760.68603515625
2026-03-25,7746.64013671875
2026-03-26,7480.4326171875
2026-03-27,7405.5
2026-03-30,7268.0
2026-03-31,7308.0
2026-04-01,7490.0
2026-04-02,7262.0
2026-04-03,7243.0
2026-04-06,7308.0
2026-04-07,7277.0
2026-04-08,7370.0
2026-04-09,7250.0
2026-04-10,7095.0
2026-04-13,7000.0
2026-04-14,6915.0
2026-04-15,6836.0
2026-04-16,6972.0
2026-04-17,6933.0
2026-04-20,7175.0
2026-04-21,7159.0
2026-04-22,7218.0
2026-04-23,7072.0
2026-04-24,7176.0
2026-04-27,7164.0
2026-04-28,7238.0
2026-04-30,7202.0
2026-05-01,7093.0
