date,close
2001-05-07,23.336700439453125
2001-05-08,23.350801467895508
2001-05-09,23.139291763305664
2001-05-10,23.301437377929688
2001-05-11,23.160436630249023
2001-05-14,23.06878089904785
2001-05-15,22.843170166015625
2001-05-16,23.794967651367188
2001-05-17,23.738557815551758
2001-05-18,24.006481170654297
2001-05-21,24.253244400024414
2001-05-22,24.2109375
2001-05-23,24.175697326660156
2001-05-24,24.154537200927734
2001-05-25,24.05582046508789
2001-05-29,24.535261154174805
2001-05-30,24.5
2001-05-31,24.6762638092041
2001-06-01,24.4718074798584
2001-06-04,24.65511131286621
2001-06-05,24.9653377532959
2001-06-06,24.887773513793945
2001-06-07,24.732662200927734
2001-06-08,24.718568801879883
2001-06-11,24.852529525756836
2001-06-12,24.92302703857422
2001-06-13,24.986482620239258
2001-06-14,24.683313369750977
2001-06-15,24.577552795410156
2001-06-18,24.535261154174805
2001-06-19,24.648069381713867
2001-06-20,24.528207778930664
2001-06-21,24.958274841308594
2001-06-22,24.8243350982666
2001-06-25,24.570510864257812
2001-06-26,24.570510864257812
2001-06-27,24.54230308532715
2001-06-28,24.746768951416016
2001-06-29,24.6762638092041
2001-07-02,24.605754852294922
2001-07-03,24.683313369750977
2001-07-05,24.598705291748047
2001-07-06,24.161596298217773
2001-07-09,24.14043426513672
2001-07-10,23.752670288085938
2001-07-11,23.67511558532715
2001-07-12,24.147485733032227
2001-07-13,24.6762638092041
2001-07-16,24.6762638092041
2001-07-17,24.732662200927734
2001-07-18,24.626922607421875
2001-07-19,24.5
2001-07-20,24.45771026611328
2001-07-23,24.47885513305664
2001-07-24,24.662166595458984
2001-07-25,24.6762638092041
2001-07-26,24.6762638092041
2001-07-27,24.612808227539062
2001-07-30,24.63396453857422
2001-07-31,25.1555233001709
2001-08-01,25.105854034423828
2001-08-02,25.4748592376709
2001-08-03,25.40388298034668
2001-08-06,25.40388298034668
2001-08-07,25.936086654663086
2001-08-08,26.95792007446289
2001-08-09,27.284347534179688
2001-08-10,27.53270721435547
2001-08-13,27.4901180267334
2001-08-14,27.745573043823242
2001-08-15,27.241762161254883
2001-08-16,27.319822311401367
2001-08-17,27.08565902709961
2001-08-20,27.39077377319336
2001-08-21,27.241762161254883
2001-08-22,27.305635452270508
2001-08-23,27.334022521972656
2001-08-24,27.305635452270508
2001-08-27,26.894060134887695
2001-08-28,26.929536819458008
2001-08-29,26.67407989501953
2001-08-30,26.2908935546875
2001-08-31,26.36185646057129
2001-09-04,26.283802032470703
2001-09-05,26.574745178222656
2001-09-06,26.042530059814453
2001-09-07,25.77998161315918
2001-09-10,26.04962158203125
2001-09-17,25.723203659057617
2001-09-18,26.03544044494629
2001-09-19,26.780527114868164
2001-09-20,26.752138137817383
2001-09-21,25.75868797302246
2001-09-24,26.894060134887695
2001-09-25,26.929536819458008
2001-09-26,27.816537857055664
2001-09-27,28.76032066345215
2001-09-28,29.80344581604004
2001-10-01,29.661529541015625
2001-10-02,30.15825080871582
2001-10-03,31.75486183166504
2001-10-04,30.931716918945312
2001-10-05,30.61947250366211
2001-10-08,30.179529190063477
2001-10-09,30.16533660888672
2001-10-10,30.513050079345703
2001-10-11,30.605295181274414
2001-10-12,30.15825080871582
2001-10-15,29.945369720458984
2001-10-16,30.236297607421875
2001-10-17,29.76796531677246
2001-10-18,29.207380294799805
2001-10-19,28.817073822021484
2001-10-22,28.852561950683594
2001-10-23,28.31327247619629
2001-10-24,28.242305755615234
2001-10-25,28.235204696655273
2001-10-26,29.079635620117188
2001-10-29,29.037065505981445
2001-10-30,28.562570571899414
2001-10-31,27.142658233642578
2001-11-01,27.613582611083984
2001-11-02,27.470870971679688
2001-11-05,28.12732696533203
2001-11-06,28.655336380004883
2001-11-07,25.651371002197266
2001-11-08,24.259992599487305
2001-11-09,24.62389373779297
2001-11-12,24.35988998413086
2001-11-13,24.859352111816406
2001-11-14,24.77372932434082
2001-11-15,24.902158737182617
2001-11-16,24.9877872467041
2001-11-19,25.5086669921875
2001-11-20,25.587158203125
2001-11-21,25.430171966552734
2001-11-23,25.758407592773438
2001-11-26,25.672775268554688
2001-11-27,25.615705490112305
2001-11-28,25.544336318969727
2001-11-29,25.615705490112305
2001-11-30,25.565752029418945
2001-12-03,24.973522186279297
2001-12-04,25.387359619140625
2001-12-05,25.608562469482422
2001-12-06,25.266067504882812
2001-12-07,25.387359619140625
2001-12-10,25.187576293945312
2001-12-11,24.966388702392578
2001-12-12,24.709518432617188
2001-12-13,24.616750717163086
2001-12-14,25.002058029174805
2001-12-17,25.094820022583008
2001-12-18,24.902158737182617
2001-12-19,24.909297943115234
2001-12-20,24.902158737182617
2001-12-21,24.274255752563477
2001-12-24,24.631019592285156
2001-12-26,24.666704177856445
2001-12-27,24.873611450195312
2001-12-28,25.244657516479492
2001-12-31,25.34454917907715
2002-01-02,25.330278396606445
2002-01-03,25.380231857299805
2002-01-04,25.37310028076172
2002-01-07,25.080556869506836
2002-01-08,24.866491317749023
2002-01-09,24.923585891723633
2002-01-10,25.330278396606445
2002-01-11,25.208986282348633
2002-01-14,24.973522186279297
2002-01-15,25.801210403442383
2002-01-16,24.980648040771484
2002-01-17,25.28034210205078
2002-01-18,24.99493408203125
2002-01-22,24.959243774414062
2002-01-23,24.395557403564453
2002-01-24,24.188644409179688
2002-01-25,24.167236328125
2002-01-28,23.99599266052246
2002-01-29,23.53218650817871
2002-01-30,23.567869186401367
2002-01-31,23.760520935058594
2002-02-01,23.70343589782715
2002-02-04,23.410892486572266
2002-02-05,23.13261604309082
2002-02-06,22.897157669067383
2002-02-07,22.93282699584961
2002-02-08,23.5256404876709
2002-02-11,23.784317016601562
2002-02-12,24.452587127685547
2002-02-13,24.610654830932617
2002-02-14,24.934017181396484
2002-02-15,24.934017181396484
2002-02-19,24.934017181396484
2002-02-20,25.09209442138672
2002-02-21,24.466947555541992
2002-02-22,24.545988082885742
2002-02-25,24.955562591552734
2002-02-26,25.07771873474121
2002-02-27,25.135210037231445
2002-02-28,24.88371467590332
2002-03-01,24.998689651489258
2002-03-04,25.58071517944336
2002-03-05,25.14240264892578
2002-03-06,25.214256286621094
2002-03-07,24.610654830932617
2002-03-08,24.617843627929688
2002-03-11,25.07771873474121
2002-03-12,24.76156234741211
2002-03-13,24.60348129272461
2002-03-14,24.783117294311523
2002-03-15,24.768741607666016
2002-03-18,24.87652015686035
2002-03-19,25.09929084777832
2002-03-20,24.991498947143555
2002-03-21,25.07771873474121
2002-03-22,24.948383331298828
2002-03-25,24.60348129272461
2002-03-26,25.07771873474121
2002-03-27,25.12084197998047
2002-03-28,25.149580001831055
2002-04-01,25.25737762451172
2002-04-02,25.3292236328125
2002-04-03,25.846580505371094
2002-04-04,26.694494247436523
2002-04-05,26.938800811767578
2002-04-08,27.21184539794922
2002-04-09,27.1328182220459
2002-04-10,27.47053337097168
2002-04-11,27.139982223510742
2002-04-12,27.269330978393555
2002-04-15,27.341196060180664
2002-04-16,28.246564865112305
2002-04-17,28.411846160888672
2002-04-18,28.246564865112305
2002-04-19,26.601072311401367
2002-04-22,26.543575286865234
2002-04-23,26.40704917907715
2002-04-24,26.615447998046875
2002-04-25,26.21304702758789
2002-04-26,26.08371353149414
2002-04-29,25.58071517944336
2002-04-30,25.837440490722656
2002-05-01,25.89529037475586
2002-05-02,25.88804054260254
2002-05-03,25.728958129882812
2002-05-06,25.497556686401367
2002-05-07,25.215545654296875
2002-05-08,25.38909912109375
2002-05-09,25.345703125
2002-05-10,24.947975158691406
2002-05-13,25.1359920501709
2002-05-14,25.215545654296875
2002-05-15,25.056455612182617
2002-05-16,25.830202102661133
2002-05-17,25.743417739868164
2002-05-20,25.114301681518555
2002-05-21,24.947975158691406
2002-05-22,24.77442169189453
2002-05-23,24.919057846069336
2002-05-24,24.796131134033203
2002-05-28,24.41287612915039
2002-05-29,24.817808151245117
2002-05-30,24.297155380249023
2002-05-31,24.174238204956055
2002-06-03,23.386016845703125
2002-06-04,22.865365982055664
2002-06-05,23.42940902709961
2002-06-06,22.81475067138672
2002-06-07,22.9521427154541
2002-06-10,23.06783676147461
2002-06-11,22.113309860229492
2002-06-12,22.496570587158203
2002-06-13,21.549264907836914
2002-06-14,21.693891525268555
2002-06-17,21.404645919799805
2002-06-18,22.04822540283203
2002-06-19,22.315784454345703
2002-06-20,22.460405349731445
2002-06-21,22.308557510375977
2002-06-24,22.359169006347656
2002-06-25,21.76620101928711
2002-06-26,21.63604164123535
2002-06-27,21.187702178955078
2002-06-28,21.31787109375
2002-07-01,20.97077178955078
2002-07-02,20.18978500366211
2002-07-03,20.24763298034668
2002-07-05,20.789974212646484
2002-07-08,20.732133865356445
2002-07-09,19.84991455078125
2002-07-10,18.54827880859375
2002-07-11,17.514211654663086
2002-07-12,18.063785552978516
2002-07-15,18.22286605834961
2002-07-16,18.295183181762695
2002-07-17,17.79622459411621
2002-07-18,17.087554931640625
2002-07-19,16.653682708740234
2002-07-22,15.908857345581055
2002-07-23,15.373749732971191
2002-07-24,16.487356185913086
2002-07-25,15.981163024902344
2002-07-26,16.43673324584961
2002-07-29,17.087554931640625
2002-07-30,17.098506927490234
2002-07-31,17.339441299438477
2002-08-01,16.91598892211914
2002-08-02,16.404932022094727
2002-08-05,15.53613567352295
2002-08-06,15.477723121643066
2002-08-07,10.783306121826172
2002-08-08,10.659192085266113
2002-08-09,11.228652954101562
2002-08-12,11.52068042755127
2002-08-13,11.600998878479004
2002-08-14,14.163580894470215
2002-08-15,14.35340690612793
2002-08-16,14.280396461486816
2002-08-19,14.287691116333008
2002-08-20,14.141680717468262
2002-08-21,14.316901206970215
2002-08-22,14.59432601928711
2002-08-23,14.528620719909668
2002-08-26,14.389908790588379
2002-08-27,14.346099853515625
2002-08-28,14.178182601928711
2002-08-29,14.309598922729492
2002-08-30,14.426417350769043
2002-09-03,14.528620719909668
2002-09-04,14.798757553100586
2002-09-05,15.236804008483887
2002-09-06,15.22220230102539
2002-09-09,15.2294921875
2002-09-10,15.22220230102539
2002-09-11,15.375519752502441
2002-09-12,15.631040573120117
2002-09-13,15.477723121643066
2002-09-16,15.2514066696167
2002-09-17,15.149195671081543
2002-09-18,15.390116691589355
2002-09-19,15.22220230102539
2002-09-20,15.346323013305664
2002-09-23,15.061577796936035
2002-09-24,14.784152030944824
2002-09-25,14.740349769592285
2002-09-26,14.995877265930176
2002-09-27,15.061577796936035
2002-09-30,14.959366798400879
2002-10-01,15.477723121643066
2002-10-02,15.331714630126953
2002-10-03,14.718441009521484
2002-10-04,13.616021156311035
2002-10-07,12.966249465942383
2002-10-08,13.499204635620117
2002-10-09,12.761824607849121
2002-10-10,13.353184700012207
2002-10-11,14.090574264526367
2002-10-14,14.295000076293945
2002-10-15,15.755163192749023
2002-10-16,15.258707046508789
2002-10-17,15.514226913452148
2002-10-18,15.360919952392578
2002-10-21,15.733264923095703
2002-10-22,15.660256385803223
2002-10-23,15.609139442443848
2002-10-24,15.4047212600708
2002-10-25,15.623735427856445
2002-10-28,15.4047212600708
2002-10-29,14.89366340637207
2002-10-30,14.798757553100586
2002-10-31,13.382394790649414
2002-11-01,12.148554801940918
2002-11-04,12.542807579040527
2002-11-05,13.272873878479004
2002-11-06,13.398021697998047
2002-11-07,13.074125289916992
2002-11-08,13.434835433959961
2002-11-11,13.088847160339355
2002-11-12,13.236072540283203
2002-11-13,13.471639633178711
2002-11-14,13.501092910766602
2002-11-15,13.92070198059082
2002-11-18,13.523175239562988
2002-11-19,13.213990211486816
2002-11-20,13.721938133239746
2002-11-21,13.913335800170898
2002-11-22,13.928058624267578
2002-11-25,13.74402141571045
2002-11-26,13.471639633178711
2002-11-27,13.5158109664917
2002-11-29,13.427478790283203
2002-12-02,13.604156494140625
2002-12-03,13.398021697998047
2002-12-04,13.729301452636719
2002-12-05,13.685125350952148
2002-12-06,13.854445457458496
2002-12-09,13.655678749084473
2002-12-10,13.935420036315918
2002-12-11,13.86917495727539
2002-12-12,13.986952781677246
2002-12-13,13.942778587341309
2002-12-16,14.340309143066406
2002-12-17,14.41392993927002
2002-12-18,14.399200439453125
2002-12-19,14.126822471618652
2002-12-20,14.126822471618652
2002-12-23,14.126822471618652
2002-12-24,13.92070198059082
2002-12-26,13.935420036315918
2002-12-27,13.655678749084473
2002-12-30,13.913335800170898
2002-12-31,13.905976295471191
2003-01-02,14.406561851501465
2003-01-03,14.811450004577637
2003-01-06,15.231057167053223
2003-01-07,14.97339916229248
2003-01-08,15.03230094909668
2003-01-09,15.55495834350586
2003-01-10,15.621220588684082
2003-01-13,15.628580093383789
2003-01-14,15.466611862182617
2003-01-15,15.385647773742676
2003-01-16,15.135353088378906
2003-01-17,15.201607704162598
2003-01-21,14.723108291625977
2003-01-22,14.266695976257324
2003-01-23,14.907149314880371
2003-01-24,14.41392993927002
2003-01-27,13.824994087219238
2003-01-28,14.141548156738281
2003-01-29,14.193074226379395
2003-01-30,13.80291748046875
2003-01-31,13.935420036315918
2003-02-03,14.06793212890625
2003-02-04,13.648321151733398
2003-02-05,13.523175239562988
2003-02-06,13.353856086730957
2003-02-07,13.155098915100098
2003-02-10,13.711892127990723
2003-02-11,13.400084495544434
2003-02-12,14.417159080505371
2003-02-13,14.253829002380371
2003-02-14,14.728960990905762
2003-02-18,15.070460319519043
2003-02-19,15.070460319519043
2003-02-20,15.077879905700684
2003-02-21,15.107579231262207
2003-02-24,14.780920028686523
2003-02-25,14.610174179077148
2003-02-26,14.27609920501709
2003-02-27,14.521084785461426
2003-02-28,14.43942642211914
2003-03-03,14.47654914855957
2003-03-04,14.238983154296875
2003-03-05,14.298373222351074
2003-03-06,14.023688316345215
2003-03-07,14.090498924255371
2003-03-10,13.385235786437988
2003-03-11,13.155098915100098
2003-03-12,13.095699310302734
2003-03-13,13.607952117919922
2003-03-14,13.80840015411377
2003-03-17,14.253829002380371
2003-03-18,14.335494995117188
2003-03-19,14.513663291931152
2003-03-20,14.840310096740723
2003-03-21,15.449074745178223
2003-03-24,15.011065483093262
2003-03-25,15.2783203125
2003-03-26,15.040759086608887
2003-03-27,14.892287254333496
2003-03-28,15.196660041809082
2003-03-31,15.352563858032227
2003-04-01,15.501041412353516
2003-04-02,16.065263748168945
2003-04-03,15.99843978881836
2003-04-04,16.04298210144043
2003-04-07,16.436450958251953
2003-04-08,16.362211227416992
2003-04-09,16.280546188354492
2003-04-10,16.287973403930664
2003-04-11,16.44387435913086
2003-04-14,16.62946891784668
2003-04-15,16.777950286865234
2003-04-16,16.44387435913086
2003-04-17,16.47357177734375
2003-04-21,16.436450958251953
2003-04-22,17.38670539855957
2003-04-23,17.26792335510254
2003-04-24,16.970962524414062
2003-04-25,16.466135025024414
2003-04-28,16.740825653076172
2003-04-29,16.524084091186523
2003-04-30,16.561460494995117
2003-05-01,16.516618728637695
2003-05-02,16.867876052856445
2003-05-05,17.712390899658203
2003-05-06,17.951549530029297
2003-05-07,17.981441497802734
2003-05-08,17.56292152404785
2003-05-09,18.17575454711914
2003-05-12,18.385019302368164
2003-05-13,18.549436569213867
2003-05-14,18.609214782714844
2003-05-15,18.579341888427734
2003-05-16,18.280384063720703
2003-05-19,17.712390899658203
2003-05-20,17.6451473236084
2003-05-21,17.861867904663086
2003-05-22,18.160808563232422
2003-05-23,18.243019104003906
2003-05-27,18.75868797302246
2003-05-28,19.04269027709961
2003-05-29,19.027748107910156
2003-05-30,19.177213668823242
2003-06-02,19.3192195892334
2003-06-03,18.98290252685547
2003-06-04,18.990373611450195
2003-06-05,19.54342269897461
2003-06-06,19.76763153076172
2003-06-09,19.199626922607422
2003-06-10,19.251953125
2003-06-11,19.550891876220703
2003-06-12,19.378995895385742
2003-06-13,19.33416175842285
2003-06-16,19.77509880065918
2003-06-17,19.76763153076172
2003-06-18,19.692890167236328
2003-06-19,19.19215965270996
2003-06-20,18.93059730529785
2003-06-23,18.489648818969727
2003-06-24,18.788591384887695
2003-06-25,18.444799423217773
2003-06-26,18.22059440612793
2003-06-27,18.160808563232422
2003-06-30,17.996387481689453
2003-07-01,17.74228286743164
2003-07-02,17.51807975769043
2003-07-03,17.585344314575195
2003-07-07,18.041221618652344
2003-07-08,17.944072723388672
2003-07-09,17.787132263183594
2003-07-10,17.039766311645508
2003-07-11,17.331235885620117
2003-07-14,17.577861785888672
2003-07-15,17.809545516967773
2003-07-16,17.63018035888672
2003-07-17,17.60028839111328
2003-07-18,17.996387481689453
2003-07-21,17.794601440429688
2003-07-22,17.405967712402344
2003-07-23,17.43586540222168
2003-07-24,17.540498733520508
2003-07-25,17.936594009399414
2003-07-28,18.026288986206055
2003-07-29,17.936594009399414
2003-07-30,17.936594009399414
2003-07-31,17.973970413208008
2003-08-01,17.75588035583496
2003-08-04,17.703231811523438
2003-08-05,17.14671516418457
2003-08-06,15.838147163391113
2003-08-07,16.342023849487305
2003-08-08,16.357053756713867
2003-08-11,16.394657135009766
2003-08-12,16.499954223632812
2003-08-13,16.514982223510742
2003-08-14,16.823322296142578
2003-08-15,16.7406063079834
2003-08-18,16.921100616455078
2003-08-19,16.883495330810547
2003-08-20,16.891016006469727
2003-08-21,16.84589385986328
2003-08-22,16.808298110961914
2003-08-25,16.793245315551758
2003-08-26,16.853410720825195
2003-08-27,16.83837127685547
2003-08-28,16.823322296142578
2003-08-29,16.69548797607422
2003-09-02,16.860942840576172
2003-09-03,16.906051635742188
2003-09-04,16.74812889099121
2003-09-05,16.620275497436523
2003-09-08,16.72555923461914
2003-09-09,16.921100616455078
2003-09-10,17.026386260986328
2003-09-11,16.53754997253418
2003-09-12,16.169042587280273
2003-09-15,16.206655502319336
2003-09-16,16.657886505126953
2003-09-17,16.432268142700195
2003-09-18,16.642837524414062
2003-09-19,16.4172306060791
2003-09-22,16.21415901184082
2003-09-23,16.33449935913086
2003-09-24,15.785505294799805
2003-09-25,15.635100364685059
2003-09-26,15.39443588256836
2003-09-29,15.785505294799805
2003-09-30,15.680212020874023
2003-10-01,16.026159286499023
2003-10-02,16.10136604309082
2003-10-03,16.146484375
2003-10-06,16.349538803100586
2003-10-07,15.973525047302246
2003-10-08,16.146484375
2003-10-09,16.21415901184082
2003-10-10,15.85318660736084
2003-10-13,15.958473205566406
2003-10-14,15.85318660736084
2003-10-15,15.868236541748047
2003-10-16,16.326980590820312
2003-10-17,16.31193733215332
2003-10-20,16.319456100463867
2003-10-21,16.13144874572754
2003-10-22,15.943440437316895
2003-10-23,16.13144874572754
2003-10-24,16.13144874572754
2003-10-27,16.229211807250977
2003-10-28,16.447303771972656
2003-10-29,16.582679748535156
2003-10-30,16.582679748535156
2003-10-31,16.582674026489258
2003-11-03,16.7643985748291
2003-11-04,15.878473281860352
2003-11-05,16.12079429626465
2003-11-06,16.12835121154785
2003-11-07,16.173795700073242
2003-11-10,16.23436737060547
2003-11-11,16.219221115112305
2003-11-12,16.204082489013672
2003-11-13,16.249509811401367
2003-11-14,16.11321258544922
2003-11-17,16.21165657043457
2003-11-18,16.12835121154785
2003-11-19,16.13593101501465
2003-11-20,15.969347953796387
2003-11-21,16.12079429626465
2003-11-24,16.39337921142578
2003-11-25,16.582674026489258
2003-11-26,16.688688278198242
2003-11-28,16.612972259521484
2003-12-01,16.809837341308594
2003-12-02,16.83255958557129
2003-12-03,16.93099021911621
2003-12-04,17.264158248901367
2003-12-05,17.074853897094727
2003-12-08,16.991565704345703
2003-12-09,16.84012222290039
2003-12-10,16.575111389160156
2003-12-11,16.983991622924805
2003-12-12,16.90826988220215
2003-12-15,16.95369529724121
2003-12-16,17.233863830566406
2003-12-17,17.120290756225586
2003-12-18,17.574609756469727
2003-12-19,17.521608352661133
2003-12-22,17.5064640045166
2003-12-23,17.756336212158203
2003-12-24,17.665468215942383
2003-12-26,17.710912704467773
2003-12-29,18.021360397338867
2003-12-30,18.074365615844727
2003-12-31,18.127361297607422
2004-01-02,18.218231201171875
2004-01-05,18.543819427490234
2004-01-06,18.415103912353516
2004-01-07,18.407527923583984
2004-01-08,18.165225982666016
2004-01-09,17.839643478393555
2004-01-12,17.983501434326172
2004-01-13,18.134931564331055
2004-01-14,18.278799057006836
2004-01-15,18.354534149169922
2004-01-16,18.47567367553711
2004-01-20,18.43024253845215
2004-01-21,18.589263916015625
2004-01-22,18.8012638092041
2004-01-23,18.861846923828125
2004-01-26,18.884567260742188
2004-01-27,18.89214515686035
2004-01-28,18.468107223510742
2004-01-29,18.51353645324707
2004-01-30,18.604393005371094
2004-02-02,18.70284080505371
2004-02-03,18.46053123474121
2004-02-04,18.392391204833984
2004-02-05,18.5513916015625
2004-02-06,18.72662925720215
2004-02-09,18.894229888916016
2004-02-10,18.985660552978516
2004-02-11,19.328502655029297
2004-02-12,19.61038589477539
2004-02-13,19.648473739624023
2004-02-17,20.014177322387695
2004-02-18,19.91513442993164
2004-02-19,19.937984466552734
2004-02-20,20.02941131591797
2004-02-23,19.78562355041504
2004-02-24,19.678966522216797
2004-02-25,19.8084659576416
2004-02-26,19.694194793701172
2004-02-27,19.98370361328125
2004-03-01,20.128459930419922
2004-03-02,20.044647216796875
2004-03-03,20.235109329223633
2004-03-04,20.059886932373047
2004-03-05,20.661760330200195
2004-03-08,21.02745819091797
2004-03-09,21.14935874938965
2004-03-10,20.616050720214844
2004-03-11,20.128459930419922
2004-03-12,20.43320083618164
2004-03-15,20.235109329223633
2004-03-16,20.425580978393555
2004-03-17,20.547483444213867
2004-03-18,20.600812911987305
2004-03-19,20.4560604095459
2004-03-22,20.311302185058594
2004-03-23,20.395111083984375
2004-03-24,20.69223976135254
2004-03-25,21.02745819091797
2004-03-26,21.156980514526367
2004-03-29,21.294105529785156
2004-03-30,21.256017684936523
2004-03-31,21.263633728027344
2004-04-01,21.431241989135742
2004-04-02,21.461727142333984
2004-04-05,22.01787757873535
2004-04-06,22.086458206176758
2004-04-07,21.827411651611328
2004-04-08,21.86550521850586
2004-04-12,21.918832778930664
2004-04-13,21.431241989135742
2004-04-14,21.27886962890625
2004-04-15,21.324581146240234
2004-04-16,21.667428970336914
2004-04-19,21.75122833251953
2004-04-20,21.339820861816406
2004-04-21,21.393150329589844
2004-04-22,21.91122055053711
2004-04-23,21.195070266723633
2004-04-26,20.181785583496094
2004-04-27,20.27320671081543
2004-04-28,20.082752227783203
2004-04-29,19.960840225219727
2004-04-30,19.968509674072266
2004-05-03,20.275005340576172
2004-05-04,20.52020835876465
2004-05-05,20.022144317626953
2004-05-06,19.976173400878906
2004-05-07,19.493427276611328
2004-05-10,19.799930572509766
2004-05-11,19.884218215942383
2004-05-12,19.960840225219727
2004-05-13,19.891883850097656
2004-05-14,19.776948928833008
2004-05-17,19.54707145690918
2004-05-18,19.639028549194336
2004-05-19,19.73863410949707
2004-05-20,20.15240478515625
2004-05-21,20.236698150634766
2004-05-24,20.22903823852539
2004-05-25,20.650474548339844
2004-05-26,20.949302673339844
2004-05-27,20.97229766845703
2004-05-28,21.171525955200195
2004-06-01,21.194509506225586
2004-06-02,21.424381256103516
2004-06-03,21.531660079956055
2004-06-04,21.715559005737305
2004-06-07,21.761531829833984
2004-06-08,22.006732940673828
2004-06-09,21.761531829833984
2004-06-10,21.807512283325195
2004-06-14,21.73089027404785
2004-06-15,21.769201278686523
2004-06-16,21.523996353149414
2004-06-17,21.62360954284668
2004-06-18,21.769201278686523
2004-06-21,21.493345260620117
2004-06-22,21.646602630615234
2004-06-23,21.784515380859375
2004-06-24,21.58530044555664
2004-06-25,21.761531829833984
2004-06-28,21.608285903930664
2004-06-29,21.569971084594727
2004-06-30,21.815176010131836
2004-07-01,21.501007080078125
2004-07-02,21.569971084594727
2004-07-06,21.140871047973633
2004-07-07,21.14853286743164
2004-07-08,20.880348205566406
2004-07-09,20.91866111755371
2004-07-12,21.2098331451416
2004-07-13,21.370738983154297
2004-07-14,21.232818603515625
2004-07-15,20.750085830688477
2004-07-16,20.61216163635254
2004-07-19,20.650474548339844
2004-07-20,20.52020835876465
2004-07-21,20.51255226135254
2004-07-22,19.930194854736328
2004-07-23,19.868898391723633
2004-07-26,20.006816864013672
2004-07-27,19.914867401123047
2004-07-28,20.25202751159668
2004-07-29,20.535533905029297
2004-07-30,20.37371826171875
2004-08-02,20.65882682800293
2004-08-03,20.604881286621094
2004-08-04,20.527822494506836
2004-08-05,19.64938735961914
2004-08-06,19.3565673828125
2004-08-09,19.217863082885742
2004-08-10,19.318044662475586
2004-08-11,19.27952003479004
2004-08-12,19.117698669433594
2004-08-13,18.948171615600586
2004-08-16,19.287221908569336
2004-08-17,19.294931411743164
2004-08-18,19.502973556518555
2004-08-19,19.541513442993164
2004-08-20,19.610864639282227
2004-08-23,19.69561767578125
2004-08-24,19.626270294189453
2004-08-25,19.71103286743164
2004-08-26,19.811201095581055
2004-08-27,19.82662582397461
2004-08-30,19.94219970703125
2004-08-31,19.996131896972656
2004-09-01,20.119428634643555
2004-09-02,20.558650970458984
2004-09-03,20.527822494506836
2004-09-07,20.889997482299805
2004-09-08,21.098039627075195
2004-09-09,21.12887954711914
2004-09-10,21.14427947998047
2004-09-13,21.383153915405273
2004-09-14,21.236753463745117
2004-09-15,21.15969467163086
2004-09-16,21.252161026000977
2004-09-17,21.298397064208984
2004-09-20,21.329219818115234
2004-09-21,21.506444931030273
2004-09-22,21.175107955932617
2004-09-23,21.14427947998047
2004-09-24,21.591209411621094
2004-09-27,21.42938232421875
2004-09-28,21.49102783203125
2004-09-29,21.46791648864746
2004-09-30,22.14601707458496
2004-10-01,22.192245483398438
2004-10-04,22.122896194458008
2004-10-05,21.97649574279785
2004-10-06,22.122896194458008
2004-10-07,21.92255973815918
2004-10-08,21.722200393676758
2004-10-11,21.637439727783203
2004-10-12,21.383153915405273
2004-10-13,21.31380271911621
2004-10-14,17.861677169799805
2004-10-15,16.75206184387207
2004-10-18,16.389896392822266
2004-10-19,14.794829368591309
2004-10-20,15.079947471618652
2004-10-21,14.84106731414795
2004-10-22,15.257165908813477
2004-10-25,15.133877754211426
2004-10-26,16.597957611083984
2004-10-27,16.65189552307129
2004-10-28,16.582542419433594
2004-10-29,15.837610244750977
2004-11-01,16.023839950561523
2004-11-02,15.8764009475708
2004-11-03,15.922966957092285
2004-11-04,16.1014461517334
2004-11-05,15.9850435256958
2004-11-08,16.062637329101562
2004-11-09,16.2255916595459
2004-11-10,16.179033279418945
2004-11-11,16.155759811401367
2004-11-12,16.0316104888916
2004-11-15,16.179033279418945
2004-11-16,16.202314376831055
2004-11-17,16.11695671081543
2004-11-18,16.155759811401367
2004-11-19,15.868642807006836
2004-11-22,16.07816505432129
2004-11-23,16.039365768432617
2004-11-24,16.39630889892578
2004-11-26,16.31095314025879
2004-11-29,16.303180694580078
2004-11-30,16.3885555267334
2004-12-01,16.892932891845703
2004-12-02,16.892932891845703
2004-12-03,17.27315902709961
2004-12-06,17.071407318115234
2004-12-07,17.055875778198242
2004-12-08,17.110206604003906
2004-12-09,17.38954734802246
2004-12-10,17.505950927734375
2004-12-13,17.381797790527344
2004-12-14,17.847373962402344
2004-12-15,18.103452682495117
2004-12-16,17.987051010131836
2004-12-17,18.0413761138916
2004-12-20,17.948253631591797
2004-12-21,17.97153663635254
2004-12-22,18.07240867614746
2004-12-23,18.118967056274414
2004-12-27,17.924978256225586
2004-12-28,18.22760581970215
2004-12-29,18.343997955322266
2004-12-30,18.343997955322266
2004-12-31,18.514719009399414
2005-01-03,18.297443389892578
2005-01-04,18.12672996520996
2005-01-05,17.637863159179688
2005-01-06,18.087928771972656
2005-01-07,17.7154598236084
2005-01-10,17.909456253051758
2005-01-11,17.730981826782227
2005-01-12,17.87066078186035
2005-01-13,17.630115509033203
2005-01-14,17.769775390625
2005-01-18,17.769775390625
2005-01-19,17.75426483154297
2005-01-20,17.49818229675293
2005-01-21,17.381797790527344
2005-01-24,17.156763076782227
2005-01-25,16.931732177734375
2005-01-26,16.753259658813477
2005-01-27,16.9084529876709
2005-01-28,16.823095321655273
2005-01-31,17.645633697509766
2005-02-01,17.801855087280273
2005-02-02,17.825286865234375
2005-02-03,17.528451919555664
2005-02-04,17.5909481048584
2005-02-07,17.622182846069336
2005-02-08,17.6143798828125
2005-02-09,19.153196334838867
2005-02-10,18.825117111206055
2005-02-11,19.715606689453125
2005-02-14,19.551565170288086
2005-02-15,19.817155838012695
2005-02-16,19.59844207763672
2005-02-17,19.137571334838867
2005-02-18,19.184444427490234
2005-02-22,19.051654815673828
2005-02-23,18.98134994506836
2005-02-24,19.0828914642334
2005-02-25,19.325031280517578
2005-02-28,19.145381927490234
2005-03-01,19.098508834838867
2005-03-02,18.93448829650879
2005-03-03,18.87980079650879
2005-03-04,19.098508834838867
2005-03-07,19.481271743774414
2005-03-08,18.98134994506836
2005-03-09,18.778261184692383
2005-03-10,18.887615203857422
2005-03-11,18.598602294921875
2005-03-14,18.887615203857422
2005-03-15,18.707956314086914
2005-03-16,18.411121368408203
2005-03-17,18.114299774169922
2005-03-18,17.809661865234375
2005-03-21,18.059616088867188
2005-03-22,17.786231994628906
2005-03-23,17.700294494628906
2005-03-24,17.512836456298828
2005-03-28,17.817466735839844
2005-03-29,17.825286865234375
2005-03-30,18.00494384765625
2005-03-31,17.84090805053711
2005-04-01,17.598764419555664
2005-04-04,17.6534423828125
2005-04-05,17.36441421508789
2005-04-06,17.544076919555664
2005-04-07,17.637815475463867
2005-04-08,17.6924991607666
2005-04-11,17.864341735839844
2005-04-12,17.95807647705078
2005-04-13,17.528451919555664
2005-04-14,17.286304473876953
2005-04-15,16.731708526611328
2005-04-18,16.8566837310791
2005-04-19,16.770771026611328
2005-04-20,16.645780563354492
2005-04-21,17.012910842895508
2005-04-22,16.802003860473633
2005-04-25,17.09883689880371
2005-04-26,16.872316360473633
2005-04-27,16.700456619262695
2005-04-28,16.450504302978516
2005-04-29,16.403301239013672
2005-05-02,16.647180557250977
2005-05-03,16.733726501464844
2005-05-04,19.235523223876953
2005-05-05,19.235523223876953
2005-05-06,19.05457305908203
2005-05-09,19.62101173400879
2005-05-10,19.416475296020508
2005-05-11,19.644624710083008
2005-05-12,19.322072982788086
2005-05-13,18.873626708984375
2005-05-16,19.023107528686523
2005-05-17,19.117515563964844
2005-05-18,19.274852752685547
2005-05-19,19.44007110595703
2005-05-20,19.518747329711914
2005-05-23,19.723291397094727
2005-05-24,19.841304779052734
2005-05-25,19.62888526916504
2005-05-26,19.589548110961914
2005-05-27,19.668230056762695
2005-05-31,19.6131591796875
2005-06-01,19.526607513427734
2005-06-02,19.644624710083008
2005-06-03,19.42433738708496
2005-06-06,19.290597915649414
2005-06-07,19.251256942749023
2005-06-08,19.369272232055664
2005-06-09,19.3850040435791
2005-06-10,19.432205200195312
2005-06-13,19.31419563293457
2005-06-14,19.479415893554688
2005-06-15,19.408605575561523
2005-06-16,19.337793350219727
2005-06-17,19.542346954345703
2005-06-20,19.432205200195312
2005-06-21,19.518747329711914
2005-06-22,19.550214767456055
2005-06-23,19.251256942749023
2005-06-24,19.156848907470703
2005-06-27,19.400732040405273
2005-06-28,19.762632369995117
2005-06-29,19.676097869873047
2005-06-30,19.69969940185547
2005-07-01,19.801969528198242
2005-07-05,20.100927352905273
2005-07-06,19.959321975708008
2005-07-07,20.061595916748047
2005-07-08,20.061595916748047
2005-07-11,20.061595916748047
2005-07-12,20.022258758544922
2005-07-13,20.061595916748047
2005-07-14,20.022258758544922
2005-07-15,20.336942672729492
2005-07-18,20.116666793823242
2005-07-19,20.171728134155273
2005-07-20,20.116666793823242
2005-07-21,19.967182159423828
2005-07-22,20.045856475830078
2005-07-25,19.927841186523438
2005-07-26,19.801969528198242
2005-07-27,20.061595916748047
2005-07-28,20.116666793823242
2005-07-29,20.13248062133789
2005-08-01,20.061260223388672
2005-08-02,20.22745132446289
2005-08-03,23.646175384521484
2005-08-04,23.472064971923828
2005-08-05,23.060558319091797
2005-08-08,23.04473876953125
2005-08-09,23.068477630615234
2005-08-10,23.353361129760742
2005-08-11,23.171358108520508
2005-08-12,23.345449447631836
2005-08-15,23.582862854003906
2005-08-16,23.369192123413086
2005-08-17,23.80445671081543
2005-08-18,23.543296813964844
2005-08-19,23.392946243286133
2005-08-22,23.37710952758789
2005-08-23,23.10804557800293
2005-08-24,23.10804557800293
2005-08-25,23.10804557800293
2005-08-26,23.09222412109375
2005-08-29,23.669919967651367
2005-08-30,23.440425872802734
2005-08-31,23.677831649780273
2005-09-01,24.136821746826172
2005-09-02,24.239702224731445
2005-09-06,24.3663330078125
2005-09-07,23.97854995727539
2005-09-08,23.717397689819336
2005-09-09,24.69870376586914
2005-09-12,25.862016677856445
2005-09-13,25.521728515625
2005-09-14,25.48216438293457
2005-09-15,25.323884963989258
2005-09-16,25.054807662963867
2005-09-19,25.17351722717285
2005-09-20,24.951927185058594
2005-09-21,25.592947006225586
2005-09-22,25.75913429260254
2005-09-23,25.434669494628906
2005-09-26,24.88071060180664
2005-09-27,24.833236694335938
2005-09-28,24.817411422729492
2005-09-29,25.545469284057617
2005-09-30,25.38719367980957
2005-10-03,25.268484115600586
2005-10-04,25.339712142944336
2005-10-05,25.497983932495117
2005-10-06,25.17351722717285
2005-10-07,25.17351722717285
2005-10-10,24.738269805908203
2005-10-11,24.682870864868164
2005-10-12,24.397977828979492
2005-10-13,24.60373306274414
2005-10-14,24.61165428161621
2005-10-17,24.651216506958008
2005-10-18,24.714523315429688
2005-10-19,25.79869842529297
2005-10-20,25.83827781677246
2005-10-21,25.925325393676758
2005-10-24,26.408071517944336
2005-10-25,26.890804290771484
2005-10-26,26.86705207824707
2005-10-27,26.677122116088867
2005-10-28,26.92356300354004
2005-10-31,26.907644271850586
2005-11-01,26.91559410095215
2005-11-02,27.122272491455078
2005-11-03,27.289207458496094
2005-11-04,28.537227630615234
2005-11-07,28.15564727783203
2005-11-08,28.179494857788086
2005-11-09,27.941036224365234
2005-11-10,27.84564208984375
2005-11-11,28.227209091186523
2005-11-14,28.6087589263916
2005-11-15,28.43388557434082
2005-11-16,29.292381286621094
2005-11-17,29.2844295501709
2005-11-18,29.33213233947754
2005-11-21,28.894916534423828
2005-11-22,28.92671775817871
2005-11-23,28.958515167236328
2005-11-25,28.894916534423828
2005-11-28,28.990325927734375
2005-11-29,29.173139572143555
2005-11-30,28.942609786987305
2005-12-01,29.069801330566406
2005-12-02,29.117490768432617
2005-12-05,28.69619369506836
2005-12-06,28.43388557434082
2005-12-07,28.322593688964844
2005-12-08,28.21924591064453
2005-12-09,28.720041275024414
2005-12-12,28.21924591064453
2005-12-13,28.704145431518555
2005-12-14,29.06184959411621
2005-12-15,28.847227096557617
2005-12-16,28.735944747924805
2005-12-19,28.481571197509766
2005-12-20,28.74388885498047
2005-12-21,28.688236236572266
2005-12-22,28.569015502929688
2005-12-23,28.76772689819336
2005-12-27,28.80748748779297
2005-12-28,28.918771743774414
2005-12-29,28.958515167236328
2005-12-30,28.57696533203125
2006-01-03,29.61034393310547
2006-01-04,29.713680267333984
2006-01-05,29.491092681884766
2006-01-06,29.371883392333984
2006-01-09,29.658031463623047
2006-01-10,29.348033905029297
2006-01-11,29.65009117126465
2006-01-12,29.9442081451416
2006-01-13,29.76931381225586
2006-01-17,29.689838409423828
2006-01-18,29.50698471069336
2006-01-19,29.31621742248535
2006-01-20,28.791584014892578
2006-01-23,28.584901809692383
2006-01-24,28.76772689819336
2006-01-25,28.441829681396484
2006-01-26,28.624652862548828
2006-01-27,28.521318435668945
2006-01-30,28.577192306518555
2006-01-31,27.31596565246582
2006-02-01,27.33193588256836
2006-02-02,27.076488494873047
2006-02-03,26.90088653564453
2006-02-06,26.773162841796875
2006-02-07,27.156312942504883
2006-02-08,27.675172805786133
2006-02-09,27.842815399169922
2006-02-10,30.421142578125
2006-02-13,30.381216049194336
2006-02-14,30.6446533203125
2006-02-15,30.708507537841797
2006-02-16,31.051753997802734
2006-02-17,31.17148780822754
2006-02-21,31.115617752075195
2006-02-22,31.642473220825195
2006-02-23,31.490793228149414
2006-02-24,31.754220962524414
2006-02-27,31.626495361328125
2006-02-28,31.618505477905273
2006-03-01,32.25708770751953
2006-03-02,32.129398345947266
2006-03-03,31.818077087402344
2006-03-06,31.913856506347656
2006-03-07,31.41095733642578
2006-03-08,31.7222957611084
2006-03-09,31.442895889282227
2006-03-10,32.041595458984375
2006-03-13,32.24911880493164
2006-03-14,32.648250579833984
2006-03-15,32.71211242675781
2006-03-16,32.72808074951172
2006-03-17,32.879737854003906
2006-03-20,32.89570236206055
2006-03-21,32.83982467651367
2006-03-22,33.44649124145508
2006-03-23,33.29481887817383
2006-03-24,33.374637603759766
2006-03-27,33.28684616088867
2006-03-28,33.20702362060547
2006-03-29,33.05534744262695
2006-03-30,32.91166687011719
2006-03-31,33.135189056396484
2006-04-03,32.696136474609375
2006-04-04,32.66422653198242
2006-04-05,33.127201080322266
2006-04-06,33.20702362060547
2006-04-07,32.472618103027344
2006-04-10,32.46466064453125
2006-04-11,32.129398345947266
2006-04-12,32.193241119384766
2006-04-13,32.30500030517578
2006-04-17,32.71211242675781
2006-04-18,33.57419967651367
2006-04-19,33.77375793457031
2006-04-20,33.358680725097656
2006-04-21,33.38262176513672
2006-04-24,33.063331604003906
2006-04-25,32.9436149597168
2006-04-26,33.07929611206055
2006-04-27,33.366668701171875
2006-04-28,33.574954986572266
2006-05-01,33.486839294433594
2006-05-02,33.87135314941406
2006-05-03,33.935462951660156
2006-05-04,33.47881317138672
2006-05-05,30.31439208984375
2006-05-08,30.25031280517578
2006-05-09,29.505271911621094
2006-05-10,29.577381134033203
2006-05-11,29.409135818481445
2006-05-12,29.240901947021484
2006-05-15,28.904420852661133
2006-05-16,29.272933959960938
2006-05-17,28.495864868164062
2006-05-18,28.43977165222168
2006-05-19,29.104717254638672
2006-05-22,29.04863166809082
2006-05-23,28.704143524169922
2006-05-24,28.471824645996094
2006-05-25,29.000558853149414
2006-05-26,29.32099151611328
2006-05-30,28.415739059448242
2006-05-31,28.559947967529297
2006-06-01,29.11271858215332
2006-06-02,28.864362716674805
2006-06-05,28.231491088867188
2006-06-06,27.718774795532227
2006-06-07,27.99916648864746
2006-06-08,27.87097930908203
2006-06-09,27.51046371459961
2006-06-12,27.037811279296875
2006-06-13,26.7734432220459
2006-06-14,26.645263671875
2006-06-15,27.87898826599121
2006-06-16,27.41434097290039
2006-06-19,27.438369750976562
2006-06-20,26.9897518157959
2006-06-21,27.36627769470215
2006-06-22,27.334224700927734
2006-06-23,27.51849365234375
2006-06-26,27.198036193847656
2006-06-27,27.005767822265625
2006-06-28,27.374282836914062
2006-06-29,28.11132049560547
2006-06-30,27.895029067993164
2006-07-03,28.039216995239258
2006-07-05,27.959087371826172
2006-07-06,27.854955673217773
2006-07-07,27.57456398010254
2006-07-10,27.270139694213867
2006-07-11,27.36627769470215
2006-07-12,26.669307708740234
2006-07-13,26.461013793945312
2006-07-14,26.42095184326172
2006-07-17,26.39691925048828
2006-07-18,26.292770385742188
2006-07-19,26.949687957763672
2006-07-20,26.685327529907227
2006-07-21,26.573156356811523
2006-07-24,27.06184959411621
2006-07-25,27.31820297241211
2006-07-26,27.87898826599121
2006-07-27,27.36627769470215
2006-07-28,27.672042846679688
2006-07-31,27.54330062866211
2006-08-01,26.99613380432129
2006-08-02,27.26971435546875
2006-08-03,27.86515235900879
2006-08-04,25.668458938598633
2006-08-07,25.990312576293945
2006-08-08,26.803020477294922
2006-08-09,26.32826805114746
2006-08-10,26.706462860107422
2006-08-11,26.96394157409668
2006-08-14,27.1329288482666
2006-08-15,27.334087371826172
2006-08-16,27.1248779296875
2006-08-17,27.173154830932617
2006-08-18,27.342140197753906
2006-08-21,27.16510581970215
2006-08-22,27.060508728027344
2006-08-23,26.87544059753418
2006-08-24,27.052452087402344
2006-08-25,27.26971435546875
2006-08-28,27.47892189025879
2006-08-29,27.438692092895508
2006-08-30,27.462844848632812
2006-08-31,27.81688117980957
2006-09-01,27.44674301147461
2006-09-05,27.535249710083008
2006-09-06,27.35822105407715
2006-09-07,27.317995071411133
2006-09-08,27.390413284301758
2006-09-11,27.54330062866211
2006-09-12,27.760557174682617
2006-09-13,27.80883026123047
2006-09-14,27.398448944091797
2006-09-15,27.688138961791992
2006-09-18,27.430646896362305
2006-09-19,27.559391021728516
2006-09-20,27.495018005371094
2006-09-21,27.35822105407715
2006-09-22,27.29384994506836
2006-09-25,27.390413284301758
2006-09-26,27.26971435546875
2006-09-27,27.366275787353516
2006-09-28,27.45478630065918
2006-09-29,27.253629684448242
2006-10-02,27.100746154785156
2006-10-03,27.116840362548828
2006-10-04,27.59961700439453
2006-10-05,27.309940338134766
2006-10-06,27.398448944091797
2006-10-09,27.495018005371094
2006-10-10,27.841028213500977
2006-10-11,27.88125228881836
2006-10-12,28.331850051879883
2006-10-13,28.806598663330078
2006-10-16,28.846837997436523
2006-10-17,28.1870174407959
2006-10-18,28.468658447265625
2006-10-19,28.508878707885742
2006-10-20,28.331850051879883
2006-10-23,28.838790893554688
2006-10-24,28.54911994934082
2006-10-25,28.52496337890625
2006-10-26,28.605436325073242
2006-10-27,28.050220489501953
2006-10-30,28.324993133544922
2006-10-31,28.114877700805664
2006-11-01,28.042146682739258
2006-11-02,27.864362716674805
2006-11-03,27.43604278564453
2006-11-06,27.605758666992188
2006-11-07,27.710813522338867
2006-11-08,27.80779457092285
2006-11-09,27.67848777770996
2006-11-10,28.12295913696289
2006-11-13,28.300758361816406
2006-11-14,28.171445846557617
2006-11-15,28.527015686035156
2006-11-16,28.559345245361328
2006-11-17,28.535110473632812
2006-11-20,28.817956924438477
2006-11-21,28.518951416015625
2006-11-22,28.898757934570312
2006-11-24,28.88260841369629
2006-11-27,28.268430709838867
2006-11-28,27.969417572021484
2006-11-29,28.527015686035156
2006-11-30,28.834108352661133
2006-12-01,28.80179214477539
2006-12-04,29.213939666748047
2006-12-05,29.65032196044922
2006-12-06,29.93317413330078
2006-12-07,29.739215850830078
2006-12-08,29.496782302856445
2006-12-11,29.577585220336914
2006-12-12,29.795785903930664
2006-12-13,29.46446418762207
2006-12-14,29.41596031188965
2006-12-15,29.262439727783203
2006-12-18,29.092721939086914
2006-12-19,28.979583740234375
2006-12-20,29.06038475036621
2006-12-21,29.06038475036621
2006-12-22,28.745227813720703
2006-12-26,28.68864631652832
2006-12-27,28.729053497314453
2006-12-28,28.56743621826172
2006-12-29,28.559345245361328
2007-01-03,28.599754333496094
2007-01-04,28.92300796508789
2007-01-05,28.753311157226562
2007-01-08,28.60782814025879
2007-01-09,28.446195602416992
2007-01-10,28.430057525634766
2007-01-11,28.446195602416992
2007-01-12,28.80179214477539
2007-01-16,28.648239135742188
2007-01-17,28.042146682739258
2007-01-18,28.01790428161621
2007-01-19,28.753311157226562
2007-01-22,28.632076263427734
2007-01-23,28.769466400146484
2007-01-24,28.817956924438477
2007-01-25,28.842201232910156
2007-01-26,28.874540328979492
2007-01-29,28.78563690185547
2007-01-30,28.769390106201172
2007-01-31,29.10212516784668
2007-02-01,29.31313133239746
2007-02-02,29.580947875976562
2007-02-05,29.60529327392578
2007-02-06,29.751373291015625
2007-02-07,29.848743438720703
2007-02-08,29.564714431762695
2007-02-09,30.619718551635742
2007-02-12,30.984926223754883
2007-02-13,31.30953025817871
2007-02-14,31.48809051513672
2007-02-15,31.496191024780273
2007-02-16,31.65851402282715
2007-02-20,31.715309143066406
2007-02-21,31.366344451904297
2007-02-22,31.37447166442871
2007-02-23,31.406940460205078
2007-02-26,31.398828506469727
2007-02-27,30.319454193115234
2007-02-28,30.54669189453125
2007-03-01,30.351932525634766
2007-03-02,30.481760025024414
2007-03-05,30.42494773864746
2007-03-06,30.717113494873047
2007-03-07,30.77391242980957
2007-03-08,30.741456985473633
2007-03-09,30.911882400512695
2007-03-12,30.473651885986328
2007-03-13,29.88933753967285
2007-03-14,29.816293716430664
2007-03-15,30.376258850097656
2007-03-16,30.790149688720703
2007-03-19,31.041725158691406
2007-03-20,31.204050064086914
2007-03-21,31.72342872619629
2007-03-22,31.325782775878906
2007-03-23,31.682844161987305
2007-03-26,31.35011100769043
2007-03-27,31.195941925048828
2007-03-28,31.114763259887695
2007-03-29,30.903776168823242
2007-03-30,30.80638885498047
2007-04-02,30.790149688720703
2007-04-03,31.277080535888672
2007-04-04,31.479965209960938
2007-04-05,31.333885192871094
2007-04-09,31.22838020324707
2007-04-10,31.382583618164062
2007-04-11,31.22838020324707
2007-04-12,31.2446231842041
2007-04-13,31.236515045166016
2007-04-16,31.94256019592285
2007-04-17,32.05615997314453
2007-04-18,32.33209228515625
2007-04-19,32.072383880615234
2007-04-20,32.259056091308594
2007-04-23,31.76402473449707
2007-04-24,31.56923484802246
2007-04-25,31.204050064086914
2007-04-26,32.03993225097656
2007-04-27,31.982913970947266
2007-04-30,31.567455291748047
2007-05-01,31.76296615600586
2007-05-02,32.17842483520508
2007-05-03,32.602054595947266
2007-05-04,34.019535064697266
2007-05-07,33.79143142700195
2007-05-08,33.66923522949219
2007-05-09,33.807716369628906
2007-05-10,33.65294647216797
2007-05-11,33.799564361572266
2007-05-14,34.70383071899414
2007-05-15,35.07855987548828
2007-05-16,35.51033020019531
2007-05-17,35.477725982666016
2007-05-18,35.5591926574707
2007-05-21,35.44514846801758
2007-05-22,35.01339340209961
2007-05-23,34.5979118347168
2007-05-24,34.63863754272461
2007-05-25,34.61423110961914
2007-05-29,34.500152587890625
2007-05-30,35.045963287353516
2007-05-31,34.964508056640625
2007-06-01,34.972660064697266
2007-06-04,34.99709701538086
2007-06-05,34.85045623779297
2007-06-06,34.58162307739258
2007-06-07,33.90548324584961
2007-06-08,33.9217529296875
2007-06-11,33.954349517822266
2007-06-12,34.0521125793457
2007-06-13,34.44312286376953
2007-06-14,34.44312286376953
2007-06-15,34.57347869873047
2007-06-18,34.777156829833984
2007-06-19,34.87489318847656
2007-06-20,34.524593353271484
2007-06-21,34.524593353271484
2007-06-22,34.0765495300293
2007-06-25,33.97877883911133
2007-06-26,34.10099411010742
2007-06-27,34.31278991699219
2007-06-28,34.4186897277832
2007-06-29,34.71195983886719
2007-07-02,34.7282600402832
2007-07-03,34.5979118347168
2007-07-05,34.386104583740234
2007-07-06,34.76899337768555
2007-07-09,34.4512939453125
2007-07-10,33.49000930786133
2007-07-11,33.58778381347656
2007-07-12,34.09284210205078
2007-07-13,33.88104248046875
2007-07-16,33.9217529296875
2007-07-17,33.620361328125
2007-07-18,33.18857955932617
2007-07-19,33.44926452636719
2007-07-20,32.95234298706055
2007-07-23,33.36780548095703
2007-07-24,32.73237609863281
2007-07-25,33.35966491699219
2007-07-26,32.94419479370117
2007-07-27,32.79756164550781
2007-07-30,33.132816314697266
2007-07-31,32.74031066894531
2007-08-01,34.334815979003906
2007-08-02,34.326622009277344
2007-08-03,33.60707092285156
2007-08-06,34.866310119628906
2007-08-07,35.01350402832031
2007-08-08,34.75183868408203
2007-08-09,33.90144348144531
2007-08-10,34.19580078125
2007-08-13,35.446868896484375
2007-08-14,34.40841293334961
2007-08-15,33.672481536865234
2007-08-16,34.122222900390625
2007-08-17,35.46321105957031
2007-08-20,35.38964080810547
2007-08-21,35.42234802246094
2007-08-22,35.773948669433594
2007-08-23,35.21792221069336
2007-08-24,35.569522857666016
2007-08-27,35.52045822143555
2007-08-28,34.98078536987305
2007-08-29,35.76577377319336
2007-08-30,35.512306213378906
2007-08-31,35.42234802246094
2007-09-04,35.64312744140625
2007-09-05,35.64312744140625
2007-09-06,35.602237701416016
2007-09-07,34.8172607421875
2007-09-10,34.760009765625
2007-09-11,35.356929779052734
2007-09-12,35.29969024658203
2007-09-13,35.54499435424805
2007-09-14,35.512306213378906
2007-09-17,35.37327575683594
2007-09-18,35.896602630615234
2007-09-19,36.23186492919922
2007-09-20,35.67581558227539
2007-09-21,35.85572814941406
2007-09-24,35.69219207763672
2007-09-25,35.75759506225586
2007-09-26,35.79848098754883
2007-09-27,36.73063278198242
2007-09-28,36.64070510864258
2007-10-01,37.18037414550781
2007-10-02,37.556514739990234
2007-10-03,37.368446350097656
2007-10-04,37.368446350097656
2007-10-05,37.5892333984375
2007-10-08,38.1452522277832
2007-10-09,38.390560150146484
2007-10-10,37.94082260131836
2007-10-11,37.63011169433594
2007-10-12,37.5728645324707
2007-10-15,37.213069915771484
2007-10-16,36.64886474609375
2007-10-17,36.78788757324219
2007-10-18,36.35449981689453
2007-10-19,35.446868896484375
2007-10-22,36.17462921142578
2007-10-23,36.11738204956055
2007-10-24,36.15006637573242
2007-10-25,37.06591033935547
2007-10-26,37.450199127197266
2007-10-29,37.196739196777344
2007-10-30,37.098289489746094
2007-10-31,37.18031692504883
2007-11-01,38.59959411621094
2007-11-02,38.92776107788086
2007-11-05,38.71445846557617
2007-11-06,38.96058654785156
2007-11-07,37.92686462402344
2007-11-08,37.4510612487793
2007-11-09,37.500282287597656
2007-11-12,37.55769729614258
2007-11-13,38.88673782348633
2007-11-14,38.95237350463867
2007-11-15,38.36989974975586
2007-11-16,39.01800537109375
2007-11-19,38.07455825805664
2007-11-20,38.49294662475586
2007-11-21,38.730857849121094
2007-11-23,39.50202178955078
2007-11-26,38.52576446533203
2007-11-27,40.30604553222656
2007-11-28,40.970550537109375
2007-11-29,40.978755950927734
2007-11-30,40.995174407958984
2007-12-03,40.90492630004883
2007-12-04,41.085411071777344
2007-12-05,41.05259704589844
2007-12-06,41.019775390625
2007-12-07,40.68341064453125
2007-12-10,40.470115661621094
2007-12-11,39.20669937133789
2007-12-12,40.51933670043945
2007-12-13,40.773651123046875
2007-12-14,40.15016555786133
2007-12-17,40.52753448486328
2007-12-18,39.86300277709961
2007-12-19,39.420005798339844
2007-12-20,39.54305648803711
2007-12-21,40.28961944580078
2007-12-24,40.913116455078125
2007-12-26,40.56856155395508
2007-12-27,39.67432403564453
2007-12-28,39.38718032836914
2007-12-31,39.124656677246094
2008-01-02,38.09916687011719
2008-01-03,37.8038330078125
2008-01-04,37.303375244140625
2008-01-07,37.11469268798828
2008-01-08,36.51578903198242
2008-01-09,37.040863037109375
2008-01-10,37.336185455322266
2008-01-11,37.05727005004883
2008-01-14,36.90138626098633
2008-01-15,36.146610260009766
2008-01-16,36.67988586425781
2008-01-17,35.547733306884766
2008-01-18,35.621559143066406
2008-01-22,35.580535888671875
2008-01-23,35.925132751464844
2008-01-24,35.547733306884766
2008-01-25,34.97346496582031
2008-01-28,35.71181869506836
2008-01-29,35.72822189331055
2008-01-30,35.16841125488281
2008-01-31,35.67058181762695
2008-02-01,36.90544509887695
2008-02-04,36.493812561035156
2008-02-05,35.341304779052734
2008-02-06,35.28367614746094
2008-02-07,35.40715789794922
2008-02-08,34.493377685546875
2008-02-11,34.11469650268555
2008-02-12,34.625099182128906
2008-02-13,34.36167907714844
2008-02-14,34.24641036987305
2008-02-15,34.97908020019531
2008-02-19,34.54276657104492
2008-02-20,35.341304779052734
2008-02-21,35.012020111083984
2008-02-22,35.48948669433594
2008-02-25,35.6953010559082
2008-02-26,35.242515563964844
2008-02-27,35.7364501953125
2008-02-28,35.27543640136719
2008-02-29,34.254634857177734
2008-03-03,33.98296356201172
2008-03-04,34.17231369018555
2008-03-05,33.80186080932617
2008-03-06,33.02803421020508
2008-03-07,33.126808166503906
2008-03-10,32.93745803833008
2008-03-11,33.82655334472656
2008-03-12,33.79364776611328
2008-03-13,34.06529998779297
2008-03-14,32.87984848022461
2008-03-17,32.66580581665039
2008-03-18,33.83479690551758
2008-03-19,33.37378692626953
2008-03-20,33.90065002441406
2008-03-24,33.653682708740234
2008-03-25,33.694847106933594
2008-03-26,33.08565902709961
2008-03-27,32.6411018371582
2008-03-28,32.59171676635742
2008-03-31,33.0938835144043
2008-04-01,34.18055725097656
2008-04-02,35.044944763183594
2008-04-03,35.18489074707031
2008-04-04,35.16020202636719
2008-04-07,35.85993957519531
2008-04-08,36.0575065612793
2008-04-09,35.99988555908203
2008-04-10,36.222171783447266
2008-04-11,36.082210540771484
2008-04-14,35.97517395019531
2008-04-15,36.74080276489258
2008-04-16,37.41583251953125
2008-04-17,37.34998321533203
2008-04-18,38.197914123535156
2008-04-21,37.59693908691406
2008-04-22,37.19355773925781
2008-04-23,37.778079986572266
2008-04-24,38.42019271850586
2008-04-25,38.39549255371094
2008-04-28,38.3625602722168
2008-04-29,37.99091720581055
2008-04-30,37.487125396728516
2008-05-01,38.64336395263672
2008-05-02,38.80028533935547
2008-05-05,38.57729721069336
2008-05-06,38.97370910644531
2008-05-07,38.23041534423828
2008-05-08,38.27171325683594
2008-05-09,38.23867416381836
2008-05-12,38.63509750366211
2008-05-13,38.61033630371094
2008-05-14,38.81681823730469
2008-05-15,39.22148895263672
2008-05-16,38.94894027709961
2008-05-19,38.899391174316406
2008-05-20,38.63509750366211
2008-05-21,38.131317138671875
2008-05-22,38.420372009277344
2008-05-23,38.346065521240234
2008-05-27,38.527748107910156
2008-05-28,38.33778381347656
2008-05-29,39.13889694213867
2008-05-30,38.97370910644531
2008-06-02,38.29649353027344
2008-06-03,38.37082290649414
2008-06-04,38.552513122558594
2008-06-05,39.7830924987793
2008-06-06,38.47819137573242
2008-06-09,38.66813659667969
2008-06-10,39.03153991699219
2008-06-11,37.949607849121094
2008-06-12,38.93242263793945
2008-06-13,39.50227737426758
2008-06-16,39.7830924987793
2008-06-17,39.32884216308594
2008-06-18,38.94894027709961
2008-06-19,39.56837463378906
2008-06-20,38.87461853027344
2008-06-23,38.998504638671875
2008-06-24,38.96546936035156
2008-06-25,38.65161895751953
2008-06-26,37.70185089111328
2008-06-27,38.346065521240234
2008-06-30,37.94135665893555
2008-07-01,38.75071716308594
2008-07-02,38.54425048828125
2008-07-03,38.527748107910156
2008-07-07,37.924835205078125
2008-07-08,37.949607849121094
2008-07-09,37.63576889038086
2008-07-10,37.58621597290039
2008-07-11,37.82573318481445
2008-07-14,37.503639221191406
2008-07-15,37.3549690246582
2008-07-16,38.659873962402344
2008-07-17,39.361873626708984
2008-07-18,37.883544921875
2008-07-21,37.156761169433594
2008-07-22,38.123046875
2008-07-23,38.123046875
2008-07-24,36.71078109741211
2008-07-25,36.90900802612305
2008-07-28,35.926185607910156
2008-07-29,37.165035247802734
2008-07-30,37.604209899902344
2008-07-31,37.95223617553711
2008-08-01,37.148441314697266
2008-08-04,37.51304626464844
2008-08-05,38.84718704223633
2008-08-06,38.946624755859375
2008-08-07,38.573734283447266
2008-08-08,39.4272346496582
2008-08-11,39.4272346496582
2008-08-12,39.004634857177734
2008-08-13,38.60688018798828
2008-08-14,38.83888244628906
2008-08-15,39.27809143066406
2008-08-18,38.82233428955078
2008-08-19,38.68971633911133
2008-08-20,38.77259826660156
2008-08-21,38.698028564453125
2008-08-22,39.708988189697266
2008-08-25,39.1537971496582
2008-08-26,39.75042724609375
2008-08-27,39.617820739746094
2008-08-28,39.758689880371094
2008-08-29,39.3526611328125
2008-09-02,39.369232177734375
2008-09-03,39.485233306884766
2008-09-04,38.524009704589844
2008-09-05,38.82233428955078
2008-09-08,39.57638931274414
2008-09-09,38.05996322631836
2008-09-10,38.23399353027344
2008-09-11,38.59859085083008
2008-09-12,38.50743103027344
2008-09-15,37.62908172607422
2008-09-16,38.739463806152344
2008-09-17,37.471622467041016
2008-09-18,39.3526611328125
2008-09-19,38.3748664855957
2008-09-22,38.640037536621094
2008-09-23,38.673160552978516
2008-09-24,37.57106399536133
2008-09-25,39.369232177734375
2008-09-26,38.56544876098633
2008-09-29,36.2203483581543
2008-09-30,37.256168365478516
2008-10-01,35.433128356933594
2008-10-02,35.94690704345703
2008-10-03,36.5103874206543
2008-10-06,35.09340286254883
2008-10-07,32.46656036376953
2008-10-08,35.15140914916992
2008-10-09,32.8145866394043
2008-10-10,33.129493713378906
2008-10-13,33.07149124145508
2008-10-14,33.121219635009766
2008-10-15,31.165586471557617
2008-10-16,31.115863800048828
2008-10-17,30.58552360534668
2008-10-20,31.455615997314453
2008-10-21,31.530189514160156
2008-10-22,30.45294189453125
2008-10-23,29.491710662841797
2008-10-24,28.878511428833008
2008-10-27,28.629905700683594
2008-10-28,30.245786666870117
2008-10-29,31.82851219177246
2008-10-30,31.695398330688477
2008-10-31,35.18938446044922
2008-11-03,34.74015426635742
2008-11-04,35.605323791503906
2008-11-05,34.51552963256836
2008-11-06,33.40911865234375
2008-11-07,33.48399353027344
2008-11-10,33.08466720581055
2008-11-11,33.36752700805664
2008-11-12,33.16786575317383
2008-11-13,33.77513885498047
2008-11-14,35.072906494140625
2008-11-17,34.49890899658203
2008-11-18,35.63859939575195
2008-11-19,35.555423736572266
2008-11-20,33.64204788208008
2008-11-21,35.08955001831055
2008-11-24,36.76167297363281
2008-11-25,36.961334228515625
2008-11-26,37.80155944824219
2008-11-28,37.68507766723633
2008-12-01,35.8465690612793
2008-12-02,36.41228485107422
2008-12-03,36.437232971191406
2008-12-04,35.330814361572266
2008-12-05,36.52041244506836
2008-12-08,36.861515045166016
2008-12-09,35.32249450683594
2008-12-10,35.27259063720703
2008-12-11,33.758506774902344
2008-12-12,34.0579833984375
2008-12-15,33.958168029785156
2008-12-16,35.66355895996094
2008-12-17,35.24761199951172
2008-12-18,35.32249450683594
2008-12-19,36.08783721923828
2008-12-22,36.961334228515625
2008-12-23,36.85318374633789
2008-12-24,37.00294494628906
2008-12-26,37.11107635498047
2008-12-29,37.47711181640625
2008-12-30,38.217498779296875
2008-12-31,38.0012092590332
2009-01-02,37.53533935546875
2009-01-05,36.69512939453125
2009-01-06,36.428932189941406
2009-01-07,36.07120132446289
2009-01-08,36.096160888671875
2009-01-09,35.705162048339844
2009-01-12,35.72179412841797
2009-01-13,35.555423736572266
2009-01-14,34.04967498779297
2009-01-15,34.56546401977539
2009-01-16,34.59872817993164
2009-01-20,33.96649169921875
2009-01-21,35.597023010253906
2009-01-22,34.37412643432617
2009-01-23,33.02643966674805
2009-01-26,32.452430725097656
2009-01-27,31.903379440307617
2009-01-28,32.3858642578125
2009-01-29,31.70108985900879
2009-01-30,30.941125869750977
2009-02-02,31.993375778198242
2009-02-03,32.628055572509766
2009-02-04,31.24176597595215
2009-02-05,30.440059661865234
2009-02-06,33.9224853515625
2009-02-09,34.62400436401367
2009-02-10,33.262752532958984
2009-02-11,34.08116149902344
2009-02-12,34.532135009765625
2009-02-13,33.479896545410156
2009-02-17,32.71158218383789
2009-02-18,33.15419006347656
2009-02-19,32.73663330078125
2009-02-20,32.853546142578125
2009-02-23,32.569610595703125
2009-02-24,33.162540435791016
2009-02-25,32.21051788330078
2009-02-26,31.48395347595215
2009-02-27,31.93492317199707
2009-03-02,30.982877731323242
2009-03-03,31.14154052734375
2009-03-04,31.792959213256836
2009-03-05,31.993375778198242
2009-03-06,33.22098922729492
2009-03-09,32.33578109741211
2009-03-10,31.97667121887207
2009-03-11,31.308563232421875
2009-03-12,32.110294342041016
2009-03-13,32.51113510131836
2009-03-16,31.049697875976562
2009-03-17,32.35246658325195
2009-03-18,33.33790969848633
2009-03-19,32.51113510131836
2009-03-20,32.6030158996582
2009-03-23,34.131282806396484
2009-03-24,33.38801574707031
2009-03-25,33.64689636230469
2009-03-26,33.63019561767578
2009-03-27,33.40470504760742
2009-03-30,32.920352935791016
2009-03-31,34.08951950073242
2009-04-01,33.83063888549805
2009-04-02,33.5383415222168
2009-04-03,33.40470504760742
2009-04-06,33.32121276855469
2009-04-07,32.912010192871094
2009-04-08,32.43598556518555
2009-04-09,32.5863037109375
2009-04-13,33.00386428833008
2009-04-14,32.45268249511719
2009-04-15,32.95376205444336
2009-04-16,33.529991149902344
2009-04-17,34.532135009765625
2009-04-20,33.85567855834961
2009-04-21,34.832763671875
2009-04-22,33.73876953125
2009-04-23,34.12291717529297
2009-04-24,33.9391975402832
2009-04-27,34.465335845947266
2009-04-28,33.847328186035156
2009-04-29,34.727474212646484
2009-04-30,35.37289810180664
2009-05-01,30.494455337524414
2009-05-04,30.955476760864258
2009-05-05,31.332683563232422
2009-05-06,31.751781463623047
2009-05-07,30.678855895996094
2009-05-08,31.0141544342041
2009-05-11,30.653715133666992
2009-05-12,30.771076202392578
2009-05-13,30.64533233642578
2009-05-14,30.729171752929688
2009-05-15,30.695636749267578
2009-05-18,31.45003318786621
2009-05-19,30.662086486816406
2009-05-20,30.578279495239258
2009-05-21,30.544748306274414
2009-05-22,29.874177932739258
2009-05-26,30.477676391601562
2009-05-27,29.555648803710938
2009-05-28,29.75682258605957
2009-05-29,30.175931930541992
2009-06-01,29.882558822631836
2009-06-02,30.025060653686523
2009-06-03,29.983142852783203
2009-06-04,30.226224899291992
2009-06-05,30.452545166015625
2009-06-08,30.687244415283203
2009-06-09,30.854887008666992
2009-06-10,30.821372985839844
2009-06-11,30.89679718017578
2009-06-12,31.005779266357422
2009-06-15,30.527992248535156
2009-06-16,30.377113342285156
2009-06-17,30.67047691345215
2009-06-18,30.98061752319336
2009-06-19,31.54221534729004
2009-06-22,31.37458038330078
2009-06-23,31.45003318786621
2009-06-24,31.18180274963379
2009-06-25,31.483551025390625
2009-06-26,31.0141544342041
2009-06-29,31.600915908813477
2009-06-30,31.743408203125
2009-07-01,31.77692413330078
2009-07-02,30.64533233642578
2009-07-06,31.332683563232422
2009-07-07,30.67047691345215
2009-07-08,30.854887008666992
2009-07-09,30.871644973754883
2009-07-10,30.745920181274414
2009-07-13,31.4416446685791
2009-07-14,31.491943359375
2009-07-15,31.79369354248047
2009-07-16,32.070308685302734
2009-07-17,31.617671966552734
2009-07-20,31.307537078857422
2009-07-21,31.123117446899414
2009-07-22,30.880033493041992
2009-07-23,31.148265838623047
2009-07-24,30.947092056274414
2009-07-27,31.35782814025879
2009-07-28,31.927818298339844
2009-07-29,33.43659973144531
2009-07-30,33.35247039794922
2009-07-31,33.192588806152344
2009-08-03,33.16735076904297
2009-08-04,33.57122039794922
2009-08-05,33.77316665649414
2009-08-06,33.78998565673828
2009-08-07,34.328468322753906
2009-08-10,34.11811065673828
2009-08-11,34.67344284057617
2009-08-12,34.98474884033203
2009-08-13,34.95109558105469
2009-08-14,34.66502380371094
2009-08-17,34.631370544433594
2009-08-18,34.72392654418945
2009-08-19,34.7744140625
2009-08-20,34.934268951416016
2009-08-21,35.06047058105469
2009-08-24,35.3381462097168
2009-08-25,35.3381462097168
2009-08-26,34.959510803222656
2009-08-27,34.90904235839844
2009-08-28,35.38861846923828
2009-08-31,35.13620376586914
2009-09-01,34.66502380371094
2009-09-02,34.68185806274414
2009-09-03,34.91743087768555
2009-09-04,35.2455940246582
2009-09-08,35.28764724731445
2009-09-09,36.053314208984375
2009-09-10,35.430686950683594
2009-09-11,34.883792877197266
2009-09-14,35.228755950927734
2009-09-15,34.98474884033203
2009-09-16,35.70833969116211
2009-09-17,35.15303421020508
2009-09-18,35.10254669189453
2009-09-21,34.92585372924805
2009-09-22,34.54722595214844
2009-09-23,34.648216247558594
2009-09-24,34.36211395263672
2009-09-25,33.94144058227539
2009-09-28,35.405452728271484
2009-09-29,34.69868087768555
2009-09-30,34.235923767089844
2009-10-01,34.277992248535156
2009-10-02,33.949859619140625
2009-10-05,34.2106819152832
2009-10-06,34.50517272949219
2009-10-07,34.33688735961914
2009-10-08,34.538814544677734
2009-10-09,34.589317321777344
2009-10-12,34.50517272949219
2009-10-13,34.488338470458984
2009-10-14,35.15303421020508
2009-10-15,35.03523254394531
2009-10-16,34.883792877197266
2009-10-19,34.90061950683594
2009-10-20,34.109710693359375
2009-10-21,33.66377639770508
2009-10-22,34.521995544433594
2009-10-23,34.0760612487793
2009-10-26,34.328468322753906
2009-10-27,34.328468322753906
2009-10-28,34.01717758178711
2009-10-29,34.785675048828125
2009-10-30,32.522369384765625
2009-11-02,32.75038528442383
2009-11-03,32.54769515991211
2009-11-04,32.57304000854492
2009-11-05,33.07975769042969
2009-11-06,33.27399444580078
2009-11-09,33.848262786865234
2009-11-10,33.51044464111328
2009-11-11,33.91582489013672
2009-11-12,33.88203811645508
2009-11-13,33.958038330078125
2009-11-16,34.557655334472656
2009-11-17,34.17761993408203
2009-11-18,33.814476013183594
2009-11-19,32.99530029296875
2009-11-20,32.96152114868164
2009-11-23,33.27399444580078
2009-11-24,33.05441665649414
2009-11-25,33.13887405395508
2009-11-27,32.421024322509766
2009-11-30,32.70815658569336
2009-12-01,32.598358154296875
2009-12-02,32.48857879638672
2009-12-03,32.353450775146484
2009-12-04,32.598358154296875
2009-12-07,32.41259002685547
2009-12-08,31.990310668945312
2009-12-09,32.024105072021484
2009-12-10,31.98187255859375
2009-12-11,31.86363983154297
2009-12-14,31.855201721191406
2009-12-15,31.973426818847656
2009-12-16,31.922758102416992
2009-12-17,31.998762130737305
2009-12-18,31.897422790527344
2009-12-21,32.1930046081543
2009-12-22,32.674373626708984
2009-12-23,32.657493591308594
2009-12-24,32.986854553222656
2009-12-28,32.657493591308594
2009-12-29,32.741939544677734
2009-12-30,32.71658706665039
2009-12-31,32.378787994384766
2010-01-04,32.04096984863281
2010-01-05,31.83830451965332
2010-01-06,31.82986831665039
2010-01-07,31.73697853088379
2010-01-08,31.998762130737305
2010-01-11,32.13389205932617
2010-01-12,32.08320999145508
2010-01-13,32.142330169677734
2010-01-14,31.88897705078125
2010-01-15,31.720075607299805
2010-01-19,31.948083877563477
2010-01-20,32.16767120361328
2010-01-21,32.26057052612305
2010-01-22,32.53926086425781
2010-01-25,32.87708282470703
2010-01-26,32.96996307373047
2010-01-27,33.08818435668945
2010-01-28,33.0797233581543
2010-01-29,32.97797393798828
2010-02-01,32.884727478027344
2010-02-02,33.45273208618164
2010-02-03,33.325565338134766
2010-02-04,32.90167999267578
2010-02-05,33.6646842956543
2010-02-08,33.613826751708984
2010-02-09,33.76640319824219
2010-02-10,33.605342864990234
2010-02-11,33.41033935546875
2010-02-12,33.749446868896484
2010-02-16,33.825748443603516
2010-02-17,34.14790344238281
2010-02-18,34.139427185058594
2010-02-19,34.39375305175781
2010-02-22,34.300498962402344
2010-02-23,34.41069793701172
2010-02-24,34.53785705566406
2010-02-25,34.749794006347656
2010-02-26,34.707427978515625
2010-03-01,34.74131774902344
2010-03-02,34.707427978515625
2010-03-03,34.622657775878906
2010-03-04,34.622657775878906
2010-03-05,35.14826202392578
2010-03-08,35.1228141784668
2010-03-09,35.02109909057617
2010-03-10,34.73285675048828
2010-03-11,35.029579162597656
2010-03-12,35.21609115600586
2010-03-15,35.52128219604492
2010-03-16,35.50431823730469
2010-03-17,35.622989654541016
2010-03-18,35.894290924072266
2010-03-19,36.1571044921875
2010-03-22,36.191009521484375
2010-03-23,36.36054992675781
2010-03-24,35.962100982666016
2010-03-25,36.106224060058594
2010-03-26,36.097755432128906
2010-03-29,36.36902618408203
2010-03-30,36.36054992675781
2010-03-31,36.20796203613281
2010-04-01,36.44534683227539
2010-04-05,36.394474029541016
2010-04-06,36.4622802734375
2010-04-07,36.51315689086914
2010-04-08,36.60641098022461
2010-04-09,36.572509765625
2010-04-12,36.80986022949219
2010-04-13,36.759002685546875
2010-04-14,36.71662902832031
2010-04-15,36.8014030456543
2010-04-16,36.52164077758789
2010-04-19,36.74205780029297
2010-04-20,37.31005096435547
2010-04-21,37.40330123901367
2010-04-22,37.52199172973633
2010-04-23,37.369384765625
2010-04-26,37.1405029296875
2010-04-27,36.4792594909668
2010-04-28,36.85225296020508
2010-04-29,37.43074417114258
2010-04-30,36.120662689208984
2010-05-03,36.07811737060547
2010-05-04,35.76338195800781
2010-05-05,35.737857818603516
2010-05-06,34.99773025512695
2010-05-07,34.98924255371094
2010-05-10,36.01857376098633
2010-05-11,36.06962585449219
2010-05-12,36.57154083251953
2010-05-13,36.08663558959961
2010-05-14,35.39755630493164
2010-05-17,35.60174560546875
2010-05-18,34.62342071533203
2010-05-19,34.41075134277344
2010-05-20,33.10917282104492
2010-05-21,33.72169494628906
2010-05-24,33.13471603393555
2010-05-25,32.99008560180664
2010-05-26,32.7348747253418
2010-05-27,33.6961669921875
2010-05-28,33.577064514160156
2010-06-01,32.86247634887695
2010-06-02,33.7302131652832
2010-06-03,33.866329193115234
2010-06-04,32.683841705322266
2010-06-07,32.683841705322266
2010-06-08,32.922027587890625
2010-06-09,32.156402587890625
2010-06-10,32.632789611816406
2010-06-11,32.82844924926758
2010-06-14,32.55624008178711
2010-06-15,33.38990783691406
2010-06-16,33.50050354003906
2010-06-17,33.738685607910156
2010-06-18,33.8067741394043
2010-06-21,33.65364456176758
2010-06-22,33.262306213378906
2010-06-23,33.12619400024414
2010-06-24,32.66681671142578
2010-06-25,32.93905258178711
2010-06-28,32.83694839477539
2010-06-29,32.088356018066406
2010-06-30,31.577911376953125
2010-07-01,31.288686752319336
2010-07-02,31.56943130493164
2010-07-06,31.680025100708008
2010-07-07,32.4116096496582
2010-07-08,32.50519561767578
2010-07-09,32.61577606201172
2010-07-12,30.301881790161133
2010-07-13,31.535402297973633
2010-07-14,31.560916900634766
2010-07-15,31.458826065063477
2010-07-16,30.82931137084961
2010-07-19,30.35291290283203
2010-07-20,30.61663818359375
2010-07-21,30.310382843017578
2010-07-22,31.024988174438477
2010-07-23,31.152578353881836
2010-07-26,31.31422233581543
2010-07-27,30.973928451538086
2010-07-28,31.178102493286133
2010-07-29,31.28915023803711
2010-07-30,32.17750930786133
2010-08-02,32.5704345703125
2010-08-03,32.288551330566406
2010-08-04,32.228755950927734
2010-08-05,32.47647476196289
2010-08-06,32.630226135253906
2010-08-09,33.040245056152344
2010-08-10,32.84378433227539
2010-08-11,31.8870849609375
2010-08-12,31.750417709350586
2010-08-13,31.52832794189453
2010-08-16,31.38310432434082
2010-08-17,31.98104476928711
2010-08-18,31.98104476928711
2010-08-19,31.571029663085938
2010-08-20,31.52832794189453
2010-08-23,31.536863327026367
2010-08-24,31.237890243530273
2010-08-25,31.161006927490234
2010-08-26,30.98163604736328
2010-08-27,31.750417709350586
2010-08-30,31.084138870239258
2010-08-31,30.95600700378418
2010-09-01,31.74187469482422
2010-09-02,32.288551330566406
2010-09-03,32.77545166015625
2010-09-07,32.10063934326172
2010-09-08,32.271461486816406
2010-09-09,32.51063919067383
2010-09-10,32.26292037963867
2010-09-13,32.60459899902344
2010-09-14,32.30564880371094
2010-09-15,32.26292037963867
2010-09-16,32.36543655395508
2010-09-17,32.561885833740234
2010-09-20,33.15129089355469
2010-09-21,33.14274978637695
2010-09-22,33.10002517700195
2010-09-23,32.67293930053711
2010-09-24,33.69796371459961
2010-09-27,33.69796371459961
2010-09-28,33.80046844482422
2010-09-29,33.84319305419922
2010-09-30,33.407554626464844
2010-10-01,33.55276870727539
2010-10-04,33.48442077636719
2010-10-05,33.8858757019043
2010-10-06,33.75775909423828
2010-10-07,33.6296272277832
2010-10-08,33.66379928588867
2010-10-11,33.30504608154297
2010-10-12,33.74068832397461
2010-10-13,33.706520080566406
2010-10-14,33.732139587402344
2010-10-15,33.706520080566406
2010-10-18,34.20193862915039
2010-10-19,33.732139587402344
2010-10-20,33.868831634521484
2010-10-21,34.21902847290039
2010-10-22,34.18488693237305
2010-10-25,34.424034118652344
2010-10-26,34.49237823486328
2010-10-27,34.91091537475586
2010-10-28,34.8594856262207
2010-10-29,34.07933044433594
2010-11-01,34.09646224975586
2010-11-02,34.19932556152344
2010-11-03,34.24219512939453
2010-11-04,35.228153228759766
2010-11-05,35.819698333740234
2010-11-08,35.55393600463867
2010-11-09,35.52821731567383
2010-11-10,35.6739616394043
2010-11-11,35.49392318725586
2010-11-12,35.210994720458984
2010-11-15,35.3738899230957
2010-11-16,34.962371826171875
2010-11-17,35.048091888427734
2010-11-18,35.18527603149414
2010-11-19,35.1595458984375
2010-11-22,35.01382064819336
2010-11-23,34.50798416137695
2010-11-24,35.065250396728516
2010-11-26,34.87663650512695
2010-11-29,34.679443359375
2010-11-30,34.396522521972656
2010-12-01,35.4167594909668
2010-12-02,36.231224060058594
2010-12-03,36.67705154418945
2010-12-06,37.10572814941406
2010-12-07,37.45722961425781
2010-12-08,37.15717697143555
2010-12-09,37.26861572265625
2010-12-10,37.44866180419922
2010-12-13,37.83445739746094
2010-12-14,38.25455093383789
2010-12-15,38.00593185424805
2010-12-16,38.14311981201172
2010-12-17,38.66608810424805
2010-12-20,38.8632698059082
2010-12-21,39.206199645996094
2010-12-22,39.39482879638672
2010-12-23,39.32624816894531
2010-12-27,39.33481979370117
2010-12-28,39.189064025878906
2010-12-29,39.369102478027344
2010-12-30,39.48054885864258
2010-12-31,39.44626998901367
2011-01-03,39.02616500854492
2011-01-04,38.571781158447266
2011-01-05,38.580345153808594
2011-01-06,38.39173889160156
2011-01-07,38.01449966430664
2011-01-10,37.73158264160156
2011-01-11,37.680145263671875
2011-01-12,37.63727951049805
2011-01-13,37.57726287841797
2011-01-14,38.323150634765625
2011-01-18,38.48604965209961
2011-01-19,38.21168899536133
2011-01-20,38.6403694152832
2011-01-21,38.85469436645508
2011-01-24,38.588924407958984
2011-01-25,39.06045150756836
2011-01-26,39.24049758911133
2011-01-27,39.360530853271484
2011-01-28,38.98207092285156
2011-01-31,39.34332275390625
2011-02-01,39.79059982299805
2011-02-02,39.885231018066406
2011-02-03,39.7045783996582
2011-02-04,41.424888610839844
2011-02-07,41.88938522338867
2011-02-08,42.31084442138672
2011-02-09,42.3366584777832
2011-02-10,42.66351318359375
2011-02-11,42.912960052490234
2011-02-14,43.75590515136719
2011-02-15,44.142982482910156
2011-02-16,44.55585861206055
2011-02-17,44.6590576171875
2011-02-18,45.52782440185547
2011-02-22,44.934322357177734
2011-02-23,44.70207977294922
2011-02-24,44.6590576171875
2011-02-25,45.14936065673828
2011-02-28,45.278385162353516
2011-03-01,44.633262634277344
2011-03-02,43.88492202758789
2011-03-03,44.67626953125
2011-03-04,44.26338577270508
2011-03-07,44.01395797729492
2011-03-08,44.418216705322266
2011-03-09,44.04835891723633
2011-03-10,42.93015670776367
2011-03-11,44.08274841308594
2011-03-14,44.68486785888672
2011-03-15,45.04612350463867
2011-03-16,44.22899627685547
2011-03-17,44.5644416809082
2011-03-18,44.70207977294922
2011-03-21,44.899906158447266
2011-03-22,44.40961456298828
2011-03-23,44.29779815673828
2011-03-24,44.83968734741211
2011-03-25,44.960121154785156
2011-03-28,45.08053207397461
2011-03-29,45.200958251953125
2011-03-30,45.19234848022461
2011-03-31,45.553619384765625
2011-04-01,46.241764068603516
2011-04-04,46.276153564453125
2011-04-05,45.96648406982422
2011-04-06,46.14712905883789
2011-04-07,46.594383239746094
2011-04-08,45.82026672363281
2011-04-11,45.90626525878906
2011-04-12,44.908531188964844
2011-04-13,45.166561126708984
2011-04-14,44.934322357177734
2011-04-15,45.13215637207031
2011-04-18,44.2891960144043
2011-04-19,44.211788177490234
2011-04-20,44.633262634277344
2011-04-21,44.88269805908203
2011-04-25,44.88269805908203
2011-04-26,45.36439514160156
2011-04-27,45.33856964111328
2011-04-28,45.95966339111328
2011-04-29,45.002166748046875
2011-05-02,45.3558235168457
2011-05-03,45.5628662109375
2011-05-04,45.58011245727539
2011-05-05,45.07118606567383
2011-05-06,45.3040657043457
2011-05-09,45.347198486328125
2011-05-10,45.77851104736328
2011-05-11,45.450721740722656
2011-05-12,45.769901275634766
2011-05-13,45.58011245727539
2011-05-16,45.813026428222656
2011-05-17,45.17469024658203
2011-05-18,45.260963439941406
2011-05-19,45.38172149658203
2011-05-20,45.053916931152344
2011-05-23,44.70888900756836
2011-05-24,44.24307632446289
2011-05-25,44.58810043334961
2011-05-26,44.803775787353516
2011-05-27,44.31208801269531
2011-05-31,44.98491287231445
2011-06-01,44.398338317871094
2011-06-02,44.475982666015625
2011-06-03,44.432857513427734
2011-06-06,44.41559982299805
2011-06-07,44.536346435546875
2011-06-08,43.6047477722168
2011-06-09,43.82038497924805
2011-06-10,43.3028450012207
2011-06-13,43.53573989868164
2011-06-14,43.98427200317383
2011-06-15,43.23382568359375
2011-06-16,42.707637786865234
2011-06-17,42.60411834716797
2011-06-20,42.76800537109375
2011-06-21,43.31146240234375
2011-06-22,42.75077438354492
2011-06-23,42.50060272216797
2011-06-24,42.37122344970703
2011-06-27,42.517860412597656
2011-06-28,42.89740753173828
2011-06-29,43.72551727294922
2011-06-30,44.2516975402832
2011-07-01,44.60537338256836
2011-07-05,44.450111389160156
2011-07-06,44.40696716308594
2011-07-07,44.70888900756836
2011-07-08,44.57085037231445
2011-07-11,43.742774963378906
2011-07-12,44.2258186340332
2011-07-13,43.716880798339844
2011-07-14,43.35459518432617
2011-07-15,43.00954818725586
2011-07-18,42.1641960144043
2011-07-19,42.310829162597656
2011-07-20,42.78526306152344
2011-07-21,43.47536087036133
2011-07-22,43.4494743347168
2011-07-25,43.38047790527344
2011-07-26,43.63063049316406
2011-07-27,43.069915771484375
2011-07-28,42.73249435424805
2011-07-29,41.63369369506836
2011-08-01,41.400089263916016
2011-08-02,40.73387145996094
2011-08-03,41.05400848388672
2011-08-04,39.816768646240234
2011-08-05,38.83907699584961
2011-08-08,36.15694808959961
2011-08-09,39.31494903564453
2011-08-10,37.51531982421875
2011-08-11,39.41009521484375
2011-08-12,39.32358169555664
2011-08-15,40.11958312988281
2011-08-16,39.834075927734375
2011-08-17,40.15418243408203
2011-08-18,38.28535079956055
2011-08-19,38.311309814453125
2011-08-22,37.67969512939453
2011-08-23,39.34089660644531
2011-08-24,39.26303482055664
2011-08-25,39.06402587890625
2011-08-26,39.834075927734375
2011-08-29,40.79444122314453
2011-08-30,40.40509033203125
2011-08-31,40.43104934692383
2011-09-01,39.946533203125
2011-09-02,38.78717803955078
2011-09-06,38.38051223754883
2011-09-07,39.574501037597656
2011-09-08,38.951541900634766
2011-09-09,37.71432113647461
2011-09-12,37.5499153137207
2011-09-13,37.065399169921875
2011-09-14,37.117313385009766
2011-09-15,37.87003707885742
2011-09-16,38.086341857910156
2011-09-19,37.6104736328125
2011-09-20,37.25575256347656
2011-09-21,35.585906982421875
2011-09-22,34.98025894165039
2011-09-23,34.60821533203125
2011-09-26,35.24846649169922
2011-09-27,35.65512466430664
2011-09-28,34.65148162841797
2011-09-29,36.589534759521484
2011-09-30,36.321327209472656
2011-10-03,35.144657135009766
2011-10-04,36.46841049194336
2011-10-05,37.43744659423828
2011-10-06,38.051734924316406
2011-10-07,37.46340560913086
2011-10-10,38.42376708984375
2011-10-11,38.34590530395508
2011-10-12,38.8217658996582
2011-10-13,38.69198226928711
2011-10-14,39.03807830810547
2011-10-17,38.44973373413086
2011-10-18,39.78215026855469
2011-10-19,40.309940338134766
2011-10-20,40.93288803100586
2011-10-21,42.68058395385742
2011-10-24,43.416019439697266
2011-10-25,42.47295379638672
2011-10-26,43.01801681518555
2011-10-27,44.073570251464844
2011-10-28,41.64384078979492
2011-10-31,40.454994201660156
2011-11-01,39.53517532348633
2011-11-02,40.70664978027344
2011-11-03,41.04508972167969
2011-11-04,41.14054489135742
2011-11-07,41.14922332763672
2011-11-08,41.91284942626953
2011-11-09,41.218650817871094
2011-11-10,41.12317657470703
2011-11-11,41.73060989379883
2011-11-14,41.17525100708008
2011-11-15,41.10582733154297
2011-11-16,40.35087203979492
2011-11-17,40.28145217895508
2011-11-18,39.72607421875
2011-11-21,38.875675201416016
2011-11-22,38.19013595581055
2011-11-23,37.9037971496582
2011-11-25,38.38106155395508
2011-11-28,38.78023147583008
2011-11-29,38.58063888549805
2011-11-30,39.890968322753906
2011-12-01,39.80419158935547
2011-12-02,39.9256706237793
2011-12-05,40.13392639160156
2011-12-06,40.081871032714844
2011-12-07,40.1165771484375
2011-12-08,39.743431091308594
2011-12-09,40.16865158081055
2011-12-12,39.33559036254883
2011-12-13,38.6240234375
2011-12-14,39.101314544677734
2011-12-15,39.23146438598633
2011-12-16,38.9277458190918
2011-12-19,38.68478012084961
2011-12-20,39.73476791381836
2011-12-21,40.177310943603516
2011-12-22,40.784767150878906
2011-12-23,40.66326904296875
2011-12-27,40.88888931274414
2011-12-28,40.56781768798828
2011-12-29,40.671958923339844
2011-12-30,40.61119079589844
2012-01-03,40.810787200927734
2012-01-04,40.12525939941406
2012-01-05,40.35087203979492
2012-01-06,40.03847885131836
2012-01-09,40.142608642578125
2012-01-10,40.559139251708984
2012-01-11,40.29014205932617
2012-01-12,40.49839782714844
2012-01-13,40.159969329833984
2012-01-17,40.33351135253906
2012-01-18,40.74136734008789
2012-01-19,41.218650817871094
2012-01-20,41.2099609375
2012-01-23,40.9235954284668
2012-01-24,40.810787200927734
2012-01-25,41.218650817871094
2012-01-26,41.34878921508789
2012-01-27,41.77400207519531
2012-01-30,41.7566032409668
2012-01-31,42.157005310058594
2012-02-01,42.975257873535156
2012-02-02,42.975257873535156
2012-02-03,41.834922790527344
2012-02-06,41.76529312133789
2012-02-07,41.80883026123047
2012-02-08,42.287593841552734
2012-02-09,42.34851837158203
2012-02-10,42.270172119140625
2012-02-13,42.374637603759766
2012-02-14,42.035133361816406
2012-02-15,41.78270721435547
2012-02-16,41.399696350097656
2012-02-17,41.45192337036133
2012-02-21,41.42581558227539
2012-02-22,41.556392669677734
2012-02-23,41.93068313598633
2012-02-24,41.37358474731445
2012-02-27,41.43451690673828
2012-02-28,40.76425552368164
2012-02-29,40.74684143066406
2012-03-01,41.15595626831055
2012-03-02,41.15595626831055
2012-03-05,41.225608825683594
2012-03-06,41.025390625
2012-03-07,41.08632278442383
2012-03-08,41.36488342285156
2012-03-09,41.8436393737793
2012-03-12,41.956790924072266
2012-03-13,42.47038650512695
2012-03-14,42.65317916870117
2012-03-15,42.67930221557617
2012-03-16,42.627071380615234
2012-03-19,42.65317916870117
2012-03-20,42.374637603759766
2012-03-21,42.278865814208984
2012-03-22,42.087379455566406
2012-03-23,42.35721969604492
2012-03-26,42.65317916870117
2012-03-27,42.3223991394043
2012-03-28,42.80116271972656
2012-03-29,42.627071380615234
2012-03-30,42.705406188964844
2012-04-02,42.84468460083008
2012-04-03,42.85340118408203
2012-04-04,42.34851837158203
2012-04-05,42.139610290527344
2012-04-09,41.80012512207031
2012-04-10,41.121150970458984
2012-04-11,41.73047637939453
2012-04-12,42.21794891357422
2012-04-13,42.18312072753906
2012-04-16,42.2353515625
2012-04-17,42.59224319458008
2012-04-18,42.52259826660156
2012-04-19,43.27120590209961
2012-04-20,43.34955596923828
2012-04-23,43.523651123046875
2012-04-24,44.06332778930664
2012-04-25,44.7423095703125
2012-04-26,45.23848342895508
2012-04-27,45.07085418701172
2012-04-30,45.227996826171875
2012-05-01,45.516136169433594
2012-05-02,45.12322998046875
2012-05-03,44.83509826660156
2012-05-04,42.250648498535156
2012-05-07,41.979984283447266
2012-05-08,41.90140151977539
2012-05-09,41.98869323730469
2012-05-10,42.04981231689453
2012-05-11,42.04109191894531
2012-05-14,41.761695861816406
2012-05-15,41.64818572998047
2012-05-16,40.74888229370117
2012-05-17,40.286109924316406
2012-05-18,39.90192794799805
2012-05-21,40.39960861206055
2012-05-22,40.45199966430664
2012-05-23,40.87109375
2012-05-24,41.342594146728516
2012-05-25,41.37749481201172
2012-05-29,41.438629150390625
2012-05-30,40.46946334838867
2012-05-31,40.60041809082031
2012-06-01,39.38678741455078
2012-06-04,39.58759689331055
2012-06-05,39.73603057861328
2012-06-06,41.15922164916992
2012-06-07,40.68773651123047
2012-06-08,40.84489822387695
2012-06-11,40.233726501464844
2012-06-12,40.81870651245117
2012-06-13,40.38214111328125
2012-06-14,40.53932571411133
2012-06-15,41.036983489990234
2012-06-18,40.90602111816406
2012-06-19,41.141780853271484
2012-06-20,41.036983489990234
2012-06-21,40.233726501464844
2012-06-22,40.3210334777832
2012-06-25,39.657440185546875
2012-06-26,39.74475860595703
2012-06-27,40.233726501464844
2012-06-28,39.919376373291016
2012-06-29,40.84489822387695
2012-07-02,41.351318359375
2012-07-03,41.66564178466797
2012-07-05,41.97123336791992
2012-07-06,41.281471252441406
2012-07-09,41.036983489990234
2012-07-10,40.79253387451172
2012-07-11,41.15922164916992
2012-07-12,41.150516510009766
2012-07-13,41.58708190917969
2012-07-16,41.38624954223633
2012-07-17,41.630706787109375
2012-07-18,41.75294494628906
2012-07-19,41.37749481201172
2012-07-20,41.019527435302734
2012-07-23,40.74888229370117
2012-07-24,40.3210334777832
2012-07-25,40.286109924316406
2012-07-26,40.58295822143555
2012-07-27,43.06265640258789
2012-07-30,43.6302490234375
2012-07-31,43.09592819213867
2012-08-01,43.38498306274414
2012-08-02,43.227333068847656
2012-08-03,44.22590255737305
2012-08-06,44.08573532104492
2012-08-07,44.497432708740234
2012-08-08,44.93538284301758
2012-08-09,45.0667724609375
2012-08-10,45.39965057373047
2012-08-13,45.46095657348633
2012-08-14,45.75878143310547
2012-08-15,45.98651885986328
2012-08-16,46.468265533447266
2012-08-17,46.678504943847656
2012-08-20,46.49456024169922
2012-08-21,46.100399017333984
2012-08-22,46.17922592163086
2012-08-23,45.671173095703125
2012-08-24,45.872650146484375
2012-08-27,45.706207275390625
2012-08-28,45.671173095703125
2012-08-29,45.566070556640625
2012-08-30,45.29452896118164
2012-08-31,45.51350784301758
2012-09-04,45.355838775634766
2012-09-05,45.08430099487305
2012-09-06,45.697452545166016
2012-09-07,45.51350784301758
2012-09-10,45.2507438659668
2012-09-11,45.4259147644043
2012-09-12,45.46095657348633
2012-09-13,46.04780960083008
2012-09-14,46.51207733154297
2012-09-17,46.20550537109375
2012-09-18,46.275569915771484
2012-09-19,46.11789321899414
2012-09-20,46.09162521362305
2012-09-21,46.14419174194336
2012-09-24,45.907684326171875
2012-09-25,45.45219802856445
2012-09-26,45.329559326171875
2012-09-27,45.968994140625
2012-09-28,45.80256652832031
2012-10-01,46.678504943847656
2012-10-02,46.538360595703125
2012-10-03,46.678504943847656
2012-10-04,47.0463981628418
2012-10-05,47.41429138183594
2012-10-08,47.20406723022461
2012-10-09,46.73983383178711
2012-10-10,46.33689498901367
2012-10-11,46.56462860107422
2012-10-12,46.59090805053711
2012-10-15,46.70478057861328
2012-10-16,46.84493637084961
2012-10-17,47.39677047729492
2012-10-18,46.95878982543945
2012-10-19,46.03031539916992
2012-10-22,46.16170883178711
2012-10-23,45.78504943847656
2012-10-24,45.618621826171875
2012-10-25,45.85512161254883
2012-10-26,47.1602668762207
2012-10-31,47.395713806152344
2012-11-01,48.14244079589844
2012-11-02,48.21272277832031
2012-11-05,48.388431549072266
2012-11-06,49.460205078125
2012-11-07,48.74861145019531
2012-11-08,48.49385070800781
2012-11-09,48.87160110473633
2012-11-12,49.2054443359375
2012-11-13,49.34600830078125
2012-11-14,49.10001754760742
2012-11-15,49.1615104675293
2012-11-16,49.36357116699219
2012-11-19,49.50413513183594
2012-11-20,50.03124237060547
2012-11-21,50.28600311279297
2012-11-23,50.72527313232422
2012-11-26,50.25086975097656
2012-11-27,49.59199523925781
2012-11-28,49.96095657348633
2012-11-29,49.952171325683594
2012-11-30,49.89945983886719
2012-12-03,49.837982177734375
2012-12-04,49.82040023803711
2012-12-05,49.767696380615234
2012-12-06,49.90823745727539
2012-12-07,49.72377014160156
2012-12-10,49.548057556152344
2012-12-11,49.63590621948242
2012-12-12,49.59199523925781
2012-12-13,49.56563186645508
2012-12-14,49.37235641479492
2012-12-17,50.12786865234375
2012-12-18,49.89945983886719
2012-12-19,49.7149658203125
2012-12-20,50.12786865234375
2012-12-21,49.750118255615234
2012-12-24,49.750118255615234
2012-12-26,49.7325553894043
2012-12-27,49.35478591918945
2012-12-28,48.757408142089844
2012-12-31,48.85401916503906
2013-01-02,50.45293045043945
2013-01-03,50.17180633544922
2013-01-04,50.18938064575195
2013-01-07,49.89945983886719
2013-01-08,49.741329193115234
2013-01-09,49.89068603515625
2013-01-10,51.02396011352539
2013-01-11,50.73405456542969
2013-01-14,50.391448974609375
2013-01-15,50.549564361572266
2013-01-16,50.198177337646484
2013-01-17,50.20694351196289
2013-01-18,50.17180633544922
2013-01-22,50.927310943603516
2013-01-23,50.78676223754883
2013-01-24,51.1381721496582
2013-01-25,50.619850158691406
2013-01-28,50.488075256347656
2013-01-29,50.619850158691406
2013-01-30,50.84712600708008
2013-01-31,50.86474609375
2013-02-01,49.44646072387695
2013-02-04,48.36289596557617
2013-02-05,49.1029052734375
2013-02-06,49.05004119873047
2013-02-07,49.34074401855469
2013-02-08,49.79882049560547
2013-02-11,49.9133415222168
2013-02-12,49.94859313964844
2013-02-13,50.459529876708984
2013-02-14,50.47712707519531
2013-02-15,50.21286392211914
2013-02-19,51.01449966430664
2013-02-20,51.992340087890625
2013-02-21,52.344688415527344
2013-02-22,53.55156707763672
2013-02-25,52.371124267578125
2013-02-26,52.899688720703125
2013-02-27,53.58681106567383
2013-02-28,53.81584930419922
2013-03-01,53.63965606689453
2013-03-04,53.287288665771484
2013-03-05,53.51633834838867
2013-03-06,53.15516662597656
2013-03-07,53.1110954284668
2013-03-08,53.04063034057617
2013-03-11,52.943729400634766
2013-03-12,52.538509368896484
2013-03-13,52.591365814208984
2013-03-14,52.88206100463867
2013-03-15,52.767555236816406
2013-03-18,51.93946075439453
2013-03-19,51.983524322509766
2013-03-20,52.60017013549805
2013-03-21,52.371124267578125
2013-03-22,53.09347915649414
2013-03-25,53.87751388549805
2013-03-26,54.45892333984375
2013-03-27,54.17702865600586
2013-03-28,54.17702865600586
2013-04-01,53.82466125488281
2013-04-02,54.12417221069336
2013-04-03,53.25204849243164
2013-04-04,53.445865631103516
2013-04-05,53.09347915649414
2013-04-08,53.393009185791016
2013-04-09,53.64847183227539
2013-04-10,54.203453063964844
2013-04-11,55.19892120361328
2013-04-12,55.16367721557617
2013-04-15,54.16823196411133
2013-04-16,54.71438217163086
2013-04-17,53.445865631103516
2013-04-18,52.56493377685547
2013-04-19,52.98777770996094
2013-04-22,53.38418960571289
2013-04-23,53.851097106933594
2013-04-24,53.87751388549805
2013-04-25,53.99204635620117
2013-04-26,51.97470474243164
2013-04-29,52.72130584716797
2013-04-30,53.32212448120117
2013-05-01,54.1614990234375
2013-05-02,55.16873550415039
2013-05-03,55.93743133544922
2013-05-06,56.10531234741211
2013-05-07,56.290836334228516
2013-05-08,57.25391387939453
2013-05-09,56.96233367919922
2013-05-10,56.98884582519531
2013-05-13,57.907718658447266
2013-05-14,58.24348449707031
2013-05-15,58.70292663574219
2013-05-16,58.508541107177734
2013-05-17,58.57039260864258
2013-05-20,58.4113883972168
2013-05-21,58.473209381103516
2013-05-22,58.093292236328125
2013-05-23,57.66034698486328
2013-05-24,58.07559585571289
2013-05-28,58.3406867980957
2013-05-29,58.57923889160156
2013-05-30,58.676422119140625
2013-05-31,56.25550079345703
2013-06-03,56.299686431884766
2013-06-04,55.73420715332031
2013-06-05,55.58401107788086
2013-06-06,56.57359313964844
2013-06-07,57.91659927368164
2013-06-10,57.5808219909668
2013-06-11,57.607322692871094
2013-06-12,57.289249420166016
2013-06-13,57.898887634277344
2013-06-14,57.33341979980469
2013-06-17,57.76637649536133
2013-06-18,57.98727798461914
2013-06-19,56.44989013671875
2013-06-20,55.539825439453125
2013-06-21,55.893245697021484
2013-06-24,55.522159576416016
2013-06-25,56.273162841796875
2013-06-26,56.93583297729492
2013-06-27,57.395286560058594
2013-06-28,56.856319427490234
2013-07-01,57.74869155883789
2013-07-02,57.5101432800293
2013-07-03,57.08603286743164
2013-07-05,58.01377487182617
2013-07-08,57.8105583190918
2013-07-09,57.757530212402344
2013-07-10,57.695709228515625
2013-07-11,59.33910369873047
2013-07-12,59.215389251708984
2013-07-15,59.56880187988281
2013-07-16,59.33910369873047
2013-07-17,59.53345489501953
2013-07-18,59.64833450317383
2013-07-19,59.621826171875
2013-07-22,59.64833450317383
2013-07-23,59.250728607177734
2013-07-24,59.0916862487793
2013-07-25,59.683677673339844
2013-07-26,59.66599655151367
2013-07-29,58.782447814941406
2013-07-30,59.72590637207031
2013-07-31,59.79677963256836
2013-08-01,60.81553268432617
2013-08-02,61.19646453857422
2013-08-05,61.0635986328125
2013-08-06,61.099021911621094
2013-08-07,60.80668258666992
2013-08-08,61.14332962036133
2013-08-09,61.19646453857422
2013-08-12,60.37258529663086
2013-08-13,60.99271011352539
2013-08-14,60.98384475708008
2013-08-15,60.266292572021484
2013-08-16,60.58523178100586
2013-08-19,60.70922088623047
2013-08-20,60.69153594970703
2013-08-21,60.25743865966797
2013-08-22,60.771240234375
2013-08-23,60.682655334472656
2013-08-26,60.027103424072266
2013-08-27,58.698307037353516
2013-08-28,59.30954360961914
2013-08-29,59.291839599609375
2013-08-30,58.80461502075195
2013-09-03,59.0792121887207
2013-09-04,58.95520782470703
2013-09-05,59.114662170410156
2013-09-06,58.90205383300781
2013-09-09,59.97397232055664
2013-09-10,60.81553268432617
2013-09-11,60.69153594970703
2013-09-12,60.60295486450195
2013-09-13,60.700374603271484
2013-09-16,61.2230339050293
2013-09-17,62.020355224609375
2013-09-18,65.51070404052734
2013-09-19,66.56489562988281
2013-09-20,66.90150451660156
2013-09-23,66.91039276123047
2013-09-24,67.34445190429688
2013-09-25,66.88379669189453
2013-09-26,66.81294250488281
2013-09-27,66.50289916992188
2013-09-30,65.94478607177734
2013-10-01,65.24493408203125
2013-10-02,65.22718048095703
2013-10-03,64.42106628417969
2013-10-04,64.5185317993164
2013-10-07,63.91609573364258
2013-10-08,63.23396682739258
2013-10-09,63.11878967285156
2013-10-10,64.60710144042969
2013-10-11,64.7576904296875
2013-10-14,65.2803726196289
2013-10-15,64.34132385253906
2013-10-16,65.4220962524414
2013-10-17,65.7321548461914
2013-10-18,66.78636932373047
2013-10-21,66.5294418334961
2013-10-22,67.64568328857422
2013-10-23,67.19387817382812
2013-10-24,66.95469665527344
2013-10-25,68.69100189208984
2013-10-28,69.16053009033203
2013-10-29,70.61337280273438
2013-10-30,71.23928833007812
2013-10-31,70.21826934814453
2013-11-01,69.93415832519531
2013-11-04,69.80101013183594
2013-11-05,69.86317443847656
2013-11-06,71.07060241699219
2013-11-07,70.52013397216797
2013-11-08,71.55889129638672
2013-11-11,72.53548431396484
2013-11-12,71.53225708007812
2013-11-13,71.1771240234375
2013-11-14,71.74533081054688
2013-11-15,72.42894744873047
2013-11-18,72.06494903564453
2013-11-19,71.4967269897461
2013-11-20,71.40794372558594
2013-11-21,72.25140380859375
2013-11-22,73.29017639160156
2013-11-25,72.24251556396484
2013-11-26,72.68643951416016
2013-11-27,73.059326171875
2013-11-29,72.48222351074219
2013-12-02,72.67756652832031
2013-12-03,72.69530487060547
2013-12-04,72.331298828125
2013-12-05,72.32244110107422
2013-12-06,73.46772003173828
2013-12-09,73.6009292602539
2013-12-10,73.75181579589844
2013-12-11,72.57991790771484
2013-12-12,72.71305847167969
2013-12-13,72.45561218261719
2013-12-16,72.66868591308594
2013-12-17,72.64204406738281
2013-12-18,74.51537322998047
2013-12-19,73.76959228515625
2013-12-20,73.63639831542969
2013-12-23,73.40557098388672
2013-12-24,74.24011993408203
2013-12-26,74.10697174072266
2013-12-27,74.0537109375
2013-12-30,73.91162109375
2013-12-31,74.47982025146484
2014-01-02,73.12149810791016
2014-01-03,73.3345718383789
2014-01-06,72.57100677490234
2014-01-07,73.06819152832031
2014-01-08,72.71305847167969
2014-01-09,74.26676940917969
2014-01-10,73.26351165771484
2014-01-13,71.84298706054688
2014-01-14,73.60977172851562
2014-01-15,74.04480743408203
2014-01-16,74.59523010253906
2014-01-17,74.71067810058594
2014-01-21,74.31117248535156
2014-01-22,73.47660827636719
2014-01-23,72.17150115966797
2014-01-24,69.61457061767578
2014-01-27,70.07622528076172
2014-01-28,71.09723663330078
2014-01-29,70.62667083740234
2014-01-30,71.84123992919922
2014-01-31,71.59207916259766
2014-02-03,68.40669250488281
2014-02-04,68.86937713623047
2014-02-05,68.93161010742188
2014-02-06,68.80703735351562
2014-02-07,72.09037017822266
2014-02-10,72.65094757080078
2014-02-11,74.0123062133789
2014-02-12,74.2347640991211
2014-02-13,75.02666473388672
2014-02-14,75.83638000488281
2014-02-18,75.77409362792969
2014-02-19,75.43596649169922
2014-02-20,75.99652099609375
2014-02-21,76.71726989746094
2014-02-24,77.12655639648438
2014-02-25,76.66388702392578
2014-02-26,75.92534637451172
2014-02-27,76.30795288085938
2014-02-28,76.16558074951172
2014-03-03,75.30250549316406
2014-03-04,76.25456237792969
2014-03-05,76.41471862792969
2014-03-06,77.0197982788086
2014-03-07,77.36679077148438
2014-03-10,77.11764526367188
2014-03-11,76.77954864501953
2014-03-12,76.09439849853516
2014-03-13,74.03010559082031
2014-03-14,74.2258529663086
2014-03-17,75.2491226196289
2014-03-18,76.11219787597656
2014-03-19,74.94658660888672
2014-03-20,76.00542449951172
2014-03-21,76.39694213867188
2014-03-24,74.95547485351562
2014-03-25,74.65298461914062
2014-03-26,73.85213470458984
2014-03-27,73.36274719238281
2014-03-28,73.51402282714844
2014-03-31,74.99107360839844
2014-04-01,75.45378875732422
2014-04-02,75.17794799804688
2014-04-03,74.93767547607422
2014-04-04,73.51402282714844
2014-04-07,72.17935943603516
2014-04-08,72.25054168701172
2014-04-09,73.49624633789062
2014-04-10,71.07600402832031
2014-04-11,70.67560577392578
2014-04-14,71.57428741455078
2014-04-15,72.29501342773438
2014-04-16,73.28266906738281
2014-04-17,73.08692932128906
2014-04-21,72.98908233642578
2014-04-22,73.17591094970703
2014-04-23,73.01575469970703
2014-04-24,73.13142395019531
2014-04-25,75.58721923828125
2014-04-28,74.96438598632812
2014-04-29,75.5533676147461
2014-04-30,75.74971008300781
2014-05-01,76.20486450195312
2014-05-02,75.89249420166016
2014-05-05,75.9906997680664
2014-05-06,75.64260864257812
2014-05-07,77.07052612304688
2014-05-08,76.46368408203125
2014-05-09,76.3298110961914
2014-05-12,76.94558715820312
2014-05-13,77.14195251464844
2014-05-14,76.67782592773438
2014-05-15,76.9366455078125
2014-05-16,77.32039642333984
2014-05-19,77.58815002441406
2014-05-20,77.65953826904297
2014-05-21,78.29314422607422
2014-05-22,78.55194091796875
2014-05-23,78.91788482666016
2014-05-27,79.5782470703125
2014-05-28,79.53364562988281
2014-05-29,80.14048767089844
2014-05-30,80.26544189453125
2014-06-02,80.23868560791016
2014-06-03,79.89955139160156
2014-06-04,80.1047592163086
2014-06-05,80.37251281738281
2014-06-06,80.77408599853516
2014-06-09,80.86336517333984
2014-06-10,80.67593383789062
2014-06-11,80.62244415283203
2014-06-12,79.89955139160156
2014-06-13,80.25653076171875
2014-06-16,80.1047592163086
2014-06-17,80.3011245727539
2014-06-18,81.1221694946289
2014-06-19,80.89015197753906
2014-06-20,80.93475341796875
2014-06-23,81.09539794921875
2014-06-24,80.21190643310547
2014-06-25,80.88121795654297
2014-06-26,80.2922134399414
2014-06-27,80.66702270507812
2014-06-30,80.39927673339844
2014-07-01,81.03291320800781
2014-07-02,80.53316497802734
2014-07-03,80.58670043945312
2014-07-07,80.79196166992188
2014-07-08,80.39038848876953
2014-07-09,80.3011245727539
2014-07-10,80.28327941894531
2014-07-11,80.39927673339844
2014-07-14,80.33683013916016
2014-07-15,79.86383819580078
2014-07-16,79.9709243774414
2014-07-17,79.48009490966797
2014-07-18,80.04232788085938
2014-07-21,80.05121612548828
2014-07-22,81.25602722167969
2014-07-23,81.28279876708984
2014-07-24,81.18462371826172
2014-07-25,77.0348129272461
2014-07-28,77.99864196777344
2014-07-29,76.8741683959961
2014-07-30,77.05316925048828
2014-07-31,75.50479125976562
2014-08-01,75.12886047363281
2014-08-04,75.53164672851562
2014-08-05,74.47549438476562
2014-08-06,74.78876495361328
2014-08-07,74.71717071533203
2014-08-08,75.68376922607422
2014-08-11,75.96125793457031
2014-08-12,76.05972290039062
2014-08-13,76.85627746582031
2014-08-14,76.29239654541016
2014-08-15,75.71064758300781
2014-08-18,76.5340805053711
2014-08-19,76.99050903320312
2014-08-20,77.23221588134766
2014-08-21,77.80501556396484
2014-08-22,77.59021759033203
2014-08-25,78.22567749023438
2014-08-26,77.93929290771484
2014-08-27,77.71550750732422
2014-08-28,77.78711700439453
2014-08-29,78.01087951660156
2014-09-02,78.49420166015625
2014-09-03,78.57473754882812
2014-09-04,78.74481964111328
2014-09-05,78.34204864501953
2014-09-08,78.29728698730469
2014-09-09,77.393310546875
2014-09-10,77.60810852050781
2014-09-11,77.72445678710938
2014-09-12,77.93929290771484
2014-09-15,78.1362075805664
2014-09-16,77.8766098022461
2014-09-17,77.85872650146484
2014-09-18,78.6731948852539
2014-09-19,77.79605865478516
2014-09-22,77.420166015625
2014-09-23,77.21429443359375
2014-09-24,78.12724304199219
2014-09-25,77.24118041992188
2014-09-26,78.03772735595703
2014-09-29,78.32413482666016
2014-09-30,78.46732330322266
2014-10-01,77.55439758300781
2014-10-02,77.74239349365234
2014-10-03,78.38679504394531
2014-10-06,78.10930633544922
2014-10-07,76.46244812011719
2014-10-08,74.71717071533203
2014-10-09,72.73912811279297
2014-10-10,72.00523376464844
2014-10-13,71.19967651367188
2014-10-14,71.64718627929688
2014-10-15,71.60244750976562
2014-10-16,71.5398178100586
2014-10-17,72.47064971923828
2014-10-20,71.78142547607422
2014-10-21,73.32986450195312
2014-10-22,73.10611724853516
2014-10-23,73.01659393310547
2014-10-24,73.73263549804688
2014-10-27,73.82210540771484
2014-10-28,74.72611236572266
2014-10-29,74.15328979492188
2014-10-30,74.59318542480469
2014-10-31,77.2055892944336
2014-11-03,78.26494598388672
2014-11-04,79.40507507324219
2014-11-05,79.60256958007812
2014-11-06,80.06041717529297
2014-11-07,80.63496398925781
2014-11-10,81.4339828491211
2014-11-11,80.9581527709961
2014-11-12,81.13771057128906
2014-11-13,80.71578979492188
2014-11-14,80.66192626953125
2014-11-17,81.218505859375
2014-11-18,81.32624816894531
2014-11-19,81.14667510986328
2014-11-20,81.08382415771484
2014-11-21,82.04442596435547
2014-11-24,82.87035369873047
2014-11-25,82.52919006347656
2014-11-26,82.41250610351562
2014-11-28,83.03190612792969
2014-12-01,82.9690933227539
2014-12-02,83.14863586425781
2014-12-03,84.17206573486328
2014-12-04,84.96206665039062
2014-12-05,85.3750228881836
2014-12-08,87.61939239501953
2014-12-09,87.25132751464844
2014-12-10,86.47026062011719
2014-12-11,86.443359375
2014-12-12,85.29423522949219
2014-12-15,85.15958404541016
2014-12-16,84.84534454345703
2014-12-17,85.86880493164062
2014-12-18,86.8114242553711
2014-12-19,86.80243682861328
2014-12-22,87.11663055419922
2014-12-23,86.78446960449219
2014-12-24,86.64982604980469
2014-12-26,86.41643524169922
2014-12-29,86.12014770507812
2014-12-30,86.38946533203125
2014-12-31,85.13263702392578
2015-01-02,84.68377685546875
2015-01-05,83.86680603027344
2015-01-06,83.36415100097656
2015-01-07,84.31568908691406
2015-01-08,85.5545654296875
2015-01-09,85.08775329589844
2015-01-12,83.88480377197266
2015-01-13,84.23490905761719
2015-01-14,84.10923767089844
2015-01-15,83.98353576660156
2015-01-16,85.78799438476562
2015-01-20,84.989013671875
2015-01-21,84.88127899169922
2015-01-22,85.91368103027344
2015-01-23,84.7645492553711
2015-01-26,84.54013061523438
2015-01-27,83.79499053955078
2015-01-28,81.77511596679688
2015-01-29,82.0811538696289
2015-01-30,81.06391906738281
2015-02-02,82.68431854248047
2015-02-03,83.51249694824219
2015-02-04,83.82756042480469
2015-02-05,84.36771392822266
2015-02-06,86.79829406738281
2015-02-09,86.99630737304688
2015-02-10,88.3916244506836
2015-02-11,90.09306335449219
2015-02-12,90.68718719482422
2015-02-13,90.525146484375
2015-02-17,90.66017150878906
2015-02-18,90.525146484375
2015-02-19,90.2730712890625
2015-02-20,90.32708740234375
2015-02-23,90.48011779785156
2015-02-24,90.55213928222656
2015-02-25,90.42611694335938
2015-02-26,90.21908569335938
2015-02-27,90.34512329101562
2015-03-02,90.23707580566406
2015-03-03,89.94902038574219
2015-03-04,89.68793487548828
2015-03-05,90.22807312011719
2015-03-06,88.93177032470703
2015-03-09,89.05780029296875
2015-03-10,86.43818664550781
2015-03-11,86.80730438232422
2015-03-12,88.4726333618164
2015-03-13,87.21238708496094
2015-03-16,88.895751953125
2015-03-17,88.67070007324219
2015-03-18,89.59794616699219
2015-03-19,89.039794921875
2015-03-20,89.39088439941406
2015-03-23,89.20184326171875
2015-03-24,88.3826675415039
2015-03-25,86.37518310546875
2015-03-26,86.44720458984375
2015-03-27,86.30316925048828
2015-03-30,88.31062316894531
2015-03-31,86.5281982421875
2015-04-01,86.6272201538086
2015-04-02,86.9873046875
2015-04-06,88.06756591796875
2015-04-07,87.60847473144531
2015-04-08,88.79676055908203
2015-04-09,88.59870147705078
2015-04-10,88.44564056396484
2015-04-13,88.77873992919922
2015-04-14,88.74274444580078
2015-04-15,88.6527328491211
2015-04-16,87.8785171508789
2015-04-17,86.57322692871094
2015-04-20,87.68049621582031
2015-04-21,87.41041564941406
2015-04-22,87.50045013427734
2015-04-23,87.68949890136719
2015-04-24,88.07657623291016
2015-04-27,88.14860534667969
2015-04-28,88.27459716796875
2015-04-29,88.38299560546875
2015-04-30,86.8930435180664
2015-05-01,88.87059020996094
2015-05-04,89.21370697021484
2015-05-05,88.21142578125
2015-05-06,87.93147277832031
2015-05-07,88.41007232666016
2015-05-08,90.19792938232422
2015-05-11,90.46886444091797
2015-05-12,89.49365234375
2015-05-13,89.06018829345703
2015-05-14,90.27921295166016
2015-05-15,89.89094543457031
2015-05-18,91.24539947509766
2015-05-19,91.58853149414062
2015-05-20,92.29283905029297
2015-05-21,92.42831420898438
2015-05-22,92.90687561035156
2015-05-26,92.23869323730469
2015-05-27,92.97911071777344
2015-05-28,92.9158935546875
2015-05-29,91.39889526367188
2015-06-01,91.1189956665039
2015-06-02,91.3808364868164
2015-06-03,92.02192687988281
2015-06-04,91.02867889404297
2015-06-05,91.17315673828125
2015-06-08,90.7216796875
2015-06-09,90.84810638427734
2015-06-10,92.45539855957031
2015-06-11,93.17774963378906
2015-06-12,92.31092071533203
2015-06-15,92.60890197753906
2015-06-16,93.33126068115234
2015-06-17,93.65632629394531
2015-06-18,94.37873840332031
2015-06-19,92.99715423583984
2015-06-22,93.62924194335938
2015-06-23,93.91819763183594
2015-06-24,93.49382019042969
2015-06-25,93.05134582519531
2015-06-26,92.78045654296875
2015-06-29,90.34243774414062
2015-06-30,90.0083236694336
2015-07-01,90.03540802001953
2015-07-02,89.85482788085938
2015-07-06,90.01736450195312
2015-07-07,90.4598159790039
2015-07-08,89.62906646728516
2015-07-09,90.43270111083984
2015-07-10,91.90459442138672
2015-07-13,92.13030242919922
2015-07-14,92.15740203857422
2015-07-15,91.97681427001953
2015-07-16,92.81660461425781
2015-07-17,92.47344207763672
2015-07-20,92.39218139648438
2015-07-21,92.2205810546875
2015-07-22,92.03097534179688
2015-07-23,91.71495056152344
2015-07-24,91.45306396484375
2015-07-27,91.22735595703125
2015-07-28,91.34471130371094
2015-07-29,91.9948501586914
2015-07-30,92.3208999633789
2015-07-31,91.26129913330078
2015-08-03,90.14734649658203
2015-08-04,90.74507141113281
2015-08-05,91.7684555053711
2015-08-06,91.39713287353516
2015-08-07,91.75941467285156
2015-08-10,93.07260131835938
2015-08-11,91.75941467285156
2015-08-12,91.6778793334961
2015-08-13,91.66883087158203
2015-08-14,91.74129486083984
2015-08-17,92.88241577148438
2015-08-18,92.76464080810547
2015-08-19,91.50582885742188
2015-08-20,89.94812774658203
2015-08-21,87.42138671875
2015-08-24,83.07433319091797
2015-08-25,80.95511627197266
2015-08-26,83.88032531738281
2015-08-27,85.48330688476562
2015-08-28,84.71353912353516
2015-08-31,84.62297821044922
2015-09-01,81.76111602783203
2015-09-02,82.4584732055664
2015-09-03,82.82073974609375
2015-09-04,81.77020263671875
2015-09-08,83.94373321533203
2015-09-09,82.90225982666016
2015-09-10,83.02904510498047
2015-09-11,82.70301818847656
2015-09-14,82.23206329345703
2015-09-15,83.40035247802734
2015-09-16,83.30074310302734
2015-09-17,83.46376037597656
2015-09-18,80.88264465332031
2015-09-21,81.86981201171875
2015-09-22,81.0819091796875
2015-09-23,80.68339538574219
2015-09-24,80.556640625
2015-09-25,81.52568054199219
2015-09-28,80.06758880615234
2015-09-29,80.05853271484375
2015-09-30,80.24871826171875
2015-10-01,80.20346069335938
2015-10-02,81.30830383300781
2015-10-05,82.8841323852539
2015-10-06,81.77020263671875
2015-10-07,82.55811309814453
2015-10-08,83.25544738769531
2015-10-09,82.67582702636719
2015-10-12,82.66678619384766
2015-10-13,82.2139663696289
2015-10-14,81.5528335571289
2015-10-15,82.6396255493164
2015-10-16,82.9747085571289
2015-10-19,82.07810974121094
2015-10-20,82.92037200927734
2015-10-21,82.70301818847656
2015-10-22,83.69017028808594
2015-10-23,83.76256561279297
2015-10-26,83.97089385986328
2015-10-27,84.0252456665039
2015-10-28,85.8455810546875
2015-10-29,86.15445709228516
2015-10-30,84.77355194091797
2015-11-02,86.03636169433594
2015-11-03,85.96366882324219
2015-11-04,85.8183364868164
2015-11-05,86.12720489501953
2015-11-06,85.00975036621094
2015-11-09,83.97402954101562
2015-11-10,84.47370910644531
2015-11-11,85.30048370361328
2015-11-12,84.3101806640625
2015-11-13,84.58273315429688
2015-11-16,85.73652648925781
2015-11-17,85.10060119628906
2015-11-18,86.3179931640625
2015-11-19,85.23686218261719
2015-11-20,86.1817398071289
2015-11-23,86.05455017089844
2015-11-24,86.081787109375
2015-11-25,85.86373138427734
2015-11-27,85.99092102050781
2015-11-30,86.07270812988281
2015-12-01,86.94488525390625
2015-12-02,85.88188934326172
2015-12-03,85.10966491699219
2015-12-04,87.8079605102539
2015-12-07,87.8897476196289
2015-12-08,86.3997573852539
2015-12-09,85.60939025878906
2015-12-10,85.24596405029297
2015-12-11,84.76445007324219
2015-12-14,85.47309112548828
2015-12-15,87.84428405761719
2015-12-16,88.05326080322266
2015-12-17,84.73717498779297
2015-12-18,82.665771484375
2015-12-21,82.49315643310547
2015-12-22,82.73843383789062
2015-12-23,83.36534118652344
2015-12-24,83.62876892089844
2015-12-28,83.5833511352539
2015-12-29,85.25504302978516
2015-12-30,84.98249816894531
2015-12-31,83.77415466308594
2016-01-04,82.41140747070312
2016-01-05,82.91106414794922
2016-01-06,81.6573257446289
2016-01-07,80.4671630859375
2016-01-08,79.0589828491211
2016-01-11,78.5047836303711
2016-01-12,79.17708587646484
2016-01-13,78.050537109375
2016-01-14,79.39511108398438
2016-01-15,78.21404266357422
2016-01-19,78.11412811279297
2016-01-20,77.16925048828125
2016-01-21,76.87850952148438
2016-01-22,78.5047836303711
2016-01-25,77.89604949951172
2016-01-26,78.15953826904297
2016-01-27,78.050537109375
2016-01-28,78.48812103271484
2016-01-29,80.0744857788086
2016-02-01,79.84657287597656
2016-02-02,78.58841705322266
2016-02-03,79.992431640625
2016-02-04,81.09556579589844
2016-02-05,84.6694564819336
2016-02-08,84.76972961425781
2016-02-09,84.67854309082031
2016-02-10,84.63298034667969
2016-02-11,84.50534057617188
2016-02-12,85.51731872558594
2016-02-16,85.83641815185547
2016-02-17,86.61138153076172
2016-02-18,86.2193374633789
2016-02-19,85.3167724609375
2016-02-22,85.4899673461914
2016-02-23,85.76348876953125
2016-02-24,86.30139923095703
2016-02-25,86.89398193359375
2016-02-26,87.30422973632812
2016-02-29,86.875732421875
2016-03-01,87.47748565673828
2016-03-02,88.79032897949219
2016-03-03,89.54702758789062
2016-03-04,90.19432830810547
2016-03-07,90.38579559326172
2016-03-08,89.74762725830078
2016-03-09,90.0029067993164
2016-03-10,89.85700988769531
2016-03-11,91.60749053955078
2016-03-14,90.9601821899414
2016-03-15,91.06956481933594
2016-03-16,90.97842407226562
2016-03-17,92.99324035644531
2016-03-18,92.51006317138672
2016-03-21,92.61942291259766
2016-03-22,92.50093078613281
2016-03-23,91.63482666015625
2016-03-24,92.2000732421875
2016-03-28,93.12090301513672
2016-03-29,93.85025024414062
2016-03-30,94.78016662597656
2016-03-31,95.2269287109375
2016-04-01,95.60983276367188
2016-04-04,95.59160614013672
2016-04-05,92.91120147705078
2016-04-06,93.08441925048828
2016-04-07,92.1089096069336
2016-04-08,92.36416625976562
2016-04-11,92.51006317138672
2016-04-12,93.45822143554688
2016-04-13,94.58873748779297
2016-04-14,94.72547149658203
2016-04-15,95.09014892578125
2016-04-18,96.33004760742188
2016-04-19,95.9015884399414
2016-04-20,95.20866394042969
2016-04-21,94.07817077636719
2016-04-22,94.1146469116211
2016-04-25,94.3152084350586
2016-04-26,95.4822006225586
2016-04-27,95.09927368164062
2016-04-28,94.34931182861328
2016-04-29,96.14191436767578
2016-05-02,97.51378631591797
2016-05-03,96.73638153076172
2016-05-04,96.91931915283203
2016-05-05,96.40715026855469
2016-05-06,95.8309555053711
2016-05-09,95.76693725585938
2016-05-10,97.05651092529297
2016-05-11,96.49858856201172
2016-05-12,96.69066619873047
2016-05-13,96.77296447753906
2016-05-16,97.11137390136719
2016-05-17,96.69066619873047
2016-05-18,96.38882446289062
2016-05-19,95.8309555053711
2016-05-20,96.38882446289062
2016-05-23,96.15108489990234
2016-05-24,97.79730987548828
2016-05-25,97.60527801513672
2016-05-26,97.84304809570312
2016-05-27,99.35213470458984
2016-05-31,99.93746185302734
2016-06-01,100.00147247314453
2016-06-02,100.08380889892578
2016-06-03,99.43443298339844
2016-06-06,100.05635070800781
2016-06-07,100.16609191894531
2016-06-08,100.394775390625
2016-06-09,100.47705841064453
2016-06-10,100.02892303466797
2016-06-13,98.80337524414062
2016-06-14,98.30033874511719
2016-06-15,97.47722625732422
2016-06-16,97.85218048095703
2016-06-17,97.73331451416016
2016-06-20,98.20886993408203
2016-06-21,98.593017578125
2016-06-22,98.52897644042969
2016-06-23,99.59909057617188
2016-06-24,95.126708984375
2016-06-27,92.1908950805664
2016-06-28,95.04438781738281
2016-06-29,97.34003448486328
2016-06-30,99.90088653564453
2016-07-01,100.394775390625
2016-07-05,99.04117584228516
2016-07-06,98.8582534790039
2016-07-07,99.64481353759766
2016-07-08,100.21185302734375
2016-07-11,100.76057434082031
2016-07-12,101.11729431152344
2016-07-13,100.8428955078125
2016-07-14,101.10816192626953
2016-07-15,101.37337493896484
2016-07-18,101.08069610595703
2016-07-19,100.35816955566406
2016-07-20,100.58683776855469
2016-07-21,99.94661712646484
2016-07-22,101.11729431152344
2016-07-25,100.89778137207031
2016-07-26,101.5379867553711
2016-07-27,101.04412078857422
2016-07-28,101.23675537109375
2016-07-29,98.21874237060547
2016-08-01,99.36539459228516
2016-08-02,99.44796752929688
2016-08-03,100.64047241210938
2016-08-04,100.86064147949219
2016-08-05,101.5027847290039
2016-08-08,101.30096435546875
2016-08-09,101.12667846679688
2016-08-10,100.69554901123047
2016-08-11,100.81481170654297
2016-08-12,100.54875946044922
2016-08-15,100.49372863769531
2016-08-16,100.14513397216797
2016-08-17,100.42033386230469
2016-08-18,100.3836441040039
2016-08-19,99.5855484008789
2016-08-22,100.34695434570312
2016-08-23,100.3927993774414
2016-08-24,100.42948150634766
2016-08-25,101.00745391845703
2016-08-26,100.93404388427734
2016-08-29,102.22747802734375
2016-08-30,101.9981460571289
2016-08-31,102.14492797851562
2016-09-01,102.14492797851562
2016-09-02,102.83290100097656
2016-09-06,102.933837890625
2016-09-07,102.98886108398438
2016-09-08,102.37425994873047
2016-09-09,99.92498779296875
2016-09-12,101.92474365234375
2016-09-13,100.51207733154297
2016-09-14,99.9708251953125
2016-09-15,101.19091033935547
2016-09-16,100.35611724853516
2016-09-19,100.88818359375
2016-09-20,101.19091033935547
2016-09-21,102.84210968017578
2016-09-22,103.9887466430664
2016-09-23,102.87881469726562
2016-09-26,102.39260864257812
2016-09-27,103.10810089111328
2016-09-28,102.99803924560547
2016-09-29,101.7504653930664
2016-09-30,103.19068145751953
2016-10-03,102.7503662109375
2016-10-04,102.1724624633789
2016-10-05,102.5118408203125
2016-10-06,103.8236312866211
2016-10-07,103.1998519897461
2016-10-10,102.71367645263672
2016-10-11,100.76891326904297
2016-10-12,101.54865264892578
2016-10-13,101.08079528808594
2016-10-14,101.53948974609375
2016-10-17,100.87898254394531
2016-10-18,101.44776153564453
2016-10-19,101.54865264892578
2016-10-20,100.92485046386719
2016-10-21,100.49372863769531
2016-10-24,100.93404388427734
2016-10-25,98.87922668457031
2016-10-26,99.24616241455078
2016-10-27,99.45713806152344
2016-10-28,102.4107437133789
2016-10-31,101.97830200195312
2016-11-01,100.11962890625
2016-11-02,98.95106506347656
2016-11-03,99.81600952148438
2016-11-04,99.18109893798828
2016-11-07,102.49356079101562
2016-11-08,103.19288635253906
2016-11-09,102.07032775878906
2016-11-10,103.73577880859375
2016-11-11,101.66543579101562
2016-11-14,101.38941955566406
2016-11-15,101.33419799804688
2016-11-16,101.18695831298828
2016-11-17,102.53038024902344
2016-11-18,103.01802825927734
2016-11-21,103.9013671875
2016-11-22,104.30622100830078
2016-11-23,104.44426727294922
2016-11-25,104.72029876708984
2016-11-28,103.77254486083984
2016-11-29,104.57308959960938
2016-11-30,104.98712921142578
2016-12-01,103.10086822509766
2016-12-02,102.70521545410156
2016-12-05,103.39530944824219
2016-12-06,104.16822814941406
2016-12-07,106.68940734863281
2016-12-08,103.8737564086914
2016-12-09,104.00260162353516
2016-12-12,103.73577880859375
2016-12-13,103.57013702392578
2016-12-14,102.82482147216797
2016-12-15,103.41370391845703
2016-12-16,103.13765716552734
2016-12-19,103.35850524902344
2016-12-20,102.89844512939453
2016-12-21,103.28489685058594
2016-12-22,103.49650573730469
2016-12-23,103.8737564086914
2016-12-27,103.51490020751953
2016-12-28,102.79723358154297
2016-12-29,102.52117156982422
2016-12-30,102.62240600585938
2017-01-03,103.12847137451172
2017-01-04,104.26025390625
2017-01-05,104.41666412353516
2017-01-06,105.21714782714844
2017-01-09,104.34305572509766
2017-01-10,103.6345443725586
2017-01-11,103.67133331298828
2017-01-12,103.67133331298828
2017-01-13,104.2418441772461
2017-01-17,104.54545593261719
2017-01-18,104.94114685058594
2017-01-19,103.31248474121094
2017-01-20,103.11927032470703
2017-01-23,102.77882385253906
2017-01-24,103.24809265136719
2017-01-25,103.82776641845703
2017-01-26,103.92901611328125
2017-01-27,104.3338623046875
2017-01-30,103.42025756835938
2017-01-31,104.00161743164062
2017-02-01,102.5896987915039
2017-02-02,103.79859924316406
2017-02-03,105.25664520263672
2017-02-06,105.27513885498047
2017-02-07,105.4319839477539
2017-02-08,105.53351593017578
2017-02-09,106.2809829711914
2017-02-10,106.66856384277344
2017-02-13,106.92695617675781
2017-02-14,106.90850067138672
2017-02-15,107.563720703125
2017-02-16,108.2281265258789
2017-02-17,108.45883178710938
2017-02-21,106.6501235961914
2017-02-22,106.67777252197266
2017-02-23,107.22225952148438
2017-02-24,107.563720703125
2017-02-27,107.38838195800781
2017-02-28,106.72396087646484
2017-03-01,108.44041442871094
2017-03-02,107.4714126586914
2017-03-03,107.4898910522461
2017-03-06,106.77931213378906
2017-03-07,106.62242889404297
2017-03-08,106.69625091552734
2017-03-09,107.3514633178711
2017-03-10,108.76338195800781
2017-03-13,109.76002502441406
2017-03-14,109.2801513671875
2017-03-15,109.83382415771484
2017-03-16,110.03683471679688
2017-03-17,109.73234558105469
2017-03-20,109.05866241455078
2017-03-21,108.4957275390625
2017-03-22,108.62494659423828
2017-03-23,108.41268157958984
2017-03-24,108.46807861328125
2017-03-27,109.0678939819336
2017-03-28,109.70462036132812
2017-03-29,108.67108917236328
2017-03-30,109.33553314208984
2017-03-31,109.529296875
2017-04-03,109.19709777832031
2017-04-04,109.72310638427734
2017-04-05,110.02763366699219
2017-04-06,110.17526245117188
2017-04-07,110.40599822998047
2017-04-10,110.51673126220703
2017-04-11,110.48904418945312
2017-04-12,109.51082611083984
2017-04-13,108.98481750488281
2017-04-17,109.86150360107422
2017-04-18,109.68619537353516
2017-04-19,109.92610168457031
2017-04-20,111.25497436523438
2017-04-21,109.28936767578125
2017-04-24,109.852294921875
2017-04-25,110.80278015136719
2017-04-26,110.80278015136719
2017-04-27,111.2007827758789
2017-04-28,110.92310333251953
2017-05-01,111.3396224975586
2017-05-02,110.99717712402344
2017-05-03,111.38591766357422
2017-05-04,112.18193817138672
2017-05-05,113.17232513427734
2017-05-08,113.67214965820312
2017-05-09,115.05125427246094
2017-05-10,114.85687255859375
2017-05-11,115.05125427246094
2017-05-12,114.9957046508789
2017-05-15,116.40264129638672
2017-05-16,116.60626983642578
2017-05-17,116.60626983642578
2017-05-18,117.26344299316406
2017-05-19,117.80953216552734
2017-05-22,118.81842803955078
2017-05-23,118.99430084228516
2017-05-24,119.57743072509766
2017-05-25,120.6233139038086
2017-05-26,120.33638763427734
2017-05-30,120.98434448242188
2017-05-31,121.1694564819336
2017-06-01,121.84513092041016
2017-06-02,121.62295532226562
2017-06-05,121.25276947021484
2017-06-06,120.75291442871094
2017-06-07,121.63221740722656
2017-06-08,121.90991973876953
2017-06-09,122.77069091796875
2017-06-12,123.13169860839844
2017-06-13,124.08503723144531
2017-06-14,124.96436309814453
2017-06-15,125.55675506591797
2017-06-16,126.30648040771484
2017-06-19,126.62114715576172
2017-06-20,126.01954650878906
2017-06-21,125.23279571533203
2017-06-22,124.26092529296875
2017-06-23,122.54861450195312
2017-06-26,123.13169860839844
2017-06-27,122.71516418457031
2017-06-28,124.01097869873047
2017-06-29,122.95582580566406
2017-06-30,123.0576400756836
2017-07-03,123.25200653076172
2017-07-05,123.076171875
2017-07-06,123.46492767333984
2017-07-07,124.96436309814453
2017-07-10,125.23279571533203
2017-07-11,124.06656646728516
2017-07-12,124.64042663574219
2017-07-13,125.5382080078125
2017-07-14,126.0843734741211
2017-07-17,126.658203125
2017-07-18,127.18578338623047
2017-07-19,127.79666900634766
2017-07-20,128.50941467285156
2017-07-21,128.78709411621094
2017-07-24,129.24061584472656
2017-07-25,129.5830841064453
2017-07-26,128.61122131347656
2017-07-27,125.79740905761719
2017-07-28,128.6929473876953
2017-07-31,128.22889709472656
2017-08-01,129.54673767089844
2017-08-02,129.21266174316406
2017-08-03,128.97132873535156
2017-08-04,128.95278930664062
2017-08-07,128.7857666015625
2017-08-08,128.60940551757812
2017-08-09,130.1035614013672
2017-08-10,128.85997009277344
2017-08-11,128.43309020996094
2017-08-14,129.6117401123047
2017-08-15,129.25901794433594
2017-08-16,129.29620361328125
2017-08-17,126.86469268798828
2017-08-18,126.69763946533203
2017-08-21,128.22889709472656
2017-08-22,129.5281982421875
2017-08-23,128.27528381347656
2017-08-24,127.86695098876953
2017-08-25,128.1175537109375
2017-08-28,128.42381286621094
2017-08-29,127.97832489013672
2017-08-30,128.2103271484375
2017-08-31,129.147705078125
2017-09-01,128.8692626953125
2017-09-05,130.25201416015625
2017-09-06,130.1407012939453
2017-09-07,128.63726806640625
2017-09-08,132.37725830078125
2017-09-11,132.39581298828125
2017-09-12,132.6093292236328
2017-09-13,132.70211791992188
2017-09-14,131.91329956054688
2017-09-15,132.99911499023438
2017-09-18,133.6859130859375
2017-09-19,134.04783630371094
2017-09-20,135.4769744873047
2017-09-21,134.5117950439453
2017-09-22,135.51409912109375
2017-09-25,134.77166748046875
2017-09-26,135.75543212890625
2017-09-27,135.8945770263672
2017-09-28,136.37716674804688
2017-09-29,135.58837890625
2017-10-02,136.6927490234375
2017-10-03,136.7113037109375
2017-10-04,136.09877014160156
2017-10-05,136.0895233154297
2017-10-06,136.27511596679688
2017-10-09,136.7484588623047
2017-10-10,137.00831604003906
2017-10-11,137.13827514648438
2017-10-12,138.50242614746094
2017-10-13,138.63235473632812
2017-10-16,139.16136169433594
2017-10-17,138.46533203125
2017-10-18,138.8366241455078
2017-10-19,139.96884155273438
2017-10-20,140.63697814941406
2017-10-23,141.0081787109375
2017-10-24,141.41653442382812
2017-10-25,140.739013671875
2017-10-26,140.3306884765625
2017-10-27,135.66262817382812
2017-10-30,133.12899780273438
2017-10-31,133.4453582763672
2017-11-01,132.8963623046875
2017-11-02,129.28656005859375
2017-11-03,128.98878479003906
2017-11-06,130.42164611816406
2017-11-07,130.44955444335938
2017-11-08,131.0635528564453
2017-11-09,133.4733123779297
2017-11-10,133.27789306640625
2017-11-13,132.01255798339844
2017-11-14,133.5476837158203
2017-11-15,132.8871612548828
2017-11-16,131.4449920654297
2017-11-17,131.3519744873047
2017-11-20,132.1614227294922
2017-11-21,131.5938720703125
2017-11-22,129.5470428466797
2017-11-24,128.9794921875
2017-11-27,128.50498962402344
2017-11-28,130.19830322265625
2017-11-29,130.69143676757812
2017-11-30,130.4587860107422
2017-12-01,132.33816528320312
2017-12-04,129.94708251953125
2017-12-05,129.5470428466797
2017-12-06,129.42604064941406
2017-12-07,128.8213348388672
2017-12-08,128.8492431640625
2017-12-11,128.67247009277344
2017-12-12,128.85855102539062
2017-12-13,127.0535888671875
2017-12-14,127.0722427368164
2017-12-15,128.75619506835938
2017-12-18,127.63973236083984
2017-12-19,127.34202575683594
2017-12-20,126.89541625976562
2017-12-21,125.91852569580078
2017-12-22,124.06705474853516
2017-12-26,124.02056121826172
2017-12-27,124.59738159179688
2017-12-28,125.15560913085938
2017-12-29,124.67179870605469
2018-01-02,122.3365478515625
2018-01-03,124.29033660888672
2018-01-04,125.99290466308594
2018-01-05,127.0628890991211
2018-01-08,127.0722427368164
2018-01-09,127.3885498046875
2018-01-10,127.14668273925781
2018-01-11,125.85342407226562
2018-01-12,127.04426574707031
2018-01-16,125.17422485351562
2018-01-17,126.99777221679688
2018-01-18,125.67665100097656
2018-01-19,125.76968383789062
2018-01-22,126.51394653320312
2018-01-23,127.85371398925781
2018-01-24,129.16558837890625
2018-01-25,129.83544921875
2018-01-26,133.48255920410156
2018-01-29,132.4312744140625
2018-01-30,131.8822784423828
2018-01-31,132.60986328125
2018-02-01,134.76454162597656
2018-02-02,133.93435668945312
2018-02-05,130.90292358398438
2018-02-06,130.5111541748047
2018-02-07,131.09878540039062
2018-02-08,126.90139770507812
2018-02-09,128.63632202148438
2018-02-12,130.54847717285156
2018-02-13,129.86753845214844
2018-02-14,130.5578155517578
2018-02-15,131.41590881347656
2018-02-16,131.38792419433594
2018-02-20,131.25732421875
2018-02-21,129.99813842773438
2018-02-22,129.7649383544922
2018-02-23,132.3673553466797
2018-02-26,133.66390991210938
2018-02-27,132.88035583496094
2018-02-28,130.88424682617188
2018-03-01,128.20724487304688
2018-03-02,129.1773223876953
2018-03-05,131.87295532226562
2018-03-06,132.60986328125
2018-03-07,132.90834045410156
2018-03-08,134.53135681152344
2018-03-09,138.0758514404297
2018-03-12,136.47146606445312
2018-03-13,136.1449737548828
2018-03-14,134.52200317382812
2018-03-15,135.22157287597656
2018-03-16,136.1543426513672
2018-03-19,135.24954223632812
2018-03-20,135.51072692871094
2018-03-21,133.76646423339844
2018-03-22,129.94215393066406
2018-03-23,127.94602966308594
2018-03-26,131.3319854736328
2018-03-27,129.48516845703125
2018-03-28,130.08204650878906
2018-03-29,130.89358520507812
2018-04-02,128.89752197265625
2018-04-03,129.41050720214844
2018-04-04,130.7070770263672
2018-04-05,130.7443084716797
2018-04-06,128.90679931640625
2018-04-09,129.66233825683594
2018-04-10,130.73504638671875
2018-04-11,130.62307739257812
2018-04-12,132.07821655273438
2018-04-13,132.469970703125
2018-04-16,134.11158752441406
2018-04-17,134.39137268066406
2018-04-18,134.5033416748047
2018-04-19,135.0816650390625
2018-04-20,134.35409545898438
2018-04-23,134.11158752441406
2018-04-24,132.75912475585938
2018-04-25,132.42333984375
2018-04-26,133.8504180908203
2018-04-27,134.53135681152344
2018-04-30,133.25927734375
2018-05-01,133.6240234375
2018-05-02,130.75254821777344
2018-05-03,130.94894409179688
2018-05-04,130.4718780517578
2018-05-07,131.29502868652344
2018-05-08,131.8001251220703
2018-05-09,132.15553283691406
2018-05-10,134.91482543945312
2018-05-11,134.7745361328125
2018-05-14,133.97012329101562
2018-05-15,131.66917419433594
2018-05-16,130.93960571289062
2018-05-17,131.8281707763672
2018-05-18,132.16490173339844
2018-05-21,132.89451599121094
2018-05-22,133.67083740234375
2018-05-23,132.95059204101562
2018-05-24,133.1844482421875
2018-05-25,133.02537536621094
2018-05-29,129.41494750976562
2018-05-30,131.16409301757812
2018-05-31,130.82733154296875
2018-06-01,131.0238494873047
2018-06-04,132.23973083496094
2018-06-05,131.62237548828125
2018-06-06,132.4735870361328
2018-06-07,132.85704040527344
2018-06-08,133.7269287109375
2018-06-11,133.41824340820312
2018-06-12,132.69802856445312
2018-06-13,132.1368408203125
2018-06-14,131.1453857421875
2018-06-15,130.50929260253906
2018-06-18,131.19215393066406
2018-06-19,130.66836547851562
2018-06-20,128.70408630371094
2018-06-21,127.72198486328125
2018-06-22,128.27386474609375
2018-06-25,128.79762268066406
2018-06-26,128.84439086914062
2018-06-27,126.2628402709961
2018-06-28,127.37586212158203
2018-06-29,128.30191040039062
2018-07-02,128.37672424316406
2018-07-03,128.2177276611328
2018-07-05,129.28399658203125
2018-07-06,130.59347534179688
2018-07-09,133.3153839111328
2018-07-10,133.5865936279297
2018-07-11,133.27796936035156
2018-07-12,134.5780792236328
2018-07-13,134.87738037109375
2018-07-16,135.8220977783203
2018-07-17,136.20562744140625
2018-07-18,137.81439208984375
2018-07-19,136.70138549804688
2018-07-20,136.71070861816406
2018-07-23,137.6741485595703
2018-07-24,137.68344116210938
2018-07-25,138.1605224609375
2018-07-26,138.60946655273438
2018-07-27,135.15802001953125
2018-07-30,134.11976623535156
2018-07-31,134.64500427246094
2018-08-01,133.4913787841797
2018-08-02,132.62843322753906
2018-08-03,134.24171447753906
2018-08-06,134.8607940673828
2018-08-07,134.52310180664062
2018-08-08,134.48558044433594
2018-08-09,134.485595703125
2018-08-10,133.3380889892578
2018-08-13,132.1341094970703
2018-08-14,132.48211669921875
2018-08-15,132.73611450195312
2018-08-16,134.33505249023438
2018-08-17,134.92764282226562
2018-08-20,134.5137481689453
2018-08-21,135.7836151123047
2018-08-22,134.6360626220703
2018-08-23,134.6549072265625
2018-08-24,136.7994384765625
2018-08-27,136.6959991455078
2018-08-28,136.4325714111328
2018-08-29,137.4578399658203
2018-08-30,135.80239868164062
2018-08-31,136.9123077392578
2018-09-04,138.14447021484375
2018-09-05,138.95335388183594
2018-09-06,141.4929962158203
2018-09-07,141.10733032226562
2018-09-10,140.84400939941406
2018-09-11,142.04798889160156
2018-09-12,142.1043701171875
2018-09-13,142.41477966308594
2018-09-14,142.94151306152344
2018-09-17,143.11082458496094
2018-09-18,143.79742431640625
2018-09-19,146.01719665527344
2018-09-20,145.94200134277344
2018-09-21,147.17416381835938
2018-09-24,145.94200134277344
2018-09-25,146.55335998535156
2018-09-26,145.452880859375
2018-09-27,146.4310760498047
2018-09-28,144.6439971923828
2018-10-01,145.65037536621094
2018-10-02,146.9672393798828
2018-10-03,147.56918334960938
2018-10-04,148.0677032470703
2018-10-05,146.28060913085938
2018-10-08,146.92959594726562
2018-10-09,147.78555297851562
2018-10-10,142.1608123779297
2018-10-11,139.41429138183594
2018-10-12,139.05686950683594
2018-10-15,138.43605041503906
2018-10-16,140.9474639892578
2018-10-17,141.5211944580078
2018-10-18,140.62765502929688
2018-10-19,142.12319946289062
2018-10-22,142.44296264648438
2018-10-23,140.62765502929688
2018-10-24,137.6083221435547
2018-10-25,141.0697479248047
2018-10-26,143.26129150390625
2018-10-29,145.97021484375
2018-10-30,149.27166748046875
2018-10-31,147.2725830078125
2018-11-01,146.81996154785156
2018-11-02,147.2725830078125
2018-11-05,149.15850830078125
2018-11-06,150.48806762695312
2018-11-07,153.75079345703125
2018-11-08,155.4292449951172
2018-11-09,155.15577697753906
2018-11-12,153.59986877441406
2018-11-13,153.98651123046875
2018-11-14,152.77952575683594
2018-11-15,153.7602081298828
2018-11-16,154.6937713623047
2018-11-19,156.13648986816406
2018-11-20,152.449462890625
2018-11-21,151.88368225097656
2018-11-23,152.0533905029297
2018-11-26,152.77011108398438
2018-11-27,152.2703094482422
2018-11-28,154.63714599609375
2018-11-29,154.34483337402344
2018-11-30,155.69329833984375
2018-12-03,155.56129455566406
2018-12-04,153.4396209716797
2018-12-06,151.40277099609375
2018-12-07,149.67715454101562
2018-12-10,148.7342071533203
2018-12-11,146.8670654296875
2018-12-12,146.53707885742188
2018-12-13,147.19715881347656
2018-12-14,145.0565948486328
2018-12-17,141.79396057128906
2018-12-18,141.73736572265625
2018-12-19,139.85145568847656
2018-12-20,137.45631408691406
2018-12-21,133.194091796875
2018-12-24,129.60137939453125
2018-12-26,132.28883361816406
2018-12-27,134.96688842773438
2018-12-28,135.50437927246094
2018-12-31,137.06964111328125
2019-01-02,135.824951171875
2019-01-03,133.78814697265625
2019-01-04,136.305908203125
2019-01-07,136.0041046142578
2019-01-08,136.65476989746094
2019-01-09,136.852783203125
2019-01-10,139.21022033691406
2019-01-11,138.8518524169922
2019-01-14,139.1913299560547
2019-01-15,141.1432647705078
2019-01-16,142.3785858154297
2019-01-17,143.80247497558594
2019-01-18,145.60354614257812
2019-01-22,144.9340362548828
2019-01-23,145.27346801757812
2019-01-24,145.13206481933594
2019-01-25,145.58462524414062
2019-01-28,144.9057159423828
2019-01-29,143.7081298828125
2019-01-30,145.6884002685547
2019-01-31,147.70211791992188
2019-02-01,158.31912231445312
2019-02-04,157.69517517089844
2019-02-05,159.53871154785156
2019-02-06,159.16055297851562
2019-02-07,157.77078247070312
2019-02-08,158.99037170410156
2019-02-11,161.43894958496094
2019-02-12,161.9306182861328
2019-02-13,163.5189208984375
2019-02-14,160.3612060546875
2019-02-15,162.58294677734375
2019-02-19,163.23533630371094
2019-02-20,163.3675994873047
2019-02-21,162.989501953125
2019-02-22,162.66802978515625
2019-02-25,161.82659912109375
2019-02-26,161.99681091308594
2019-02-27,161.84556579589844
2019-02-28,162.16697692871094
2019-03-01,162.28042602539062
2019-03-04,161.3160858154297
2019-03-05,148.66644287109375
2019-03-06,155.0479736328125
2019-03-07,153.6771697998047
2019-03-08,153.1949920654297
2019-03-11,155.71926879882812
2019-03-12,157.3926239013672
2019-03-13,157.9693145751953
2019-03-14,159.3779754638672
2019-03-15,160.72042846679688
2019-03-18,159.9641571044922
2019-03-19,158.79183959960938
2019-03-20,156.66464233398438
2019-03-21,159.01870727539062
2019-03-22,157.23193359375
2019-03-25,157.5438995361328
2019-03-26,158.60275268554688
2019-03-27,158.8107452392578
2019-03-28,159.93577575683594
2019-03-29,161.38226318359375
2019-04-01,163.9727020263672
2019-04-02,163.68905639648438
2019-04-03,163.31094360351562
2019-04-04,163.12185668945312
2019-04-05,163.1691131591797
2019-04-08,163.35821533203125
2019-04-09,162.6112823486328
2019-04-10,163.4054718017578
2019-04-11,164.3981170654297
2019-04-12,166.50643920898438
2019-04-15,166.35513305664062
2019-04-16,167.272216796875
2019-04-17,165.79734802246094
2019-04-18,165.6082763671875
2019-04-22,165.34356689453125
2019-04-23,168.64305114746094
2019-04-24,168.55796813964844
2019-04-25,169.805908203125
2019-04-26,170.33534240722656
2019-04-29,168.82275390625
2019-04-30,170.7276611328125
2019-05-01,166.53860473632812
2019-05-02,167.25892639160156
2019-05-03,169.4102783203125
2019-05-06,170.29171752929688
2019-05-07,167.55270385742188
2019-05-08,168.1497802734375
2019-05-09,167.28732299804688
2019-05-10,169.7420196533203
2019-05-13,167.02195739746094
2019-05-14,168.74688720703125
2019-05-15,169.5334930419922
2019-05-16,172.20614624023438
2019-05-17,171.1067352294922
2019-05-20,169.2018280029297
2019-05-21,170.92669677734375
2019-05-22,171.50485229492188
2019-05-23,168.93641662597656
2019-05-24,168.50038146972656
2019-05-28,169.94102478027344
2019-05-29,169.76095581054688
2019-05-30,172.26300048828125
2019-05-31,170.66131591796875
2019-06-03,172.5852813720703
2019-06-04,173.2581329345703
2019-06-05,177.6652069091797
2019-06-06,177.93057250976562
2019-06-07,180.29995727539062
2019-06-10,180.8970489501953
2019-06-11,179.55120849609375
2019-06-12,179.34268188476562
2019-06-13,179.76919555664062
2019-06-14,180.79275512695312
2019-06-17,178.94461059570312
2019-06-18,180.19566345214844
2019-06-19,181.96792602539062
2019-06-20,183.40858459472656
2019-06-21,181.98695373535156
2019-06-24,183.40858459472656
2019-06-25,183.15264892578125
2019-06-26,179.96820068359375
2019-06-27,182.50819396972656
2019-06-28,182.89674377441406
2019-07-01,184.9438934326172
2019-07-02,185.692626953125
2019-07-03,188.10939025878906
2019-07-05,187.2564239501953
2019-07-08,186.20443725585938
2019-07-09,186.2801971435547
2019-07-10,187.48387145996094
2019-07-11,186.36549377441406
2019-07-12,187.1521759033203
2019-07-15,187.20907592773438
2019-07-16,186.7825469970703
2019-07-17,184.58375549316406
2019-07-18,186.74465942382812
2019-07-19,184.72593688964844
2019-07-22,184.00567626953125
2019-07-23,184.52691650390625
2019-07-24,185.65469360351562
2019-07-25,186.56455993652344
2019-07-26,184.3942108154297
2019-07-29,185.55992126464844
2019-07-30,183.07681274414062
2019-07-31,179.77113342285156
2019-08-01,180.45509338378906
2019-08-02,181.4715118408203
2019-08-05,174.0716552734375
2019-08-06,178.00430297851562
2019-08-07,177.035400390625
2019-08-08,180.1986083984375
2019-08-09,179.94207763671875
2019-08-12,176.92144775390625
2019-08-13,181.4145050048828
2019-08-14,177.78585815429688
2019-08-15,179.7046661376953
2019-08-16,181.91793823242188
2019-08-19,184.56820678710938
2019-08-20,181.74696350097656
2019-08-21,183.4948272705078
2019-08-22,184.39723205566406
2019-08-23,179.6476593017578
2019-08-26,181.92747497558594
2019-08-27,181.56649780273438
2019-08-28,181.0060577392578
2019-08-29,182.5638885498047
2019-08-30,185.09068298339844
2019-09-03,182.96282958984375
2019-09-04,185.6131134033203
2019-09-05,185.80316162109375
2019-09-06,185.49913024902344
2019-09-09,183.74176025390625
2019-09-10,177.90933227539062
2019-09-11,178.9447021484375
2019-09-12,180.2555694580078
2019-09-13,181.3195037841797
2019-09-16,181.5474853515625
2019-09-17,184.7771759033203
2019-09-18,184.38775634765625
2019-09-19,184.49220275878906
2019-09-20,183.33334350585938
2019-09-23,183.1053466796875
2019-09-24,182.95338439941406
2019-09-25,184.67274475097656
2019-09-26,184.97666931152344
2019-09-27,183.77976989746094
2019-09-30,183.87481689453125
2019-10-01,180.21762084960938
2019-10-02,176.68389892578125
2019-10-03,177.86181640625
2019-10-04,182.38339233398438
2019-10-07,180.8920135498047
2019-10-08,176.40847778320312
2019-10-09,177.29185485839844
2019-10-10,179.42918395996094
2019-10-11,181.5285186767578
2019-10-14,181.699462890625
2019-10-15,182.65890502929688
2019-10-16,183.26681518554688
2019-10-17,183.7608184814453
2019-10-18,183.24783325195312
2019-10-21,185.26165771484375
2019-10-22,183.73226928710938
2019-10-23,181.8514862060547
2019-10-24,181.7564697265625
2019-10-25,179.201171875
2019-10-28,178.38426208496094
2019-10-29,179.1251983642578
2019-10-30,184.90065002441406
2019-10-31,183.9010009765625
2019-11-01,186.4620819091797
2019-11-04,185.31961059570312
2019-11-05,183.87242126464844
2019-11-06,185.4052734375
2019-11-07,185.08155822753906
2019-11-08,185.24343872070312
2019-11-11,185.06256103515625
2019-11-12,185.65280151367188
2019-11-13,187.0238037109375
2019-11-14,188.84226989746094
2019-11-15,189.18496704101562
2019-11-18,188.413818359375
2019-11-19,190.0513458251953
2019-11-20,191.86976623535156
2019-11-21,189.27066040039062
2019-11-22,190.0132293701172
2019-11-25,190.8701171875
2019-11-26,193.48829650878906
2019-11-27,194.4784393310547
2019-11-29,193.85006713867188
2019-12-02,191.9364471435547
2019-12-03,190.4036407470703
2019-12-04,192.51722717285156
2019-12-05,193.69776916503906
2019-12-06,196.1160430908203
2019-12-09,195.65902709960938
2019-12-10,195.3638916015625
2019-12-11,195.33531188964844
2019-12-12,196.01126098632812
2019-12-13,196.2683563232422
2019-12-16,197.0871124267578
2019-12-17,197.64886474609375
2019-12-18,196.15411376953125
2019-12-19,199.67669677734375
2019-12-20,199.8671417236328
2019-12-23,197.83926391601562
2019-12-24,197.7440185546875
2019-12-26,197.9820556640625
2019-12-27,197.56312561035156
2019-12-30,197.68690490722656
2019-12-31,198.30577087402344
2020-01-02,198.78175354003906
2020-01-03,198.00108337402344
2020-01-06,198.5723419189453
2020-01-07,196.88717651367188
2020-01-08,197.69642639160156
2020-01-09,199.0769500732422
2020-01-10,198.08676147460938
2020-01-13,199.0483856201172
2020-01-14,197.69642639160156
2020-01-15,199.01031494140625
2020-01-16,200.0765838623047
2020-01-17,201.6951141357422
2020-01-21,201.13340759277344
2020-01-22,201.75222778320312
2020-01-23,202.88519287109375
2020-01-24,203.18984985351562
2020-01-27,201.79031372070312
2020-01-28,206.17935180664062
2020-01-29,206.19839477539062
2020-01-30,209.10215759277344
2020-01-31,210.11338806152344
2020-02-03,214.67344665527344
2020-02-04,216.20928955078125
2020-02-05,217.79293823242188
2020-02-06,219.03309631347656
2020-02-07,219.5386962890625
2020-02-10,220.43545532226562
2020-02-11,220.57852172851562
2020-02-12,220.29234313964844
2020-02-13,223.78387451171875
2020-02-14,224.88099670410156
2020-02-18,224.44212341308594
2020-02-19,226.5027618408203
2020-02-20,223.54539489746094
2020-02-21,220.8551483154297
2020-02-24,213.0230255126953
2020-02-25,212.20265197753906
2020-02-26,212.2503204345703
2020-02-27,202.45297241210938
2020-02-28,198.4272003173828
2020-03-02,210.88612365722656
2020-03-03,204.9142303466797
2020-03-04,215.10267639160156
2020-03-05,206.8031005859375
2020-03-06,204.92379760742188
2020-03-09,170.695068359375
2020-03-10,174.67320251464844
2020-03-11,176.46665954589844
2020-03-12,165.5054473876953
2020-03-13,169.28321838378906
2020-03-16,162.681640625
2020-03-17,156.9005889892578
2020-03-18,148.74407958984375
2020-03-19,144.12681579589844
2020-03-20,142.66722106933594
2020-03-23,138.78456115722656
2020-03-24,158.39830017089844
2020-03-25,155.64129638671875
2020-03-26,158.073974609375
2020-03-27,157.80686950683594
2020-03-30,163.1586456298828
2020-03-31,157.4443359375
2020-04-01,146.60714721679688
2020-04-02,150.02236938476562
2020-04-03,147.04598999023438
2020-04-06,165.18109130859375
2020-04-07,167.82362365722656
2020-04-08,179.3095245361328
2020-04-09,183.2112579345703
2020-04-13,177.80223083496094
2020-04-14,185.10011291503906
2020-04-15,175.47447204589844
2020-04-16,177.6686553955078
2020-04-17,182.02828979492188
2020-04-20,177.14398193359375
2020-04-21,169.9796142578125
2020-04-22,173.23263549804688
2020-04-23,166.72654724121094
2020-04-24,167.4610595703125
2020-04-27,164.97119140625
2020-04-28,164.39883422851562
2020-04-29,162.75799560546875
2020-04-30,165.14907836914062
2020-05-01,170.44781494140625
2020-05-04,169.9408416748047
2020-05-05,174.96218872070312
2020-05-06,169.5200653076172
2020-05-07,176.77947998046875
2020-05-08,181.4946746826172
2020-05-11,183.64671325683594
2020-05-12,184.8040313720703
2020-05-13,181.94424438476562
2020-05-14,185.4830780029297
2020-05-15,183.321533203125
2020-05-18,188.26632690429688
2020-05-19,187.02297973632812
2020-05-20,186.76473999023438
2020-05-21,184.90924072265625
2020-05-22,183.60848999023438
2020-05-26,186.56387329101562
2020-05-27,189.22276306152344
2020-05-28,190.03578186035156
2020-05-29,188.37152099609375
2020-06-01,187.59683227539062
2020-06-02,186.3438720703125
2020-06-03,190.3035888671875
2020-06-04,189.3662567138672
2020-06-05,191.47998046875
2020-06-08,189.3853759765625
2020-06-09,185.82740783691406
2020-06-10,184.76576232910156
2020-06-11,172.7815399169922
2020-06-12,174.02490234375
2020-06-15,176.08123779296875
2020-06-16,178.0133056640625
2020-06-17,183.57020568847656
2020-06-18,182.671142578125
2020-06-19,178.65408325195312
2020-06-22,180.55738830566406
2020-06-23,180.7774200439453
2020-06-24,179.36181640625
2020-06-25,185.92303466796875
2020-06-26,181.743408203125
2020-06-29,180.0217742919922
2020-06-30,184.2110595703125
2020-07-01,182.81463623046875
2020-07-02,183.1111297607422
2020-07-06,184.30667114257812
2020-07-07,184.07711791992188
2020-07-08,187.02297973632812
2020-07-09,185.989990234375
2020-07-10,188.95497131347656
2020-07-13,188.4767608642578
2020-07-14,190.38009643554688
2020-07-15,192.23558044433594
2020-07-16,193.84243774414062
2020-07-17,194.789306640625
2020-07-20,195.01882934570312
2020-07-21,197.23777770996094
2020-07-22,198.80636596679688
2020-07-23,198.3376922607422
2020-07-24,198.14639282226562
2020-07-27,198.00291442871094
2020-07-28,196.7786865234375
2020-07-29,196.83609008789062
2020-07-30,198.39508056640625
2020-07-31,196.6985626220703
2020-08-03,191.91575622558594
2020-08-04,191.3502960205078
2020-08-05,190.28636169433594
2020-08-06,187.4875946044922
2020-08-07,187.32467651367188
2020-08-10,184.83265686035156
2020-08-11,185.5131378173828
2020-08-12,184.1521453857422
2020-08-13,186.58663940429688
2020-08-14,189.01162719726562
2020-08-17,188.55149841308594
2020-08-18,188.2639617919922
2020-08-19,189.36624145507812
2020-08-20,188.8294677734375
2020-08-21,185.59939575195312
2020-08-24,182.2734832763672
2020-08-25,184.38211059570312
2020-08-26,187.32467651367188
2020-08-27,191.29278564453125
2020-08-28,191.80076599121094
2020-08-31,191.68572998046875
2020-09-01,194.2353057861328
2020-09-02,201.0213165283203
2020-09-03,195.38546752929688
2020-09-04,194.32156372070312
2020-09-08,189.7783660888672
2020-09-09,195.17462158203125
2020-09-10,193.6602020263672
2020-09-11,193.17135620117188
2020-09-14,193.57395935058594
2020-09-15,193.61227416992188
2020-09-16,194.12030029296875
2020-09-17,193.29598999023438
2020-09-18,192.65380859375
2020-09-21,190.9285430908203
2020-09-22,191.66656494140625
2020-09-23,192.0883331298828
2020-09-24,187.5546875
2020-09-25,188.2064208984375
2020-09-28,194.98292541503906
2020-09-29,196.57395935058594
2020-09-30,197.7337646484375
2020-10-01,197.61868286132812
2020-10-02,196.98611450195312
2020-10-05,197.93499755859375
2020-10-06,197.1107177734375
2020-10-07,199.71778869628906
2020-10-08,199.4302520751953
2020-10-09,200.50372314453125
2020-10-12,205.61239624023438
2020-10-13,202.13311767578125
2020-10-14,201.36634826660156
2020-10-15,203.94467163085938
2020-10-16,204.04049682617188
2020-10-19,200.50372314453125
2020-10-20,197.79122924804688
2020-10-21,197.86793518066406
2020-10-22,198.85513305664062
2020-10-23,198.70176696777344
2020-10-26,193.77520751953125
2020-10-27,191.1969451904297
2020-10-28,186.61537170410156
2020-10-29,179.0434112548828
2020-10-30,176.8046417236328
2020-11-02,173.566650390625
2020-11-03,172.9132537841797
2020-11-04,176.29544067382812
2020-11-05,178.12106323242188
2020-11-06,182.8964080810547
2020-11-09,185.3561553955078
2020-11-10,192.24542236328125
2020-11-11,193.5329132080078
2020-11-12,192.13014221191406
2020-11-13,196.43466186523438
2020-11-16,199.8841094970703
2020-11-17,199.07699584960938
2020-11-18,195.39694213867188
2020-11-19,194.9741668701172
2020-11-20,190.89064025878906
2020-11-23,195.22401428222656
2020-11-24,199.78799438476562
2020-11-25,199.92251586914062
2020-11-27,198.4908905029297
2020-11-30,196.8670654296875
2020-12-01,202.43991088867188
2020-12-02,200.89303588867188
2020-12-03,201.94992065429688
2020-12-04,203.31431579589844
2020-12-07,199.08660888671875
2020-12-08,201.38302612304688
2020-12-09,198.94248962402344
2020-12-10,198.1641845703125
2020-12-11,196.11761474609375
2020-12-14,195.97344970703125
2020-12-15,199.8841094970703
2020-12-16,201.0178680419922
2020-12-17,203.02606201171875
2020-12-18,197.44358825683594
2020-12-21,200.96023559570312
2020-12-22,201.03713989257812
2020-12-23,199.75921630859375
2020-12-24,202.36309814453125
2020-12-28,198.7311248779297
2020-12-29,198.80795288085938
2020-12-30,198.6157989501953
2020-12-31,202.9972686767578
2021-01-04,196.54037475585938
2021-01-05,196.3001708984375
2021-01-06,198.68304443359375
2021-01-07,198.47166442871094
2021-01-08,197.18411254882812
2021-01-11,194.21511840820312
2021-01-12,194.5514373779297
2021-01-13,198.79835510253906
2021-01-14,198.52931213378906
2021-01-15,199.78799438476562
2021-01-19,200.9698944091797
2021-01-20,203.6409912109375
2021-01-21,201.26771545410156
2021-01-22,198.37557983398438
2021-01-25,200.4894256591797
2021-01-26,201.73854064941406
2021-01-27,198.7022705078125
2021-01-28,198.47166442871094
2021-01-29,195.58274841308594
2021-02-01,199.03018188476562
2021-02-02,202.40061950683594
2021-02-03,197.67239379882812
2021-02-04,200.39764404296875
2021-02-05,214.95799255371094
2021-02-08,217.28846740722656
2021-02-09,219.99441528320312
2021-02-10,218.16473388671875
2021-02-11,220.8225555419922
2021-02-12,219.59959411621094
2021-02-16,218.69444274902344
2021-02-17,220.7166748046875
2021-02-18,218.8484649658203
2021-02-19,219.88848876953125
2021-02-22,220.2544403076172
2021-02-23,222.71969604492188
2021-02-24,225.05010986328125
2021-02-25,222.41151428222656
2021-02-26,219.28182983398438
2021-03-01,223.90411376953125
2021-03-02,223.9234161376953
2021-03-03,219.57070922851562
2021-03-04,217.6736297607422
2021-03-05,224.14491271972656
2021-03-08,221.48707580566406
2021-03-09,222.93154907226562
2021-03-10,221.2462921142578
2021-03-11,219.56106567382812
2021-03-12,219.56106567382812
2021-03-15,217.1536102294922
2021-03-16,218.3573455810547
2021-03-17,217.432861328125
2021-03-18,216.2291259765625
2021-03-19,214.6498565673828
2021-03-22,215.13136291503906
2021-03-23,215.68988037109375
2021-03-24,216.87437438964844
2021-03-25,216.70103454589844
2021-03-26,219.85960388183594
2021-03-29,224.98269653320312
2021-03-30,223.49969482421875
2021-03-31,221.5929718017578
2021-04-01,223.22042846679688
2021-04-05,225.3197479248047
2021-04-06,225.55087280273438
2021-04-07,227.52499389648438
2021-04-08,226.30201721191406
2021-04-09,228.22796630859375
2021-04-12,229.99021911621094
2021-04-13,230.38507080078125
2021-04-14,226.17681884765625
2021-04-15,227.7464599609375
2021-04-16,230.2694854736328
2021-04-19,227.10125732421875
2021-04-20,226.12867736816406
2021-04-21,224.85752868652344
2021-04-22,222.594482421875
2021-04-23,222.34413146972656
2021-04-26,221.02484130859375
2021-04-27,225.1367950439453
2021-04-28,229.5569305419922
2021-04-29,230.4139404296875
2021-04-30,242.65069580078125
2021-05-03,243.63502502441406
2021-05-04,245.05368041992188
2021-05-05,245.4686279296875
2021-05-06,247.6593017578125
2021-05-07,249.48324584960938
2021-05-10,249.41567993164062
2021-05-11,245.23704528808594
2021-05-12,240.99085998535156
2021-05-13,243.19113159179688
2021-05-14,245.35287475585938
2021-05-17,246.2792510986328
2021-05-18,245.32388305664062
2021-05-19,243.41307067871094
2021-05-20,245.7484893798828
2021-05-21,244.35882568359375
2021-05-24,244.3298797607422
2021-05-25,243.49032592773438
2021-05-26,242.3129119873047
2021-05-27,245.0054168701172
2021-05-28,244.51321411132812
2021-06-01,244.38780212402344
2021-06-02,244.10792541503906
2021-06-03,242.71824645996094
2021-06-04,242.2454071044922
2021-06-07,238.86776733398438
2021-06-08,236.24282836914062
2021-06-09,237.1595916748047
2021-06-10,240.72061157226562
2021-06-11,241.36721801757812
2021-06-14,241.3189239501953
2021-06-15,243.01744079589844
2021-06-16,235.56727600097656
2021-06-17,224.70089721679688
2021-06-18,222.05667114257812
2021-06-21,225.8203582763672
2021-06-22,225.39572143554688
2021-06-23,227.30648803710938
2021-06-24,230.14370727539062
2021-06-25,235.19091796875
2021-06-28,232.5081024169922
2021-06-29,234.4092254638672
2021-06-30,230.41390991210938
2021-07-01,230.33670043945312
2021-07-02,231.21493530273438
2021-07-06,229.4102783203125
2021-07-07,230.6938018798828
2021-07-08,226.988037109375
2021-07-09,228.049560546875
2021-07-12,224.65261840820312
2021-07-13,223.54281616210938
2021-07-14,222.37513732910156
2021-07-15,223.1761016845703
2021-07-16,223.62966918945312
2021-07-19,218.8623809814453
2021-07-20,220.79244995117188
2021-07-21,222.01808166503906
2021-07-22,224.38241577148438
2021-07-23,224.3534393310547
2021-07-26,242.76651000976562
2021-07-27,250.50616455078125
2021-07-28,253.12147521972656
2021-07-29,254.5497283935547
2021-07-30,251.42657470703125
2021-08-02,251.33956909179688
2021-08-03,255.32322692871094
2021-08-04,250.82704162597656
2021-08-05,253.7180938720703
2021-08-06,252.86729431152344
2021-08-09,255.1104736328125
2021-08-10,258.5140075683594
2021-08-11,264.1318359375
2021-08-12,265.9012756347656
2021-08-13,268.0671691894531
2021-08-16,270.4167785644531
2021-08-17,271.50933837890625
2021-08-18,267.51605224609375
2021-08-19,266.93585205078125
2021-08-20,270.1267395019531
2021-08-23,269.2951354980469
2021-08-24,270.24273681640625
2021-08-25,271.6737365722656
2021-08-26,271.7994384765625
2021-08-27,275.6961364746094
2021-08-30,275.89910888671875
2021-08-31,277.368896484375
2021-09-01,278.8482666015625
2021-09-02,280.95611572265625
2021-09-03,281.7876892089844
2021-09-07,278.4518127441406
2021-09-08,278.60650634765625
2021-09-09,282.7062683105469
2021-09-10,282.62884521484375
2021-09-13,282.87060546875
2021-09-14,282.0390930175781
2021-09-15,283.9439392089844
2021-09-16,282.4645080566406
2021-09-17,279.6604919433594
2021-09-20,278.48077392578125
2021-09-21,281.3042297363281
2021-09-22,289.1845703125
2021-09-23,288.4206848144531
2021-09-24,289.2716369628906
2021-09-27,284.2725830078125
2021-09-28,279.6798095703125
2021-09-29,281.6136474609375
2021-09-30,276.3149108886719
2021-10-01,281.4493103027344
2021-10-04,275.84112548828125
2021-10-05,282.5322570800781
2021-10-06,281.20745849609375
2021-10-07,283.57647705078125
2021-10-08,284.7560119628906
2021-10-11,285.3941955566406
2021-10-12,288.8364562988281
2021-10-13,290.721923828125
2021-10-14,298.14788818359375
2021-10-15,299.0663757324219
2021-10-18,295.76922607421875
2021-10-19,299.27911376953125
2021-10-20,303.5045166015625
2021-10-21,308.84185791015625
2021-10-22,310.2052307128906
2021-10-25,309.5187683105469
2021-10-26,309.6444091796875
2021-10-27,306.385986328125
2021-10-28,310.45672607421875
2021-10-29,309.8271484375
2021-11-01,297.150146484375
2021-11-02,295.0679016113281
2021-11-03,285.5868835449219
2021-11-04,280.8511047363281
2021-11-05,279.4274597167969
2021-11-08,287.2525634765625
2021-11-09,288.1435241699219
2021-11-10,288.3275146484375
2021-11-11,289.8189697265625
2021-11-12,290.8648376464844
2021-11-15,290.96173095703125
2021-11-16,293.32470703125
2021-11-17,290.35162353515625
2021-11-18,285.5287170410156
2021-11-19,287.4268493652344
2021-11-22,289.1119689941406
2021-11-23,287.6302185058594
2021-11-24,289.2959899902344
2021-11-26,284.8314514160156
2021-11-29,287.3301086425781
2021-11-30,286.4390563964844
2021-12-01,281.926025390625
2021-12-02,287.9207763671875
2021-12-03,283.64990234375
2021-12-06,288.0950927734375
2021-12-07,291.2232360839844
2021-12-08,291.4459533691406
2021-12-09,286.1775817871094
2021-12-10,284.47314453125
2021-12-13,284.54083251953125
2021-12-14,284.8701477050781
2021-12-15,286.5745849609375
2021-12-16,285.81927490234375
2021-12-17,283.1560363769531
2021-12-20,281.3546447753906
2021-12-21,283.9792175292969
2021-12-22,284.7442626953125
2021-12-23,283.18499755859375
2021-12-27,289.0151062011719
2021-12-28,287.6302185058594
2021-12-29,291.19415283203125
2021-12-30,290.3710021972656
2021-12-31,291.0779724121094
2022-01-03,283.9888610839844
2022-01-04,284.9863586425781
2022-01-05,283.7564392089844
2022-01-06,281.3352966308594
2022-01-07,273.85888671875
2022-01-10,273.10345458984375
2022-01-11,278.6236877441406
2022-01-12,278.6236877441406
2022-01-13,271.5829772949219
2022-01-14,264.82318115234375
2022-01-18,264.077392578125
2022-01-19,262.0921936035156
2022-01-20,261.7242126464844
2022-01-21,258.01495361328125
2022-01-24,265.01690673828125
2022-01-25,259.2643127441406
2022-01-26,259.2449035644531
2022-01-27,253.61825561523438
2022-01-28,261.6563720703125
2022-01-31,268.2252197265625
2022-02-01,268.5842590332031
2022-02-02,270.35009765625
2022-02-03,268.283447265625
2022-02-04,282.6533203125
2022-02-07,277.6175231933594
2022-02-08,279.3543701171875
2022-02-09,285.04022216796875
2022-02-10,278.7430419921875
2022-02-11,274.9978332519531
2022-02-14,271.56292724609375
2022-02-15,276.0650634765625
2022-02-16,276.579345703125
2022-02-17,272.6884765625
2022-02-18,275.366455078125
2022-02-22,276.8121643066406
2022-02-23,271.92193603515625
2022-02-24,279.5677795410156
2022-02-25,284.24456787109375
2022-02-28,283.4586181640625
2022-03-01,281.2269592285156
2022-03-02,284.1378479003906
2022-03-03,285.46710205078125
2022-03-04,285.0111083984375
2022-03-07,279.81036376953125
2022-03-08,268.7005615234375
2022-03-09,282.3525390625
2022-03-10,284.8752136230469
2022-03-11,286.5538330078125
2022-03-14,288.4264831542969
2022-03-15,298.47857666015625
2022-03-16,300.3221435546875
2022-03-17,306.54168701171875
2022-03-18,308.9189147949219
2022-03-21,308.4531555175781
2022-03-22,305.8722229003906
2022-03-23,304.4458923339844
2022-03-24,307.9388732910156
2022-03-25,313.3433532714844
2022-03-28,316.52587890625
2022-03-29,316.29302978515625
2022-03-30,316.6908874511719
2022-03-31,315.9533996582031
2022-04-01,319.05828857421875
2022-04-04,317.0207214355469
2022-04-05,316.2832946777344
2022-04-06,320.639892578125
2022-04-07,323.5798034667969
2022-04-08,323.59930419921875
2022-04-11,323.6962585449219
2022-04-12,319.5047302246094
2022-04-13,320.29052734375
2022-04-14,318.50537109375
2022-04-18,319.27178955078125
2022-04-19,320.9600524902344
2022-04-20,323.31787109375
2022-04-21,323.55072021484375
2022-04-22,312.0820007324219
2022-04-25,311.8879089355469
2022-04-26,301.0498962402344
2022-04-27,301.9716491699219
2022-04-28,308.5502014160156
2022-04-29,279.9248962402344
2022-05-02,274.2192687988281
2022-05-03,276.58123779296875
2022-05-04,283.9197692871094
2022-05-05,278.5252380371094
2022-05-06,278.2725524902344
2022-05-09,267.3861389160156
2022-05-10,271.36163330078125
2022-05-11,267.3472595214844
2022-05-12,268.0179748535156
2022-05-13,272.74188232421875
2022-05-16,270.039794921875
2022-05-17,271.2158508300781
2022-05-18,261.9429931640625
2022-05-19,259.1922607421875
2022-05-20,255.35287475585938
2022-05-23,259.0173034667969
2022-05-24,260.6308288574219
2022-05-25,257.8119812011719
2022-05-26,265.10198974609375
2022-05-27,273.7916259765625
2022-05-31,267.949951171875
2022-06-01,263.01220703125
2022-06-02,270.8270568847656
2022-06-03,261.0584716796875
2022-06-06,264.2757873535156
2022-06-07,263.0413818359375
2022-06-08,259.3283386230469
2022-06-09,251.8536376953125
2022-06-10,246.536865234375
2022-06-13,246.0411376953125
2022-06-14,244.09719848632812
2022-06-15,246.0411376953125
2022-06-16,241.5408172607422
2022-06-17,244.6025848388672
2022-06-21,247.62550354003906
2022-06-22,249.85134887695312
2022-06-23,256.5970153808594
2022-06-24,264.1300048828125
2022-06-27,263.9161376953125
2022-06-28,258.2202453613281
2022-06-29,261.35003662109375
2022-06-30,262.12762451171875
2022-07-01,266.24896240234375
2022-07-05,268.24151611328125
2022-07-06,271.77960205078125
2022-07-07,266.6182861328125
2022-07-08,266.6863708496094
2022-07-11,266.3656005859375
2022-07-12,262.9830627441406
2022-07-13,261.8944091796875
2022-07-14,261.06817626953125
2022-07-15,263.9939270019531
2022-07-18,259.619873046875
2022-07-19,267.9693603515625
2022-07-20,267.56109619140625
2022-07-21,272.8099365234375
2022-07-22,271.6629333496094
2022-07-25,273.28619384765625
2022-07-26,271.419921875
2022-07-27,278.0489196777344
2022-07-28,284.5613098144531
2022-07-29,283.4316711425781
2022-08-01,273.0113525390625
2022-08-02,272.9335021972656
2022-08-03,278.5526123046875
2022-08-04,278.2799072265625
2022-08-05,280.01336669921875
2022-08-08,282.2532653808594
2022-08-09,285.7494812011719
2022-08-10,289.93701171875
2022-08-11,288.9339294433594
2022-08-12,293.5987243652344
2022-08-15,292.8197021484375
2022-08-16,293.13128662109375
2022-08-17,292.54693603515625
2022-08-18,294.6602783203125
2022-08-19,292.03082275390625
2022-08-22,285.0970153808594
2022-08-23,279.1954345703125
2022-08-24,279.8088684082031
2022-08-25,282.6524963378906
2022-08-26,278.39678955078125
2022-08-29,275.50439453125
2022-08-30,274.744873046875
2022-08-31,271.9595642089844
2022-09-01,273.4398498535156
2022-09-02,271.0636901855469
2022-09-06,273.8780822753906
2022-09-07,281.0262145996094
2022-09-08,283.3440246582031
2022-09-09,284.4541931152344
2022-09-12,286.3240051269531
2022-09-13,276.6146545410156
2022-09-14,276.3517150878906
2022-09-15,272.8068542480469
2022-09-16,269.87554931640625
2022-09-19,271.4239501953125
2022-09-20,268.99908447265625
2022-09-21,265.8534851074219
2022-09-22,265.1036682128906
2022-09-23,266.75921630859375
2022-09-26,262.77606201171875
2022-09-27,263.8863220214844
2022-09-28,268.0738830566406
2022-09-29,263.8668518066406
2022-09-30,260.8673095703125
2022-10-03,268.38555908203125
2022-10-04,276.8873291015625
2022-10-05,275.3875427246094
2022-10-06,273.3814392089844
2022-10-07,265.9703369140625
2022-10-10,272.281005859375
2022-10-11,269.0088195800781
2022-10-12,266.7104797363281
2022-10-13,274.14105224609375
2022-10-14,263.7304992675781
2022-10-17,270.2553405761719
2022-10-18,273.0016174316406
2022-10-19,273.58599853515625
2022-10-20,266.564453125
2022-10-21,272.7970886230469
2022-10-24,277.07232666015625
2022-10-25,272.68023681640625
2022-10-26,269.88531494140625
2022-10-27,274.9395446777344
2022-10-28,281.6397705078125
2022-10-31,274.6630859375
2022-11-01,277.5904235839844
2022-11-02,272.3603515625
2022-11-03,269.6868591308594
2022-11-04,272.9263000488281
2022-11-07,280.1371154785156
2022-11-08,279.8248596191406
2022-11-09,274.2825927734375
2022-11-10,289.1920471191406
2022-11-11,285.89398193359375
2022-11-14,284.2547302246094
2022-11-15,284.8109130859375
2022-11-16,286.3428039550781
2022-11-17,288.6065673828125
2022-11-18,294.0121765136719
2022-11-21,294.383056640625
2022-11-22,296.42230224609375
2022-11-23,296.8614501953125
2022-11-25,299.63250732421875
2022-11-28,297.866455078125
2022-11-29,295.3880310058594
2022-11-30,300.803466796875
2022-12-01,295.7197570800781
2022-12-02,299.33978271484375
2022-12-05,301.2522888183594
2022-12-06,300.4911804199219
2022-12-07,296.76385498046875
2022-12-08,299.1349182128906
2022-12-09,298.2664794921875
2022-12-12,300.1399230957031
2022-12-13,302.4719543457031
2022-12-14,298.7153015136719
2022-12-15,296.2955017089844
2022-12-16,291.5143127441406
2022-12-19,289.85552978515625
2022-12-20,290.58734130859375
2022-12-21,295.6807861328125
2022-12-22,292.87060546875
2022-12-23,293.2998962402344
2022-12-27,293.6707763671875
2022-12-28,292.2461242675781
2022-12-29,296.0222473144531
2022-12-30,292.8608703613281
2023-01-03,292.1583251953125
2023-01-04,295.3782958984375
2023-01-05,293.0657958984375
2023-01-06,299.8764953613281
2023-01-09,298.90069580078125
2023-01-10,299.8764953613281
2023-01-11,304.6186218261719
2023-01-12,308.2093505859375
2023-01-13,309.47784423828125
2023-01-17,309.2533874511719
2023-01-18,306.4725036621094
2023-01-19,311.22442626953125
2023-01-20,317.50823974609375
2023-01-23,318.0838928222656
2023-01-24,316.4739685058594
2023-01-25,315.0884094238281
2023-01-26,316.9618225097656
2023-01-27,311.55615234375
2023-01-30,309.8388977050781
2023-01-31,311.5005187988281
2023-02-01,312.1847839355469
2023-02-02,315.7232666015625
2023-02-03,306.5741271972656
2023-02-06,310.5719909667969
2023-02-07,312.5953369140625
2023-02-08,312.4096374511719
2023-02-09,310.2298583984375
2023-02-10,310.6599426269531
2023-02-13,314.1885986328125
2023-02-14,305.40118408203125
2023-02-15,307.9718933105469
2023-02-16,303.260498046875
2023-02-17,303.2799987792969
2023-02-21,297.81591796875
2023-02-22,298.001708984375
2023-02-23,297.62054443359375
2023-02-24,296.1445007324219
2023-02-27,295.7730407714844
2023-02-28,297.2001647949219
2023-03-01,294.91290283203125
2023-03-02,294.9910888671875
2023-03-03,297.2197265625
2023-03-06,298.4513244628906
2023-03-07,294.77606201171875
2023-03-08,294.0038757324219
2023-03-09,290.0841369628906
2023-03-10,287.61114501953125
2023-03-13,286.8291931152344
2023-03-14,285.9787902832031
2023-03-15,279.4101867675781
2023-03-16,292.283447265625
2023-03-17,289.9082336425781
2023-03-20,293.7008361816406
2023-03-21,297.9625549316406
2023-03-22,294.71734619140625
2023-03-23,296.1640625
2023-03-24,302.19500732421875
2023-03-27,302.19500732421875
2023-03-28,302.03863525390625
2023-03-29,305.6455078125
2023-03-30,305.94854736328125
2023-03-31,308.18695068359375
2023-04-03,309.9366455078125
2023-04-04,311.666748046875
2023-04-05,314.315673828125
2023-04-06,314.79461669921875
2023-04-10,312.74200439453125
2023-04-11,313.6706237792969
2023-04-12,314.5111999511719
2023-04-13,317.6684265136719
2023-04-14,317.1698913574219
2023-04-17,322.3797607421875
2023-04-18,324.3934631347656
2023-04-19,321.65643310546875
2023-04-20,325.5663757324219
2023-04-21,326.08441162109375
2023-04-24,324.1099853515625
2023-04-25,322.93701171875
2023-04-26,319.9849548339844
2023-04-27,325.3611145019531
2023-04-28,318.44244384765625
2023-05-01,316.728759765625
2023-05-02,314.2609558105469
2023-05-03,313.7027893066406
2023-05-04,314.0553283691406
2023-05-05,321.59576416015625
2023-05-08,325.64019775390625
2023-05-09,327.9806823730469
2023-05-10,326.8446960449219
2023-05-11,328.2745056152344
2023-05-12,329.2048034667969
2023-05-15,327.5106201171875
2023-05-16,324.0831298828125
2023-05-17,315.5536804199219
2023-05-18,317.5121765136719
2023-05-19,320.34228515625
2023-05-22,318.9223327636719
2023-05-23,307.88580322265625
2023-05-24,305.54534912109375
2023-05-25,304.74237060546875
2023-05-26,304.23309326171875
2023-05-30,305.3984680175781
2023-05-31,301.9024353027344
2023-06-01,305.56494140625
2023-06-02,307.2982177734375
2023-06-05,305.89788818359375
2023-06-06,305.90771484375
2023-06-07,305.8000183105469
2023-06-08,306.4071350097656
2023-06-09,307.8074951171875
2023-06-12,311.47003173828125
2023-06-13,312.3122863769531
2023-06-14,316.2783203125
2023-06-15,324.20062255859375
2023-06-16,322.5554504394531
2023-06-20,322.1343994140625
2023-06-21,323.0157470703125
2023-06-22,326.48236083984375
2023-06-23,324.5630187988281
2023-06-26,323.5445251464844
2023-06-27,326.72723388671875
2023-06-28,326.6782531738281
2023-06-29,335.031494140625
2023-06-30,338.0477294921875
2023-07-03,331.67254638671875
2023-07-05,331.4472961425781
2023-07-06,330.1448974609375
2023-07-07,328.4605712890625
2023-07-10,330.52685546875
2023-07-11,332.19158935546875
2023-07-12,328.871826171875
2023-07-13,329.8706970214844
2023-07-14,329.53778076171875
2023-07-17,330.4974060058594
2023-07-18,327.72613525390625
2023-07-19,325.6990051269531
2023-07-20,332.5734558105469
2023-07-21,333.8367614746094
2023-07-24,335.47216796875
2023-07-25,336.09893798828125
2023-07-26,334.17950439453125
2023-07-27,330.0763244628906
2023-07-28,313.19354248046875
2023-07-31,312.5018005371094
2023-08-01,313.4731750488281
2023-08-02,317.2997741699219
2023-08-03,311.34405517578125
2023-08-04,309.1266174316406
2023-08-07,312.2859802246094
2023-08-08,308.2239685058594
2023-08-09,310.8829040527344
2023-08-10,311.03985595703125
2023-08-11,314.758544921875
2023-08-14,316.1910705566406
2023-08-15,311.5697021484375
2023-08-16,315.22943115234375
2023-08-17,312.992431640625
2023-08-18,317.9571228027344
2023-08-21,317.6529846191406
2023-08-22,317.3684387207031
2023-08-23,319.72320556640625
2023-08-24,320.87115478515625
2023-08-25,325.8163146972656
2023-08-28,325.2668151855469
2023-08-29,326.9250183105469
2023-08-30,328.32806396484375
2023-08-31,327.11138916015625
2023-09-01,328.04351806640625
2023-09-05,323.2456359863281
2023-09-06,325.3944091796875
2023-09-07,328.0926208496094
2023-09-08,327.1702880859375
2023-09-11,326.8759460449219
2023-09-12,328.6812438964844
2023-09-13,329.0246887207031
2023-09-14,332.3704833984375
2023-09-15,329.8292236328125
2023-09-18,332.9297180175781
2023-09-19,334.941162109375
2023-09-20,335.578857421875
2023-09-21,331.84063720703125
2023-09-22,329.6918640136719
2023-09-25,329.2110595703125
2023-09-26,325.0902099609375
2023-09-27,323.706787109375
2023-09-28,323.1769104003906
2023-09-29,318.1141052246094
2023-10-02,315.3079833984375
2023-10-03,313.0022277832031
2023-10-04,318.8401794433594
2023-10-05,319.7134094238281
2023-10-06,320.8810119628906
2023-10-09,321.3715515136719
2023-10-10,319.3602294921875
2023-10-11,321.15576171875
2023-10-12,318.3495788574219
2023-10-13,319.9587097167969
2023-10-16,321.56781005859375
2023-10-17,321.3715515136719
2023-10-18,318.8793640136719
2023-10-19,313.0708312988281
2023-10-20,308.20428466796875
2023-10-23,307.5763244628906
2023-10-24,313.7478942871094
2023-10-25,313.6302185058594
2023-10-26,313.6890869140625
2023-10-27,301.10064697265625
2023-10-30,302.9747314453125
2023-10-31,304.17901611328125
2023-11-01,306.4893798828125
2023-11-02,315.82904052734375
2023-11-03,317.82476806640625
2023-11-06,320.0269775390625
2023-11-07,320.8331604003906
2023-11-08,322.0129089355469
2023-11-09,326.1813659667969
2023-11-10,328.40325927734375
2023-11-13,327.9804382324219
2023-11-14,327.6953430175781
2023-11-15,324.1364440917969
2023-11-16,328.0296630859375
2023-11-17,324.1758117675781
2023-11-20,325.6111755371094
2023-11-21,320.4300537109375
2023-11-22,323.4285888671875
2023-11-24,324.4510192871094
2023-11-27,322.0129089355469
2023-11-28,317.69696044921875
2023-11-29,316.66473388671875
2023-11-30,322.94683837890625
2023-12-01,321.2558898925781
2023-12-04,320.60699462890625
2023-12-05,316.81219482421875
2023-12-06,314.1872253417969
2023-12-07,316.26165771484375
2023-12-08,318.6309814453125
2023-12-11,323.9005432128906
2023-12-12,326.840087890625
2023-12-13,329.6616516113281
2023-12-14,312.66339111328125
2023-12-15,305.1916198730469
2023-12-18,308.75054931640625
2023-12-19,307.7281188964844
2023-12-20,289.1568603515625
2023-12-21,283.3269348144531
2023-12-22,286.74822998046875
2023-12-26,284.7032775878906
2023-12-27,284.97857666015625
2023-12-28,284.42803955078125
2023-12-29,286.109130859375
2024-01-02,283.1597900390625
2024-01-03,285.9814147949219
2024-01-04,285.8338623046875
2024-01-05,284.7032775878906
2024-01-08,290.55291748046875
2024-01-09,289.0192565917969
2024-01-10,294.24945068359375
2024-01-11,293.57110595703125
2024-01-12,295.173583984375
2024-01-16,295.25225830078125
2024-01-17,298.14263916015625
2024-01-18,302.09478759765625
2024-01-19,306.3221740722656
2024-01-22,301.2591552734375
2024-01-23,299.32232666015625
2024-01-24,298.92913818359375
2024-01-25,294.6524963378906
2024-01-26,296.8055725097656
2024-01-29,293.3548278808594
2024-01-30,293.75787353515625
2024-01-31,293.999267578125
2024-02-01,295.5459289550781
2024-02-02,288.05877685546875
2024-02-05,292.2062072753906
2024-02-06,296.36358642578125
2024-02-07,297.3980407714844
2024-02-08,302.61932373046875
2024-02-09,307.9194641113281
2024-02-12,305.4270324707031
2024-02-13,307.89971923828125
2024-02-14,303.8901672363281
2024-02-15,309.7026062011719
2024-02-16,306.6190490722656
2024-02-20,310.8158264160156
2024-02-21,306.6584777832031
2024-02-22,310.6778564453125
2024-02-23,310.63848876953125
2024-02-26,309.7616882324219
2024-02-27,310.70745849609375
2024-02-28,312.9437561035156
2024-02-29,311.29852294921875
2024-03-01,309.5646667480469
2024-03-04,311.3182067871094
2024-03-05,310.520263671875
2024-03-06,312.3822021484375
2024-03-07,311.9881286621094
2024-03-08,312.0472717285156
2024-03-11,313.2491455078125
2024-03-12,315.8302001953125
2024-03-13,315.5248718261719
2024-03-14,315.7218933105469
2024-03-15,314.25396728515625
2024-03-18,315.0322570800781
2024-03-19,317.97784423828125
2024-03-20,321.2288818359375
2024-03-21,321.6721496582031
2024-03-22,321.9382019042969
2024-03-25,322.7164001464844
2024-03-26,325.0216979980469
2024-03-27,328.834228515625
2024-03-28,328.7652893066406
2024-04-01,324.6966247558594
2024-04-02,324.7458801269531
2024-04-03,319.6526184082031
2024-04-04,310.09661865234375
2024-04-05,314.25396728515625
2024-04-08,315.09136962890625
2024-04-09,314.6579284667969
2024-04-10,311.30841064453125
2024-04-11,306.3825988769531
2024-04-12,303.4272155761719
2024-04-15,300.6490478515625
2024-04-16,299.5357666015625
2024-04-17,300.2648010253906
2024-04-18,304.11676025390625
2024-04-19,305.58465576171875
2024-04-22,306.40228271484375
2024-04-23,307.22979736328125
2024-04-24,304.2447814941406
2024-04-25,301.45684814453125
2024-04-26,280.7981872558594
2024-04-29,276.8674621582031
2024-04-30,278.4919128417969
2024-05-01,280.2694091796875
2024-05-02,276.5958557128906
2024-05-03,276.47735595703125
2024-05-06,281.9087219238281
2024-05-07,284.75286865234375
2024-05-08,280.2694091796875
2024-05-09,283.992431640625
2024-05-10,289.4435729980469
2024-05-13,284.9799499511719
2024-05-14,284.32818603515625
2024-05-15,284.1998291015625
2024-05-16,288.37701416015625
2024-05-17,288.8016662597656
2024-05-20,289.3052673339844
2024-05-21,286.3624572753906
2024-05-22,281.0989685058594
2024-05-23,275.8157043457031
2024-05-24,277.24761962890625
2024-05-28,275.7762145996094
2024-05-29,272.379150390625
2024-05-30,273.45556640625
2024-05-31,278.1264953613281
2024-06-03,277.7512512207031
2024-06-04,280.95086669921875
2024-06-05,282.0173645019531
2024-06-06,282.1457214355469
2024-06-07,279.5880432128906
2024-06-10,283.2813720703125
2024-06-11,290.03607177734375
2024-06-12,291.3000793457031
2024-06-13,291.7345886230469
2024-06-14,291.7049865722656
2024-06-17,296.267333984375
2024-06-18,294.0355529785156
2024-06-20,292.8900146484375
2024-06-21,293.7491760253906
2024-06-24,294.7366943359375
2024-06-25,289.16705322265625
2024-06-26,285.16754150390625
2024-06-27,289.1473083496094
2024-06-28,289.9175720214844
2024-07-01,289.8286437988281
2024-07-02,291.8827209472656
2024-07-03,291.09271240234375
2024-07-05,292.1690979003906
2024-07-08,294.39105224609375
2024-07-09,289.5028381347656
2024-07-10,291.7247619628906
2024-07-11,293.097412109375
2024-07-12,294.4107971191406
2024-07-15,293.6010437011719
2024-07-16,294.0355529785156
2024-07-17,296.7018737792969
2024-07-18,295.94146728515625
2024-07-19,292.47528076171875
2024-07-22,295.3884582519531
2024-07-23,294.7070617675781
2024-07-24,294.47991943359375
2024-07-25,295.2205810546875
2024-07-26,318.97052001953125
2024-07-29,315.306884765625
2024-07-30,324.63897705078125
2024-07-31,324.41180419921875
2024-08-01,324.3970031738281
2024-08-02,326.7619934082031
2024-08-05,321.6261901855469
2024-08-06,320.0231018066406
2024-08-07,322.5959777832031
2024-08-08,323.526123046875
2024-08-09,326.00006103515625
2024-08-12,325.4260559082031
2024-08-13,324.1792907714844
2024-08-14,327.54376220703125
2024-08-15,327.99896240234375
2024-08-16,328.582763671875
2024-08-19,330.8884582519531
2024-08-20,333.2139587402344
2024-08-21,334.5399475097656
2024-08-22,336.0935974121094
2024-08-23,333.3030090332031
2024-08-26,334.2034912109375
2024-08-27,336.70709228515625
2024-08-28,336.0044860839844
2024-08-29,339.8736572265625
2024-08-30,340.1309509277344
2024-09-03,342.6839904785156
2024-09-04,344.91046142578125
2024-09-05,345.1578674316406
2024-09-06,344.39593505859375
2024-09-09,346.8302307128906
2024-09-10,347.394287109375
2024-09-11,341.1996765136719
2024-09-12,344.62353515625
2024-09-13,344.2178039550781
2024-09-16,347.02813720703125
2024-09-17,345.5537109375
2024-09-18,345.66259765625
2024-09-19,343.34698486328125
2024-09-20,343.4063720703125
2024-09-23,344.8808288574219
2024-09-24,343.8022155761719
2024-09-25,343.29754638671875
2024-09-26,343.5152587890625
2024-09-27,344.03973388671875
2024-09-30,342.3772277832031
2024-10-01,344.8610534667969
2024-10-02,345.0787658691406
2024-10-03,343.8714904785156
2024-10-04,344.4355163574219
2024-10-07,340.3189392089844
2024-10-08,350.27392578125
2024-10-09,355.2810974121094
2024-10-10,349.9869079589844
2024-10-11,351.44158935546875
2024-10-14,354.83575439453125
2024-10-15,354.1529846191406
2024-10-16,354.64776611328125
2024-10-17,355.0040588378906
2024-10-18,354.19256591796875
2024-10-21,353.6977844238281
2024-10-22,352.4212646484375
2024-10-23,354.5487976074219
2024-10-24,353.12384033203125
2024-10-25,371.5197448730469
2024-10-28,367.82867431640625
2024-10-29,367.07659912109375
2024-10-30,365.612060546875
2024-10-31,363.0392150878906
2024-11-01,361.2795104980469
2024-11-04,362.489013671875
2024-11-05,365.52264404296875
2024-11-06,377.99420166015625
2024-11-07,376.5963439941406
2024-11-08,380.47265625
2024-11-11,380.07611083984375
2024-11-12,380.3537292480469
2024-11-13,383.58563232421875
2024-11-14,373.08685302734375
2024-11-15,376.0213623046875
2024-11-18,377.2308349609375
2024-11-19,375.882568359375
2024-11-20,376.8045654296875
2024-11-21,379.3226318359375
2024-11-22,382.8817138671875
2024-11-25,386.3614807128906
2024-11-26,386.88690185546875
2024-11-27,389.9205322265625
2024-11-29,388.1658020019531
2024-12-02,384.3688049316406
2024-12-03,382.2373046875
2024-12-04,378.7080078125
2024-12-05,376.4576110839844
2024-12-06,374.7424621582031
2024-12-09,364.7294921875
2024-12-10,358.1764831542969
2024-12-11,359.5049743652344
2024-12-12,359.5941467285156
2024-12-13,358.0773620605469
2024-12-16,358.6325378417969
2024-12-17,355.7872619628906
2024-12-18,349.5415344238281
2024-12-19,350.70147705078125
2024-12-20,355.38079833984375
2024-12-23,355.1924133300781
2024-12-24,358.49371337890625
2024-12-26,358.34503173828125
2024-12-27,357.2742919921875
2024-12-30,354.8851013183594
2024-12-31,356.0648193359375
2025-01-02,351.9208679199219
2025-01-03,350.92950439453125
2025-01-06,345.46697998046875
2025-01-07,345.4372253417969
2025-01-08,349.4126892089844
2025-01-10,346.4980163574219
2025-01-13,351.62347412109375
2025-01-14,359.5247497558594
2025-01-15,358.06744384765625
2025-01-16,364.93768310546875
2025-01-17,363.0144348144531
2025-01-21,364.907958984375
2025-01-22,364.14459228515625
2025-01-23,361.52734375
2025-01-24,365.9786682128906
2025-01-27,373.5528259277344
2025-01-28,368.2786560058594
2025-01-29,363.5794982910156
2025-01-30,368.9429016113281
2025-01-31,367.6243591308594
2025-02-03,372.3271179199219
2025-02-04,374.8895263671875
2025-02-05,379.7859802246094
2025-02-06,382.10009765625
2025-02-07,383.8779296875
2025-02-10,382.97412109375
2025-02-11,381.5836181640625
2025-02-12,384.1063537597656
2025-02-13,387.63214111328125
2025-02-14,384.3546447753906
2025-02-18,388.42669677734375
2025-02-19,392.18096923828125
2025-02-20,390.39324951171875
2025-02-21,386.9071350097656
2025-02-24,389.5092468261719
2025-02-25,394.86260986328125
2025-02-26,396.51129150390625
2025-02-27,401.2488098144531
2025-02-28,406.33392333984375
2025-03-03,406.5325927734375
2025-03-04,401.92413330078125
2025-03-05,401.3183288574219
2025-03-06,398.8651428222656
2025-03-07,400.3450012207031
2025-03-10,396.2729187011719
2025-03-11,397.0177917480469
2025-03-12,395.57769775390625
2025-03-13,391.5155334472656
2025-03-14,396.0743103027344
2025-03-17,388.3174743652344
2025-03-18,387.393798828125
2025-03-19,387.7215270996094
2025-03-20,390.4925537109375
2025-03-21,387.6917419433594
2025-03-24,390.4726867675781
2025-03-25,393.4423522949219
2025-03-26,394.0283203125
2025-03-27,396.8191833496094
2025-03-28,391.8631286621094
2025-03-31,396.3722229003906
2025-04-01,396.0941162109375
2025-04-02,393.33306884765625
2025-04-03,391.60491943359375
2025-04-04,373.20111083984375
2025-04-07,361.8688049316406
2025-04-08,357.7768859863281
2025-04-09,370.827392578125
2025-04-10,366.5069885253906
2025-04-11,373.7374267578125
2025-04-14,381.7226867675781
2025-04-15,376.5282897949219
2025-04-16,370.2811584472656
2025-04-17,364.9079895019531
2025-04-21,353.5260314941406
2025-04-22,366.0103759765625
2025-04-23,366.3182678222656
2025-04-24,362.56402587890625
2025-04-25,333.5628967285156
2025-04-28,341.1309814453125
2025-04-29,347.5172119140625
2025-04-30,352.3739013671875
2025-05-01,349.8807373046875
2025-05-02,354.5684814453125
2025-05-05,353.81207275390625
2025-05-06,356.24053955078125
2025-05-07,358.0221252441406
2025-05-08,355.4244079589844
2025-05-09,352.6476135253906
2025-05-12,351.9011535644531
2025-05-13,353.3940734863281
2025-05-14,350.5575256347656
2025-05-15,356.8974609375
2025-05-16,360.21173095703125
2025-05-19,363.23736572265625
2025-05-20,360.71929931640625
2025-05-21,356.36993408203125
2025-05-22,353.65283203125
2025-05-23,354.85711669921875
2025-05-27,363.3369140625
2025-05-28,359.61456298828125
2025-05-29,365.1881408691406
2025-05-30,370.3237609863281
2025-06-02,374.384521484375
2025-06-03,372.71246337890625
2025-06-04,370.8612365722656
2025-06-05,368.7413024902344
2025-06-06,369.3384704589844
2025-06-09,352.159912109375
2025-06-10,350.0499267578125
2025-06-11,347.8304748535156
2025-06-12,354.1007080078125
2025-06-13,351.3338317871094
2025-06-16,348.3878173828125
2025-06-17,349.1541748046875
2025-06-18,349.174072265625
2025-06-20,353.02581787109375
2025-06-23,358.25103759765625
2025-06-24,358.9775695800781
2025-06-25,352.7869567871094
2025-06-26,351.8812255859375
2025-06-27,351.06512451171875
2025-06-30,355.0760803222656
2025-07-01,355.24530029296875
2025-07-02,349.8906555175781
2025-07-03,353.0855407714844
2025-07-07,351.5627746582031
2025-07-08,352.89642333984375
2025-07-09,355.2353210449219
2025-07-10,357.3055114746094
2025-07-11,353.9912414550781
2025-07-14,358.12164306640625
2025-07-15,350.7167663574219
2025-07-16,352.886474609375
2025-07-17,352.9561462402344
2025-07-18,354.42913818359375
2025-07-21,349.25372314453125
2025-07-22,352.5480651855469
2025-07-23,355.5936279296875
2025-07-24,354.9267883300781
2025-07-25,371.1299743652344
2025-07-28,367.4175720214844
2025-07-29,352.3589782714844
2025-07-30,353.6628112792969
2025-07-31,354.0310363769531
2025-08-01,352.5299987792969
2025-08-04,359.45172119140625
2025-08-05,360.6485900878906
2025-08-06,362.7231140136719
2025-08-07,364.0695495605469
2025-08-08,365.4359436035156
2025-08-11,367.1214904785156
2025-08-12,362.8527526855469
2025-08-13,369.9440612792969
2025-08-14,365.3860778808594
2025-08-15,366.04437255859375
2025-08-18,364.4086608886719
2025-08-19,371.8789367675781
2025-08-20,373.0159606933594
2025-08-21,374.2825927734375
2025-08-22,374.1130676269531
2025-08-25,369.9640197753906
2025-08-26,368.02911376953125
2025-08-27,367.4007568359375
2025-08-28,365.5755920410156
2025-08-29,366.03436279296875
2025-09-02,370.9813232421875
2025-09-03,373.0159606933594
2025-09-04,372.5072937011719
2025-09-05,369.5650634765625
2025-09-08,369.0364685058594
2025-09-09,365.416015625
2025-09-10,361.41656494140625
2025-09-11,371.27056884765625
2025-09-12,370.97137451171875
2025-09-15,362.8427734375
2025-09-16,355.6318359375
2025-09-17,357.05804443359375
2025-09-18,351.83184814453125
2025-09-19,350.3956298828125
2025-09-22,352.5299987792969
2025-09-23,352.1410217285156
2025-09-24,352.80926513671875
2025-09-25,350.7148132324219
2025-09-26,355.1430969238281
2025-09-29,353.68695068359375
2025-09-30,355.64178466796875
2025-10-01,359.1824645996094
2025-10-02,359.7808837890625
2025-10-03,362.8527526855469
2025-10-06,364.7378234863281
2025-10-07,365.96453857421875
2025-10-08,364.41864013671875
2025-10-09,359.4717102050781
2025-10-10,359.202392578125
2025-10-13,352.43023681640625
2025-10-14,359.56146240234375
2025-10-15,354.86383056640625
2025-10-16,342.2171936035156
2025-10-17,345.68804931640625
2025-10-20,343.20458984375
2025-10-21,342.5263977050781
2025-10-22,342.197265625
2025-10-23,340.4518737792969
2025-10-24,336.8414001464844
2025-10-27,335.983642578125
2025-10-28,329.0918273925781
2025-10-29,325.2120666503906
2025-10-30,327.3265075683594
2025-10-31,339.78363037109375
2025-11-03,338.9458312988281
2025-11-04,343.3043212890625
2025-11-05,340.80096435546875
2025-11-06,339.10540771484375
2025-11-07,345.4087829589844
2025-11-10,343.96258544921875
2025-11-11,349.00927734375
2025-11-12,349.1888122558594
2025-11-13,350.0166320800781
2025-11-14,349.2087707519531
2025-11-17,349.0990295410156
2025-11-18,347.6229553222656
2025-11-19,343.26446533203125
2025-11-20,344.97991943359375
2025-11-21,345.5982971191406
2025-11-24,343.7930603027344
2025-11-25,350.03656005859375
2025-11-26,351.6822204589844
2025-11-28,352.9888000488281
2025-12-01,350.24603271484375
2025-12-02,344.7904357910156
2025-12-03,343.5437316894531
2025-12-04,346.7951354980469
2025-12-05,344.291748046875
2025-12-08,342.48651123046875
2025-12-09,345.2791442871094
2025-12-10,339.1552734375
2025-12-11,346.4859313964844
2025-12-12,352.859130859375
2025-12-15,353.1683349609375
2025-12-16,350.8743591308594
2025-12-17,351.103759765625
2025-12-18,352.0911560058594
2025-12-19,349.1190185546875
2025-12-22,354.52471923828125
2025-12-23,354.93365478515625
2025-12-24,355.71160888671875
2025-12-26,355.71160888671875
2025-12-29,355.7914123535156
2025-12-30,355.5520324707031
2025-12-31,351.9515380859375
2026-01-02,343.3641662597656
2026-01-05,350.36572265625
2026-01-06,348.75
2026-01-07,348.99932861328125
2026-01-08,351.0439147949219
2026-01-09,349.8769836425781
2026-01-12,349.56781005859375
2026-01-13,343.683349609375
2026-01-14,345.0896301269531
2026-01-15,343.93267822265625
2026-01-16,342.9552307128906
2026-01-20,338.6067199707031
2026-01-21,331.88446044921875
2026-01-22,335.0760498046875
2026-01-23,337.7988586425781
2026-01-26,337.9783935546875
2026-01-27,329.8797607421875
2026-01-28,332.12384033203125
2026-01-29,342.04766845703125
2026-01-30,348.7200622558594
2026-02-02,348.69012451171875
2026-02-03,345.92742919921875
2026-02-04,349.2885437011719
2026-02-05,342.4565734863281
2026-02-06,341.1400451660156
2026-02-09,309.5234375
2026-02-10,317.0835266113281
2026-02-11,309.1544189453125
2026-02-12,313.66253662109375
2026-02-13,320.85357666015625
2026-02-17,325.10235595703125
2026-02-18,322.1302185058594
2026-02-19,323.44671630859375
2026-02-20,324.2147216796875
2026-02-23,314.4803771972656
2026-02-24,318.4897766113281
2026-02-25,323.8057861328125
2026-02-26,329.4010009765625
2026-02-27,334.58734130859375
2026-03-02,336.91119384765625
2026-03-03,338.1778564453125
2026-03-04,340.2823181152344
2026-03-05,337.8786315917969
2026-03-06,339.703857421875
2026-03-09,331.9642639160156
2026-03-10,320.1155090332031
2026-03-11,316.0661926269531
2026-03-12,315.07879638671875
2026-03-13,320.5643310546875
2026-03-16,325.8902893066406
2026-03-17,320.3349304199219
2026-03-18,317.0436096191406
2026-03-19,316.15594482421875
2026-03-20,324.7732238769531
2026-03-23,325.1123352050781
2026-03-24,326.1695556640625
2026-03-25,320.604248046875
2026-03-26,322.9181213378906
2026-03-27,312.834716796875
2026-03-30,323.2073669433594
2026-03-31,321.93072509765625
2026-04-01,320.4945068359375
2026-04-02,322.289794921875
2026-04-06,325.31182861328125
2026-04-07,321.6215515136719
2026-04-08,328.8923645019531
2026-04-09,324.5438232421875
2026-04-10,311.7475891113281
2026-04-13,324.5438232421875
2026-04-14,322.1700744628906
2026-04-15,327.2167663574219
2026-04-16,334.4576721191406
2026-04-17,330.9269714355469
2026-04-20,331.07659912109375
2026-04-21,334.437744140625
2026-04-22,325.9999694824219
2026-04-23,322.70867919921875
2026-04-24,320.2950439453125
2026-04-27,322.9281005859375
2026-04-28,320.8336181640625
2026-04-29,321.6414794921875
2026-04-30,310.83001708984375
2026-05-01,311.510009765625
2026-05-04,314.9200134277344
