date,close
2001-05-07,47.20344924926758
2001-05-08,46.44384002685547
2001-05-09,46.118316650390625
2001-05-10,46.15447235107422
2001-05-11,46.284698486328125
2001-05-14,45.74937438964844
2001-05-15,46.53789520263672
2001-05-16,48.180057525634766
2001-05-17,48.30305862426758
2001-05-18,48.15837097167969
2001-05-21,49.89458084106445
2001-05-22,52.12995910644531
2001-05-23,50.27799987792969
2001-05-24,49.20009994506836
2001-05-25,48.635833740234375
2001-05-29,48.180057525634766
2001-05-30,47.48558807373047
2001-05-31,47.10215377807617
2001-06-01,48.50563049316406
2001-06-04,48.831153869628906
2001-06-05,49.916297912597656
2001-06-06,47.92687225341797
2001-06-07,47.825599670410156
2001-06-08,47.63751983642578
2001-06-11,47.398765563964844
2001-06-12,47.3770637512207
2001-06-13,46.01704025268555
2001-06-14,43.76719665527344
2001-06-15,43.58631134033203
2001-06-18,42.848445892333984
2001-06-19,43.49227523803711
2001-06-20,43.774410247802734
2001-06-21,45.50341033935547
2001-06-22,44.801692962646484
2001-06-25,43.70207977294922
2001-06-26,43.07990646362305
2001-06-27,41.958614349365234
2001-06-28,43.76719665527344
2001-06-29,43.514007568359375
2001-07-02,44.11443328857422
2001-07-03,44.15059280395508
2001-07-05,44.852325439453125
2001-07-06,43.49227523803711
2001-07-09,42.870140075683594
2001-07-10,42.682044982910156
2001-07-11,42.63865280151367
2001-07-12,45.67700958251953
2001-07-13,47.4638786315918
2001-07-16,46.820045471191406
2001-07-17,48.4766731262207
2001-07-18,47.36983871459961
2001-07-19,45.78553009033203
2001-07-20,45.88682556152344
2001-07-23,45.95917510986328
2001-07-24,45.025943756103516
2001-07-25,45.0331916809082
2001-07-26,45.35871124267578
2001-07-27,46.559600830078125
2001-07-30,45.698726654052734
2001-07-31,46.49449157714844
2001-08-01,47.50729751586914
2001-08-02,47.673675537109375
2001-08-03,47.521766662597656
2001-08-06,47.0057487487793
2001-08-07,46.53532028198242
2001-08-08,45.25434494018555
2001-08-09,45.02999496459961
2001-08-10,44.885231018066406
2001-08-13,45.51485824584961
2001-08-14,46.405059814453125
2001-08-15,46.03594207763672
2001-08-16,44.87077713012695
2001-08-17,44.15428924560547
2001-08-20,44.754981994628906
2001-08-21,42.96735763549805
2001-08-22,43.6042594909668
2001-08-23,43.5753059387207
2001-08-24,42.808162689208984
2001-08-27,42.540382385253906
2001-08-28,41.54164123535156
2001-08-29,41.02054977416992
2001-08-30,39.978397369384766
2001-08-31,40.246192932128906
2001-09-04,38.183570861816406
2001-09-05,37.98093032836914
2001-09-06,36.35979461669922
2001-09-07,35.10051345825195
2001-09-10,36.45389175415039
2001-09-17,32.50959777832031
2001-09-18,30.36737632751465
2001-09-19,29.006778717041016
2001-09-20,28.91269302368164
2001-09-21,28.948875427246094
2001-09-24,31.15624237060547
2001-09-25,30.97531509399414
2001-09-26,31.677305221557617
2001-09-27,31.641122817993164
2001-09-28,33.312931060791016
2001-10-01,33.68927764892578
2001-10-02,34.02939987182617
2001-10-03,35.10776138305664
2001-10-04,34.77484130859375
2001-10-05,34.01494598388672
2001-10-08,32.84974670410156
2001-10-09,33.18989181518555
2001-10-10,34.716941833496094
2001-10-11,34.521549224853516
2001-10-12,32.4227409362793
2001-10-15,30.7581787109375
2001-10-16,31.214139938354492
2001-10-17,34.659034729003906
2001-10-18,35.20907974243164
2001-10-19,34.49982452392578
2001-10-22,34.4853401184082
2001-10-23,34.449161529541016
2001-10-24,33.18264389038086
2001-10-25,32.42997360229492
2001-10-26,33.37805938720703
2001-10-29,32.212860107421875
2001-10-30,31.52532386779785
2001-10-31,29.896968841552734
2001-11-01,31.445722579956055
2001-11-02,31.872737884521484
2001-11-05,32.40643310546875
2001-11-06,34.12995529174805
2001-11-07,36.03451919555664
2001-11-08,36.20829772949219
2001-11-09,36.67901611328125
2001-11-12,37.51177978515625
2001-11-13,39.01805114746094
2001-11-14,39.46705627441406
2001-11-15,39.56120300292969
2001-11-16,37.58422088623047
2001-11-19,37.54800796508789
2001-11-20,37.01935577392578
2001-11-21,36.497962951660156
2001-11-23,37.685604095458984
2001-11-26,38.424232482910156
2001-11-27,39.430824279785156
2001-11-28,37.685604095458984
2001-11-29,37.2945671081543
2001-11-30,36.23001480102539
2001-12-03,35.15826416015625
2001-12-04,36.316917419433594
2001-12-05,37.1859245300293
2001-12-06,38.750125885009766
2001-12-07,37.70732116699219
2001-12-10,36.28070068359375
2001-12-11,36.99039840698242
2001-12-12,35.867942810058594
2001-12-13,34.97721862792969
2001-12-14,34.680294036865234
2001-12-17,35.447933197021484
2001-12-18,36.26624298095703
2001-12-19,37.43938064575195
2001-12-20,37.149723052978516
2001-12-21,36.46174621582031
2001-12-24,36.483482360839844
2001-12-26,37.17868423461914
2001-12-27,38.23595428466797
2001-12-28,39.63359832763672
2001-12-31,39.068763732910156
2002-01-02,38.46769332885742
2002-01-03,38.64150619506836
2002-01-04,41.205039978027344
2002-01-07,40.046382904052734
2002-01-08,39.401878356933594
2002-01-09,39.24980163574219
2002-01-10,38.7066764831543
2002-01-11,37.960777282714844
2002-01-14,37.873878479003906
2002-01-15,38.77907943725586
2002-01-16,39.365665435791016
2002-01-17,40.11880874633789
2002-01-18,39.71324920654297
2002-01-22,38.49666213989258
2002-01-23,37.656620025634766
2002-01-24,38.16355895996094
2002-01-25,38.56184005737305
2002-01-28,37.12074279785156
2002-01-29,34.11545944213867
2002-01-30,34.68754959106445
2002-01-31,36.3314094543457
2002-02-01,35.0568733215332
2002-02-04,32.99300003051758
2002-02-05,32.26161193847656
2002-02-06,32.18695831298828
2002-02-07,33.44776916503906
2002-02-08,34.43325424194336
2002-02-11,33.0999641418457
2002-02-12,34.4911994934082
2002-02-13,35.32449722290039
2002-02-14,34.389774322509766
2002-02-15,33.32460403442383
2002-02-19,32.8825798034668
2002-02-20,33.84632110595703
2002-02-21,32.534786224365234
2002-02-22,31.947830200195312
2002-02-25,34.05644607543945
2002-02-26,34.3317985534668
2002-02-27,35.43319320678711
2002-02-28,35.70130157470703
2002-03-01,36.657772064208984
2002-03-04,39.99820327758789
2002-03-05,40.72281265258789
2002-03-06,41.37495422363281
2002-03-07,42.164764404296875
2002-03-08,42.36040496826172
2002-03-11,44.106719970703125
2002-03-12,44.22990036010742
2002-03-13,43.18644714355469
2002-03-14,43.30964660644531
2002-03-15,44.96174621582031
2002-03-18,45.27333450317383
2002-03-19,46.23705291748047
2002-03-20,45.03421401977539
2002-03-21,45.12113952636719
2002-03-22,45.91823196411133
2002-03-25,43.86760330200195
2002-03-26,45.468971252441406
2002-03-27,46.31675338745117
2002-03-28,46.266029357910156
2002-04-01,46.08488845825195
2002-04-02,46.36747741699219
2002-04-03,44.8892707824707
2002-04-04,44.73711395263672
2002-04-05,44.53422546386719
2002-04-08,45.47623825073242
2002-04-09,45.650142669677734
2002-04-10,46.6645622253418
2002-04-11,45.128414154052734
2002-04-12,45.2515869140625
2002-04-15,44.903785705566406
2002-04-16,46.200809478759766
2002-04-17,46.30949783325195
2002-04-18,47.1645393371582
2002-04-19,47.64279556274414
2002-04-22,47.084842681884766
2002-04-23,47.46165466308594
2002-04-24,46.6645622253418
2002-04-25,45.563167572021484
2002-04-26,44.96174621582031
2002-04-29,42.57053756713867
2002-04-30,43.39661407470703
2002-05-01,42.96908187866211
2002-05-02,43.86760330200195
2002-05-03,43.28791809082031
2002-05-06,41.61113357543945
2002-05-07,42.263580322265625
2002-05-08,45.3155517578125
2002-05-09,43.87294006347656
2002-05-10,43.71345520019531
2002-05-13,44.960323333740234
2002-05-14,46.86690902709961
2002-05-15,46.73640823364258
2002-05-16,46.35944366455078
2002-05-17,46.540679931640625
2002-05-20,45.51853942871094
2002-05-21,44.94585418701172
2002-05-22,45.1995735168457
2002-05-23,45.91725158691406
2002-05-24,45.99699401855469
2002-05-28,44.66310501098633
2002-05-29,45.11982345581055
2002-05-30,44.99658203125
2002-05-31,45.264793395996094
2002-06-03,43.88016891479492
2002-06-04,42.937767028808594
2002-06-05,43.82219314575195
2002-06-06,43.33647918701172
2002-06-07,43.4959716796875
2002-06-10,43.35099411010742
2002-06-11,42.7637825012207
2002-06-12,41.321163177490234
2002-06-13,40.067039489746094
2002-06-14,40.32801818847656
2002-06-17,43.20597839355469
2002-06-18,43.34372329711914
2002-06-19,42.56805419921875
2002-06-20,41.35740661621094
2002-06-21,41.57489776611328
2002-06-24,42.07509994506836
2002-06-25,41.727142333984375
2002-06-26,41.17616271972656
2002-06-27,42.84352493286133
2002-06-28,44.25715637207031
2002-07-01,42.430328369140625
2002-07-02,41.139930725097656
2002-07-03,41.66913986206055
2002-07-05,43.4597282409668
2002-07-08,42.06784439086914
2002-07-09,40.19752883911133
2002-07-10,37.26879119873047
2002-07-11,36.55110168457031
2002-07-12,37.33405685424805
2002-07-15,37.051307678222656
2002-07-16,36.68162536621094
2002-07-17,22.09595489501953
2002-07-18,24.147518157958984
2002-07-19,25.52487564086914
2002-07-22,24.720203399658203
2002-07-23,22.465667724609375
2002-07-24,24.147518157958984
2002-07-25,23.480571746826172
2002-07-26,22.110448837280273
2002-07-29,21.27677345275879
2002-07-30,21.697237014770508
2002-07-31,22.980369567871094
2002-08-01,21.74798583984375
2002-08-02,20.733076095581055
2002-08-05,17.905847549438477
2002-08-06,19.384145736694336
2002-08-07,18.34635353088379
2002-08-08,20.102615356445312
2002-08-09,21.11863136291504
2002-08-12,20.958961486816406
2002-08-13,21.191204071044922
2002-08-14,22.533788681030273
2002-08-15,23.767534255981445
2002-08-16,23.586095809936523
2002-08-19,25.255260467529297
2002-08-20,25.385900497436523
2002-08-21,25.603609085083008
2002-08-22,26.982505798339844
2002-08-23,26.169677734375
2002-08-26,26.583351135253906
2002-08-27,25.98099136352539
2002-08-28,25.639909744262695
2002-08-29,25.77053451538086
2002-08-30,25.886642456054688
2002-09-03,24.26828956604004
2002-09-04,25.785045623779297
2002-09-05,25.451208114624023
2002-09-06,26.496257781982422
2002-09-09,28.651653289794922
2002-09-10,28.267026901245117
2002-09-11,29.7547607421875
2002-09-12,28.013017654418945
2002-09-13,28.24525260925293
2002-09-16,28.06382179260254
2002-09-17,25.574600219726562
2002-09-18,26.1188907623291
2002-09-19,25.306066513061523
2002-09-20,25.291549682617188
2002-09-23,25.146425247192383
2002-09-24,24.856103897094727
2002-09-25,25.676189422607422
2002-09-26,26.300308227539062
2002-09-27,25.18268585205078
2002-09-30,25.34235382080078
2002-10-01,26.358362197875977
2002-10-02,24.384401321411133
2002-10-03,23.535297393798828
2002-10-04,22.047569274902344
2002-10-07,20.363876342773438
2002-10-08,21.54681396484375
2002-10-09,19.231740951538086
2002-10-10,21.20570945739746
2002-10-11,22.250761032104492
2002-10-14,23.339357376098633
2002-10-15,25.1391544342041
2002-10-16,20.21147346496582
2002-10-17,21.01702308654785
2002-10-18,21.895153045654297
2002-10-21,22.954715728759766
2002-10-22,23.382890701293945
2002-10-23,23.063570022583008
2002-10-24,20.864622116088867
2002-10-25,21.996755599975586
2002-10-28,22.41768455505371
2002-10-29,21.974985122680664
2002-10-30,22.744260787963867
2002-10-31,22.112869262695312
2002-11-01,22.715227127075195
2002-11-04,23.999771118164062
2002-11-05,24.45696449279785
2002-11-06,24.01245880126953
2002-11-07,22.479900360107422
2002-11-08,21.295988082885742
2002-11-11,21.30324935913086
2002-11-12,20.751232147216797
2002-11-13,20.45343589782715
2002-11-14,21.78989028930664
2002-11-15,22.516216278076172
2002-11-18,21.019983291625977
2002-11-19,21.078079223632812
2002-11-20,21.339563369750977
2002-11-21,24.077835083007812
2002-11-22,22.908437728881836
2002-11-25,24.491836547851562
2002-11-26,23.932567596435547
2002-11-27,25.167329788208008
2002-11-29,24.549942016601562
2002-12-02,26.024385452270508
2002-12-03,24.69521141052246
2002-12-04,25.043853759765625
2002-12-05,25.14553451538086
2002-12-06,24.528146743774414
2002-12-09,23.794551849365234
2002-12-10,23.932567596435547
2002-12-11,23.387815475463867
2002-12-12,23.300655364990234
2002-12-13,21.93515968322754
2002-12-16,23.42412567138672
2002-12-17,23.162649154663086
2002-12-18,22.269269943237305
2002-12-19,22.501691818237305
2002-12-20,22.908437728881836
2002-12-23,22.952014923095703
2002-12-24,22.697795867919922
2002-12-26,22.697795867919922
2002-12-27,21.535676956176758
2002-12-30,21.86979103088379
2002-12-31,21.586519241333008
2003-01-02,23.039182662963867
2003-01-03,23.060955047607422
2003-01-06,24.1431941986084
2003-01-07,23.387815475463867
2003-01-08,25.719335556030273
2003-01-09,26.5183048248291
2003-01-10,28.326845169067383
2003-01-13,28.246965408325195
2003-01-14,28.10896110534668
2003-01-15,26.837888717651367
2003-01-16,25.552270889282227
2003-01-17,24.15044403076172
2003-01-21,23.228017807006836
2003-01-22,23.82361602783203
2003-01-23,23.4313907623291
2003-01-24,22.893905639648438
2003-01-27,22.09494400024414
2003-01-28,22.99559211730957
2003-01-29,23.12633514404297
2003-01-30,22.574323654174805
2003-01-31,22.55252456665039
2003-02-03,23.111814498901367
2003-02-04,22.545269012451172
2003-02-05,22.203901290893555
2003-02-06,21.67829704284668
2003-02-07,21.809146881103516
2003-02-10,21.692838668823242
2003-02-11,21.59833335876465
2003-02-12,21.62740707397461
2003-02-13,21.16214942932129
2003-02-14,21.961816787719727
2003-02-18,23.33579444885254
2003-02-19,22.42707633972168
2003-02-20,21.932735443115234
2003-02-21,22.4052734375
2003-02-24,21.649219512939453
2003-02-25,21.8818416595459
2003-02-26,21.700103759765625
2003-02-27,22.099937438964844
2003-02-28,22.51431655883789
2003-03-03,20.53694725036621
2003-03-04,19.897214889526367
2003-03-05,20.144384384155273
2003-03-06,19.570077896118164
2003-03-07,19.9771785736084
2003-03-10,19.657306671142578
2003-03-11,18.450536727905273
2003-03-12,19.097543716430664
2003-03-13,20.57330894470215
2003-03-14,20.53694725036621
2003-03-17,21.78006362915039
2003-03-18,22.049047470092773
2003-03-19,22.82691192626953
2003-03-20,22.6669864654541
2003-03-21,23.699281692504883
2003-03-24,22.72513771057129
2003-03-25,22.88506507873535
2003-03-26,23.30670738220215
2003-03-27,22.834184646606445
2003-03-28,22.6669864654541
2003-03-31,21.816421508789062
2003-04-01,22.80510711669922
2003-04-02,23.975526809692383
2003-04-03,24.15726661682129
2003-04-04,24.45532989501953
2003-04-07,24.49167251586914
2003-04-08,24.21542739868164
2003-04-09,23.655656814575195
2003-04-10,24.978757858276367
2003-04-11,24.7970027923584
2003-04-14,25.5603084564209
2003-04-15,27.254180908203125
2003-04-16,26.67259407043457
2003-04-17,27.203277587890625
2003-04-21,27.10875701904297
2003-04-22,27.75577163696289
2003-04-23,28.402790069580078
2003-04-24,27.908445358276367
2003-04-25,27.399559020996094
2003-04-28,28.257396697998047
2003-04-29,29.151578903198242
2003-04-30,30.438291549682617
2003-05-01,30.118436813354492
2003-05-02,31.114389419555664
2003-05-05,32.292076110839844
2003-05-06,33.897483825683594
2003-05-07,33.86837387084961
2003-05-08,32.5735969543457
2003-05-09,32.66815948486328
2003-05-12,33.93385314941406
2003-05-13,34.18845748901367
2003-05-14,32.980960845947266
2003-05-15,32.61722946166992
2003-05-16,32.61722946166992
2003-05-19,31.111495971679688
2003-05-20,31.1551570892334
2003-05-21,32.20261001586914
2003-05-22,32.52995300292969
2003-05-23,32.6972541809082
2003-05-27,34.137535095214844
2003-05-28,35.708740234375
2003-05-29,34.464874267578125
2003-05-30,35.03951644897461
2003-06-02,37.46909713745117
2003-06-03,36.32705307006836
2003-06-04,37.810970306396484
2003-06-05,38.669307708740234
2003-06-06,38.298336029052734
2003-06-09,36.40706253051758
2003-06-10,36.865333557128906
2003-06-11,38.68386459350586
2003-06-12,39.08393478393555
2003-06-13,38.50202178955078
2003-06-16,38.909358978271484
2003-06-17,38.11648941040039
2003-06-18,37.71638870239258
2003-06-19,36.93080139160156
2003-06-20,36.10882568359375
2003-06-23,35.33047103881836
2003-06-24,36.0069694519043
2003-06-25,35.38870620727539
2003-06-26,36.33433151245117
2003-06-27,35.55599594116211
2003-06-30,35.774208068847656
2003-07-01,35.62145233154297
2003-07-02,35.83241653442383
2003-07-03,35.825130462646484
2003-07-07,37.19266128540039
2003-07-08,37.86187744140625
2003-07-09,37.65821075439453
2003-07-10,36.8944091796875
2003-07-11,37.6436653137207
2003-07-14,40.02957534790039
2003-07-15,38.35654067993164
2003-07-16,40.240535736083984
2003-07-17,35.07588577270508
2003-07-18,35.614200592041016
2003-07-21,35.817848205566406
2003-07-22,35.2140998840332
2003-07-23,34.82855987548828
2003-07-24,34.915870666503906
2003-07-25,36.23249053955078
2003-07-28,35.86148452758789
2003-07-29,35.155914306640625
2003-07-30,34.639442443847656
2003-07-31,34.85039520263672
2003-08-01,34.37031936645508
2003-08-04,34.32666015625
2003-08-05,33.38100814819336
2003-08-06,33.86649703979492
2003-08-07,34.06300354003906
2003-08-08,34.798126220703125
2003-08-11,35.00191879272461
2003-08-12,36.748748779296875
2003-08-13,36.26109313964844
2003-08-14,36.304744720458984
2003-08-15,36.2174186706543
2003-08-18,36.53767395019531
2003-08-19,36.90159606933594
2003-08-20,37.22911834716797
2003-08-21,37.41109085083008
2003-08-22,37.600318908691406
2003-08-25,38.04430389404297
2003-08-26,38.38639831542969
2003-08-27,38.10982894897461
2003-08-28,38.49555969238281
2003-08-29,38.86676788330078
2003-09-02,40.43890380859375
2003-09-03,39.41263961791992
2003-09-04,39.128787994384766
2003-09-05,39.24524688720703
2003-09-08,40.32245635986328
2003-09-09,40.79555892944336
2003-09-10,42.87718963623047
2003-09-11,42.38951110839844
2003-09-12,42.702491760253906
2003-09-15,43.00818634033203
2003-09-16,43.67052459716797
2003-09-17,44.2891845703125
2003-09-18,44.79867935180664
2003-09-19,44.8350715637207
2003-09-22,44.07810974121094
2003-09-23,43.81608581542969
2003-09-24,42.55692672729492
2003-09-25,41.82181930541992
2003-09-26,40.94839096069336
2003-09-29,42.04015350341797
2003-09-30,41.5161018371582
2003-10-01,42.65882110595703
2003-10-02,43.13192367553711
2003-10-03,43.452171325683594
2003-10-06,43.93254470825195
2003-10-07,44.08539581298828
2003-10-08,44.26007843017578
2003-10-09,46.057838439941406
2003-10-10,45.11164855957031
2003-10-13,45.85404968261719
2003-10-14,45.38094711303711
2003-10-15,44.580322265625
2003-10-16,44.536651611328125
2003-10-17,44.03445053100586
2003-10-20,44.4420166015625
2003-10-21,44.966087341308594
2003-10-22,43.743289947509766
2003-10-23,45.475582122802734
2003-10-24,45.09709167480469
2003-10-27,44.93695831298828
2003-10-28,46.66923522949219
2003-10-29,46.13063049316406
2003-10-30,43.437625885009766
2003-10-31,44.25278854370117
2003-11-03,44.893310546875
2003-11-04,44.90785598754883
2003-11-05,44.6224250793457
2003-11-06,44.38211441040039
2003-11-07,43.69035339355469
2003-11-10,43.16606140136719
2003-11-11,43.30441665649414
2003-11-12,43.996185302734375
2003-11-13,43.741336822509766
2003-11-14,42.852935791015625
2003-11-17,42.19760513305664
2003-11-18,41.979148864746094
2003-11-19,42.26313018798828
2003-11-20,41.52040100097656
2003-11-21,41.14174270629883
2003-11-24,42.656349182128906
2003-11-25,42.73643493652344
2003-11-26,43.49373245239258
2003-11-28,43.48646545410156
2003-12-01,43.835968017578125
2003-12-02,43.35539245605469
2003-12-03,43.9452018737793
2003-12-04,43.76316452026367
2003-12-05,43.07870101928711
2003-12-08,43.02043533325195
2003-12-09,42.000972747802734
2003-12-10,40.26795196533203
2003-12-11,40.770362854003906
2003-12-12,40.959712982177734
2003-12-15,40.38445281982422
2003-12-16,41.14174270629883
2003-12-17,41.170867919921875
2003-12-18,43.1733512878418
2003-12-19,43.47917938232422
2003-12-22,44.069000244140625
2003-12-23,44.17823028564453
2003-12-24,44.163673400878906
2003-12-26,44.003475189208984
2003-12-29,44.782615661621094
2003-12-30,44.47677993774414
2003-12-31,44.62969207763672
2004-01-02,43.85783767700195
2004-01-05,45.51077651977539
2004-01-06,46.39187240600586
2004-01-07,46.537513732910156
2004-01-08,47.20742416381836
2004-01-09,46.61761474609375
2004-01-12,46.75596237182617
2004-01-13,46.785099029541016
2004-01-14,47.17828369140625
2004-01-15,48.86037826538086
2004-01-16,48.984153747558594
2004-01-20,49.44291305541992
2004-01-21,50.86281967163086
2004-01-22,53.99396896362305
2004-01-23,53.9284553527832
2004-01-26,53.62990951538086
2004-01-27,53.30949783325195
2004-01-28,51.263343811035156
2004-01-29,50.68082046508789
2004-01-30,51.758487701416016
2004-02-02,52.04976272583008
2004-02-03,52.2463493347168
2004-02-04,51.38712692260742
2004-02-05,50.71721267700195
2004-02-06,52.18728256225586
2004-02-09,52.68990707397461
2004-02-10,52.50777816772461
2004-02-11,54.05210876464844
2004-02-12,53.54221725463867
2004-02-13,53.21440124511719
2004-02-17,52.529624938964844
2004-02-18,52.19455337524414
2004-02-19,52.63159942626953
2004-02-20,51.8084602355957
2004-02-23,50.985313415527344
2004-02-24,50.016422271728516
2004-02-25,51.553504943847656
2004-02-26,51.72105407714844
2004-02-27,51.51706314086914
2004-03-01,51.881309509277344
2004-03-02,51.72105407714844
2004-03-03,51.93959045410156
2004-03-04,53.469356536865234
2004-03-05,53.74617004394531
2004-03-08,54.20512390136719
2004-03-09,53.039554595947266
2004-03-10,53.78986740112305
2004-03-11,52.34754943847656
2004-03-12,53.54221725463867
2004-03-15,53.010406494140625
2004-03-16,52.9813117980957
2004-03-17,53.425655364990234
2004-03-18,53.78260040283203
2004-03-19,52.740901947021484
2004-03-22,52.23095703125
2004-03-23,52.267364501953125
2004-03-24,52.0780029296875
2004-03-25,52.595211029052734
2004-03-26,53.65148162841797
2004-03-29,54.40909957885742
2004-03-30,55.20310974121094
2004-03-31,54.94817352294922
2004-04-01,55.363380432128906
2004-04-02,54.62760543823242
2004-04-05,55.509063720703125
2004-04-06,55.960697174072266
2004-04-07,55.26140594482422
2004-04-08,54.9335823059082
2004-04-12,56.47064971923828
2004-04-13,54.707759857177734
2004-04-14,53.28725051879883
2004-04-15,52.25282287597656
2004-04-16,53.70247268676758
2004-04-19,53.73887634277344
2004-04-20,52.43495559692383
2004-04-21,52.0343017578125
2004-04-22,51.466064453125
2004-04-23,50.15484619140625
2004-04-26,49.30253982543945
2004-04-27,49.848876953125
2004-04-28,48.370113372802734
2004-04-29,48.12971115112305
2004-04-30,47.73633575439453
2004-05-03,47.80190658569336
2004-05-04,48.668766021728516
2004-05-05,48.785316467285156
2004-05-06,48.448631286621094
2004-05-07,46.61216354370117
2004-05-10,44.92138671875
2004-05-11,46.20402908325195
2004-05-12,47.071266174316406
2004-05-13,47.78546142578125
2004-05-14,47.98221969604492
2004-05-17,47.12227249145508
2004-05-18,47.88747787475586
2004-05-19,48.09882354736328
2004-05-20,48.74015426635742
2004-05-21,48.95148849487305
2004-05-24,49.082672119140625
2004-05-25,50.467323303222656
2004-05-26,50.29971694946289
2004-05-27,51.006629943847656
2004-05-28,51.057640075683594
2004-06-01,50.56206130981445
2004-06-02,50.773414611816406
2004-06-03,49.782291412353516
2004-06-04,50.91188430786133
2004-06-07,52.369449615478516
2004-06-08,52.06332778930664
2004-06-09,51.60420227050781
2004-06-10,51.13051986694336
2004-06-14,51.19609832763672
2004-06-15,51.58231735229492
2004-06-16,51.91031265258789
2004-06-17,52.4568977355957
2004-06-18,52.019622802734375
2004-06-21,51.65522766113281
2004-06-22,51.538612365722656
2004-06-23,51.50218963623047
2004-06-24,51.14506912231445
2004-06-25,51.20338821411133
2004-06-28,50.30699920654297
2004-06-29,49.65110397338867
2004-06-30,49.83330535888672
2004-07-01,50.000919342041016
2004-07-02,49.62193298339844
2004-07-06,49.44706726074219
2004-07-07,49.89888000488281
2004-07-08,49.228424072265625
2004-07-09,48.39763259887695
2004-07-12,48.71099853515625
2004-07-13,48.39763259887695
2004-07-14,48.23000717163086
2004-07-15,48.18626403808594
2004-07-16,48.1134033203125
2004-07-19,47.515804290771484
2004-07-20,48.32473373413086
2004-07-21,48.09882354736328
2004-07-22,50.503787994384766
2004-07-23,49.53447723388672
2004-07-26,49.738548278808594
2004-07-27,49.94990921020508
2004-07-28,49.41061019897461
2004-07-29,50.27056121826172
2004-07-30,50.518333435058594
2004-08-02,50.66411590576172
2004-08-03,50.22682571411133
2004-08-04,49.920745849609375
2004-08-05,48.77657699584961
2004-08-06,48.08250045776367
2004-08-09,47.9221076965332
2004-08-10,49.759376525878906
2004-08-11,49.103214263916016
2004-08-12,48.9865608215332
2004-08-13,49.59169387817383
2004-08-16,50.685298919677734
2004-08-17,50.75092315673828
2004-08-18,51.10085678100586
2004-08-19,50.998809814453125
2004-08-20,51.65497589111328
2004-08-23,51.24668884277344
2004-08-24,51.3706169128418
2004-08-25,51.39250946044922
2004-08-26,50.72903823852539
2004-08-27,50.247859954833984
2004-08-30,49.66459274291992
2004-08-31,49.402122497558594
2004-09-01,49.803123474121094
2004-09-02,50.430118560791016
2004-09-03,49.999969482421875
2004-09-07,51.23939895629883
2004-09-08,50.641571044921875
2004-09-09,50.75092315673828
2004-09-10,52.89439010620117
2004-09-13,53.44123077392578
2004-09-14,53.601627349853516
2004-09-15,53.062076568603516
2004-09-16,52.94544982910156
2004-09-17,53.35371017456055
2004-09-20,53.04022216796875
2004-09-21,53.94427490234375
2004-09-22,53.54328918457031
2004-09-23,53.04750061035156
2004-09-24,53.659915924072266
2004-09-27,53.56517028808594
2004-09-28,54.666038513183594
2004-09-29,54.34527587890625
2004-09-30,53.878658294677734
2004-10-01,54.359832763671875
2004-10-04,54.600440979003906
2004-10-05,54.192161560058594
2004-10-06,54.74625778198242
2004-10-07,53.85679626464844
2004-10-08,53.178733825683594
2004-10-11,53.33186340332031
2004-10-12,52.52257537841797
2004-10-13,51.501853942871094
2004-10-14,50.46658706665039
2004-10-15,50.96964645385742
2004-10-18,50.80925369262695
2004-10-19,51.0352668762207
2004-10-20,50.342647552490234
2004-10-21,51.48728561401367
2004-10-22,50.88945007324219
2004-10-25,51.39250946044922
2004-10-26,53.09853744506836
2004-10-27,53.7474365234375
2004-10-28,53.455772399902344
2004-10-29,53.77656555175781
2004-11-01,54.30150604248047
2004-11-02,54.28694534301758
2004-11-03,54.50564956665039
2004-11-04,55.774269104003906
2004-11-05,56.24087142944336
2004-11-08,56.17523193359375
2004-11-09,56.706207275390625
2004-11-10,57.362613677978516
2004-11-11,57.800201416015625
2004-11-12,58.143001556396484
2004-11-15,58.150306701660156
2004-11-16,57.12921142578125
2004-11-17,57.457427978515625
2004-11-18,57.79288864135742
2004-11-19,56.64786911010742
2004-11-22,57.04169845581055
2004-11-23,57.96067428588867
2004-11-24,58.33993148803711
2004-11-26,58.332611083984375
2004-11-29,57.260494232177734
2004-11-30,57.31154251098633
2004-12-01,57.836673736572266
2004-12-02,58.28158950805664
2004-12-03,57.79288864135742
2004-12-06,57.8731689453125
2004-12-07,57.39177322387695
2004-12-08,57.32611083984375
2004-12-09,57.75644302368164
2004-12-10,59.16407012939453
2004-12-13,59.791316986083984
2004-12-14,59.70378494262695
2004-12-15,60.13410186767578
2004-12-16,59.67461013793945
2004-12-17,59.83504867553711
2004-12-20,59.75483322143555
2004-12-21,60.352901458740234
2004-12-22,60.338314056396484
2004-12-23,60.119476318359375
2004-12-27,60.39665985107422
2004-12-28,61.2281379699707
2004-12-29,61.38127136230469
2004-12-30,61.11144256591797
2004-12-31,61.417747497558594
2005-01-03,61.11874008178711
2005-01-04,59.988243103027344
2005-01-05,59.39017868041992
2005-01-06,60.13410186767578
2005-01-07,59.7767219543457
2005-01-10,60.03199005126953
2005-01-11,59.87154769897461
2005-01-12,60.148681640625
2005-01-13,59.83504867553711
2005-01-14,59.893402099609375
2005-01-18,60.484188079833984
2005-01-19,59.878807067871094
2005-01-20,57.369895935058594
2005-01-21,57.17293930053711
2005-01-24,55.97684097290039
2005-01-25,56.202964782714844
2005-01-26,57.43556213378906
2005-01-27,56.61138153076172
2005-01-28,56.61138153076172
2005-01-31,57.09273147583008
2005-02-01,57.9533805847168
2005-02-02,57.23131561279297
2005-02-03,57.1948356628418
2005-02-04,57.493900299072266
2005-02-07,57.30422592163086
2005-02-08,56.41197204589844
2005-02-09,56.05447769165039
2005-02-10,56.32442092895508
2005-02-11,57.199928283691406
2005-02-14,57.528236389160156
2005-02-15,57.27287673950195
2005-02-16,57.36774444580078
2005-02-17,56.82054901123047
2005-02-18,56.04719543457031
2005-02-22,54.719329833984375
2005-02-23,55.02571487426758
2005-02-24,55.448883056640625
2005-02-25,56.433841705322266
2005-02-28,55.945011138916016
2005-03-01,55.996089935302734
2005-03-02,55.842864990234375
2005-03-03,55.88665008544922
2005-03-04,56.9664421081543
2005-03-07,55.448883056640625
2005-03-08,57.45529556274414
2005-03-09,57.199928283691406
2005-03-10,57.42610549926758
2005-03-11,56.82054901123047
2005-03-14,57.64500427246094
2005-03-15,57.05400466918945
2005-03-16,56.17850112915039
2005-03-17,56.1274528503418
2005-03-18,55.91583251953125
2005-03-21,56.14932632446289
2005-03-22,55.18626403808594
2005-03-23,55.31028366088867
2005-03-24,54.755802154541016
2005-03-28,54.106441497802734
2005-03-29,53.81460952758789
2005-03-30,54.507728576660156
2005-03-31,54.551509857177734
2005-04-01,54.485862731933594
2005-04-04,54.595306396484375
2005-04-05,54.79226303100586
2005-04-06,54.84336471557617
2005-04-07,54.92361831665039
2005-04-08,54.25238800048828
2005-04-11,54.02619934082031
2005-04-12,54.64634704589844
2005-04-13,54.37641143798828
2005-04-14,54.15752410888672
2005-04-15,53.26012420654297
2005-04-18,53.143394470214844
2005-04-19,53.58845901489258
2005-04-20,52.705650329589844
2005-04-21,52.260589599609375
2005-04-22,51.54557418823242
2005-04-25,52.377315521240234
2005-04-26,51.79365921020508
2005-04-27,52.246009826660156
2005-04-28,51.76448059082031
2005-04-29,51.7207145690918
2005-05-02,52.32624053955078
2005-05-03,52.21680450439453
2005-05-04,52.89533615112305
2005-05-05,52.53055191040039
2005-05-06,52.229103088378906
2005-05-09,52.338592529296875
2005-05-10,51.87875747680664
2005-05-11,52.52104949951172
2005-05-12,51.98094177246094
2005-05-13,51.83498764038086
2005-05-16,53.053863525390625
2005-05-17,53.46987533569336
2005-05-18,54.15595245361328
2005-05-19,54.3822021484375
2005-05-20,54.25810241699219
2005-05-23,54.097557067871094
2005-05-24,54.15595245361328
2005-05-25,54.002662658691406
2005-05-26,54.28002166748047
2005-05-27,54.64494705200195
2005-05-31,55.03176498413086
2005-06-01,55.126670837402344
2005-06-02,55.0755729675293
2005-06-03,54.68876266479492
2005-06-06,54.557395935058594
2005-06-07,54.739837646484375
2005-06-08,54.652259826660156
2005-06-09,54.97340774536133
2005-06-10,54.404109954833984
2005-06-13,54.48439025878906
2005-06-14,54.30191421508789
2005-06-15,54.79823684692383
2005-06-16,54.666831970214844
2005-06-17,54.72525405883789
2005-06-20,54.72525405883789
2005-06-21,54.58656692504883
2005-06-22,54.33111572265625
2005-06-23,53.353092193603516
2005-06-24,53.54286575317383
2005-06-27,53.73261642456055
2005-06-28,54.26542282104492
2005-06-29,53.929683685302734
2005-06-30,58.3964958190918
2005-07-01,57.513343811035156
2005-07-05,57.659305572509766
2005-07-06,58.11178970336914
2005-07-07,59.45476531982422
2005-07-08,59.739418029785156
2005-07-11,60.1262321472168
2005-07-12,60.447383880615234
2005-07-13,60.55683898925781
2005-07-14,60.1335563659668
2005-07-15,59.97296905517578
2005-07-18,59.55695724487305
2005-07-19,59.30879592895508
2005-07-20,59.1555290222168
2005-07-21,61.43270492553711
2005-07-22,61.96550750732422
2005-07-25,61.11885452270508
2005-07-26,61.06047439575195
2005-07-27,60.63712692260742
2005-07-28,61.00938415527344
2005-07-29,60.213829040527344
2005-08-01,60.834228515625
2005-08-02,60.91446304321289
2005-08-03,60.68092727661133
2005-08-04,61.27214813232422
2005-08-05,61.56409454345703
2005-08-08,61.291748046875
2005-08-09,61.72251510620117
2005-08-10,60.393741607666016
2005-08-11,60.875587463378906
2005-08-12,60.83909225463867
2005-08-15,60.9485969543457
2005-08-16,61.11651611328125
2005-08-17,62.218963623046875
2005-08-18,61.91233825683594
2005-08-19,61.91233825683594
2005-08-22,62.37963104248047
2005-08-23,61.41585922241211
2005-08-24,60.48133087158203
2005-08-25,60.4886360168457
2005-08-26,59.24015808105469
2005-08-29,59.64904022216797
2005-08-30,59.40079879760742
2005-08-31,60.04325485229492
2005-09-01,58.50278854370117
2005-09-02,59.89725875854492
2005-09-06,58.77291488647461
2005-09-07,58.00629806518555
2005-09-08,57.66316223144531
2005-09-09,57.896785736083984
2005-09-12,58.926246643066406
2005-09-13,58.809444427490234
2005-09-14,58.758296966552734
2005-09-15,58.612308502197266
2005-09-16,59.86806106567383
2005-09-19,59.83155059814453
2005-09-20,59.82424545288086
2005-09-21,57.97713851928711
2005-09-22,57.93327331542969
2005-09-23,58.3056640625
2005-09-26,58.82402420043945
2005-09-27,58.52469253540039
2005-09-28,58.40787887573242
2005-09-29,58.699893951416016
2005-09-30,58.05738830566406
2005-10-03,58.480857849121094
2005-10-04,57.46604537963867
2005-10-05,56.312461853027344
2005-10-06,55.53857421875
2005-10-07,55.151607513427734
2005-10-10,54.61134719848633
2005-10-11,53.63300704956055
2005-10-12,53.10005187988281
2005-10-13,52.57436752319336
2005-10-14,53.27527618408203
2005-10-17,53.041629791259766
2005-10-18,52.66196823120117
2005-10-19,53.69869613647461
2005-10-20,53.0051383972168
2005-10-21,54.35580825805664
2005-10-24,55.42177200317383
2005-10-25,54.596744537353516
2005-10-26,54.77194595336914
2005-10-27,54.144073486328125
2005-10-28,54.94719314575195
2005-10-31,55.74299240112305
2005-11-01,55.33416748046875
2005-11-02,55.3049430847168
2005-11-03,55.151607513427734
2005-11-04,55.67729187011719
2005-11-07,56.43659973144531
2005-11-08,54.922576904296875
2005-11-09,57.011375427246094
2005-11-10,58.85187530517578
2005-11-11,59.027164459228516
2005-11-14,59.09288024902344
2005-11-15,59.341190338134766
2005-11-16,59.69908905029297
2005-11-17,60.400203704833984
2005-11-18,61.5980110168457
2005-11-21,61.48110580444336
2005-11-22,61.62725067138672
2005-11-23,61.73676681518555
2005-11-25,62.03621292114258
2005-11-28,61.021018981933594
2005-11-29,61.2109260559082
2005-11-30,60.663124084472656
2005-12-01,61.532264709472656
2005-12-02,61.73676681518555
2005-12-05,61.327789306640625
2005-12-06,61.897430419921875
2005-12-07,61.05754852294922
2005-12-08,60.465946197509766
2005-12-09,61.69294357299805
2005-12-12,61.218223571777344
2005-12-13,60.80189895629883
2005-12-14,61.94125747680664
2005-12-15,62.613197326660156
2005-12-16,62.620487213134766
2005-12-19,62.81037902832031
2005-12-20,64.16152954101562
2005-12-21,64.05928039550781
2005-12-22,64.11038970947266
2005-12-23,64.27838897705078
2005-12-27,63.5334587097168
2005-12-28,63.22669219970703
2005-12-29,63.328948974609375
2005-12-30,63.102535247802734
2006-01-03,63.52613830566406
2006-01-04,63.11714553833008
2006-01-05,63.131744384765625
2006-01-06,63.131744384765625
2006-01-09,64.35873413085938
2006-01-10,64.06658172607422
2006-01-11,64.27108764648438
2006-01-12,63.3216552734375
2006-01-13,63.27781295776367
2006-01-17,62.81037902832031
2006-01-18,62.81037902832031
2006-01-19,62.459808349609375
2006-01-20,62.204200744628906
2006-01-23,61.71485900878906
2006-01-24,61.62725067138672
2006-01-25,60.98450469970703
2006-01-26,61.93396759033203
2006-01-27,61.8901252746582
2006-01-30,61.55418395996094
2006-01-31,60.83846664428711
2006-02-01,60.816524505615234
2006-02-02,60.400203704833984
2006-02-03,60.816524505615234
2006-02-06,60.83846664428711
2006-02-07,59.70637130737305
2006-02-08,60.975425720214844
2006-02-09,61.46492385864258
2006-02-10,62.2247314453125
2006-02-13,62.82384490966797
2006-02-14,63.43754196166992
2006-02-15,64.70147705078125
2006-02-16,64.21926879882812
2006-02-17,63.75167465209961
2006-02-21,63.71514129638672
2006-02-22,65.51970672607422
2006-02-23,64.86946105957031
2006-02-24,64.913330078125
2006-02-27,64.8621826171875
2006-02-28,64.00010681152344
2006-03-01,64.50421905517578
2006-03-02,65.13982391357422
2006-03-03,64.54805755615234
2006-03-06,63.91242980957031
2006-03-07,63.415618896484375
2006-03-08,62.85304260253906
2006-03-09,62.75804901123047
2006-03-10,65.695068359375
2006-03-13,60.71241760253906
2006-03-14,60.16444778442383
2006-03-15,60.668582916259766
2006-03-16,61.36991882324219
2006-03-17,59.835689544677734
2006-03-20,59.17816925048828
2006-03-21,59.12702178955078
2006-03-22,59.95258331298828
2006-03-23,59.85029602050781
2006-03-24,59.9818229675293
2006-03-27,60.25944519042969
2006-03-28,59.3973274230957
2006-03-29,59.73342514038086
2006-03-30,59.10511779785156
2006-03-31,58.827476501464844
2006-04-03,59.25124740600586
2006-04-04,60.04026412963867
2006-04-05,60.19371032714844
2006-04-06,60.33250427246094
2006-04-07,60.70508575439453
2006-04-10,61.011962890625
2006-04-11,60.52976608276367
2006-04-12,60.82199478149414
2006-04-13,61.29689025878906
2006-04-17,60.93888854980469
2006-04-18,61.37727737426758
2006-04-19,61.2457160949707
2006-04-20,61.0557861328125
2006-04-21,62.89687728881836
2006-04-24,62.50965881347656
2006-04-25,61.976341247558594
2006-04-26,62.246665954589844
2006-04-27,62.58273696899414
2006-04-28,63.29872512817383
2006-05-01,62.4658088684082
2006-05-02,62.370880126953125
2006-05-03,62.5169677734375
2006-05-04,62.21016311645508
2006-05-05,62.69962692260742
2006-05-08,63.0555419921875
2006-05-09,63.50131607055664
2006-05-10,63.74982452392578
2006-05-11,63.420955657958984
2006-05-12,62.850914001464844
2006-05-15,63.23093795776367
2006-05-16,62.71935272216797
2006-05-17,61.491573333740234
2006-05-18,61.294227600097656
2006-05-19,61.19196701049805
2006-05-22,59.869140625
2006-05-23,60.241878509521484
2006-05-24,59.861846923828125
2006-05-25,60.85578155517578
2006-05-26,61.06035614013672
2006-05-30,60.30765914916992
2006-05-31,60.49034881591797
2006-06-01,61.04576873779297
2006-06-02,61.17734909057617
2006-06-05,59.9276237487793
2006-06-06,60.42456817626953
2006-06-07,60.78996658325195
2006-06-08,60.93611526489258
2006-06-09,60.81193161010742
2006-06-12,60.72418975830078
2006-06-13,60.292999267578125
2006-06-14,60.33686447143555
2006-06-15,61.19196701049805
2006-06-16,61.25773239135742
2006-06-19,61.491573333740234
2006-06-20,61.38922882080078
2006-06-21,62.21512985229492
2006-06-22,62.09087371826172
2006-06-23,62.40510559082031
2006-06-26,62.777801513671875
2006-06-27,61.68159103393555
2006-06-28,62.03968811035156
2006-06-29,63.46478271484375
2006-06-30,62.44895553588867
2006-07-03,62.9385871887207
2006-07-05,61.59389877319336
2006-07-06,61.56464385986328
2006-07-07,61.91547393798828
2006-07-10,62.10548782348633
2006-07-11,62.15665817260742
2006-07-12,61.944698333740234
2006-07-13,61.11886215209961
2006-07-14,60.78996658325195
2006-07-17,60.70960998535156
2006-07-18,60.58537673950195
2006-07-19,62.755882263183594
2006-07-20,62.97516632080078
2006-07-21,56.78506088256836
2006-07-24,56.799686431884766
2006-07-25,57.245487213134766
2006-07-26,57.5085563659668
2006-07-27,55.2942008972168
2006-07-28,56.777767181396484
2006-07-31,56.529258728027344
2006-08-01,57.51589584350586
2006-08-02,58.085941314697266
2006-08-03,59.01409912109375
2006-08-04,57.84476089477539
2006-08-07,57.325870513916016
2006-08-08,56.50486373901367
2006-08-09,54.5821533203125
2006-08-10,53.660980224609375
2006-08-11,52.50587463378906
2006-08-14,53.28084945678711
2006-08-15,54.02654266357422
2006-08-16,54.41398620605469
2006-08-17,54.83802795410156
2006-08-18,54.31165313720703
2006-08-21,53.41974639892578
2006-08-22,52.710601806640625
2006-08-23,52.59361267089844
2006-08-24,51.906429290771484
2006-08-25,51.087581634521484
2006-08-28,51.89179992675781
2006-08-29,52.644805908203125
2006-08-30,53.6463737487793
2006-08-31,53.44165802001953
2006-09-01,53.704872131347656
2006-09-05,54.39205551147461
2006-09-06,53.236976623535156
2006-09-07,52.89335632324219
2006-09-08,52.9737663269043
2006-09-11,52.54245376586914
2006-09-12,55.52520751953125
2006-09-13,55.35711669921875
2006-09-14,54.4432258605957
2006-09-15,55.62759017944336
2006-09-18,55.42290115356445
2006-09-19,54.89649200439453
2006-09-20,56.23441696166992
2006-09-21,55.95659255981445
2006-09-22,56.256324768066406
2006-09-25,56.72418212890625
2006-09-26,56.78266525268555
2006-09-27,57.29444885253906
2006-09-28,58.559200286865234
2006-09-29,57.5064697265625
2006-10-02,56.51951217651367
2006-10-03,57.23593521118164
2006-10-04,57.96702575683594
2006-10-05,57.79890441894531
2006-10-06,57.46989440917969
2006-10-09,58.00360107421875
2006-10-10,58.7054328918457
2006-10-11,58.0912971496582
2006-10-12,59.38530731201172
2006-10-13,59.670448303222656
2006-10-16,59.62655258178711
2006-10-17,58.96864700317383
2006-10-18,58.56650161743164
2006-10-19,59.87514877319336
2006-10-20,59.39263916015625
2006-10-23,59.15867614746094
2006-10-24,58.9613151550293
2006-10-25,60.25529479980469
2006-10-26,60.47462844848633
2006-10-27,59.699676513671875
2006-10-30,59.370689392089844
2006-10-31,57.99627685546875
2006-11-01,56.190528869628906
2006-11-02,56.04433059692383
2006-11-03,55.97118377685547
2006-11-06,57.52105712890625
2006-11-07,56.709571838378906
2006-11-08,56.67814254760742
2006-11-09,55.888309478759766
2006-11-10,56.6927604675293
2006-11-13,56.67814254760742
2006-11-14,56.34905242919922
2006-11-15,56.378292083740234
2006-11-16,55.28861999511719
2006-11-17,55.21546173095703
2006-11-20,54.8278694152832
2006-11-21,54.8351936340332
2006-11-22,55.30324172973633
2006-11-24,55.142330169677734
2006-11-27,54.9814338684082
2006-11-28,55.149658203125
2006-11-29,56.5465202331543
2006-11-30,56.956016540527344
2006-12-01,56.78053283691406
2006-12-04,57.16081619262695
2006-12-05,56.98532485961914
2006-12-06,56.73664474487305
2006-12-07,55.99065399169922
2006-12-08,55.71278762817383
2006-12-11,55.96142578125
2006-12-12,55.8956184387207
2006-12-13,56.370994567871094
2006-12-14,56.49531936645508
2006-12-15,56.02726364135742
2006-12-18,56.32710266113281
2006-12-19,56.11500549316406
2006-12-20,56.57577133178711
2006-12-21,56.6927604675293
2006-12-22,56.605010986328125
2006-12-26,57.05842208862305
2006-12-27,57.21198654174805
2006-12-28,57.10231399536133
2006-12-29,56.18084716796875
2007-01-03,56.49531936645508
2007-01-04,56.42947769165039
2007-01-05,56.42947769165039
2007-01-08,56.6269416809082
2007-01-09,56.041893005371094
2007-01-10,55.361732482910156
2007-01-11,55.57383346557617
2007-01-12,56.32710266113281
2007-01-16,55.72008514404297
2007-01-17,55.968746185302734
2007-01-18,55.449466705322266
2007-01-19,57.68733215332031
2007-01-22,57.767822265625
2007-01-23,58.54304122924805
2007-01-24,58.68198013305664
2007-01-25,57.54110336303711
2007-01-26,58.118858337402344
2007-01-29,57.592281341552734
2007-01-30,58.61616897583008
2007-01-31,58.79899597167969
2007-02-01,58.30168914794922
2007-02-02,59.09880828857422
2007-02-05,59.7058219909668
2007-02-06,60.47373580932617
2007-02-07,61.146549224853516
2007-02-08,60.55914306640625
2007-02-09,59.99581527709961
2007-02-12,59.62272262573242
2007-02-13,59.82754898071289
2007-02-14,59.893402099609375
2007-02-15,60.24452590942383
2007-02-16,60.03970718383789
2007-02-20,60.09092330932617
2007-02-21,60.200645446777344
2007-02-22,60.21527862548828
2007-02-23,58.87651824951172
2007-02-26,58.75942611694336
2007-02-27,56.425785064697266
2007-02-28,56.35260009765625
2007-03-01,56.44039535522461
2007-03-02,56.16972732543945
2007-03-05,54.40662384033203
2007-03-06,55.496681213378906
2007-03-07,54.728538513183594
2007-03-08,56.07461929321289
2007-03-09,56.3306770324707
2007-03-12,55.73076629638672
2007-03-13,54.68461990356445
2007-03-14,55.02116012573242
2007-03-15,55.56250762939453
2007-03-16,54.83092498779297
2007-03-19,55.33573532104492
2007-03-20,55.75273132324219
2007-03-21,57.11344909667969
2007-03-22,56.886653900146484
2007-03-23,56.98174285888672
2007-03-26,56.65254592895508
2007-03-27,56.06730651855469
2007-03-28,55.22598648071289
2007-03-29,55.343040466308594
2007-03-30,55.20404052734375
2007-04-02,53.82137680053711
2007-04-03,54.39933776855469
2007-04-04,53.6092414855957
2007-04-05,53.66777038574219
2007-04-09,53.71896743774414
2007-04-10,54.14328384399414
2007-04-11,54.077423095703125
2007-04-12,54.01160430908203
2007-04-13,54.91143035888672
2007-04-16,55.82588577270508
2007-04-17,56.418434143066406
2007-04-18,56.82813262939453
2007-04-19,56.57939910888672
2007-04-20,53.25807571411133
2007-04-23,51.3998908996582
2007-04-24,52.6508903503418
2007-04-25,54.099395751953125
2007-04-26,55.22598648071289
2007-04-27,54.80171585083008
2007-04-30,54.326168060302734
2007-05-01,53.94574737548828
2007-05-02,54.24568557739258
2007-05-03,54.501739501953125
2007-05-04,54.450538635253906
2007-05-07,55.09431076049805
2007-05-08,55.1726188659668
2007-05-09,55.11406326293945
2007-05-10,55.72880172729492
2007-05-11,56.497230529785156
2007-05-14,56.40940475463867
2007-05-15,56.19718551635742
2007-05-16,56.33623504638672
2007-05-17,56.263038635253906
2007-05-18,56.6728630065918
2007-05-21,57.02416229248047
2007-05-22,57.536434173583984
2007-05-23,58.37803649902344
2007-05-24,57.49249267578125
2007-05-25,57.653526306152344
2007-05-29,58.37803649902344
2007-05-30,58.54634094238281
2007-05-31,58.38536071777344
2007-06-01,58.6561279296875
2007-06-04,58.47317123413086
2007-06-05,58.45854187011719
2007-06-06,58.26093673706055
2007-06-07,58.246280670166016
2007-06-08,58.53901672363281
2007-06-11,58.9635009765625
2007-06-12,58.32680130004883
2007-06-13,59.01471710205078
2007-06-14,58.85371780395508
2007-06-15,59.095245361328125
2007-06-18,59.90023422241211
2007-06-19,59.74655532836914
2007-06-20,58.89030075073242
2007-06-21,59.20500564575195
2007-06-22,58.568294525146484
2007-06-25,58.10728073120117
2007-06-26,57.67544937133789
2007-06-27,57.66814041137695
2007-06-28,58.304847717285156
2007-06-29,57.404701232910156
2007-07-02,57.63154602050781
2007-07-03,57.77061080932617
2007-07-05,57.1046257019043
2007-07-06,57.52910232543945
2007-07-09,57.704750061035156
2007-07-10,55.384830474853516
2007-07-11,54.61642074584961
2007-07-12,55.40681457519531
2007-07-13,55.143348693847656
2007-07-16,55.765411376953125
2007-07-17,55.90444564819336
2007-07-18,55.897132873535156
2007-07-19,55.26044845581055
2007-07-20,56.8338737487793
2007-07-23,57.119285583496094
2007-07-24,55.1506462097168
2007-07-25,54.975013732910156
2007-07-26,54.03095245361328
2007-07-27,53.43821716308594
2007-07-30,53.78215408325195
2007-07-31,51.78425598144531
2007-08-01,51.19878005981445
2007-08-02,52.106258392333984
2007-08-03,49.28139877319336
2007-08-06,51.411014556884766
2007-08-07,51.67445373535156
2007-08-08,52.41169738769531
2007-08-09,49.78342819213867
2007-08-10,50.588748931884766
2007-08-13,50.12751770019531
2007-08-14,48.31922912597656
2007-08-15,46.144832611083984
2007-08-16,47.484615325927734
2007-08-17,50.33251953125
2007-08-20,48.84633255004883
2007-08-21,50.12751770019531
2007-08-22,49.00740432739258
2007-08-23,48.9415283203125
2007-08-24,48.55349349975586
2007-08-27,48.246009826660156
2007-08-28,46.67196273803711
2007-08-29,47.61637496948242
2007-08-30,47.03802490234375
2007-08-31,47.338191986083984
2007-09-04,47.389427185058594
2007-09-05,46.22537612915039
2007-09-06,46.94285583496094
2007-09-07,45.90325164794922
2007-09-10,45.969146728515625
2007-09-11,46.91356658935547
2007-09-12,47.638343811035156
2007-09-13,48.61937713623047
2007-09-14,48.39975357055664
2007-09-17,47.762794494628906
2007-09-18,51.049983978271484
2007-09-19,51.96513748168945
2007-09-20,50.80104446411133
2007-09-21,50.530189514160156
2007-09-24,48.88294219970703
2007-09-25,48.21672439575195
2007-09-26,48.39242935180664
2007-09-27,48.904903411865234
2007-09-28,48.6340217590332
2007-10-01,50.017704010009766
2007-10-02,50.74981689453125
2007-10-03,51.46728515625
2007-10-04,52.01636505126953
2007-10-05,53.400062561035156
2007-10-08,52.162811279296875
2007-10-09,52.71918869018555
2007-10-10,51.85531234741211
2007-10-11,52.6313362121582
2007-10-12,51.891910552978516
2007-10-15,50.16412353515625
2007-10-16,49.04401779174805
2007-10-17,48.97812271118164
2007-10-18,48.31922912597656
2007-10-19,45.888607025146484
2007-10-22,46.07162094116211
2007-10-23,45.4347038269043
2007-10-24,46.657352447509766
2007-10-25,45.36150360107422
2007-10-26,47.14783477783203
2007-10-29,48.23868179321289
2007-10-30,47.755489349365234
2007-10-31,48.01904296875
2007-11-01,45.60307693481445
2007-11-02,44.783111572265625
2007-11-05,44.314579010009766
2007-11-06,43.538543701171875
2007-11-07,36.7758903503418
2007-11-08,38.746177673339844
2007-11-09,39.74228286743164
2007-11-12,39.74961471557617
2007-11-13,41.69791030883789
2007-11-14,40.50404739379883
2007-11-15,38.66561508178711
2007-11-16,38.85605239868164
2007-11-19,37.72075271606445
2007-11-20,37.16410446166992
2007-11-21,36.48292922973633
2007-11-23,38.13825225830078
2007-11-26,36.03614807128906
2007-11-27,36.01416015625
2007-11-28,39.266212463378906
2007-11-29,38.028385162353516
2007-11-30,39.046485900878906
2007-12-03,37.27397155761719
2007-12-04,36.54884338378906
2007-12-05,36.5708122253418
2007-12-06,38.40192413330078
2007-12-07,36.47559356689453
2007-12-10,38.13825225830078
2007-12-11,36.5708122253418
2007-12-12,35.35497283935547
2007-12-13,35.60399627685547
2007-12-14,34.57124328613281
2007-12-17,33.44329071044922
2007-12-18,34.05854034423828
2007-12-19,33.692325592041016
2007-12-20,33.626407623291016
2007-12-21,34.92283630371094
2007-12-24,35.311038970947266
2007-12-26,35.0400276184082
2007-12-27,34.19771957397461
2007-12-28,34.10982894897461
2007-12-31,34.615196228027344
2008-01-02,34.681129455566406
2008-01-03,34.183067321777344
2008-01-04,33.670352935791016
2008-01-07,34.31491470336914
2008-01-08,31.634157180786133
2008-01-09,31.751352310180664
2008-01-10,31.436412811279297
2008-01-11,31.194698333740234
2008-01-14,31.546268463134766
2008-01-15,30.762554168701172
2008-01-16,31.890518188476562
2008-01-17,30.07405662536621
2008-01-18,29.063308715820312
2008-01-22,29.158506393432617
2008-01-23,32.373924255371094
2008-01-24,34.97410583496094
2008-01-25,34.06586456298828
2008-01-28,36.541534423828125
2008-01-29,37.859920501708984
2008-01-30,37.79399490356445
2008-01-31,40.00596237182617
2008-02-01,41.727210998535156
2008-02-04,38.56305694580078
2008-02-05,36.76858139038086
2008-02-06,36.299808502197266
2008-02-07,36.975101470947266
2008-02-08,36.14851379394531
2008-02-11,34.554386138916016
2008-02-12,35.01934814453125
2008-02-13,36.222320556640625
2008-02-14,35.12266540527344
2008-02-15,35.1743278503418
2008-02-19,35.469539642333984
2008-02-20,36.40681838989258
2008-02-21,35.18910217285156
2008-02-22,35.366207122802734
2008-02-25,35.82381057739258
2008-02-26,36.857017517089844
2008-02-27,36.775848388671875
2008-02-28,35.7352294921875
2008-02-29,33.971336364746094
2008-03-03,33.18902587890625
2008-03-04,33.52116394042969
2008-03-05,32.70933532714844
2008-03-06,31.366106033325195
2008-03-07,32.00081253051758
2008-03-10,30.450958251953125
2008-03-11,34.480594635009766
2008-03-12,35.16695022583008
2008-03-13,36.56183624267578
2008-03-14,35.321937561035156
2008-03-17,35.02671813964844
2008-03-18,38.000972747802734
2008-03-19,36.502777099609375
2008-03-20,39.29990005493164
2008-03-24,40.111717224121094
2008-03-25,39.15230178833008
2008-03-26,37.82383728027344
2008-03-27,37.24818801879883
2008-03-28,36.1558952331543
2008-03-31,36.325653076171875
2008-04-01,39.469635009765625
2008-04-02,39.24821853637695
2008-04-03,39.108001708984375
2008-04-04,37.83860778808594
2008-04-07,39.1596565246582
2008-04-08,39.491790771484375
2008-04-09,37.366268157958984
2008-04-10,36.62086868286133
2008-04-11,35.64665985107422
2008-04-14,34.775794982910156
2008-04-15,33.92707061767578
2008-04-16,34.133724212646484
2008-04-17,35.97138977050781
2008-04-18,34.84221267700195
2008-04-21,35.321937561035156
2008-04-22,34.22966003417969
2008-04-23,33.89016342163086
2008-04-24,35.757362365722656
2008-04-25,37.572914123535156
2008-04-28,39.7205696105957
2008-04-29,39.56558609008789
2008-04-30,39.115394592285156
2008-05-01,41.19663619995117
2008-05-02,40.76118469238281
2008-05-05,40.88666534423828
2008-05-06,41.29994201660156
2008-05-07,40.00101852416992
2008-05-08,39.952720642089844
2008-05-09,39.321022033691406
2008-05-12,40.07162094116211
2008-05-13,38.45894241333008
2008-05-14,38.08736801147461
2008-05-15,39.16496276855469
2008-05-16,38.384639739990234
2008-05-19,38.429222106933594
2008-05-20,36.980045318603516
2008-05-21,35.6572151184082
2008-05-22,36.355770111083984
2008-05-23,35.27820587158203
2008-05-27,36.110530853271484
2008-05-28,36.05850601196289
2008-05-29,36.10310745239258
2008-05-30,35.76123809814453
2008-06-02,34.60189437866211
2008-06-03,34.839725494384766
2008-06-04,35.06266403198242
2008-06-05,36.875999450683594
2008-06-06,34.29719924926758
2008-06-09,33.02639389038086
2008-06-10,32.758846282958984
2008-06-11,31.599512100219727
2008-06-12,32.372406005859375
2008-06-13,33.160160064697266
2008-06-16,33.91818618774414
2008-06-17,32.602779388427734
2008-06-18,31.480602264404297
2008-06-19,31.123889923095703
2008-06-20,30.39557456970215
2008-06-23,29.370018005371094
2008-06-24,30.455020904541016
2008-06-25,30.56650733947754
2008-06-26,28.72344398498535
2008-06-27,28.47076988220215
2008-06-30,28.247812271118164
2008-07-01,29.830774307250977
2008-07-02,28.901817321777344
2008-07-03,28.567386627197266
2008-07-07,27.742462158203125
2008-07-08,30.51447868347168
2008-07-09,29.28082275390625
2008-07-10,29.986831665039062
2008-07-11,28.656553268432617
2008-07-14,26.531108856201172
2008-07-15,25.081918716430664
2008-07-16,27.70530128479004
2008-07-17,31.807600021362305
2008-07-18,31.859615325927734
2008-07-21,31.272512435913086
2008-07-22,31.361692428588867
2008-07-23,32.142005920410156
2008-07-24,29.481470108032227
2008-07-25,29.184207916259766
2008-07-28,27.55667495727539
2008-07-29,30.462461471557617
2008-07-30,31.458309173583984
2008-07-31,31.10901641845703
2008-08-01,30.848907470703125
2008-08-04,30.135459899902344
2008-08-05,33.61350631713867
2008-08-06,33.44999694824219
2008-08-07,31.475299835205078
2008-08-08,32.516971588134766
2008-08-11,34.472930908203125
2008-08-12,32.34461975097656
2008-08-13,30.568513870239258
2008-08-14,31.310428619384766
2008-08-15,32.9366455078125
2008-08-18,31.317920684814453
2008-08-19,30.238771438598633
2008-08-20,30.943220138549805
2008-08-21,30.890766143798828
2008-08-22,31.737592697143555
2008-08-25,31.227983474731445
2008-08-26,31.3479061126709
2008-08-27,31.917449951171875
2008-08-28,33.07903289794922
2008-08-29,33.07903289794922
2008-09-02,33.6635856628418
2008-09-03,34.218135833740234
2008-09-04,32.472007751464844
2008-09-05,33.50619125366211
2008-09-08,36.518829345703125
2008-09-09,34.098228454589844
2008-09-10,34.15818786621094
2008-09-11,34.72774887084961
2008-09-12,34.427978515625
2008-09-15,33.49869918823242
2008-09-16,36.75114822387695
2008-09-17,34.72774887084961
2008-09-18,40.468238830566406
2008-09-19,42.004539489746094
2008-09-22,40.805484771728516
2008-09-23,40.25839614868164
2008-09-24,39.33661651611328
2008-09-25,37.320709228515625
2008-09-26,40.88041305541992
2008-09-29,32.97412109375
2008-09-30,38.219993591308594
2008-10-01,38.534751892089844
2008-10-02,35.057491302490234
2008-10-03,33.64858627319336
2008-10-06,31.242984771728516
2008-10-07,28.147890090942383
2008-10-08,26.821455001831055
2008-10-09,25.037839889526367
2008-10-10,26.634084701538086
2008-10-13,29.781635284423828
2008-10-14,33.32633972167969
2008-10-15,28.29778289794922
2008-10-16,29.002235412597656
2008-10-17,29.916522979736328
2008-10-20,30.186311721801758
2008-10-21,29.137128829956055
2008-10-22,27.278594970703125
2008-10-23,26.761491775512695
2008-10-24,26.45423698425293
2008-10-27,25.779760360717773
2008-10-28,29.901527404785156
2008-10-29,28.365236282348633
2008-10-30,28.567581176757812
2008-10-31,29.31699562072754
2008-11-03,29.69169807434082
2008-11-04,32.089805603027344
2008-11-05,28.650012969970703
2008-11-06,26.33788299560547
2008-11-07,26.156219482421875
2008-11-10,24.642568588256836
2008-11-11,24.256589889526367
2008-11-12,22.735349655151367
2008-11-13,25.39940071105957
2008-11-14,23.605709075927734
2008-11-17,22.60667610168457
2008-11-18,22.13744354248047
2008-11-19,20.0561466217041
2008-11-20,19.0646915435791
2008-11-21,20.305906295776367
2008-11-24,24.029537200927734
2008-11-25,25.505361557006836
2008-11-26,26.2016544342041
2008-11-28,26.042707443237305
2008-12-01,20.532947540283203
2008-12-02,22.167713165283203
2008-12-03,23.908435821533203
2008-12-04,23.454334259033203
2008-12-05,24.76365852355957
2008-12-08,25.982160568237305
2008-12-09,24.884754180908203
2008-12-10,24.2792911529541
2008-12-11,21.077877044677734
2008-12-12,21.28221893310547
2008-12-15,19.7609806060791
2008-12-16,22.296375274658203
2008-12-17,22.30394172668457
2008-12-18,22.523427963256836
2008-12-19,23.439199447631836
2008-12-22,22.65966033935547
2008-12-23,21.948238372802734
2008-12-24,22.2509765625
2008-12-26,22.311504364013672
2008-12-29,22.182851791381836
2008-12-30,23.355945587158203
2008-12-31,24.135494232177734
2009-01-02,25.210208892822266
2009-01-05,25.005847930908203
2009-01-06,25.838376998901367
2009-01-07,23.976560592651367
2009-01-08,23.40892791748047
2009-01-09,22.197988510131836
2009-01-12,20.540517807006836
2009-01-13,21.145980834960938
2009-01-14,19.359859466552734
2009-01-15,19.276599884033203
2009-01-16,18.239749908447266
2009-01-20,17.3466796875
2009-01-21,17.376953125
2009-01-22,16.60498046875
2009-01-23,14.622068405151367
2009-01-26,14.05443286895752
2009-01-27,13.547357559204102
2009-01-28,15.363764762878418
2009-01-29,12.76781940460205
2009-01-30,11.988280296325684
2009-02-02,12.737546920776367
2009-02-03,11.344966888427734
2009-02-04,10.996820449829102
2009-02-05,10.754632949829102
2009-02-06,11.271574020385742
2009-02-09,11.621382713317871
2009-02-10,9.988943099975586
2009-02-11,10.501996994018555
2009-02-12,9.545855522155762
2009-02-13,9.413705825805664
2009-02-17,7.874553203582764
2009-02-18,8.511977195739746
2009-02-19,7.027240753173828
2009-02-20,7.781270503997803
2009-02-23,7.0971999168396
2009-02-24,8.791826248168945
2009-02-25,9.538079261779785
2009-02-26,10.09000015258789
2009-02-27,9.367070198059082
2009-03-02,7.851230621337891
2009-03-03,7.9289655685424805
2009-03-04,8.12330436706543
2009-03-05,6.988375186920166
2009-03-06,6.459778785705566
2009-03-09,6.786264419555664
2009-03-10,7.812362194061279
2009-03-11,8.410923957824707
2009-03-12,10.346528053283691
2009-03-13,9.763513565063477
2009-03-16,9.771288871765137
2009-03-17,10.393162727355957
2009-03-18,11.061686515808105
2009-03-19,9.561403274536133
2009-03-20,8.81514835357666
2009-03-23,10.587501525878906
2009-03-24,10.346528053283691
2009-03-25,11.24048137664795
2009-03-26,11.512547492980957
2009-03-27,11.061686515808105
2009-03-30,8.822916984558105
2009-03-31,9.514760971069336
2009-04-01,10.082230567932129
2009-04-02,10.214378356933594
2009-04-03,10.742973327636719
2009-04-06,9.965624809265137
2009-04-07,9.957852363586426
2009-04-08,10.735200881958008
2009-04-09,13.572528839111328
2009-04-13,14.932887077331543
2009-04-14,13.269364356994629
2009-04-15,13.46369743347168
2009-04-16,13.883465766906738
2009-04-17,13.875699043273926
2009-04-20,10.400938987731934
2009-04-21,11.699116706848145
2009-04-22,11.178293228149414
2009-04-23,13.160531997680664
2009-04-24,14.78519058227539
2009-04-27,13.012836456298828
2009-04-28,12.57751750946045
2009-04-29,13.5880708694458
2009-04-30,13.012836456298828
2009-05-01,13.479240417480469
2009-05-04,15.787969589233398
2009-05-05,15.13499927520752
2009-05-06,17.404857635498047
2009-05-07,20.606929779052734
2009-05-08,24.416658401489258
2009-05-11,21.113319396972656
2009-05-12,19.858993530273438
2009-05-13,18.66698455810547
2009-05-14,19.1500244140625
2009-05-15,19.118854522705078
2009-05-18,20.30307960510254
2009-05-19,19.399330139160156
2009-05-20,18.0047607421875
2009-05-21,17.864526748657227
2009-05-22,17.077646255493164
2009-05-26,17.638587951660156
2009-05-27,17.36591339111328
2009-05-28,18.12940788269043
2009-05-29,19.040950775146484
2009-06-01,19.352584838867188
2009-06-02,19.048744201660156
2009-06-03,18.628026962280273
2009-06-04,19.47723388671875
2009-06-05,18.78384780883789
2009-06-08,18.261865615844727
2009-06-09,18.737106323242188
2009-06-10,18.877336502075195
2009-06-11,19.157808303833008
2009-06-12,18.651399612426758
2009-06-15,18.230701446533203
2009-06-16,18.035919189453125
2009-06-17,17.51392936706543
2009-06-18,17.36591339111328
2009-06-19,17.397071838378906
2009-06-22,15.932382583618164
2009-06-23,16.485536575317383
2009-06-24,16.547863006591797
2009-06-25,17.26462173461914
2009-06-26,17.093229293823242
2009-06-29,17.43602752685547
2009-06-30,17.046480178833008
2009-07-01,17.0386962890625
2009-07-02,16.197275161743164
2009-07-06,16.345300674438477
2009-07-07,15.947966575622559
2009-07-08,16.0258846282959
2009-07-09,16.516698837280273
2009-07-10,16.07261848449707
2009-07-13,17.030902862548828
2009-07-14,18.0047607421875
2009-07-15,20.131677627563477
2009-07-16,20.973087310791016
2009-07-17,20.6458740234375
2009-07-20,20.809484481811523
2009-07-21,20.49785041809082
2009-07-22,20.62250518798828
2009-07-23,21.682056427001953
2009-07-24,23.427230834960938
2009-07-27,23.232452392578125
2009-07-28,23.12337875366211
2009-07-29,23.146751403808594
2009-07-30,23.69211769104004
2009-07-31,23.918054580688477
2009-08-03,24.455623626708984
2009-08-04,24.541322708129883
2009-08-05,24.50236701965332
2009-08-06,25.06331443786621
2009-08-07,26.623912811279297
2009-08-10,26.436643600463867
2009-08-11,25.56270980834961
2009-08-12,26.36642074584961
2009-08-13,27.544668197631836
2009-08-14,27.373010635375977
2009-08-17,26.577096939086914
2009-08-18,27.50565528869629
2009-08-19,26.88922119140625
2009-08-20,27.341793060302734
2009-08-21,28.46542739868164
2009-08-24,28.4420166015625
2009-08-25,28.37959098815918
2009-08-26,28.473243713378906
2009-08-27,28.582481384277344
2009-08-28,28.6605167388916
2009-08-31,29.097469329833984
2009-09-01,27.34959602355957
2009-09-02,26.795578002929688
2009-09-03,27.201343536376953
2009-09-04,27.490036010742188
2009-09-08,27.653915405273438
2009-09-09,29.237926483154297
2009-09-10,29.784135818481445
2009-09-11,29.635879516601562
2009-09-14,29.90118408203125
2009-09-15,29.19890594482422
2009-09-16,30.431798934936523
2009-09-17,29.69049644470215
2009-09-18,29.261337280273438
2009-09-21,28.31717300415039
2009-09-22,29.050668716430664
2009-09-23,28.324983596801758
2009-09-24,27.942626953125
2009-09-25,27.419822692871094
2009-09-28,28.63709259033203
2009-09-29,27.5368709564209
2009-09-30,27.880203247070312
2009-10-01,26.24936294555664
2009-10-02,25.898237228393555
2009-10-05,28.036256790161133
2009-10-06,28.05967903137207
2009-10-07,28.82436180114746
2009-10-08,29.237926483154297
2009-10-09,29.347164154052734
2009-10-12,29.89337921142578
2009-10-13,29.79973793029785
2009-10-14,30.704896926879883
2009-10-15,29.74513053894043
2009-10-16,28.363983154296875
2009-10-19,29.089672088623047
2009-10-20,28.79315185546875
2009-10-21,28.582481384277344
2009-10-22,29.90900421142578
2009-10-23,31.953392028808594
2009-10-26,30.806339263916016
2009-10-27,30.946794509887695
2009-10-28,29.175514221191406
2009-10-29,30.431798934936523
2009-10-30,28.559072494506836
2009-11-02,29.862180709838867
2009-11-03,29.206714630126953
2009-11-04,29.01944923400879
2009-11-05,30.01044273376465
2009-11-06,29.432249069213867
2009-11-09,31.080839157104492
2009-11-10,31.010507583618164
2009-11-11,30.971450805664062
2009-11-12,29.979171752929688
2009-11-13,30.31513023376465
2009-11-16,31.166784286499023
2009-11-17,31.643373489379883
2009-11-18,31.604310989379883
2009-11-19,29.955734252929688
2009-11-20,29.455692291259766
2009-11-23,29.705717086791992
2009-11-24,29.729156494140625
2009-11-25,30.28388023376465
2009-11-27,29.096277236938477
2009-11-30,29.971351623535156
2009-12-01,29.76039695739746
2009-12-02,29.963560104370117
2009-12-03,28.846261978149414
2009-12-04,29.627573013305664
2009-12-07,29.27597999572754
2009-12-08,29.377561569213867
2009-12-09,30.166690826416016
2009-12-10,30.252639770507812
2009-12-11,31.56524658203125
2009-12-14,32.07310104370117
2009-12-15,31.323034286499023
2009-12-16,31.408987045288086
2009-12-17,30.11981964111328
2009-12-18,30.862064361572266
2009-12-21,30.596420288085938
2009-12-22,30.13544464111328
2009-12-23,29.869794845581055
2009-12-24,30.38546371459961
2009-12-28,30.112010955810547
2009-12-29,30.088550567626953
2009-12-30,29.88541603088379
2009-12-31,29.955734252929688
2010-01-04,30.510461807250977
2010-01-05,31.713706970214844
2010-01-06,31.88559341430664
2010-01-07,33.463844299316406
2010-01-08,33.17477035522461
2010-01-11,32.58097457885742
2010-01-12,32.70597457885742
2010-01-13,32.90912628173828
2010-01-14,32.55752182006836
2010-01-15,32.135623931884766
2010-01-19,33.604496002197266
2010-01-20,33.612308502197266
2010-01-21,33.3622932434082
2010-01-22,29.322874069213867
2010-01-25,28.213397979736328
2010-01-26,27.510208129882812
2010-01-27,28.557178497314453
2010-01-28,28.705629348754883
2010-01-29,28.79938316345215
2010-02-01,28.736881256103516
2010-02-02,29.244735717773438
2010-02-03,28.557178497314453
2010-02-04,27.30707550048828
2010-02-05,27.62740707397461
2010-02-08,27.057043075561523
2010-02-09,27.603971481323242
2010-02-10,27.823047637939453
2010-02-11,27.88564109802246
2010-02-12,27.494426727294922
2010-02-16,28.74631118774414
2010-02-17,28.832378387451172
2010-02-18,29.207944869995117
2010-02-19,29.5678653717041
2010-02-22,29.951236724853516
2010-02-23,28.973207473754883
2010-02-24,29.450490951538086
2010-02-25,29.239238739013672
2010-02-26,29.536563873291016
2010-03-01,29.247058868408203
2010-03-02,29.716522216796875
2010-03-03,29.544387817382812
2010-03-04,28.824548721313477
2010-03-05,29.685216903686523
2010-03-08,29.61480140686035
2010-03-09,30.248567581176758
2010-03-10,30.58500862121582
2010-03-11,31.14837074279785
2010-03-12,31.210954666137695
2010-03-15,31.281368255615234
2010-03-16,31.60215950012207
2010-03-17,31.492626190185547
2010-03-18,31.954265594482422
2010-03-19,31.117074966430664
2010-03-22,31.774276733398438
2010-03-23,32.009037017822266
2010-03-24,32.28288269042969
2010-03-25,32.90099334716797
2010-03-26,32.79926300048828
2010-03-29,33.37044906616211
2010-03-30,32.79926300048828
2010-03-31,32.400238037109375
2010-04-01,32.525413513183594
2010-04-05,33.761661529541016
2010-04-06,33.84772491455078
2010-04-07,33.761661529541016
2010-04-08,34.418888092041016
2010-04-09,34.317176818847656
2010-04-12,35.34998321533203
2010-04-13,35.17001724243164
2010-04-14,36.03852081298828
2010-04-15,35.32651138305664
2010-04-16,34.02769470214844
2010-04-19,34.27805709838867
2010-04-20,34.88053894042969
2010-04-21,35.00571823120117
2010-04-22,35.63947296142578
2010-04-23,36.56272888183594
2010-04-26,35.39692687988281
2010-04-27,33.87118911743164
2010-04-28,34.32499694824219
2010-04-29,35.107418060302734
2010-04-30,33.96510696411133
2010-05-03,36.093284606933594
2010-05-04,35.12307357788086
2010-05-05,34.614505767822266
2010-05-06,33.738189697265625
2010-05-07,33.00968551635742
2010-05-10,34.62334060668945
2010-05-11,35.07769012451172
2010-05-12,36.51118469238281
2010-05-13,35.17952346801758
2010-05-14,33.495357513427734
2010-05-17,33.37785720825195
2010-05-18,32.563175201416016
2010-05-19,33.197696685791016
2010-05-20,32.375186920166016
2010-05-21,32.75117111206055
2010-05-24,32.05402755737305
2010-05-25,31.842531204223633
2010-05-26,31.576181411743164
2010-05-27,33.06450271606445
2010-05-28,32.35166931152344
2010-06-01,31.7093563079834
2010-06-02,32.70418930053711
2010-06-03,32.265533447265625
2010-06-04,30.792848587036133
2010-06-07,30.158342361450195
2010-06-08,30.557842254638672
2010-06-09,29.7823486328125
2010-06-10,31.38817596435547
2010-06-11,31.537002563476562
2010-06-14,31.693689346313477
2010-06-15,33.31517791748047
2010-06-16,33.291690826416016
2010-06-17,33.189842224121094
2010-06-18,33.401344299316406
2010-06-21,33.94184875488281
2010-06-22,34.19252014160156
2010-06-23,33.87134552001953
2010-06-24,33.503173828125
2010-06-25,34.02802276611328
2010-06-28,33.62853240966797
2010-06-29,31.97568130493164
2010-06-30,31.56835174560547
2010-07-01,31.004343032836914
2010-07-02,30.886850357055664
2010-07-06,30.99652862548828
2010-07-07,32.97051239013672
2010-07-08,33.51100158691406
2010-07-09,34.216026306152344
2010-07-12,34.216026306152344
2010-07-13,35.25001525878906
2010-07-14,34.881866455078125
2010-07-15,33.887020111083984
2010-07-16,32.47702407836914
2010-07-19,32.10885238647461
2010-07-20,32.47702407836914
2010-07-21,31.403858184814453
2010-07-22,32.96268844604492
2010-07-23,31.99135398864746
2010-07-26,32.46919631958008
2010-07-27,32.54751968383789
2010-07-28,32.719852447509766
2010-07-29,33.22901916503906
2010-07-30,33.15852355957031
2010-08-02,33.51100158691406
2010-08-03,32.84518814086914
2010-08-04,32.61803436279297
2010-08-05,32.249839782714844
2010-08-06,32.05402755737305
2010-08-09,32.36774444580078
2010-08-10,32.53244400024414
2010-08-11,31.261890411376953
2010-08-12,30.281503677368164
2010-08-13,30.446229934692383
2010-08-16,30.53249740600586
2010-08-17,30.68150520324707
2010-08-18,30.63444709777832
2010-08-19,29.49721908569336
2010-08-20,29.63055419921875
2010-08-23,29.708988189697266
2010-08-24,29.277624130249023
2010-08-25,29.1129207611084
2010-08-26,29.183509826660156
2010-08-27,29.967792510986328
2010-08-30,29.5207462310791
2010-08-31,29.70114517211914
2010-09-01,30.610912322998047
2010-09-02,30.9952392578125
2010-09-03,31.912837982177734
2010-09-07,30.469749450683594
2010-09-08,30.650135040283203
2010-09-09,30.901113510131836
2010-09-10,30.50113296508789
2010-09-13,30.940322875976562
2010-09-14,30.2736759185791
2010-09-15,30.657974243164062
2010-09-16,30.987375259399414
2010-09-17,30.328575134277344
2010-09-20,30.84621238708496
2010-09-21,30.061920166015625
2010-09-22,29.716827392578125
2010-09-23,29.544275283813477
2010-09-24,30.861881256103516
2010-09-27,30.407007217407227
2010-09-28,30.705028533935547
2010-09-29,30.53249740600586
2010-09-30,31.018760681152344
2010-10-01,30.822681427001953
2010-10-04,30.25014877319336
2010-10-05,31.677547454833984
2010-10-06,31.497169494628906
2010-10-07,30.799150466918945
2010-10-08,30.869728088378906
2010-10-11,31.120708465576172
2010-10-12,31.818737030029297
2010-10-13,31.708921432495117
2010-10-14,31.285402297973633
2010-10-15,28.909006118774414
2010-10-18,29.19919776916504
2010-10-19,30.399160385131836
2010-10-20,30.39130973815918
2010-10-21,30.822681427001953
2010-10-22,30.68150520324707
2010-10-25,29.991323471069336
2010-10-26,29.622713088989258
2010-10-27,29.732515335083008
2010-10-28,29.740354537963867
2010-10-29,29.230567932128906
2010-11-01,29.261932373046875
2010-11-02,29.30900001525879
2010-11-03,29.6148681640625
2010-11-04,30.822681427001953
2010-11-05,31.654024124145508
2010-11-08,31.434429168701172
2010-11-09,30.41356658935547
2010-11-10,31.143871307373047
2010-11-11,31.026073455810547
2010-11-12,30.837614059448242
2010-11-15,31.167428970336914
2010-11-16,30.484249114990234
2010-11-17,30.052349090576172
2010-11-18,29.887434005737305
2010-11-19,29.6989803314209
2010-11-22,29.1492862701416
2010-11-23,28.701679229736328
2010-11-24,29.604759216308594
2010-11-26,29.0550479888916
2010-11-29,29.628311157226562
2010-11-30,29.23567008972168
2010-12-01,29.942405700683594
2010-12-02,30.58633041381836
2010-12-03,30.437129974365234
2010-12-06,30.248672485351562
2010-12-07,30.287921905517578
2010-12-08,31.82703971862793
2010-12-09,32.40815734863281
2010-12-10,33.14632797241211
2010-12-13,33.1541862487793
2010-12-14,33.0599365234375
2010-12-15,32.6044807434082
2010-12-16,32.11760330200195
2010-12-17,31.795656204223633
2010-12-20,32.235408782958984
2010-12-21,33.122764587402344
2010-12-22,33.40546417236328
2010-12-23,33.26411437988281
2010-12-27,33.444725036621094
2010-12-28,33.59393310546875
2010-12-29,33.45256805419922
2010-12-30,33.35049057006836
2010-12-31,33.42116165161133
2011-01-03,34.30851364135742
2011-01-04,34.3006706237793
2011-01-05,35.74557876586914
2011-01-06,35.651344299316406
2011-01-07,35.6591682434082
2011-01-10,35.78483581542969
2011-01-11,36.27956771850586
2011-01-12,37.04127502441406
2011-01-13,36.664329528808594
2011-01-14,37.99144744873047
2011-01-18,37.700889587402344
2011-01-19,37.1590576171875
2011-01-20,37.10408401489258
2011-01-21,38.611812591552734
2011-01-24,38.06211853027344
2011-01-25,37.85795211791992
2011-01-26,37.91292953491211
2011-01-27,38.00715637207031
2011-01-28,37.88151931762695
2011-01-31,37.81867980957031
2011-02-01,39.15365982055664
2011-02-02,38.83953094482422
2011-02-03,38.5175895690918
2011-02-04,38.28984069824219
2011-02-07,38.8945198059082
2011-02-08,40.50431823730469
2011-02-09,40.111305236816406
2011-02-10,40.637935638427734
2011-02-11,40.920921325683594
2011-02-14,41.47111892700195
2011-02-15,40.96019744873047
2011-02-16,40.96019744873047
2011-02-17,40.97593307495117
2011-02-18,41.41611862182617
2011-02-22,39.87548828125
2011-02-23,39.56893539428711
2011-02-24,39.796878814697266
2011-02-25,39.293819427490234
2011-02-28,39.12089157104492
2011-03-01,37.93398666381836
2011-03-02,37.65887451171875
2011-03-03,38.492061614990234
2011-03-04,38.14620590209961
2011-03-07,37.965423583984375
2011-03-08,38.73572540283203
2011-03-09,38.775054931640625
2011-03-10,37.94181823730469
2011-03-11,38.963687896728516
2011-03-14,38.87722396850586
2011-03-15,40.16632080078125
2011-03-16,39.45889663696289
2011-03-17,39.91478729248047
2011-03-18,40.127017974853516
2011-03-21,40.2763557434082
2011-03-22,39.741859436035156
2011-03-23,40.40998458862305
2011-03-24,40.763710021972656
2011-03-25,41.05453872680664
2011-03-28,40.543617248535156
2011-03-29,40.88161087036133
2011-03-30,40.96019744873047
2011-03-31,40.84230041503906
2011-04-01,40.944488525390625
2011-04-04,40.732261657714844
2011-04-05,40.61433792114258
2011-04-06,40.99166488647461
2011-04-07,40.83445739746094
2011-04-08,40.59864807128906
2011-04-11,40.480751037597656
2011-04-12,40.57505416870117
2011-04-13,40.50431442260742
2011-04-14,39.49819564819336
2011-04-15,39.32526779174805
2011-04-18,38.86149215698242
2011-04-19,39.474605560302734
2011-04-20,39.71829605102539
2011-04-21,41.86415100097656
2011-04-25,42.799530029296875
2011-04-26,42.9253044128418
2011-04-27,43.57769775390625
2011-04-28,43.38907241821289
2011-04-29,43.019622802734375
2011-05-02,43.05891418457031
2011-05-03,42.477256774902344
2011-05-04,41.793399810791016
2011-05-05,41.76982498168945
2011-05-06,42.28076171875
2011-05-09,41.950618743896484
2011-05-10,42.4065055847168
2011-05-11,41.683353424072266
2011-05-12,41.6204833984375
2011-05-13,41.14099884033203
2011-05-16,42.037071228027344
2011-05-17,43.12966537475586
2011-05-18,43.52267837524414
2011-05-19,44.2228889465332
2011-05-20,43.32598114013672
2011-05-23,42.55498123168945
2011-05-24,41.72103500366211
2011-05-25,41.23325729370117
2011-05-26,41.59515380859375
2011-05-27,42.51565170288086
2011-05-31,42.75166702270508
2011-06-01,41.50075149536133
2011-06-02,41.31979751586914
2011-06-03,40.55666732788086
2011-06-06,39.91153335571289
2011-06-07,39.463077545166016
2011-06-08,39.10118865966797
2011-06-09,39.45521545410156
2011-06-10,38.97529602050781
2011-06-13,39.38440704345703
2011-06-14,38.10200881958008
2011-06-15,37.661434173583984
2011-06-16,38.55045700073242
2011-06-17,38.424583435058594
2011-06-20,39.0146484375
2011-06-21,39.8564567565918
2011-06-22,39.62043380737305
2011-06-23,39.62043380737305
2011-06-24,38.951698303222656
2011-06-27,39.93511962890625
2011-06-28,40.454383850097656
2011-06-29,41.115238189697266
2011-06-30,40.65104675292969
2011-07-01,41.42207336425781
2011-07-05,41.74465560913086
2011-07-06,41.79972457885742
2011-07-07,42.72807693481445
2011-07-08,42.25602340698242
2011-07-11,40.965763092041016
2011-07-12,41.09951400756836
2011-07-13,40.02168273925781
2011-07-14,38.35377502441406
2011-07-15,38.157081604003906
2011-07-18,38.03908157348633
2011-07-19,38.20429611206055
2011-07-20,38.5111198425293
2011-07-21,39.33719253540039
2011-07-22,39.05397033691406
2011-07-25,38.456050872802734
2011-07-26,38.424583435058594
2011-07-27,37.45689392089844
2011-07-28,37.47261428833008
2011-07-29,37.606361389160156
2011-08-01,37.07137680053711
2011-08-02,35.46641540527344
2011-08-03,36.15875244140625
2011-08-04,33.90867614746094
2011-08-05,33.67266082763672
2011-08-08,29.60517120361328
2011-08-09,32.11488342285156
2011-08-10,32.335445404052734
2011-08-11,34.76947784423828
2011-08-12,34.48589324951172
2011-08-15,35.76198959350586
2011-08-16,35.09242630004883
2011-08-17,35.0294189453125
2011-08-18,33.02864074707031
2011-08-19,32.53237533569336
2011-08-22,32.398460388183594
2011-08-23,33.71394348144531
2011-08-24,34.48589324951172
2011-08-25,34.170806884765625
2011-08-26,34.84036636352539
2011-08-29,35.75410842895508
2011-08-30,35.73834991455078
2011-08-31,36.27399444580078
2011-09-01,35.683204650878906
2011-09-02,33.30434036254883
2011-09-06,32.8711051940918
2011-09-07,34.69857406616211
2011-09-08,33.950252532958984
2011-09-09,32.91047286987305
2011-09-12,33.540653228759766
2011-09-13,33.60365295410156
2011-09-14,34.281089782714844
2011-09-15,34.23381805419922
2011-09-16,33.847869873046875
2011-09-19,33.65093231201172
2011-09-20,33.41461944580078
2011-09-21,32.60328674316406
2011-09-22,32.13853073120117
2011-09-23,32.24879837036133
2011-09-26,33.76906967163086
2011-09-27,33.422481536865234
2011-09-28,32.24879837036133
2011-09-29,32.31970977783203
2011-09-30,31.216907501220703
2011-10-03,29.73602294921875
2011-10-04,30.563106536865234
2011-10-05,31.051481246948242
2011-10-06,31.99673080444336
2011-10-07,31.358701705932617
2011-10-10,33.0050048828125
2011-10-11,33.49338150024414
2011-10-12,34.218082427978516
2011-10-13,32.98135757446289
2011-10-14,33.131046295166016
2011-10-17,31.728914260864258
2011-10-18,32.43785095214844
2011-10-19,31.31143569946289
2011-10-20,31.89434051513672
2011-10-21,34.099918365478516
2011-10-24,35.79349136352539
2011-10-25,34.19444274902344
2011-10-26,35.131805419921875
2011-10-27,37.07746124267578
2011-10-28,36.94355773925781
2011-10-31,35.96678924560547
2011-11-01,34.47800827026367
2011-11-02,35.60444259643555
2011-11-03,36.81749725341797
2011-11-04,36.36064910888672
2011-11-07,36.52606201171875
2011-11-08,36.90415954589844
2011-11-09,34.97427749633789
2011-11-10,35.045166015625
2011-11-11,35.462650299072266
2011-11-14,34.50952911376953
2011-11-15,34.407135009765625
2011-11-16,33.138916015625
2011-11-17,32.5001106262207
2011-11-18,32.83924102783203
2011-11-21,32.31871032714844
2011-11-22,32.15311050415039
2011-11-23,31.427539825439453
2011-11-25,31.56163215637207
2011-11-28,33.01273727416992
2011-11-29,32.75248718261719
2011-11-30,35.220943450927734
2011-12-01,35.29191970825195
2011-12-02,35.757225036621094
2011-12-05,36.90864944458008
2011-12-06,36.02535629272461
2011-12-07,36.48276901245117
2011-12-08,35.26826477050781
2011-12-09,36.33292770385742
2011-12-12,35.60738754272461
2011-12-13,35.17361068725586
2011-12-14,34.960689544677734
2011-12-15,33.95121383666992
2011-12-16,34.219356536865234
2011-12-19,32.7761344909668
2011-12-20,32.92597579956055
2011-12-21,33.07582092285156
2011-12-22,33.62787628173828
2011-12-23,33.99065017700195
2011-12-27,33.50957489013672
2011-12-28,32.90232467651367
2011-12-29,33.62787628173828
2011-12-30,33.35184860229492
2012-01-03,34.503273010253906
2012-01-04,35.09475326538086
2012-01-05,35.63103485107422
2012-01-06,35.61526107788086
2012-01-09,36.47488021850586
2012-01-10,37.60264587402344
2012-01-11,37.62631607055664
2012-01-12,38.170494079589844
2012-01-13,38.55691909790039
2012-01-17,38.485939025878906
2012-01-18,38.73830795288086
2012-01-19,38.46229553222656
2012-01-20,36.3013801574707
2012-01-23,36.34869384765625
2012-01-24,35.5206298828125
2012-01-25,35.97016143798828
2012-01-26,35.97016143798828
2012-01-27,36.31715774536133
2012-01-30,35.33135986328125
2012-01-31,36.08057403564453
2012-02-01,36.790348052978516
2012-02-02,37.05848693847656
2012-02-03,38.88026809692383
2012-02-06,37.77616500854492
2012-02-07,37.29509353637695
2012-02-08,38.19508743286133
2012-02-09,38.763511657714844
2012-02-10,38.11614990234375
2012-02-13,38.28193283081055
2012-02-14,37.879295349121094
2012-02-15,38.826663970947266
2012-02-16,38.91351318359375
2012-02-17,38.55036544799805
2012-02-21,38.41614532470703
2012-02-22,38.09246063232422
2012-02-23,38.921417236328125
2012-02-24,38.91351318359375
2012-02-27,39.268768310546875
2012-02-28,39.76616668701172
2012-02-29,39.947731018066406
2012-03-01,39.66353988647461
2012-03-02,39.38720703125
2012-03-05,38.98457336425781
2012-03-06,38.10824203491211
2012-03-07,38.36088180541992
2012-03-08,39.024044036865234
2012-03-09,39.331939697265625
2012-03-12,38.66878128051758
2012-03-13,40.224056243896484
2012-03-14,41.31354522705078
2012-03-15,42.33987045288086
2012-03-16,43.02671432495117
2012-03-19,43.50039291381836
2012-03-20,43.52408981323242
2012-03-21,43.721466064453125
2012-03-22,42.96355438232422
2012-03-23,44.005680084228516
2012-03-26,45.11885070800781
2012-03-27,44.90568923950195
2012-03-28,44.9846305847168
2012-03-29,44.55039596557617
2012-03-30,44.005680084228516
2012-04-02,44.49514389038086
2012-04-03,44.47935104370117
2012-04-04,43.72935104370117
2012-04-05,43.93463134765625
2012-04-09,42.82146072387695
2012-04-10,41.59775924682617
2012-04-11,42.41881561279297
2012-04-12,43.1451301574707
2012-04-13,42.21355438232422
2012-04-16,42.06353759765625
2012-04-17,42.647769927978516
2012-04-18,42.83723068237305
2012-04-19,42.57670211791992
2012-04-20,42.51355743408203
2012-04-23,42.69512939453125
2012-04-24,42.916194915771484
2012-04-25,43.358299255371094
2012-04-26,43.29515075683594
2012-04-27,44.25829315185547
2012-04-30,43.80039978027344
2012-05-01,44.226722717285156
2012-05-02,44.27410125732422
2012-05-03,43.86355209350586
2012-05-04,43.042510986328125
2012-05-07,43.1451301574707
2012-05-08,42.68723678588867
2012-05-09,42.26090621948242
2012-05-10,42.87671661376953
2012-05-11,42.92407989501953
2012-05-14,41.29774856567383
2012-05-15,40.484580993652344
2012-05-16,39.749637603759766
2012-05-17,39.35453414916992
2012-05-18,38.825069427490234
2012-05-21,39.4177360534668
2012-05-22,39.74175262451172
2012-05-23,39.78125762939453
2012-05-24,40.871803283691406
2012-05-25,40.40555191040039
2012-05-29,40.99824905395508
2012-05-30,40.28702926635742
2012-05-31,40.5952262878418
2012-06-01,38.248172760009766
2012-06-04,38.469451904296875
2012-06-05,39.72594451904297
2012-06-06,39.99463653564453
2012-06-07,40.43718338012695
2012-06-08,41.559322357177734
2012-06-11,40.91922378540039
2012-06-12,41.94654846191406
2012-06-13,41.14838790893555
2012-06-14,41.89122009277344
2012-06-15,42.523441314697266
2012-06-18,42.760520935058594
2012-06-19,43.50334548950195
2012-06-20,43.01338195800781
2012-06-21,41.907020568847656
2012-06-22,41.82802200317383
2012-06-25,41.24322509765625
2012-06-26,41.99396514892578
2012-06-27,42.017669677734375
2012-06-28,42.246849060058594
2012-06-29,43.195133209228516
2012-07-02,43.266273498535156
2012-07-03,43.5428466796875
2012-07-05,43.09241485595703
2012-07-06,42.68938064575195
2012-07-09,42.8553352355957
2012-07-10,42.31795120239258
2012-07-11,42.705196380615234
2012-07-12,42.167816162109375
2012-07-13,43.00548553466797
2012-07-16,43.53496551513672
2012-07-17,44.11974334716797
2012-07-18,43.376914978027344
2012-07-19,44.54646301269531
2012-07-20,44.15926742553711
2012-07-23,43.70090866088867
2012-07-24,43.46384048461914
2012-07-25,43.361087799072266
2012-07-26,44.53858184814453
2012-07-27,45.51850128173828
2012-07-30,44.96531295776367
2012-07-31,44.64130401611328
2012-08-01,43.969608306884766
2012-08-02,43.598182678222656
2012-08-03,45.502685546875
2012-08-06,44.79934310913086
2012-08-07,44.712425231933594
2012-08-08,44.73615646362305
2012-08-09,44.72824478149414
2012-08-10,44.372318267822266
2012-08-13,43.968929290771484
2012-08-14,43.60508728027344
2012-08-15,43.53392028808594
2012-08-16,44.47514343261719
2012-08-17,44.91807556152344
2012-08-20,44.680782318115234
2012-08-21,44.66498947143555
2012-08-22,44.198326110839844
2012-08-23,44.00058364868164
2012-08-24,44.98135757446289
2012-08-27,44.94972229003906
2012-08-28,44.823158264160156
2012-08-29,44.66498947143555
2012-08-30,44.30902862548828
2012-08-31,44.712440490722656
2012-09-04,44.680782318115234
2012-09-05,44.42768859863281
2012-09-06,45.21072769165039
2012-09-07,45.4084587097168
2012-09-10,45.115821838378906
2012-09-11,44.66498947143555
2012-09-12,45.81187057495117
2012-09-13,46.65024948120117
2012-09-14,46.95872497558594
2012-09-17,46.47623825073242
2012-09-18,45.78021240234375
2012-09-19,45.85140609741211
2012-09-20,45.914676666259766
2012-09-21,45.289825439453125
2012-09-24,45.361000061035156
2012-09-25,44.21413803100586
2012-09-26,43.723731994628906
2012-09-27,45.05253982543945
2012-09-28,45.09208297729492
2012-10-01,45.92258834838867
2012-10-02,46.120323181152344
2012-10-03,46.3734245300293
2012-10-04,47.08528137207031
2012-10-05,46.666072845458984
2012-10-08,46.705623626708984
2012-10-09,46.397159576416016
2012-10-10,46.057044982910156
2012-10-11,46.579078674316406
2012-10-12,46.041221618652344
2012-10-15,45.55876541137695
2012-10-16,45.88303756713867
2012-10-17,45.89884567260742
2012-10-18,45.32146453857422
2012-10-19,48.05023193359375
2012-10-22,47.4570426940918
2012-10-23,47.47285079956055
2012-10-24,47.19601821899414
2012-10-25,47.433311462402344
2012-10-26,47.4570426940918
2012-10-31,47.591495513916016
2012-11-01,48.564361572265625
2012-11-02,48.564361572265625
2012-11-05,47.994873046875
2012-11-06,48.3033332824707
2012-11-07,47.03679656982422
2012-11-08,46.142276763916016
2012-11-09,46.20560836791992
2012-11-12,45.770225524902344
2012-11-13,45.366519927978516
2012-11-14,44.44034194946289
2012-11-15,43.35586166381836
2012-11-16,44.09204864501953
2012-11-19,46.023536682128906
2012-11-20,46.292694091796875
2012-11-21,46.158119201660156
2012-11-23,46.680572509765625
2012-11-26,46.44306945800781
2012-11-27,45.60399627685547
2012-11-28,45.97604751586914
2012-11-29,46.11852264404297
2012-11-30,45.59608459472656
2012-12-03,45.38236618041992
2012-12-04,45.1369514465332
2012-12-05,45.16069412231445
2012-12-06,45.3348388671875
2012-12-07,45.17652893066406
2012-12-10,45.51691818237305
2012-12-11,46.11852264404297
2012-12-12,46.24519729614258
2012-12-13,45.9127197265625
2012-12-14,44.98655319213867
2012-12-17,45.920631408691406
2012-12-18,47.385093688964844
2012-12-19,46.48267364501953
2012-12-20,46.82305908203125
2012-12-21,46.61723327636719
2012-12-24,46.34809494018555
2012-12-26,45.7464714050293
2012-12-27,45.39817810058594
2012-12-28,45.20028305053711
2012-12-31,45.857295989990234
2013-01-02,48.46957015991211
2013-01-03,47.93129348754883
2013-01-04,49.04745101928711
2013-01-07,49.77571105957031
2013-01-08,49.205772399902344
2013-01-09,49.324501037597656
2013-01-10,49.76780319213867
2013-01-11,49.071197509765625
2013-01-14,48.509159088134766
2013-01-15,48.84162521362305
2013-01-16,48.8812141418457
2013-01-17,48.75456619262695
2013-01-18,45.11320495605469
2013-01-22,44.456180572509766
2013-01-23,44.519500732421875
2013-01-24,45.01029586791992
2013-01-25,44.58282470703125
2013-01-28,44.329524993896484
2013-01-29,44.02871322631836
2013-01-30,44.7728157043457
2013-01-31,44.58282470703125
2013-02-01,44.7253303527832
2013-02-04,44.638248443603516
2013-02-05,45.22401428222656
2013-02-06,45.4931755065918
2013-02-07,45.310943603515625
2013-02-08,45.37432861328125
2013-02-11,44.803871154785156
2013-02-12,44.19382095336914
2013-02-13,43.63128662109375
2013-02-14,44.043270111083984
2013-02-15,42.80732727050781
2013-02-19,42.08632278442383
2013-02-20,41.41288375854492
2013-02-21,41.3653564453125
2013-02-22,41.42081832885742
2013-02-25,40.248233795166016
2013-02-26,40.77904510498047
2013-02-27,40.87412643432617
2013-02-28,40.43044662475586
2013-03-01,41.0959587097168
2013-03-04,42.08632278442383
2013-03-05,42.74393081665039
2013-03-06,43.02915954589844
2013-03-07,43.116310119628906
2013-03-08,42.94200897216797
2013-03-11,43.559993743896484
2013-03-12,43.25890350341797
2013-03-13,43.28267288208008
2013-03-14,43.1876106262207
2013-03-15,43.72636795043945
2013-03-18,43.30644989013672
2013-03-19,42.49832534790039
2013-03-20,42.712242126464844
2013-03-21,42.55378341674805
2013-03-22,42.86276626586914
2013-03-25,43.25100326538086
2013-03-26,43.623374938964844
2013-03-27,43.4332160949707
2013-03-28,43.53622055053711
2013-04-01,42.53001403808594
2013-04-02,43.28267288208008
2013-04-03,42.910308837890625
2013-04-04,43.63128662109375
2013-04-05,43.346073150634766
2013-04-08,43.900672912597656
2013-04-09,44.217594146728516
2013-04-10,44.1779670715332
2013-04-11,43.4332160949707
2013-04-12,43.30644989013672
2013-04-15,42.07048797607422
2013-04-16,42.25271224975586
2013-04-17,41.80110168457031
2013-04-18,41.82487487792969
2013-04-19,44.5028076171875
2013-04-22,43.86106872558594
2013-04-23,44.63749313354492
2013-04-24,45.20793533325195
2013-04-25,45.184173583984375
2013-04-26,45.279273986816406
2013-04-29,45.5644645690918
2013-04-30,45.77838897705078
2013-05-01,45.437705993652344
2013-05-02,46.095298767089844
2013-05-03,46.36468505859375
2013-05-06,46.78459548950195
2013-05-07,46.80836868286133
2013-05-08,47.41050720214844
2013-05-09,47.09995651245117
2013-05-10,47.386619567871094
2013-05-13,46.8292236328125
2013-05-14,47.458282470703125
2013-05-15,47.86438751220703
2013-05-16,47.09995651245117
2013-05-17,48.43770217895508
2013-05-20,49.21806716918945
2013-05-21,49.456939697265625
2013-05-22,49.0030517578125
2013-05-23,48.76417922973633
2013-05-24,48.67658996582031
2013-05-28,49.21806716918945
2013-05-29,49.05084228515625
2013-05-30,49.71175003051758
2013-05-31,48.5173454284668
2013-06-03,49.29768753051758
2013-06-04,48.78010177612305
2013-06-05,47.92808532714844
2013-06-06,48.38993453979492
2013-06-07,49.63212966918945
2013-06-10,49.799339294433594
2013-06-11,48.93936538696289
2013-06-12,48.875648498535156
2013-06-13,49.64805221557617
2013-06-14,48.58103561401367
2013-06-17,49.36935043334961
2013-06-18,49.44898223876953
2013-06-19,49.21806716918945
2013-06-20,49.066776275634766
2013-06-21,48.85974884033203
2013-06-24,47.752899169921875
2013-06-25,48.66066360473633
2013-06-26,49.026947021484375
2013-06-27,49.91876983642578
2013-06-28,50.014347076416016
2013-07-01,50.63543701171875
2013-07-02,51.153018951416016
2013-07-03,50.8982048034668
2013-07-05,52.28373336791992
2013-07-08,52.188175201416016
2013-07-09,52.18021774291992
2013-07-10,51.686527252197266
2013-07-11,52.40318298339844
2013-07-12,53.199462890625
2013-07-15,53.231319427490234
2013-07-16,53.095951080322266
2013-07-17,53.271121978759766
2013-07-18,53.39054870605469
2013-07-19,55.054805755615234
2013-07-22,55.09461212158203
2013-07-23,54.95127487182617
2013-07-24,54.72035598754883
2013-07-25,54.72035598754883
2013-07-26,54.75221633911133
2013-07-29,54.50535202026367
2013-07-30,55.078678131103516
2013-07-31,54.959232330322266
2013-08-01,55.74298858642578
2013-08-02,55.655025482177734
2013-08-05,55.583045959472656
2013-08-06,55.41511154174805
2013-08-07,54.32741928100586
2013-08-08,54.71930694580078
2013-08-09,54.56736755371094
2013-08-12,54.71930694580078
2013-08-13,54.83127212524414
2013-08-14,54.67132568359375
2013-08-15,53.59166717529297
2013-08-16,53.71162033081055
2013-08-19,52.711917877197266
2013-08-20,53.25575637817383
2013-08-21,52.911865234375
2013-08-22,53.32773971557617
2013-08-23,53.31973648071289
2013-08-26,52.78389358520508
2013-08-27,51.43230438232422
2013-08-28,51.21638488769531
2013-08-29,51.48828887939453
2013-08-30,51.6242561340332
2013-09-03,51.504302978515625
2013-09-04,52.008140563964844
2013-09-05,52.44801712036133
2013-09-06,52.28803253173828
2013-09-09,53.15179443359375
2013-09-10,54.26345443725586
2013-09-11,54.07950210571289
2013-09-12,54.34342956542969
2013-09-13,53.97555160522461
2013-09-16,54.103492736816406
2013-09-17,55.279136657714844
2013-09-18,55.40711212158203
2013-09-19,55.215152740478516
2013-09-20,55.26313400268555
2013-09-23,54.743289947509766
2013-09-24,54.775291442871094
2013-09-25,55.33512496948242
2013-09-26,55.279136657714844
2013-09-27,55.119178771972656
2013-09-30,54.97522735595703
2013-10-01,55.814979553222656
2013-10-02,55.62303161621094
2013-10-03,55.007225036621094
2013-10-04,56.238853454589844
2013-10-07,55.08720779418945
2013-10-08,54.247459411621094
2013-10-09,54.463409423828125
2013-10-10,56.59074020385742
2013-10-11,57.510459899902344
2013-10-14,57.662410736083984
2013-10-15,57.254539489746094
2013-10-16,57.78236770629883
2013-10-17,57.70238494873047
2013-10-18,57.26255416870117
2013-10-21,56.99863052368164
2013-10-22,56.78268051147461
2013-10-23,56.414791107177734
2013-10-24,56.50275802612305
2013-10-25,56.28681945800781
2013-10-28,56.5987434387207
2013-10-29,56.72669219970703
2013-10-30,55.82297134399414
2013-10-31,54.91924285888672
2013-11-01,55.49506759643555
2013-11-04,55.6710205078125
2013-11-05,55.95092010498047
2013-11-06,55.65375900268555
2013-11-07,55.300331115722656
2013-11-08,55.894710540771484
2013-11-11,55.96699523925781
2013-11-12,55.83047103881836
2013-11-13,56.27220153808594
2013-11-14,56.778236389160156
2013-11-15,56.52121353149414
2013-11-18,55.758155822753906
2013-11-19,55.62160873413086
2013-11-20,55.26019287109375
2013-11-21,55.92683792114258
2013-11-22,55.910770416259766
2013-11-25,56.55332565307617
2013-11-26,56.87461471557617
2013-11-27,57.436859130859375
2013-11-29,57.533241271972656
2013-12-02,57.91075134277344
2013-12-03,57.533241271972656
2013-12-04,58.11153793334961
2013-12-05,57.78224182128906
2013-12-06,58.31233596801758
2013-12-09,58.63361358642578
2013-12-10,58.489051818847656
2013-12-11,57.71799087524414
2013-12-12,57.412757873535156
2013-12-13,57.40473937988281
2013-12-16,57.9749870300293
2013-12-17,57.66175079345703
2013-12-18,58.99504470825195
2013-12-19,59.147666931152344
2013-12-20,60.023162841796875
2013-12-23,60.24805450439453
2013-12-24,60.54522705078125
2013-12-26,60.94683074951172
2013-12-27,60.86651611328125
2013-12-30,60.89865493774414
2013-12-31,61.53317642211914
2014-01-02,62.047237396240234
2014-01-03,62.1195182800293
2014-01-06,61.51708984375
2014-01-07,62.071311950683594
2014-01-08,62.529151916503906
2014-01-09,62.529151916503906
2014-01-10,62.665672302246094
2014-01-13,61.340396881103516
2014-01-14,62.13555908203125
2014-01-15,61.87050247192383
2014-01-16,61.39662170410156
2014-01-17,58.14365768432617
2014-01-21,58.32038116455078
2014-01-22,58.35249710083008
2014-01-23,57.46094512939453
2014-01-24,56.68183517456055
2014-01-27,56.18387222290039
2014-01-28,56.922794342041016
2014-01-29,56.119625091552734
2014-01-30,56.995079040527344
2014-01-31,56.713966369628906
2014-02-03,55.31639099121094
2014-02-04,55.195919036865234
2014-02-05,55.14772415161133
2014-02-06,56.40621566772461
2014-02-07,57.600181579589844
2014-02-10,57.575965881347656
2014-02-11,57.487239837646484
2014-02-12,57.809932708740234
2014-02-13,58.3827018737793
2014-02-14,58.40690612792969
2014-02-18,58.42302322387695
2014-02-19,57.23716354370117
2014-02-20,57.14841079711914
2014-02-21,57.25327682495117
2014-02-24,57.86639404296875
2014-02-25,57.309749603271484
2014-02-26,57.5437126159668
2014-02-27,58.58438491821289
2014-02-28,59.237823486328125
2014-03-03,58.27782440185547
2014-03-04,59.431434631347656
2014-03-05,59.98807907104492
2014-03-06,60.52858352661133
2014-03-07,60.512454986572266
2014-03-10,60.62538528442383
2014-03-11,59.98807907104492
2014-03-12,59.850929260253906
2014-03-13,58.67313766479492
2014-03-14,58.23748016357422
2014-03-17,59.56053924560547
2014-03-18,59.33462142944336
2014-03-19,58.97968673706055
2014-03-20,59.92353820800781
2014-03-21,60.82706832885742
2014-03-24,60.66573715209961
2014-03-25,60.76254653930664
2014-03-26,60.47211456298828
2014-03-27,61.214298248291016
2014-03-28,61.383705139160156
2014-03-31,62.246917724609375
2014-04-01,61.94038391113281
2014-04-02,62.23884582519531
2014-04-03,62.496986389160156
2014-04-04,61.87581253051758
2014-04-07,60.948089599609375
2014-04-08,61.05295944213867
2014-04-09,61.58538818359375
2014-04-10,59.754119873046875
2014-04-11,59.72991943359375
2014-04-14,59.746055603027344
2014-04-15,60.11713790893555
2014-04-16,60.633480072021484
2014-04-17,60.415653228759766
2014-04-21,60.544734954833984
2014-04-22,60.593135833740234
2014-04-23,60.43983459472656
2014-04-24,60.29462814331055
2014-04-25,59.16521453857422
2014-04-28,58.85059356689453
2014-04-29,59.3023796081543
2014-04-30,59.61697769165039
2014-05-01,60.12523651123047
2014-05-02,61.16591262817383
2014-05-05,61.15782165527344
2014-05-06,60.488250732421875
2014-05-07,61.649940490722656
2014-05-08,61.6904296875
2014-05-09,61.900997161865234
2014-05-12,62.95387649536133
2014-05-13,62.77569580078125
2014-05-14,61.6904296875
2014-05-15,61.89292526245117
2014-05-16,61.36646270751953
2014-05-19,61.63374328613281
2014-05-20,61.131595611572266
2014-05-21,62.095401763916016
2014-05-22,62.079193115234375
2014-05-23,62.51652526855469
2014-05-27,62.97008514404297
2014-05-28,63.61800765991211
2014-05-29,63.75570297241211
2014-05-30,63.893375396728516
2014-06-02,63.682769775390625
2014-06-03,63.804283142089844
2014-06-04,64.12828063964844
2014-06-05,64.64657592773438
2014-06-06,65.44029998779297
2014-06-09,66.40409851074219
2014-06-10,66.17731475830078
2014-06-11,65.46459197998047
2014-06-12,65.54557800292969
2014-06-13,65.17301940917969
2014-06-16,65.63467407226562
2014-06-17,65.52128601074219
2014-06-18,66.12870788574219
2014-06-19,66.41218566894531
2014-06-20,67.57034301757812
2014-06-23,67.61894226074219
2014-06-24,66.7766342163086
2014-06-25,66.6794662475586
2014-06-26,66.80903625488281
2014-06-27,67.23017883300781
2014-06-30,66.89811706542969
2014-07-01,67.23828887939453
2014-07-02,67.70799255371094
2014-07-03,68.80137634277344
2014-07-07,67.68372344970703
2014-07-08,67.40836334228516
2014-07-09,68.34783172607422
2014-07-10,67.78093719482422
2014-07-11,67.99957275390625
2014-07-14,68.04008483886719
2014-07-15,68.76087951660156
2014-07-16,68.33977508544922
2014-07-17,66.80903625488281
2014-07-18,66.64704132080078
2014-07-21,66.34737396240234
2014-07-22,66.50936126708984
2014-07-23,66.40409851074219
2014-07-24,66.73612213134766
2014-07-25,66.12870788574219
2014-07-28,66.0315170288086
2014-07-29,65.75614929199219
2014-07-30,66.05582427978516
2014-07-31,64.4198226928711
2014-08-01,64.37931823730469
2014-08-04,64.9705581665039
2014-08-05,63.812381744384766
2014-08-06,63.788089752197266
2014-08-07,63.44662094116211
2014-08-08,64.12956237792969
2014-08-11,63.9913444519043
2014-08-12,64.50353240966797
2014-08-13,64.94255065917969
2014-08-14,64.86939239501953
2014-08-15,64.47102355957031
2014-08-18,65.3815689086914
2014-08-19,65.43034362792969
2014-08-20,65.7880630493164
2014-08-21,66.41407775878906
2014-08-22,66.09700012207031
2014-08-25,66.71488952636719
2014-08-26,66.50350952148438
2014-08-27,66.63359832763672
2014-08-28,66.33279418945312
2014-08-29,66.71488952636719
2014-09-02,67.13765716552734
2014-09-03,67.09701538085938
2014-09-04,67.07259368896484
2014-09-05,67.22708892822266
2014-09-08,66.7311782836914
2014-09-09,66.2758560180664
2014-09-10,66.04010772705078
2014-09-11,66.04010772705078
2014-09-12,65.80431365966797
2014-09-15,66.25962829589844
2014-09-16,66.81246948242188
2014-09-17,67.3815689086914
2014-09-18,68.02381896972656
2014-09-19,68.34901428222656
2014-09-22,67.71488189697266
2014-09-23,66.70675659179688
2014-09-24,67.007568359375
2014-09-25,65.86124420166016
2014-09-26,66.34901428222656
2014-09-29,66.52789306640625
2014-09-30,66.35716247558594
2014-10-01,65.53606414794922
2014-10-02,65.95879364013672
2014-10-03,66.89373779296875
2014-10-06,66.844970703125
2014-10-07,65.70674896240234
2014-10-08,67.28399658203125
2014-10-09,66.21084594726562
2014-10-10,65.33277893066406
2014-10-13,64.6173324584961
2014-10-14,65.06449127197266
2014-10-15,64.39784240722656
2014-10-16,63.84498596191406
2014-10-17,62.13767623901367
2014-10-20,62.19462203979492
2014-10-21,63.983192443847656
2014-10-22,63.29216766357422
2014-10-23,63.73116683959961
2014-10-24,64.44660186767578
2014-10-27,64.25962829589844
2014-10-28,65.60108947753906
2014-10-29,66.08889770507812
2014-10-30,66.44660949707031
2014-10-31,67.29212188720703
2014-11-03,67.2108154296875
2014-11-04,67.04822540283203
2014-11-05,66.3409194946289
2014-11-06,66.97738647460938
2014-11-07,67.40171813964844
2014-11-10,67.9239501953125
2014-11-11,67.05897521972656
2014-11-12,66.56123352050781
2014-11-13,66.5857162475586
2014-11-14,66.71625518798828
2014-11-17,66.21037292480469
2014-11-18,66.33277130126953
2014-11-19,65.80236053466797
2014-11-20,66.16957092285156
2014-11-21,66.2674789428711
2014-11-24,66.99371337890625
2014-11-25,67.45066833496094
2014-11-26,67.52411651611328
2014-11-28,67.89129638671875
2014-12-01,67.1650619506836
2014-12-02,67.1895523071289
2014-12-03,67.05897521972656
2014-12-04,66.98556518554688
2014-12-05,67.6791763305664
2014-12-08,67.89129638671875
2014-12-09,67.94842529296875
2014-12-10,67.23035430908203
2014-12-11,67.22220611572266
2014-12-12,65.4188461303711
2014-12-15,64.96186065673828
2014-12-16,63.835792541503906
2014-12-17,64.96186065673828
2014-12-18,67.0427017211914
2014-12-19,67.26298522949219
2014-12-22,67.63837432861328
2014-12-23,67.95660400390625
2014-12-24,67.9157943725586
2014-12-26,67.89947509765625
2014-12-29,67.972900390625
2014-12-30,67.98106384277344
2014-12-31,67.36091613769531
2015-01-02,67.31195831298828
2015-01-05,65.76154327392578
2015-01-06,64.53755187988281
2015-01-07,65.27192687988281
2015-01-08,65.90843963623047
2015-01-09,64.76602172851562
2015-01-12,64.5130615234375
2015-01-13,63.966346740722656
2015-01-14,62.62810134887695
2015-01-15,62.791316986083984
2015-01-16,62.54649353027344
2015-01-20,63.150367736816406
2015-01-21,63.00347137451172
2015-01-22,62.17930221557617
2015-01-23,63.321693420410156
2015-01-26,63.803138732910156
2015-01-27,62.64442443847656
2015-01-28,60.75130081176758
2015-01-29,61.167476654052734
2015-01-30,59.73945617675781
2015-02-02,60.726829528808594
2015-02-03,61.61627197265625
2015-02-04,61.444915771484375
2015-02-05,62.083946228027344
2015-02-06,62.444393157958984
2015-02-09,62.8540153503418
2015-02-10,63.13260269165039
2015-02-11,63.34562301635742
2015-02-12,64.95957946777344
2015-02-13,64.62366485595703
2015-02-17,65.54124450683594
2015-02-18,65.0005111694336
2015-02-19,65.06605529785156
2015-02-20,65.8607406616211
2015-02-23,65.5903549194336
2015-02-24,65.95085906982422
2015-02-25,65.2626724243164
2015-02-26,64.8448486328125
2015-02-27,64.484375
2015-03-02,64.8448486328125
2015-03-03,64.83666229248047
2015-03-04,64.43521118164062
2015-03-05,64.63185119628906
2015-03-06,64.70557403564453
2015-03-09,65.41016387939453
2015-03-10,63.67332458496094
2015-03-11,64.09113311767578
2015-03-12,66.72918701171875
2015-03-13,65.54124450683594
2015-03-16,66.74554443359375
2015-03-17,66.77012634277344
2015-03-18,66.86843872070312
2015-03-19,66.04915618896484
2015-03-20,66.4670181274414
2015-03-23,66.5653076171875
2015-03-24,65.65596008300781
2015-03-25,64.59086608886719
2015-03-26,64.32054138183594
2015-03-27,64.43521118164062
2015-03-30,64.88581085205078
2015-03-31,64.57450866699219
2015-04-01,65.43470764160156
2015-04-02,65.79520416259766
2015-04-06,65.80339813232422
2015-04-07,65.27085876464844
2015-04-08,65.6968765258789
2015-04-09,65.83616638183594
2015-04-10,66.04100799560547
2015-04-13,66.43423461914062
2015-04-14,66.6472396850586
2015-04-15,67.85155487060547
2015-04-16,68.0072250366211
2015-04-17,67.17976379394531
2015-04-20,67.33540344238281
2015-04-21,66.7947006225586
2015-04-22,66.98312377929688
2015-04-23,67.0650634765625
2015-04-24,65.90171813964844
2015-04-27,65.83616638183594
2015-04-28,66.13931274414062
2015-04-29,65.83616638183594
2015-04-30,66.23758697509766
2015-05-01,67.1224136352539
2015-05-04,67.39277648925781
2015-05-05,67.40097045898438
2015-05-06,67.70411682128906
2015-05-07,67.52296447753906
2015-05-08,68.46148681640625
2015-05-11,68.58494567871094
2015-05-12,68.25565338134766
2015-05-13,68.86485290527344
2015-05-14,69.53994750976562
2015-05-15,69.17771911621094
2015-05-18,69.6140365600586
2015-05-19,70.31377410888672
2015-05-20,70.2643814086914
2015-05-21,70.06681823730469
2015-05-22,69.99272155761719
2015-05-26,69.11183166503906
2015-05-27,69.67164611816406
2015-05-28,69.39999389648438
2015-05-29,68.79076385498047
2015-06-01,68.65083312988281
2015-06-02,69.11183166503906
2015-06-03,69.39999389648438
2015-06-04,68.48619842529297
2015-06-05,69.92686462402344
2015-06-08,69.92686462402344
2015-06-09,70.4455337524414
2015-06-10,71.56513977050781
2015-06-11,72.1661376953125
2015-06-12,72.09201049804688
2015-06-15,72.02613067626953
2015-06-16,72.50363159179688
2015-06-17,72.31428527832031
2015-06-18,72.87411499023438
2015-06-19,72.79178619384766
2015-06-22,73.53269958496094
2015-06-23,73.58209991455078
2015-06-24,73.34334564208984
2015-06-25,73.14575958251953
2015-06-26,73.31867218017578
2015-06-29,72.2402114868164
2015-06-30,72.42132568359375
2015-07-01,72.93994903564453
2015-07-02,72.70943450927734
2015-07-06,72.2402114868164
2015-07-07,72.35545349121094
2015-07-08,70.97240447998047
2015-07-09,71.40049743652344
2015-07-10,72.17431640625
2015-07-13,73.2939682006836
2015-07-14,73.28572082519531
2015-07-15,74.1748275756836
2015-07-16,74.8828353881836
2015-07-17,74.90751647949219
2015-07-20,75.27800750732422
2015-07-21,75.50025177001953
2015-07-22,75.45086669921875
2015-07-23,74.72640228271484
2015-07-24,64.9214859008789
2015-07-27,64.7156982421875
2015-07-28,64.74861145019531
2015-07-29,65.54718017578125
2015-07-30,67.09487915039062
2015-07-31,66.93021392822266
2015-08-03,67.20188903808594
2015-08-04,66.99609375
2015-08-05,67.39125061035156
2015-08-06,67.12651824951172
2015-08-07,66.86177062988281
2015-08-10,68.24337005615234
2015-08-11,66.90316009521484
2015-08-12,66.69633483886719
2015-08-13,66.8121566772461
2015-08-14,67.23408508300781
2015-08-17,67.54843139648438
2015-08-18,67.22582244873047
2015-08-19,66.28268432617188
2015-08-20,65.38920593261719
2015-08-21,63.38715744018555
2015-08-24,60.830814361572266
2015-08-25,59.77190017700195
2015-08-26,61.84010314941406
2015-08-27,63.999359130859375
2015-08-28,63.96623992919922
2015-08-31,64.32201385498047
2015-09-01,61.48440170288086
2015-09-02,62.2951545715332
2015-09-03,63.006591796875
2015-09-04,61.906314849853516
2015-09-08,63.52778625488281
2015-09-09,62.758419036865234
2015-09-10,62.766685485839844
2015-09-11,62.584693908691406
2015-09-14,62.67567825317383
2015-09-15,63.17205810546875
2015-09-16,63.93317413330078
2015-09-17,62.78325271606445
2015-09-18,60.855621337890625
2015-09-21,61.69948196411133
2015-09-22,60.95490646362305
2015-09-23,60.80601501464844
2015-09-24,60.49164962768555
2015-09-25,61.26101303100586
2015-09-28,59.7056999206543
2015-09-29,59.192787170410156
2015-09-30,59.9952507019043
2015-10-01,60.34273147583008
2015-10-02,60.28479766845703
2015-10-05,62.2951545715332
2015-10-06,62.22895050048828
2015-10-07,62.01387023925781
2015-10-08,62.08830642700195
2015-10-09,61.59193420410156
2015-10-12,61.426475524902344
2015-10-13,61.17000198364258
2015-10-14,60.028343200683594
2015-10-15,61.64984130859375
2015-10-16,61.77392578125
2015-10-19,61.74913024902344
2015-10-20,61.69948196411133
2015-10-21,60.95490646362305
2015-10-22,61.99728775024414
2015-10-23,67.10997772216797
2015-10-26,65.89385223388672
2015-10-27,65.62911224365234
2015-10-28,67.12651824951172
2015-10-29,66.348876953125
2015-10-30,65.27339935302734
2015-11-02,66.36541748046875
2015-11-03,66.91143035888672
2015-11-04,66.63843536376953
2015-11-05,66.13956451416016
2015-11-06,67.69435119628906
2015-11-09,66.88782501220703
2015-11-10,65.99820709228516
2015-11-11,65.57418823242188
2015-11-12,64.33537292480469
2015-11-13,63.9944953918457
2015-11-16,64.76771545410156
2015-11-17,63.49563217163086
2015-11-18,65.09197235107422
2015-11-19,66.16453552246094
2015-11-20,66.06475830078125
2015-11-23,65.53262329101562
2015-11-24,65.3746337890625
2015-11-25,65.71556091308594
2015-11-27,65.68226623535156
2015-11-30,65.27487182617188
2015-12-01,66.36408233642578
2015-12-02,65.49105072021484
2015-12-03,64.29383087158203
2015-12-04,65.98990631103516
2015-12-07,65.12522888183594
2015-12-08,63.90303421020508
2015-12-09,62.7057991027832
2015-12-10,62.863765716552734
2015-12-11,61.25912094116211
2015-12-14,60.951515197753906
2015-12-15,62.664215087890625
2015-12-16,63.48733139038086
2015-12-17,61.84111404418945
2015-12-18,60.25311279296875
2015-12-21,60.344566345214844
2015-12-22,60.50251770019531
2015-12-23,61.267433166503906
2015-12-24,61.126094818115234
2015-12-28,60.818450927734375
2015-12-29,61.3505744934082
2015-12-30,60.868343353271484
2015-12-31,60.011985778808594
2016-01-04,58.81474304199219
2016-01-05,57.750518798828125
2016-01-06,56.993934631347656
2016-01-07,54.10890579223633
2016-01-08,53.402198791503906
2016-01-11,53.842838287353516
2016-01-12,54.70752716064453
2016-01-13,52.911643981933594
2016-01-14,53.709815979003906
2016-01-15,52.25481033325195
2016-01-19,51.706077575683594
2016-01-20,50.51715087890625
2016-01-21,50.86635971069336
2016-01-22,50.799842834472656
2016-01-25,48.77117919921875
2016-01-26,50.201210021972656
2016-01-27,52.628971099853516
2016-01-28,52.3712272644043
2016-01-29,54.55786895751953
2016-02-01,54.05070114135742
2016-02-02,52.554141998291016
2016-02-03,52.50425720214844
2016-02-04,52.98649597167969
2016-02-05,52.67885971069336
2016-02-08,50.625240325927734
2016-02-09,51.897308349609375
2016-02-10,51.74767303466797
2016-02-11,50.33348083496094
2016-02-12,52.33342742919922
2016-02-16,53.73087692260742
2016-02-17,54.54257583618164
2016-02-18,55.170169830322266
2016-02-19,55.00282287597656
2016-02-22,56.701507568359375
2016-02-23,54.99444580078125
2016-02-24,54.73503494262695
2016-02-25,55.580204010009766
2016-02-26,56.232906341552734
2016-02-29,55.00282287597656
2016-03-01,56.893985748291016
2016-03-02,57.856292724609375
2016-03-03,58.291446685791016
2016-03-04,58.23286437988281
2016-03-07,58.174285888671875
2016-03-08,57.312381744384766
2016-03-09,57.48809814453125
2016-03-10,57.93162155151367
2016-03-11,59.43785858154297
2016-03-14,58.517372131347656
2016-03-15,58.00690460205078
2016-03-16,58.05712890625
2016-03-17,58.157535552978516
2016-03-18,59.05292510986328
2016-03-21,59.25374984741211
2016-03-22,58.96084976196289
2016-03-23,58.75167465209961
2016-03-24,58.37510299682617
2016-03-28,57.90650939941406
2016-03-29,57.613609313964844
2016-03-30,57.864681243896484
2016-03-31,57.99854278564453
2016-04-01,59.245391845703125
2016-04-04,58.433685302734375
2016-04-05,57.34586715698242
2016-04-06,57.1282844543457
2016-04-07,55.714080810546875
2016-04-08,55.78940200805664
2016-04-11,56.232906341552734
2016-04-12,57.1617546081543
2016-04-13,59.27885818481445
2016-04-14,59.806068420410156
2016-04-15,59.697261810302734
2016-04-18,59.96501922607422
2016-04-19,60.91898727416992
2016-04-20,63.11977005004883
2016-04-21,62.53399658203125
2016-04-22,63.22854232788086
2016-04-25,62.75160598754883
2016-04-26,63.56325912475586
2016-04-27,62.182559967041016
2016-04-28,61.39595031738281
2016-04-29,60.57590103149414
2016-05-02,61.57170104980469
2016-05-03,60.224449157714844
2016-05-04,58.30815505981445
2016-05-05,57.83956527709961
2016-05-06,58.06550216674805
2016-05-09,58.2412109375
2016-05-10,59.52989959716797
2016-05-11,58.868839263916016
2016-05-12,58.37229919433594
2016-05-13,57.825260162353516
2016-05-16,58.30496597290039
2016-05-17,57.92626953125
2016-05-18,59.73564147949219
2016-05-19,59.3569450378418
2016-05-20,59.69358444213867
2016-05-23,59.45793151855469
2016-05-24,60.27427673339844
2016-05-25,61.66289138793945
2016-05-26,61.06535720825195
2016-05-27,62.134185791015625
2016-05-31,61.63764572143555
2016-06-01,61.62081527709961
2016-06-02,61.755455017089844
2016-06-03,60.257450103759766
2016-06-06,61.309410095214844
2016-06-07,60.88862609863281
2016-06-08,60.678226470947266
2016-06-09,59.64308166503906
2016-06-10,58.944576263427734
2016-06-13,58.069313049316406
2016-06-14,54.2232780456543
2016-06-15,54.4000129699707
2016-06-16,54.07179260253906
2016-06-17,54.021305084228516
2016-06-20,54.0970344543457
2016-06-21,54.07179260253906
2016-06-22,53.802486419677734
2016-06-23,55.20793151855469
2016-06-24,52.077232360839844
2016-06-27,48.93812942504883
2016-06-28,50.20890808105469
2016-06-29,52.110904693603516
2016-06-30,53.449031829833984
2016-07-01,52.98614501953125
2016-07-05,51.21881866455078
2016-07-06,51.57228469848633
2016-07-07,52.08565902709961
2016-07-08,54.458919525146484
2016-07-11,55.76338577270508
2016-07-12,57.10149383544922
2016-07-13,57.17725372314453
2016-07-14,57.943058013916016
2016-07-15,57.35395431518555
2016-07-18,57.32872772216797
2016-07-19,57.000511169433594
2016-07-20,56.89951705932617
2016-07-21,57.21933364868164
2016-07-22,56.411399841308594
2016-07-25,56.67228317260742
2016-07-26,56.96684265136719
2016-07-27,57.15199661254883
2016-07-28,56.79010772705078
2016-07-29,56.4534912109375
2016-08-01,56.411399841308594
2016-08-02,55.79703903198242
2016-08-03,56.00742721557617
2016-08-04,56.049766540527344
2016-08-05,57.658447265625
2016-08-08,57.71771240234375
2016-08-09,57.38751220703125
2016-08-10,56.600120544433594
2016-08-11,57.52299499511719
2016-08-12,57.57380294799805
2016-08-15,58.09026336669922
2016-08-16,58.098724365234375
2016-08-17,57.81931686401367
2016-08-18,57.751583099365234
2016-08-19,58.04792404174805
2016-08-22,58.149513244628906
2016-08-23,58.242645263671875
2016-08-24,58.098724365234375
2016-08-25,58.22571563720703
2016-08-26,58.5559196472168
2016-08-29,58.953857421875
2016-08-30,59.546512603759766
2016-08-31,60.62181854248047
2016-09-01,60.1815299987793
2016-09-02,60.65566635131836
2016-09-06,60.10535430908203
2016-09-07,60.7657470703125
2016-09-08,61.19755172729492
2016-09-09,60.66414260864258
2016-09-12,61.383819580078125
2016-09-13,60.30005645751953
2016-09-14,59.76666259765625
2016-09-15,60.10535430908203
2016-09-16,59.44493865966797
2016-09-19,60.09685516357422
2016-09-20,59.74127197265625
2016-09-21,60.68954849243164
2016-09-22,61.07900619506836
2016-09-23,60.35087203979492
2016-09-26,59.95294952392578
2016-09-27,60.7911491394043
2016-09-28,60.748802185058594
2016-09-29,59.571929931640625
2016-09-30,60.816566467285156
2016-10-03,61.070518493652344
2016-10-04,61.60395431518555
2016-10-05,62.39981460571289
2016-10-06,61.841033935546875
2016-10-07,61.8494758605957
2016-10-10,62.08654022216797
2016-10-11,61.09596252441406
2016-10-12,61.01127243041992
2016-10-13,60.17307662963867
2016-10-14,60.562538146972656
2016-10-17,60.774200439453125
2016-10-18,60.95201873779297
2016-10-19,62.332088470458984
2016-10-20,63.08563232421875
2016-10-21,63.40735626220703
2016-10-24,63.83916473388672
2016-10-25,63.83070373535156
2016-10-26,63.864566802978516
2016-10-27,63.331172943115234
2016-10-28,63.18721008300781
2016-10-31,62.68768310546875
2016-11-01,62.00188446044922
2016-11-02,61.476959228515625
2016-11-03,61.23139953613281
2016-11-04,61.89179611206055
2016-11-07,63.365028381347656
2016-11-08,61.67169189453125
2016-11-09,64.9578857421875
2016-11-10,67.45234680175781
2016-11-11,68.95071411132812
2016-11-14,71.30892181396484
2016-11-15,69.93827819824219
2016-11-16,68.29519653320312
2016-11-17,69.43598937988281
2016-11-18,69.81907653808594
2016-11-21,70.84069061279297
2016-11-22,70.31287384033203
2016-11-23,72.04109191894531
2016-11-25,71.99855041503906
2016-11-28,70.86624908447266
2016-11-29,70.3213882446289
2016-11-30,71.54732513427734
2016-12-01,73.73528289794922
2016-12-02,73.21597290039062
2016-12-05,73.8204345703125
2016-12-06,74.78243255615234
2016-12-07,76.26380157470703
2016-12-08,77.14068603515625
2016-12-09,77.0044937133789
2016-12-12,76.1275863647461
2016-12-13,76.15312194824219
2016-12-14,75.72746276855469
2016-12-15,76.92784881591797
2016-12-16,76.3404312133789
2016-12-19,76.6554183959961
2016-12-20,77.1491928100586
2016-12-21,76.99598693847656
2016-12-22,75.9317855834961
2016-12-23,76.34894561767578
2016-12-27,76.41705322265625
2016-12-28,75.08040618896484
2016-12-29,74.16095733642578
2016-12-30,74.27165222167969
2017-01-03,75.65935516357422
2017-01-04,76.87674713134766
2017-01-05,75.24217224121094
2017-01-06,75.4294662475586
2017-01-09,74.44192504882812
2017-01-10,75.75300598144531
2017-01-11,75.88922119140625
2017-01-12,74.82501983642578
2017-01-13,75.64232635498047
2017-01-17,73.53096771240234
2017-01-18,74.30567169189453
2017-01-19,73.82891082763672
2017-01-20,74.35676574707031
2017-01-23,73.9566421508789
2017-01-24,75.54015350341797
2017-01-25,75.24217224121094
2017-01-26,76.3744888305664
2017-01-27,75.89771270751953
2017-01-30,75.60824584960938
2017-01-31,74.39935302734375
2017-02-01,74.50151062011719
2017-02-02,73.50543212890625
2017-02-03,74.85057067871094
2017-02-06,74.59515380859375
2017-02-07,75.01232147216797
2017-02-08,74.52703857421875
2017-02-09,75.72440338134766
2017-02-10,75.60465240478516
2017-02-13,76.14347839355469
2017-02-14,77.12702178955078
2017-02-15,77.76846313476562
2017-02-16,77.40926361083984
2017-02-17,78.52108001708984
2017-02-21,79.41056060791016
2017-02-22,79.44478607177734
2017-02-23,79.88951110839844
2017-02-24,79.2052993774414
2017-02-27,80.10331726074219
2017-02-28,80.27438354492188
2017-03-01,82.20724487304688
2017-03-02,80.67633819580078
2017-03-03,80.34280395507812
2017-03-06,79.53885650634766
2017-03-07,79.3849105834961
2017-03-08,79.02568054199219
2017-03-09,78.77767944335938
2017-03-10,78.84607696533203
2017-03-13,78.50399017333984
2017-03-14,78.46977996826172
2017-03-15,76.90464782714844
2017-03-16,77.15269470214844
2017-03-17,75.45925903320312
2017-03-20,74.2191390991211
2017-03-21,71.54220581054688
2017-03-22,71.56787872314453
2017-03-23,71.65335845947266
2017-03-24,71.6705093383789
2017-03-27,70.24221801757812
2017-03-28,71.9869384765625
2017-03-29,72.4231185913086
2017-03-30,74.52703857421875
2017-03-31,74.11653137207031
2017-04-03,73.3809814453125
2017-04-04,72.91917419433594
2017-04-05,71.95271301269531
2017-04-06,72.03825378417969
2017-04-07,71.4481201171875
2017-04-10,70.78956604003906
2017-04-11,71.06327056884766
2017-04-12,70.49024200439453
2017-04-13,69.29286193847656
2017-04-17,70.98627471923828
2017-04-18,70.04550170898438
2017-04-19,70.05404663085938
2017-04-20,71.6020736694336
2017-04-21,70.70404815673828
2017-04-24,72.4231185913086
2017-04-25,73.1928482055664
2017-04-26,71.03758239746094
2017-04-27,70.39615631103516
2017-04-28,68.7455062866211
2017-05-01,69.76325988769531
2017-05-02,70.52445220947266
2017-05-03,70.55010986328125
2017-05-04,70.55010986328125
2017-05-05,70.36195373535156
2017-05-08,70.23365783691406
2017-05-09,70.40469360351562
2017-05-10,69.84880828857422
2017-05-11,68.89479064941406
2017-05-12,68.2416000366211
2017-05-15,69.74565124511719
2017-05-16,69.35030364990234
2017-05-17,67.4422836303711
2017-05-18,68.12986755371094
2017-05-19,68.98934936523438
2017-05-22,68.43928527832031
2017-05-23,69.04948425292969
2017-05-24,68.68850708007812
2017-05-25,68.33614349365234
2017-05-26,68.5767822265625
2017-05-30,67.27901458740234
2017-05-31,66.110107421875
2017-06-01,66.96958923339844
2017-06-02,67.07271575927734
2017-06-05,67.32198333740234
2017-06-06,67.27039337158203
2017-06-07,67.81187438964844
2017-06-08,68.25879669189453
2017-06-09,68.81745910644531
2017-06-12,68.90339660644531
2017-06-13,69.24714660644531
2017-06-14,68.8346176147461
2017-06-15,69.91756439208984
2017-06-16,69.88318634033203
2017-06-19,70.24413299560547
2017-06-20,69.80584716796875
2017-06-21,69.51360321044922
2017-06-22,69.09247589111328
2017-06-23,68.3447036743164
2017-06-26,69.26435089111328
2017-06-27,69.94330596923828
2017-06-28,71.31851959228516
2017-06-29,70.02070617675781
2017-06-30,71.00907897949219
2017-07-03,71.81696319580078
2017-07-05,71.07782745361328
2017-07-06,70.57074737548828
2017-07-07,70.90594482421875
2017-07-10,70.5191879272461
2017-07-11,69.65111541748047
2017-07-12,70.64810180664062
2017-07-13,70.9832992553711
2017-07-14,70.90594482421875
2017-07-17,70.622314453125
2017-07-18,70.10663604736328
2017-07-19,69.94330596923828
2017-07-20,69.62533569335938
2017-07-21,75.5814437866211
2017-07-24,74.87667846679688
2017-07-25,74.85088348388672
2017-07-26,73.66483306884766
2017-07-27,72.8827133178711
2017-07-28,73.02880859375
2017-07-31,74.06877899169922
2017-08-01,73.92266082763672
2017-08-02,73.66483306884766
2017-08-03,73.04312133789062
2017-08-04,72.88768005371094
2017-08-07,73.52667236328125
2017-08-08,73.83753204345703
2017-08-09,73.51801300048828
2017-08-10,71.72193908691406
2017-08-11,71.49746704101562
2017-08-14,72.7581558227539
2017-08-15,72.6632080078125
2017-08-16,72.37820434570312
2017-08-17,70.79802703857422
2017-08-18,70.40081024169922
2017-08-21,70.30583190917969
2017-08-22,70.32311248779297
2017-08-23,70.19355773925781
2017-08-24,70.31446838378906
2017-08-25,70.36627197265625
2017-08-28,69.55459594726562
2017-08-29,68.85515594482422
2017-08-30,69.15737915039062
2017-08-31,68.742919921875
2017-09-01,69.34736633300781
2017-09-05,67.92257690429688
2017-09-06,68.62201690673828
2017-09-07,67.55126190185547
2017-09-08,67.53401184082031
2017-09-11,68.26797485351562
2017-09-12,68.70835876464844
2017-09-13,69.26100158691406
2017-09-14,67.95712280273438
2017-09-15,69.11419677734375
2017-09-18,69.29553985595703
2017-09-19,69.90857696533203
2017-09-20,70.63394927978516
2017-09-21,70.4439926147461
2017-09-22,70.7548599243164
2017-09-25,71.22113800048828
2017-09-26,71.49746704101562
2017-09-27,72.47318267822266
2017-09-28,72.63726806640625
2017-09-29,73.10355377197266
2017-10-02,74.19154357910156
2017-10-03,74.58013153076172
2017-10-04,74.5542221069336
2017-10-05,75.20186614990234
2017-10-06,75.1586685180664
2017-10-09,75.38318634033203
2017-10-10,75.38318634033203
2017-10-11,74.90825653076172
2017-10-12,73.04312133789062
2017-10-13,73.7080078125
2017-10-16,74.99459838867188
2017-10-17,74.32108306884766
2017-10-18,74.8305435180664
2017-10-19,75.53861236572266
2017-10-20,77.42965698242188
2017-10-23,77.47283172607422
2017-10-24,77.30014038085938
2017-10-25,78.4227066040039
2017-10-26,79.89061737060547
2017-10-27,80.11512756347656
2017-10-30,79.81291198730469
2017-10-31,79.59703826904297
2017-11-01,79.35527038574219
2017-11-02,79.8302001953125
2017-11-03,79.09622192382812
2017-11-06,79.70065307617188
2017-11-07,77.81822204589844
2017-11-08,76.82521057128906
2017-11-09,76.08261108398438
2017-11-10,75.59686279296875
2017-11-13,75.4233627319336
2017-11-14,74.59929656982422
2017-11-15,76.01319885253906
2017-11-16,75.59686279296875
2017-11-17,76.18670654296875
2017-11-20,76.56836700439453
2017-11-21,76.29078674316406
2017-11-22,75.69227600097656
2017-11-24,75.79634857177734
2017-11-27,75.35398864746094
2017-11-28,77.85218811035156
2017-11-29,78.91045379638672
2017-11-30,79.80389404296875
2017-12-01,80.428466796875
2017-12-04,82.31077575683594
2017-12-05,81.460693359375
2017-12-06,81.42599487304688
2017-12-07,82.4669418334961
2017-12-08,83.09147644042969
2017-12-11,83.24759674072266
2017-12-12,83.45579528808594
2017-12-13,82.16331481933594
2017-12-14,81.5908203125
2017-12-15,83.54254913330078
2017-12-18,86.14482116699219
2017-12-19,85.65040588378906
2017-12-20,85.52029418945312
2017-12-21,86.32701873779297
2017-12-22,87.17709350585938
2017-12-26,86.67398834228516
2017-12-27,86.52650451660156
2017-12-28,87.00361633300781
2017-12-29,86.37908172607422
2018-01-02,86.40509033203125
2018-01-03,86.25761413574219
2018-01-04,87.97512817382812
2018-01-05,87.98380279541016
2018-01-08,87.43733215332031
2018-01-09,88.20934295654297
2018-01-10,89.46709442138672
2018-01-11,90.57743072509766
2018-01-12,91.45354461669922
2018-01-16,90.57743072509766
2018-01-17,90.55142211914062
2018-01-18,89.70133209228516
2018-01-19,90.54275512695312
2018-01-22,91.50556945800781
2018-01-23,91.69642639160156
2018-01-24,91.30609130859375
2018-01-25,90.43862915039062
2018-01-26,90.9937973022461
2018-01-29,90.73356628417969
2018-01-30,89.75338745117188
2018-01-31,90.17843627929688
2018-02-01,90.83766174316406
2018-02-02,88.1052474975586
2018-02-05,84.14108276367188
2018-02-06,85.39019775390625
2018-02-07,85.11260223388672
2018-02-08,79.63044738769531
2018-02-09,80.17058563232422
2018-02-12,82.932373046875
2018-02-13,83.03692626953125
2018-02-14,84.84036254882812
2018-02-15,85.96424102783203
2018-02-16,86.71351623535156
2018-02-20,85.78129577636719
2018-02-21,84.84908294677734
2018-02-22,84.22179412841797
2018-02-23,86.28662109375
2018-02-26,87.77641296386719
2018-02-27,86.4695816040039
2018-02-28,85.31953430175781
2018-03-01,84.08241271972656
2018-03-02,84.26535034179688
2018-03-05,85.29339599609375
2018-03-06,85.41539001464844
2018-03-07,85.05817413330078
2018-03-08,85.51121520996094
2018-03-09,87.811279296875
2018-03-12,87.52375793457031
2018-03-13,86.09493255615234
2018-03-14,84.68355560302734
2018-03-15,85.42407989501953
2018-03-16,86.56539154052734
2018-03-19,85.94683837890625
2018-03-20,85.96424102783203
2018-03-21,85.53733825683594
2018-03-22,82.46192169189453
2018-03-23,80.4929428100586
2018-03-26,82.82783508300781
2018-03-27,81.56455993652344
2018-03-28,82.13085174560547
2018-03-29,83.48123168945312
2018-04-02,81.67780303955078
2018-04-03,83.15018463134766
2018-04-04,83.94300842285156
2018-04-05,84.96234893798828
2018-04-06,82.52288818359375
2018-04-09,83.20244598388672
2018-04-10,84.35245513916016
2018-04-11,83.07179260253906
2018-04-12,84.40474700927734
2018-04-13,83.97785949707031
2018-04-16,84.42216491699219
2018-04-17,84.92752075195312
2018-04-18,84.63128662109375
2018-04-19,85.68546295166016
2018-04-20,85.36311340332031
2018-04-23,84.94493103027344
2018-04-24,84.8752212524414
2018-04-25,80.81531524658203
2018-04-26,79.85693359375
2018-04-27,79.90922546386719
2018-04-30,78.95086669921875
2018-05-01,78.12319946289062
2018-05-02,77.69629669189453
2018-05-03,76.5985336303711
2018-05-04,77.59172821044922
2018-05-07,77.46977996826172
2018-05-08,78.56752014160156
2018-05-09,80.24899291992188
2018-05-10,80.73690795898438
2018-05-11,81.05187225341797
2018-05-14,81.54186248779297
2018-05-15,82.81939697265625
2018-05-16,83.7818832397461
2018-05-17,84.64814758300781
2018-05-18,84.37689971923828
2018-05-21,84.47314453125
2018-05-22,84.64814758300781
2018-05-23,83.71190643310547
2018-05-24,83.41439819335938
2018-05-25,82.95938110351562
2018-05-29,80.203125
2018-05-30,81.55936431884766
2018-05-31,82.25062561035156
2018-06-01,82.92440032958984
2018-06-04,83.51065826416016
2018-06-05,82.5569076538086
2018-06-06,84.40315246582031
2018-06-07,84.66566467285156
2018-06-08,84.84941864013672
2018-06-11,84.2281494140625
2018-06-12,84.23690032958984
2018-06-13,84.00941467285156
2018-06-14,84.24565887451172
2018-06-15,85.10317993164062
2018-06-18,85.2519302368164
2018-06-19,84.29812622070312
2018-06-20,83.73815155029297
2018-06-21,83.35316467285156
2018-06-22,83.13438415527344
2018-06-25,82.67063903808594
2018-06-26,82.02314758300781
2018-06-27,80.7894058227539
2018-06-28,80.89437866210938
2018-06-29,80.41313934326172
2018-07-02,82.05813598632812
2018-07-03,81.32312774658203
2018-07-05,81.07814025878906
2018-07-06,81.28813171386719
2018-07-09,84.49065399169922
2018-07-10,84.00941467285156
2018-07-11,83.40565490722656
2018-07-12,83.33566284179688
2018-07-13,82.76689147949219
2018-07-16,83.92191314697266
2018-07-17,83.98316955566406
2018-07-18,84.95442199707031
2018-07-19,83.44939422607422
2018-07-20,85.07691192626953
2018-07-23,86.93193054199219
2018-07-24,86.5906753540039
2018-07-25,86.55567932128906
2018-07-26,84.420654296875
2018-07-27,82.6618881225586
2018-07-30,82.04939270019531
2018-07-31,82.53062438964844
2018-08-01,83.29190063476562
2018-08-02,83.79940795898438
2018-08-03,84.95046997070312
2018-08-06,84.81866455078125
2018-08-07,85.50404357910156
2018-08-08,85.78519439697266
2018-08-09,85.77642059326172
2018-08-10,84.44081115722656
2018-08-13,84.18600463867188
2018-08-14,85.93460083007812
2018-08-15,85.46009826660156
2018-08-16,86.91870880126953
2018-08-17,87.13836669921875
2018-08-20,87.77102661132812
2018-08-21,88.29821014404297
2018-08-22,88.26306915283203
2018-08-23,87.46348571777344
2018-08-24,87.39318084716797
2018-08-27,88.65846252441406
2018-08-28,88.3421630859375
2018-08-29,87.99069213867188
2018-08-30,87.20867919921875
2018-08-31,87.06806945800781
2018-09-04,87.71831512451172
2018-09-05,87.73588562011719
2018-09-06,86.24211883544922
2018-09-07,86.4354248046875
2018-09-10,86.52330780029297
2018-09-11,86.66386413574219
2018-09-12,85.59190368652344
2018-09-13,85.23165130615234
2018-09-14,86.10153198242188
2018-09-17,85.31949615478516
2018-09-18,85.25801849365234
2018-09-19,86.95384216308594
2018-09-20,87.21743774414062
2018-09-21,86.99778747558594
2018-09-24,85.78519439697266
2018-09-25,85.64462280273438
2018-09-26,84.51991271972656
2018-09-27,83.87847900390625
2018-09-28,83.41278076171875
2018-10-01,83.43035125732422
2018-10-02,83.93995666503906
2018-10-03,84.99441528320312
2018-10-04,84.90652465820312
2018-10-05,84.40569305419922
2018-10-08,84.73079681396484
2018-10-09,84.35297393798828
2018-10-10,82.21778106689453
2018-10-11,79.90685272216797
2018-10-12,79.77506256103516
2018-10-15,79.56417083740234
2018-10-16,80.51317596435547
2018-10-17,80.38134765625
2018-10-18,79.38843536376953
2018-10-19,80.51317596435547
2018-10-22,77.79804229736328
2018-10-23,76.48001861572266
2018-10-24,75.44319152832031
2018-10-25,77.56078338623047
2018-10-26,75.34654235839844
2018-10-29,75.97038269042969
2018-10-30,77.18296813964844
2018-10-31,78.4658432006836
2018-11-01,78.4658432006836
2018-11-02,76.6821060180664
2018-11-05,77.36748504638672
2018-11-06,78.36039733886719
2018-11-07,79.55538940429688
2018-11-08,80.19086456298828
2018-11-09,79.78486633300781
2018-11-12,78.6551742553711
2018-11-13,79.34359741210938
2018-11-14,78.4786605834961
2018-11-15,78.69047546386719
2018-11-16,77.34894561767578
2018-11-19,77.42840576171875
2018-11-20,75.91036224365234
2018-11-21,76.28987884521484
2018-11-23,75.57495880126953
2018-11-26,77.64021301269531
2018-11-27,77.83436584472656
2018-11-28,79.79369354248047
2018-11-29,78.43452453613281
2018-11-30,79.14938354492188
2018-12-03,79.84664916992188
2018-12-04,74.92185974121094
2018-12-06,74.67473602294922
2018-12-07,72.96255493164062
2018-12-10,72.76836395263672
2018-12-11,71.806396484375
2018-12-12,72.40653991699219
2018-12-13,70.9502944946289
2018-12-14,69.48523712158203
2018-12-17,67.87890625
2018-12-18,67.2611083984375
2018-12-19,65.90193176269531
2018-12-20,65.74308013916016
2018-12-21,63.88966369628906
2018-12-24,62.46873092651367
2018-12-26,65.6724624633789
2018-12-27,66.18436431884766
2018-12-28,65.89312744140625
2018-12-31,66.71392822265625
2019-01-02,68.18781280517578
2019-01-03,67.21699523925781
2019-01-04,70.20011901855469
2019-01-07,70.58843994140625
2019-01-08,70.62372589111328
2019-01-09,71.10913848876953
2019-01-10,70.56193542480469
2019-01-11,71.43570709228516
2019-01-14,71.8416748046875
2019-01-15,71.94757843017578
2019-01-16,73.80099487304688
2019-01-17,73.82746124267578
2019-01-18,74.99247741699219
2019-01-22,73.60681915283203
2019-01-23,69.01742553710938
2019-01-24,70.76496887207031
2019-01-25,70.27071380615234
2019-01-28,70.14714050292969
2019-01-29,70.21772766113281
2019-01-30,71.38273620605469
2019-01-31,71.12677764892578
2019-02-01,71.38273620605469
2019-02-04,71.8328857421875
2019-02-05,71.3650894165039
2019-02-06,70.72965240478516
2019-02-07,69.7499771118164
2019-02-08,69.04032135009766
2019-02-11,69.22661590576172
2019-02-12,70.7789535522461
2019-02-13,70.95637512207031
2019-02-14,70.61931610107422
2019-02-15,72.35795593261719
2019-02-19,72.91679382324219
2019-02-20,73.37808227539062
2019-02-21,72.80148315429688
2019-02-22,72.02973937988281
2019-02-25,72.22489929199219
2019-02-26,71.76363372802734
2019-02-27,72.97003173828125
2019-02-28,74.14098358154297
2019-03-01,74.74414825439453
2019-03-04,73.90143585205078
2019-03-05,73.59983825683594
2019-03-06,73.1917953491211
2019-03-07,72.10070037841797
2019-03-08,72.18053436279297
2019-03-11,73.49340057373047
2019-03-12,73.58211517333984
2019-03-13,74.28287506103516
2019-03-14,73.81272888183594
2019-03-15,74.80626678466797
2019-03-18,75.3118667602539
2019-03-19,74.87722778320312
2019-03-20,73.58211517333984
2019-03-21,73.52889251708984
2019-03-22,70.96526336669922
2019-03-25,70.39753723144531
2019-03-26,71.55072784423828
2019-03-27,71.02735137939453
2019-03-28,71.81683349609375
2019-03-29,72.46439361572266
2019-04-01,74.93931579589844
2019-04-02,75.11671447753906
2019-04-03,75.67559814453125
2019-04-04,76.90859985351562
2019-04-05,76.76666259765625
2019-04-08,76.3231430053711
2019-04-09,75.48928833007812
2019-04-10,75.95943450927734
2019-04-11,76.5094223022461
2019-04-12,77.91097259521484
2019-04-15,77.06828308105469
2019-04-16,77.9819564819336
2019-04-17,77.99082946777344
2019-04-18,78.15935516357422
2019-04-22,77.71582794189453
2019-04-23,78.23033142089844
2019-04-24,77.8755111694336
2019-04-25,78.10615539550781
2019-04-26,83.14466094970703
2019-04-29,81.94715118408203
2019-04-30,82.3463134765625
2019-05-01,82.12456512451172
2019-05-02,82.4261474609375
2019-05-03,83.61482238769531
2019-05-06,83.0382080078125
2019-05-07,81.25521850585938
2019-05-08,80.03108215332031
2019-05-09,80.0133285522461
2019-05-10,80.5390396118164
2019-05-13,77.99964141845703
2019-05-14,79.53216552734375
2019-05-15,79.63909912109375
2019-05-16,81.06473541259766
2019-05-17,80.67269134521484
2019-05-20,81.421142578125
2019-05-21,82.15177917480469
2019-05-22,81.3141860961914
2019-05-23,79.52326202392578
2019-05-24,80.88652801513672
2019-05-28,79.07774353027344
2019-05-29,79.69256591796875
2019-05-30,78.7213363647461
2019-05-31,76.51164245605469
2019-06-03,77.58975219726562
2019-06-04,80.12025451660156
2019-06-05,80.10242462158203
2019-06-06,80.51229095458984
2019-06-07,80.4231948852539
2019-06-10,80.57466888427734
2019-06-11,81.38549041748047
2019-06-12,80.68161010742188
2019-06-13,80.87759399414062
2019-06-14,80.69942474365234
2019-06-17,80.14698028564453
2019-06-18,81.34095001220703
2019-06-19,80.61922454833984
2019-06-20,81.64388275146484
2019-06-21,81.5458755493164
2019-06-24,79.05101013183594
2019-06-25,79.14013671875
2019-06-26,79.63909912109375
2019-06-27,79.59456634521484
2019-06-28,80.85088348388672
2019-07-01,82.00920104980469
2019-07-02,81.17164611816406
2019-07-03,82.85565948486328
2019-07-05,82.4547119140625
2019-07-08,81.79537200927734
2019-07-09,82.2319564819336
2019-07-10,80.3341064453125
2019-07-11,80.82415008544922
2019-07-12,81.14493560791016
2019-07-15,79.96876525878906
2019-07-16,80.12915802001953
2019-07-17,78.57878112792969
2019-07-18,79.086669921875
2019-07-19,80.77067565917969
2019-07-22,81.72409057617188
2019-07-23,84.05855560302734
2019-07-24,86.35737609863281
2019-07-25,85.44852447509766
2019-07-26,87.39094543457031
2019-07-29,86.35737609863281
2019-07-30,81.26964569091797
2019-07-31,82.3478012084961
2019-08-01,81.349853515625
2019-08-02,80.41017150878906
2019-08-05,77.51951599121094
2019-08-06,79.02301788330078
2019-08-07,78.70977783203125
2019-08-08,79.4346923828125
2019-08-09,78.49502563476562
2019-08-12,76.68724060058594
2019-08-13,78.04755401611328
2019-08-14,74.68256378173828
2019-08-15,74.87944793701172
2019-08-16,76.5171890258789
2019-08-19,77.83275604248047
2019-08-20,76.26659393310547
2019-08-21,76.98255920410156
2019-08-22,76.7230224609375
2019-08-23,74.37826538085938
2019-08-26,75.42537689208984
2019-08-27,74.37826538085938
2019-08-28,75.70278930664062
2019-08-29,77.16155242919922
2019-08-30,77.51951599121094
2019-09-03,76.3829345703125
2019-09-04,76.92886352539062
2019-09-05,79.04090118408203
2019-09-06,78.9245834350586
2019-09-09,81.40355682373047
2019-09-10,82.18215942382812
2019-09-11,82.41484832763672
2019-09-12,83.14869689941406
2019-09-13,83.78408813476562
2019-09-16,84.42843627929688
2019-09-17,83.97203063964844
2019-09-18,84.03467559814453
2019-09-19,83.47085571289062
2019-09-20,82.99653625488281
2019-09-23,83.09500122070312
2019-09-24,81.75257110595703
2019-09-25,81.69888305664062
2019-09-26,81.55567169189453
2019-09-27,81.74363708496094
2019-09-30,81.42145538330078
2019-10-01,79.71212768554688
2019-10-02,77.1883773803711
2019-10-03,76.81253051757812
2019-10-04,78.14598083496094
2019-10-07,77.752197265625
2019-10-08,75.53276062011719
2019-10-09,76.68724060058594
2019-10-10,77.88644409179688
2019-10-11,79.48838806152344
2019-10-14,79.30046081542969
2019-10-15,80.66075897216797
2019-10-16,80.49073791503906
2019-10-17,80.55338287353516
2019-10-18,80.36541748046875
2019-10-21,81.72574615478516
2019-10-22,82.47747039794922
2019-10-23,83.0412826538086
2019-10-24,82.31639862060547
2019-10-25,83.45296478271484
2019-10-28,85.17123413085938
2019-10-29,84.53582763671875
2019-10-30,84.59845733642578
2019-10-31,83.45296478271484
2019-11-01,85.24283599853516
2019-11-04,86.0661849975586
2019-11-05,87.07745361328125
2019-11-06,86.84476470947266
2019-11-07,87.4354476928711
2019-11-08,87.39949035644531
2019-11-11,87.17485046386719
2019-11-12,87.35455322265625
2019-11-13,86.54580688476562
2019-11-14,86.84233856201172
2019-11-15,87.50732421875
2019-11-18,87.34559631347656
2019-11-19,87.228759765625
2019-11-20,86.72554016113281
2019-11-21,86.95917510986328
2019-11-22,88.15434265136719
2019-11-25,89.73590850830078
2019-11-26,89.1607894897461
2019-11-27,90.08634185791016
2019-11-29,89.87067413330078
2019-12-02,89.16975402832031
2019-12-03,88.21723937988281
2019-12-04,89.18775177001953
2019-12-05,89.47528839111328
2019-12-06,91.10175323486328
2019-12-09,91.84765625
2019-12-10,92.03634643554688
2019-12-11,91.146728515625
2019-12-12,93.48312377929688
2019-12-13,93.78865051269531
2019-12-16,92.8541030883789
2019-12-17,93.76170349121094
2019-12-18,93.617919921875
2019-12-19,92.8990249633789
2019-12-20,92.8900375366211
2019-12-23,92.4946517944336
2019-12-24,92.51261901855469
2019-12-26,92.98887634277344
2019-12-27,92.55756378173828
2019-12-30,92.23403930664062
2019-12-31,92.47667694091797
2020-01-02,93.10569763183594
2020-01-03,91.6589126586914
2020-01-06,90.83221435546875
2020-01-07,89.93360137939453
2020-01-08,90.88613891601562
2020-01-09,92.11723327636719
2020-01-10,91.25454711914062
2020-01-13,91.57805633544922
2020-01-14,92.16213989257812
2020-01-15,91.96446228027344
2020-01-16,92.48564147949219
2020-01-17,93.57299041748047
2020-01-21,91.82967376708984
2020-01-22,95.93637084960938
2020-01-23,95.2803726196289
2020-01-24,93.72575378417969
2020-01-27,90.90410614013672
2020-01-28,91.69488525390625
2020-01-29,90.94002532958984
2020-01-30,91.81169891357422
2020-01-31,89.6819839477539
2020-02-03,89.63704681396484
2020-02-04,91.38935089111328
2020-02-05,94.12114715576172
2020-02-06,93.02482604980469
2020-02-07,91.83405303955078
2020-02-10,91.9693603515625
2020-02-11,92.37532043457031
2020-02-12,92.73616790771484
2020-02-13,92.71812438964844
2020-02-14,92.591796875
2020-02-18,92.94365692138672
2020-02-19,93.94498443603516
2020-02-20,93.40370178222656
2020-02-21,91.24769592285156
2020-02-24,88.62257385253906
2020-02-25,83.69709014892578
2020-02-26,83.73318481445312
2020-02-27,80.44050598144531
2020-02-28,79.61959838867188
2020-03-02,82.51534271240234
2020-03-03,77.9596939086914
2020-03-04,80.58484649658203
2020-03-05,76.75091552734375
2020-03-06,74.23405456542969
2020-03-09,65.91664123535156
2020-03-10,70.67975616455078
2020-03-11,64.42816925048828
2020-03-12,57.400794982910156
2020-03-13,65.70915222167969
2020-03-16,50.0215950012207
2020-03-17,48.641380310058594
2020-03-18,39.96316146850586
2020-03-19,41.73126983642578
2020-03-20,40.60364532470703
2020-03-23,38.67313766479492
2020-03-24,45.92605972290039
2020-03-25,47.216060638427734
2020-03-26,52.20468521118164
2020-03-27,49.88627624511719
2020-03-30,48.59627151489258
2020-03-31,45.4840202331543
2020-04-01,40.305946350097656
2020-04-02,39.62936782836914
2020-04-03,38.13188171386719
2020-04-06,44.581912994384766
2020-04-07,47.73025131225586
2020-04-08,51.16727066040039
2020-04-09,54.22540283203125
2020-04-13,50.968807220458984
2020-04-14,49.92236328125
2020-04-15,47.450599670410156
2020-04-16,45.11415481567383
2020-04-17,49.2818717956543
2020-04-20,48.59627151489258
2020-04-21,46.15156555175781
2020-04-22,46.476318359375
2020-04-23,47.45962142944336
2020-04-24,50.65306854248047
2020-04-27,53.39545822143555
2020-04-28,57.50904846191406
2020-04-29,62.921653747558594
2020-04-30,58.42017364501953
2020-05-01,55.55148696899414
2020-05-04,55.560508728027344
2020-05-05,54.9921760559082
2020-05-06,52.76398468017578
2020-05-07,54.86588668823242
2020-05-08,56.482261657714844
2020-05-11,54.03044891357422
2020-05-12,52.759159088134766
2020-05-13,49.00880813598633
2020-05-14,53.721710205078125
2020-05-15,52.695587158203125
2020-05-18,57.571956634521484
2020-05-19,54.71151351928711
2020-05-20,55.82844924926758
2020-05-21,55.31992721557617
2020-05-22,54.67518615722656
2020-05-26,59.7513313293457
2020-05-27,64.3643569946289
2020-05-28,62.23944854736328
2020-05-29,61.7854118347168
2020-06-01,62.6480712890625
2020-06-02,64.38250732421875
2020-06-03,67.50628662109375
2020-06-04,70.0579833984375
2020-06-05,71.75608825683594
2020-06-08,72.64598083496094
2020-06-09,71.25664520263672
2020-06-10,65.19979858398438
2020-06-11,60.041900634765625
2020-06-12,64.13733673095703
2020-06-15,64.62767028808594
2020-06-16,66.83431243896484
2020-06-17,64.90013122558594
2020-06-18,63.547080993652344
2020-06-19,61.81265640258789
2020-06-22,62.02151870727539
2020-06-23,63.174774169921875
2020-06-24,59.44257736206055
2020-06-25,60.87736511230469
2020-06-26,55.537864685058594
2020-06-29,56.645713806152344
2020-06-30,56.83641052246094
2020-07-01,55.120147705078125
2020-07-02,55.528785705566406
2020-07-06,56.890899658203125
2020-07-07,54.40277099609375
2020-07-08,55.74673080444336
2020-07-09,52.986175537109375
2020-07-10,55.21096420288086
2020-07-13,55.901092529296875
2020-07-14,55.101985931396484
2020-07-15,57.82620620727539
2020-07-16,57.53562545776367
2020-07-17,56.29157638549805
2020-07-20,55.247276306152344
2020-07-21,57.090667724609375
2020-07-22,58.162200927734375
2020-07-23,59.38809585571289
2020-07-24,59.0793571472168
2020-07-27,59.69684982299805
2020-07-28,58.20759963989258
2020-07-29,60.27800369262695
2020-07-30,58.87957763671875
2020-07-31,57.935184478759766
2020-08-03,57.65367889404297
2020-08-04,57.42665481567383
2020-08-05,58.72521209716797
2020-08-06,57.70815658569336
2020-08-07,59.80003356933594
2020-08-10,61.309814453125
2020-08-11,63.32890319824219
2020-08-12,61.982826232910156
2020-08-13,61.51899719238281
2020-08-14,63.18338394165039
2020-08-17,60.74591064453125
2020-08-18,59.54536819458008
2020-08-19,59.754554748535156
2020-08-20,58.45394515991211
2020-08-21,58.026493072509766
2020-08-24,61.264339447021484
2020-08-25,60.855045318603516
2020-08-26,60.28207015991211
2020-08-27,63.310707092285156
2020-08-28,64.69317626953125
2020-08-31,62.78319549560547
2020-09-01,62.373931884765625
2020-09-02,63.09243392944336
2020-09-03,63.59264373779297
2020-09-04,67.29434967041016
2020-09-08,63.99284744262695
2020-09-09,64.1838607788086
2020-09-10,63.137908935546875
2020-09-11,64.62041473388672
2020-09-14,67.88554382324219
2020-09-15,66.66681671142578
2020-09-16,69.27709197998047
2020-09-17,69.10427856445312
2020-09-18,68.93144989013672
2020-09-21,65.16610717773438
2020-09-22,63.62904357910156
2020-09-23,61.964656829833984
2020-09-24,61.93735885620117
2020-09-25,63.08333969116211
2020-09-28,64.87506103515625
2020-09-29,64.07470703125
2020-09-30,65.35711669921875
2020-10-01,66.33027648925781
2020-10-02,68.15837097167969
2020-10-05,70.97785949707031
2020-10-06,68.78594970703125
2020-10-07,71.1597671508789
2020-10-08,73.01515197753906
2020-10-09,72.65135955810547
2020-10-12,73.13339233398438
2020-10-13,72.34211730957031
2020-10-14,71.54175567626953
2020-10-15,71.44169616699219
2020-10-16,72.05107116699219
2020-10-19,70.14111328125
2020-10-20,70.27752685546875
2020-10-21,67.04877471923828
2020-10-22,69.80458068847656
2020-10-23,70.93235778808594
2020-10-26,68.16747283935547
2020-10-27,67.3580093383789
2020-10-28,65.54810333251953
2020-10-29,66.50308990478516
2020-10-30,66.46672058105469
2020-11-02,68.8314208984375
2020-11-03,70.55036926269531
2020-11-04,68.71319580078125
2020-11-05,71.57813262939453
2020-11-06,70.82228088378906
2020-11-09,79.18218231201172
2020-11-10,78.93628692626953
2020-11-11,77.10587310791016
2020-11-12,76.11324310302734
2020-11-13,78.95449829101562
2020-11-16,80.6938705444336
2020-11-17,79.9197998046875
2020-11-18,77.9618911743164
2020-11-19,77.39727020263672
2020-11-20,76.11324310302734
2020-11-23,79.48268127441406
2020-11-24,83.19819641113281
2020-11-25,81.8686294555664
2020-11-27,79.9197998046875
2020-11-30,77.98919677734375
2020-12-01,81.6865005493164
2020-12-02,83.22550201416016
2020-12-03,83.12533569335938
2020-12-04,83.99957275390625
2020-12-07,84.66436004638672
2020-12-08,84.36384582519531
2020-12-09,86.44015502929688
2020-12-10,86.21246337890625
2020-12-11,83.93584442138672
2020-12-14,82.34217071533203
2020-12-15,84.40027618408203
2020-12-16,85.22896575927734
2020-12-17,85.67520141601562
2020-12-18,83.38945007324219
2020-12-21,86.77710723876953
2020-12-22,86.50390625
2020-12-23,88.17041778564453
2020-12-24,88.6075439453125
2020-12-28,88.83519744873047
2020-12-29,87.58758544921875
2020-12-30,89.13571166992188
2020-12-31,90.0190658569336
2021-01-04,89.09927368164062
2021-01-05,91.1938247680664
2021-01-06,97.78701782226562
2021-01-07,100.83773803710938
2021-01-08,100.68292999267578
2021-01-11,99.54460144042969
2021-01-12,100.86505889892578
2021-01-13,102.06712341308594
2021-01-14,104.17988586425781
2021-01-15,102.47693634033203
2021-01-19,102.77745819091797
2021-01-20,101.42965698242188
2021-01-21,98.84339904785156
2021-01-22,95.92926788330078
2021-01-25,93.37029266357422
2021-01-26,91.00257110595703
2021-01-27,93.51599884033203
2021-01-28,97.29525756835938
2021-01-29,94.94576263427734
2021-02-01,93.67081451416016
2021-02-02,96.56672668457031
2021-02-03,97.63219451904297
2021-02-04,102.59532928466797
2021-02-05,104.25273895263672
2021-02-08,105.63691711425781
2021-02-09,105.57319641113281
2021-02-10,107.11221313476562
2021-02-11,106.69329833984375
2021-02-12,107.23058319091797
2021-02-16,109.4693374633789
2021-02-17,108.65607452392578
2021-02-18,106.92904663085938
2021-02-19,109.25001525878906
2021-02-22,112.00960540771484
2021-02-23,111.97305297851562
2021-02-24,113.74576568603516
2021-02-25,108.95762634277344
2021-02-26,109.82569885253906
2021-03-01,113.24317932128906
2021-03-02,112.813720703125
2021-03-03,114.59556579589844
2021-03-04,115.07987213134766
2021-03-05,116.6880874633789
2021-03-08,117.59270477294922
2021-03-09,115.40882110595703
2021-03-10,118.36027526855469
2021-03-11,120.70868682861328
2021-03-12,121.11986541748047
2021-03-15,121.16556549072266
2021-03-16,117.40997314453125
2021-03-17,120.29747772216797
2021-03-18,117.2454833984375
2021-03-19,115.5276107788086
2021-03-22,114.42195129394531
2021-03-23,111.85425567626953
2021-03-24,113.22491455078125
2021-03-25,116.84343719482422
2021-03-26,118.41510009765625
2021-03-29,115.58243560791016
2021-03-30,117.47391510009766
2021-03-31,116.25862884521484
2021-04-01,118.5887451171875
2021-04-05,121.16556549072266
2021-04-06,120.64471435546875
2021-04-07,121.50363159179688
2021-04-08,121.28431701660156
2021-04-09,122.60017395019531
2021-04-12,122.66413116455078
2021-04-13,121.2295150756836
2021-04-14,124.06217193603516
2021-04-15,123.23977661132812
2021-04-16,124.89371490478516
2021-04-19,123.73324584960938
2021-04-20,120.16040802001953
2021-04-21,121.44883728027344
2021-04-22,121.53105163574219
2021-04-23,123.97994995117188
2021-04-26,126.3648910522461
2021-04-27,126.96795654296875
2021-04-28,131.9114532470703
2021-04-29,136.36151123046875
2021-04-30,136.2244415283203
2021-05-03,136.99203491210938
2021-05-04,138.91090393066406
2021-05-05,140.3546600341797
2021-05-06,142.9497833251953
2021-05-07,144.1102752685547
2021-05-10,143.80870056152344
2021-05-11,141.4145965576172
2021-05-12,139.77902221679688
2021-05-13,142.8126983642578
2021-05-14,144.8464813232422
2021-05-17,146.4862823486328
2021-05-18,143.74713134765625
2021-05-19,143.96697998046875
2021-05-20,144.5716552734375
2021-05-21,145.7075958251953
2021-05-24,147.25582885742188
2021-05-25,144.9472198486328
2021-05-26,146.43133544921875
2021-05-27,148.2177734375
2021-05-28,147.29251098632812
2021-06-01,152.30357360839844
2021-06-02,152.00131225585938
2021-06-03,152.3402862548828
2021-06-04,152.31275939941406
2021-06-07,149.83013916015625
2021-06-08,149.0789337158203
2021-06-09,147.12762451171875
2021-06-10,145.42364501953125
2021-06-11,147.17340087890625
2021-06-14,145.39613342285156
2021-06-15,148.51089477539062
2021-06-16,148.5933380126953
2021-06-17,140.66900634765625
2021-06-18,137.43515014648438
2021-06-21,141.89654541015625
2021-06-22,141.89654541015625
2021-06-23,143.25244140625
2021-06-24,144.3517608642578
2021-06-25,146.56874084472656
2021-06-28,142.91343688964844
2021-06-29,141.2186737060547
2021-06-30,141.71336364746094
2021-07-01,143.96697998046875
2021-07-02,144.196044921875
2021-07-06,142.45541381835938
2021-07-07,142.0339813232422
2021-07-08,139.67044067382812
2021-07-09,147.081787109375
2021-07-12,151.02105712890625
2021-07-13,149.1796875
2021-07-14,145.51522827148438
2021-07-15,146.8985595703125
2021-07-16,144.3059844970703
2021-07-19,140.72396850585938
2021-07-20,144.7273712158203
2021-07-21,149.51864624023438
2021-07-22,147.887939453125
2021-07-23,146.65121459960938
2021-07-26,148.72164916992188
2021-07-27,148.9048614501953
2021-07-28,147.851318359375
2021-07-29,150.159912109375
2021-07-30,148.13531494140625
2021-08-02,146.66954040527344
2021-08-03,147.887939453125
2021-08-04,147.6680908203125
2021-08-05,149.5003204345703
2021-08-06,153.15501403808594
2021-08-09,153.39492797851562
2021-08-10,157.51107788085938
2021-08-11,161.0919189453125
2021-08-12,163.28842163085938
2021-08-13,164.0267333984375
2021-08-16,163.6483612060547
2021-08-17,159.91986083984375
2021-08-18,158.7570037841797
2021-08-19,155.1392059326172
2021-08-20,155.24996948242188
2021-08-23,156.2928466796875
2021-08-24,156.9388885498047
2021-08-25,160.51968383789062
2021-08-26,158.3970489501953
2021-08-27,162.2455291748047
2021-08-30,152.45355224609375
2021-08-31,153.17343139648438
2021-09-01,149.21421813964844
2021-09-02,147.71913146972656
2021-09-03,145.135009765625
2021-09-07,144.83042907714844
2021-09-08,142.68011474609375
2021-09-09,143.76910400390625
2021-09-10,143.5660858154297
2021-09-13,146.67620849609375
2021-09-14,142.48631286621094
2021-09-15,146.6577911376953
2021-09-16,147.82061767578125
2021-09-17,147.2669219970703
2021-09-20,144.31361389160156
2021-09-21,144.43360900878906
2021-09-22,147.3130645751953
2021-09-23,153.2196044921875
2021-09-24,153.3580322265625
2021-09-27,156.6712188720703
2021-09-28,154.47474670410156
2021-09-29,153.70872497558594
2021-09-30,149.4818572998047
2021-10-01,153.6995086669922
2021-10-04,153.30264282226562
2021-10-05,155.71141052246094
2021-10-06,154.92694091796875
2021-10-07,154.9362030029297
2021-10-08,155.78526306152344
2021-10-11,153.36721801757812
2021-10-12,154.72390747070312
2021-10-13,149.60183715820312
2021-10-14,153.21035766601562
2021-10-15,155.39761352539062
2021-10-18,156.1175079345703
2021-10-19,156.69891357421875
2021-10-20,159.8921356201172
2021-10-21,152.91505432128906
2021-10-22,154.89926147460938
2021-10-25,155.6744842529297
2021-10-26,152.1398162841797
2021-10-27,140.7420196533203
2021-10-28,140.7420196533203
2021-10-29,139.3853759765625
2021-11-01,141.2126922607422
2021-11-02,140.19749450683594
2021-11-03,142.03404235839844
2021-11-04,141.62799072265625
2021-11-05,142.92926025390625
2021-11-08,143.52920532226562
2021-11-09,143.4368438720703
2021-11-10,144.2305908203125
2021-11-11,145.03347778320312
2021-11-12,145.26512145996094
2021-11-15,144.8574676513672
2021-11-16,142.5043487548828
2021-11-17,140.77191162109375
2021-11-18,141.73538208007812
2021-11-19,140.18826293945312
2021-11-22,141.939208984375
2021-11-23,144.79263305664062
2021-11-24,144.39427185058594
2021-11-26,138.18714904785156
2021-11-29,136.20458984375
2021-11-30,130.1919708251953
2021-12-01,128.19090270996094
2021-12-02,132.81381225585938
2021-12-03,131.4612274169922
2021-12-06,135.20401000976562
2021-12-07,137.64979553222656
2021-12-08,137.86285400390625
2021-12-09,138.19639587402344
2021-12-10,139.34518432617188
2021-12-13,135.296630859375
2021-12-14,137.03834533691406
2021-12-15,136.54730224609375
2021-12-16,137.13104248046875
2021-12-17,133.48081970214844
2021-12-20,128.17236328125
2021-12-21,132.95277404785156
2021-12-22,133.1565704345703
2021-12-23,134.42579650878906
2021-12-27,135.15769958496094
2021-12-28,135.4448699951172
2021-12-29,134.8797607421875
2021-12-30,134.78709411621094
2021-12-31,134.4165496826172
2022-01-03,137.42742919921875
2022-01-04,140.03073120117188
2022-01-05,137.35333251953125
2022-01-06,139.6416473388672
2022-01-07,143.310302734375
2022-01-10,145.58934020996094
2022-01-11,146.84930419921875
2022-01-12,147.10870361328125
2022-01-13,149.49893188476562
2022-01-14,148.74851989746094
2022-01-18,145.52452087402344
2022-01-19,140.45689392089844
2022-01-20,139.21546936035156
2022-01-21,135.74136352539062
2022-01-24,137.39039611816406
2022-01-25,140.9664306640625
2022-01-26,134.24049377441406
2022-01-27,131.25741577148438
2022-01-28,132.12823486328125
2022-01-31,135.93588256835938
2022-02-01,139.41932678222656
2022-02-02,138.61328125
2022-02-03,137.381103515625
2022-02-04,139.2895965576172
2022-02-07,140.9757080078125
2022-02-08,144.50540161132812
2022-02-09,147.15499877929688
2022-02-10,145.92288208007812
2022-02-11,145.07656860351562
2022-02-14,144.2768096923828
2022-02-15,147.76422119140625
2022-02-16,147.73634338378906
2022-02-17,143.55140686035156
2022-02-18,143.179443359375
2022-02-22,142.22152709960938
2022-02-23,139.00384521484375
2022-02-24,137.42286682128906
2022-02-25,142.8353271484375
2022-02-28,142.53773498535156
2022-03-01,130.82931518554688
2022-03-02,131.3129119873047
2022-03-03,128.82054138183594
2022-03-04,124.72865295410156
2022-03-07,116.06128692626953
2022-03-08,117.25165557861328
2022-03-09,122.67340087890625
2022-03-10,121.13893127441406
2022-03-11,120.98085021972656
2022-03-14,124.31021881103516
2022-03-15,124.86814880371094
2022-03-16,128.18820190429688
2022-03-17,127.9184799194336
2022-03-18,128.53231811523438
2022-03-21,125.02628326416016
2022-03-22,128.4950714111328
2022-03-23,124.60778045654297
2022-03-24,125.6121597290039
2022-03-25,126.36543273925781
2022-03-28,123.91957092285156
2022-03-29,126.18873596191406
2022-03-30,125.05413818359375
2022-03-31,122.0968017578125
2022-04-01,121.72482299804688
2022-04-04,122.4502182006836
2022-04-05,121.28775024414062
2022-04-06,120.22757720947266
2022-04-07,120.25546264648438
2022-04-08,122.53390502929688
2022-04-11,122.041015625
2022-04-12,122.97100067138672
2022-04-13,123.33368682861328
2022-04-14,123.30579376220703
2022-04-18,128.31837463378906
2022-04-19,131.6755828857422
2022-04-20,131.91738891601562
2022-04-21,130.17832946777344
2022-04-22,125.80743408203125
2022-04-25,126.9048080444336
2022-04-26,122.97100067138672
2022-04-27,115.64277648925781
2022-04-28,120.32058715820312
2022-04-29,115.89388275146484
2022-05-02,117.77243041992188
2022-05-03,119.64167785644531
2022-05-04,124.89606475830078
2022-05-05,121.20405578613281
2022-05-06,118.1444320678711
2022-05-09,114.59191131591797
2022-05-10,112.55525207519531
2022-05-11,111.21607208251953
2022-05-12,106.15699768066406
2022-05-13,108.87752532958984
2022-05-16,106.5496597290039
2022-05-17,112.57037353515625
2022-05-18,106.94231414794922
2022-05-19,105.9513168334961
2022-05-20,106.29724884033203
2022-05-23,111.065185546875
2022-05-24,109.22346496582031
2022-05-25,112.39271545410156
2022-05-26,116.30992889404297
2022-05-27,118.2264633178711
2022-05-31,119.53531646728516
2022-06-01,116.8241195678711
2022-06-02,118.14232635498047
2022-06-03,115.9733657836914
2022-06-06,117.49726104736328
2022-06-07,119.88121795654297
2022-06-08,117.02044677734375
2022-06-09,111.57002258300781
2022-06-10,105.25016021728516
2022-06-13,100.04280090332031
2022-06-14,99.64080810546875
2022-06-15,101.12728118896484
2022-06-16,95.46184539794922
2022-06-17,100.27651977539062
2022-06-21,99.52863311767578
2022-06-22,98.75264739990234
2022-06-23,97.42510223388672
2022-06-24,102.9222640991211
2022-06-27,102.46418762207031
2022-06-28,101.4544906616211
2022-06-29,98.73396301269531
2022-06-30,97.40641784667969
2022-07-01,99.86518096923828
2022-07-05,99.7155990600586
2022-07-06,99.13597106933594
2022-07-07,101.75366973876953
2022-07-08,101.53862762451172
2022-07-11,100.19239807128906
2022-07-12,100.07085418701172
2022-07-13,98.65916442871094
2022-07-14,96.71459197998047
2022-07-15,101.10859680175781
2022-07-18,103.29622650146484
2022-07-19,105.66150665283203
2022-07-20,107.28822326660156
2022-07-21,106.83013153076172
2022-07-22,101.83780670166016
2022-07-25,103.70758056640625
2022-07-26,99.43514251708984
2022-07-27,101.84716033935547
2022-07-28,100.69723510742188
2022-07-29,102.67919921875
2022-08-01,102.58572387695312
2022-08-02,99.97737884521484
2022-08-03,101.95933532714844
2022-08-04,99.93061828613281
2022-08-05,99.96823120117188
2022-08-08,101.36908721923828
2022-08-09,100.01524353027344
2022-08-10,105.99472045898438
2022-08-11,108.37333679199219
2022-08-12,108.81522369384766
2022-08-15,106.85966491699219
2022-08-16,108.55197143554688
2022-08-17,106.81267547607422
2022-08-18,107.0383071899414
2022-08-19,105.4964370727539
2022-08-22,102.47847747802734
2022-08-23,103.2400131225586
2022-08-24,103.75711059570312
2022-08-25,106.85966491699219
2022-08-26,103.24942016601562
2022-08-29,100.78616333007812
2022-08-30,100.43832397460938
2022-08-31,99.48875427246094
2022-09-01,98.53917694091797
2022-09-02,97.9844741821289
2022-09-06,96.05711364746094
2022-09-07,98.61438751220703
2022-09-08,100.0716552734375
2022-09-09,101.83916473388672
2022-09-12,103.22120666503906
2022-09-13,94.9947509765625
2022-09-14,94.6280746459961
2022-09-15,96.62122344970703
2022-09-16,95.59645080566406
2022-09-19,96.34857940673828
2022-09-20,95.30499267578125
2022-09-21,93.5374755859375
2022-09-22,89.75798797607422
2022-09-23,88.1690902709961
2022-09-26,85.83747100830078
2022-09-27,85.92210388183594
2022-09-28,89.35371398925781
2022-09-29,88.0750961303711
2022-09-30,86.65542602539062
2022-10-03,89.85199737548828
2022-10-04,93.89473724365234
2022-10-05,93.02037048339844
2022-10-06,90.94261932373047
2022-10-07,88.25372314453125
2022-10-10,87.48278045654297
2022-10-11,88.1502914428711
2022-10-12,87.89645385742188
2022-10-13,91.96739196777344
2022-10-14,89.68278503417969
2022-10-17,91.63832092285156
2022-10-18,93.63150024414062
2022-10-19,89.53234100341797
2022-10-20,89.29731750488281
2022-10-21,90.49132537841797
2022-10-24,91.72293090820312
2022-10-25,95.50243377685547
2022-10-26,95.82208251953125
2022-10-27,96.01951599121094
2022-10-28,100.69216918945312
2022-10-31,99.6767807006836
2022-11-01,100.41948699951172
2022-11-02,97.03490447998047
2022-11-03,92.9075698852539
2022-11-04,96.39559936523438
2022-11-07,98.47335815429688
2022-11-08,99.2254867553711
2022-11-09,95.39900207519531
2022-11-10,107.26831817626953
2022-11-11,109.94482421875
2022-11-14,105.51864624023438
2022-11-15,97.94307708740234
2022-11-16,96.24073028564453
2022-11-17,94.04657745361328
2022-11-18,93.59260559082031
2022-11-21,95.81511688232422
2022-11-22,96.04212188720703
2022-11-23,96.11778259277344
2022-11-25,96.20291137695312
2022-11-28,94.17897033691406
2022-11-29,96.54338073730469
2022-11-30,97.64045715332031
2022-12-01,93.93307495117188
2022-12-02,92.39148712158203
2022-12-05,89.86629486083984
2022-12-06,88.92998504638672
2022-12-07,88.17338562011719
2022-12-08,88.50440216064453
2022-12-09,89.28939819335938
2022-12-12,92.2306900024414
2022-12-13,93.4980239868164
2022-12-14,91.36060333251953
2022-12-15,88.75975799560547
2022-12-16,85.21315002441406
2022-12-19,83.10409545898438
2022-12-20,83.59590148925781
2022-12-21,84.853759765625
2022-12-22,84.63622283935547
2022-12-23,85.77116394042969
2022-12-27,85.8279037475586
2022-12-28,84.83484649658203
2022-12-29,87.64375305175781
2022-12-30,87.91802978515625
2023-01-03,87.927490234375
2023-01-04,90.6039810180664
2023-01-05,88.88270568847656
2023-01-06,91.80509948730469
2023-01-09,92.16448211669922
2023-01-10,93.1575698852539
2023-01-11,96.26910400390625
2023-01-12,95.54084777832031
2023-01-13,97.27162170410156
2023-01-17,98.00929260253906
2023-01-18,96.37313842773438
2023-01-19,92.59954833984375
2023-01-20,98.52946472167969
2023-01-23,101.31002044677734
2023-01-24,100.73310089111328
2023-01-25,109.79350280761719
2023-01-26,109.77458190917969
2023-01-27,111.20269012451172
2023-01-30,108.76262664794922
2023-01-31,112.54566192626953
2023-02-01,110.02047729492188
2023-02-02,115.21272277832031
2023-02-03,115.42182159423828
2023-02-06,111.81012725830078
2023-02-07,114.14822387695312
2023-02-08,111.41094970703125
2023-02-09,109.87123107910156
2023-02-10,109.67164611816406
2023-02-13,111.55352020263672
2023-02-14,109.63362121582031
2023-02-15,108.94928741455078
2023-02-16,106.02194213867188
2023-02-17,105.66078186035156
2023-02-21,102.7904281616211
2023-02-22,103.20861053466797
2023-02-23,104.08303833007812
2023-02-24,104.20658874511719
2023-02-27,103.62681579589844
2023-02-28,103.67433166503906
2023-03-01,103.19911193847656
2023-03-02,102.82844543457031
2023-03-03,104.33963775634766
2023-03-06,103.12309265136719
2023-03-07,100.28125762939453
2023-03-08,99.73951721191406
2023-03-09,95.93772888183594
2023-03-10,93.32402038574219
2023-03-13,88.69535827636719
2023-03-14,91.30906677246094
2023-03-15,88.32469177246094
2023-03-16,88.9234619140625
2023-03-17,85.26425170898438
2023-03-20,85.76798248291016
2023-03-21,89.87390899658203
2023-03-22,86.49982452392578
2023-03-23,85.45435333251953
2023-03-24,85.96758270263672
2023-03-27,87.20316314697266
2023-03-28,86.6043930053711
2023-03-29,89.4557113647461
2023-03-30,89.51272583007812
2023-03-31,91.39462280273438
2023-04-03,91.54667663574219
2023-04-04,91.8413314819336
2023-04-05,90.1400375366211
2023-04-06,90.2255630493164
2023-04-10,90.5011978149414
2023-04-11,93.5521240234375
2023-04-12,90.94791412353516
2023-04-13,91.12848663330078
2023-04-14,91.79381561279297
2023-04-17,92.98186492919922
2023-04-18,92.71573638916016
2023-04-19,94.3790054321289
2023-04-20,92.4496078491211
2023-04-21,91.80329895019531
2023-04-24,91.56568908691406
2023-04-25,90.24459075927734
2023-04-26,89.74083709716797
2023-04-27,91.2330322265625
2023-04-28,92.47811889648438
2023-05-01,88.55279541015625
2023-05-02,85.11219024658203
2023-05-03,83.66751861572266
2023-05-04,81.38644409179688
2023-05-05,83.64849090576172
2023-05-08,84.65597534179688
2023-05-09,84.59894561767578
2023-05-10,82.7265853881836
2023-05-11,83.08773803710938
2023-05-12,82.62836456298828
2023-05-15,85.28887176513672
2023-05-16,87.04019927978516
2023-05-17,90.61942291259766
2023-05-18,94.96426391601562
2023-05-19,93.72014617919922
2023-05-22,95.17479705810547
2023-05-23,97.77786254882812
2023-05-24,95.21306610107422
2023-05-25,95.62458038330078
2023-05-26,98.42863464355469
2023-05-30,100.20867156982422
2023-05-31,99.73017120361328
2023-06-01,101.67292785644531
2023-06-02,105.7402114868164
2023-06-05,104.31424713134766
2023-06-06,107.20442199707031
2023-06-07,108.65908813476562
2023-06-08,106.83119201660156
2023-06-09,106.69720458984375
2023-06-12,107.02259063720703
2023-06-13,108.76435089111328
2023-06-14,107.50111389160156
2023-06-15,106.85032653808594
2023-06-16,105.33824920654297
2023-06-20,104.4291000366211
2023-06-21,103.62519836425781
2023-06-22,102.3140869140625
2023-06-23,102.01742553710938
2023-06-26,101.65377044677734
2023-06-27,104.02714538574219
2023-06-28,104.56307983398438
2023-06-29,104.56307983398438
2023-06-30,104.6683578491211
2023-07-03,106.276123046875
2023-07-05,104.4291000366211
2023-07-06,102.6490478515625
2023-07-07,103.39552307128906
2023-07-10,104.74491882324219
2023-07-11,107.3766860961914
2023-07-12,107.89347839355469
2023-07-13,109.27156066894531
2023-07-14,106.754638671875
2023-07-17,108.55381774902344
2023-07-18,111.08032989501953
2023-07-19,112.88908386230469
2023-07-20,110.04676818847656
2023-07-21,110.60181427001953
2023-07-24,112.18087768554688
2023-07-25,109.58737182617188
2023-07-26,109.13760375976562
2023-07-27,109.11843872070312
2023-07-28,109.91277313232422
2023-07-31,111.98948669433594
2023-08-01,111.47271728515625
2023-08-02,108.38155364990234
2023-08-03,108.06574249267578
2023-08-04,109.08558654785156
2023-08-07,110.90399932861328
2023-08-08,110.249755859375
2023-08-09,107.57505798339844
2023-08-10,106.3531723022461
2023-08-11,106.19922637939453
2023-08-14,105.02543640136719
2023-08-15,102.86064910888672
2023-08-16,100.9460220336914
2023-08-17,101.09034729003906
2023-08-18,101.06147766113281
2023-08-21,100.43609619140625
2023-08-22,96.50102233886719
2023-08-23,97.77101135253906
2023-08-24,97.6363296508789
2023-08-25,97.03018188476562
2023-08-28,97.74214935302734
2023-08-29,99.59905242919922
2023-08-30,98.67539978027344
2023-08-31,98.5118408203125
2023-09-01,99.5798110961914
2023-09-05,97.88648986816406
2023-09-06,97.6170883178711
2023-09-07,96.13540649414062
2023-09-08,96.13540649414062
2023-09-11,96.24124145507812
2023-09-12,97.22261047363281
2023-09-13,96.53949737548828
2023-09-14,98.38677978515625
2023-09-15,100.50344848632812
2023-09-18,98.69465637207031
2023-09-19,97.83836364746094
2023-09-20,96.75115966796875
2023-09-21,95.18289947509766
2023-09-22,94.54789733886719
2023-09-25,94.17266845703125
2023-09-26,93.4222183227539
2023-09-27,91.8731918334961
2023-09-28,93.33562469482422
2023-09-29,93.37410736083984
2023-10-02,91.51721954345703
2023-10-03,89.52562713623047
2023-10-04,89.10227966308594
2023-10-05,88.62123107910156
2023-10-06,89.9970703125
2023-10-09,90.75714111328125
2023-10-10,93.30677032470703
2023-10-11,93.44145965576172
2023-10-12,93.23941802978516
2023-10-13,91.59418487548828
2023-10-16,93.47032165527344
2023-10-17,94.32661437988281
2023-10-18,92.2965316772461
2023-10-19,89.18887329101562
2023-10-20,86.81244659423828
2023-10-23,86.95674896240234
2023-10-24,85.82141876220703
2023-10-25,85.60015869140625
2023-10-26,86.11971282958984
2023-10-27,94.03797912597656
2023-10-30,96.73192596435547
2023-10-31,97.4535140991211
2023-11-01,96.47215270996094
2023-11-02,100.68624114990234
2023-11-03,102.29299926757812
2023-11-06,101.45594024658203
2023-11-07,101.03262329101562
2023-11-08,101.0999526977539
2023-11-09,100.53231048583984
2023-11-10,101.20001983642578
2023-11-13,100.9968032836914
2023-11-14,103.55146789550781
2023-11-15,102.57412719726562
2023-11-16,101.6161117553711
2023-11-17,104.19982147216797
2023-11-20,103.68696594238281
2023-11-21,102.3612289428711
2023-11-22,103.31922912597656
2023-11-24,103.12570190429688
2023-11-27,102.74830627441406
2023-11-28,105.07073211669922
2023-11-29,106.57064819335938
2023-11-30,108.05120086669922
2023-12-01,110.24781799316406
2023-12-04,111.2251968383789
2023-12-05,111.59291076660156
2023-12-06,110.09298706054688
2023-12-07,111.65097045898438
2023-12-08,114.27336883544922
2023-12-11,114.97010803222656
2023-12-12,116.40228271484375
2023-12-13,121.04712677001953
2023-12-14,125.02429962158203
2023-12-15,125.4887924194336
2023-12-18,125.77909851074219
2023-12-19,127.26935577392578
2023-12-20,123.60181427001953
2023-12-21,125.45008850097656
2023-12-22,125.54685974121094
2023-12-26,126.50485229492188
2023-12-27,126.9112777709961
2023-12-28,127.75318145751953
2023-12-29,126.88223266601562
2024-01-02,127.84025573730469
2024-01-03,126.49517059326172
2024-01-04,125.5759048461914
2024-01-05,128.14024353027344
2024-01-08,129.38856506347656
2024-01-09,128.6337432861328
2024-01-10,124.77269744873047
2024-01-11,124.19209289550781
2024-01-12,123.5727767944336
2024-01-16,123.39859771728516
2024-01-17,122.00514221191406
2024-01-18,120.88262176513672
2024-01-19,123.84375
2024-01-22,125.4887924194336
2024-01-23,125.56619262695312
2024-01-24,126.85324096679688
2024-01-25,128.2660369873047
2024-01-26,134.23663330078125
2024-01-29,134.00439453125
2024-01-30,134.1302032470703
2024-01-31,130.946533203125
2024-02-01,130.21107482910156
2024-02-02,132.06903076171875
2024-02-05,130.86911010742188
2024-02-06,130.00787353515625
2024-02-07,129.64016723632812
2024-02-08,131.0045623779297
2024-02-09,131.38363647460938
2024-02-12,133.62893676757812
2024-02-13,129.78958129882812
2024-02-14,131.32533264160156
2024-02-15,132.54031372070312
2024-02-16,133.3859405517578
2024-02-20,133.54147338867188
2024-02-21,131.22811889648438
2024-02-22,130.7907257080078
2024-02-23,131.723876953125
2024-02-26,130.7227020263672
2024-02-27,132.9874267578125
2024-02-28,133.7650146484375
2024-02-29,133.75527954101562
2024-03-01,132.9388427734375
2024-03-04,132.1806640625
2024-03-05,133.7067108154297
2024-03-06,131.93768310546875
2024-03-07,133.7941436767578
2024-03-08,133.3859405517578
2024-03-11,134.5814971923828
2024-03-12,136.34080505371094
2024-03-13,136.6712646484375
2024-03-14,135.52432250976562
2024-03-15,131.7530059814453
2024-03-18,132.4528350830078
2024-03-19,133.01658630371094
2024-03-20,137.7987518310547
2024-03-21,139.1692657470703
2024-03-22,137.2058563232422
2024-03-25,136.6129150390625
2024-03-26,136.88510131835938
2024-03-27,140.46200561523438
2024-03-28,144.71932983398438
2024-04-01,141.2299041748047
2024-04-02,140.3648223876953
2024-04-03,139.25674438476562
2024-04-04,138.14869689941406
2024-04-05,139.499755859375
2024-04-08,139.8885498046875
2024-04-09,139.499755859375
2024-04-10,136.02001953125
2024-04-11,136.40879821777344
2024-04-12,135.708984375
2024-04-15,135.2812957763672
2024-04-16,132.58892822265625
2024-04-17,132.9388427734375
2024-04-18,137.66268920898438
2024-04-19,138.90684509277344
2024-04-22,143.12525939941406
2024-04-23,143.757080078125
2024-04-24,144.6998748779297
2024-04-25,141.88113403320312
2024-04-26,142.11439514160156
2024-04-29,141.4242706298828
2024-04-30,139.41224670410156
2024-05-01,137.6724090576172
2024-05-02,137.83763122558594
2024-05-03,138.42083740234375
2024-05-06,139.31507873535156
2024-05-07,138.56663513183594
2024-05-08,138.82907104492188
2024-05-09,138.4986114501953
2024-05-10,139.15260314941406
2024-05-13,138.80120849609375
2024-05-14,139.66015625
2024-05-15,140.89981079101562
2024-05-16,137.67868041992188
2024-05-17,138.42050170898438
2024-05-20,137.2589569091797
2024-05-21,137.06373596191406
2024-05-22,136.09738159179688
2024-05-23,134.2037811279297
2024-05-24,134.33065795898438
2024-05-28,133.35455322265625
2024-05-29,132.4077606201172
2024-05-30,132.92506408691406
2024-05-31,134.3404083251953
2024-06-03,133.8426055908203
2024-06-04,131.2657012939453
2024-06-05,132.24180603027344
2024-06-06,133.11053466796875
2024-06-07,136.4585723876953
2024-06-10,137.53224182128906
2024-06-11,131.90994262695312
2024-06-12,133.82308959960938
2024-06-13,131.8611297607422
2024-06-14,130.5043487548828
2024-06-17,133.82308959960938
2024-06-18,134.0573272705078
2024-06-20,134.8284454345703
2024-06-21,133.5009765625
2024-06-24,134.3892059326172
2024-06-25,131.6366424560547
2024-06-26,133.5009765625
2024-06-27,130.82644653320312
2024-06-28,135.14083862304688
2024-07-01,136.36093139648438
2024-07-02,137.12229919433594
2024-07-03,135.11154174804688
2024-07-05,132.74940490722656
2024-07-08,132.5639190673828
2024-07-09,133.71571350097656
2024-07-10,133.34478759765625
2024-07-11,135.66793823242188
2024-07-12,135.10179138183594
2024-07-15,141.15357971191406
2024-07-16,145.9852752685547
2024-07-17,145.89739990234375
2024-07-18,145.1653594970703
2024-07-19,143.75003051757812
2024-07-22,141.64163208007812
2024-07-23,142.0222930908203
2024-07-24,142.91055297851562
2024-07-25,144.5504150390625
2024-07-26,145.79005432128906
2024-07-29,145.4972381591797
2024-07-30,148.61097717285156
2024-07-31,147.78128051757812
2024-08-01,140.45079040527344
2024-08-02,132.86651611328125
2024-08-05,128.2788543701172
2024-08-06,130.49459838867188
2024-08-07,129.1280517578125
2024-08-08,131.15834045410156
2024-08-09,131.5878143310547
2024-08-12,129.5386505126953
2024-08-13,131.38192749023438
2024-08-14,133.29383850097656
2024-08-15,134.43113708496094
2024-08-16,136.8332977294922
2024-08-19,140.13743591308594
2024-08-20,138.7451934814453
2024-08-21,137.04901123046875
2024-08-22,136.75485229492188
2024-08-23,139.7550506591797
2024-08-26,139.73545837402344
2024-08-27,139.5981903076172
2024-08-28,141.33360290527344
2024-08-29,142.52976989746094
2024-08-30,144.05929565429688
2024-09-03,142.75527954101562
2024-09-04,140.96104431152344
2024-09-05,139.31385803222656
2024-09-06,136.28424072265625
2024-09-09,139.8139190673828
2024-09-10,135.29397583007812
2024-09-11,133.79388427734375
2024-09-12,134.85276794433594
2024-09-13,136.25482177734375
2024-09-16,138.19613647460938
2024-09-17,142.24545288085938
2024-09-18,142.588623046875
2024-09-19,150.05972290039062
2024-09-20,149.3047637939453
2024-09-23,148.29490661621094
2024-09-24,144.4711151123047
2024-09-25,143.47100830078125
2024-09-26,144.89268493652344
2024-09-27,146.17710876464844
2024-09-30,146.80458068847656
2024-10-01,143.93185424804688
2024-10-02,143.6573028564453
2024-10-03,142.3631134033203
2024-10-04,150.44212341308594
2024-10-07,149.03024291992188
2024-10-08,146.57907104492188
2024-10-09,148.83413696289062
2024-10-10,148.17726135253906
2024-10-11,152.63833618164062
2024-10-14,153.55018615722656
2024-10-15,153.66781616210938
2024-10-16,154.9816436767578
2024-10-17,156.6288299560547
2024-10-18,155.9228973388672
2024-10-21,153.95216369628906
2024-10-22,152.97169494628906
2024-10-23,151.23629760742188
2024-10-24,150.26560974121094
2024-10-25,158.119140625
2024-10-28,162.13900756835938
2024-10-29,159.80552673339844
2024-10-30,163.51165771484375
2024-10-31,159.60940551757812
2024-11-01,160.69773864746094
2024-11-04,158.12893676757812
2024-11-05,162.80575561523438
2024-11-06,187.2388458251953
2024-11-07,181.20901489257812
2024-11-08,181.59140014648438
2024-11-11,186.49371337890625
2024-11-12,183.14051818847656
2024-11-13,181.90513610839844
2024-11-14,180.00669860839844
2024-11-15,182.1116943359375
2024-11-18,179.86900329589844
2024-11-19,178.0394287109375
2024-11-20,177.7344970703125
2024-11-21,179.652587890625
2024-11-22,184.0002899169922
2024-11-25,188.75131225585938
2024-11-26,188.3184814453125
2024-11-27,188.16110229492188
2024-11-29,188.8693389892578
2024-12-02,184.45277404785156
2024-12-03,184.0002899169922
2024-12-04,182.46580505371094
2024-12-05,182.53466796875
2024-12-06,184.8855743408203
2024-12-09,181.6985626220703
2024-12-10,180.92149353027344
2024-12-11,183.0068359375
2024-12-12,181.72805786132812
2024-12-13,181.5116729736328
2024-12-16,182.08218383789062
2024-12-17,178.21646118164062
2024-12-18,171.5867156982422
2024-12-19,172.78677368164062
2024-12-20,175.72784423828125
2024-12-23,177.02627563476562
2024-12-24,179.14108276367188
2024-12-26,179.37716674804688
2024-12-27,177.27218627929688
2024-12-30,175.01963806152344
2024-12-31,175.40325927734375
2025-01-02,175.78688049316406
2025-01-03,177.47874450683594
2025-01-06,180.51820373535156
2025-01-07,178.91485595703125
2025-01-08,177.19349670410156
2025-01-10,172.42282104492188
2025-01-13,177.38035583496094
2025-01-14,181.6985626220703
2025-01-15,187.56106567382812
2025-01-16,185.35772705078125
2025-01-17,187.84634399414062
2025-01-21,190.04971313476562
2025-01-22,197.64341735839844
2025-01-23,200.6927032470703
2025-01-24,200.2008819580078
2025-01-27,199.1975860595703
2025-01-28,199.79759216308594
2025-01-29,200.57469177246094
2025-01-30,201.2730712890625
2025-01-31,200.37796020507812
2025-02-03,197.62376403808594
2025-02-04,196.84666442871094
2025-02-05,200.44680786132812
2025-02-06,203.26002502441406
2025-02-07,199.8861541748047
2025-02-10,195.5384063720703
2025-02-11,196.02041625976562
2025-02-12,193.32522583007812
2025-02-13,194.0826416015625
2025-02-14,198.8533172607422
2025-02-18,200.07667541503906
2025-02-19,207.00241088867188
2025-02-20,202.61212158203125
2025-02-21,197.51156616210938
2025-02-24,197.23532104492188
2025-02-25,191.30604553222656
2025-02-26,194.12762451171875
2025-02-27,194.33480834960938
2025-02-28,197.8568572998047
2025-03-03,193.5455322265625
2025-03-04,182.41702270507812
2025-03-05,183.45291137695312
2025-03-06,173.7648162841797
2025-03-07,170.84454345703125
2025-03-10,161.66944885253906
2025-03-11,163.17889404296875
2025-03-12,168.16107177734375
2025-03-13,163.8892059326172
2025-03-14,169.56201171875
2025-03-17,163.040771484375
2025-03-18,166.5135040283203
2025-03-19,170.28221130371094
2025-03-20,172.12710571289062
2025-03-21,172.472412109375
2025-03-24,178.43128967285156
2025-03-25,179.9900665283203
2025-03-26,177.4151153564453
2025-03-27,175.75765991210938
2025-03-28,171.19972229003906
2025-03-31,176.89224243164062
2025-04-01,175.8267364501953
2025-04-02,179.7335662841797
2025-04-03,161.837158203125
2025-04-04,148.54803466796875
2025-04-07,152.5929718017578
2025-04-08,150.3041229248047
2025-04-09,172.56118774414062
2025-04-10,159.98240661621094
2025-04-11,158.80838012695312
2025-04-14,160.3375701904297
2025-04-15,161.3438720703125
2025-04-16,157.9105987548828
2025-04-17,160.58421325683594
2025-04-21,162.94212341308594
2025-04-22,167.91441345214844
2025-04-23,174.09036254882812
2025-04-24,182.5650177001953
2025-04-25,180.2761688232422
2025-04-28,180.6708221435547
2025-04-29,180.62147521972656
2025-04-30,177.83934020996094
2025-05-01,177.7998809814453
2025-05-02,185.30767822265625
2025-05-05,185.37673950195312
2025-05-06,183.21617126464844
2025-05-07,184.04486083984375
2025-05-08,186.95526123046875
2025-05-09,185.23861694335938
2025-05-12,197.26492309570312
2025-05-13,198.34030151367188
2025-05-14,194.59130859375
2025-05-15,194.8478240966797
2025-05-16,194.5715789794922
2025-05-19,194.759033203125
2025-05-20,193.31863403320312
2025-05-21,184.4197540283203
2025-05-22,186.0278778076172
2025-05-23,183.17747497558594
2025-05-27,190.07583618164062
2025-05-28,189.11581420898438
2025-05-29,188.79908752441406
2025-05-30,187.20562744140625
2025-06-02,189.49191284179688
2025-06-03,193.61904907226562
2025-06-04,190.8775177001953
2025-06-05,190.02633666992188
2025-06-06,196.10324096679688
2025-06-09,196.9445037841797
2025-06-10,198.933837890625
2025-06-11,198.46865844726562
2025-06-12,195.64796447753906
2025-06-13,190.8478240966797
2025-06-16,195.5885772705078
2025-06-17,191.92660522460938
2025-06-18,195.14321899414062
2025-06-20,196.33087158203125
2025-06-23,199.5672607421875
2025-06-24,204.23875427246094
2025-06-25,205.89157104492188
2025-06-26,208.3460693359375
2025-06-27,208.84092712402344
2025-06-30,210.5729522705078
2025-07-01,212.96807861328125
2025-07-02,216.5607452392578
2025-07-03,218.63917541503906
2025-07-07,215.88775634765625
2025-07-08,215.26422119140625
2025-07-09,215.7887725830078
2025-07-10,218.47091674804688
2025-07-11,217.53067016601562
2025-07-14,218.56988525390625
2025-07-15,213.1264190673828
2025-07-16,214.3932647705078
2025-07-17,215.7590789794922
2025-07-18,216.0362091064453
2025-07-21,213.66087341308594
2025-07-22,215.18502807617188
2025-07-23,217.20408630371094
2025-07-24,209.15765380859375
2025-07-25,210.6620330810547
2025-07-28,211.9783477783203
2025-07-29,211.62205505371094
2025-07-30,213.01754760742188
2025-07-31,212.78990173339844
2025-08-01,205.3373260498047
2025-08-04,208.62319946289062
2025-08-05,209.8207550048828
2025-08-06,210.6917266845703
2025-08-07,205.15916442871094
2025-08-08,206.08949279785156
2025-08-11,206.1092987060547
2025-08-12,214.50213623046875
2025-08-13,214.7396697998047
2025-08-14,218.8074188232422
2025-08-15,213.7957305908203
2025-08-18,214.5598907470703
2025-08-19,212.99188232421875
2025-08-20,213.08120727539062
2025-08-21,210.4016876220703
2025-08-22,219.5418243408203
2025-08-25,219.4227294921875
2025-08-26,223.2137451171875
2025-08-27,222.8465576171875
2025-08-28,225.41690063476562
2025-08-29,225.4962921142578
2025-09-02,221.57626342773438
2025-09-03,219.65098571777344
2025-09-04,224.60313415527344
2025-09-05,219.84945678710938
2025-09-08,218.43031311035156
2025-09-09,220.79225158691406
2025-09-10,221.73504638671875
2025-09-11,222.64808654785156
2025-09-12,222.06253051757812
2025-09-15,224.8115234375
2025-09-16,222.70762634277344
2025-09-17,223.8985137939453
2025-09-18,227.99717712402344
2025-09-19,226.5879669189453
2025-09-22,223.70004272460938
2025-09-23,221.3281707763672
2025-09-24,222.6381378173828
2025-09-25,220.7724151611328
2025-09-26,222.350341796875
2025-09-29,221.9037628173828
2025-09-30,210.9673614501953
2025-10-01,211.86053466796875
2025-10-02,212.1582489013672
2025-10-03,212.77354431152344
2025-10-06,212.2277374267578
2025-10-07,212.06893920898438
2025-10-08,210.31236267089844
2025-10-09,209.14132690429688
2025-10-10,200.95391845703125
2025-10-13,206.03506469726562
2025-10-14,212.5750732421875
2025-10-15,213.46826171875
2025-10-16,201.60888671875
2025-10-17,209.73675537109375
2025-10-20,213.239990234375
2025-10-21,215.4034423828125
2025-10-22,218.70819091796875
2025-10-23,218.37075805664062
2025-10-24,223.3030548095703
2025-10-27,221.7946014404297
2025-10-28,219.31356811523438
2025-10-29,216.9317626953125
2025-10-30,216.72335815429688
2025-10-31,218.32115173339844
2025-11-03,220.01817321777344
2025-11-04,219.0059051513672
2025-11-05,219.72044372558594
2025-11-06,215.23475646972656
2025-11-07,216.16761779785156
2025-11-10,218.68833923339844
2025-11-11,219.0753936767578
2025-11-12,220.44491577148438
2025-11-13,215.1553497314453
2025-11-14,209.54820251464844
2025-11-17,200.24380493164062
2025-11-18,199.27749633789062
2025-11-19,201.62850952148438
2025-11-20,201.44918823242188
2025-11-21,207.07765197753906
2025-11-24,208.04396057128906
2025-11-25,213.632568359375
2025-11-26,216.6410675048828
2025-11-28,218.23497009277344
2025-12-01,219.53001403808594
2025-12-02,223.14617919921875
2025-12-03,226.3738250732422
2025-12-04,228.83441162109375
2025-12-05,229.8007049560547
2025-12-08,229.7110595703125
2025-12-09,229.9302215576172
2025-12-10,236.8537139892578
2025-12-11,238.3778839111328
2025-12-12,236.9633026123047
2025-12-15,238.89590454101562
2025-12-16,240.68905639648438
2025-12-17,238.58709716796875
2025-12-18,241.87451171875
2025-12-19,242.80096435546875
2025-12-22,245.8293914794922
2025-12-23,246.65621948242188
2025-12-24,247.32366943359375
2025-12-26,248.3696746826172
2025-12-29,244.81326293945312
2025-12-30,243.04005432128906
2025-12-31,241.43618774414062
2026-01-02,246.98495483398438
2026-01-05,249.55511474609375
2026-01-06,256.9568176269531
2026-01-07,252.28468322753906
2026-01-08,254.70541381835938
2026-01-09,248.2501220703125
2026-01-12,232.3111114501953
2026-01-13,230.52793884277344
2026-01-14,233.52645874023438
2026-01-15,236.06674194335938
2026-01-16,238.2284698486328
2026-01-20,227.8481903076172
2026-01-21,230.12945556640625
2026-01-22,234.17398071289062
2026-01-23,216.47171020507812
2026-01-26,219.34072875976562
2026-01-27,216.28244018554688
2026-01-28,217.57748413085938
2026-01-29,218.4740447998047
2026-01-30,218.09548950195312
2026-02-02,222.827392578125
2026-02-03,222.4886932373047
2026-02-04,224.60061645507812
2026-02-05,216.10311889648438
2026-02-06,221.94078063964844
2026-02-09,221.91090393066406
2026-02-10,219.0916748046875
2026-02-11,213.5727996826172
2026-02-12,206.1013946533203
2026-02-13,206.57955932617188
2026-02-17,205.95196533203125
2026-02-18,209.0800018310547
2026-02-19,205.05999755859375
2026-02-20,208.4199981689453
2026-02-23,190.0
2026-02-24,196.55999755859375
2026-02-25,205.7899932861328
2026-02-26,208.47000122070312
2026-02-27,195.63999938964844
2026-03-02,194.32000732421875
2026-03-03,193.72999572753906
2026-03-04,195.8300018310547
2026-03-05,194.27000427246094
2026-03-06,187.7100067138672
2026-03-09,185.72999572753906
2026-03-10,184.8699951171875
2026-03-11,182.02000427246094
2026-03-12,177.4499969482422
2026-03-13,179.7899932861328
2026-03-16,180.77000427246094
2026-03-17,183.4199981689453
2026-03-18,180.13999938964844
2026-03-19,179.72999572753906
2026-03-20,181.4600067138672
2026-03-23,184.0
2026-03-24,184.63999938964844
2026-03-25,185.22999572753906
2026-03-26,182.1199951171875
2026-03-27,176.10000610351562
2026-03-30,178.1300048828125
2026-03-31,182.42999267578125
2026-04-01,184.5
2026-04-02,181.9199981689453
2026-04-06,184.2100067138672
2026-04-07,181.14999389648438
2026-04-08,192.4600067138672
2026-04-09,194.72999572753906
2026-04-10,193.0
2026-04-13,197.5500030517578
2026-04-14,199.83999633789062
2026-04-15,202.97999572753906
2026-04-16,200.7100067138672
2026-04-17,206.47000122070312
2026-04-20,205.7100067138672
2026-04-21,202.5
2026-04-22,199.42999267578125
2026-04-23,196.6300048828125
2026-04-24,191.38999938964844
2026-04-27,194.11000061035156
2026-04-28,192.10000610351562
2026-04-29,190.83999633789062
2026-04-30,191.3000030517578
2026-05-01,191.91000366210938
2026-05-04,189.9199981689453
