date,close
2004-08-19,2.4787826538085938
2004-08-20,2.6756718158721924
2004-08-23,2.702599048614502
2004-08-24,2.5906901359558105
2004-08-25,2.618605375289917
2004-08-26,2.66579008102417
2004-08-27,2.6223111152648926
2004-08-30,2.5200374126434326
2004-08-31,2.528930902481079
2004-09-01,2.4765584468841553
2004-09-02,2.5076851844787598
2004-09-03,2.4706292152404785
2004-09-07,2.5094146728515625
2004-09-08,2.5272016525268555
2004-09-09,2.527448892593384
2004-09-10,2.6020541191101074
2004-09-13,2.6556613445281982
2004-09-14,2.754229784011841
2004-09-15,2.7668285369873047
2004-09-16,2.8154947757720947
2004-09-17,2.9024529457092285
2004-09-20,2.9486489295959473
2004-09-21,2.9110989570617676
2004-09-22,2.924438238143921
2004-09-23,2.9847166538238525
2004-09-24,2.960259437561035
2004-09-27,2.9214751720428467
2004-09-28,3.133927822113037
2004-09-29,3.23817777633667
2004-09-30,3.201615810394287
2004-10-01,3.275233507156372
2004-10-04,3.336498498916626
2004-10-05,3.4182682037353516
2004-10-06,3.3864006996154785
2004-10-07,3.430126190185547
2004-10-08,3.4024581909179688
2004-10-11,3.341439962387085
2004-10-12,3.394305944442749
2004-10-13,3.480769395828247
2004-10-14,3.5079429149627686
2004-10-15,3.560068130493164
2004-10-18,3.6848227977752686
2004-10-19,3.654684066772461
2004-10-20,3.4706404209136963
2004-10-21,3.6902570724487305
2004-10-22,4.259681224822998
2004-10-25,4.629497528076172
2004-10-26,4.491156101226807
2004-10-27,4.594171047210693
2004-10-28,4.775249481201172
2004-10-29,4.709537982940674
2004-11-01,4.842690944671631
2004-11-02,4.814035415649414
2004-11-03,4.734981536865234
2004-11-04,4.562796592712402
2004-11-05,4.183592796325684
2004-11-08,4.2626447677612305
2004-11-09,4.16753625869751
2004-11-10,4.14678430557251
2004-11-11,4.521295070648193
2004-11-12,4.496096611022949
2004-11-15,4.566996097564697
2004-11-16,4.2623982429504395
2004-11-17,4.261409759521484
2004-11-18,4.138879299163818
2004-11-19,4.18482780456543
2004-11-22,4.078601837158203
2004-11-23,4.13838529586792
2004-11-24,4.317240238189697
2004-11-26,4.4316182136535645
2004-11-29,4.472628116607666
2004-11-30,4.495603084564209
2004-12-01,4.445701599121094
2004-12-02,4.4318671226501465
2004-12-03,4.456570148468018
2004-12-06,4.355037212371826
2004-12-07,4.234976768493652
2004-12-08,4.199155807495117
2004-12-09,4.284384727478027
2004-12-10,4.240411758422852
2004-12-13,4.2107672691345215
2004-12-14,4.4143266677856445
2004-12-15,4.441253185272217
2004-12-16,4.35948371887207
2004-12-17,4.44866418838501
2004-12-20,4.5707011222839355
2004-12-21,4.539328098297119
2004-12-22,4.60232400894165
2004-12-23,4.641848087310791
2004-12-27,4.74091100692749
2004-12-28,4.7619099617004395
2004-12-29,4.765368461608887
2004-12-30,4.881476402282715
2004-12-31,4.762650489807129
2005-01-03,5.007713317871094
2005-01-04,4.80489444732666
2005-01-05,4.78043794631958
2005-01-06,4.657907009124756
2005-01-07,4.788837432861328
2005-01-10,4.818728923797607
2005-01-11,4.7811784744262695
2005-01-12,4.826633930206299
2005-01-13,4.825398921966553
2005-01-14,4.940025329589844
2005-01-18,5.037109851837158
2005-01-19,4.87406587600708
2005-01-20,4.7905659675598145
2005-01-21,4.6512370109558105
2005-01-24,4.464475154876709
2005-01-25,4.375542640686035
2005-01-26,4.674951553344727
2005-01-27,4.64629602432251
2005-01-28,4.702126502990723
2005-01-31,4.832563400268555
2005-02-01,4.740664958953857
2005-02-02,5.0879998207092285
2005-02-03,5.209049224853516
2005-02-04,5.048473834991455
2005-02-07,4.842690944671631
2005-02-08,4.907168865203857
2005-02-09,4.732759475708008
2005-02-10,4.643825531005859
2005-02-11,4.629497528076172
2005-02-14,4.767592430114746
2005-02-15,4.822927951812744
2005-02-16,4.901485919952393
2005-02-17,4.888887882232666
2005-02-18,4.890122890472412
2005-02-22,4.727570533752441
2005-02-23,4.79130744934082
2005-02-24,4.666306018829346
2005-02-25,4.591700553894043
2005-02-28,4.644072532653809
2005-03-01,4.596394062042236
2005-03-02,4.574655055999756
2005-03-03,4.6198625564575195
2005-03-04,4.592441558837891
2005-03-07,4.6643290519714355
2005-03-08,4.575148105621338
2005-03-09,4.480039119720459
2005-03-10,4.446195125579834
2005-03-11,4.392340183258057
2005-03-14,4.32292366027832
2005-03-15,4.412350654602051
2005-03-16,4.337992191314697
2005-03-17,4.4291486740112305
2005-03-18,4.447677135467529
2005-03-21,4.468428611755371
2005-03-22,4.41210412979126
2005-03-23,4.421490669250488
2005-03-24,4.42816162109375
2005-03-28,4.481767654418945
2005-03-29,4.436066150665283
2005-03-30,4.457805633544922
2005-03-31,4.459287166595459
2005-04-01,4.447677135467529
2005-04-04,4.5773725509643555
2005-04-05,4.658400535583496
2005-04-06,4.674458026885986
2005-04-07,4.786612510681152
2005-04-08,4.7443695068359375
2005-04-11,4.773521423339844
2005-04-12,4.7915544509887695
2005-04-13,4.766109943389893
2005-04-14,4.729547500610352
2005-04-15,4.570207595825195
2005-04-18,4.6188740730285645
2005-04-19,4.7283124923706055
2005-04-20,4.893829345703125
2005-04-21,5.04501485824585
2005-04-22,5.331332206726074
2005-04-25,5.5220465660095215
2005-04-26,5.403962135314941
2005-04-27,5.42940616607666
2005-04-28,5.421254634857178
2005-04-29,5.434842586517334
2005-05-02,5.491413116455078
2005-05-03,5.587758541107178
2005-05-04,5.644824028015137
2005-05-05,5.607274055480957
2005-05-06,5.6329665184021
2005-05-09,5.583559513092041
2005-05-10,5.627531051635742
2005-05-11,5.713748931884766
2005-05-12,5.6502604484558105
2005-05-13,5.663105010986328
2005-05-16,5.707818984985352
2005-05-17,5.7592034339904785
2005-05-18,5.908167839050293
2005-05-19,5.908660888671875
2005-05-20,5.968690872192383
2005-05-23,6.310592174530029
2005-05-24,6.3241801261901855
2005-05-25,6.443005084991455
2005-05-26,6.403231620788574
2005-05-27,6.5712175369262695
2005-05-31,6.849630355834961
2005-06-01,7.114701271057129
2005-06-02,7.112232208251953
2005-06-03,6.923494338989258
2005-06-06,7.187331676483154
2005-06-07,7.241185188293457
2005-06-08,6.906201362609863
2005-06-09,7.0729522705078125
2005-06-10,6.9788312911987305
2005-06-13,6.985008239746094
2005-06-14,6.876309871673584
2005-06-15,6.788611888885498
2005-06-16,6.8538289070129395
2005-06-17,6.9244818687438965
2005-06-20,7.082587242126465
2005-06-21,7.1107497215271
2005-06-22,7.146817207336426
2005-06-23,7.156945705413818
2005-06-24,7.343213081359863
2005-06-27,7.512433052062988
2005-06-28,7.460554599761963
2005-06-29,7.23130464553833
2005-06-30,7.26663064956665
2005-07-01,7.194989204406738
2005-07-05,7.305168628692627
2005-07-06,7.201659679412842
2005-07-07,7.300968647003174
2005-07-08,7.318014621734619
2005-07-11,7.246866703033447
2005-07-12,7.208083152770996
2005-07-13,7.382986068725586
2005-07-14,7.43313455581665
2005-07-15,7.440545558929443
2005-07-18,7.399784088134766
2005-07-19,7.655716419219971
2005-07-20,7.70759391784668
2005-07-21,7.755519390106201
2005-07-22,7.4704365730285645
2005-07-25,7.308627605438232
2005-07-26,7.314557075500488
2005-07-27,7.335308074951172
2005-07-28,7.250573635101318
2005-07-29,7.108773708343506
2005-08-01,7.203883171081543
2005-08-02,7.391138553619385
2005-08-03,7.344447612762451
2005-08-04,7.355069637298584
2005-08-05,7.222163200378418
2005-08-08,7.194989204406738
2005-08-09,7.202894687652588
2005-08-10,7.057389736175537
2005-08-11,7.017122268676758
2005-08-12,7.157193183898926
2005-08-15,7.0158867835998535
2005-08-16,7.056649208068848
2005-08-17,7.043060779571533
2005-08-18,6.9168243408203125
2005-08-19,6.917071342468262
2005-08-22,6.769095420837402
2005-08-23,6.90669584274292
2005-08-24,6.980560302734375
2005-08-25,6.981054306030273
2005-08-26,7.00551176071167
2005-08-29,7.125818252563477
2005-08-30,7.096668243408203
2005-08-31,7.06529426574707
2005-09-01,7.071470737457275
2005-09-02,7.125818252563477
2005-09-06,7.092715263366699
2005-09-07,7.284417152404785
2005-09-08,7.2972636222839355
2005-09-09,7.388667106628418
2005-09-12,7.651762962341309
2005-09-13,7.6996893882751465
2005-09-14,7.485259056091309
2005-09-15,7.475872993469238
2005-09-16,7.416088581085205
2005-09-19,7.504775524139404
2005-09-20,7.606554985046387
2005-09-21,7.705123424530029
2005-09-22,7.692030429840088
2005-09-23,7.790598392486572
2005-09-26,7.763918876647949
2005-09-27,7.755519390106201
2005-09-28,7.559370994567871
2005-09-29,7.648797988891602
2005-09-30,7.817772388458252
2005-10-03,7.872615814208984
2005-10-04,7.68289041519165
2005-10-05,7.675725936889648
2005-10-06,7.7261223793029785
2005-10-07,7.732049465179443
2005-10-10,7.674244403839111
2005-10-11,7.561841011047363
2005-10-12,7.435111045837402
2005-10-13,7.347906589508057
2005-10-14,7.315791130065918
2005-10-17,7.534667015075684
2005-10-18,7.4921770095825195
2005-10-19,7.626071929931641
2005-10-20,7.490199565887451
2005-10-21,8.396830558776855
2005-10-24,8.612988471984863
2005-10-25,8.570005416870117
2005-10-26,8.780729293823242
2005-10-27,8.721933364868164
2005-10-28,8.848170280456543
2005-10-31,9.193282127380371
2005-11-01,9.372138023376465
2005-11-02,9.379549980163574
2005-11-03,9.534442901611328
2005-11-04,9.64511489868164
2005-11-07,9.75875186920166
2005-11-08,9.6320219039917
2005-11-09,9.366456985473633
2005-11-10,9.661665916442871
2005-11-11,9.644373893737793
2005-11-14,9.80667781829834
2005-11-15,9.703662872314453
2005-11-16,9.835827827453613
2005-11-17,9.966756820678711
2005-11-18,9.88671875
2005-11-21,10.11275863647461
2005-11-22,10.288403511047363
2005-11-23,10.446261405944824
2005-11-25,10.588553428649902
2005-11-28,10.461577415466309
2005-11-29,9.968982696533203
2005-11-30,10.002825736999512
2005-12-01,10.229607582092285
2005-12-02,10.318788528442383
2005-12-05,10.026047706604004
2005-12-06,9.99368667602539
2005-12-07,9.985780715942383
2005-12-08,10.14462661743164
2005-12-09,10.108805656433105
2005-12-12,10.193045616149902
2005-12-13,10.31360149383545
2005-12-14,10.349915504455566
2005-12-15,10.438600540161133
2005-12-16,10.626350402832031
2005-12-19,10.489245414733887
2005-12-20,10.61622142791748
2005-12-21,10.531982421875
2005-12-22,10.673042297363281
2005-12-23,10.645620346069336
2005-12-27,10.490232467651367
2005-12-28,10.540876388549805
2005-12-29,10.379312515258789
2005-12-30,10.24863052368164
2006-01-03,10.751847267150879
2006-01-04,10.99913215637207
2006-01-05,11.147356033325195
2006-01-06,11.503584861755371
2006-01-09,11.53421688079834
2006-01-10,11.604869842529297
2006-01-11,11.6510648727417
2006-01-12,11.453435897827148
2006-01-13,11.518159866333008
2006-01-17,11.539405822753906
2006-01-18,10.990981101989746
2006-01-19,10.781986236572266
2006-01-20,9.868191719055176
2006-01-23,10.560885429382324
2006-01-24,10.944536209106445
2006-01-25,10.696756362915039
2006-01-26,10.728131294250488
2006-01-27,10.7088623046875
2006-01-30,10.544088363647461
2006-01-31,10.688356399536133
2006-02-01,9.925503730773926
2006-02-02,9.783703804016113
2006-02-03,9.425745964050293
2006-02-06,9.513444900512695
2006-02-07,9.089031219482422
2006-02-08,9.11768913269043
2006-02-09,8.862993240356445
2006-02-10,8.957855224609375
2006-02-13,8.540112495422363
2006-02-14,8.481318473815918
2006-02-15,8.458096504211426
2006-02-16,9.052964210510254
2006-02-17,9.109536170959473
2006-02-21,9.05617618560791
2006-02-22,9.02900218963623
2006-02-23,9.339776039123535
2006-02-24,9.323224067687988
2006-02-27,9.643879890441895
2006-02-28,8.958100318908691
2006-03-01,9.011956214904785
2006-03-02,9.299755096435547
2006-03-03,9.34249210357666
2006-03-06,9.09347915649414
2006-03-07,9.00330924987793
2006-03-08,8.74219036102295
2006-03-09,8.473413467407227
2006-03-10,8.337540626525879
2006-03-13,8.32667064666748
2006-03-14,8.674996376037598
2006-03-15,8.510470390319824
2006-03-16,8.368916511535645
2006-03-17,8.394111633300781
2006-03-20,8.601624488830566
2006-03-21,8.397324562072754
2006-03-22,8.40473461151123
2006-03-23,8.445992469787598
2006-03-24,9.036661148071289
2006-03-27,9.132759094238281
2006-03-28,9.318284034729004
2006-03-29,9.757519721984863
2006-03-30,9.595955848693848
2006-03-31,9.634492874145508
2006-04-03,9.627081871032715
2006-04-04,9.98874568939209
2006-04-05,10.078916549682617
2006-04-06,10.157719612121582
2006-04-07,10.033707618713379
2006-04-10,10.28618049621582
2006-04-11,10.120168685913086
2006-04-12,10.102627754211426
2006-04-13,9.934891700744629
2006-04-17,10.050009727478027
2006-04-18,9.986275672912598
2006-04-19,10.140921592712402
2006-04-20,10.25208854675293
2006-04-21,10.798043251037598
2006-04-24,10.882036209106445
2006-04-25,10.552486419677734
2006-04-26,10.523089408874512
2006-04-27,10.376347541809082
2006-04-28,10.324718475341797
2006-05-01,9.854354858398438
2006-05-02,9.753070831298828
2006-05-03,9.737508773803711
2006-05-04,9.751834869384766
2006-05-05,9.74071979522705
2006-05-08,9.752578735351562
2006-05-09,10.098925590515137
2006-05-10,9.955146789550781
2006-05-11,9.560381889343262
2006-05-12,9.242444038391113
2006-05-15,9.293580055236816
2006-05-16,9.172531127929688
2006-05-17,9.25158405303955
2006-05-18,9.164872169494629
2006-05-19,9.140909194946289
2006-05-22,9.163885116577148
2006-05-23,9.278263092041016
2006-05-24,9.418334007263184
2006-05-25,9.461318969726562
2006-05-26,9.420804023742676
2006-05-30,9.18834114074707
2006-05-31,9.18537712097168
2006-06-01,9.452178955078125
2006-06-02,9.373619079589844
2006-06-05,9.250102043151855
2006-06-06,9.634244918823242
2006-06-07,9.548276901245117
2006-06-08,9.716015815734863
2006-06-09,9.549757957458496
2006-06-12,9.425498962402344
2006-06-13,9.548523902893066
2006-06-14,9.495903968811035
2006-06-15,9.659196853637695
2006-06-16,9.651784896850586
2006-06-19,9.588543891906738
2006-06-20,9.564580917358398
2006-06-21,9.934151649475098
2006-06-22,9.880294799804688
2006-06-23,10.001590728759766
2006-06-26,9.985780715942383
2006-06-27,9.938844680786133
2006-06-28,10.032468795776367
2006-06-29,10.32150650024414
2006-06-30,10.359055519104004
2006-07-03,10.454660415649414
2006-07-05,10.411674499511719
2006-07-06,10.454412460327148
2006-07-07,10.386724472045898
2006-07-10,10.33113956451416
2006-07-11,10.48825740814209
2006-07-12,10.307670593261719
2006-07-13,10.099664688110352
2006-07-14,9.967995643615723
2006-07-17,10.076444625854492
2006-07-18,9.956876754760742
2006-07-19,9.856825828552246
2006-07-20,9.563345909118652
2006-07-21,9.637208938598633
2006-07-24,9.656726837158203
2006-07-25,9.618682861328125
2006-07-26,9.523324966430664
2006-07-27,9.446742057800293
2006-07-28,9.588048934936523
2006-07-31,9.550498962402344
2006-08-01,9.276534080505371
2006-08-02,9.071988105773926
2006-08-03,9.273568153381348
2006-08-04,9.235526084899902
2006-08-07,9.336812019348145
2006-08-08,9.412158966064453
2006-08-09,9.311860084533691
2006-08-10,9.244173049926758
2006-08-11,9.103360176086426
2006-08-14,9.126334190368652
2006-08-15,9.411416053771973
2006-08-16,9.578166961669922
2006-08-17,9.530735969543457
2006-08-18,9.470460891723633
2006-08-21,9.320754051208496
2006-08-22,9.345210075378418
2006-08-23,9.225151062011719
2006-08-24,9.232561111450195
2006-08-25,9.22095012664795
2006-08-28,9.41092300415039
2006-08-29,9.361515045166016
2006-08-30,9.40598201751709
2006-08-31,9.351140022277832
2006-09-01,9.352869987487793
2006-09-05,9.495162963867188
2006-09-06,9.390913963317871
2006-09-07,9.350151062011719
2006-09-08,9.33434009552002
2006-09-11,9.488493919372559
2006-09-12,9.681428909301758
2006-09-13,10.04383659362793
2006-09-14,9.979851722717285
2006-09-15,10.125604629516602
2006-09-18,10.244428634643555
2006-09-19,9.975652694702148
2006-09-20,9.807417869567871
2006-09-21,10.050751686096191
2006-09-22,9.9749116897583
2006-09-25,9.979851722717285
2006-09-26,10.051246643066406
2006-09-27,9.953665733337402
2006-09-28,9.969968795776367
2006-09-29,9.928467750549316
2006-10-02,9.917102813720703
2006-10-03,9.981332778930664
2006-10-04,10.269381523132324
2006-10-05,10.173283576965332
2006-10-06,10.387957572937012
2006-10-09,10.597940444946289
2006-10-10,10.539888381958008
2006-10-11,10.536182403564453
2006-10-12,10.559404373168945
2006-10-13,10.555944442749023
2006-10-16,10.418839454650879
2006-10-17,10.39141845703125
2006-10-18,10.358562469482422
2006-10-19,10.525312423706055
2006-10-20,11.355608940124512
2006-10-23,11.877106666564941
2006-10-24,11.692569732666016
2006-10-25,12.020880699157715
2006-10-26,11.9838285446167
2006-10-27,11.739258766174316
2006-10-30,11.773103713989258
2006-10-31,11.768656730651855
2006-11-01,11.549039840698242
2006-11-02,11.608575820922852
2006-11-03,11.655264854431152
2006-11-06,11.782489776611328
2006-11-07,11.674287796020508
2006-11-08,11.734317779541016
2006-11-09,11.675771713256836
2006-11-10,11.698497772216797
2006-11-13,11.883280754089355
2006-11-14,12.087583541870117
2006-11-15,12.15255355834961
2006-11-16,12.250629425048828
2006-11-17,12.322022438049316
2006-11-20,12.229630470275879
2006-11-21,12.590306282043457
2006-11-22,12.549790382385254
2006-11-24,12.475432395935059
2006-11-27,11.975180625915527
2006-11-28,12.092523574829102
2006-11-29,11.972709655761719
2006-11-30,11.976662635803223
2006-12-01,11.877599716186523
2006-12-04,11.97765064239502
2006-12-05,12.03076457977295
2006-12-06,12.073005676269531
2006-12-07,11.923055648803711
2006-12-08,11.959369659423828
2006-12-11,11.954922676086426
2006-12-12,11.901809692382812
2006-12-13,11.8328857421875
2006-12-14,11.910209655761719
2006-12-15,11.86524772644043
2006-12-18,11.432931900024414
2006-12-19,11.576952934265137
2006-12-20,11.435402870178223
2006-12-21,11.26988410949707
2006-12-22,11.254570007324219
2006-12-26,11.302742004394531
2006-12-27,11.56213092803955
2006-12-28,11.427001953125
2006-12-29,11.375617980957031
2007-01-03,11.551262855529785
2007-01-04,11.938372611999512
2007-01-05,12.035456657409668
2007-01-08,11.946277618408203
2007-01-09,11.993709564208984
2007-01-10,12.091535568237305
2007-01-11,12.344996452331543
2007-01-12,12.475432395935059
2007-01-16,12.457645416259766
2007-01-17,12.284720420837402
2007-01-18,12.051267623901367
2007-01-19,12.098698616027832
2007-01-22,11.87858772277832
2007-01-23,11.834368705749512
2007-01-24,12.328938484191895
2007-01-25,12.057690620422363
2007-01-26,12.249146461486816
2007-01-29,12.165894508361816
2007-01-30,12.211597442626953
2007-01-31,12.388969421386719
2007-02-01,11.901069641113281
2007-02-02,11.894890785217285
2007-02-05,11.540640830993652
2007-02-06,11.647359848022461
2007-02-07,11.611044883728027
2007-02-08,11.63624382019043
2007-02-09,11.410451889038086
2007-02-12,11.321516990661621
2007-02-13,11.34152603149414
2007-02-14,11.51025390625
2007-02-15,11.400074005126953
2007-02-16,11.6093168258667
2007-02-20,11.662675857543945
2007-02-21,11.75556468963623
2007-02-22,11.755315780639648
2007-02-23,11.626115798950195
2007-02-26,11.485548973083496
2007-02-27,11.086336135864258
2007-02-28,11.103135108947754
2007-03-01,11.072997093200684
2007-03-02,10.837074279785156
2007-03-05,10.893153190612793
2007-03-06,11.30323600769043
2007-03-07,11.256052017211914
2007-03-08,11.233325004577637
2007-03-09,11.18984603881836
2007-03-12,11.234064102172852
2007-03-13,10.944536209106445
2007-03-14,11.067314147949219
2007-03-15,11.022601127624512
2007-03-16,10.890680313110352
2007-03-19,11.04829216003418
2007-03-20,11.000120162963867
2007-03-21,11.278532028198242
2007-03-22,11.414156913757324
2007-03-23,11.408968925476074
2007-03-26,11.48727798461914
2007-03-27,11.453187942504883
2007-03-28,11.410204887390137
2007-03-29,11.38648796081543
2007-03-30,11.318305969238281
2007-04-02,11.327445030212402
2007-04-03,11.675029754638672
2007-04-04,11.635994911193848
2007-04-05,11.648102760314941
2007-04-09,11.56657886505127
2007-04-10,11.524335861206055
2007-04-11,11.475668907165527
2007-04-12,11.546321868896484
2007-04-13,11.519146919250488
2007-04-16,11.716282844543457
2007-04-17,11.679970741271973
2007-04-18,11.759268760681152
2007-04-19,11.65156078338623
2007-04-20,11.91910171508789
2007-04-23,11.83510971069336
2007-04-24,11.796817779541016
2007-04-25,11.808183670043945
2007-04-26,11.886987686157227
2007-04-27,11.833378791809082
2007-04-30,11.644890785217285
2007-05-01,11.586094856262207
2007-05-02,11.506547927856445
2007-05-03,11.690591812133789
2007-05-04,11.638467788696289
2007-05-07,11.543356895446777
2007-05-08,11.53199291229248
2007-05-09,11.592270851135254
2007-05-10,11.400074005126953
2007-05-11,11.530263900756836
2007-05-14,11.407733917236328
2007-05-15,11.314352989196777
2007-05-16,11.675274848937988
2007-05-17,11.634512901306152
2007-05-18,11.618703842163086
2007-05-21,11.625621795654297
2007-05-22,11.75556468963623
2007-05-23,11.70887279510498
2007-05-24,11.717765808105469
2007-05-25,11.944792747497559
2007-05-29,12.033479690551758
2007-05-30,12.317327499389648
2007-05-31,12.300281524658203
2007-06-01,12.361795425415039
2007-06-04,12.526568412780762
2007-06-05,12.817333221435547
2007-06-06,12.80275821685791
2007-06-07,12.723952293395996
2007-06-08,12.734576225280762
2007-06-11,12.632054328918457
2007-06-12,12.469752311706543
2007-06-13,12.481363296508789
2007-06-14,12.422074317932129
2007-06-15,12.497418403625488
2007-06-18,12.727413177490234
2007-06-19,12.705425262451172
2007-06-20,12.598209381103516
2007-06-21,12.700485229492188
2007-06-22,12.969015121459961
2007-06-25,13.029292106628418
2007-06-26,13.099451065063477
2007-06-27,13.001378059387207
2007-06-28,12.969756126403809
2007-06-29,12.912691116333008
2007-07-02,13.102416038513184
2007-07-03,13.20024299621582
2007-07-05,13.380331993103027
2007-07-06,13.32524585723877
2007-07-09,13.403308868408203
2007-07-10,13.422577857971191
2007-07-11,13.450491905212402
2007-07-12,13.4717378616333
2007-07-13,13.640464782714844
2007-07-16,13.660968780517578
2007-07-17,13.710622787475586
2007-07-18,13.574753761291504
2007-07-19,13.55227279663086
2007-07-20,12.848957061767578
2007-07-23,12.660959243774414
2007-07-24,12.697768211364746
2007-07-25,12.593023300170898
2007-07-26,12.549542427062988
2007-07-27,12.645642280578613
2007-07-30,12.74989128112793
2007-07-31,12.598950386047363
2007-08-01,12.671581268310547
2007-08-02,12.623903274536133
2007-08-03,12.426025390625
2007-08-06,12.598950386047363
2007-08-07,12.747669219970703
2007-08-08,12.988778114318848
2007-08-09,12.715801239013672
2007-08-10,12.741000175476074
2007-08-13,12.734822273254395
2007-08-14,12.564366340637207
2007-08-15,12.291388511657715
2007-08-16,12.142426490783691
2007-08-17,12.352901458740234
2007-08-20,12.300529479980469
2007-08-21,12.515206336975098
2007-08-22,12.666885375976562
2007-08-23,12.653054237365723
2007-08-24,12.722471237182617
2007-08-27,12.679485321044922
2007-08-28,12.510017395019531
2007-08-29,12.670098304748535
2007-08-30,12.633538246154785
2007-08-31,12.728646278381348
2007-09-04,12.97321605682373
2007-09-05,13.038681030273438
2007-09-06,12.932947158813477
2007-09-07,12.82993221282959
2007-09-10,12.709624290466309
2007-09-11,12.878847122192383
2007-09-12,12.911454200744629
2007-09-13,12.964075088500977
2007-09-14,13.062148094177246
2007-09-17,12.976921081542969
2007-09-18,13.22321605682373
2007-09-19,13.509286880493164
2007-09-20,13.657018661499023
2007-09-21,13.836612701416016
2007-09-24,14.032267570495605
2007-09-25,14.056476593017578
2007-09-26,14.035726547241211
2007-09-27,14.019420623779297
2007-09-28,14.013739585876465
2007-10-01,14.391214370727539
2007-10-02,14.436670303344727
2007-10-03,14.42752742767334
2007-10-04,14.304256439208984
2007-10-05,14.675307273864746
2007-10-08,15.05994701385498
2007-10-09,15.19729995727539
2007-10-10,15.4495267868042
2007-10-11,15.3657808303833
2007-10-12,15.745972633361816
2007-10-15,15.319091796875
2007-10-16,15.217558860778809
2007-10-17,15.649380683898926
2007-10-18,15.801060676574707
2007-10-19,15.926803588867188
2007-10-22,16.07601547241211
2007-10-23,16.694108963012695
2007-10-24,16.69533920288086
2007-10-25,16.514753341674805
2007-10-26,16.66520118713379
2007-10-29,16.779579162597656
2007-10-30,17.16347885131836
2007-10-31,17.465606689453125
2007-11-01,17.371978759765625
2007-11-02,17.570594787597656
2007-11-05,17.92633056640625
2007-11-06,18.325054168701172
2007-11-07,18.106422424316406
2007-11-08,17.140504837036133
2007-11-09,16.402599334716797
2007-11-12,15.614548683166504
2007-11-13,16.318113327026367
2007-11-14,15.851950645446777
2007-11-15,15.554763793945312
2007-11-16,15.653085708618164
2007-11-19,15.460888862609863
2007-11-20,16.021419525146484
2007-11-21,16.31736946105957
2007-11-23,16.717079162597656
2007-11-26,16.452749252319336
2007-11-27,16.639755249023438
2007-11-28,17.101472854614258
2007-11-29,17.218570709228516
2007-11-30,17.1197509765625
2007-12-03,16.836400985717773
2007-12-04,16.901369094848633
2007-12-05,17.255868911743164
2007-12-06,17.669660568237305
2007-12-07,17.660024642944336
2007-12-10,17.747724533081055
2007-12-11,17.27291488647461
2007-12-12,17.276620864868164
2007-12-13,17.145689010620117
2007-12-14,17.044654846191406
2007-12-17,16.53254508972168
2007-12-18,16.63432502746582
2007-12-19,16.733631134033203
2007-12-20,17.037982940673828
2007-12-21,17.210908889770508
2007-12-24,17.310710906982422
2007-12-26,17.560468673706055
2007-12-27,17.310956954956055
2007-12-28,17.355178833007812
2007-12-31,17.08220100402832
2008-01-02,16.926815032958984
2008-01-03,16.930273056030273
2008-01-04,16.23041534423828
2008-01-07,16.038959503173828
2008-01-08,15.604914665222168
2008-01-09,16.136539459228516
2008-01-10,15.976709365844727
2008-01-11,15.767217636108398
2008-01-14,16.151857376098633
2008-01-15,15.752394676208496
2008-01-16,15.216320991516113
2008-01-17,14.841813087463379
2008-01-18,14.828471183776855
2008-01-22,14.43568229675293
2008-01-23,13.553013801574707
2008-01-24,14.192102432250977
2008-01-25,13.99224853515625
2008-01-28,13.734834671020508
2008-01-29,13.59995174407959
2008-01-30,13.544367790222168
2008-01-31,13.940369606018066
2008-02-01,12.744705200195312
2008-02-04,12.239018440246582
2008-02-05,12.51990032196045
2008-02-06,12.394157409667969
2008-02-07,12.474197387695312
2008-02-08,12.76422119140625
2008-02-11,12.874646186828613
2008-02-12,12.798805236816406
2008-02-13,13.207159042358398
2008-02-14,13.148612976074219
2008-02-15,13.084134101867676
2008-02-19,12.573012351989746
2008-02-20,12.574248313903809
2008-02-21,12.422565460205078
2008-02-22,12.54460334777832
2008-02-25,12.01693058013916
2008-02-26,11.467268943786621
2008-02-27,11.681452751159668
2008-02-28,11.743950843811035
2008-02-29,11.639947891235352
2008-03-03,11.290142059326172
2008-03-04,10.983323097229004
2008-03-05,11.059905052185059
2008-03-06,10.689345359802246
2008-03-07,10.705403327941895
2008-03-10,10.217997550964355
2008-03-11,10.865730285644531
2008-03-12,10.874130249023438
2008-03-13,10.944042205810547
2008-03-14,10.818300247192383
2008-03-17,10.372396469116211
2008-03-18,10.848931312561035
2008-03-19,10.672053337097168
2008-03-20,10.710344314575195
2008-03-24,11.377593994140625
2008-03-25,11.135990142822266
2008-03-26,11.319045066833496
2008-03-27,10.970475196838379
2008-03-28,10.82225227355957
2008-03-31,10.881293296813965
2008-04-01,11.504817962646484
2008-04-02,11.504572868347168
2008-04-03,11.243204116821289
2008-04-04,11.637723922729492
2008-04-07,11.779277801513672
2008-04-08,11.5566987991333
2008-04-09,11.467268943786621
2008-04-10,11.5880708694458
2008-04-11,11.300765991210938
2008-04-14,11.157732009887695
2008-04-15,11.03865909576416
2008-04-16,11.240983963012695
2008-04-17,11.105358123779297
2008-04-18,13.325491905212402
2008-04-21,13.285470008850098
2008-04-22,13.710622787475586
2008-04-23,13.500394821166992
2008-04-24,13.415166854858398
2008-04-25,13.440364837646484
2008-04-28,13.639476776123047
2008-04-29,13.796343803405762
2008-04-30,14.187159538269043
2008-05-01,14.651346206665039
2008-05-02,14.360089302062988
2008-05-05,14.696306228637695
2008-05-06,14.485336303710938
2008-05-07,14.303515434265137
2008-05-08,14.402578353881836
2008-05-09,14.160234451293945
2008-05-12,14.450255393981934
2008-05-13,14.40233039855957
2008-05-14,14.236815452575684
2008-05-15,14.352924346923828
2008-05-16,14.329948425292969
2008-05-19,14.266953468322754
2008-05-20,14.293634414672852
2008-05-21,13.586857795715332
2008-05-22,13.57376480102539
2008-05-23,13.454198837280273
2008-05-27,13.85637378692627
2008-05-28,14.037701606750488
2008-05-29,14.40233039855957
2008-05-30,14.471501350402832
2008-06-02,14.204700469970703
2008-06-03,14.014480590820312
2008-06-04,14.13602352142334
2008-06-05,14.48385238647461
2008-06-06,14.00706958770752
2008-06-09,13.781523704528809
2008-06-10,13.690119743347168
2008-06-11,13.468525886535645
2008-06-12,13.659980773925781
2008-06-13,14.118484497070312
2008-06-16,14.150599479675293
2008-06-17,14.067841529846191
2008-06-18,13.892936706542969
2008-06-19,13.839083671569824
2008-06-20,13.498913764953613
2008-06-23,13.468774795532227
2008-06-24,13.396886825561523
2008-06-25,13.611807823181152
2008-06-26,13.063878059387207
2008-06-27,13.04534912109375
2008-06-30,13.004587173461914
2008-07-01,13.209877967834473
2008-07-02,13.019905090332031
2008-07-03,13.26595687866211
2008-07-07,13.43665885925293
2008-07-08,13.69901180267334
2008-07-09,13.37835693359375
2008-07-10,13.354147911071777
2008-07-11,13.186902046203613
2008-07-14,12.88601016998291
2008-07-15,12.749399185180664
2008-07-16,13.231369018554688
2008-07-17,13.178009033203125
2008-07-18,11.890446662902832
2008-07-21,11.581154823303223
2008-07-22,11.786443710327148
2008-07-23,12.085604667663574
2008-07-24,11.749634742736816
2008-07-25,12.153788566589355
2008-07-28,11.786688804626465
2008-07-29,11.934666633605957
2008-07-30,11.924537658691406
2008-07-31,11.703437805175781
2008-08-01,11.557930946350098
2008-08-04,11.437871932983398
2008-08-05,11.854131698608398
2008-08-06,12.014459609985352
2008-08-07,11.836098670959473
2008-08-08,12.228641510009766
2008-08-11,12.372662544250488
2008-08-12,12.416391372680664
2008-08-13,12.352654457092285
2008-08-14,12.487537384033203
2008-08-15,12.60265827178955
2008-08-18,12.309917449951172
2008-08-19,12.117227554321289
2008-08-20,11.981354713439941
2008-08-21,12.019152641296387
2008-08-22,12.119451522827148
2008-08-25,11.932195663452148
2008-08-26,11.713566780090332
2008-08-27,11.57572078704834
2008-08-28,11.704180717468262
2008-08-29,11.445036888122559
2008-09-02,11.493456840515137
2008-09-03,11.47270393371582
2008-09-04,11.123144149780273
2008-09-05,10.974676132202148
2008-09-08,10.374374389648438
2008-09-09,10.342504501342773
2008-09-10,10.231337547302246
2008-09-11,10.71528434753418
2008-09-12,10.811878204345703
2008-09-15,10.718001365661621
2008-09-16,10.942066192626953
2008-09-17,10.239490509033203
2008-09-18,10.846957206726074
2008-09-19,11.095723152160645
2008-09-22,10.626104354858398
2008-09-23,10.60461139678955
2008-09-24,10.748880386352539
2008-09-25,10.859801292419434
2008-09-26,10.648336410522461
2008-09-29,9.412158966064453
2008-09-30,9.894376754760742
2008-10-01,10.171060562133789
2008-10-02,9.64659595489502
2008-10-03,9.558156967163086
2008-10-06,9.170306205749512
2008-10-07,8.547769546508789
2008-10-08,8.35261058807373
2008-10-09,8.127065658569336
2008-10-10,8.20167064666748
2008-10-13,9.412651062011719
2008-10-14,8.960326194763184
2008-10-15,8.37879753112793
2008-10-16,8.720945358276367
2008-10-17,9.203164100646973
2008-10-20,9.37065601348877
2008-10-21,8.961315155029297
2008-10-22,8.786410331726074
2008-10-23,8.703654289245605
2008-10-24,8.38176155090332
2008-10-27,8.139664649963379
2008-10-28,9.109536170959473
2008-10-29,8.84397029876709
2008-10-30,8.885719299316406
2008-10-31,8.877568244934082
2008-11-03,8.559627532958984
2008-11-04,9.064821243286133
2008-11-05,8.454635620117188
2008-11-06,8.182403564453125
2008-11-07,8.180423736572266
2008-11-10,7.875085830688477
2008-11-11,7.694253444671631
2008-11-12,7.188813209533691
2008-11-13,7.709568977355957
2008-11-14,7.6586809158325195
2008-11-17,7.4141130447387695
2008-11-18,7.347412586212158
2008-11-19,6.921517848968506
2008-11-20,6.412125110626221
2008-11-21,6.483026027679443
2008-11-24,6.359752655029297
2008-11-25,6.967714786529541
2008-11-26,7.215741157531738
2008-11-28,7.237232685089111
2008-12-01,6.57097053527832
2008-12-02,6.796270370483398
2008-12-03,6.902989864349365
2008-12-04,6.777248382568359
2008-12-05,7.0156402587890625
2008-12-08,7.463273048400879
2008-12-09,7.558629989624023
2008-12-10,7.629035949707031
2008-12-11,7.416584014892578
2008-12-12,7.800480842590332
2008-12-15,7.674737930297852
2008-12-16,8.035662651062012
2008-12-17,7.787633895874023
2008-12-18,7.665102958679199
2008-12-19,7.662386417388916
2008-12-22,7.3397536277771
2008-12-23,7.362234115600586
2008-12-24,7.484024524688721
2008-12-26,7.420041084289551
2008-12-29,7.347412586212158
2008-12-30,7.487977027893066
2008-12-31,7.600132465362549
2009-01-02,7.937833309173584
2009-01-05,8.104089736938477
2009-01-06,8.252559661865234
2009-01-07,7.9548797607421875
2009-01-08,8.03343677520752
2009-01-09,7.7834343910217285
2009-01-12,7.724638938903809
2009-01-13,7.764906883239746
2009-01-14,7.435111045837402
2009-01-15,7.386197090148926
2009-01-16,7.402995586395264
2009-01-20,6.985008239746094
2009-01-21,7.487236499786377
2009-01-22,7.571723461151123
2009-01-23,8.021331787109375
2009-01-26,8.00082778930664
2009-01-27,8.188823699951172
2009-01-28,8.613484382629395
2009-01-29,8.481318473815918
2009-01-30,8.362988471984863
2009-02-02,8.413383483886719
2009-02-03,8.410418510437012
2009-02-04,8.473413467407227
2009-02-05,8.738237380981445
2009-02-06,9.172037124633789
2009-02-09,9.357069969177246
2009-02-10,8.856568336486816
2009-02-11,8.844958305358887
2009-02-12,8.968725204467773
2009-02-13,8.836065292358398
2009-02-17,8.465014457702637
2009-02-18,8.723167419433594
2009-02-19,8.464519500732422
2009-02-20,8.55864143371582
2009-02-23,8.1537446975708
2009-02-24,8.533937454223633
2009-02-25,8.439814567565918
2009-02-26,8.329635620117188
2009-02-27,8.349647521972656
2009-03-02,8.082104682922363
2009-03-03,8.040600776672363
2009-03-04,7.878544807434082
2009-03-05,7.550477504730225
2009-03-06,7.622859954833984
2009-03-09,7.186096668243408
2009-03-10,7.612977981567383
2009-03-11,7.853593349456787
2009-03-12,7.992428779602051
2009-03-13,8.014413833618164
2009-03-16,7.897566795349121
2009-03-17,8.284180641174316
2009-03-18,8.228843688964844
2009-03-19,8.15078067779541
2009-03-20,8.15621566772461
2009-03-23,8.611754417419434
2009-03-24,8.576428413391113
2009-03-25,8.499844551086426
2009-03-26,8.727614402770996
2009-03-27,8.589520454406738
2009-03-30,8.465754508972168
2009-03-31,8.59841537475586
2009-04-01,8.747376441955566
2009-04-02,8.9551362991333
2009-04-03,9.134981155395508
2009-04-06,9.09693717956543
2009-04-07,8.860028266906738
2009-04-08,8.94278621673584
2009-04-09,9.20217514038086
2009-04-13,9.340764045715332
2009-04-14,9.113489151000977
2009-04-15,9.375102043151855
2009-04-16,9.603364944458008
2009-04-17,9.68982982635498
2009-04-20,9.370162010192871
2009-04-21,9.423768043518066
2009-04-22,9.482809066772461
2009-04-23,9.503314971923828
2009-04-24,9.621892929077148
2009-04-27,9.534442901611328
2009-04-28,9.479104995727539
2009-04-29,9.670807838439941
2009-04-30,9.781975746154785
2009-05-01,9.725650787353516
2009-05-04,9.930445671081543
2009-05-05,9.955394744873047
2009-05-06,9.967254638671875
2009-05-07,9.797785758972168
2009-05-08,10.06260871887207
2009-05-11,10.078668594360352
2009-05-12,9.857072830200195
2009-05-13,9.623128890991211
2009-05-14,9.572733879089355
2009-05-15,9.634492874145508
2009-05-18,9.803467750549316
2009-05-19,9.853863716125488
2009-05-20,9.81186580657959
2009-05-21,9.79506778717041
2009-05-22,9.720955848693848
2009-05-26,9.989238739013672
2009-05-27,10.01888370513916
2009-05-28,10.138452529907227
2009-05-29,10.307178497314453
2009-06-01,10.537664413452148
2009-06-02,10.58311939239502
2009-06-03,10.663406372070312
2009-06-04,10.87660026550293
2009-06-05,10.97640323638916
2009-06-08,10.8392972946167
2009-06-09,10.761480331420898
2009-06-10,10.68687629699707
2009-06-11,10.597940444946289
2009-06-12,10.495174407958984
2009-06-15,10.295812606811523
2009-06-16,10.276790618896484
2009-06-17,10.256041526794434
2009-06-18,10.228867530822754
2009-06-19,10.377827644348145
2009-06-22,10.063103675842285
2009-06-23,10.021848678588867
2009-06-24,10.111028671264648
2009-06-25,10.271110534667969
2009-06-26,10.50703239440918
2009-06-29,10.477880477905273
2009-06-30,10.414886474609375
2009-07-01,10.350656509399414
2009-07-02,10.091267585754395
2009-07-06,10.11893367767334
2009-07-07,9.798279762268066
2009-07-08,9.94304370880127
2009-07-09,10.138204574584961
2009-07-10,10.237265586853027
2009-07-13,10.481832504272461
2009-07-14,10.491469383239746
2009-07-15,10.82447624206543
2009-07-16,10.933913230895996
2009-07-17,10.62881851196289
2009-07-20,10.626846313476562
2009-07-21,10.570767402648926
2009-07-22,10.565579414367676
2009-07-23,10.803973197937012
2009-07-24,11.035693168640137
2009-07-27,10.988262176513672
2009-07-28,10.865978240966797
2009-07-29,10.776798248291016
2009-07-30,11.009013175964355
2009-07-31,10.945030212402344
2009-08-03,11.171316146850586
2009-08-04,11.208868026733398
2009-08-05,11.144885063171387
2009-08-06,11.125616073608398
2009-08-07,11.292119979858398
2009-08-10,11.280014991760254
2009-08-11,11.214056015014648
2009-08-12,11.328681945800781
2009-08-13,11.420083999633789
2009-08-14,11.363759994506836
2009-08-17,10.990485191345215
2009-08-18,11.000120162963867
2009-08-19,10.967757225036621
2009-08-20,11.373888969421387
2009-08-21,11.493207931518555
2009-08-24,11.579422950744629
2009-08-25,11.644643783569336
2009-08-26,11.561389923095703
2009-08-27,11.513465881347656
2009-08-28,11.48110580444336
2009-08-31,11.405014038085938
2009-09-01,11.259016036987305
2009-09-02,11.191080093383789
2009-09-03,11.302495002746582
2009-09-04,11.395875930786133
2009-09-08,11.329669952392578
2009-09-09,11.461835861206055
2009-09-10,11.634021759033203
2009-09-11,11.663664817810059
2009-09-14,11.737281799316406
2009-09-15,11.797065734863281
2009-09-16,12.062631607055664
2009-09-17,12.147366523742676
2009-09-18,12.140942573547363
2009-09-21,12.277801513671875
2009-09-22,12.328691482543945
2009-09-23,12.31386947631836
2009-09-24,12.272120475769043
2009-09-25,12.166139602661133
2009-09-28,12.31559944152832
2009-09-29,12.31559944152832
2009-09-30,12.24939250946045
2009-10-01,12.03570556640625
2009-10-02,11.970979690551758
2009-10-05,12.068313598632812
2009-10-06,12.32078742980957
2009-10-07,12.785218238830566
2009-10-08,12.7022123336792
2009-10-09,12.753351211547852
2009-10-12,12.945795059204102
2009-10-13,12.996930122375488
2009-10-14,13.22445297241211
2009-10-15,13.090805053710938
2009-10-16,13.58339786529541
2009-10-19,13.638733863830566
2009-10-20,13.629596710205078
2009-10-21,13.614278793334961
2009-10-22,13.688142776489258
2009-10-23,13.678260803222656
2009-10-26,13.691107749938965
2009-10-27,13.544861793518066
2009-10-28,13.347477912902832
2009-10-29,13.613043785095215
2009-10-30,13.24421501159668
2009-11-02,13.191596984863281
2009-11-03,13.273118019104004
2009-11-04,13.348219871520996
2009-11-05,13.553753852844238
2009-11-06,13.614278793334961
2009-11-09,13.896150588989258
2009-11-10,14.001138687133789
2009-11-11,14.095016479492188
2009-11-12,14.028068542480469
2009-11-13,14.131823539733887
2009-11-16,14.236321449279785
2009-11-17,14.266214370727539
2009-11-18,14.245461463928223
2009-11-19,14.155045509338379
2009-11-20,14.080193519592285
2009-11-23,14.386274337768555
2009-11-24,14.40455436706543
2009-11-25,14.470020294189453
2009-11-27,14.322290420532227
2009-11-30,14.40233039855957
2009-12-01,14.572046279907227
2009-12-02,14.513745307922363
2009-12-03,14.470020294189453
2009-12-04,14.451985359191895
2009-12-07,14.48261833190918
2009-12-08,14.50238037109375
2009-12-09,14.55104923248291
2009-12-10,14.612313270568848
2009-12-11,14.587855339050293
2009-12-14,14.716812133789062
2009-12-15,14.652828216552734
2009-12-16,14.766960144042969
2009-12-17,14.672591209411621
2009-12-18,14.733855247497559
2009-12-21,14.789689064025879
2009-12-22,14.84996509552002
2009-12-23,15.11083698272705
2009-12-24,15.27882194519043
2009-12-28,15.387272834777832
2009-12-29,15.30155086517334
2009-12-30,15.383813858032227
2009-12-31,15.315879821777344
2010-01-04,15.483123779296875
2010-01-05,15.41494083404541
2010-01-06,15.026350021362305
2010-01-07,14.676545143127441
2010-01-08,14.872199058532715
2010-01-11,14.84971809387207
2010-01-12,14.587115287780762
2010-01-13,14.50337028503418
2010-01-14,14.571553230285645
2010-01-15,14.32822036743164
2010-01-19,14.516462326049805
2010-01-20,14.338348388671875
2010-01-21,14.401836395263672
2010-01-22,13.58735179901123
2010-01-25,13.340066909790039
2010-01-26,13.399849891662598
2010-01-27,13.391942977905273
2010-01-28,13.199007987976074
2010-01-29,13.091547012329102
2010-02-01,13.167634010314941
2010-02-02,13.120697021484375
2010-02-03,13.360322952270508
2010-02-04,13.013482093811035
2010-02-05,13.124896049499512
2010-02-08,13.178750038146973
2010-02-09,13.252120971679688
2010-02-10,13.202960014343262
2010-02-11,13.251133918762207
2010-02-12,13.17010498046875
2010-02-16,13.37218189239502
2010-02-17,13.295846939086914
2010-02-18,13.419611930847168
2010-02-19,13.358841896057129
2010-02-22,13.409236907958984
2010-02-23,13.218276977539062
2010-02-24,13.129342079162598
2010-02-25,13.00483512878418
2010-02-26,13.013976097106934
2010-03-01,13.159481048583984
2010-03-02,13.366252899169922
2010-03-03,13.471490859985352
2010-03-04,13.700496673583984
2010-03-05,13.938145637512207
2010-03-08,13.895408630371094
2010-03-09,13.838835716247559
2010-03-10,14.240522384643555
2010-03-11,14.356382369995117
2010-03-12,14.316855430603027
2010-03-15,13.912701606750488
2010-03-16,13.962604522705078
2010-03-17,13.97149658203125
2010-03-18,13.99224853515625
2010-03-19,13.83414363861084
2010-03-22,13.772383689880371
2010-03-23,13.56240177154541
2010-03-24,13.768183708190918
2010-03-25,13.905290603637695
2010-03-26,13.900594711303711
2010-03-29,13.89466667175293
2010-03-30,13.999905586242676
2010-03-31,14.010035514831543
2010-04-01,14.05153751373291
2010-04-05,14.106133460998535
2010-04-06,14.03720760345459
2010-04-07,13.921594619750977
2010-04-08,14.019174575805664
2010-04-09,13.987800598144531
2010-04-12,14.1486234664917
2010-04-13,14.495463371276855
2010-04-14,14.550553321838379
2010-04-15,14.706188201904297
2010-04-16,13.590808868408203
2010-04-19,13.58957576751709
2010-04-20,13.7116117477417
2010-04-21,13.693330764770508
2010-04-22,13.51447582244873
2010-04-23,13.463337898254395
2010-04-26,13.13354206085205
2010-04-27,13.069807052612305
2010-04-28,13.073018074035645
2010-04-29,13.142435073852539
2010-04-30,12.986801147460938
2010-05-03,13.107850074768066
2010-05-04,12.509276390075684
2010-05-05,12.593023300170898
2010-05-06,12.319056510925293
2010-05-07,12.18244457244873
2010-05-10,12.886752128601074
2010-05-11,12.575482368469238
2010-05-12,12.485067367553711
2010-05-13,12.620692253112793
2010-05-14,12.537933349609375
2010-05-17,12.548802375793457
2010-05-18,12.311646461486816
2010-05-19,12.214314460754395
2010-05-20,11.734564781188965
2010-05-21,11.661441802978516
2010-05-24,11.787677764892578
2010-05-25,11.785454750061035
2010-05-26,11.745928764343262
2010-05-27,12.11623764038086
2010-05-28,11.996919631958008
2010-06-01,11.916385650634766
2010-06-02,12.188126564025879
2010-06-03,12.490253448486328
2010-06-04,12.320291519165039
2010-06-07,11.99420166015625
2010-06-08,11.975920677185059
2010-06-09,11.71010684967041
2010-06-10,12.031009674072266
2010-06-11,12.067818641662598
2010-06-14,11.936641693115234
2010-06-15,12.302260398864746
2010-06-16,12.383286476135254
2010-06-17,12.353887557983398
2010-06-18,12.352654457092285
2010-06-21,12.06930160522461
2010-06-22,12.012235641479492
2010-06-23,11.908480644226074
2010-06-24,11.736786842346191
2010-06-25,11.677002906799316
2010-06-28,11.662182807922363
2010-06-29,11.221959114074707
2010-06-30,10.99196720123291
2010-07-01,10.857085227966309
2010-07-02,10.784456253051758
2010-07-06,10.772598266601562
2010-07-07,11.121662139892578
2010-07-08,11.278779029846191
2010-07-09,11.548792839050293
2010-07-12,11.754820823669434
2010-07-13,12.085112571716309
2010-07-14,12.137977600097656
2010-07-15,12.204185485839844
2010-07-16,11.3541259765625
2010-07-19,11.516429901123047
2010-07-20,11.897116661071777
2010-07-21,11.796076774597168
2010-07-22,11.976662635803223
2010-07-23,12.106358528137207
2010-07-26,12.079431533813477
2010-07-27,12.169846534729004
2010-07-28,11.965298652648926
2010-07-29,11.981108665466309
2010-07-30,11.97765064239502
2010-08-02,12.11500358581543
2010-08-03,12.100675582885742
2010-08-04,12.50804328918457
2010-08-05,12.552014350891113
2010-08-06,12.357348442077637
2010-08-09,12.484077453613281
2010-08-10,12.443564414978027
2010-08-11,12.147858619689941
2010-08-12,12.15453052520752
2010-08-13,12.0147066116333
2010-08-16,11.995930671691895
2010-08-17,12.117722511291504
2010-08-18,11.91094970703125
2010-08-19,11.560650825500488
2010-08-20,11.413662910461426
2010-08-23,11.46430492401123
2010-08-24,11.151060104370117
2010-08-25,11.230854034423828
2010-08-26,11.140931129455566
2010-08-27,11.334854125976562
2010-08-30,11.18317699432373
2010-08-31,11.117217063903809
2010-09-01,11.371912002563477
2010-09-02,11.442317962646484
2010-09-03,11.61821174621582
2010-09-07,11.472456932067871
2010-09-08,11.625125885009766
2010-09-09,11.763468742370605
2010-09-10,11.762478828430176
2010-09-13,11.913915634155273
2010-09-14,11.868460655212402
2010-09-15,11.87364673614502
2010-09-16,11.88402271270752
2010-09-17,12.108580589294434
2010-09-20,12.5564603805542
2010-09-21,12.684426307678223
2010-09-22,12.747174263000488
2010-09-23,12.684920310974121
2010-09-24,13.026079177856445
2010-09-27,13.103157997131348
2010-09-28,13.023117065429688
2010-09-29,13.03596305847168
2010-09-30,12.989026069641113
2010-10-01,12.98482608795166
2010-10-04,12.904045104980469
2010-10-05,13.296340942382812
2010-10-06,13.200489044189453
2010-10-07,13.093274116516113
2010-10-08,13.249897003173828
2010-10-11,13.311409950256348
2010-10-12,13.374403953552246
2010-10-13,13.421589851379395
2010-10-14,13.363040924072266
2010-10-15,14.858116149902344
2010-10-18,15.25979995727539
2010-10-19,15.015726089477539
2010-10-20,15.01943302154541
2010-10-21,15.118494987487793
2010-10-22,15.131836891174316
2010-10-25,15.229909896850586
2010-10-26,15.281786918640137
2010-10-27,15.229168891906738
2010-10-28,15.281293869018555
2010-10-29,15.160738945007324
2010-11-01,15.192852973937988
2010-11-02,15.20767593383789
2010-11-03,15.320820808410645
2010-11-04,15.421857833862305
2010-11-05,15.44186782836914
2010-11-08,15.483617782592773
2010-11-09,15.435444831848145
2010-11-10,15.387518882751465
2010-11-11,15.246953964233398
2010-11-12,14.903571128845215
2010-11-15,14.710386276245117
2010-11-16,14.420117378234863
2010-11-17,14.415918350219727
2010-11-18,14.737316131591797
2010-11-19,14.595762252807617
2010-11-22,14.605396270751953
2010-11-23,14.402578353881836
2010-11-24,14.698036193847656
2010-11-26,14.575257301330566
2010-11-29,14.380346298217773
2010-11-30,13.728163719177246
2010-12-01,13.94160270690918
2010-12-02,14.126141548156738
2010-12-03,14.155293464660645
2010-12-06,14.28770637512207
2010-12-07,14.50460433959961
2010-12-08,14.588597297668457
2010-12-09,14.612313270568848
2010-12-10,14.629854202270508
2010-12-13,14.689388275146484
2010-12-14,14.696554183959961
2010-12-15,14.582669258117676
2010-12-16,14.617500305175781
2010-12-17,14.59502124786377
2010-12-20,14.700257301330566
2010-12-21,14.898138046264648
2010-12-22,14.95792007446289
2010-12-23,14.926793098449707
2010-12-27,14.881091117858887
2010-12-28,14.795616149902344
2010-12-29,14.847000122070312
2010-12-30,14.794132232666016
2010-12-31,14.673332214355469
2011-01-03,14.92975902557373
2011-01-04,14.87466812133789
2011-01-05,15.046360969543457
2011-01-06,15.155797004699707
2011-01-07,15.22842788696289
2011-01-10,15.173337936401367
2011-01-11,15.217803955078125
2011-01-12,15.23904800415039
2011-01-13,15.234601974487305
2011-01-14,15.419635772705078
2011-01-18,15.801308631896973
2011-01-19,15.606640815734863
2011-01-20,15.483617782592773
2011-01-21,15.114542961120605
2011-01-24,15.096014022827148
2011-01-25,15.3141508102417
2011-01-26,15.229909896850586
2011-01-27,15.237074851989746
2011-01-28,14.846753120422363
2011-01-31,14.831189155578613
2011-02-01,15.095027923583984
2011-02-02,15.118741989135742
2011-02-03,15.073040008544922
2011-02-04,15.093544960021973
2011-02-07,15.175312995910645
2011-02-08,15.276351928710938
2011-02-09,15.229909896850586
2011-02-10,15.22842788696289
2011-02-11,15.42754077911377
2011-02-14,15.517708778381348
2011-02-15,15.418893814086914
2011-02-16,15.420621871948242
2011-02-17,15.44631576538086
2011-02-18,15.565386772155762
2011-02-22,15.074522972106934
2011-02-23,15.101943016052246
2011-02-24,15.04018497467041
2011-02-25,15.07032299041748
2011-02-28,15.153326034545898
2011-03-01,14.841071128845215
2011-03-02,14.841813087463379
2011-03-03,15.058464050292969
2011-03-04,14.837611198425293
2011-03-07,14.616267204284668
2011-03-08,14.63232421875
2011-03-09,14.618985176086426
2011-03-10,14.335631370544434
2011-03-11,14.246943473815918
2011-03-14,14.08093547821045
2011-03-15,14.0703125
2011-03-16,13.76250171661377
2011-03-17,13.867741584777832
2011-03-18,13.860330581665039
2011-03-21,14.2417573928833
2011-03-22,14.262014389038086
2011-03-23,14.38157844543457
2011-03-24,14.498429298400879
2011-03-25,14.321796417236328
2011-03-28,14.213593482971191
2011-03-29,14.370957374572754
2011-03-30,14.373675346374512
2011-03-31,14.495217323303223
2011-04-01,14.619725227355957
2011-04-04,14.517945289611816
2011-04-05,14.058700561523438
2011-04-06,14.184442520141602
2011-04-07,14.32822036743164
2011-04-08,14.28276538848877
2011-04-11,14.263249397277832
2011-04-12,14.0962495803833
2011-04-13,14.236321449279785
2011-04-14,14.291410446166992
2011-04-15,13.110321044921875
2011-04-18,13.01496410369873
2011-04-19,12.883787155151367
2011-04-20,12.987543106079102
2011-04-21,12.971978187561035
2011-04-25,12.970743179321289
2011-04-26,13.16269302368164
2011-04-27,13.284729957580566
2011-04-28,13.2899169921875
2011-04-29,13.441352844238281
2011-05-02,13.30449390411377
2011-05-03,13.189126014709473
2011-05-04,13.236064910888672
2011-05-05,13.198513984680176
2011-05-06,13.223958015441895
2011-05-09,13.282754898071289
2011-05-10,13.405778884887695
2011-05-11,13.22766399383545
2011-05-12,13.217782974243164
2011-05-13,13.081911087036133
2011-05-16,12.806958198547363
2011-05-17,13.104392051696777
2011-05-18,13.088334083557129
2011-05-19,13.123908996582031
2011-05-20,12.945547103881836
2011-05-23,12.8062162399292
2011-05-24,12.80300521850586
2011-05-25,12.837838172912598
2011-05-26,12.799792289733887
2011-05-27,12.868223190307617
2011-05-31,13.068819046020508
2011-06-01,12.984331130981445
2011-06-02,13.0451021194458
2011-06-03,12.922077178955078
2011-06-06,12.872176170349121
2011-06-07,12.822027206420898
2011-06-08,12.825486183166504
2011-06-09,12.765210151672363
2011-06-10,12.586847305297852
2011-06-13,12.46876335144043
2011-06-14,12.558684349060059
2011-06-15,12.424790382385254
2011-06-16,12.361053466796875
2011-06-17,11.981850624084473
2011-06-20,11.970979690551758
2011-06-21,12.178985595703125
2011-06-22,12.031009674072266
2011-06-23,11.86327075958252
2011-06-24,11.731352806091309
2011-06-27,11.927007675170898
2011-06-28,12.195045471191406
2011-06-29,12.291882514953613
2011-06-30,12.509523391723633
2011-07-01,12.87143611907959
2011-07-05,13.153306007385254
2011-07-06,13.225440979003906
2011-07-07,13.503111839294434
2011-07-08,13.14218807220459
2011-07-11,13.025835037231445
2011-07-12,13.192090034484863
2011-07-13,13.29708194732666
2011-07-14,13.066842079162598
2011-07-15,14.763500213623047
2011-07-18,14.697294235229492
2011-07-19,14.885290145874023
2011-07-20,14.707423210144043
2011-07-21,14.994975090026855
2011-07-22,15.272644996643066
2011-07-25,15.291173934936523
2011-07-26,15.378625869750977
2011-07-27,15.000657081604004
2011-07-28,15.092556953430176
2011-07-29,14.9134521484375
2011-08-01,14.989542961120605
2011-08-02,14.634547233581543
2011-08-03,14.851200103759766
2011-08-04,14.266953468322754
2011-08-05,14.30450439453125
2011-08-08,13.488784790039062
2011-08-09,14.165423393249512
2011-08-10,13.562647819519043
2011-08-11,13.886764526367188
2011-08-12,13.927276611328125
2011-08-15,13.76571273803711
2011-08-16,13.315361976623535
2011-08-17,13.170845031738281
2011-08-18,12.472468376159668
2011-08-19,12.127603530883789
2011-08-22,12.306707382202148
2011-08-23,12.816840171813965
2011-08-24,12.927265167236328
2011-08-25,12.846978187561035
2011-08-26,13.015457153320312
2011-08-29,13.317339897155762
2011-08-30,13.357359886169434
2011-08-31,13.363781929016113
2011-09-01,13.154787063598633
2011-09-02,12.965557098388672
2011-09-06,12.8998441696167
2011-09-07,13.192585945129395
2011-09-08,13.215559005737305
2011-09-09,12.965804100036621
2011-09-12,13.095993041992188
2011-09-13,13.081171989440918
2011-09-14,13.144165992736816
2011-09-15,13.403308868408203
2011-09-16,13.505087852478027
2011-09-19,13.504841804504395
2011-09-20,13.503853797912598
2011-09-21,13.320302963256836
2011-09-22,12.862295150756836
2011-09-23,12.982108116149902
2011-09-26,13.13971996307373
2011-09-27,13.323762893676758
2011-09-28,13.064370155334473
2011-09-29,13.031270027160645
2011-09-30,12.72346019744873
2011-10-03,12.241240501403809
2011-10-04,12.39885139465332
2011-10-05,12.46802043914795
2011-10-06,12.71530818939209
2011-10-07,12.725434303283691
2011-10-10,13.270155906677246
2011-10-11,13.418625831604004
2011-10-12,13.550048828125
2011-10-13,13.80919361114502
2011-10-14,14.61676025390625
2011-10-17,14.387757301330566
2011-10-18,14.587855339050293
2011-10-19,14.345513343811035
2011-10-20,14.418882369995117
2011-10-21,14.587363243103027
2011-10-24,14.733855247497559
2011-10-25,14.40628433227539
2011-10-26,14.484101295471191
2011-10-27,14.78943920135498
2011-10-28,14.825753211975098
2011-10-31,14.640475273132324
2011-11-01,14.294866561889648
2011-11-02,14.447291374206543
2011-11-03,14.76053524017334
2011-11-04,14.726940155029297
2011-11-07,15.028079986572266
2011-11-08,15.127140998840332
2011-11-09,14.845765113830566
2011-11-10,14.70075511932373
2011-11-11,15.028573036193848
2011-11-14,15.143447875976562
2011-11-15,15.231391906738281
2011-11-16,15.1056489944458
2011-11-17,14.843790054321289
2011-11-18,14.695813179016113
2011-11-21,14.351441383361816
2011-11-22,14.32822036743164
2011-11-23,14.08389949798584
2011-11-25,13.908254623413086
2011-11-28,14.53054428100586
2011-11-29,14.400602340698242
2011-11-30,14.807228088378906
2011-12-01,15.162468910217285
2011-12-02,15.325264930725098
2011-12-05,15.455948829650879
2011-12-06,15.409507751464844
2011-12-07,15.400117874145508
2011-12-08,15.218791961669922
2011-12-09,15.499676704406738
2011-12-12,15.4495267868042
2011-12-13,15.45545482635498
2011-12-14,15.268693923950195
2011-12-15,15.305010795593262
2011-12-16,15.463608741760254
2011-12-19,15.361580848693848
2011-12-20,15.572552680969238
2011-12-21,15.460148811340332
2011-12-22,15.556001663208008
2011-12-23,15.64098072052002
2011-12-27,15.816625595092773
2011-12-28,15.803037643432617
2011-12-29,15.869739532470703
2011-12-30,15.956202507019043
2012-01-03,16.438173294067383
2012-01-04,16.50907325744629
2012-01-05,16.28006362915039
2012-01-06,16.0579833984375
2012-01-09,15.377143859863281
2012-01-10,15.393941879272461
2012-01-11,15.463608741760254
2012-01-12,15.554516792297363
2012-01-13,15.439644813537598
2012-01-17,15.528332710266113
2012-01-18,15.635299682617188
2012-01-19,15.799824714660645
2012-01-20,14.476195335388184
2012-01-23,14.464583396911621
2012-01-24,14.351195335388184
2012-01-25,14.068582534790039
2012-01-26,14.034244537353516
2012-01-27,14.327726364135742
2012-01-30,14.271153450012207
2012-01-31,14.330937385559082
2012-02-01,14.348723411560059
2012-02-02,14.454455375671387
2012-02-03,14.731635093688965
2012-02-06,15.046854019165039
2012-02-07,14.989542961120605
2012-02-08,15.065628051757812
2012-02-09,15.105401039123535
2012-02-10,14.96829605102539
2012-02-13,15.12368106842041
2012-02-14,15.06340503692627
2012-02-15,14.959650039672852
2012-02-16,14.983365058898926
2012-02-17,14.936922073364258
2012-02-21,15.1681489944458
2012-02-22,15.01844310760498
2012-02-23,14.973236083984375
2012-02-24,15.066864013671875
2012-02-27,15.052289009094238
2012-02-28,15.276599884033203
2012-02-29,15.27314281463623
2012-03-01,15.375661849975586
2012-03-02,15.347251892089844
2012-03-05,15.17432689666748
2012-03-06,14.94482707977295
2012-03-07,14.990283012390137
2012-03-08,14.998682975769043
2012-03-09,14.828471183776855
2012-03-12,14.949520111083984
2012-03-13,15.261529922485352
2012-03-14,15.217309951782227
2012-03-15,15.34428882598877
2012-03-16,15.440879821777344
2012-03-19,15.661731719970703
2012-03-20,15.649628639221191
2012-03-21,15.809955596923828
2012-03-22,15.959906578063965
2012-03-23,15.874432563781738
2012-03-26,16.040935516357422
2012-03-27,15.983871459960938
2012-03-28,16.19978141784668
2012-03-29,16.018207550048828
2012-03-30,15.841082572937012
2012-04-02,15.981400489807129
2012-04-03,15.87517261505127
2012-04-04,15.69063663482666
2012-04-05,15.620723724365234
2012-04-09,15.584160804748535
2012-04-10,15.485841751098633
2012-04-11,15.71064567565918
2012-04-12,16.08243751525879
2012-04-13,15.430009841918945
2012-04-16,14.972248077392578
2012-04-17,15.058711051940918
2012-04-18,15.006340026855469
2012-04-19,14.805002212524414
2012-04-20,14.724963188171387
2012-04-23,14.763006210327148
2012-04-24,14.853669166564941
2012-04-25,15.062417984008789
2012-04-26,15.204463005065918
2012-04-27,15.192359924316406
2012-04-30,14.942110061645508
2012-05-01,14.931735038757324
2012-05-02,15.001646041870117
2012-05-03,15.094532012939453
2012-05-04,14.747444152832031
2012-05-07,15.008810043334961
2012-05-08,15.13825798034668
2012-05-09,15.048334121704102
2012-05-10,15.159750938415527
2012-05-11,14.951497077941895
2012-05-14,14.921111106872559
2012-05-15,15.096756935119629
2012-05-16,15.536977767944336
2012-05-17,15.391717910766602
2012-05-18,14.832178115844727
2012-05-21,15.170866966247559
2012-05-22,14.842059135437012
2012-05-23,15.05599308013916
2012-05-24,14.912713050842285
2012-05-25,14.613056182861328
2012-05-29,14.682472229003906
2012-05-30,14.531530380249023
2012-05-31,14.349464416503906
2012-06-01,14.105391502380371
2012-06-04,14.29338550567627
2012-06-05,14.09130859375
2012-06-06,14.34229850769043
2012-06-07,14.284494400024414
2012-06-08,14.339334487915039
2012-06-11,14.0441255569458
2012-06-12,13.960131645202637
2012-06-13,13.86107063293457
2012-06-14,13.810673713684082
2012-06-15,13.945556640625
2012-06-18,14.102179527282715
2012-06-19,14.36601734161377
2012-06-20,14.266706466674805
2012-06-21,13.962849617004395
2012-06-22,14.117744445800781
2012-06-25,13.851435661315918
2012-06-26,13.949759483337402
2012-06-27,14.063886642456055
2012-06-28,13.940617561340332
2012-06-29,14.329948425292969
2012-07-02,14.33983039855957
2012-07-03,14.521650314331055
2012-07-05,14.721506118774414
2012-07-06,14.475950241088867
2012-07-09,14.476690292358398
2012-07-10,14.370218276977539
2012-07-11,14.110578536987305
2012-07-12,14.093038558959961
2012-07-13,14.24224853515625
2012-07-16,14.20272445678711
2012-07-17,14.24743938446045
2012-07-18,14.346994400024414
2012-07-19,14.650853157043457
2012-07-20,15.089591026306152
2012-07-23,15.205451965332031
2012-07-24,15.009305953979492
2012-07-25,15.01968002319336
2012-07-26,15.152338027954102
2012-07-27,15.685943603515625
2012-07-30,15.620229721069336
2012-07-31,15.63677978515625
2012-08-01,15.629615783691406
2012-08-02,15.532530784606934
2012-08-03,15.843304634094238
2012-08-06,15.88011360168457
2012-08-07,15.8237886428833
2012-08-08,15.865540504455566
2012-08-09,15.868502616882324
2012-08-10,15.859855651855469
2012-08-13,16.304777145385742
2012-08-14,16.51845932006836
2012-08-15,16.490793228149414
2012-08-16,16.622461318969727
2012-08-17,16.727949142456055
2012-08-20,16.688419342041016
2012-08-21,16.539457321166992
2012-08-22,16.728939056396484
2012-08-23,16.71955108642578
2012-08-24,16.764755249023438
2012-08-27,16.53229522705078
2012-08-28,16.730667114257812
2012-08-29,16.996479034423828
2012-08-30,16.840106964111328
2012-08-31,16.924345016479492
2012-09-04,16.82429313659668
2012-09-05,16.816389083862305
2012-09-06,17.27785873413086
2012-09-07,17.444608688354492
2012-09-10,17.31170082092285
2012-09-11,17.09974479675293
2012-09-12,17.067378997802734
2012-09-13,17.441890716552734
2012-09-14,17.531810760498047
2012-09-17,17.539222717285156
2012-09-18,17.744264602661133
2012-09-19,17.972034454345703
2012-09-20,17.987350463867188
2012-09-21,18.132362365722656
2012-09-24,18.51255226135254
2012-09-25,18.507116317749023
2012-09-26,18.613346099853516
2012-09-27,18.688444137573242
2012-09-28,18.6390380859375
2012-10-01,18.818880081176758
2012-10-02,18.700550079345703
2012-10-03,18.836668014526367
2012-10-04,18.973772048950195
2012-10-05,18.963891983032227
2012-10-08,18.72154998779297
2012-10-09,18.381872177124023
2012-10-10,18.39348030090332
2012-10-11,18.56443214416504
2012-10-12,18.398178100585938
2012-10-15,18.30504035949707
2012-10-16,18.396940231323242
2012-10-17,18.66349220275879
2012-10-18,17.169158935546875
2012-10-19,16.842823028564453
2012-10-22,16.7657470703125
2012-10-23,16.807247161865234
2012-10-24,16.731903076171875
2012-10-25,16.743267059326172
2012-10-26,16.67879295349121
2012-10-31,16.806013107299805
2012-11-01,16.98610496520996
2012-11-02,16.9942569732666
2012-11-05,16.87172508239746
2012-11-06,16.841089248657227
2012-11-07,16.480417251586914
2012-11-08,16.114059448242188
2012-11-09,16.379375457763672
2012-11-12,16.45027732849121
2012-11-13,16.28106117248535
2012-11-14,16.120479583740234
2012-11-15,15.989800453186035
2012-11-16,15.987823486328125
2012-11-19,16.507343292236328
2012-11-20,16.550827026367188
2012-11-21,16.449539184570312
2012-11-23,16.50141143798828
2012-11-26,16.332937240600586
2012-11-27,16.569103240966797
2012-11-28,16.889265060424805
2012-11-29,17.092327117919922
2012-11-30,17.252410888671875
2012-12-03,17.175336837768555
2012-12-04,17.071086883544922
2012-12-05,16.991788864135742
2012-12-06,17.07355499267578
2012-12-07,16.902605056762695
2012-12-10,16.932498931884766
2012-12-11,17.215600967407227
2012-12-12,17.23240089416504
2012-12-13,17.359378814697266
2012-12-14,17.341096878051758
2012-12-17,17.8060245513916
2012-12-18,17.813188552856445
2012-12-19,17.789472579956055
2012-12-20,17.845056533813477
2012-12-21,17.67879867553711
2012-12-24,17.527366638183594
2012-12-26,17.51180076599121
2012-12-27,17.44806671142578
2012-12-28,17.292926788330078
2012-12-31,17.474990844726562
2013-01-02,17.867040634155273
2013-01-03,17.87742042541504
2013-01-04,18.230684280395508
2013-01-07,18.151134490966797
2013-01-08,18.11531639099121
2013-01-09,18.23438835144043
2013-01-10,18.317392349243164
2013-01-11,18.280582427978516
2013-01-14,17.867040634155273
2013-01-15,17.90854263305664
2013-01-16,17.667930603027344
2013-01-17,17.57232666015625
2013-01-18,17.404096603393555
2013-01-22,17.36357879638672
2013-01-23,18.317886352539062
2013-01-24,18.631874084472656
2013-01-25,18.618534088134766
2013-01-28,18.5459041595459
2013-01-29,18.6187801361084
2013-01-30,18.622488021850586
2013-01-31,18.668432235717773
2013-02-01,19.160287857055664
2013-02-04,18.750696182250977
2013-02-05,18.91670799255371
2013-02-06,19.026147842407227
2013-02-07,19.119524002075195
2013-02-08,19.401643753051758
2013-02-11,19.328767776489258
2013-02-12,19.286277770996094
2013-02-13,19.339637756347656
2013-02-14,19.46217155456543
2013-02-15,19.587417602539062
2013-02-19,19.932283401489258
2013-02-20,19.57679557800293
2013-02-21,19.65263557434082
2013-02-22,19.75589942932129
2013-02-25,19.53504753112793
2013-02-26,19.51923179626465
2013-02-27,19.757627487182617
2013-02-28,19.792705535888672
2013-03-01,19.915977478027344
2013-03-04,20.294191360473633
2013-03-05,20.716630935668945
2013-03-06,20.53826904296875
2013-03-07,20.568405151367188
2013-03-08,20.54172706604004
2013-03-11,20.623247146606445
2013-03-12,20.445131301879883
2013-03-13,20.38831329345703
2013-03-14,20.295183181762695
2013-03-15,20.116329193115234
2013-03-18,19.95550537109375
2013-03-19,20.042709350585938
2013-03-20,20.126453399658203
2013-03-21,20.041227340698242
2013-03-22,20.017757415771484
2013-03-25,20.001205444335938
2013-03-26,20.069881439208984
2013-03-27,19.828773498535156
2013-03-28,19.619531631469727
2013-04-01,19.792457580566406
2013-04-02,20.0851993560791
2013-04-03,19.916223526000977
2013-04-04,19.641271591186523
2013-04-05,19.344329833984375
2013-04-08,19.141756057739258
2013-04-09,19.210933685302734
2013-04-10,19.520471572875977
2013-04-11,19.525657653808594
2013-04-12,19.517257690429688
2013-04-15,19.316661834716797
2013-04-16,19.599273681640625
2013-04-17,19.332229614257812
2013-04-18,18.920907974243164
2013-04-19,19.75985336303711
2013-04-22,19.765779495239258
2013-04-23,19.958221435546875
2013-04-24,20.095327377319336
2013-04-25,19.98786735534668
2013-04-26,19.798141479492188
2013-04-29,20.233917236328125
2013-04-30,20.37003517150879
2013-05-01,20.267763137817383
2013-05-02,20.49454116821289
2013-05-03,20.89252281188965
2013-05-06,21.28358268737793
2013-05-07,21.176856994628906
2013-05-08,21.582008361816406
2013-05-09,21.528892517089844
2013-05-10,21.74504852294922
2013-05-13,21.6783504486084
2013-05-14,21.91476821899414
2013-05-15,22.625991821289062
2013-05-16,22.32904815673828
2013-05-17,22.460227966308594
2013-05-20,22.444168090820312
2013-05-21,22.405628204345703
2013-05-22,21.972078323364258
2013-05-23,21.80828857421875
2013-05-24,21.574344635009766
2013-05-28,21.770742416381836
2013-05-29,21.450580596923828
2013-05-30,21.511104583740234
2013-05-31,21.52246856689453
2013-06-03,21.43377685546875
2013-06-04,21.223058700561523
2013-06-05,21.237882614135742
2013-06-06,21.359912872314453
2013-06-07,21.732694625854492
2013-06-10,21.991840362548828
2013-06-11,21.73467445373535
2013-06-12,21.541240692138672
2013-06-13,21.66525650024414
2013-06-14,21.61683464050293
2013-06-17,21.893766403198242
2013-06-18,22.24875831604004
2013-06-19,22.250242233276367
2013-06-20,21.85646629333496
2013-06-21,21.76234245300293
2013-06-24,21.487140655517578
2013-06-25,21.398452758789062
2013-06-26,21.58249855041504
2013-06-27,21.6669864654541
2013-06-28,21.74850845336914
2013-07-01,21.934030532836914
2013-07-02,21.79643440246582
2013-07-03,21.898212432861328
2013-07-05,22.07262420654297
2013-07-08,22.35918617248535
2013-07-09,22.36289405822754
2013-07-10,22.38142204284668
2013-07-11,22.733449935913086
2013-07-12,22.8016300201416
2013-07-15,22.843381881713867
2013-07-16,22.717885971069336
2013-07-17,22.691699981689453
2013-07-18,22.49728012084961
2013-07-19,22.149450302124023
2013-07-22,22.497774124145508
2013-07-23,22.327320098876953
2013-07-24,22.305082321166992
2013-07-25,21.929588317871094
2013-07-26,21.871536254882812
2013-07-29,21.795446395874023
2013-07-30,22.009132385253906
2013-07-31,21.93082046508789
2013-08-01,22.33769416809082
2013-08-02,22.395748138427734
2013-08-05,22.356958389282227
2013-08-06,22.14870834350586
2013-08-07,22.00246238708496
2013-08-08,22.052122116088867
2013-08-09,21.996538162231445
2013-08-12,21.875486373901367
2013-08-13,21.770248413085938
2013-08-14,21.487634658813477
2013-08-15,21.236892700195312
2013-08-16,21.168954849243164
2013-08-19,21.384864807128906
2013-08-20,21.379186630249023
2013-08-21,21.475780487060547
2013-08-22,21.583982467651367
2013-08-23,21.497516632080078
2013-08-26,21.40315055847168
2013-08-27,21.0019588470459
2013-08-28,20.962430953979492
2013-08-29,21.13239288330078
2013-08-30,20.92167091369629
2013-09-03,21.25467872619629
2013-09-04,21.532596588134766
2013-09-05,21.728498458862305
2013-09-06,21.728994369506836
2013-09-09,21.938236236572266
2013-09-10,21.953550338745117
2013-09-11,22.13932228088379
2013-09-12,22.06199836730957
2013-09-13,21.96343231201172
2013-09-16,21.93107032775879
2013-09-17,21.890308380126953
2013-09-18,22.315462112426758
2013-09-19,22.19367027282715
2013-09-20,22.310270309448242
2013-09-23,21.899944305419922
2013-09-24,21.908342361450195
2013-09-25,21.670934677124023
2013-09-26,21.69415855407715
2013-09-27,21.65018653869629
2013-09-30,21.638324737548828
2013-10-01,21.912294387817383
2013-10-02,21.936756134033203
2013-10-03,21.64277458190918
2013-10-04,21.550382614135742
2013-10-07,21.387088775634766
2013-10-08,21.08891487121582
2013-10-09,21.143020629882812
2013-10-10,21.448850631713867
2013-10-11,21.541488647460938
2013-10-14,21.643272399902344
2013-10-15,21.78902244567871
2013-10-16,22.184776306152344
2013-10-17,21.95651626586914
2013-10-18,24.98569679260254
2013-10-21,24.785350799560547
2013-10-22,24.876750946044922
2013-10-23,25.479772567749023
2013-10-24,25.335012435913086
2013-10-25,25.079326629638672
2013-10-28,25.074384689331055
2013-10-29,25.59909439086914
2013-10-30,25.4553165435791
2013-10-31,25.45926856994629
2013-11-01,25.371814727783203
2013-11-04,25.348844528198242
2013-11-05,25.235456466674805
2013-11-06,25.265840530395508
2013-11-07,24.90022087097168
2013-11-08,25.099828720092773
2013-11-11,24.96544075012207
2013-11-12,24.994836807250977
2013-11-13,25.505958557128906
2013-11-14,25.574140548706055
2013-11-15,25.532888412475586
2013-11-18,25.483232498168945
2013-11-19,25.326364517211914
2013-11-20,25.254966735839844
2013-11-21,25.545488357543945
2013-11-22,25.49163055419922
2013-11-25,25.83847427368164
2013-11-26,26.14677619934082
2013-11-27,26.262882232666016
2013-11-29,26.175931930541992
2013-12-02,26.049692153930664
2013-12-03,26.019554138183594
2013-12-04,26.141098022460938
2013-12-05,26.120344161987305
2013-12-06,26.42988395690918
2013-12-09,26.634183883666992
2013-12-10,26.79525375366211
2013-12-11,26.61318588256836
2013-12-12,26.43210792541504
2013-12-13,26.20557403564453
2013-12-16,26.5067138671875
2013-12-17,26.429636001586914
2013-12-18,26.797475814819336
2013-12-19,26.833791732788086
2013-12-20,27.18952751159668
2013-12-23,27.547237396240234
2013-12-24,27.466703414916992
2013-12-26,27.60553741455078
2013-12-27,27.628759384155273
2013-12-30,27.407909393310547
2013-12-31,27.68582534790039
2014-01-02,27.498323440551758
2014-01-03,27.297727584838867
2014-01-06,27.60207748413086
2014-01-07,28.134197235107422
2014-01-08,28.192747116088867
2014-01-09,27.921253204345703
2014-01-10,27.919775009155273
2014-01-13,27.741905212402344
2014-01-14,28.39457893371582
2014-01-15,28.375308990478516
2014-01-16,28.563058853149414
2014-01-17,28.422494888305664
2014-01-21,28.747844696044922
2014-01-22,28.780454635620117
2014-01-23,28.658910751342773
2014-01-24,27.762901306152344
2014-01-27,27.204591751098633
2014-01-28,27.742639541625977
2014-01-29,27.345157623291016
2014-01-30,28.048480987548828
2014-01-31,29.174480438232422
2014-02-03,28.000059127807617
2014-02-04,28.116907119750977
2014-02-05,28.24141502380371
2014-02-06,28.655452728271484
2014-02-07,29.08727264404297
2014-02-10,28.97585678100586
2014-02-11,29.402000427246094
2014-02-12,29.315784454345703
2014-02-13,29.642122268676758
2014-02-14,29.713762283325195
2014-02-18,29.913368225097656
2014-02-19,29.70240020751953
2014-02-20,29.746124267578125
2014-02-21,29.73822021484375
2014-02-24,29.95363998413086
2014-02-25,30.138668060302734
2014-02-26,30.14286994934082
2014-02-27,30.11915397644043
2014-02-28,30.031206130981445
2014-03-03,29.711048126220703
2014-03-04,30.012924194335938
2014-03-05,30.095684051513672
2014-03-06,30.12903594970703
2014-03-07,30.00996208190918
2014-03-10,29.930418014526367
2014-03-11,29.64434814453125
2014-03-12,29.82493019104004
2014-03-13,29.374332427978516
2014-03-14,28.972646713256836
2014-03-17,29.449430465698242
2014-03-18,29.92275619506836
2014-03-19,29.626068115234375
2014-03-20,29.57443618774414
2014-03-21,29.22561264038086
2014-03-24,28.605304718017578
2014-03-25,28.624813079833984
2014-03-26,27.9639892578125
2014-03-27,27.619789123535156
2014-03-28,27.69546127319336
2014-03-31,27.546098709106445
2014-04-01,28.050067901611328
2014-04-02,28.042156219482422
2014-04-03,28.17766571044922
2014-04-04,26.86210823059082
2014-04-07,26.615320205688477
2014-04-08,27.443723678588867
2014-04-09,27.900707244873047
2014-04-10,26.753793716430664
2014-04-11,26.24191665649414
2014-04-14,26.336875915527344
2014-04-15,26.53074836730957
2014-04-16,27.52483367919922
2014-04-17,26.513927459716797
2014-04-21,26.143991470336914
2014-04-22,26.450132369995117
2014-04-23,26.060901641845703
2014-04-24,25.972871780395508
2014-04-25,25.528745651245117
2014-04-28,25.576719284057617
2014-04-29,26.098491668701172
2014-04-30,26.047054290771484
2014-05-01,26.279008865356445
2014-05-02,26.10986328125
2014-05-05,26.103933334350586
2014-05-06,25.47730827331543
2014-05-07,25.22112274169922
2014-05-08,25.272558212280273
2014-05-09,25.654861450195312
2014-05-12,26.208284378051758
2014-05-13,26.365062713623047
2014-05-14,26.046560287475586
2014-05-15,25.71668243408203
2014-05-16,25.748828887939453
2014-05-19,26.155864715576172
2014-05-20,26.200868606567383
2014-05-21,26.654388427734375
2014-05-22,26.95706558227539
2014-05-23,27.334917068481445
2014-05-27,27.990222930908203
2014-05-28,27.779043197631836
2014-05-29,27.69991111755371
2014-05-30,27.690515518188477
2014-06-02,27.395751953125
2014-06-03,26.951129913330078
2014-06-04,26.937284469604492
2014-06-05,27.39426612854004
2014-06-06,27.514448165893555
2014-06-09,27.80080223083496
2014-06-10,27.72315788269043
2014-06-11,27.638586044311523
2014-06-12,27.268150329589844
2014-06-13,27.288427352905273
2014-06-16,26.918489456176758
2014-06-17,26.855682373046875
2014-06-18,27.368053436279297
2014-06-19,27.443723678588867
2014-06-20,27.515932083129883
2014-06-23,27.940765380859375
2014-06-24,27.92444610595703
2014-06-25,28.618328094482422
2014-06-26,28.487262725830078
2014-06-27,28.548595428466797
2014-06-30,28.45166015625
2014-07-01,28.81714630126953
2014-07-02,28.800579071044922
2014-07-03,28.91902732849121
2014-07-07,28.79637336730957
2014-07-08,28.24443244934082
2014-07-09,28.49122428894043
2014-07-10,28.24492645263672
2014-07-11,28.644540786743164
2014-07-14,28.925949096679688
2014-07-15,28.921499252319336
2014-07-16,28.816650390625
2014-07-17,28.375
2014-07-18,29.430908203125
2014-07-21,29.153453826904297
2014-07-22,29.414091110229492
2014-07-23,29.475418090820312
2014-07-24,29.34534454345703
2014-07-25,29.131196975708008
2014-07-28,29.209341049194336
2014-07-29,28.962549209594727
2014-07-30,29.05206871032715
2014-07-31,28.269655227661133
2014-08-01,27.996158599853516
2014-08-04,28.346317291259766
2014-08-05,27.946701049804688
2014-08-06,28.011192321777344
2014-08-07,27.862131118774414
2014-08-08,28.12969207763672
2014-08-11,28.085676193237305
2014-08-12,27.830970764160156
2014-08-13,28.426929473876953
2014-08-14,28.420499801635742
2014-08-15,28.36263656616211
2014-08-18,28.791921615600586
2014-08-19,29.024370193481445
2014-08-20,28.90715789794922
2014-08-21,28.851762771606445
2014-08-22,28.811704635620117
2014-08-25,28.694984436035156
2014-08-26,28.579256057739258
2014-08-27,28.23998260498047
2014-08-28,28.150957107543945
2014-08-29,28.269655227661133
2014-09-02,28.55304527282715
2014-09-03,28.583215713500977
2014-09-04,28.78302001953125
2014-09-05,28.985794067382812
2014-09-08,29.165817260742188
2014-09-09,28.735048294067383
2014-09-10,28.838411331176758
2014-09-11,28.751863479614258
2014-09-12,28.468473434448242
2014-09-15,28.343843460083008
2014-09-16,28.68262481689453
2014-09-17,28.921003341674805
2014-09-18,29.14356231689453
2014-09-19,29.480365753173828
2014-09-22,29.049592971801758
2014-09-23,28.740983963012695
2014-09-24,29.080257415771484
2014-09-25,28.440776824951172
2014-09-26,28.541669845581055
2014-09-29,28.50507354736328
2014-09-30,28.554529190063477
2014-10-01,28.104965209960938
2014-10-02,28.194482803344727
2014-10-03,28.45166015625
2014-10-06,28.55403709411621
2014-10-07,27.880924224853516
2014-10-08,28.31416893005371
2014-10-09,27.73947525024414
2014-10-10,26.928876876831055
2014-10-13,26.370996475219727
2014-10-14,26.604930877685547
2014-10-15,26.213726043701172
2014-10-16,25.940725326538086
2014-10-17,25.28096580505371
2014-10-20,25.759218215942383
2014-10-21,26.041120529174805
2014-10-22,26.346271514892578
2014-10-23,26.90365219116211
2014-10-24,26.695934295654297
2014-10-27,26.744897842407227
2014-10-28,27.14698028564453
2014-10-29,27.16824722290039
2014-10-30,27.216716766357422
2014-10-31,27.650453567504883
2014-11-03,27.459552764892578
2014-11-04,27.404651641845703
2014-11-05,26.999597549438477
2014-11-06,26.80770492553711
2014-11-07,26.756765365600586
2014-11-10,27.077247619628906
2014-11-11,27.215723037719727
2014-11-12,27.068344116210938
2014-11-13,26.972888946533203
2014-11-14,26.924423217773438
2014-11-17,26.534208297729492
2014-11-18,26.46101188659668
2014-11-19,26.557947158813477
2014-11-20,26.451120376586914
2014-11-21,26.58316993713379
2014-11-24,26.67070960998535
2014-11-25,26.760229110717773
2014-11-26,26.725112915039062
2014-11-28,26.797319412231445
2014-12-01,26.400177001953125
2014-12-02,26.397705078125
2014-12-03,26.277524948120117
2014-12-04,26.573774337768555
2014-12-05,25.977815628051758
2014-12-08,26.062881469726562
2014-12-09,26.37891387939453
2014-12-10,26.017383575439453
2014-12-11,26.130144119262695
2014-12-12,25.651399612426758
2014-12-15,25.41103744506836
2014-12-16,24.500532150268555
2014-12-17,24.970373153686523
2014-12-18,25.277503967285156
2014-12-19,25.537155151367188
2014-12-22,25.958524703979492
2014-12-23,26.241422653198242
2014-12-24,26.151409149169922
2014-12-26,26.411550521850586
2014-12-29,26.228559494018555
2014-12-30,26.233013153076172
2014-12-31,26.034198760986328
2015-01-02,25.95555877685547
2015-01-05,25.414499282836914
2015-01-06,24.82546615600586
2015-01-07,24.782934188842773
2015-01-08,24.8610782623291
2015-01-09,24.53911018371582
2015-01-12,24.360076904296875
2015-01-13,24.539608001708984
2015-01-14,24.77155876159668
2015-01-15,24.817058563232422
2015-01-16,25.128143310546875
2015-01-20,25.069782257080078
2015-01-21,25.62073516845703
2015-01-22,26.429357528686523
2015-01-23,26.7043399810791
2015-01-26,26.46991539001465
2015-01-27,25.64991569519043
2015-01-28,25.22309684753418
2015-01-29,25.25574493408203
2015-01-30,26.435787200927734
2015-02-02,26.137067794799805
2015-02-03,26.174654006958008
2015-02-04,25.85417366027832
2015-02-05,26.092554092407227
2015-02-06,26.261701583862305
2015-02-09,26.104921340942383
2015-02-10,26.55547523498535
2015-02-11,26.50750160217285
2015-02-12,26.851720809936523
2015-02-13,27.152423858642578
2015-02-17,26.847270965576172
2015-02-18,26.69197654724121
2015-02-19,26.8487548828125
2015-02-20,26.654884338378906
2015-02-23,26.30670738220215
2015-02-24,26.513437271118164
2015-02-25,26.89821434020996
2015-02-26,27.472408294677734
2015-02-27,27.616825103759766
2015-03-02,28.256797790527344
2015-03-03,28.370548248291016
2015-03-04,28.357192993164062
2015-03-05,28.454132080078125
2015-03-06,28.076030731201172
2015-03-09,28.133647918701172
2015-03-10,27.44916534423828
2015-03-11,27.259740829467773
2015-03-12,27.473894119262695
2015-03-13,27.0688419342041
2015-03-16,27.424436569213867
2015-03-17,27.24292755126953
2015-03-18,27.671228408813477
2015-03-19,27.596546173095703
2015-03-20,27.71375846862793
2015-03-23,27.63709831237793
2015-03-24,28.199922561645508
2015-03-25,27.635866165161133
2015-03-26,27.457077026367188
2015-03-27,27.119287490844727
2015-03-30,27.301782608032227
2015-03-31,27.102468490600586
2015-04-01,26.833425521850586
2015-04-02,26.485742568969727
2015-04-06,26.546817779541016
2015-04-07,26.559429168701172
2015-04-08,26.78643798828125
2015-04-09,26.745389938354492
2015-04-10,26.707305908203125
2015-04-13,26.66576385498047
2015-04-14,26.231531143188477
2015-04-15,26.33736801147461
2015-04-16,26.400177001953125
2015-04-17,25.917972564697266
2015-04-20,26.478321075439453
2015-04-21,26.408586502075195
2015-04-22,26.675405502319336
2015-04-23,27.053016662597656
2015-04-24,27.946208953857422
2015-04-27,27.542377471923828
2015-04-28,27.45856285095215
2015-04-29,27.230440139770508
2015-04-30,26.648221969604492
2015-05-01,26.675992965698242
2015-05-04,26.818819046020508
2015-05-05,26.323884963989258
2015-05-06,25.997562408447266
2015-05-07,26.31892204284668
2015-05-08,26.69186019897461
2015-05-11,26.5668888092041
2015-05-12,26.236600875854492
2015-05-13,26.265361785888672
2015-05-14,26.700788497924805
2015-05-15,26.475139617919922
2015-05-18,26.398271560668945
2015-05-19,26.64920997619629
2015-05-20,26.74393081665039
2015-05-21,26.90461540222168
2015-05-22,26.78559112548828
2015-05-26,26.39926528930664
2015-05-27,26.769723892211914
2015-05-28,26.769224166870117
2015-05-29,26.388851165771484
2015-06-01,26.482080459594727
2015-06-02,26.739469528198242
2015-06-03,26.795507431030273
2015-06-04,26.61647605895996
2015-06-05,26.449352264404297
2015-06-08,26.12700080871582
2015-06-09,26.120052337646484
2015-06-10,26.615983963012695
2015-06-11,26.51283073425293
2015-06-12,26.399761199951172
2015-06-15,26.14535140991211
2015-06-16,26.192459106445312
2015-06-17,26.24751091003418
2015-06-18,26.61796760559082
2015-06-19,26.615983963012695
2015-06-22,26.690372467041016
2015-06-23,26.803937911987305
2015-06-24,26.67301368713379
2015-06-25,26.543577194213867
2015-06-26,26.368017196655273
2015-06-29,25.863658905029297
2015-06-30,25.81357192993164
2015-07-01,25.879528045654297
2015-07-02,25.956893920898438
2015-07-06,25.93011474609375
2015-07-07,26.037235260009766
2015-07-08,25.631065368652344
2015-07-09,25.822004318237305
2015-07-10,26.2906551361084
2015-07-13,27.104970932006836
2015-07-14,27.8265438079834
2015-07-15,27.782901763916016
2015-07-16,28.756412506103516
2015-07-17,33.37251281738281
2015-07-20,32.88105392456055
2015-07-21,32.8453369140625
2015-07-22,32.83542251586914
2015-07-23,31.951677322387695
2015-07-24,30.924116134643555
2015-07-27,31.10761070251465
2015-07-28,31.14430809020996
2015-07-29,31.339208602905273
2015-07-30,31.371938705444336
2015-07-31,31.025779724121094
2015-08-03,31.303499221801758
2015-08-04,31.206295013427734
2015-08-05,31.926883697509766
2015-08-06,31.87232780456543
2015-08-07,31.50633430480957
2015-08-10,31.42847442626953
2015-08-11,32.769962310791016
2015-08-12,32.70946502685547
2015-08-13,32.55522155761719
2015-08-14,32.58844757080078
2015-08-17,32.774417877197266
2015-08-18,32.53935241699219
2015-08-19,32.775909423828125
2015-08-20,32.07814407348633
2015-08-21,30.3746280670166
2015-08-24,29.240436553955078
2015-08-25,28.866012573242188
2015-08-26,31.17505645751953
2015-08-27,31.620893478393555
2015-08-28,31.26233673095703
2015-08-31,30.660776138305664
2015-09-01,29.646108627319336
2015-09-02,30.466869354248047
2015-09-03,30.06566619873047
2015-09-04,29.790422439575195
2015-09-08,30.482738494873047
2015-09-09,30.38652801513672
2015-09-10,30.81451416015625
2015-09-11,31.033714294433594
2015-09-14,30.908245086669922
2015-09-15,31.498401641845703
2015-09-16,31.540056228637695
2015-09-17,31.883243560791016
2015-09-18,31.206295013427734
2015-09-21,31.513275146484375
2015-09-22,30.880971908569336
2015-09-23,30.86460304260254
2015-09-24,31.035202026367188
2015-09-25,30.349332809448242
2015-09-28,29.502286911010742
2015-09-29,29.506256103515625
2015-09-30,30.173280715942383
2015-10-01,30.315610885620117
2015-10-02,31.090251922607422
2015-10-05,31.81232452392578
2015-10-06,32.00920104980469
2015-10-07,31.856460571289062
2015-10-08,31.6977596282959
2015-10-09,31.918453216552734
2015-10-12,32.07020950317383
2015-10-13,32.34941101074219
2015-10-14,32.292877197265625
2015-10-15,32.81757736206055
2015-10-16,32.84038162231445
2015-10-19,33.03379440307617
2015-10-20,32.24923324584961
2015-10-21,31.868858337402344
2015-10-22,32.324119567871094
2015-10-23,34.814178466796875
2015-10-26,35.34878921508789
2015-10-27,35.13603973388672
2015-10-28,35.35722351074219
2015-10-29,35.554100036621094
2015-10-30,35.25109100341797
2015-11-02,35.761898040771484
2015-11-03,35.81397247314453
2015-11-04,36.109046936035156
2015-11-05,36.2647705078125
2015-11-06,36.389244079589844
2015-11-09,35.94935607910156
2015-11-10,36.11945724487305
2015-11-11,36.4705810546875
2015-11-12,36.26377487182617
2015-11-13,35.558067321777344
2015-11-16,36.15119934082031
2015-11-17,35.96969223022461
2015-11-18,36.698707580566406
2015-11-19,36.61985778808594
2015-11-20,37.521949768066406
2015-11-23,37.4911994934082
2015-11-24,37.109336853027344
2015-11-25,37.1028938293457
2015-11-27,37.20752716064453
2015-11-30,36.8276481628418
2015-12-01,38.03969955444336
2015-12-02,37.80859375
2015-12-03,37.32060241699219
2015-12-04,38.02828598022461
2015-12-07,37.85173797607422
2015-12-08,37.80809783935547
2015-12-09,37.27448272705078
2015-12-10,37.167850494384766
2015-12-11,36.642662048339844
2015-12-14,37.084041595458984
2015-12-15,36.86731719970703
2015-12-16,37.59584426879883
2015-12-17,37.16636657714844
2015-12-18,36.66448211669922
2015-12-21,37.084041595458984
2015-12-22,37.19463348388672
2015-12-23,37.21001052856445
2015-12-24,37.11528396606445
2015-12-28,37.81504440307617
2015-12-29,38.51380157470703
2015-12-30,38.236080169677734
2015-12-31,37.63501739501953
2016-01-04,36.78995895385742
2016-01-05,36.82665252685547
2016-01-06,36.878231048583984
2016-01-07,36.02375030517578
2016-01-08,35.43260192871094
2016-01-11,35.50996398925781
2016-01-12,36.00788116455078
2016-01-13,34.742767333984375
2016-01-14,35.44499969482422
2016-01-15,34.439754486083984
2016-01-19,34.80376434326172
2016-01-20,34.63812255859375
2016-01-21,35.041812896728516
2016-01-22,35.96720504760742
2016-01-25,35.29374694824219
2016-01-26,35.3616828918457
2016-01-27,34.71449661254883
2016-01-28,36.25039291381836
2016-01-29,36.84500503540039
2016-02-01,37.293819427490234
2016-02-02,37.921165466308594
2016-02-03,36.05152130126953
2016-02-04,35.11223602294922
2016-02-05,33.900184631347656
2016-02-08,33.8590202331543
2016-02-09,33.62940216064453
2016-02-10,33.927459716796875
2016-02-11,33.87737274169922
2016-02-12,33.84215545654297
2016-02-16,34.26865768432617
2016-02-17,35.131568908691406
2016-02-18,34.58357620239258
2016-02-19,34.760128021240234
2016-02-22,35.03536605834961
2016-02-23,34.509185791015625
2016-02-24,34.693172454833984
2016-02-25,35.000144958496094
2016-02-26,34.9664306640625
2016-02-29,34.604400634765625
2016-03-01,35.647830963134766
2016-03-02,35.649818420410156
2016-03-03,35.3309326171875
2016-03-04,35.25505447387695
2016-03-07,34.4749641418457
2016-03-08,34.415950775146484
2016-03-09,34.974857330322266
2016-03-10,35.350772857666016
2016-03-11,36.045074462890625
2016-03-14,36.227081298828125
2016-03-15,36.119956970214844
2016-03-16,36.504798889160156
2016-03-17,36.5886116027832
2016-03-18,36.57968521118164
2016-03-21,36.80236053466797
2016-03-22,36.73590087890625
2016-03-23,36.60249710083008
2016-03-24,36.46561813354492
2016-03-28,36.37784194946289
2016-03-29,36.935264587402344
2016-03-30,37.22092056274414
2016-03-31,36.94418716430664
2016-04-01,37.1901741027832
2016-04-04,36.96104431152344
2016-04-05,36.589599609375
2016-04-06,36.98088455200195
2016-04-07,36.71259307861328
2016-04-08,36.65655517578125
2016-04-11,36.50529479980469
2016-04-12,36.85194778442383
2016-04-13,37.279930114746094
2016-04-14,37.35332489013672
2016-04-15,37.64097213745117
2016-04-18,38.01837158203125
2016-04-19,37.38953399658203
2016-04-20,37.32704162597656
2016-04-21,37.64791488647461
2016-04-22,35.64584732055664
2016-04-25,35.86306381225586
2016-04-26,35.11867904663086
2016-04-27,35.004615783691406
2016-04-28,34.2696533203125
2016-04-29,34.36833572387695
2016-05-02,34.626220703125
2016-05-03,34.33610153198242
2016-05-04,34.50174331665039
2016-05-05,34.78590774536133
2016-05-06,35.26646423339844
2016-05-09,35.35474395751953
2016-05-10,35.86455535888672
2016-05-11,35.473262786865234
2016-05-12,35.37507247924805
2016-05-13,35.25208282470703
2016-05-16,35.532779693603516
2016-05-17,35.02395248413086
2016-05-18,35.043785095214844
2016-05-19,34.73086166381836
2016-05-20,35.19802474975586
2016-05-23,34.925270080566406
2016-05-24,35.7113151550293
2016-05-25,35.968204498291016
2016-05-26,35.91117477416992
2016-05-27,36.33469772338867
2016-05-31,36.486446380615234
2016-06-01,36.40858459472656
2016-06-02,36.222618103027344
2016-06-03,35.82289123535156
2016-06-06,35.5357551574707
2016-06-07,35.54071044921875
2016-06-08,36.11747741699219
2016-06-09,36.132354736328125
2016-06-10,35.677589416503906
2016-06-13,35.625518798828125
2016-06-14,35.621055603027344
2016-06-15,35.65328598022461
2016-06-16,35.22877883911133
2016-06-17,34.30436325073242
2016-06-20,34.403053283691406
2016-06-21,34.51364517211914
2016-06-22,34.58902359008789
2016-06-23,34.80773162841797
2016-06-24,33.486083984375
2016-06-27,33.14091491699219
2016-06-28,33.72511291503906
2016-06-29,33.92695999145508
2016-06-30,34.32321548461914
2016-07-01,34.675811767578125
2016-07-05,34.46454620361328
2016-07-06,34.604400634765625
2016-07-07,34.48488235473633
2016-07-08,34.99420166015625
2016-07-11,35.46335220336914
2016-07-12,35.73859405517578
2016-07-13,35.55707550048828
2016-07-14,35.753963470458984
2016-07-15,35.699405670166016
2016-07-18,36.39023971557617
2016-07-19,36.547943115234375
2016-07-20,36.757720947265625
2016-07-21,36.63076400756836
2016-07-22,36.8345947265625
2016-07-25,36.68730163574219
2016-07-26,36.62035369873047
2016-07-27,36.78647994995117
2016-07-28,36.991798400878906
2016-07-29,38.12648010253906
2016-08-01,38.329315185546875
2016-08-02,38.23955535888672
2016-08-03,38.34419631958008
2016-08-04,38.26633071899414
2016-08-05,38.79251480102539
2016-08-08,38.76970291137695
2016-08-09,38.8936882019043
2016-08-10,38.914512634277344
2016-08-11,38.922950744628906
2016-08-12,38.84210968017578
2016-08-15,38.803428649902344
2016-08-16,38.540584564208984
2016-08-17,38.67795944213867
2016-08-18,38.558433532714844
2016-08-19,38.455284118652344
2016-08-22,38.29310989379883
2016-08-23,38.28963851928711
2016-08-24,38.16863250732422
2016-08-25,38.15723419189453
2016-08-26,38.16368103027344
2016-08-29,38.29310989379883
2016-08-30,38.14136505126953
2016-08-31,38.04019546508789
2016-09-01,38.125980377197266
2016-09-02,38.25889205932617
2016-09-06,38.68639373779297
2016-09-07,38.69977951049805
2016-09-08,38.4503173828125
2016-09-09,37.6737060546875
2016-09-12,38.13789367675781
2016-09-13,37.67518615722656
2016-09-14,37.814048767089844
2016-09-15,38.27377700805664
2016-09-16,38.13094711303711
2016-09-19,37.973243713378906
2016-09-20,38.25641632080078
2016-09-21,38.49496078491211
2016-09-22,39.03998947143555
2016-09-23,39.02460479736328
2016-09-26,38.39527893066406
2016-09-27,38.831695556640625
2016-09-28,38.75978088378906
2016-09-29,38.43495178222656
2016-09-30,38.54802322387695
2016-10-03,38.313446044921875
2016-10-04,38.505367279052734
2016-10-05,38.50735855102539
2016-10-06,38.526695251464844
2016-10-07,38.43843078613281
2016-10-10,38.97700500488281
2016-10-11,38.83466720581055
2016-10-12,38.98691940307617
2016-10-13,38.592655181884766
2016-10-14,38.60951614379883
2016-10-17,38.68043899536133
2016-10-18,39.439212799072266
2016-10-19,39.7486686706543
2016-10-20,39.52400588989258
2016-10-21,39.64303207397461
2016-10-24,40.32443618774414
2016-10-25,40.054649353027344
2016-10-26,39.62814712524414
2016-10-27,39.44367218017578
2016-10-28,39.44466018676758
2016-10-31,38.9075813293457
2016-11-01,38.861446380615234
2016-11-02,38.12202072143555
2016-11-03,37.79619216918945
2016-11-04,37.790740966796875
2016-11-07,38.807395935058594
2016-11-08,39.203643798828125
2016-11-09,38.94575881958008
2016-11-10,37.81752014160156
2016-11-11,37.39399719238281
2016-11-14,36.50430679321289
2016-11-15,37.61567687988281
2016-11-16,37.912742614746094
2016-11-17,38.247493743896484
2016-11-18,37.71734619140625
2016-11-21,38.14682388305664
2016-11-22,38.10070037841797
2016-11-23,37.73965835571289
2016-11-25,37.77387619018555
2016-11-28,38.099205017089844
2016-11-29,38.2281494140625
2016-11-30,37.593360900878906
2016-12-01,37.09148025512695
2016-12-02,37.21943283081055
2016-12-05,37.8155403137207
2016-12-06,37.646419525146484
2016-12-07,38.24549865722656
2016-12-08,38.50487518310547
2016-12-09,39.14313507080078
2016-12-12,39.14214324951172
2016-12-13,39.480857849121094
2016-12-14,39.52897644042969
2016-12-15,39.567649841308594
2016-12-16,39.218021392822266
2016-12-19,39.38663864135742
2016-12-20,39.496742248535156
2016-12-21,39.40449523925781
2016-12-22,39.2408332824707
2016-12-23,39.173885345458984
2016-12-27,39.25521469116211
2016-12-28,38.932865142822266
2016-12-29,38.82078552246094
2016-12-30,38.2767448425293
2017-01-03,38.98691940307617
2017-01-04,39.02460479736328
2017-01-05,39.37771224975586
2017-01-06,39.979270935058594
2017-01-09,40.00407028198242
2017-01-10,39.911827087402344
2017-01-11,40.066551208496094
2017-01-12,39.98968505859375
2017-01-13,40.0650749206543
2017-01-17,39.90290069580078
2017-01-18,39.97530746459961
2017-01-19,39.782142639160156
2017-01-20,39.92323684692383
2017-01-23,40.63191223144531
2017-01-24,40.85805892944336
2017-01-25,41.44325637817383
2017-01-26,41.26868438720703
2017-01-27,40.83028793334961
2017-01-30,39.789329528808594
2017-01-31,39.51508331298828
2017-02-01,39.460777282714844
2017-02-02,39.60137176513672
2017-02-03,39.748172760009766
2017-02-06,39.74073028564453
2017-02-07,40.019935607910156
2017-02-08,40.08986282348633
2017-02-09,40.14838409423828
2017-02-10,40.352210998535156
2017-02-13,40.628440856933594
2017-02-14,40.688453674316406
2017-02-15,40.615543365478516
2017-02-16,40.872440338134766
2017-02-17,41.06634521484375
2017-02-21,41.244388580322266
2017-02-22,41.19974899291992
2017-02-23,41.228023529052734
2017-02-24,41.0946159362793
2017-02-27,41.12635803222656
2017-02-28,40.82532501220703
2017-03-01,41.42192459106445
2017-03-02,41.19330596923828
2017-03-03,41.116432189941406
2017-03-06,41.051963806152344
2017-03-07,41.25679016113281
2017-03-08,41.428375244140625
2017-03-09,41.59252166748047
2017-03-10,41.81916809082031
2017-03-13,41.932735443115234
2017-03-14,41.936702728271484
2017-03-15,42.01506042480469
2017-03-16,42.093421936035156
2017-03-17,42.259056091308594
2017-03-20,42.07456970214844
2017-03-21,41.18487548828125
2017-03-22,41.141727447509766
2017-03-23,40.54611587524414
2017-03-24,40.3899040222168
2017-03-27,40.64183044433594
2017-03-28,40.711761474609375
2017-03-29,41.23198699951172
2017-03-30,41.2364501953125
2017-03-31,41.14024353027344
2017-04-03,41.586082458496094
2017-04-04,41.38869857788086
2017-04-05,41.23198699951172
2017-04-06,41.05692672729492
2017-04-07,40.897735595703125
2017-04-10,40.90070724487305
2017-04-11,40.83226776123047
2017-04-12,40.88037109375
2017-04-13,40.84268569946289
2017-04-17,41.517642974853516
2017-04-18,41.50028610229492
2017-04-19,41.569217681884766
2017-04-20,41.73981857299805
2017-04-21,41.81619644165039
2017-04-24,42.78671646118164
2017-04-25,43.25983810424805
2017-04-26,43.231571197509766
2017-04-27,43.35655212402344
2017-04-28,44.92913818359375
2017-05-01,45.2569465637207
2017-05-02,45.44886016845703
2017-05-03,45.97455978393555
2017-05-04,46.203670501708984
2017-05-05,45.97901153564453
2017-05-08,46.334590911865234
2017-05-09,46.228965759277344
2017-05-10,46.06084442138672
2017-05-11,46.15110397338867
2017-05-12,46.23143768310547
2017-05-15,46.47246551513672
2017-05-16,46.766056060791016
2017-05-17,45.606571197509766
2017-05-18,46.13324737548828
2017-05-19,46.32021713256836
2017-05-22,46.70951843261719
2017-05-23,47.0546875
2017-05-24,47.35918426513672
2017-05-25,48.08224868774414
2017-05-26,48.17796325683594
2017-05-30,48.39666748046875
2017-05-31,47.85015106201172
2017-06-01,47.95379638671875
2017-06-02,48.38277816772461
2017-06-05,48.783485412597656
2017-06-06,48.43088912963867
2017-06-07,48.647613525390625
2017-06-08,48.770103454589844
2017-06-09,47.104774475097656
2017-06-12,46.76109313964844
2017-06-13,47.28181457519531
2017-06-14,47.1508903503418
2017-06-15,46.731834411621094
2017-06-16,46.606361389160156
2017-06-19,47.47870635986328
2017-06-20,47.14445114135742
2017-06-21,47.58185577392578
2017-06-22,47.46481704711914
2017-06-23,47.886356353759766
2017-06-26,47.22578430175781
2017-06-27,45.98892593383789
2017-06-28,46.64157485961914
2017-06-29,45.51581573486328
2017-06-30,45.066505432128906
2017-07-03,44.569087982177734
2017-07-05,45.214298248291016
2017-07-06,44.965335845947266
2017-07-07,45.55549240112305
2017-07-10,46.06183624267578
2017-07-11,46.12581253051758
2017-07-12,46.80721664428711
2017-07-13,46.972354888916016
2017-07-14,47.4102668762207
2017-07-17,47.282814025878906
2017-07-18,47.87693405151367
2017-07-19,48.14919662475586
2017-07-20,48.01331329345703
2017-07-21,48.2498779296875
2017-07-24,48.61784744262695
2017-07-25,47.147918701171875
2017-07-26,47.00409698486328
2017-07-27,46.32418441772461
2017-07-28,46.69315719604492
2017-07-31,46.14614486694336
2017-08-01,46.16250991821289
2017-08-02,46.140689849853516
2017-08-03,45.806434631347656
2017-08-04,46.020172119140625
2017-08-07,46.089599609375
2017-08-08,45.962154388427734
2017-08-09,45.76923751831055
2017-08-10,44.992618560791016
2017-08-11,45.347206115722656
2017-08-14,45.75782775878906
2017-08-15,45.735511779785156
2017-08-16,45.970584869384766
2017-08-17,45.1780891418457
2017-08-18,45.1627197265625
2017-08-21,44.9638557434082
2017-08-22,45.858009338378906
2017-08-23,45.97256088256836
2017-08-24,45.68889617919922
2017-08-25,45.42158889770508
2017-08-28,45.31843948364258
2017-08-29,45.689395904541016
2017-08-30,46.10001754760742
2017-08-31,46.584049224853516
2017-09-01,46.485355377197266
2017-09-05,46.04448318481445
2017-09-06,46.01273727416992
2017-09-07,46.41642761230469
2017-09-08,45.947776794433594
2017-09-11,46.075721740722656
2017-09-12,46.224002838134766
2017-09-13,46.373779296875
2017-09-14,45.87882995605469
2017-09-15,45.639801025390625
2017-09-18,45.3774528503418
2017-09-19,45.715179443359375
2017-09-20,46.19969940185547
2017-09-21,46.24285125732422
2017-09-22,46.04844284057617
2017-09-25,45.67352294921875
2017-09-26,45.86643981933594
2017-09-27,46.839942932128906
2017-09-28,47.08840560913086
2017-09-29,47.564998626708984
2017-10-02,47.27537155151367
2017-10-03,47.49952697753906
2017-10-04,47.19651794433594
2017-10-05,48.10307693481445
2017-10-06,48.54594039916992
2017-10-09,48.452205657958984
2017-10-10,48.234004974365234
2017-10-11,49.05972671508789
2017-10-12,48.989295959472656
2017-10-13,49.0810432434082
2017-10-16,49.19610595703125
2017-10-17,49.20502471923828
2017-10-18,49.23627853393555
2017-10-19,48.82167053222656
2017-10-20,49.00764846801758
2017-10-23,48.028194427490234
2017-10-24,48.131839752197266
2017-10-25,48.27020263671875
2017-10-26,48.232017517089844
2017-10-27,50.54850387573242
2017-10-30,50.44137954711914
2017-10-31,50.41807556152344
2017-11-01,50.85746765136719
2017-11-02,50.86143112182617
2017-11-03,51.20362091064453
2017-11-06,50.87730026245117
2017-11-07,51.24576950073242
2017-11-08,51.569122314453125
2017-11-09,51.14311981201172
2017-11-10,50.98491668701172
2017-11-13,50.8698616027832
2017-11-14,50.882259368896484
2017-11-15,50.62983322143555
2017-11-16,51.20460891723633
2017-11-17,50.53956985473633
2017-11-20,50.504364013671875
2017-11-21,51.30330276489258
2017-11-22,51.37620544433594
2017-11-24,51.6068115234375
2017-11-27,52.28127670288086
2017-11-28,51.94404220581055
2017-11-29,50.66702651977539
2017-11-30,50.654624938964844
2017-12-01,50.09720230102539
2017-12-04,49.527381896972656
2017-12-05,49.84824752807617
2017-12-06,50.504364013671875
2017-12-07,51.12675476074219
2017-12-08,51.43026351928711
2017-12-11,51.631107330322266
2017-12-12,51.600364685058594
2017-12-13,51.6068115234375
2017-12-14,52.030330657958984
2017-12-15,52.77621078491211
2017-12-18,53.418434143066406
2017-12-19,53.09806823730469
2017-12-20,52.81390380859375
2017-12-21,52.74843978881836
2017-12-22,52.574363708496094
2017-12-26,52.406742095947266
2017-12-27,52.04124069213867
2017-12-28,51.98024368286133
2017-12-29,51.893951416015625
2018-01-02,52.81637954711914
2018-01-03,53.683265686035156
2018-01-04,53.87766647338867
2018-01-05,54.6627197265625
2018-01-08,54.896305084228516
2018-01-09,54.862579345703125
2018-01-10,54.68157196044922
2018-01-11,54.82587814331055
2018-01-12,55.656063079833984
2018-01-16,55.63127517700195
2018-01-17,56.13810729980469
2018-01-18,56.02949905395508
2018-01-19,56.412357330322266
2018-01-22,57.31990432739258
2018-01-23,58.02213668823242
2018-01-24,57.737979888916016
2018-01-25,58.04197692871094
2018-01-26,58.31324768066406
2018-01-29,58.300357818603516
2018-01-30,57.71070098876953
2018-01-31,58.02066421508789
2018-02-01,57.90956497192383
2018-02-02,55.14228439331055
2018-02-05,52.36012649536133
2018-02-06,53.59002685546875
2018-02-07,52.0020637512207
2018-02-08,49.66822814941406
2018-02-09,51.466461181640625
2018-02-12,52.168697357177734
2018-02-13,52.17662811279297
2018-02-14,53.04946517944336
2018-02-15,54.03240203857422
2018-02-16,54.294246673583984
2018-02-20,54.674129486083984
2018-02-21,55.11452102661133
2018-02-22,54.88093185424805
2018-02-23,55.88072204589844
2018-02-26,56.72182083129883
2018-02-27,55.45918655395508
2018-02-28,54.78670883178711
2018-03-01,53.0405387878418
2018-03-02,53.506717681884766
2018-03-05,54.10232925415039
2018-03-06,54.30713653564453
2018-03-07,55.03020095825195
2018-03-08,55.8415412902832
2018-03-09,57.52968215942383
2018-03-12,57.75086975097656
2018-03-13,56.445091247558594
2018-03-14,57.00647735595703
2018-03-15,57.010948181152344
2018-03-16,56.3240852355957
2018-03-19,54.54320526123047
2018-03-20,54.43856430053711
2018-03-21,54.0998420715332
2018-03-22,52.0268669128418
2018-03-23,50.662559509277344
2018-03-26,52.23168182373047
2018-03-27,49.84577560424805
2018-03-28,49.818992614746094
2018-03-29,51.16939926147461
2018-04-02,49.91371154785156
2018-04-03,50.25788879394531
2018-04-04,50.83961486816406
2018-04-05,50.972023010253906
2018-04-06,49.94198226928711
2018-04-09,50.35905075073242
2018-04-10,51.161964416503906
2018-04-11,50.58321762084961
2018-04-12,51.20510482788086
2018-04-13,51.04443359375
2018-04-16,51.476383209228516
2018-04-17,53.27064895629883
2018-04-18,53.16749954223633
2018-04-19,53.942134857177734
2018-04-20,53.21113967895508
2018-04-23,52.93788528442383
2018-04-24,50.583709716796875
2018-04-25,50.643218994140625
2018-04-26,51.57854461669922
2018-04-27,51.08311080932617
2018-04-30,50.45228958129883
2018-05-01,51.44316101074219
2018-05-02,50.80192184448242
2018-05-03,50.769187927246094
2018-05-04,51.98371505737305
2018-05-07,52.31003189086914
2018-05-08,52.26639175415039
2018-05-09,53.69715118408203
2018-05-10,54.431617736816406
2018-05-11,54.46583938598633
2018-05-14,54.562042236328125
2018-05-15,53.52208709716797
2018-05-16,53.64804458618164
2018-05-17,53.49034881591797
2018-05-18,52.883827209472656
2018-05-21,53.53944778442383
2018-05-22,53.05095672607422
2018-05-23,53.544898986816406
2018-05-24,53.522586822509766
2018-05-25,53.34504318237305
2018-05-29,52.58428192138672
2018-05-30,52.95523452758789
2018-05-31,53.807743072509766
2018-06-01,55.519187927246094
2018-06-04,56.50063705444336
2018-06-05,56.51898193359375
2018-06-06,56.3811149597168
2018-06-07,55.73542022705078
2018-06-08,55.58713150024414
2018-06-11,56.03942108154297
2018-06-12,56.50211715698242
2018-06-13,56.277462005615234
2018-06-14,57.13690948486328
2018-06-15,57.14384841918945
2018-06-18,58.195220947265625
2018-06-19,57.92742156982422
2018-06-20,58.01568603515625
2018-06-21,57.41165542602539
2018-06-22,57.30353546142578
2018-06-25,55.782527923583984
2018-06-26,55.46761703491211
2018-06-27,54.74950408935547
2018-06-28,55.2573356628418
2018-06-29,55.3282585144043
2018-07-02,55.91395568847656
2018-07-03,54.69544982910156
2018-07-05,55.75575637817383
2018-07-06,56.544273376464844
2018-07-09,57.23262023925781
2018-07-10,57.1726188659668
2018-07-11,57.22518539428711
2018-07-12,58.692142486572266
2018-07-13,58.956966400146484
2018-07-16,58.71098327636719
2018-07-17,59.451900482177734
2018-07-18,59.307090759277344
2018-07-19,58.86471939086914
2018-07-20,58.763065338134766
2018-07-23,59.784175872802734
2018-07-24,61.895843505859375
2018-07-25,62.67047882080078
2018-07-26,62.90009307861328
2018-07-27,61.42074203491211
2018-07-30,60.49037551879883
2018-07-31,60.36738586425781
2018-08-01,60.5037727355957
2018-08-02,60.808265686035156
2018-08-03,60.68726348876953
2018-08-06,60.739830017089844
2018-08-07,61.605224609375
2018-08-08,61.77334213256836
2018-08-09,61.9464225769043
2018-08-10,61.37660598754883
2018-08-13,61.247657775878906
2018-08-14,61.59927749633789
2018-08-15,60.22456359863281
2018-08-16,59.833274841308594
2018-08-17,59.55902099609375
2018-08-20,59.896751403808594
2018-08-21,59.59176254272461
2018-08-22,59.87493133544922
2018-08-23,59.77822494506836
2018-08-24,60.53550720214844
2018-08-27,61.58538818359375
2018-08-28,61.05622863769531
2018-08-29,61.95634078979492
2018-08-30,61.45148468017578
2018-08-31,60.41350555419922
2018-09-04,59.36263656616211
2018-09-05,58.840919494628906
2018-09-06,58.09504318237305
2018-09-07,57.76723098754883
2018-09-10,57.757808685302734
2018-09-11,58.388633728027344
2018-09-12,57.66755294799805
2018-09-13,58.28795623779297
2018-09-14,58.14909744262695
2018-09-17,57.331809997558594
2018-09-18,57.58820724487305
2018-09-19,58.077693939208984
2018-09-20,58.86026382446289
2018-09-21,57.8297233581543
2018-09-24,58.190757751464844
2018-09-25,58.75016784667969
2018-09-26,58.543861389160156
2018-09-27,59.245601654052734
2018-09-28,59.18757247924805
2018-10-01,59.27882385253906
2018-10-02,59.51687240600586
2018-10-03,59.657711029052734
2018-10-04,57.93387222290039
2018-10-05,57.396278381347656
2018-10-08,56.980690002441406
2018-10-09,56.477325439453125
2018-10-10,53.62078094482422
2018-10-11,53.52655029296875
2018-10-12,55.05202865600586
2018-10-15,54.16778564453125
2018-10-16,55.60747146606445
2018-10-17,55.33024597167969
2018-10-18,53.955528259277344
2018-10-19,54.37657165527344
2018-10-22,54.60965347290039
2018-10-23,54.735130310058594
2018-10-24,52.10770034790039
2018-10-25,54.332435607910156
2018-10-26,53.13725280761719
2018-10-29,50.58867263793945
2018-10-30,51.38861083984375
2018-10-31,53.400089263916016
2018-11-01,53.06435012817383
2018-11-02,52.458824157714844
2018-11-05,51.58102035522461
2018-11-06,52.360626220703125
2018-11-07,54.22432327270508
2018-11-08,53.67929458618164
2018-11-09,52.8734130859375
2018-11-12,51.50862121582031
2018-11-13,51.38066482543945
2018-11-14,51.7580680847168
2018-11-15,52.801998138427734
2018-11-16,52.64230728149414
2018-11-19,50.5847053527832
2018-11-20,50.870357513427734
2018-11-21,51.458030700683594
2018-11-23,50.777122497558594
2018-11-26,52.004051208496094
2018-11-27,51.79526901245117
2018-11-28,53.869239807128906
2018-11-29,53.971893310546875
2018-11-30,54.275901794433594
2018-12-03,54.871009826660156
2018-12-04,52.11315155029297
2018-12-06,53.00136184692383
2018-12-07,51.406951904296875
2018-12-10,51.55424118041992
2018-12-11,52.15927505493164
2018-12-12,52.750919342041016
2018-12-13,52.66264343261719
2018-12-14,51.680702209472656
2018-12-17,50.41261291503906
2018-12-18,51.01665496826172
2018-12-19,50.733978271484375
2018-12-20,50.059513092041016
2018-12-21,48.578182220458984
2018-12-24,48.41353225708008
2018-12-26,51.549781799316406
2018-12-27,51.768978118896484
2018-12-28,51.4317512512207
2018-12-31,51.358848571777344
2019-01-02,51.86667251586914
2019-01-03,50.38930892944336
2019-01-04,53.099552154541016
2019-01-07,52.9844970703125
2019-01-08,53.375789642333984
2019-01-09,53.29545211791992
2019-01-10,53.080711364746094
2019-01-11,52.4290657043457
2019-01-14,51.80915451049805
2019-01-15,53.4189338684082
2019-01-16,53.608375549316406
2019-01-17,54.05124282836914
2019-01-18,54.46583938598633
2019-01-22,53.09014129638672
2019-01-23,53.340576171875
2019-01-24,53.25775909423828
2019-01-25,54.10530090332031
2019-01-28,53.06831359863281
2019-01-29,52.59916305541992
2019-01-30,54.00958251953125
2019-01-31,55.36396789550781
2019-02-01,55.08525085449219
2019-02-04,56.17877960205078
2019-02-05,56.832908630371094
2019-02-06,55.30743408203125
2019-02-07,54.488155364990234
2019-02-08,54.30713653564453
2019-02-11,54.304664611816406
2019-02-12,55.611934661865234
2019-02-13,55.551918029785156
2019-02-14,55.626808166503906
2019-02-15,55.22907257080078
2019-02-19,55.47256851196289
2019-02-20,55.23651123046875
2019-02-21,54.40186309814453
2019-02-22,55.06641387939453
2019-02-25,55.01830291748047
2019-02-26,55.302467346191406
2019-02-27,55.34810256958008
2019-02-28,55.540016174316406
2019-03-01,56.58494186401367
2019-03-04,56.92266845703125
2019-03-05,57.628379821777344
2019-03-06,57.42157745361328
2019-03-07,56.69950485229492
2019-03-08,56.65089797973633
2019-03-11,58.30928039550781
2019-03-12,59.1741828918457
2019-03-13,59.18013381958008
2019-03-14,58.79479217529297
2019-03-15,58.74073791503906
2019-03-18,58.73081970214844
2019-03-19,59.454383850097656
2019-03-20,60.700157165527344
2019-03-21,61.07558059692383
2019-03-22,59.784175872802734
2019-03-25,59.16426467895508
2019-03-26,58.74867630004883
2019-03-27,58.173397064208984
2019-03-28,57.9487419128418
2019-03-29,58.18778991699219
2019-04-01,59.235191345214844
2019-04-02,59.53571701049805
2019-04-03,59.80500411987305
2019-04-04,60.25531005859375
2019-04-05,59.86600112915039
2019-04-08,59.70185470581055
2019-04-09,59.375038146972656
2019-04-10,59.61853790283203
2019-04-11,59.74053192138672
2019-04-12,60.397640228271484
2019-04-15,60.557830810546875
2019-04-16,60.85686492919922
2019-04-17,61.313621520996094
2019-04-18,61.31510543823242
2019-04-22,61.933528900146484
2019-04-23,62.71263885498047
2019-04-24,62.28861618041992
2019-04-25,62.658084869384766
2019-04-26,63.091026306152344
2019-04-29,63.854759216308594
2019-04-30,58.94010543823242
2019-05-01,57.928409576416016
2019-05-02,57.657142639160156
2019-05-03,58.78736114501953
2019-05-06,58.985233306884766
2019-05-07,58.226959228515625
2019-05-08,57.83864974975586
2019-05-09,57.64573287963867
2019-05-10,57.73946762084961
2019-05-13,56.140594482421875
2019-05-14,55.56580352783203
2019-05-15,57.73648452758789
2019-05-16,58.46897888183594
2019-05-17,57.64176940917969
2019-05-20,56.47880935668945
2019-05-21,57.013423919677734
2019-05-22,57.102195739746094
2019-05-23,56.57402801513672
2019-05-24,56.212005615234375
2019-05-28,56.2457275390625
2019-05-29,55.36842727661133
2019-05-30,55.442317962646484
2019-05-31,54.73215103149414
2019-06-03,51.389591217041016
2019-06-04,52.2237434387207
2019-06-05,51.68666076660156
2019-06-06,51.79179382324219
2019-06-07,52.86796188354492
2019-06-10,53.57912063598633
2019-06-11,53.49679946899414
2019-06-12,53.41299057006836
2019-06-13,53.99520492553711
2019-06-14,53.825599670410156
2019-06-17,54.180179595947266
2019-06-18,54.73066711425781
2019-06-19,54.66769027709961
2019-06-20,55.11848449707031
2019-06-21,55.63722610473633
2019-06-24,55.321807861328125
2019-06-25,53.87519454956055
2019-06-26,53.55036163330078
2019-06-27,53.362396240234375
2019-06-28,53.60540008544922
2019-07-01,54.450462341308594
2019-07-02,55.11005401611328
2019-07-03,55.62234115600586
2019-07-05,56.11876678466797
2019-07-08,55.36297607421875
2019-07-09,55.78351974487305
2019-07-10,56.55964660644531
2019-07-11,56.74462890625
2019-07-12,56.77885055541992
2019-07-15,57.04863739013672
2019-07-16,57.209312438964844
2019-07-17,56.85075759887695
2019-07-18,56.849769592285156
2019-07-19,56.04486846923828
2019-07-22,56.44013214111328
2019-07-23,56.84381866455078
2019-07-24,56.4272346496582
2019-07-25,56.145050048828125
2019-07-26,62.011390686035156
2019-07-29,61.46586608886719
2019-07-30,60.7581787109375
2019-07-31,60.338619232177734
2019-08-01,59.958251953125
2019-08-02,59.21336364746094
2019-08-05,57.146827697753906
2019-08-06,58.02115249633789
2019-08-07,58.22150421142578
2019-08-08,59.74946212768555
2019-08-09,58.91680145263672
2019-08-12,58.25721740722656
2019-08-13,59.37602996826172
2019-08-14,57.74045181274414
2019-08-15,57.88774108886719
2019-08-16,58.40053939819336
2019-08-19,59.43455123901367
2019-08-20,58.6529541015625
2019-08-21,59.07748031616211
2019-08-22,58.99217987060547
2019-08-23,57.09574890136719
2019-08-26,57.96857452392578
2019-08-27,57.91651153564453
2019-08-28,58.07421875
2019-08-29,59.15682601928711
2019-08-30,58.9212532043457
2019-09-03,57.94378662109375
2019-09-04,58.589481353759766
2019-09-05,60.07577896118164
2019-09-06,59.75590515136719
2019-09-09,59.73011779785156
2019-09-10,59.8089714050293
2019-09-11,60.511695861816406
2019-09-12,61.20997619628906
2019-09-13,61.47330856323242
2019-09-16,61.06367111206055
2019-09-17,60.95705032348633
2019-09-18,61.11872482299805
2019-09-19,61.43115234375
2019-09-20,60.995731353759766
2019-09-23,61.19906234741211
2019-09-24,60.441768646240234
2019-09-25,61.81847381591797
2019-09-26,61.56406021118164
2019-09-27,60.755699157714844
2019-09-30,60.45368194580078
2019-10-01,59.764339447021484
2019-10-02,58.35243606567383
2019-10-03,58.90787124633789
2019-10-04,59.95775604248047
2019-10-07,59.89228439331055
2019-10-08,58.97233963012695
2019-10-09,59.625972747802734
2019-10-10,59.94138717651367
2019-10-11,60.27762222290039
2019-10-14,60.36143493652344
2019-10-15,61.64440155029297
2019-10-16,61.6756477355957
2019-10-17,62.14330291748047
2019-10-18,61.76739501953125
2019-10-21,61.80012130737305
2019-10-22,61.63398742675781
2019-10-23,62.44384002685547
2019-10-24,62.536075592041016
2019-10-25,62.741397857666016
2019-10-28,63.97477722167969
2019-10-29,62.616912841796875
2019-10-30,62.550960540771484
2019-10-31,62.49243927001953
2019-11-01,63.16838836669922
2019-11-04,64.04270935058594
2019-11-05,64.075439453125
2019-11-06,64.06403350830078
2019-11-07,64.91010284423828
2019-11-08,65.03455352783203
2019-11-11,64.43053436279297
2019-11-12,64.41119384765625
2019-11-13,64.37151336669922
2019-11-14,65.03903198242188
2019-11-15,66.19998931884766
2019-11-18,65.49727630615234
2019-11-19,65.23741149902344
2019-11-20,64.62195587158203
2019-11-21,64.53765106201172
2019-11-22,64.23959350585938
2019-11-25,64.80248260498047
2019-11-26,65.1426773071289
2019-11-27,65.11490631103516
2019-11-29,64.71668243408203
2019-12-02,63.97079849243164
2019-12-03,64.23661804199219
2019-12-04,65.48933410644531
2019-12-05,65.86573791503906
2019-12-06,66.48516082763672
2019-12-09,66.63096618652344
2019-12-10,66.68550872802734
2019-12-11,66.703369140625
2019-12-12,66.96373748779297
2019-12-13,66.84273529052734
2019-12-16,67.5042953491211
2019-12-17,67.2042465209961
2019-12-18,67.08028411865234
2019-12-19,67.24988555908203
2019-12-20,66.93002319335938
2019-12-23,66.89281463623047
2019-12-24,66.63096618652344
2019-12-26,67.46611785888672
2019-12-27,67.0440673828125
2019-12-30,66.26297760009766
2019-12-31,66.30662536621094
2020-01-02,67.811767578125
2020-01-03,67.47899627685547
2020-01-06,69.14283752441406
2020-01-07,69.09970092773438
2020-01-08,69.64421844482422
2020-01-09,70.41341400146484
2020-01-10,70.90438842773438
2020-01-13,71.3755111694336
2020-01-14,70.96141815185547
2020-01-15,71.37401580810547
2020-01-16,71.99392700195312
2020-01-17,73.41675567626953
2020-01-21,73.6156234741211
2020-01-22,73.69248962402344
2020-01-23,73.7271957397461
2020-01-24,72.73832702636719
2020-01-27,71.1111831665039
2020-01-28,72.03659057617188
2020-01-29,72.33761596679688
2020-01-30,72.19925689697266
2020-01-31,71.1275405883789
2020-02-03,73.69198608398438
2020-02-04,71.76432037353516
2020-02-05,71.82184600830078
2020-02-06,73.21044158935547
2020-02-07,73.3592300415039
2020-02-10,74.81973266601562
2020-02-11,74.82518768310547
2020-02-12,75.29533386230469
2020-02-13,75.11630249023438
2020-02-14,75.41783142089844
2020-02-18,75.3647689819336
2020-02-19,75.71289825439453
2020-02-20,75.28939056396484
2020-02-21,73.65083312988281
2020-02-24,70.50070190429688
2020-02-25,68.85719299316406
2020-02-26,69.09175872802734
2020-02-27,65.36782836914062
2020-02-28,66.42118072509766
2020-03-02,68.8899154663086
2020-03-03,66.52334594726562
2020-03-04,68.76146697998047
2020-03-05,65.41494750976562
2020-03-06,64.39185333251953
2020-03-09,60.283084869384766
2020-03-10,63.49818801879883
2020-03-11,60.27564239501953
2020-03-12,55.291561126708984
2020-03-13,60.48988342285156
2020-03-16,53.77500915527344
2020-03-17,55.53407669067383
2020-03-18,54.393428802490234
2020-03-19,55.31040573120117
2020-03-20,53.17940139770508
2020-03-23,52.400794982910156
2020-03-24,56.2610969543457
2020-03-25,54.67561721801758
2020-03-26,57.61449432373047
2020-03-27,55.083274841308594
2020-03-30,56.87406539916992
2020-03-31,57.66705322265625
2020-04-01,54.83083724975586
2020-04-02,55.58564758300781
2020-04-03,54.446990966796875
2020-04-06,58.86274719238281
2020-04-07,58.8424072265625
2020-04-08,60.02123260498047
2020-04-09,60.07924270629883
2020-04-13,60.38226318359375
2020-04-14,62.944725036621094
2020-04-15,62.60948181152344
2020-04-16,62.65907287597656
2020-04-17,63.64002227783203
2020-04-20,62.814796447753906
2020-04-21,60.32176208496094
2020-04-22,62.646175384521484
2020-04-23,63.295841217041016
2020-04-24,63.44462585449219
2020-04-27,63.27451705932617
2020-04-28,61.18120193481445
2020-04-29,66.5278091430664
2020-04-30,66.88389587402344
2020-05-01,65.49281311035156
2020-05-04,65.79977416992188
2020-05-05,67.0053939819336
2020-05-06,66.81644439697266
2020-05-07,68.06916046142578
2020-05-08,68.85322570800781
2020-05-11,69.59165954589844
2020-05-12,68.22686004638672
2020-05-13,66.91712188720703
2020-05-14,67.25434875488281
2020-05-15,68.10039520263672
2020-05-18,68.63352966308594
2020-05-19,68.11502838134766
2020-05-20,69.76325225830078
2020-05-21,69.56884002685547
2020-05-22,69.94673156738281
2020-05-26,70.2740478515625
2020-05-27,70.31471252441406
2020-05-28,70.25967407226562
2020-05-29,70.86421203613281
2020-06-01,71.0080337524414
2020-06-02,71.37501525878906
2020-06-03,71.23416900634766
2020-06-04,70.03402709960938
2020-06-05,71.3338623046875
2020-06-08,71.74150848388672
2020-06-09,72.2151107788086
2020-06-10,72.69568634033203
2020-06-11,69.62041473388672
2020-06-12,70.08362579345703
2020-06-15,70.41439819335938
2020-06-16,71.54859924316406
2020-06-17,71.96517944335938
2020-06-18,71.21334075927734
2020-06-19,71.00306701660156
2020-06-22,72.00187683105469
2020-06-23,72.6242446899414
2020-06-24,71.01547241210938
2020-06-25,71.47965240478516
2020-06-26,67.44132232666016
2020-06-29,69.18053436279297
2020-06-30,70.10494232177734
2020-07-01,71.31649017333984
2020-07-02,72.63863372802734
2020-07-06,74.176025390625
2020-07-07,73.65430450439453
2020-07-08,74.1908950805664
2020-07-09,74.93428039550781
2020-07-10,76.45925903320312
2020-07-13,74.95164489746094
2020-07-14,75.4098892211914
2020-07-15,75.06571960449219
2020-07-16,75.28194427490234
2020-07-17,75.16043090820312
2020-07-20,77.64851379394531
2020-07-21,77.28649139404297
2020-07-22,77.78588104248047
2020-07-23,75.16687774658203
2020-07-24,74.97793579101562
2020-07-27,75.886962890625
2020-07-28,74.40613555908203
2020-07-29,75.48129272460938
2020-07-30,75.9489517211914
2020-07-31,73.54420471191406
2020-08-03,73.12216186523438
2020-08-04,72.65203094482422
2020-08-05,73.08050537109375
2020-08-06,74.39422607421875
2020-08-07,74.11601257324219
2020-08-10,74.19584655761719
2020-08-11,73.41327667236328
2020-08-12,74.71756744384766
2020-08-13,75.30425262451172
2020-08-14,74.77261352539062
2020-08-17,75.28094482421875
2020-08-18,77.29541778564453
2020-08-19,76.74641418457031
2020-08-20,78.44348907470703
2020-08-21,78.37752532958984
2020-08-24,78.76335906982422
2020-08-25,79.75621795654297
2020-08-26,81.94622802734375
2020-08-27,81.05107879638672
2020-08-28,81.55096435546875
2020-08-31,81.04363250732422
2020-09-01,82.35932922363281
2020-09-02,85.71031951904297
2020-09-03,81.42352294921875
2020-09-04,78.90420532226562
2020-09-08,75.99557495117188
2020-09-09,77.21407318115234
2020-09-10,75.97724151611328
2020-09-11,75.4168472290039
2020-09-14,75.34542083740234
2020-09-15,76.44439697265625
2020-09-16,75.4257583618164
2020-09-17,74.16758728027344
2020-09-18,72.40505981445312
2020-09-21,70.97528839111328
2020-09-22,72.67633819580078
2020-09-23,70.18429565429688
2020-09-24,70.83296203613281
2020-09-25,71.65967559814453
2020-09-28,72.62970733642578
2020-09-29,72.86825561523438
2020-09-30,72.88165283203125
2020-10-01,73.8978042602539
2020-10-02,72.32720184326172
2020-10-05,73.69596099853516
2020-10-06,72.0802230834961
2020-10-07,72.4199447631836
2020-10-08,73.6915054321289
2020-10-09,75.14408111572266
2020-10-12,77.818603515625
2020-10-13,77.94408416748047
2020-10-14,77.76555633544922
2020-10-15,77.32169342041016
2020-10-16,78.01004028320312
2020-10-19,76.10567474365234
2020-10-20,77.16299438476562
2020-10-21,79.01676940917969
2020-10-22,80.10880279541016
2020-10-23,81.3818588256836
2020-10-26,78.87493133544922
2020-10-27,79.55982208251953
2020-10-28,75.21350860595703
2020-10-29,77.72388458251953
2020-10-30,80.3905029296875
2020-11-02,80.63945007324219
2020-11-03,81.83860778808594
2020-11-04,86.74433135986328
2020-11-05,87.45054626464844
2020-11-06,87.37019348144531
2020-11-09,87.43219757080078
2020-11-10,86.3108901977539
2020-11-11,86.92188262939453
2020-11-12,86.779541015625
2020-11-13,88.12748718261719
2020-11-16,88.34370422363281
2020-11-17,87.78678131103516
2020-11-18,86.62779235839844
2020-11-19,87.47781372070312
2020-11-20,86.40015411376953
2020-11-23,86.03663635253906
2020-11-24,87.72379302978516
2020-11-25,87.85025024414062
2020-11-27,88.92939758300781
2020-11-30,87.32010650634766
2020-12-01,89.17288970947266
2020-12-02,90.65324401855469
2020-12-03,90.59471893310547
2020-12-04,90.65522766113281
2020-12-07,90.23320007324219
2020-12-08,90.18706512451172
2020-12-09,88.4800796508789
2020-12-10,88.04366302490234
2020-12-11,88.36304473876953
2020-12-14,87.28638458251953
2020-12-15,87.66873168945312
2020-12-16,87.43219757080078
2020-12-17,86.6833267211914
2020-12-18,85.84571075439453
2020-12-21,86.26030731201172
2020-12-22,85.4732666015625
2020-12-23,85.91365051269531
2020-12-24,86.23452758789062
2020-12-28,88.08137512207031
2020-12-29,87.21992492675781
2020-12-30,86.26775360107422
2020-12-31,86.88072204589844
2021-01-04,85.7083511352539
2021-01-05,86.3371810913086
2021-01-06,86.05796813964844
2021-01-07,88.63481903076172
2021-01-08,89.62468719482422
2021-01-11,87.61666107177734
2021-01-12,86.61639404296875
2021-01-13,87.00568389892578
2021-01-14,86.30048370361328
2021-01-15,86.10260772705078
2021-01-19,88.8138427734375
2021-01-20,93.57673645019531
2021-01-21,93.79247283935547
2021-01-22,94.27849578857422
2021-01-25,94.19667053222656
2021-01-26,95.08139038085938
2021-01-27,90.7940902709961
2021-01-28,92.39693450927734
2021-01-29,91.03958129882812
2021-02-01,94.29334259033203
2021-02-02,95.59070587158203
2021-02-03,102.6606674194336
2021-02-04,102.27879333496094
2021-02-05,104.0457992553711
2021-02-08,103.7933578491211
2021-02-09,103.32718658447266
2021-02-10,103.91584777832031
2021-02-11,103.94114685058594
2021-02-12,104.34880065917969
2021-02-16,105.23106384277344
2021-02-17,105.5489501953125
2021-02-18,104.99798583984375
2021-02-19,104.20150756835938
2021-02-22,102.40328216552734
2021-02-23,102.69983673095703
2021-02-24,103.90544128417969
2021-02-25,100.74091339111328
2021-02-26,101.01367950439453
2021-03-01,103.22799682617188
2021-03-02,102.94680786132812
2021-03-03,100.51031494140625
2021-03-04,101.62020874023438
2021-03-05,104.5685043334961
2021-03-08,100.38435363769531
2021-03-09,101.79923248291016
2021-03-10,101.914794921875
2021-03-11,104.8774642944336
2021-03-12,102.2564697265625
2021-03-15,102.48310852050781
2021-03-16,103.77403259277344
2021-03-17,103.70260620117188
2021-03-18,100.98194122314453
2021-03-19,101.32810974121094
2021-03-22,101.09947204589844
2021-03-23,101.81212615966797
2021-03-24,101.42034912109375
2021-03-25,101.38563537597656
2021-03-26,100.94871520996094
2021-03-29,101.96041870117188
2021-03-30,101.94007110595703
2021-03-31,102.5892562866211
2021-04-01,106.01710510253906
2021-04-05,110.37134552001953
2021-04-06,110.33168029785156
2021-04-07,111.56803894042969
2021-04-08,112.349609375
2021-04-09,113.3633041381836
2021-04-12,111.82144927978516
2021-04-13,112.44037628173828
2021-04-14,111.82392883300781
2021-04-15,113.89790344238281
2021-04-16,113.95246124267578
2021-04-19,114.18257141113281
2021-04-20,113.74763488769531
2021-04-21,113.73078155517578
2021-04-22,112.47261047363281
2021-04-23,114.82231140136719
2021-04-26,115.38966369628906
2021-04-27,114.41664123535156
2021-04-28,118.0265121459961
2021-04-29,120.50515747070312
2021-04-30,119.52471160888672
2021-05-03,118.78329467773438
2021-05-04,116.75396728515625
2021-05-05,116.87744140625
2021-05-06,118.09791564941406
2021-05-07,118.9578628540039
2021-05-10,116.12957763671875
2021-05-11,114.49798583984375
2021-05-12,111.04235076904297
2021-05-13,112.17752075195312
2021-05-14,114.86494445800781
2021-05-17,115.12532806396484
2021-05-18,114.23365020751953
2021-05-19,114.4955062866211
2021-05-20,116.84520721435547
2021-05-21,116.30018615722656
2021-05-24,119.3536148071289
2021-05-25,119.47264099121094
2021-05-26,120.68567657470703
2021-05-27,119.1473159790039
2021-05-28,119.59612274169922
2021-06-01,120.5011978149414
2021-06-02,120.07816314697266
2021-06-03,119.25145721435547
2021-06-04,121.58975982666016
2021-06-07,122.3004150390625
2021-06-08,123.13160705566406
2021-06-09,123.55561828613281
2021-06-10,125.05332946777344
2021-06-11,124.67294311523438
2021-06-14,125.32311248779297
2021-06-15,125.00669860839844
2021-06-16,124.67294311523438
2021-06-17,125.34195709228516
2021-06-18,124.54498291015625
2021-06-21,125.42527770996094
2021-06-22,125.96532440185547
2021-06-23,125.43171691894531
2021-06-24,126.24553680419922
2021-06-25,125.96086883544922
2021-06-28,125.78678894042969
2021-06-29,124.99231719970703
2021-06-30,124.29554748535156
2021-07-01,125.33946228027344
2021-07-02,127.67080688476562
2021-07-06,128.71426391601562
2021-07-07,129.01824951171875
2021-07-08,128.1251220703125
2021-07-09,128.5193634033203
2021-07-12,129.5008087158203
2021-07-13,129.92782592773438
2021-07-14,131.00694274902344
2021-07-15,130.1975860595703
2021-07-16,130.77188110351562
2021-07-19,128.20147705078125
2021-07-20,130.033935546875
2021-07-21,131.5207061767578
2021-07-22,132.24282836914062
2021-07-23,136.69374084472656
2021-07-26,138.5073699951172
2021-07-27,135.6825408935547
2021-07-28,135.2709503173828
2021-07-29,135.4286346435547
2021-07-30,134.119873046875
2021-08-02,134.88214111328125
2021-08-03,135.17025756835938
2021-08-04,134.9208221435547
2021-08-05,135.8248748779297
2021-08-06,135.92007446289062
2021-08-09,136.87823486328125
2021-08-10,136.97198486328125
2021-08-11,136.5682830810547
2021-08-12,137.26258850097656
2021-08-13,137.27896118164062
2021-08-16,137.78480529785156
2021-08-17,136.18246459960938
2021-08-18,135.4579315185547
2021-08-19,135.79859924316406
2021-08-20,137.30970764160156
2021-08-23,139.9505157470703
2021-08-24,141.2389373779297
2021-08-25,141.78594970703125
2021-08-26,140.9656982421875
2021-08-27,143.3734130859375
2021-08-30,144.28494262695312
2021-08-31,144.27749633789062
2021-09-01,144.65440368652344
2021-09-02,143.0446319580078
2021-09-03,143.59608459472656
2021-09-07,144.3340606689453
2021-09-08,143.70370483398438
2021-09-09,143.7334442138672
2021-09-10,140.76531982421875
2021-09-13,142.2967529296875
2021-09-14,142.23825073242188
2021-09-15,144.02357482910156
2021-09-16,143.19784545898438
2021-09-17,140.31155395507812
2021-09-20,137.8849639892578
2021-09-21,138.50933837890625
2021-09-22,139.7908477783203
2021-09-23,140.6715850830078
2021-09-24,141.4715118408203
2021-09-27,140.34872436523438
2021-09-28,135.07501220703125
2021-09-29,133.4255828857422
2021-09-30,132.18031311035156
2021-10-01,135.35128784179688
2021-10-04,132.67575073242188
2021-10-05,135.06813049316406
2021-10-06,136.23553466796875
2021-10-07,138.05209350585938
2021-10-08,138.91549682617188
2021-10-11,137.7168426513672
2021-10-12,135.5997314453125
2021-10-13,136.77706909179688
2021-10-14,140.26046752929688
2021-10-15,140.52133178710938
2021-10-18,141.79637145996094
2021-10-19,142.65084838867188
2021-10-20,141.25531005859375
2021-10-21,141.61781311035156
2021-10-22,137.49615478515625
2021-10-25,137.64295959472656
2021-10-26,138.53463745117188
2021-10-27,145.23512268066406
2021-10-28,144.93905639648438
2021-10-29,147.06309509277344
2021-11-01,142.60325622558594
2021-11-02,144.67523193359375
2021-11-03,145.5946807861328
2021-11-04,147.4722442626953
2021-11-05,148.02574157714844
2021-11-08,148.1352996826172
2021-11-09,148.03314208984375
2021-11-10,145.4320526123047
2021-11-11,145.55299377441406
2021-11-12,148.4269256591797
2021-11-15,148.17152404785156
2021-11-16,147.862060546875
2021-11-17,147.84815979003906
2021-11-18,149.48175048828125
2021-11-19,148.73141479492188
2021-11-22,145.88082885742188
2021-11-23,145.5619659423828
2021-11-24,145.5227813720703
2021-11-26,141.64312744140625
2021-11-29,144.92417907714844
2021-11-30,141.29202270507812
2021-12-01,140.4647979736328
2021-12-02,142.60572814941406
2021-12-03,141.3599395751953
2021-12-06,142.62554931640625
2021-12-07,146.83103942871094
2021-12-08,147.50946044921875
2021-12-09,146.89996337890625
2021-12-10,147.46435546875
2021-12-13,145.50987243652344
2021-12-14,143.79000854492188
2021-12-15,146.16845703125
2021-12-16,143.6590576171875
2021-12-17,141.64012145996094
2021-12-20,141.241943359375
2021-12-21,143.04612731933594
2021-12-22,145.75238037109375
2021-12-23,145.94430541992188
2021-12-27,146.85830688476562
2021-12-28,145.25547790527344
2021-12-29,145.31150817871094
2021-12-30,144.8135986328125
2021-12-31,143.5013885498047
2022-01-03,143.89312744140625
2022-01-04,143.24049377441406
2022-01-05,136.53257751464844
2022-01-06,136.430908203125
2022-01-07,135.8888702392578
2022-01-10,137.44558715820312
2022-01-11,138.87733459472656
2022-01-12,140.4945526123047
2022-01-13,137.99803161621094
2022-01-14,138.64820861816406
2022-01-18,135.1806640625
2022-01-19,134.54736328125
2022-01-20,132.41934204101562
2022-01-21,129.0326385498047
2022-01-24,129.31036376953125
2022-01-25,125.70347595214844
2022-01-26,128.18759155273438
2022-01-27,128.06954956054688
2022-01-28,132.20411682128906
2022-01-31,134.59349060058594
2022-02-01,136.75575256347656
2022-02-02,146.83103942871094
2022-02-03,141.48886108398438
2022-02-04,141.85140991210938
2022-02-07,137.806640625
2022-02-08,138.07936096191406
2022-02-09,140.30113220214844
2022-02-10,137.4738311767578
2022-02-11,133.0377960205078
2022-02-14,134.1982421875
2022-02-15,135.31455993652344
2022-02-16,136.36793518066406
2022-02-17,131.2310791015625
2022-02-18,129.4051055908203
2022-02-22,128.34877014160156
2022-02-23,126.54606628417969
2022-02-24,131.59312438964844
2022-02-25,133.42408752441406
2022-02-28,133.79258728027344
2022-03-01,133.0754852294922
2022-03-02,133.65419006347656
2022-03-03,133.21434020996094
2022-03-04,131.0460968017578
2022-03-07,125.43468475341797
2022-03-08,126.24205780029297
2022-03-09,132.77590942382812
2022-03-10,131.60154724121094
2022-03-11,129.4130401611328
2022-03-14,125.70893859863281
2022-03-15,128.6046600341797
2022-03-16,132.6018524169922
2022-03-17,133.50442504882812
2022-03-18,135.68751525878906
2022-03-21,135.36712646484375
2022-03-22,139.13519287109375
2022-03-23,137.3756561279297
2022-03-24,140.16127014160156
2022-03-25,140.3690948486328
2022-03-28,140.79409790039062
2022-03-29,142.08351135253906
2022-03-30,141.48294067382812
2022-03-31,138.51229858398438
2022-04-01,139.5542755126953
2022-04-04,142.47280883789062
2022-04-05,139.91432189941406
2022-04-06,136.05894470214844
2022-04-07,135.35372924804688
2022-04-08,132.9192352294922
2022-04-11,128.7395477294922
2022-04-12,127.3291244506836
2022-04-13,129.22506713867188
2022-04-14,126.21675872802734
2022-04-18,126.91899108886719
2022-04-19,129.46807861328125
2022-04-20,127.20117950439453
2022-04-21,123.92012023925781
2022-04-22,118.63996887207031
2022-04-25,122.24637603759766
2022-04-26,118.53284454345703
2022-04-27,114.08387756347656
2022-04-28,118.43911743164062
2022-04-29,114.03032684326172
2022-05-02,116.20298767089844
2022-05-03,117.16755676269531
2022-05-04,121.57685852050781
2022-05-05,115.79582214355469
2022-05-06,114.71817779541016
2022-05-09,112.16313934326172
2022-05-10,113.65144348144531
2022-05-11,113.03301239013672
2022-05-12,112.2395248413086
2022-05-13,115.56670379638672
2022-05-16,113.85774230957031
2022-05-17,115.75118255615234
2022-05-18,111.48570251464844
2022-05-19,109.84369659423828
2022-05-20,108.42285919189453
2022-05-23,110.75717163085938
2022-05-24,105.06343078613281
2022-05-25,104.97764587402344
2022-05-26,107.41413879394531
2022-05-27,111.8804702758789
2022-05-31,113.1103744506836
2022-06-01,113.20757293701172
2022-06-02,116.78718566894531
2022-06-03,113.63111114501953
2022-06-06,116.05766296386719
2022-06-07,116.27490234375
2022-06-08,116.2833251953125
2022-06-09,113.9822006225586
2022-06-10,110.52013397216797
2022-06-13,106.0062026977539
2022-06-14,106.32111358642578
2022-06-15,109.49158477783203
2022-06-16,105.76765441894531
2022-06-17,106.9871597290039
2022-06-21,111.10285949707031
2022-06-22,111.12169647216797
2022-06-23,111.76689147949219
2022-06-24,117.57274627685547
2022-06-27,115.6728286743164
2022-06-28,111.65483093261719
2022-06-29,111.34239196777344
2022-06-30,108.48187255859375
2022-07-01,108.1927490234375
2022-07-05,112.9596176147461
2022-07-06,114.27532196044922
2022-07-07,118.33447265625
2022-07-08,119.1899642944336
2022-07-11,115.57365417480469
2022-07-12,113.91427612304688
2022-07-13,111.27344512939453
2022-07-14,110.53253936767578
2022-07-15,111.84871673583984
2022-07-18,109.01498413085938
2022-07-19,113.68665313720703
2022-07-20,113.76598358154297
2022-07-21,114.10321044921875
2022-07-22,107.47761535644531
2022-07-25,107.32884216308594
2022-07-26,104.58140563964844
2022-07-27,112.67493438720703
2022-07-28,113.6568832397461
2022-07-29,115.69017791748047
2022-08-01,114.53964233398438
2022-08-02,114.95622253417969
2022-08-03,117.8127670288086
2022-08-04,117.90203094482422
2022-08-05,117.25733184814453
2022-08-08,117.177978515625
2022-08-09,116.5431900024414
2022-08-10,119.66754150390625
2022-08-11,118.84430694580078
2022-08-12,121.65125274658203
2022-08-15,121.87937927246094
2022-08-16,121.51239776611328
2022-08-17,119.34021759033203
2022-08-18,119.8758316040039
2022-08-19,117.15814208984375
2022-08-22,114.13297271728516
2022-08-23,113.83541107177734
2022-08-24,113.76598358154297
2022-08-25,116.74156188964844
2022-08-26,110.3936767578125
2022-08-29,109.44149017333984
2022-08-30,109.01498413085938
2022-08-31,108.26118469238281
2022-09-01,109.64978790283203
2022-09-02,107.79501342773438
2022-09-06,106.60478210449219
2022-09-07,109.58035278320312
2022-09-08,108.52897644042969
2022-09-09,110.86975860595703
2022-09-12,110.95903015136719
2022-09-13,104.45244598388672
2022-09-14,105.00788116455078
2022-09-15,103.0539321899414
2022-09-16,102.78612518310547
2022-09-19,103.00434112548828
2022-09-20,101.00078582763672
2022-09-21,99.19561004638672
2022-09-22,99.75105285644531
2022-09-23,98.36244201660156
2022-09-26,98.0053939819336
2022-09-27,97.2912368774414
2022-09-28,99.91967010498047
2022-09-29,97.2912368774414
2022-09-30,95.36705017089844
2022-10-03,98.49139404296875
2022-10-04,101.57608032226562
2022-10-05,101.38761901855469
2022-10-06,101.40745544433594
2022-10-07,98.75919342041016
2022-10-10,97.90619659423828
2022-10-11,97.2515640258789
2022-10-12,97.4995346069336
2022-10-13,98.89806365966797
2022-10-14,96.38865661621094
2022-10-17,99.95933532714844
2022-10-18,100.56436157226562
2022-10-19,99.47332000732422
2022-10-20,99.71138000488281
2022-10-21,100.65364074707031
2022-10-24,102.13150787353516
2022-10-25,104.07554626464844
2022-10-26,94.04785919189453
2022-10-27,91.845947265625
2022-10-28,95.79354858398438
2022-10-31,93.8891830444336
2022-11-01,89.76304626464844
2022-11-02,86.3609848022461
2022-11-03,82.81011962890625
2022-11-04,85.99398040771484
2022-11-07,87.9281234741211
2022-11-08,88.18599700927734
2022-11-09,86.68829345703125
2022-11-10,93.40315246582031
2022-11-11,95.94232177734375
2022-11-14,95.24801635742188
2022-11-15,97.9161148071289
2022-11-16,98.18392181396484
2022-11-17,97.69790649414062
2022-11-18,97.00361633300781
2022-11-21,95.04965209960938
2022-11-22,96.53742980957031
2022-11-23,98.01529693603516
2022-11-25,96.80523681640625
2022-11-28,95.46622467041016
2022-11-29,94.66282653808594
2022-11-30,100.6238784790039
2022-12-01,100.45527648925781
2022-12-02,100.00892639160156
2022-12-05,99.05674743652344
2022-12-06,96.51759338378906
2022-12-07,94.37518310546875
2022-12-08,93.1849594116211
2022-12-09,92.31211853027344
2022-12-12,92.79812622070312
2022-12-13,95.0694808959961
2022-12-14,94.53387451171875
2022-12-15,90.45735168457031
2022-12-16,90.1201171875
2022-12-19,88.42403411865234
2022-12-20,88.90013885498047
2022-12-21,89.51507568359375
2022-12-22,87.54129028320312
2022-12-23,89.07867431640625
2022-12-27,87.21398162841797
2022-12-28,85.75594329833984
2022-12-29,88.22567749023438
2022-12-30,88.0074691772461
2023-01-03,88.96957397460938
2023-01-04,87.9876480102539
2023-01-05,86.06341552734375
2023-01-06,87.44210815429688
2023-01-09,88.07688903808594
2023-01-10,88.51331329345703
2023-01-11,91.50872039794922
2023-01-12,91.16157531738281
2023-01-13,92.04432678222656
2023-01-17,91.40953826904297
2023-01-18,91.03263092041016
2023-01-19,93.1452865600586
2023-01-20,98.4715576171875
2023-01-23,100.38583374023438
2023-01-24,98.40211486816406
2023-01-25,95.94232177734375
2023-01-26,98.3525390625
2023-01-27,99.88990783691406
2023-01-30,97.15238189697266
2023-01-31,99.05674743652344
2023-02-01,100.60404205322266
2023-02-02,107.91403198242188
2023-02-03,104.3631820678711
2023-02-06,102.62744140625
2023-02-07,107.16022491455078
2023-02-08,99.18569946289062
2023-02-09,94.68265533447266
2023-02-10,94.0875473022461
2023-02-13,94.22640228271484
2023-02-14,94.17681121826172
2023-02-15,96.30931091308594
2023-02-16,95.00004577636719
2023-02-17,93.81974029541016
2023-02-21,91.3004379272461
2023-02-22,91.0524673461914
2023-02-23,90.32840728759766
2023-02-24,88.6224136352539
2023-02-27,89.36631774902344
2023-02-28,89.564697265625
2023-03-01,89.7729721069336
2023-03-02,91.55831146240234
2023-03-03,93.25437927246094
2023-03-06,94.80168914794922
2023-03-07,93.40315246582031
2023-03-08,93.87926483154297
2023-03-09,91.90547180175781
2023-03-10,90.2688980102539
2023-03-13,90.91361236572266
2023-03-14,93.4825210571289
2023-03-15,95.76378631591797
2023-03-16,100.24697875976562
2023-03-17,101.62565612792969
2023-03-20,101.0999755859375
2023-03-21,104.97813415527344
2023-03-22,103.371337890625
2023-03-23,105.39472961425781
2023-03-24,105.19633483886719
2023-03-27,102.22077178955078
2023-03-28,100.53462219238281
2023-03-29,101.0702133178711
2023-03-30,100.49494171142578
2023-03-31,103.15312194824219
2023-04-03,104.05570983886719
2023-04-04,104.26399993896484
2023-04-05,104.09538269042969
2023-04-06,108.01322174072266
2023-04-10,106.07908630371094
2023-04-11,105.25585174560547
2023-04-12,104.3631820678711
2023-04-13,107.30900573730469
2023-04-14,108.56866455078125
2023-04-17,105.55340576171875
2023-04-18,104.26399993896484
2023-04-19,104.16481018066406
2023-04-20,105.03766632080078
2023-04-21,105.04756927490234
2023-04-24,105.91046905517578
2023-04-25,103.75814819335938
2023-04-26,103.59945678710938
2023-04-27,107.48754119873047
2023-04-28,107.33875274658203
2023-05-01,106.8329086303711
2023-05-02,105.11700439453125
2023-05-03,105.25585174560547
2023-05-04,104.35325622558594
2023-05-05,105.35008239746094
2023-05-08,107.35858917236328
2023-05-09,107.06104278564453
2023-05-10,111.36569213867188
2023-05-11,115.94808959960938
2023-05-12,116.95975494384766
2023-05-15,116.00758361816406
2023-05-16,119.1120834350586
2023-05-17,120.49077606201172
2023-05-18,122.51416015625
2023-05-19,122.24637603759766
2023-05-22,124.84503173828125
2023-05-23,122.28604888916016
2023-05-24,120.64947509765625
2023-05-25,123.33740997314453
2023-05-26,124.40860748291016
2023-05-30,123.62504577636719
2023-05-31,122.36540222167969
2023-06-01,123.35725402832031
2023-06-02,124.21025085449219
2023-06-05,125.59883117675781
2023-06-06,126.86842346191406
2023-06-07,121.93888092041016
2023-06-08,121.67108154296875
2023-06-09,121.86946105957031
2023-06-12,123.33740997314453
2023-06-13,123.41676330566406
2023-06-14,123.36715698242188
2023-06-15,124.76567077636719
2023-06-16,123.04975891113281
2023-06-20,122.84148406982422
2023-06-21,120.27256774902344
2023-06-22,122.86132049560547
2023-06-23,122.01823425292969
2023-06-26,118.12023162841797
2023-06-27,118.0408935546875
2023-06-28,120.09403991699219
2023-06-29,119.03275299072266
2023-06-30,119.98491668701172
2023-07-03,119.57826232910156
2023-07-05,121.63140869140625
2023-07-06,119.94525146484375
2023-07-07,119.16168975830078
2023-07-10,115.91831970214844
2023-07-11,116.75148010253906
2023-07-12,118.64591979980469
2023-07-13,123.81349182128906
2023-07-14,124.67640686035156
2023-07-17,124.0416259765625
2023-07-18,123.0696029663086
2023-07-19,121.78018951416016
2023-07-20,118.55665588378906
2023-07-21,119.33030700683594
2023-07-24,120.88752746582031
2023-07-25,121.79010772705078
2023-07-26,128.6041717529297
2023-07-27,128.81243896484375
2023-07-28,131.92689514160156
2023-07-31,132.0260772705078
2023-08-01,130.81600952148438
2023-08-02,127.59247589111328
2023-08-03,127.72142791748047
2023-08-04,127.49327850341797
2023-08-07,130.86561584472656
2023-08-08,130.76641845703125
2023-08-09,129.0901641845703
2023-08-10,129.1497039794922
2023-08-11,129.11000061035156
2023-08-14,130.75650024414062
2023-08-15,129.20921325683594
2023-08-16,128.0586395263672
2023-08-17,129.39764404296875
2023-08-18,127.0667953491211
2023-08-21,127.88011169433594
2023-08-22,128.63394165039062
2023-08-23,132.1252899169922
2023-08-24,129.35797119140625
2023-08-25,129.6257781982422
2023-08-28,130.71682739257812
2023-08-29,134.38670349121094
2023-08-30,135.81497192382812
2023-08-31,136.23155212402344
2023-09-01,135.68601989746094
2023-09-05,135.59674072265625
2023-09-06,134.26766967773438
2023-09-07,135.09091186523438
2023-09-08,136.082763671875
2023-09-11,136.6183624267578
2023-09-12,134.9619903564453
2023-09-13,136.3803253173828
2023-09-14,137.85818481445312
2023-09-15,137.17381286621094
2023-09-18,137.82846069335938
2023-09-19,137.69949340820312
2023-09-20,133.4940185546875
2023-09-21,130.2903289794922
2023-09-22,130.1812286376953
2023-09-25,131.09373474121094
2023-09-26,128.3958740234375
2023-09-27,130.38951110839844
2023-09-28,132.04592895507812
2023-09-29,130.7763214111328
2023-10-02,134.06927490234375
2023-10-03,132.2145233154297
2023-10-04,135.1603546142578
2023-10-05,134.8826446533203
2023-10-06,137.6002960205078
2023-10-09,138.36404418945312
2023-10-10,138.0664825439453
2023-10-11,140.54611206054688
2023-10-12,139.14759826660156
2023-10-13,137.45152282714844
2023-10-16,139.3459930419922
2023-10-17,139.8419189453125
2023-10-18,138.1458282470703
2023-10-19,137.84828186035156
2023-10-20,135.6265411376953
2023-10-23,136.77706909179688
2023-10-24,138.97898864746094
2023-10-25,125.63851928710938
2023-10-26,122.43480682373047
2023-10-27,122.39513397216797
2023-10-30,124.72600555419922
2023-10-31,124.2796859741211
2023-11-01,126.53117370605469
2023-11-02,127.53297424316406
2023-11-03,129.30836486816406
2023-11-06,130.37957763671875
2023-11-07,131.32186889648438
2023-11-08,132.1748504638672
2023-11-09,130.6176300048828
2023-11-10,132.9683380126953
2023-11-13,132.55174255371094
2023-11-14,134.32717895507812
2023-11-15,135.2694549560547
2023-11-16,137.570556640625
2023-11-17,135.8248748779297
2023-11-20,136.7969207763672
2023-11-21,137.4912109375
2023-11-22,138.87982177734375
2023-11-24,137.09445190429688
2023-11-27,136.92584228515625
2023-11-28,137.4912109375
2023-11-29,135.28927612304688
2023-11-30,132.82945251464844
2023-12-01,132.234375
2023-12-04,129.5662841796875
2023-12-05,131.31190490722656
2023-12-06,130.3597412109375
2023-12-07,137.3225860595703
2023-12-08,135.52731323242188
2023-12-11,133.60313415527344
2023-12-12,132.55174255371094
2023-12-13,132.87905883789062
2023-12-14,132.11534118652344
2023-12-15,132.7501220703125
2023-12-18,136.07284545898438
2023-12-19,136.97544860839844
2023-12-20,138.52273559570312
2023-12-21,140.6453094482422
2023-12-22,141.5578155517578
2023-12-26,141.6570281982422
2023-12-27,140.28826904296875
2023-12-28,140.12954711914062
2023-12-29,139.78237915039062
2024-01-02,138.4235382080078
2024-01-03,139.217041015625
2024-01-04,136.91592407226562
2024-01-05,136.27122497558594
2024-01-08,139.3856658935547
2024-01-09,141.39910888671875
2024-01-10,142.62904357910156
2024-01-11,142.50010681152344
2024-01-12,143.0654296875
2024-01-16,142.90676879882812
2024-01-17,141.72642517089844
2024-01-18,143.80934143066406
2024-01-19,146.7650604248047
2024-01-22,146.5072021484375
2024-01-23,147.46926879882812
2024-01-24,149.12571716308594
2024-01-25,152.38890075683594
2024-01-26,152.53770446777344
2024-01-29,153.57913208007812
2024-01-30,151.8037109375
2024-01-31,140.6453094482422
2024-02-01,141.54791259765625
2024-02-02,142.37112426757812
2024-02-05,143.74981689453125
2024-02-06,144.22592163085938
2024-02-07,145.4855499267578
2024-02-08,146.02117919921875
2024-02-09,148.9967498779297
2024-02-12,147.5188751220703
2024-02-13,145.1781005859375
2024-02-14,145.9418182373047
2024-02-15,142.7678985595703
2024-02-16,140.60562133789062
2024-02-20,141.04202270507812
2024-02-21,142.66871643066406
2024-02-22,144.1366424560547
2024-02-23,144.1068878173828
2024-02-26,137.6201629638672
2024-02-27,138.9591827392578
2024-02-28,136.31088256835938
2024-02-29,138.64175415039062
2024-03-01,136.95559692382812
2024-03-04,133.10720825195312
2024-03-05,132.6905975341797
2024-03-06,131.4805450439453
2024-03-07,134.1387176513672
2024-03-08,135.18016052246094
2024-03-11,137.80860900878906
2024-03-12,138.48306274414062
2024-03-13,139.6237030029297
2024-03-14,143.16464233398438
2024-03-15,141.01231384277344
2024-03-18,147.27090454101562
2024-03-19,146.71548461914062
2024-03-20,148.4611358642578
2024-03-21,147.52880859375
2024-03-22,150.53411865234375
2024-03-25,149.91917419433594
2024-03-26,150.46470642089844
2024-03-27,150.70274353027344
2024-03-28,151.0201416015625
2024-04-01,155.22560119628906
2024-04-02,154.60073852539062
2024-04-03,155.09664916992188
2024-04-04,150.70274353027344
2024-04-05,152.68646240234375
2024-04-08,154.8685302734375
2024-04-09,156.8522491455078
2024-04-10,156.3761749267578
2024-04-11,159.4806365966797
2024-04-12,157.8937225341797
2024-04-15,155.05699157714844
2024-04-16,154.72967529296875
2024-04-17,155.60252380371094
2024-04-18,156.17779541015625
2024-04-19,154.45196533203125
2024-04-22,156.66378784179688
2024-04-23,158.6177520751953
2024-04-24,159.78814697265625
2024-04-25,156.66378784179688
2024-04-26,172.27561950683594
2024-04-29,166.53277587890625
2024-04-30,163.29934692382812
2024-05-01,164.2217559814453
2024-05-02,167.08824157714844
2024-05-03,167.61390686035156
2024-05-06,168.44705200195312
2024-05-07,171.5714111328125
2024-05-08,169.76622009277344
2024-05-09,170.18280029296875
2024-05-10,168.9033203125
2024-05-13,169.50833129882812
2024-05-14,170.5299530029297
2024-05-15,172.46408081054688
2024-05-16,174.00146484375
2024-05-17,175.84629821777344
2024-05-20,177.0067901611328
2024-05-21,178.07798767089844
2024-05-22,176.550537109375
2024-05-23,173.63446044921875
2024-05-24,174.89413452148438
2024-05-28,176.5703582763672
2024-05-29,175.9553985595703
2024-05-30,172.14669799804688
2024-05-31,172.54339599609375
2024-06-03,172.9996795654297
2024-06-04,173.7039031982422
2024-06-05,175.6281280517578
2024-06-06,176.89767456054688
2024-06-07,174.5172119140625
2024-06-10,175.39105224609375
2024-06-11,176.94009399414062
2024-06-12,178.3004913330078
2024-06-13,175.5002899169922
2024-06-14,177.1188507080078
2024-06-17,177.5259552001953
2024-06-18,175.21231079101562
2024-06-20,176.46348571777344
2024-06-21,178.99557495117188
2024-06-24,179.52186584472656
2024-06-25,184.2782745361328
2024-06-26,184.06973266601562
2024-06-27,185.54928588867188
2024-06-28,182.13340759277344
2024-07-01,183.19590759277344
2024-07-02,185.30105590820312
2024-07-03,186.07559204101562
2024-07-05,190.61354064941406
2024-07-08,189.14390563964844
2024-07-09,189.10418701171875
2024-07-10,191.30862426757812
2024-07-11,185.9862060546875
2024-07-12,185.4698486328125
2024-07-15,186.86996459960938
2024-07-16,184.19882202148438
2024-07-17,181.33901977539062
2024-07-18,177.96290588378906
2024-07-19,178.13168334960938
2024-07-22,182.0639190673828
2024-07-23,182.31216430664062
2024-07-24,173.14691162109375
2024-07-25,167.97344970703125
2024-07-26,167.49679565429688
2024-07-29,169.9296417236328
2024-07-30,170.6544952392578
2024-07-31,171.93545532226562
2024-08-01,171.2403564453125
2024-08-02,167.21876525878906
2024-08-05,159.51318359375
2024-08-06,159.4138946533203
2024-08-07,159.6224365234375
2024-08-08,162.69076538085938
2024-08-09,164.22988891601562
2024-08-12,162.79998779296875
2024-08-13,164.76611328125
2024-08-14,160.89344787597656
2024-08-15,162.0254669189453
2024-08-16,163.58444213867188
2024-08-19,167.21876525878906
2024-08-20,167.7748565673828
2024-08-21,166.4541778564453
2024-08-22,164.32919311523438
2024-08-23,166.25558471679688
2024-08-26,166.7520751953125
2024-08-27,165.21295166015625
2024-08-28,163.3461151123047
2024-08-29,162.25384521484375
2024-08-30,163.95184326171875
2024-09-03,157.49745178222656
2024-09-04,156.70306396484375
2024-09-05,157.48753356933594
2024-09-06,151.06289672851562
2024-09-09,148.68650817871094
2024-09-10,149.15383911132812
2024-09-11,151.2816162109375
2024-09-12,154.65228271484375
2024-09-13,157.46612548828125
2024-09-16,158.08262634277344
2024-09-17,159.36524963378906
2024-09-18,159.8922119140625
2024-09-19,162.308349609375
2024-09-20,163.70034790039062
2024-09-23,162.13931274414062
2024-09-24,162.70606994628906
2024-09-25,162.05978393554688
2024-09-26,162.89498901367188
2024-09-27,164.3466339111328
2024-09-30,166.23580932617188
2024-10-01,167.4587860107422
2024-10-02,166.3551025390625
2024-10-03,166.25570678710938
2024-10-04,167.5979766845703
2024-10-07,163.4517822265625
2024-10-08,164.75430297851562
2024-10-09,162.12937927246094
2024-10-10,162.24868774414062
2024-10-11,163.5810546875
2024-10-14,165.40060424804688
2024-10-15,165.94744873046875
2024-10-16,165.78839111328125
2024-10-17,163.5710906982422
2024-10-18,164.10801696777344
2024-10-21,164.85372924804688
2024-10-22,165.86795043945312
2024-10-23,163.54127502441406
2024-10-24,163.5909881591797
2024-10-25,166.03695678710938
2024-10-28,167.37924194335938
2024-10-29,170.16326904296875
2024-10-30,175.13470458984375
2024-10-31,171.7044219970703
2024-11-01,171.66464233398438
2024-11-04,169.7058868408203
2024-11-05,170.43174743652344
2024-11-06,177.31222534179688
2024-11-07,181.2396697998047
2024-11-08,178.83349609375
2024-11-11,180.93145751953125
2024-11-12,182.27374267578125
2024-11-13,179.45989990234375
2024-11-14,176.3378143310547
2024-11-15,172.89756774902344
2024-11-18,175.7909393310547
2024-11-19,178.5550994873047
2024-11-20,176.31793212890625
2024-11-21,168.2740936279297
2024-11-22,165.61932373046875
2024-11-25,168.46299743652344
2024-11-26,169.64622497558594
2024-11-27,169.8450927734375
2024-11-29,169.51698303222656
2024-12-02,171.9927520751953
2024-12-03,172.0325164794922
2024-12-04,175.0850067138672
2024-12-05,173.31515502929688
2024-12-06,175.48272705078125
2024-12-09,176.2890167236328
2024-12-10,185.67584228515625
2024-12-11,195.80923461914062
2024-12-12,192.7433319091797
2024-12-13,190.5036163330078
2024-12-16,197.25259399414062
2024-12-17,196.21734619140625
2024-12-18,189.2792510986328
2024-12-19,188.831298828125
2024-12-20,192.07640075683594
2024-12-23,195.092529296875
2024-12-24,196.665283203125
2024-12-26,196.1974334716797
2024-12-27,193.15142822265625
2024-12-30,191.80764770507812
2024-12-31,189.5679168701172
2025-01-02,189.75704956054688
2025-01-03,192.24562072753906
2025-01-06,197.0535125732422
2025-01-07,195.80923461914062
2025-01-08,194.49526977539062
2025-01-10,192.28541564941406
2025-01-13,191.40945434570312
2025-01-14,190.17514038085938
2025-01-15,196.07798767089844
2025-01-16,193.51974487304688
2025-01-17,196.6453857421875
2025-01-21,198.71585083007812
2025-01-22,199.11402893066406
2025-01-23,198.6660614013672
2025-01-24,200.97544860839844
2025-01-27,192.8826904296875
2025-01-28,196.16758728027344
2025-01-29,196.27706909179688
2025-01-30,201.70211791992188
2025-01-31,204.65850830078125
2025-02-03,201.71205139160156
2025-02-04,206.75885009765625
2025-02-05,192.41482543945312
2025-02-06,192.42477416992188
2025-02-07,186.2830352783203
2025-02-10,187.3381805419922
2025-02-11,186.21336364746094
2025-02-12,184.58087158203125
2025-02-13,187.0196533203125
2025-02-14,186.01426696777344
2025-02-18,184.9491729736328
2025-02-19,186.27310180664062
2025-02-20,185.7853240966797
2025-02-21,180.7484893798828
2025-02-24,180.36029052734375
2025-02-25,176.5577850341797
2025-02-26,173.90000915527344
2025-02-27,169.4305877685547
2025-02-28,171.43136596679688
2025-03-03,167.88766479492188
2025-03-04,171.81956481933594
2025-03-05,174.1886749267578
2025-03-06,173.41224670410156
2025-03-07,174.94520568847656
2025-03-10,167.2318572998047
2025-03-11,165.4081573486328
2025-03-12,168.41775512695312
2025-03-13,164.1624755859375
2025-03-14,167.0425262451172
2025-03-17,165.99612426757812
2025-03-18,162.10955810546875
2025-03-19,165.70712280273438
2025-03-20,164.4813690185547
2025-03-21,165.67724609375
2025-03-24,169.34454345703125
2025-03-25,172.1947021484375
2025-03-26,166.5641632080078
2025-03-27,163.51470947265625
2025-03-28,155.5223388671875
2025-03-31,155.69175720214844
2025-04-01,158.33262634277344
2025-04-02,158.3126983642578
2025-04-03,152.10415649414062
2025-04-04,147.23101806640625
2025-04-07,148.72584533691406
2025-04-08,146.0749969482422
2025-04-09,160.505126953125
2025-04-10,154.83473205566406
2025-04-11,158.850830078125
2025-04-14,160.91372680664062
2025-04-15,158.13330078125
2025-04-16,154.9642791748047
2025-04-17,152.83164978027344
2025-04-21,149.34368896484375
2025-04-22,153.36976623535156
2025-04-23,157.1766357421875
2025-04-24,160.91372680664062
2025-04-25,163.28549194335938
2025-04-28,161.8604278564453
2025-04-29,161.5016632080078
2025-04-30,160.335693359375
2025-05-01,162.22914123535156
2025-05-02,165.23875427246094
2025-05-05,165.47792053222656
2025-05-06,164.630859375
2025-05-07,152.27357482910156
2025-05-08,155.21340942382812
2025-05-09,153.84812927246094
2025-05-12,159.03021240234375
2025-05-13,160.335693359375
2025-05-14,166.23529052734375
2025-05-15,164.8301544189453
2025-05-16,166.85316467285156
2025-05-19,167.29164123535156
2025-05-20,164.75047302246094
2025-05-21,169.47410583496094
2025-05-22,171.3874969482422
2025-05-23,169.0057373046875
2025-05-27,173.38059997558594
2025-05-28,172.78268432617188
2025-05-29,172.3641357421875
2025-05-30,172.25450134277344
2025-06-02,169.78302001953125
2025-06-03,167.13223266601562
2025-06-04,168.80641174316406
2025-06-05,169.22496032714844
2025-06-06,174.31735229492188
2025-06-09,177.23080444335938
2025-06-10,179.60543823242188
2025-06-11,178.38819885253906
2025-06-12,176.57228088378906
2025-06-13,175.48475646972656
2025-06-16,177.5401153564453
2025-06-17,176.83169555664062
2025-06-18,173.58900451660156
2025-06-20,167.35304260253906
2025-06-23,165.63693237304688
2025-06-24,167.363037109375
2025-06-25,171.1046142578125
2025-06-26,174.03799438476562
2025-06-27,177.869384765625
2025-06-30,176.99134826660156
2025-07-01,176.51243591308594
2025-07-02,179.35601806640625
2025-07-03,180.1442413330078
2025-07-07,177.1609649658203
2025-07-08,174.766357421875
2025-07-09,177.26075744628906
2025-07-10,178.29840087890625
2025-07-11,180.90252685546875
2025-07-14,182.39915466308594
2025-07-15,182.6885223388672
2025-07-16,183.3570098876953
2025-07-17,184.284912109375
2025-07-18,185.52212524414062
2025-07-21,190.7204132080078
2025-07-22,191.6782684326172
2025-07-23,191.07960510253906
2025-07-24,192.76580810546875
2025-07-25,193.6438446044922
2025-07-28,192.9853057861328
2025-07-29,195.98854064941406
2025-07-30,196.9962921142578
2025-07-31,192.42657470703125
2025-08-01,189.52310180664062
2025-08-04,195.31008911132812
2025-08-05,194.8810577392578
2025-08-06,196.4774627685547
2025-08-07,196.83663940429688
2025-08-08,201.63583374023438
2025-08-11,201.1768798828125
2025-08-12,203.70118713378906
2025-08-13,202.57371520996094
2025-08-14,203.36196899414062
2025-08-15,204.4495086669922
2025-08-18,203.8308868408203
2025-08-19,202.03494262695312
2025-08-20,199.74009704589844
2025-08-21,200.16912841796875
2025-08-22,206.25543212890625
2025-08-25,208.68995666503906
2025-08-26,207.48265075683594
2025-08-27,207.74208068847656
2025-08-28,211.89273071289062
2025-08-29,213.05010986328125
2025-09-02,211.5135955810547
2025-09-03,230.5806427001953
2025-09-04,232.1371307373047
2025-09-05,234.64149475097656
2025-09-08,233.84259033203125
2025-09-09,239.61474609375
2025-09-10,239.23526000976562
2025-09-11,240.45361328125
2025-09-12,241.0528106689453
2025-09-15,251.41873168945312
2025-09-16,251.0791778564453
2025-09-17,249.51132202148438
2025-09-18,251.98794555664062
2025-09-19,254.89401245117188
2025-09-22,252.53721618652344
2025-09-23,251.99794006347656
2025-09-24,247.4940643310547
2025-09-25,246.2357635498047
2025-09-26,246.8449249267578
2025-09-29,244.0287628173828
2025-09-30,243.2198486328125
2025-10-01,245.2071533203125
2025-10-02,246.095947265625
2025-10-03,246.1159210205078
2025-10-06,251.16905212402344
2025-10-07,246.7949981689453
2025-10-08,245.1272735595703
2025-10-09,241.88168334960938
2025-10-10,237.16807556152344
2025-10-13,244.30838012695312
2025-10-14,245.85629272460938
2025-10-15,251.36880493164062
2025-10-16,251.53857421875
2025-10-17,253.4459686279297
2025-10-20,256.6716003417969
2025-10-21,250.99929809570312
2025-10-22,252.18768310546875
2025-10-23,253.3860626220703
2025-10-24,260.1568603515625
2025-10-27,269.5640869140625
2025-10-28,268.0661315917969
2025-10-29,274.7969970703125
2025-10-30,281.5178527832031
2025-10-31,281.43798828125
2025-11-03,283.73486328125
2025-11-04,277.6830749511719
2025-11-05,284.364013671875
2025-11-06,284.9532165527344
2025-11-07,279.32086181640625
2025-11-10,290.19610595703125
2025-11-11,291.3445129394531
2025-11-12,287.04034423828125
2025-11-13,278.74163818359375
2025-11-14,276.60455322265625
2025-11-17,285.2128601074219
2025-11-18,284.5736999511719
2025-11-19,292.59283447265625
2025-11-20,289.5869445800781
2025-11-21,299.2438049316406
2025-11-24,318.0382995605469
2025-11-25,323.2012939453125
2025-11-26,319.8458557128906
2025-11-28,319.68603515625
2025-12-01,314.6928405761719
2025-12-02,315.59161376953125
2025-12-03,320.1853942871094
2025-12-04,317.9584045410156
2025-12-05,321.65338134765625
2025-12-08,314.2286376953125
2025-12-09,317.52630615234375
2025-12-10,320.7740173339844
2025-12-11,313.4791564941406
2025-12-12,310.3013916015625
2025-12-15,309.10223388671875
2025-12-16,307.51336669921875
2025-12-17,297.85015869140625
2025-12-18,303.5361633300781
2025-12-19,308.3927307128906
2025-12-22,311.1108093261719
2025-12-23,315.457763671875
2025-12-24,315.4477844238281
2025-12-26,314.7382507324219
2025-12-29,314.168701171875
2025-12-30,314.32855224609375
2025-12-31,313.5790710449219
2026-01-02,315.0980224609375
2026-01-05,317.09661865234375
2026-01-06,314.32855224609375
2026-01-07,322.2030029296875
2026-01-08,325.7804870605469
2026-01-09,328.9082946777344
2026-01-12,332.4957580566406
2026-01-13,336.1931457519531
2026-01-14,336.0732421875
2026-01-15,332.92547607421875
2026-01-16,330.1074523925781
2026-01-20,321.9331970214844
2026-01-21,328.1488342285156
2026-01-22,330.6070861816406
2026-01-23,328.19879150390625
2026-01-26,333.35516357421875
2026-01-27,334.76416015625
2026-01-28,336.04327392578125
2026-01-29,338.4216003417969
2026-01-30,338.29168701171875
2026-02-02,344.6571960449219
2026-02-03,340.4601745605469
2026-02-04,333.1053161621094
2026-02-05,331.09674072265625
2026-02-06,322.87255859375
2026-02-09,324.171630859375
2026-02-10,318.40570068359375
2026-02-11,311.1108093261719
2026-02-12,309.1521911621094
2026-02-13,305.8045654296875
2026-02-17,302.6068115234375
2026-02-18,303.7260437011719
2026-02-19,303.3462829589844
2026-02-20,314.6783142089844
2026-02-23,311.4705810546875
2026-02-24,310.7011413574219
2026-02-25,312.80963134765625
2026-02-26,306.93377685546875
2026-02-27,311.21075439453125
2026-03-02,306.1443176269531
2026-03-03,303.3462829589844
2026-03-04,303.23638916015625
2026-03-05,300.6981506347656
2026-03-06,298.0899963378906
2026-03-09,306.010009765625
2026-03-10,306.92999267578125
2026-03-11,308.4200134277344
2026-03-12,303.2099914550781
2026-03-13,301.4599914550781
2026-03-16,304.4200134277344
2026-03-17,309.4100036621094
2026-03-18,306.29998779296875
2026-03-19,305.7300109863281
2026-03-20,298.7900085449219
2026-03-23,299.0199890136719
2026-03-24,289.20001220703125
2026-03-25,289.5899963378906
2026-03-26,280.739990234375
2026-03-27,273.760009765625
2026-03-30,273.1400146484375
2026-03-31,286.8599853515625
2026-04-01,294.8999938964844
2026-04-02,294.4599914550781
2026-04-06,297.6600036621094
2026-04-07,303.92999267578125
2026-04-08,314.739990234375
2026-04-09,316.3699951171875
2026-04-10,315.7200012207031
2026-04-13,319.2099914550781
2026-04-14,330.5799865722656
2026-04-15,334.4700012207031
2026-04-16,332.7699890136719
2026-04-17,339.3999938964844
2026-04-20,335.3999938964844
2026-04-21,330.4700012207031
2026-04-22,337.7300109863281
2026-04-23,337.75
2026-04-24,342.32000732421875
2026-04-27,348.5199890136719
2026-04-28,347.5
2026-04-29,347.30999755859375
2026-04-30,381.94000244140625
2026-05-01,383.2200012207031
2026-05-04,379.6400146484375
