date,close
2004-08-19,2.4904274940490723
2004-08-20,2.688241481781006
2004-08-23,2.7152957916259766
2004-08-24,2.602861166000366
2004-08-25,2.630908250808716
2004-08-26,2.678313970565796
2004-08-27,2.6346304416656494
2004-08-30,2.531877040863037
2004-08-31,2.5408122539520264
2004-09-01,2.488194227218628
2004-09-02,2.5194668769836426
2004-09-03,2.4822373390197754
2004-09-07,2.5212042331695557
2004-09-08,2.539074659347534
2004-09-09,2.5393223762512207
2004-09-10,2.614278793334961
2004-09-13,2.668138027191162
2004-09-14,2.767169237136841
2004-09-15,2.779827833175659
2004-09-16,2.8287227153778076
2004-09-17,2.916088581085205
2004-09-20,2.9625022411346436
2004-09-21,2.924776077270508
2004-09-22,2.938178062438965
2004-09-23,2.99873948097229
2004-09-24,2.974167585372925
2004-09-27,2.935199737548828
2004-09-28,3.148651123046875
2004-09-29,3.2533907890319824
2004-09-30,3.2166574001312256
2004-10-01,3.290621042251587
2004-10-04,3.3521745204925537
2004-10-05,3.434328317642212
2004-10-06,3.4023101329803467
2004-10-07,3.446242094039917
2004-10-08,3.418443441390991
2004-10-11,3.3571383953094482
2004-10-12,3.410252094268799
2004-10-13,3.497122049331665
2004-10-14,3.5244250297546387
2004-10-15,3.576793909072876
2004-10-18,3.702134847640991
2004-10-19,3.6718544960021973
2004-10-20,3.486945867538452
2004-10-21,3.707594871520996
2004-10-22,4.279693603515625
2004-10-25,4.651247501373291
2004-10-26,4.512256145477295
2004-10-27,4.6157546043396
2004-10-28,4.797684192657471
2004-10-29,4.731663227081299
2004-11-01,4.865443706512451
2004-11-02,4.836651802062988
2004-11-03,4.757228851318359
2004-11-04,4.58423376083374
2004-11-05,4.203248023986816
2004-11-08,4.2826714515686035
2004-11-09,4.18711519241333
2004-11-10,4.166266918182373
2004-11-11,4.54253625869751
2004-11-12,4.517219543457031
2004-11-15,4.5884528160095215
2004-11-16,4.282424449920654
2004-11-17,4.281430721282959
2004-11-18,4.1583251953125
2004-11-19,4.204489231109619
2004-11-22,4.0977630615234375
2004-11-23,4.157827377319336
2004-11-24,4.337523460388184
2004-11-26,4.452439308166504
2004-11-29,4.493639945983887
2004-11-30,4.516722679138184
2004-12-01,4.466587066650391
2004-12-02,4.452688217163086
2004-12-03,4.477508544921875
2004-12-06,4.3754987716674805
2004-12-07,4.254873275756836
2004-12-08,4.2188849449157715
2004-12-09,4.304512977600098
2004-12-10,4.260334014892578
2004-12-13,4.2305498123168945
2004-12-14,4.435065746307373
2004-12-15,4.462120532989502
2004-12-16,4.379965782165527
2004-12-17,4.469566822052002
2004-12-20,4.5921759605407715
2004-12-21,4.560654163360596
2004-12-22,4.623945236206055
2004-12-23,4.663656234741211
2004-12-27,4.763185977935791
2004-12-28,4.784282207489014
2004-12-29,4.787756443023682
2004-12-30,4.904409885406494
2004-12-31,4.785027503967285
2005-01-03,5.031239986419678
2005-01-04,4.827467918395996
2005-01-05,4.802896499633789
2005-01-06,4.6797895431518555
2005-01-07,4.81133508682251
2005-01-10,4.841367244720459
2005-01-11,4.803641319274902
2005-01-12,4.849309921264648
2005-01-13,4.848068714141846
2005-01-14,4.96323299407959
2005-01-18,5.0607757568359375
2005-01-19,4.896963596343994
2005-01-20,4.813072681427002
2005-01-21,4.673088550567627
2005-01-24,4.485450744628906
2005-01-25,4.3960981369018555
2005-01-26,4.696915626525879
2005-01-27,4.668124675750732
2005-01-28,4.724217414855957
2005-01-31,4.855266094207764
2005-02-01,4.762936115264893
2005-02-02,5.111904621124268
2005-02-03,5.233521938323975
2005-02-04,5.0721917152404785
2005-02-07,4.865443706512451
2005-02-08,4.930222511291504
2005-02-09,4.7549943923950195
2005-02-10,4.665642738342285
2005-02-11,4.651247501373291
2005-02-14,4.7899909019470215
2005-02-15,4.845586776733398
2005-02-16,4.924513339996338
2005-02-17,4.911855697631836
2005-02-18,4.913097381591797
2005-02-22,4.749782085418701
2005-02-23,4.813817977905273
2005-02-24,4.688228607177734
2005-02-25,4.613272666931152
2005-02-28,4.665890693664551
2005-03-01,4.617988109588623
2005-03-02,4.596146583557129
2005-03-03,4.641568183898926
2005-03-04,4.614017486572266
2005-03-07,4.686243534088135
2005-03-08,4.596643924713135
2005-03-09,4.5010857582092285
2005-03-10,4.46708345413208
2005-03-11,4.412975788116455
2005-03-14,4.343231678009033
2005-03-15,4.433080673217773
2005-03-16,4.358371734619141
2005-03-17,4.449957847595215
2005-03-18,4.468572616577148
2005-03-21,4.489421844482422
2005-03-22,4.432831764221191
2005-03-23,4.442263603210449
2005-03-24,4.448965549468994
2005-03-28,4.502824306488037
2005-03-29,4.456906318664551
2005-03-30,4.4787492752075195
2005-03-31,4.48023796081543
2005-04-01,4.468572616577148
2005-04-04,4.598876953125
2005-04-05,4.680286407470703
2005-04-06,4.696419715881348
2005-04-07,4.809101581573486
2005-04-08,4.766659736633301
2005-04-11,4.795947074890137
2005-04-12,4.814066410064697
2005-04-13,4.7885003089904785
2005-04-14,4.751768112182617
2005-04-15,4.59168004989624
2005-04-18,4.640574932098389
2005-04-19,4.750527381896973
2005-04-20,4.916820526123047
2005-04-21,5.068717956542969
2005-04-22,5.356379985809326
2005-04-25,5.547989845275879
2005-04-26,5.42935037612915
2005-04-27,5.4549150466918945
2005-04-28,5.446724891662598
2005-04-29,5.460375785827637
2005-05-02,5.517212867736816
2005-05-03,5.614010334014893
2005-05-04,5.671343803405762
2005-05-05,5.6336188316345215
2005-05-06,5.659431457519531
2005-05-09,5.609791278839111
2005-05-10,5.653971195220947
2005-05-11,5.740592002868652
2005-05-12,5.676805019378662
2005-05-13,5.689711570739746
2005-05-16,5.734634876251221
2005-05-17,5.786260604858398
2005-05-18,5.935924530029297
2005-05-19,5.936420440673828
2005-05-20,5.996733665466309
2005-05-23,6.340240955352783
2005-05-24,6.353890895843506
2005-05-25,6.473275184631348
2005-05-26,6.433314800262451
2005-05-27,6.602091312408447
2005-05-31,6.881811141967773
2005-06-01,7.148127555847168
2005-06-02,7.145647048950195
2005-06-03,6.956023216247559
2005-06-06,7.22109842300415
2005-06-07,7.275205612182617
2005-06-08,6.938647747039795
2005-06-09,7.10618257522583
2005-06-10,7.0116190910339355
2005-06-13,7.017823696136475
2005-06-14,6.90861701965332
2005-06-15,6.820505142211914
2005-06-16,6.886030197143555
2005-06-17,6.957015037536621
2005-06-20,7.115862846374512
2005-06-21,7.144157409667969
2005-06-22,7.180394172668457
2005-06-23,7.19057035446167
2005-06-24,7.377712249755859
2005-06-27,7.547728061676025
2005-06-28,7.495607376098633
2005-06-29,7.265278339385986
2005-06-30,7.300770282745361
2005-07-01,7.228792667388916
2005-07-05,7.339488983154297
2005-07-06,7.235494136810303
2005-07-07,7.335269451141357
2005-07-08,7.352396011352539
2005-07-11,7.280914306640625
2005-07-12,7.241947650909424
2005-07-13,7.417672157287598
2005-07-14,7.4680562019348145
2005-07-15,7.475502014160156
2005-07-18,7.434549808502197
2005-07-19,7.691683769226074
2005-07-20,7.743805408477783
2005-07-21,7.791955947875977
2005-07-22,7.505535125732422
2005-07-25,7.342964172363281
2005-07-26,7.348920822143555
2005-07-27,7.369770050048828
2005-07-28,7.284637451171875
2005-07-29,7.1421709060668945
2005-08-01,7.237728118896484
2005-08-02,7.425861835479736
2005-08-03,7.378952980041504
2005-08-04,7.3896260261535645
2005-08-05,7.256093978881836
2005-08-08,7.228792667388916
2005-08-09,7.2367353439331055
2005-08-10,7.090545654296875
2005-08-11,7.050089359283447
2005-08-12,7.190816879272461
2005-08-15,7.048849105834961
2005-08-16,7.089800834655762
2005-08-17,7.076149940490723
2005-08-18,6.949320316314697
2005-08-19,6.949568748474121
2005-08-22,6.80089807510376
2005-08-23,6.939144611358643
2005-08-24,7.013355731964111
2005-08-25,7.013852596282959
2005-08-26,7.038424491882324
2005-08-29,7.15929651260376
2005-08-30,7.13001012802124
2005-08-31,7.0984883308410645
2005-09-01,7.104692459106445
2005-09-02,7.15929651260376
2005-09-06,7.126039028167725
2005-09-07,7.31864070892334
2005-09-08,7.331546306610107
2005-09-09,7.4233808517456055
2005-09-12,7.687711715698242
2005-09-13,7.735862731933594
2005-09-14,7.520427703857422
2005-09-15,7.510994911193848
2005-09-16,7.450931072235107
2005-09-19,7.540033340454102
2005-09-20,7.64229154586792
2005-09-21,7.7413225173950195
2005-09-22,7.728168487548828
2005-09-23,7.827200412750244
2005-09-26,7.8003950119018555
2005-09-27,7.791955947875977
2005-09-28,7.59488582611084
2005-09-29,7.684734344482422
2005-09-30,7.854501247406006
2005-10-03,7.909602642059326
2005-10-04,7.718985080718994
2005-10-05,7.711788177490234
2005-10-06,7.762420654296875
2005-10-07,7.76837682723999
2005-10-10,7.710298538208008
2005-10-11,7.597367763519287
2005-10-12,7.4700422286987305
2005-10-13,7.382427215576172
2005-10-14,7.350161075592041
2005-10-17,7.570066452026367
2005-10-18,7.527376174926758
2005-10-19,7.661900043487549
2005-10-20,7.525390625
2005-10-21,8.436279296875
2005-10-24,8.653453826904297
2005-10-25,8.61026668548584
2005-10-26,8.821979522705078
2005-10-27,8.762908935546875
2005-10-28,8.889739990234375
2005-10-31,9.23647403717041
2005-11-01,9.416169166564941
2005-11-02,9.423616409301758
2005-11-03,9.579235076904297
2005-11-04,9.6904296875
2005-11-07,9.804601669311523
2005-11-08,9.677273750305176
2005-11-09,9.410462379455566
2005-11-10,9.707056999206543
2005-11-11,9.68968391418457
2005-11-14,9.852751731872559
2005-11-15,9.749252319335938
2005-11-16,9.882038116455078
2005-11-17,10.013585090637207
2005-11-18,9.93316650390625
2005-11-21,10.160268783569336
2005-11-22,10.336737632751465
2005-11-23,10.495338439941406
2005-11-25,10.638298988342285
2005-11-28,10.510727882385254
2005-11-29,10.01581859588623
2005-11-30,10.049820899963379
2005-12-01,10.277668952941895
2005-12-02,10.367268562316895
2005-12-05,10.073152542114258
2005-12-06,10.040637969970703
2005-12-07,10.032695770263672
2005-12-08,10.192289352416992
2005-12-09,10.156298637390137
2005-12-12,10.240934371948242
2005-12-13,10.362054824829102
2005-12-14,10.398539543151855
2005-12-15,10.487643241882324
2005-12-16,10.676274299621582
2005-12-19,10.53852367401123
2005-12-20,10.666099548339844
2005-12-21,10.581460952758789
2005-12-22,10.723186492919922
2005-12-23,10.695634841918945
2005-12-27,10.539517402648926
2005-12-28,10.590397834777832
2005-12-29,10.428075790405273
2005-12-30,10.29677963256836
2006-01-03,10.802359580993652
2006-01-04,11.050806999206543
2006-01-05,11.199726104736328
2006-01-06,11.557629585266113
2006-01-09,11.58840560913086
2006-01-10,11.659390449523926
2006-01-11,11.705804824829102
2006-01-12,11.507245063781738
2006-01-13,11.572272300720215
2006-01-17,11.593618392944336
2006-01-18,11.042617797851562
2006-01-19,10.832640647888184
2006-01-20,9.914552688598633
2006-01-23,10.610502243041992
2006-01-24,10.995956420898438
2006-01-25,10.747013092041016
2006-01-26,10.778532028198242
2006-01-27,10.759174346923828
2006-01-30,10.59362506866455
2006-01-31,10.738572120666504
2006-02-01,9.972136497497559
2006-02-02,9.829668998718262
2006-02-03,9.4700288772583
2006-02-06,9.558138847351074
2006-02-07,9.131732940673828
2006-02-08,9.160523414611816
2006-02-09,8.904631614685059
2006-02-10,8.999939918518066
2006-02-13,8.580235481262207
2006-02-14,8.52116584777832
2006-02-15,8.497833251953125
2006-02-16,9.09549617767334
2006-02-17,9.15233325958252
2006-02-21,9.098724365234375
2006-02-22,9.071418762207031
2006-02-23,9.383655548095703
2006-02-24,9.367025375366211
2006-02-27,9.689188957214355
2006-02-28,9.000189781188965
2006-03-01,9.054296493530273
2006-03-02,9.3434476852417
2006-03-03,9.386385917663574
2006-03-06,9.136201858520508
2006-03-07,9.045609474182129
2006-03-08,8.783263206481934
2006-03-09,8.513221740722656
2006-03-10,8.37671184539795
2006-03-13,8.365791320800781
2006-03-14,8.715753555297852
2006-03-15,8.55045223236084
2006-03-16,8.408233642578125
2006-03-17,8.433549880981445
2006-03-20,8.642036437988281
2006-03-21,8.436777114868164
2006-03-22,8.444223403930664
2006-03-23,8.485671997070312
2006-03-24,9.079113960266113
2006-03-27,9.175666809082031
2006-03-28,9.362061500549316
2006-03-29,9.803359031677246
2006-03-30,9.641037940979004
2006-03-31,9.679757118225098
2006-04-03,9.672309875488281
2006-04-04,10.035675048828125
2006-04-05,10.126266479492188
2006-04-06,10.205442428588867
2006-04-07,10.080845832824707
2006-04-10,10.33450698852539
2006-04-11,10.167716026306152
2006-04-12,10.150093078613281
2006-04-13,9.9815673828125
2006-04-17,10.0972261428833
2006-04-18,10.03318977355957
2006-04-19,10.18856430053711
2006-04-20,10.300251960754395
2006-04-21,10.848773002624512
2006-04-24,10.933162689208984
2006-04-25,10.602063179016113
2006-04-26,10.572527885437012
2006-04-27,10.425097465515137
2006-04-28,10.373225212097168
2006-05-01,9.900652885437012
2006-05-02,9.798892974853516
2006-05-03,9.783256530761719
2006-05-04,9.797650337219238
2006-05-05,9.786481857299805
2006-05-08,9.798396110534668
2006-05-09,10.146370887756348
2006-05-10,10.001920700073242
2006-05-11,9.605297088623047
2006-05-12,9.285865783691406
2006-05-15,9.337241172790527
2006-05-16,9.215624809265137
2006-05-17,9.295047760009766
2006-05-18,9.207929611206055
2006-05-19,9.183855056762695
2006-05-22,9.206937789916992
2006-05-23,9.321855545043945
2006-05-24,9.4625825881958
2006-05-25,9.505768775939941
2006-05-26,9.465063095092773
2006-05-30,9.2315092086792
2006-05-31,9.228530883789062
2006-06-01,9.496585845947266
2006-06-02,9.417657852172852
2006-06-05,9.293558120727539
2006-06-06,9.679508209228516
2006-06-07,9.59313678741455
2006-06-08,9.761662483215332
2006-06-09,9.594625473022461
2006-06-12,9.469780921936035
2006-06-13,9.593382835388184
2006-06-14,9.54051685333252
2006-06-15,9.70457649230957
2006-06-16,9.697131156921387
2006-06-19,9.633591651916504
2006-06-20,9.609516143798828
2006-06-21,9.980820655822754
2006-06-22,9.926714897155762
2006-06-23,10.048580169677734
2006-06-26,10.032695770263672
2006-06-27,9.985538482666016
2006-06-28,10.079605102539062
2006-06-29,10.369998931884766
2006-06-30,10.407723426818848
2006-07-03,10.503778457641602
2006-07-05,10.460591316223145
2006-07-06,10.503527641296387
2006-07-07,10.435522079467773
2006-07-10,10.379676818847656
2006-07-11,10.5375337600708
2006-07-12,10.356099128723145
2006-07-13,10.147115707397461
2006-07-14,10.014824867248535
2006-07-17,10.123784065246582
2006-07-18,10.003656387329102
2006-07-19,9.903136253356934
2006-07-20,9.608274459838867
2006-07-21,9.682487487792969
2006-07-24,9.702095031738281
2006-07-25,9.663870811462402
2006-07-26,9.568068504333496
2006-07-27,9.49112606048584
2006-07-28,9.633096694946289
2006-07-31,9.595369338989258
2006-08-01,9.32011604309082
2006-08-02,9.114608764648438
2006-08-03,9.317136764526367
2006-08-04,9.278916358947754
2006-08-07,9.380677223205566
2006-08-08,9.456378936767578
2006-08-09,9.355609893798828
2006-08-10,9.287601470947266
2006-08-11,9.14612865447998
2006-08-14,9.169212341308594
2006-08-15,9.455632209777832
2006-08-16,9.623167037963867
2006-08-17,9.575514793395996
2006-08-18,9.51495361328125
2006-08-21,9.364543914794922
2006-08-22,9.389115333557129
2006-08-23,9.2684907913208
2006-08-24,9.275938034057617
2006-08-25,9.264273643493652
2006-08-28,9.455137252807617
2006-08-29,9.405496597290039
2006-08-30,9.45017147064209
2006-08-31,9.395072937011719
2006-09-01,9.396808624267578
2006-09-05,9.539772987365723
2006-09-06,9.43503189086914
2006-09-07,9.39408016204834
2006-09-08,9.378194808959961
2006-09-11,9.533071517944336
2006-09-12,9.726914405822754
2006-09-13,10.091022491455078
2006-09-14,10.026739120483398
2006-09-15,10.173175811767578
2006-09-18,10.292561531066895
2006-09-19,10.0225191116333
2006-09-20,9.853495597839355
2006-09-21,10.09797191619873
2006-09-22,10.021774291992188
2006-09-25,10.026739120483398
2006-09-26,10.098467826843262
2006-09-27,10.000431060791016
2006-09-28,10.016812324523926
2006-09-29,9.975112915039062
2006-10-02,9.963695526123047
2006-10-03,10.028226852416992
2006-10-04,10.317626953125
2006-10-05,10.22107982635498
2006-10-06,10.436762809753418
2006-10-09,10.647732734680176
2006-10-10,10.58940601348877
2006-10-11,10.58568000793457
2006-10-12,10.609012603759766
2006-10-13,10.605539321899414
2006-10-16,10.467787742614746
2006-10-17,10.440239906311035
2006-10-18,10.4072265625
2006-10-19,10.574761390686035
2006-10-20,11.408957481384277
2006-10-23,11.932908058166504
2006-10-24,11.747501373291016
2006-10-25,12.07735824584961
2006-10-26,12.040128707885742
2006-10-27,11.794412612915039
2006-10-30,11.828414916992188
2006-10-31,11.823946952819824
2006-11-01,11.603297233581543
2006-11-02,11.663115501403809
2006-11-03,11.710023880004883
2006-11-06,11.837845802307129
2006-11-07,11.729133605957031
2006-11-08,11.789446830749512
2006-11-09,11.730624198913574
2006-11-10,11.753458023071289
2006-11-13,11.93911075592041
2006-11-14,12.144372940063477
2006-11-15,12.209648132324219
2006-11-16,12.308184623718262
2006-11-17,12.379913330078125
2006-11-20,12.287086486816406
2006-11-21,12.649456977844238
2006-11-22,12.608752250671387
2006-11-24,12.53404426574707
2006-11-27,12.031441688537598
2006-11-28,12.149335861206055
2006-11-29,12.028958320617676
2006-11-30,12.032930374145508
2006-12-01,11.933402061462402
2006-12-04,12.03392219543457
2006-12-05,12.087285995483398
2006-12-06,12.129729270935059
2006-12-07,11.979072570800781
2006-12-08,12.015556335449219
2006-12-11,12.011089324951172
2006-12-12,11.95772647857666
2006-12-13,11.888479232788086
2006-12-14,11.966166496276855
2006-12-15,11.92099380493164
2006-12-18,11.486644744873047
2006-12-19,11.631343841552734
2006-12-20,11.489127159118652
2006-12-21,11.322833061218262
2006-12-22,11.30744457244873
2006-12-26,11.355843544006348
2006-12-27,11.616453170776367
2006-12-28,11.480687141418457
2006-12-29,11.429062843322754
2007-01-03,11.605531692504883
2007-01-04,11.994458198547363
2007-01-05,12.092002868652344
2007-01-08,12.002402305603027
2007-01-09,12.050055503845215
2007-01-10,12.148343086242676
2007-01-11,12.402996063232422
2007-01-12,12.53404426574707
2007-01-16,12.516173362731934
2007-01-17,12.342432975769043
2007-01-18,12.107887268066406
2007-01-19,12.15554141998291
2007-01-22,11.934396743774414
2007-01-23,11.889967918395996
2007-01-24,12.386860847473145
2007-01-25,12.114338874816895
2007-01-26,12.306693077087402
2007-01-29,12.223052978515625
2007-01-30,12.26896858215332
2007-01-31,12.447174072265625
2007-02-01,11.95698070526123
2007-02-02,11.950777053833008
2007-02-05,11.594860076904297
2007-02-06,11.702080726623535
2007-02-07,11.665595054626465
2007-02-08,11.690912246704102
2007-02-09,11.464059829711914
2007-02-12,11.37470531463623
2007-02-13,11.394811630249023
2007-02-14,11.564332962036133
2007-02-15,11.453633308410645
2007-02-16,11.663858413696289
2007-02-20,11.71746826171875
2007-02-21,11.810791969299316
2007-02-22,11.81054401397705
2007-02-23,11.680734634399414
2007-02-26,11.539511680603027
2007-02-27,11.138420104980469
2007-02-28,11.155298233032227
2007-03-01,11.125020027160645
2007-03-02,10.887989044189453
2007-03-05,10.944329261779785
2007-03-06,11.356340408325195
2007-03-07,11.308935165405273
2007-03-08,11.286099433898926
2007-03-09,11.242416381835938
2007-03-12,11.286843299865723
2007-03-13,10.995956420898438
2007-03-14,11.11931037902832
2007-03-15,11.074385643005371
2007-03-16,10.94184684753418
2007-03-19,11.100198745727539
2007-03-20,11.051799774169922
2007-03-21,11.33151912689209
2007-03-22,11.467782020568848
2007-03-23,11.462569236755371
2007-03-26,11.54124927520752
2007-03-27,11.506997108459473
2007-03-28,11.463810920715332
2007-03-29,11.439983367919922
2007-03-30,11.371479034423828
2007-04-02,11.380663871765137
2007-04-03,11.729879379272461
2007-04-04,11.690664291381836
2007-04-05,11.702827453613281
2007-04-09,11.620919227600098
2007-04-10,11.578478813171387
2007-04-11,11.529583930969238
2007-04-12,11.600567817687988
2007-04-13,11.57326602935791
2007-04-16,11.77132797241211
2007-04-17,11.734843254089355
2007-04-18,11.81451416015625
2007-04-19,11.706299781799316
2007-04-20,11.975098609924316
2007-04-23,11.890711784362793
2007-04-24,11.852241516113281
2007-04-25,11.86365795135498
2007-04-26,11.942835807800293
2007-04-27,11.888975143432617
2007-04-30,11.69959831237793
2007-05-01,11.640527725219727
2007-05-02,11.560606956481934
2007-05-03,11.745515823364258
2007-05-04,11.693146705627441
2007-05-07,11.597589492797852
2007-05-08,11.586174011230469
2007-05-09,11.646733283996582
2007-05-10,11.453633308410645
2007-05-11,11.58443546295166
2007-05-14,11.46132755279541
2007-05-15,11.367508888244629
2007-05-16,11.730127334594727
2007-05-17,11.68917465209961
2007-05-18,11.673291206359863
2007-05-21,11.680241584777832
2007-05-22,11.810791969299316
2007-05-23,11.76388168334961
2007-05-24,11.772817611694336
2007-05-25,12.0009126663208
2007-05-29,12.09001636505127
2007-05-30,12.37519645690918
2007-05-31,12.35806941986084
2007-06-01,12.419872283935547
2007-06-04,12.585421562194824
2007-06-05,12.87755012512207
2007-06-06,12.862908363342285
2007-06-07,12.783731460571289
2007-06-08,12.794404029846191
2007-06-11,12.691402435302734
2007-06-12,12.528335571289062
2007-06-13,12.54000186920166
2007-06-14,12.480433464050293
2007-06-15,12.556132316589355
2007-06-18,12.78720760345459
2007-06-19,12.765116691589355
2007-06-20,12.657397270202637
2007-06-21,12.760154724121094
2007-06-22,13.02994441986084
2007-06-25,13.090505599975586
2007-06-26,13.160993576049805
2007-06-27,13.062458992004395
2007-06-28,13.030689239501953
2007-06-29,12.973355293273926
2007-07-02,13.163971900939941
2007-07-03,13.262259483337402
2007-07-05,13.443195343017578
2007-07-06,13.387845993041992
2007-07-09,13.466279029846191
2007-07-10,13.485638618469238
2007-07-11,13.513684272766113
2007-07-12,13.535030364990234
2007-07-13,13.704548835754395
2007-07-16,13.725150108337402
2007-07-17,13.775038719177246
2007-07-18,13.638528823852539
2007-07-19,13.615942001342773
2007-07-20,12.909320831298828
2007-07-23,12.720440864562988
2007-07-24,12.757423400878906
2007-07-25,12.652188301086426
2007-07-26,12.608503341674805
2007-07-27,12.705052375793457
2007-07-30,12.809792518615723
2007-07-31,12.658143997192383
2007-08-01,12.731114387512207
2007-08-02,12.683211326599121
2007-08-03,12.484404563903809
2007-08-06,12.658143997192383
2007-08-07,12.807558059692383
2007-08-08,13.049799919128418
2007-08-09,12.775542259216309
2007-08-10,12.800858497619629
2007-08-13,12.794652938842773
2007-08-14,12.623394012451172
2007-08-15,12.349137306213379
2007-08-16,12.199470520019531
2007-08-17,12.410938262939453
2007-08-20,12.358319282531738
2007-08-21,12.574003219604492
2007-08-22,12.726398468017578
2007-08-23,12.712498664855957
2007-08-24,12.782242774963379
2007-08-27,12.739055633544922
2007-08-28,12.568793296813965
2007-08-29,12.729625701904297
2007-08-30,12.692892074584961
2007-08-31,12.788448333740234
2007-09-04,13.034164428710938
2007-09-05,13.099937438964844
2007-09-06,12.993707656860352
2007-09-07,12.89021110534668
2007-09-10,12.769336700439453
2007-09-11,12.939352989196777
2007-09-12,12.972113609313965
2007-09-13,13.024982452392578
2007-09-14,13.123517036437988
2007-09-17,13.03788948059082
2007-09-18,13.285343170166016
2007-09-19,13.572755813598633
2007-09-20,13.72118091583252
2007-09-21,13.901618957519531
2007-09-24,14.098193168640137
2007-09-25,14.122516632080078
2007-09-26,14.101668357849121
2007-09-27,14.085288047790527
2007-09-28,14.079578399658203
2007-10-01,14.458827018737793
2007-10-02,14.504494667053223
2007-10-03,14.495312690734863
2007-10-04,14.3714599609375
2007-10-05,14.744254112243652
2007-10-08,15.130701065063477
2007-10-09,15.268698692321777
2007-10-10,15.522109985351562
2007-10-11,15.437970161437988
2007-10-12,15.81994915008545
2007-10-15,15.391060829162598
2007-10-16,15.28905200958252
2007-10-17,15.72290325164795
2007-10-18,15.875298500061035
2007-10-19,16.00163459777832
2007-10-22,16.15154266357422
2007-10-23,16.772537231445312
2007-10-24,16.77377700805664
2007-10-25,16.592344284057617
2007-10-26,16.743497848510742
2007-10-29,16.858413696289062
2007-10-30,17.24411392211914
2007-10-31,17.547664642333984
2007-11-01,17.453596115112305
2007-11-02,17.65314483642578
2007-11-05,18.01055335998535
2007-11-06,18.411148071289062
2007-11-07,18.191492080688477
2007-11-08,17.221031188964844
2007-11-09,16.47966194152832
2007-11-12,15.687907218933105
2007-11-13,16.394777297973633
2007-11-14,15.926426887512207
2007-11-15,15.627842903137207
2007-11-16,15.7266263961792
2007-11-19,15.533527374267578
2007-11-20,16.09669303894043
2007-11-21,16.394031524658203
2007-11-23,16.79561996459961
2007-11-26,16.530046463012695
2007-11-27,16.717933654785156
2007-11-28,17.18181610107422
2007-11-29,17.299463272094727
2007-11-30,17.200185775756836
2007-12-03,16.915496826171875
2007-12-04,16.980775833129883
2007-12-05,17.336938858032227
2007-12-06,17.752674102783203
2007-12-07,17.74299430847168
2007-12-10,17.83110237121582
2007-12-11,17.354063034057617
2007-12-12,17.357789993286133
2007-12-13,17.22624397277832
2007-12-14,17.12472915649414
2007-12-17,16.610214233398438
2007-12-18,16.71247100830078
2007-12-19,16.812246322631836
2007-12-20,17.118030548095703
2007-12-21,17.291767120361328
2007-12-24,17.392040252685547
2007-12-26,17.64297103881836
2007-12-27,17.39228630065918
2007-12-28,17.436717987060547
2007-12-31,17.162456512451172
2008-01-02,17.006336212158203
2008-01-03,17.00981330871582
2008-01-04,16.306663513183594
2008-01-07,16.11431312561035
2008-01-08,15.678227424621582
2008-01-09,16.212350845336914
2008-01-10,16.051767349243164
2008-01-11,15.841292381286621
2008-01-14,16.227739334106445
2008-01-15,15.826399803161621
2008-01-16,15.287809371948242
2008-01-17,14.911541938781738
2008-01-18,14.898137092590332
2008-01-22,14.503501892089844
2008-01-23,13.616687774658203
2008-01-24,14.25877857208252
2008-01-25,14.057985305786133
2008-01-28,13.799361228942871
2008-01-29,13.663846015930176
2008-01-30,13.607999801635742
2008-01-31,14.005863189697266
2008-02-01,12.804580688476562
2008-02-04,12.296517372131348
2008-02-05,12.578720092773438
2008-02-06,12.452386856079102
2008-02-07,12.53280258178711
2008-02-08,12.824187278747559
2008-02-11,12.93513298034668
2008-02-12,12.858936309814453
2008-02-13,13.269209861755371
2008-02-14,13.210387229919434
2008-02-15,13.145606994628906
2008-02-19,12.632081985473633
2008-02-20,12.633322715759277
2008-02-21,12.480928421020508
2008-02-22,12.60353946685791
2008-02-25,12.073386192321777
2008-02-26,11.521143913269043
2008-02-27,11.736332893371582
2008-02-28,11.799127578735352
2008-02-29,11.694635391235352
2008-03-03,11.343186378479004
2008-03-04,11.03492259979248
2008-03-05,11.11186408996582
2008-03-06,10.739566802978516
2008-03-07,10.755699157714844
2008-03-10,10.266002655029297
2008-03-11,10.916779518127441
2008-03-12,10.92521858215332
2008-03-13,10.99545955657959
2008-03-14,10.869125366210938
2008-03-17,10.421128273010254
2008-03-18,10.899903297424316
2008-03-19,10.72219181060791
2008-03-20,10.760663986206055
2008-03-24,11.431050300598145
2008-03-25,11.188309669494629
2008-03-26,11.372223854064941
2008-03-27,11.022015571594238
2008-03-28,10.87309741973877
2008-03-31,10.932415962219238
2008-04-01,11.558869361877441
2008-04-02,11.558622360229492
2008-04-03,11.296027183532715
2008-04-04,11.692400932312012
2008-04-07,11.834619522094727
2008-04-08,11.610994338989258
2008-04-09,11.521143913269043
2008-04-10,11.6425142288208
2008-04-11,11.353858947753906
2008-04-14,11.210151672363281
2008-04-15,11.090518951416016
2008-04-16,11.293794631958008
2008-04-17,11.157533645629883
2008-04-18,13.388096809387207
2008-04-21,13.347887992858887
2008-04-22,13.775038719177246
2008-04-23,13.563821792602539
2008-04-24,13.478192329406738
2008-04-25,13.503510475158691
2008-04-28,13.703557968139648
2008-04-29,13.861163139343262
2008-04-30,14.253811836242676
2008-05-01,14.720179557800293
2008-05-02,14.4275541305542
2008-05-05,14.765351295471191
2008-05-06,14.553389549255371
2008-05-07,14.370716094970703
2008-05-08,14.470242500305176
2008-05-09,14.226759910583496
2008-05-12,14.518145561218262
2008-05-13,14.46999454498291
2008-05-14,14.303701400756836
2008-05-15,14.420356750488281
2008-05-16,14.397272109985352
2008-05-19,14.33398151397705
2008-05-20,14.360787391662598
2008-05-21,13.650691032409668
2008-05-22,13.637535095214844
2008-05-23,13.51740837097168
2008-05-27,13.921476364135742
2008-05-28,14.103652000427246
2008-05-29,14.46999454498291
2008-05-30,14.539490699768066
2008-06-02,14.271435737609863
2008-06-03,14.080323219299316
2008-06-04,14.202437400817871
2008-06-05,14.551900863647461
2008-06-06,14.072877883911133
2008-06-09,13.846270561218262
2008-06-10,13.754438400268555
2008-06-11,13.531804084777832
2008-06-12,13.724160194396973
2008-06-13,14.184814453125
2008-06-16,14.217082023620605
2008-06-17,14.133935928344727
2008-06-18,13.958209991455078
2008-06-19,13.904101371765137
2008-06-20,13.562331199645996
2008-06-23,13.532051086425781
2008-06-24,13.45982551574707
2008-06-25,13.675758361816406
2008-06-26,13.12525463104248
2008-06-27,13.106637954711914
2008-06-30,13.065686225891113
2008-07-01,13.271939277648926
2008-07-02,13.081074714660645
2008-07-03,13.328279495239258
2008-07-07,13.499783515930176
2008-07-08,13.763372421264648
2008-07-09,13.441211700439453
2008-07-10,13.416887283325195
2008-07-11,13.248857498168945
2008-07-14,12.946550369262695
2008-07-15,12.809295654296875
2008-07-16,13.293533325195312
2008-07-17,13.239919662475586
2008-07-18,11.946307182312012
2008-07-21,11.635565757751465
2008-07-22,11.841815948486328
2008-07-23,12.142385482788086
2008-07-24,11.80483627319336
2008-07-25,12.210890769958496
2008-07-28,11.842065811157227
2008-07-29,11.99073600769043
2008-07-30,11.980562210083008
2008-07-31,11.758423805236816
2008-08-01,11.61223316192627
2008-08-04,11.491609573364258
2008-08-05,11.909822463989258
2008-08-06,12.070904731750488
2008-08-07,11.891705513000488
2008-08-08,12.286093711853027
2008-08-11,12.430793762207031
2008-08-12,12.474726676940918
2008-08-13,12.410688400268555
2008-08-14,12.5462064743042
2008-08-15,12.661866188049316
2008-08-18,12.367751121520996
2008-08-19,12.174156188964844
2008-08-20,12.037646293640137
2008-08-21,12.0756196975708
2008-08-22,12.176389694213867
2008-08-25,11.988252639770508
2008-08-26,11.768598556518555
2008-08-27,11.630104064941406
2008-08-28,11.75916576385498
2008-08-29,11.498806953430176
2008-09-02,11.547452926635742
2008-09-03,11.526604652404785
2008-09-04,11.175403594970703
2008-09-05,11.02623462677002
2008-09-08,10.423111915588379
2008-09-09,10.391096115112305
2008-09-10,10.27940559387207
2008-09-11,10.765626907348633
2008-09-12,10.862671852111816
2008-09-15,10.768356323242188
2008-09-16,10.993474006652832
2008-09-17,10.287596702575684
2008-09-18,10.897918701171875
2008-09-19,11.14785385131836
2008-09-22,10.676029205322266
2008-09-23,10.654433250427246
2008-09-24,10.799382209777832
2008-09-25,10.910822868347168
2008-09-26,10.698366165161133
2008-09-29,9.456378936767578
2008-09-30,9.940862655639648
2008-10-01,10.218844413757324
2008-10-02,9.691920280456543
2008-10-03,9.603063583374023
2008-10-06,9.213391304016113
2008-10-07,8.587929725646973
2008-10-08,8.391853332519531
2008-10-09,8.165246963500977
2008-10-10,8.240201950073242
2008-10-13,9.45687484741211
2008-10-14,9.002422332763672
2008-10-15,8.418161392211914
2008-10-16,8.761919021606445
2008-10-17,9.246400833129883
2008-10-20,9.414679527282715
2008-10-21,9.00341510772705
2008-10-22,8.827690124511719
2008-10-23,8.744543075561523
2008-10-24,8.42113971710205
2008-10-27,8.17790412902832
2008-10-28,9.15233325958252
2008-10-29,8.885520935058594
2008-10-30,8.927465438842773
2008-10-31,8.919275283813477
2008-11-03,8.599843978881836
2008-11-04,9.10741138458252
2008-11-05,8.494359016418457
2008-11-06,8.220843315124512
2008-11-07,8.218857765197754
2008-11-10,7.912083625793457
2008-11-11,7.730401992797852
2008-11-12,7.2225871086120605
2008-11-13,7.745790481567383
2008-11-14,7.6946611404418945
2008-11-17,7.448945045471191
2008-11-18,7.381931781768799
2008-11-19,6.954036712646484
2008-11-20,6.442249774932861
2008-11-21,6.513483047485352
2008-11-24,6.389631748199463
2008-11-25,7.000449180603027
2008-11-26,7.249641418457031
2008-11-28,7.271234035491943
2008-12-01,6.601841449737549
2008-12-02,6.828199863433838
2008-12-03,6.935421466827393
2008-12-04,6.809087753295898
2008-12-05,7.048599720001221
2008-12-08,7.498336315155029
2008-12-09,7.594141483306885
2008-12-10,7.6648783683776855
2008-12-11,7.451427459716797
2008-12-12,7.837128639221191
2008-12-15,7.710794925689697
2008-12-16,8.07341194152832
2008-12-17,7.824221611022949
2008-12-18,7.701115608215332
2008-12-19,7.698384761810303
2008-12-22,7.374237060546875
2008-12-23,7.396823406219482
2008-12-24,7.5191850662231445
2008-12-26,7.454902648925781
2008-12-29,7.381931781768799
2008-12-30,7.52315616607666
2008-12-31,7.635839462280273
2009-01-02,7.975127220153809
2009-01-05,8.14216423034668
2009-01-06,8.291332244873047
2009-01-07,7.992252349853516
2009-01-08,8.07118034362793
2009-01-09,7.820003032684326
2009-01-12,7.760931015014648
2009-01-13,7.801387310028076
2009-01-14,7.4700422286987305
2009-01-15,7.420898914337158
2009-01-16,7.4377760887146
2009-01-20,7.017823696136475
2009-01-21,7.522412300109863
2009-01-22,7.607295036315918
2009-01-23,8.059019088745117
2009-01-26,8.038416862487793
2009-01-27,8.227296829223633
2009-01-28,8.653950691223145
2009-01-29,8.52116584777832
2009-01-30,8.402276039123535
2009-02-02,8.452910423278809
2009-02-03,8.449931144714355
2009-02-04,8.513221740722656
2009-02-05,8.779293060302734
2009-02-06,9.215127944946289
2009-02-09,9.401028633117676
2009-02-10,8.898177146911621
2009-02-11,8.886513710021973
2009-02-12,9.010859489440918
2009-02-13,8.877575874328613
2009-02-17,8.504781723022461
2009-02-18,8.764151573181152
2009-02-19,8.504287719726562
2009-02-20,8.598849296569824
2009-02-23,8.192052841186523
2009-02-24,8.574028968811035
2009-02-25,8.47946834564209
2009-02-26,8.368768692016602
2009-02-27,8.388874053955078
2009-03-02,8.120075225830078
2009-03-03,8.078377723693848
2009-03-04,7.915558815002441
2009-03-05,7.585951328277588
2009-03-06,7.658672332763672
2009-03-09,7.219857692718506
2009-03-10,7.648745059967041
2009-03-11,7.890491008758545
2009-03-12,8.02997875213623
2009-03-13,8.052066802978516
2009-03-16,7.934669494628906
2009-03-17,8.323101043701172
2009-03-18,8.267504692077637
2009-03-19,8.18907356262207
2009-03-20,8.194534301757812
2009-03-23,8.652215957641602
2009-03-24,8.616721153259277
2009-03-25,8.539779663085938
2009-03-26,8.768616676330566
2009-03-27,8.629877090454102
2009-03-30,8.50552749633789
2009-03-31,8.638811111450195
2009-04-01,8.788474082946777
2009-04-02,8.997210502624512
2009-04-03,9.177897453308105
2009-04-06,9.139676094055176
2009-04-07,8.901653289794922
2009-04-08,8.9847993850708
2009-04-09,9.24540901184082
2009-04-13,9.384649276733398
2009-04-14,9.156304359436035
2009-04-15,9.419147491455078
2009-04-16,9.648484230041504
2009-04-17,9.735353469848633
2009-04-20,9.414183616638184
2009-04-21,9.468042373657227
2009-04-22,9.527361869812012
2009-04-23,9.54796314239502
2009-04-24,9.667099952697754
2009-04-27,9.579235076904297
2009-04-28,9.523638725280762
2009-04-29,9.716241836547852
2009-04-30,9.82793140411377
2009-05-01,9.771342277526855
2009-05-04,9.977099418640137
2009-05-05,10.002167701721191
2009-05-06,10.014080047607422
2009-05-07,9.843815803527832
2009-05-08,10.109886169433594
2009-05-11,10.126017570495605
2009-05-12,9.903383255004883
2009-05-13,9.668340682983398
2009-05-14,9.617705345153809
2009-05-15,9.679757118225098
2009-05-18,9.84952449798584
2009-05-19,9.900157928466797
2009-05-20,9.857962608337402
2009-05-21,9.841086387634277
2009-05-22,9.76662540435791
2009-05-26,10.03617000579834
2009-05-27,10.065954208374023
2009-05-28,10.186081886291504
2009-05-29,10.35560131072998
2009-06-01,10.587170600891113
2009-06-02,10.632841110229492
2009-06-03,10.713502883911133
2009-06-04,10.927701950073242
2009-06-05,11.027972221374512
2009-06-08,10.89022159576416
2009-06-09,10.812039375305176
2009-06-10,10.737083435058594
2009-06-11,10.647732734680176
2009-06-12,10.544482231140137
2009-06-15,10.344185829162598
2009-06-16,10.325074195861816
2009-06-17,10.304224014282227
2009-06-18,10.276924133300781
2009-06-19,10.426587104797363
2009-06-22,10.110381126403809
2009-06-23,10.06893253326416
2009-06-24,10.15853214263916
2009-06-25,10.319365501403809
2009-06-26,10.556397438049316
2009-06-29,10.527107238769531
2009-06-30,10.463815689086914
2009-07-01,10.399284362792969
2009-07-02,10.138676643371582
2009-07-06,10.166475296020508
2009-07-07,9.844314575195312
2009-07-08,9.98975658416748
2009-07-09,10.185833930969238
2009-07-10,10.285360336303711
2009-07-13,10.531079292297363
2009-07-14,10.540759086608887
2009-07-15,10.875329971313477
2009-07-16,10.985283851623535
2009-07-17,10.678755760192871
2009-07-20,10.676773071289062
2009-07-21,10.620430946350098
2009-07-22,10.615218162536621
2009-07-23,10.854729652404785
2009-07-24,11.087540626525879
2009-07-27,11.039885520935059
2009-07-28,10.917028427124023
2009-07-29,10.82742977142334
2009-07-30,11.060734748840332
2009-07-31,10.996450424194336
2009-08-03,11.223801612854004
2009-08-04,11.261528968811035
2009-08-05,11.197244644165039
2009-08-06,11.177885055541992
2009-08-07,11.345170974731445
2009-08-10,11.333008766174316
2009-08-11,11.266741752624512
2009-08-12,11.381905555725098
2009-08-13,11.473737716674805
2009-08-14,11.417149543762207
2009-08-17,11.042119026184082
2009-08-18,11.051799774169922
2009-08-19,11.019286155700684
2009-08-20,11.427326202392578
2009-08-21,11.547205924987793
2009-08-24,11.633827209472656
2009-08-25,11.699350357055664
2009-08-26,11.615707397460938
2009-08-27,11.567558288574219
2009-08-28,11.535042762756348
2009-08-31,11.458598136901855
2009-09-01,11.311912536621094
2009-09-02,11.243657112121582
2009-09-03,11.35559368133545
2009-09-04,11.449413299560547
2009-09-08,11.382898330688477
2009-09-09,11.5156831741333
2009-09-10,11.688677787780762
2009-09-11,11.718461990356445
2009-09-14,11.792426109313965
2009-09-15,11.852489471435547
2009-09-16,12.119302749633789
2009-09-17,12.20443344116211
2009-09-18,12.197982788085938
2009-09-21,12.335482597351074
2009-09-22,12.386613845825195
2009-09-23,12.371723175048828
2009-09-24,12.3297758102417
2009-09-25,12.223297119140625
2009-09-28,12.373458862304688
2009-09-29,12.373458862304688
2009-09-30,12.3069429397583
2009-10-01,12.092249870300293
2009-10-02,12.0272216796875
2009-10-05,12.12501335144043
2009-10-06,12.378671646118164
2009-10-07,12.845284461975098
2009-10-08,12.76188850402832
2009-10-09,12.813268661499023
2009-10-12,13.00661563873291
2009-10-13,13.057992935180664
2009-10-14,13.286581993103027
2009-10-15,13.152307510375977
2009-10-16,13.647215843200684
2009-10-19,13.702810287475586
2009-10-20,13.693629264831543
2009-10-21,13.678239822387695
2009-10-22,13.75245189666748
2009-10-23,13.742524147033691
2009-10-26,13.755430221557617
2009-10-27,13.60849666595459
2009-10-28,13.410184860229492
2009-10-29,13.677000045776367
2009-10-30,13.306439399719238
2009-11-02,13.253572463989258
2009-11-03,13.335477828979492
2009-11-04,13.410930633544922
2009-11-05,13.617431640625
2009-11-06,13.678239822387695
2009-11-09,13.96143627166748
2009-11-10,14.066920280456543
2009-11-11,14.161236763000488
2009-11-12,14.093973159790039
2009-11-13,14.198217391967773
2009-11-16,14.303205490112305
2009-11-17,14.333239555358887
2009-11-18,14.312389373779297
2009-11-19,14.221548080444336
2009-11-20,14.146344184875488
2009-11-23,14.453862190246582
2009-11-24,14.472229957580566
2009-11-25,14.538002014160156
2009-11-27,14.389579772949219
2009-11-30,14.46999454498291
2009-12-01,14.640509605407715
2009-12-02,14.581932067871094
2009-12-03,14.538002014160156
2009-12-04,14.519885063171387
2009-12-07,14.550661087036133
2009-12-08,14.570515632629395
2009-12-09,14.619410514831543
2009-12-10,14.680964469909668
2009-12-11,14.656392097473145
2009-12-14,14.785951614379883
2009-12-15,14.721667289733887
2009-12-16,14.836337089538574
2009-12-17,14.741524696350098
2009-12-18,14.80307674407959
2009-12-21,14.859171867370605
2009-12-22,14.919731140136719
2009-12-23,15.181829452514648
2009-12-24,15.350604057312012
2009-12-28,15.459562301635742
2009-12-29,15.373438835144043
2009-12-30,15.45608901977539
2009-12-31,15.387833595275879
2010-01-04,15.555865287780762
2010-01-05,15.487361907958984
2010-01-06,15.096945762634277
2010-01-07,14.745494842529297
2010-01-08,14.942070960998535
2010-01-11,14.919483184814453
2010-01-12,14.655646324157715
2010-01-13,14.571508407592773
2010-01-14,14.640010833740234
2010-01-15,14.395536422729492
2010-01-19,14.584662437438965
2010-01-20,14.405712127685547
2010-01-21,14.469499588012695
2010-01-22,13.6511869430542
2010-01-25,13.402739524841309
2010-01-26,13.462804794311523
2010-01-27,13.454861640930176
2010-01-28,13.261018753051758
2010-01-29,13.153051376342773
2010-02-01,13.229496955871582
2010-02-02,13.182340621948242
2010-02-03,13.423091888427734
2010-02-04,13.074621200561523
2010-02-05,13.186558723449707
2010-02-08,13.2406644821167
2010-02-09,13.314380645751953
2010-02-10,13.264989852905273
2010-02-11,13.313387870788574
2010-02-12,13.231979370117188
2010-02-16,13.435006141662598
2010-02-17,13.358312606811523
2010-02-18,13.482659339904785
2010-02-19,13.421602249145508
2010-02-22,13.472235679626465
2010-02-23,13.280377388000488
2010-02-24,13.19102668762207
2010-02-25,13.065934181213379
2010-02-26,13.075118064880371
2010-03-01,13.221306800842285
2010-03-02,13.429049491882324
2010-03-03,13.534783363342285
2010-03-04,13.764862060546875
2010-03-05,14.003629684448242
2010-03-08,13.960691452026367
2010-03-09,13.903854370117188
2010-03-10,14.307425498962402
2010-03-11,14.423830032348633
2010-03-12,14.38411808013916
2010-03-15,13.978066444396973
2010-03-16,14.028202056884766
2010-03-17,14.037135124206543
2010-03-18,14.057985305786133
2010-03-19,13.899137496948242
2010-03-22,13.837088584899902
2010-03-23,13.626118659973145
2010-03-24,13.832869529724121
2010-03-25,13.970620155334473
2010-03-26,13.965902328491211
2010-03-29,13.95994758605957
2010-03-30,14.065679550170898
2010-03-31,14.075855255126953
2010-04-01,14.117552757263184
2010-04-05,14.172404289245605
2010-04-06,14.103157997131348
2010-04-07,13.98699951171875
2010-04-08,14.085040092468262
2010-04-09,14.05351734161377
2010-04-12,14.215095520019531
2010-04-13,14.563567161560059
2010-04-14,14.618915557861328
2010-04-15,14.775279998779297
2010-04-16,13.654662132263184
2010-04-19,13.653419494628906
2010-04-20,13.776030540466309
2010-04-21,13.757664680480957
2010-04-22,13.57796859741211
2010-04-23,13.526590347290039
2010-04-26,13.195244789123535
2010-04-27,13.131211280822754
2010-04-28,13.13443660736084
2010-04-29,13.204180717468262
2010-04-30,13.047815322875977
2010-05-03,13.169432640075684
2010-05-04,12.568047523498535
2010-05-05,12.652188301086426
2010-05-06,12.376932144165039
2010-05-07,12.239680290222168
2010-05-10,12.947295188903809
2010-05-11,12.634565353393555
2010-05-12,12.543723106384277
2010-05-13,12.679985046386719
2010-05-14,12.596837997436523
2010-05-17,12.607756614685059
2010-05-18,12.369486808776855
2010-05-19,12.271697998046875
2010-05-20,11.789695739746094
2010-05-21,11.716228485107422
2010-05-24,11.843057632446289
2010-05-25,11.840825080871582
2010-05-26,11.801111221313477
2010-05-27,12.173162460327148
2010-05-28,12.053282737731934
2010-06-01,11.972370147705078
2010-06-02,12.245388984680176
2010-06-03,12.548935890197754
2010-06-04,12.378174781799316
2010-06-07,12.050553321838379
2010-06-08,12.032186508178711
2010-06-09,11.76512336730957
2010-06-10,12.087533950805664
2010-06-11,12.12451457977295
2010-06-14,11.99272346496582
2010-06-15,12.36005687713623
2010-06-16,12.441466331481934
2010-06-17,12.411930084228516
2010-06-18,12.410688400268555
2010-06-21,12.12600326538086
2010-06-22,12.068672180175781
2010-06-23,11.96442699432373
2010-06-24,11.791929244995117
2010-06-25,11.731863975524902
2010-06-28,11.716972351074219
2010-06-29,11.27468204498291
2010-06-30,11.043609619140625
2010-07-01,10.908092498779297
2010-07-02,10.835123062133789
2010-07-06,10.823209762573242
2010-07-07,11.173913955688477
2010-07-08,11.331768989562988
2010-07-09,11.603050231933594
2010-07-12,11.81004810333252
2010-07-13,12.141889572143555
2010-07-14,12.195005416870117
2010-07-15,12.261521339416504
2010-07-16,11.407469749450684
2010-07-19,11.570536613464355
2010-07-20,11.953009605407715
2010-07-21,11.851495742797852
2010-07-22,12.032930374145508
2010-07-23,12.163235664367676
2010-07-26,12.136180877685547
2010-07-27,12.227022171020508
2010-07-28,12.021512031555176
2010-07-29,12.037399291992188
2010-07-30,12.03392219543457
2010-08-02,12.171923637390137
2010-08-03,12.157526016235352
2010-08-04,12.566807746887207
2010-08-05,12.610984802246094
2010-08-06,12.4154052734375
2010-08-09,12.542729377746582
2010-08-10,12.502026557922363
2010-08-11,12.204934120178223
2010-08-12,12.211633682250977
2010-08-13,12.071152687072754
2010-08-16,12.052291870117188
2010-08-17,12.174650192260742
2010-08-18,11.966910362243652
2010-08-19,11.614964485168457
2010-08-20,11.467287063598633
2010-08-23,11.518166542053223
2010-08-24,11.203449249267578
2010-08-25,11.283617973327637
2010-08-26,11.193273544311523
2010-08-27,11.38810920715332
2010-08-30,11.235715866088867
2010-08-31,11.16944694519043
2010-09-01,11.425339698791504
2010-09-02,11.496077537536621
2010-09-03,11.6727933883667
2010-09-07,11.526357650756836
2010-09-08,11.679742813110352
2010-09-09,11.818734169006348
2010-09-10,11.817740440368652
2010-09-13,11.969888687133789
2010-09-14,11.924219131469727
2010-09-15,11.929430961608887
2010-09-16,11.939855575561523
2010-09-17,12.165468215942383
2010-09-20,12.615453720092773
2010-09-21,12.744019508361816
2010-09-22,12.807064056396484
2010-09-23,12.744516372680664
2010-09-24,13.087278366088867
2010-09-27,13.164717674255371
2010-09-28,13.08430004119873
2010-09-29,13.097206115722656
2010-09-30,13.050049781799316
2010-10-01,13.045829772949219
2010-10-04,12.964670181274414
2010-10-05,13.358808517456055
2010-10-06,13.262507438659668
2010-10-07,13.154788970947266
2010-10-08,13.31214714050293
2010-10-11,13.373948097229004
2010-10-12,13.437238693237305
2010-10-13,13.48464584350586
2010-10-14,13.425822257995605
2010-10-15,14.927922248840332
2010-10-18,15.331493377685547
2010-10-19,15.086273193359375
2010-10-20,15.089995384216309
2010-10-21,15.18952465057373
2010-10-22,15.202926635742188
2010-10-25,15.301462173461914
2010-10-26,15.353583335876465
2010-10-27,15.300718307495117
2010-10-28,15.3530855178833
2010-10-29,15.231965065002441
2010-11-01,15.26423168182373
2010-11-02,15.27912425994873
2010-11-03,15.39279842376709
2010-11-04,15.494311332702637
2010-11-05,15.51441764831543
2010-11-08,15.556361198425293
2010-11-09,15.507964134216309
2010-11-10,15.459814071655273
2010-11-11,15.318588256835938
2010-11-12,14.973589897155762
2010-11-15,14.779500007629395
2010-11-16,14.487866401672363
2010-11-17,14.48364543914795
2010-11-18,14.80655288696289
2010-11-19,14.664335250854492
2010-11-22,14.674015045166016
2010-11-23,14.470242500305176
2010-11-24,14.767088890075684
2010-11-26,14.643735885620117
2010-11-29,14.447905540466309
2010-11-30,13.7926607131958
2010-12-01,14.007102966308594
2010-12-02,14.192510604858398
2010-12-03,14.221795082092285
2010-12-06,14.354830741882324
2010-12-07,14.572750091552734
2010-12-08,14.657135963439941
2010-12-09,14.680964469909668
2010-12-10,14.698587417602539
2010-12-13,14.758400917053223
2010-12-14,14.765599250793457
2010-12-15,14.6511812210083
2010-12-16,14.686176300048828
2010-12-17,14.663589477539062
2010-12-20,14.769322395324707
2010-12-21,14.96812915802002
2010-12-22,15.028193473815918
2010-12-23,14.99692153930664
2010-12-27,14.951004981994629
2010-12-28,14.865129470825195
2010-12-29,14.916752815246582
2010-12-30,14.863638877868652
2010-12-31,14.742269515991211
2011-01-03,14.999900817871094
2011-01-04,14.944550514221191
2011-01-05,15.117049217224121
2011-01-06,15.227001190185547
2011-01-07,15.299970626831055
2011-01-10,15.244624137878418
2011-01-11,15.289298057556152
2011-01-12,15.310646057128906
2011-01-13,15.306178092956543
2011-01-14,15.49207878112793
2011-01-18,15.8755464553833
2011-01-19,15.679965019226074
2011-01-20,15.556361198425293
2011-01-21,15.185552597045898
2011-01-24,15.166938781738281
2011-01-25,15.386096954345703
2011-01-26,15.301462173461914
2011-01-27,15.308659553527832
2011-01-28,14.916505813598633
2011-01-31,14.900867462158203
2011-02-01,15.16594409942627
2011-02-02,15.189770698547363
2011-02-03,15.1438570022583
2011-02-04,15.16445541381836
2011-02-07,15.246611595153809
2011-02-08,15.348121643066406
2011-02-09,15.301462173461914
2011-02-10,15.299970626831055
2011-02-11,15.500020027160645
2011-02-14,15.59061336517334
2011-02-15,15.491333961486816
2011-02-16,15.493071556091309
2011-02-17,15.51888370513916
2011-02-18,15.63851547241211
2011-02-22,15.145345687866211
2011-02-23,15.172894477844238
2011-02-24,15.110843658447266
2011-02-25,15.141124725341797
2011-02-28,15.224519729614258
2011-03-01,14.910796165466309
2011-03-02,14.911541938781738
2011-03-03,15.129210472106934
2011-03-04,14.90732192993164
2011-03-07,14.6849365234375
2011-03-08,14.701067924499512
2011-03-09,14.687664985656738
2011-03-10,14.402981758117676
2011-03-11,14.31387996673584
2011-03-14,14.147089004516602
2011-03-15,14.136415481567383
2011-03-16,13.827159881591797
2011-03-17,13.932891845703125
2011-03-18,13.925447463989258
2011-03-21,14.308666229248047
2011-03-22,14.329017639160156
2011-03-23,14.44914722442627
2011-03-24,14.566544532775879
2011-03-25,14.389081001281738
2011-03-28,14.280370712280273
2011-03-29,14.438474655151367
2011-03-30,14.441203117370605
2011-03-31,14.563318252563477
2011-04-01,14.688411712646484
2011-04-04,14.586153030395508
2011-04-05,14.124750137329102
2011-04-06,14.251084327697754
2011-04-07,14.395536422729492
2011-04-08,14.34986686706543
2011-04-11,14.33026123046875
2011-04-12,14.162476539611816
2011-04-13,14.303205490112305
2011-04-14,14.358552932739258
2011-04-15,13.171915054321289
2011-04-18,13.076109886169434
2011-04-19,12.944316864013672
2011-04-20,13.04856014251709
2011-04-21,13.032923698425293
2011-04-25,13.031682014465332
2011-04-26,13.224534034729004
2011-04-27,13.347142219543457
2011-04-28,13.352356910705566
2011-04-29,13.504501342773438
2011-05-02,13.366998672485352
2011-05-03,13.251091957092285
2011-05-04,13.298248291015625
2011-05-05,13.26052188873291
2011-05-06,13.286087036132812
2011-05-09,13.345157623291016
2011-05-10,13.468761444091797
2011-05-11,13.28980827331543
2011-05-12,13.279882431030273
2011-05-13,13.143372535705566
2011-05-16,12.86712646484375
2011-05-17,13.1659574508667
2011-05-18,13.149826049804688
2011-05-19,13.185566902160645
2011-05-20,13.006365776062012
2011-05-23,12.866382598876953
2011-05-24,12.863155364990234
2011-05-25,12.898151397705078
2011-05-26,12.859928131103516
2011-05-27,12.928679466247559
2011-05-31,13.130217552185059
2011-06-01,13.04533576965332
2011-06-02,13.106390953063965
2011-06-03,12.982787132263184
2011-06-06,12.93265151977539
2011-06-07,12.882267951965332
2011-06-08,12.885741233825684
2011-06-09,12.825181007385254
2011-06-10,12.645980834960938
2011-06-13,12.52734375
2011-06-14,12.617687225341797
2011-06-15,12.483160972595215
2011-06-16,12.41912841796875
2011-06-17,12.038143157958984
2011-06-20,12.0272216796875
2011-06-21,12.236204147338867
2011-06-22,12.087533950805664
2011-06-23,11.91900634765625
2011-06-24,11.786469459533691
2011-06-27,11.98304271697998
2011-06-28,12.252338409423828
2011-06-29,12.349631309509277
2011-06-30,12.568293571472168
2011-07-01,12.931907653808594
2011-07-05,13.21510124206543
2011-07-06,13.287574768066406
2011-07-07,13.56655216217041
2011-07-08,13.203932762145996
2011-07-11,13.087031364440918
2011-07-12,13.254070281982422
2011-07-13,13.359553337097168
2011-07-14,13.128232955932617
2011-07-15,14.832859992980957
2011-07-18,14.766345024108887
2011-07-19,14.95522403717041
2011-07-20,14.776521682739258
2011-07-21,15.065424919128418
2011-07-22,15.344399452209473
2011-07-25,15.363015174865723
2011-07-26,15.450879096984863
2011-07-27,15.07113265991211
2011-07-28,15.16346263885498
2011-07-29,14.983519554138184
2011-08-01,15.059964179992676
2011-08-02,14.703303337097168
2011-08-03,14.92097282409668
2011-08-04,14.33398151397705
2011-08-05,14.371707916259766
2011-08-08,13.552154541015625
2011-08-09,14.231972694396973
2011-08-10,13.626368522644043
2011-08-11,13.95200252532959
2011-08-12,13.992708206176758
2011-08-15,13.830388069152832
2011-08-16,13.37791919708252
2011-08-17,13.232722282409668
2011-08-18,12.531064987182617
2011-08-19,12.184578895568848
2011-08-22,12.364522933959961
2011-08-23,12.877054214477539
2011-08-24,12.987998962402344
2011-08-25,12.90733528137207
2011-08-26,13.076606750488281
2011-08-29,13.379905700683594
2011-08-30,13.420112609863281
2011-08-31,13.426566123962402
2011-09-01,13.216590881347656
2011-09-02,13.026472091674805
2011-09-06,12.960450172424316
2011-09-07,13.254563331604004
2011-09-08,13.277647972106934
2011-09-09,13.026718139648438
2011-09-12,13.15751838684082
2011-09-13,13.142626762390137
2011-09-14,13.205918312072754
2011-09-15,13.466279029846191
2011-09-16,13.568536758422852
2011-09-19,13.568289756774902
2011-09-20,13.56729507446289
2011-09-21,13.38288402557373
2011-09-22,12.922723770141602
2011-09-23,13.043100357055664
2011-09-26,13.201451301574707
2011-09-27,13.386358261108398
2011-09-28,13.125750541687012
2011-09-29,13.092491149902344
2011-09-30,12.783236503601074
2011-10-03,12.298751831054688
2011-10-04,12.457101821899414
2011-10-05,12.52659797668457
2011-10-06,12.775046348571777
2011-10-07,12.785221099853516
2011-10-10,13.332499504089355
2011-10-11,13.481667518615723
2011-10-12,13.613710403442383
2011-10-13,13.874070167541504
2011-10-14,14.685430526733398
2011-10-17,14.455350875854492
2011-10-18,14.656392097473145
2011-10-19,14.412910461425781
2011-10-20,14.486623764038086
2011-10-21,14.655896186828613
2011-10-24,14.80307674407959
2011-10-25,14.473967552185059
2011-10-26,14.55215072631836
2011-10-27,14.85892391204834
2011-10-28,14.895408630371094
2011-10-31,14.709258079528809
2011-11-01,14.362029075622559
2011-11-02,14.515166282653809
2011-11-03,14.829883575439453
2011-11-04,14.79612922668457
2011-11-07,15.098682403564453
2011-11-08,15.198210716247559
2011-11-09,14.915512084960938
2011-11-10,14.769820213317871
2011-11-11,15.099178314208984
2011-11-14,15.214590072631836
2011-11-15,15.302949905395508
2011-11-16,15.176615715026855
2011-11-17,14.91352653503418
2011-11-18,14.76485538482666
2011-11-21,14.418865203857422
2011-11-22,14.395536422729492
2011-11-23,14.150067329406738
2011-11-25,13.973597526550293
2011-11-28,14.598810195922852
2011-11-29,14.46825885772705
2011-11-30,14.876792907714844
2011-12-01,15.233702659606934
2011-12-02,15.397266387939453
2011-12-05,15.528563499450684
2011-12-06,15.481902122497559
2011-12-07,15.4724702835083
2011-12-08,15.290292739868164
2011-12-09,15.572495460510254
2011-12-12,15.522109985351562
2011-12-13,15.528066635131836
2011-12-14,15.340428352355957
2011-12-15,15.376913070678711
2011-12-16,15.536258697509766
2011-12-19,15.433751106262207
2011-12-20,15.64571475982666
2011-12-21,15.532783508300781
2011-12-22,15.629083633422852
2011-12-23,15.714463233947754
2011-12-27,15.890933990478516
2011-12-28,15.877284049987793
2011-12-29,15.944295883178711
2011-12-30,16.031166076660156
2012-01-03,16.515403747558594
2012-01-04,16.58663558959961
2012-01-05,16.356552124023438
2012-01-06,16.133424758911133
2012-01-09,15.449387550354004
2012-01-10,15.466264724731445
2012-01-11,15.536258697509766
2012-01-12,15.627594947814941
2012-01-13,15.51218318939209
2012-01-17,15.601285934448242
2012-01-18,15.708756446838379
2012-01-19,15.874055862426758
2012-01-20,14.544206619262695
2012-01-23,14.532541275024414
2012-01-24,14.418620109558105
2012-01-25,14.134678840637207
2012-01-26,14.100179672241211
2012-01-27,14.395039558410645
2012-01-30,14.338202476501465
2012-01-31,14.39826488494873
2012-02-01,14.416135787963867
2012-02-02,14.52236557006836
2012-02-03,14.800843238830566
2012-02-06,15.117546081542969
2012-02-07,15.059964179992676
2012-02-08,15.136408805847168
2012-02-09,15.176368713378906
2012-02-10,15.038618087768555
2012-02-13,15.194735527038574
2012-02-14,15.134175300598145
2012-02-15,15.02993106842041
2012-02-16,15.05375862121582
2012-02-17,15.007098197937012
2012-02-21,15.239411354064941
2012-02-22,15.08900260925293
2012-02-23,15.043583869934082
2012-02-24,15.137650489807129
2012-02-27,15.123006820678711
2012-02-28,15.348372459411621
2012-02-29,15.344895362854004
2012-03-01,15.447897911071777
2012-03-02,15.419356346130371
2012-03-05,15.245616912841797
2012-03-06,15.015039443969727
2012-03-07,15.060708045959473
2012-03-08,15.069148063659668
2012-03-09,14.898137092590332
2012-03-12,15.019755363464355
2012-03-13,15.333230018615723
2012-03-14,15.288804054260254
2012-03-15,15.416377067565918
2012-03-16,15.513423919677734
2012-03-19,15.73531436920166
2012-03-20,15.723151206970215
2012-03-21,15.884232521057129
2012-03-22,16.03489112854004
2012-03-23,15.94901180267334
2012-03-26,16.116300582885742
2012-03-27,16.0589656829834
2012-03-28,16.27589225769043
2012-03-29,16.093463897705078
2012-03-30,15.915506362915039
2012-04-02,16.056486129760742
2012-04-03,15.949756622314453
2012-04-04,15.76435375213623
2012-04-05,15.694110870361328
2012-04-09,15.657378196716309
2012-04-10,15.558595657348633
2012-04-11,15.784455299377441
2012-04-12,16.157997131347656
2012-04-13,15.50250244140625
2012-04-16,15.04258918762207
2012-04-17,15.129460334777832
2012-04-18,15.0768404006958
2012-04-19,14.874558448791504
2012-04-20,14.794142723083496
2012-04-23,14.832365989685059
2012-04-24,14.923453330993652
2012-04-25,15.133183479309082
2012-04-26,15.275897026062012
2012-04-27,15.263734817504883
2012-04-30,15.012309074401855
2012-05-01,15.001887321472168
2012-05-02,15.072127342224121
2012-05-03,15.165449142456055
2012-05-04,14.816728591918945
2012-05-07,15.07932186126709
2012-05-08,15.209380149841309
2012-05-09,15.119035720825195
2012-05-10,15.230974197387695
2012-05-11,15.02174186706543
2012-05-14,14.99121379852295
2012-05-15,15.167682647705078
2012-05-16,15.60997200012207
2012-05-17,15.464032173156738
2012-05-18,14.901861190795898
2012-05-21,15.242141723632812
2012-05-22,14.911788940429688
2012-05-23,15.126729011535645
2012-05-24,14.982776641845703
2012-05-25,14.681708335876465
2012-05-29,14.751453399658203
2012-05-30,14.599803924560547
2012-05-31,14.41688060760498
2012-06-01,14.171659469604492
2012-06-04,14.360539436340332
2012-06-05,14.157512664794922
2012-06-06,14.40968132019043
2012-06-07,14.351604461669922
2012-06-08,14.40670394897461
2012-06-11,14.110107421875
2012-06-12,14.02571964263916
2012-06-13,13.926190376281738
2012-06-14,13.875558853149414
2012-06-15,14.011076927185059
2012-06-18,14.168432235717773
2012-06-19,14.433509826660156
2012-06-20,14.333732604980469
2012-06-21,14.028450965881348
2012-06-22,14.184070587158203
2012-06-25,13.916512489318848
2012-06-26,14.015295028686523
2012-06-27,14.129964828491211
2012-06-28,14.006113052368164
2012-06-29,14.397272109985352
2012-07-02,14.407200813293457
2012-07-03,14.589874267578125
2012-07-05,14.790668487548828
2012-07-06,14.54395866394043
2012-07-09,14.544703483581543
2012-07-10,14.43773078918457
2012-07-11,14.176872253417969
2012-07-12,14.159249305725098
2012-07-13,14.309161186218262
2012-07-16,14.269451141357422
2012-07-17,14.314373970031738
2012-07-18,14.414401054382324
2012-07-19,14.719682693481445
2012-07-20,15.16048526763916
2012-07-23,15.27688980102539
2012-07-24,15.07982063293457
2012-07-25,15.09024429321289
2012-07-26,15.223527908325195
2012-07-27,15.759635925292969
2012-07-30,15.693614959716797
2012-07-31,15.710244178771973
2012-08-01,15.703048706054688
2012-08-02,15.605504989624023
2012-08-03,15.917740821838379
2012-08-06,15.95472240447998
2012-08-07,15.89813232421875
2012-08-08,15.940075874328613
2012-08-09,15.943056106567383
2012-08-10,15.934370994567871
2012-08-13,16.38137435913086
2012-08-14,16.596067428588867
2012-08-15,16.568269729614258
2012-08-16,16.7005615234375
2012-08-17,16.80653953552246
2012-08-20,16.766828536987305
2012-08-21,16.617164611816406
2012-08-22,16.807531356811523
2012-08-23,16.7981014251709
2012-08-24,16.843521118164062
2012-08-27,16.60996437072754
2012-08-28,16.80927085876465
2012-08-29,17.076332092285156
2012-08-30,16.919219970703125
2012-08-31,17.00385856628418
2012-09-04,16.903337478637695
2012-09-05,16.89539337158203
2012-09-06,17.359031677246094
2012-09-07,17.52656364440918
2012-09-10,17.393033981323242
2012-09-11,17.180078506469727
2012-09-12,17.147565841674805
2012-09-13,17.52383804321289
2012-09-14,17.614177703857422
2012-09-17,17.621625900268555
2012-09-18,17.827625274658203
2012-09-19,18.05647087097168
2012-09-20,18.071855545043945
2012-09-21,18.217548370361328
2012-09-24,18.59952735900879
2012-09-25,18.59406852722168
2012-09-26,18.70079231262207
2012-09-27,18.776243209838867
2012-09-28,18.726604461669922
2012-10-01,18.907297134399414
2012-10-02,18.788408279418945
2012-10-03,18.9251651763916
2012-10-04,19.062915802001953
2012-10-05,19.05299186706543
2012-10-08,18.809505462646484
2012-10-09,18.468229293823242
2012-10-10,18.479894638061523
2012-10-11,18.651649475097656
2012-10-12,18.4846134185791
2012-10-15,18.391040802001953
2012-10-16,18.483369827270508
2012-10-17,18.751178741455078
2012-10-18,17.24982261657715
2012-10-19,16.921951293945312
2012-10-22,16.844512939453125
2012-10-23,16.886211395263672
2012-10-24,16.810508728027344
2012-10-25,16.821928024291992
2012-10-26,16.757144927978516
2012-10-31,16.884971618652344
2012-11-01,17.06590461730957
2012-11-02,17.074100494384766
2012-11-05,16.950990676879883
2012-11-06,16.920215606689453
2012-11-07,16.557844161987305
2012-11-08,16.18976402282715
2012-11-09,16.456331253051758
2012-11-12,16.527563095092773
2012-11-13,16.357547760009766
2012-11-14,16.19622039794922
2012-11-15,16.064924240112305
2012-11-16,16.06293487548828
2012-11-19,16.584897994995117
2012-11-20,16.62858009338379
2012-11-21,16.526819229125977
2012-11-23,16.578941345214844
2012-11-26,16.40966796875
2012-11-27,16.646947860717773
2012-11-28,16.968610763549805
2012-11-29,17.172632217407227
2012-11-30,17.333465576171875
2012-12-03,17.25602912902832
2012-12-04,17.15128517150879
2012-12-05,17.071619033813477
2012-12-06,17.15376853942871
2012-12-07,16.982017517089844
2012-12-10,17.01205062866211
2012-12-11,17.296483993530273
2012-12-12,17.313356399536133
2012-12-13,17.440935134887695
2012-12-14,17.422571182250977
2012-12-17,17.889680862426758
2012-12-18,17.89687728881836
2012-12-19,17.873050689697266
2012-12-20,17.92889404296875
2012-12-21,17.761856079101562
2012-12-24,17.609710693359375
2012-12-26,17.594074249267578
2012-12-27,17.530040740966797
2012-12-28,17.374170303344727
2012-12-31,17.55708885192871
2013-01-02,17.95098304748535
2013-01-03,17.961408615112305
2013-01-04,18.316333770751953
2013-01-07,18.236413955688477
2013-01-08,18.20042610168457
2013-01-09,18.320056915283203
2013-01-10,18.40345001220703
2013-01-11,18.366470336914062
2013-01-14,17.95098304748535
2013-01-15,17.992679595947266
2013-01-16,17.750938415527344
2013-01-17,17.654882431030273
2013-01-18,17.485862731933594
2013-01-22,17.445154190063477
2013-01-23,18.403945922851562
2013-01-24,18.719409942626953
2013-01-25,18.706003189086914
2013-01-28,18.633033752441406
2013-01-29,18.706253051757812
2013-01-30,18.709978103637695
2013-01-31,18.756139755249023
2013-02-01,19.25030517578125
2013-02-04,18.838790893554688
2013-02-05,19.005582809448242
2013-02-06,19.11553382873535
2013-02-07,19.209354400634766
2013-02-08,19.492794036865234
2013-02-11,19.41957664489746
2013-02-12,19.376888275146484
2013-02-13,19.43050193786621
2013-02-14,19.553606033325195
2013-02-15,19.679441452026367
2013-02-19,20.02592658996582
2013-02-20,19.66876792907715
2013-02-21,19.744964599609375
2013-02-22,19.848712921142578
2013-02-25,19.6268253326416
2013-02-26,19.61094093322754
2013-02-27,19.850452423095703
2013-02-28,19.88569450378418
2013-03-01,20.009546279907227
2013-03-04,20.389537811279297
2013-03-05,20.813961029052734
2013-03-06,20.63475799560547
2013-03-07,20.665040969848633
2013-03-08,20.638233184814453
2013-03-11,20.72014045715332
2013-03-12,20.541189193725586
2013-03-13,20.484102249145508
2013-03-14,20.390533447265625
2013-03-15,20.210838317871094
2013-03-18,20.04926109313965
2013-03-19,20.136869430541992
2013-03-20,20.221010208129883
2013-03-21,20.13538360595703
2013-03-22,20.111806869506836
2013-03-25,20.095172882080078
2013-03-26,20.164175033569336
2013-03-27,19.921932220458984
2013-03-28,19.711708068847656
2013-04-01,19.885446548461914
2013-04-02,20.179561614990234
2013-04-03,20.00979232788086
2013-04-04,19.73354721069336
2013-04-05,19.43521499633789
2013-04-08,19.231691360473633
2013-04-09,19.301185607910156
2013-04-10,19.612178802490234
2013-04-11,19.617389678955078
2013-04-12,19.608951568603516
2013-04-15,19.40741539001465
2013-04-16,19.69135284423828
2013-04-17,19.423051834106445
2013-04-18,19.009803771972656
2013-04-19,19.852684020996094
2013-04-22,19.858640670776367
2013-04-23,20.05198860168457
2013-04-24,20.189739227294922
2013-04-25,20.081771850585938
2013-04-26,19.891157150268555
2013-04-29,20.328977584838867
2013-04-30,20.46573829650879
2013-05-01,20.362979888916016
2013-05-02,20.590829849243164
2013-05-03,20.990676879882812
2013-05-06,21.38357925415039
2013-05-07,21.276351928710938
2013-05-08,21.683401107788086
2013-05-09,21.630035400390625
2013-05-10,21.847211837768555
2013-05-13,21.780197143554688
2013-05-14,22.017723083496094
2013-05-15,22.732288360595703
2013-05-16,22.4339542388916
2013-05-17,22.565746307373047
2013-05-20,22.54961395263672
2013-05-21,22.510892868041992
2013-05-22,22.07530403137207
2013-05-23,21.910751342773438
2013-05-24,21.675704956054688
2013-05-28,21.87302589416504
2013-05-29,21.55135726928711
2013-05-30,21.612165451049805
2013-05-31,21.62358283996582
2013-06-03,21.53447723388672
2013-06-04,21.322763442993164
2013-06-05,21.337656021118164
2013-06-06,21.460269927978516
2013-06-07,21.834800720214844
2013-06-10,22.09516143798828
2013-06-11,21.83678436279297
2013-06-12,21.64244842529297
2013-06-13,21.767040252685547
2013-06-14,21.71839714050293
2013-06-17,21.996623992919922
2013-06-18,22.353290557861328
2013-06-19,22.35477638244629
2013-06-20,21.959150314331055
2013-06-21,21.86458396911621
2013-06-24,21.588092803955078
2013-06-25,21.49898910522461
2013-06-26,21.683897018432617
2013-06-27,21.768779754638672
2013-06-28,21.850685119628906
2013-07-01,22.03708267211914
2013-07-02,21.89883804321289
2013-07-03,22.0010929107666
2013-07-05,22.17632293701172
2013-07-08,22.464235305786133
2013-07-09,22.467952728271484
2013-07-10,22.486572265625
2013-07-11,22.84025764465332
2013-07-12,22.908756256103516
2013-07-15,22.950702667236328
2013-07-16,22.824617385864258
2013-07-17,22.798309326171875
2013-07-18,22.602975845336914
2013-07-19,22.253509521484375
2013-07-22,22.603473663330078
2013-07-23,22.43221664428711
2013-07-24,22.40987777709961
2013-07-25,22.032611846923828
2013-07-26,21.974292755126953
2013-07-29,21.897844314575195
2013-07-30,22.112537384033203
2013-07-31,22.033857345581055
2013-08-01,22.44264030456543
2013-08-02,22.500965118408203
2013-08-05,22.461997985839844
2013-08-06,22.252771377563477
2013-08-07,22.1058349609375
2013-08-08,22.155723571777344
2013-08-09,22.099876403808594
2013-08-12,21.97825813293457
2013-08-13,21.872528076171875
2013-08-14,21.58858871459961
2013-08-15,21.336666107177734
2013-08-16,21.268409729003906
2013-08-19,21.485336303710938
2013-08-20,21.47962760925293
2013-08-21,21.57667350769043
2013-08-22,21.68538475036621
2013-08-23,21.598514556884766
2013-08-26,21.503704071044922
2013-08-27,21.100627899169922
2013-08-28,21.060916900634766
2013-08-29,21.231679916381836
2013-08-30,21.01996421813965
2013-09-03,21.354534149169922
2013-09-04,21.633760452270508
2013-09-05,21.830581665039062
2013-09-06,21.831079483032227
2013-09-09,22.041301727294922
2013-09-10,22.056690216064453
2013-09-11,22.243335723876953
2013-09-12,22.1656494140625
2013-09-13,22.066621780395508
2013-09-16,22.034101486206055
2013-09-17,21.993152618408203
2013-09-18,22.420303344726562
2013-09-19,22.297935485839844
2013-09-20,22.415088653564453
2013-09-23,22.00282859802246
2013-09-24,22.011268615722656
2013-09-25,21.772750854492188
2013-09-26,21.796079635620117
2013-09-27,21.751903533935547
2013-09-30,21.739988327026367
2013-10-01,22.015243530273438
2013-10-02,22.039812088012695
2013-10-03,21.744457244873047
2013-10-04,21.65163230895996
2013-10-07,21.487567901611328
2013-10-08,21.18799591064453
2013-10-09,21.24234962463379
2013-10-10,21.54962158203125
2013-10-11,21.64269256591797
2013-10-14,21.744953155517578
2013-10-15,21.89139175415039
2013-10-16,22.289005279541016
2013-10-17,22.059669494628906
2013-10-18,25.103084564208984
2013-10-21,24.90179443359375
2013-10-22,24.993627548217773
2013-10-23,25.599483489990234
2013-10-24,25.454036712646484
2013-10-25,25.19715118408203
2013-10-28,25.19218635559082
2013-10-29,25.719364166259766
2013-10-30,25.574909210205078
2013-10-31,25.578880310058594
2013-11-01,25.491016387939453
2013-11-04,25.46793556213379
2013-11-05,25.354013442993164
2013-11-06,25.384540557861328
2013-11-07,25.0172119140625
2013-11-08,25.21775245666504
2013-11-11,25.08272933959961
2013-11-12,25.11226463317871
2013-11-13,25.62579345703125
2013-11-14,25.694292068481445
2013-11-15,25.652843475341797
2013-11-18,25.602956771850586
2013-11-19,25.445350646972656
2013-11-20,25.373619079589844
2013-11-21,25.665502548217773
2013-11-22,25.61139678955078
2013-11-25,25.95986557006836
2013-11-26,26.26961898803711
2013-11-27,26.386274337768555
2013-11-29,26.298906326293945
2013-12-02,26.172075271606445
2013-12-03,26.14179801940918
2013-12-04,26.2639102935791
2013-12-05,26.243061065673828
2013-12-06,26.55405616760254
2013-12-09,26.759315490722656
2013-12-10,26.921138763427734
2013-12-11,26.738218307495117
2013-12-12,26.556285858154297
2013-12-13,26.328689575195312
2013-12-16,26.631240844726562
2013-12-17,26.55380630493164
2013-12-18,26.923372268676758
2013-12-19,26.959861755371094
2013-12-20,27.3172664642334
2013-12-23,27.67665672302246
2013-12-24,27.595746994018555
2013-12-26,27.7352352142334
2013-12-27,27.758562088012695
2013-12-30,27.536672592163086
2013-12-31,27.815898895263672
2014-01-02,27.62751579284668
2014-01-03,27.425975799560547
2014-01-06,27.731760025024414
2014-01-07,28.266380310058594
2014-01-08,28.32520294189453
2014-01-09,28.052431106567383
2014-01-10,28.05094337463379
2014-01-13,27.872238159179688
2014-01-14,28.527978897094727
2014-01-15,28.508623123168945
2014-01-16,28.697250366210938
2014-01-17,28.556028366088867
2014-01-21,28.882905960083008
2014-01-22,28.915666580200195
2014-01-23,28.793554306030273
2014-01-24,27.89333724975586
2014-01-27,27.33240509033203
2014-01-28,27.87298583984375
2014-01-29,27.473630905151367
2014-01-30,28.180253982543945
2014-01-31,29.311542510986328
2014-02-03,28.131607055664062
2014-02-04,28.249006271362305
2014-02-05,28.374095916748047
2014-02-06,28.79007911682129
2014-02-07,29.223928451538086
2014-02-10,29.11199378967285
2014-02-11,29.54013442993164
2014-02-12,29.453514099121094
2014-02-13,29.781387329101562
2014-02-14,29.85335922241211
2014-02-18,30.053903579711914
2014-02-19,29.84194564819336
2014-02-20,29.88587760925293
2014-02-21,29.87793731689453
2014-02-24,30.094362258911133
2014-02-25,30.280263900756836
2014-02-26,30.28448486328125
2014-02-27,30.260658264160156
2014-02-28,30.172298431396484
2014-03-03,29.850631713867188
2014-03-04,30.153928756713867
2014-03-05,30.23707389831543
2014-03-06,30.270586013793945
2014-03-07,30.15095329284668
2014-03-10,30.07103157043457
2014-03-11,29.78361701965332
2014-03-12,29.96505355834961
2014-03-13,29.51233673095703
2014-03-14,29.1087646484375
2014-03-17,29.58778953552246
2014-03-18,30.063339233398438
2014-03-19,29.7652530670166
2014-03-20,29.713380813598633
2014-03-21,29.362918853759766
2014-03-24,28.73969078063965
2014-03-25,28.75930404663086
2014-03-26,28.09537124633789
2014-03-27,27.65630531311035
2014-03-28,27.802000045776367
2014-03-31,27.662015914916992
2014-04-01,28.167842864990234
2014-04-02,28.173057556152344
2014-04-03,28.34076690673828
2014-04-04,27.039024353027344
2014-04-07,26.809913635253906
2014-04-08,27.646997451782227
2014-04-09,28.119592666625977
2014-04-10,27.110429763793945
2014-04-11,26.667593002319336
2014-04-14,27.036544799804688
2014-04-15,27.210111618041992
2014-04-16,27.963878631591797
2014-04-17,26.944305419921875
2014-04-21,26.747432708740234
2014-04-22,27.05141830444336
2014-04-23,26.655195236206055
2014-04-24,26.50295066833496
2014-04-25,25.94059944152832
2014-04-28,25.934650421142578
2014-04-29,26.596677780151367
2014-04-30,26.52477264404297
2014-05-01,26.705778121948242
2014-05-02,26.474685668945312
2014-05-05,26.547088623046875
2014-05-06,25.914316177368164
2014-05-07,25.68769073486328
2014-05-08,25.795299530029297
2014-05-09,26.115158081054688
2014-05-12,26.700815200805664
2014-05-13,26.855043411254883
2014-05-14,26.50146484375
2014-05-15,26.239131927490234
2014-05-16,26.198469161987305
2014-05-19,26.720651626586914
2014-05-20,26.798017501831055
2014-05-21,27.25969886779785
2014-05-22,27.544841766357422
2014-05-23,27.95892333984375
2014-05-27,28.50787925720215
2014-05-28,28.288692474365234
2014-05-29,28.29414939880371
2014-05-30,28.348201751708984
2014-06-02,27.985698699951172
2014-06-03,27.498228073120117
2014-06-04,27.461036682128906
2014-06-05,28.014955520629883
2014-06-06,28.06950569152832
2014-06-09,28.302579879760742
2014-06-10,28.182077407836914
2014-06-11,28.14240264892578
2014-06-12,27.745681762695312
2014-06-13,27.78783416748047
2014-06-16,27.388635635375977
2014-06-17,27.305320739746094
2014-06-18,27.803205490112305
2014-06-19,28.01793098449707
2014-06-20,28.09380531311035
2014-06-23,28.479122161865234
2014-06-24,28.392337799072266
2014-06-25,29.056350708007812
2014-06-26,28.99882698059082
2014-06-27,29.044448852539062
2014-06-30,28.993867874145508
2014-07-01,29.33207130432129
2014-07-02,29.29686164855957
2014-07-03,29.410921096801758
2014-07-07,29.295869827270508
2014-07-08,28.68293571472168
2014-07-09,28.928903579711914
2014-07-10,28.764266967773438
2014-07-11,29.092052459716797
2014-07-14,29.46943473815918
2014-07-15,29.409927368164062
2014-07-16,29.288928985595703
2014-07-17,28.80294418334961
2014-07-18,30.00748634338379
2014-07-21,29.67672348022461
2014-07-22,29.931119918823242
2014-07-23,30.011457443237305
2014-07-24,29.903348922729492
2014-07-25,29.65886688232422
2014-07-28,29.705486297607422
2014-07-29,29.454063415527344
2014-07-30,29.527950286865234
2014-07-31,28.73996353149414
2014-08-01,28.444902420043945
2014-08-04,28.874853134155273
2014-08-05,28.422090530395508
2014-08-06,28.48904037475586
2014-08-07,28.356136322021484
2014-08-08,28.660123825073242
2014-08-11,28.62590980529785
2014-08-12,28.371509552001953
2014-08-13,28.988414764404297
2014-08-14,28.992874145507812
2014-08-15,28.946258544921875
2014-08-18,29.392072677612305
2014-08-19,29.610769271850586
2014-08-20,29.52646255493164
2014-08-21,29.378192901611328
2014-08-22,29.384140014648438
2014-08-25,29.286447525024414
2014-08-26,29.16495132446289
2014-08-27,28.911048889160156
2014-08-28,28.778146743774414
2014-08-29,28.879310607910156
2014-09-02,29.190242767333984
2014-09-03,29.234376907348633
2014-09-04,29.41389274597168
2014-09-05,29.643991470336914
2014-09-08,29.834915161132812
2014-09-09,29.355871200561523
2014-09-10,29.427778244018555
2014-09-11,29.3132266998291
2014-09-12,29.005273818969727
2014-09-15,28.843610763549805
2014-09-16,29.19767951965332
2014-09-17,29.42133331298828
2014-09-18,29.618701934814453
2014-09-19,30.021869659423828
2014-09-22,29.618701934814453
2014-09-23,29.31669807434082
2014-09-24,29.675729751586914
2014-09-25,29.02263069152832
2014-09-26,29.154041290283203
2014-09-29,29.14957618713379
2014-09-30,29.179332733154297
2014-10-01,28.743932723999023
2014-10-02,28.80592155456543
2014-10-03,29.07221794128418
2014-10-06,29.14809226989746
2014-10-07,28.469696044921875
2014-10-08,28.947750091552734
2014-10-09,28.306547164916992
2014-10-10,27.531949996948242
2014-10-13,27.01422691345215
2014-10-14,27.209613800048828
2014-10-15,26.814876556396484
2014-10-16,26.625938415527344
2014-10-17,25.93415641784668
2014-10-20,26.400798797607422
2014-10-21,26.68098258972168
2014-10-22,26.912071228027344
2014-10-23,27.455581665039062
2014-10-24,27.220027923583984
2014-10-27,27.268625259399414
2014-10-28,27.717914581298828
2014-10-29,27.693614959716797
2014-10-30,27.78386878967285
2014-10-31,28.160751342773438
2014-11-03,27.95743179321289
2014-11-04,27.978256225585938
2014-11-05,27.569639205932617
2014-11-06,27.358383178710938
2014-11-07,27.36482810974121
2014-11-10,27.682701110839844
2014-11-11,27.834447860717773
2014-11-12,27.683698654174805
2014-11-13,27.593936920166016
2014-11-14,27.531949996948242
2014-11-17,27.107955932617188
2014-11-18,27.0023250579834
2014-11-19,27.135723114013672
2014-11-20,26.965133666992188
2014-11-21,27.07076072692871
2014-11-24,27.14961051940918
2014-11-25,27.236391067504883
2014-11-26,27.162004470825195
2014-11-28,27.228954315185547
2014-12-01,26.761316299438477
2014-12-02,26.70875358581543
2014-12-03,26.628414154052734
2014-12-04,26.906618118286133
2014-12-05,26.187557220458984
2014-12-08,26.31897735595703
2014-12-09,26.58576774597168
2014-12-10,26.185577392578125
2014-12-11,26.387405395507812
2014-12-12,25.861753463745117
2014-12-15,25.58057403564453
2014-12-16,24.703826904296875
2014-12-17,25.114925384521484
2014-12-18,25.520078659057617
2014-12-19,25.78885841369629
2014-12-22,26.39682960510254
2014-12-23,26.71767807006836
2014-12-24,26.626432418823242
2014-12-26,26.85405158996582
2014-12-29,26.645275115966797
2014-12-30,26.544607162475586
2014-12-31,26.315502166748047
2015-01-02,26.26045799255371
2015-01-05,25.760093688964844
2015-01-06,25.124351501464844
2015-01-07,25.05045509338379
2015-01-08,25.137737274169922
2015-01-09,24.830774307250977
2015-01-12,24.649274826049805
2015-01-13,24.88433074951172
2015-01-14,25.089136123657227
2015-01-15,24.993928909301758
2015-01-16,25.313783645629883
2015-01-20,25.287996292114258
2015-01-21,25.806211471557617
2015-01-22,26.64478302001953
2015-01-23,26.875377655029297
2015-01-26,26.616018295288086
2015-01-27,25.84588050842285
2015-01-28,25.411474227905273
2015-01-29,25.45114517211914
2015-01-30,26.65717887878418
2015-02-02,26.39187240600586
2015-02-03,26.446422576904297
2015-02-04,26.089372634887695
2015-02-05,26.274341583251953
2015-02-06,26.475183486938477
2015-02-09,26.2470703125
2015-02-10,26.78660774230957
2015-02-11,26.679494857788086
2015-02-12,27.07671546936035
2015-02-13,27.332101821899414
2015-02-17,27.027122497558594
2015-02-18,26.91008758544922
2015-02-19,27.098529815673828
2015-02-20,26.867935180664062
2015-02-23,26.530723571777344
2015-02-24,26.711729049682617
2015-02-25,27.14217185974121
2015-02-26,27.735271453857422
2015-02-27,27.90089988708496
2015-03-02,28.515323638916016
2015-03-03,28.702274322509766
2015-03-04,28.679466247558594
2015-03-05,28.83319664001465
2015-03-06,28.410188674926758
2015-03-09,28.469696044921875
2015-03-10,27.763038635253906
2015-03-11,27.556743621826172
2015-03-12,27.82849884033203
2015-03-13,27.42334747314453
2015-03-16,27.851804733276367
2015-03-17,27.65195655822754
2015-03-18,28.075952529907227
2015-03-19,27.95247459411621
2015-03-20,28.015947341918945
2015-03-23,28.03677749633789
2015-03-24,28.640289306640625
2015-03-25,28.11760711669922
2015-03-26,27.950984954833984
2015-03-27,27.648983001708984
2015-03-30,27.827009201049805
2015-03-31,27.50765037536621
2015-04-01,27.249284744262695
2015-04-02,26.843639373779297
2015-04-06,26.97455596923828
2015-04-07,27.01968002319336
2015-04-08,27.217050552368164
2015-04-09,27.17638397216797
2015-04-10,27.202173233032227
2015-04-13,27.207136154174805
2015-04-14,26.767765045166016
2015-04-15,26.83024787902832
2015-04-16,26.953231811523438
2015-04-17,26.41864776611328
2015-04-20,27.003318786621094
2015-04-21,26.92347526550293
2015-04-22,27.23391342163086
2015-04-23,27.64451789855957
2015-04-24,28.447879791259766
2015-04-27,28.0739688873291
2015-04-28,27.987186431884766
2015-04-29,27.839406967163086
2015-04-30,27.213579177856445
2015-05-01,27.332101821899414
2015-05-04,27.415414810180664
2015-05-05,26.929426193237305
2015-05-06,26.53468894958496
2015-05-07,26.879840850830078
2015-05-08,27.222505569458008
2015-05-11,27.065305709838867
2015-05-12,26.715696334838867
2015-05-13,26.753381729125977
2015-05-14,27.234901428222656
2015-05-15,27.10051155090332
2015-05-18,27.10944175720215
2015-05-19,27.238872528076172
2015-05-20,27.399045944213867
2015-05-21,27.61228370666504
2015-05-22,27.498722076416016
2015-05-26,27.13522720336914
2015-05-27,27.485334396362305
2015-05-28,27.48185920715332
2015-05-29,27.042491912841797
2015-06-01,27.235401153564453
2015-06-02,27.470457077026367
2015-06-03,27.536907196044922
2015-06-04,27.358383178710938
2015-06-05,27.251266479492188
2015-06-08,26.951248168945312
2015-06-09,26.88578987121582
2015-06-10,27.40351104736328
2015-06-11,27.276559829711914
2015-06-12,27.14911460876465
2015-06-15,26.927444458007812
2015-06-16,27.020179748535156
2015-06-17,27.105968475341797
2015-06-18,27.581045150756836
2015-06-19,27.647497177124023
2015-06-22,27.754606246948242
2015-06-23,27.938587188720703
2015-06-24,27.699562072753906
2015-06-25,27.668819427490234
2015-06-26,27.42632293701172
2015-06-29,26.84066390991211
2015-06-30,26.780658721923828
2015-07-01,26.94232177734375
2015-07-02,27.142667770385742
2015-07-06,27.057369232177734
2015-07-07,27.276063919067383
2015-07-08,26.862972259521484
2015-07-09,27.00926971435547
2015-07-10,27.577571868896484
2015-07-13,28.3521728515625
2015-07-14,28.969568252563477
2015-07-15,28.958660125732422
2015-07-16,29.84235191345215
2015-07-17,34.69425582885742
2015-07-20,34.358028411865234
2015-07-21,34.48250198364258
2015-07-22,34.4701042175293
2015-07-23,33.459957122802734
2015-07-24,32.47013473510742
2015-07-27,32.643699645996094
2015-07-28,32.71262741088867
2015-07-29,32.8004035949707
2015-07-30,32.95561981201172
2015-07-31,32.60551834106445
2015-08-03,32.96355438232422
2015-08-04,32.79296875
2015-08-05,33.388545989990234
2015-08-06,33.232826232910156
2015-08-07,32.94719314575195
2015-08-10,32.88520812988281
2015-08-11,34.2320671081543
2015-08-12,34.29009246826172
2015-08-13,34.04412841796875
2015-08-14,34.185951232910156
2015-08-17,34.4210090637207
2015-08-18,34.154212951660156
2015-08-19,34.417537689208984
2015-08-20,33.69550704956055
2015-08-21,31.937536239624023
2015-08-24,30.65216064453125
2015-08-25,30.37247085571289
2015-08-26,32.71659469604492
2015-08-27,33.12422561645508
2015-08-28,32.7141227722168
2015-08-31,32.12548065185547
2015-09-01,31.219966888427734
2015-09-02,31.981176376342773
2015-09-03,31.591400146484375
2015-09-04,31.190214157104492
2015-09-08,31.930097579956055
2015-09-09,31.90679359436035
2015-09-10,32.287147521972656
2015-09-11,32.49641799926758
2015-09-14,32.356082916259766
2015-09-15,32.98091125488281
2015-09-16,33.00322723388672
2015-09-17,33.30821228027344
2015-09-18,32.775115966796875
2015-09-21,33.07563018798828
2015-09-22,32.39228057861328
2015-09-23,32.3967399597168
2015-09-24,32.477073669433594
2015-09-25,31.745126724243164
2015-09-28,30.95664405822754
2015-09-29,30.87531852722168
2015-09-30,31.656856536865234
2015-10-01,31.836864471435547
2015-10-02,32.580223083496094
2015-10-05,33.3087043762207
2015-10-06,33.30672073364258
2015-10-07,33.22539520263672
2015-10-08,33.076622009277344
2015-10-09,33.28688430786133
2015-10-12,33.544254302978516
2015-10-13,33.87849426269531
2015-10-14,33.74162673950195
2015-10-15,34.3669548034668
2015-10-16,34.481014251708984
2015-10-19,34.71062469482422
2015-10-20,33.721290588378906
2015-10-21,33.314659118652344
2015-10-22,33.77782440185547
2015-10-23,35.67167282104492
2015-10-26,36.2563362121582
2015-10-27,36.34064865112305
2015-10-28,36.54396438598633
2015-10-29,36.937217712402344
2015-10-30,36.5672721862793
2015-11-02,37.080528259277344
2015-11-03,37.13408660888672
2015-11-04,37.455928802490234
2015-11-05,37.72172927856445
2015-11-06,37.76784896850586
2015-11-09,37.42914581298828
2015-11-10,37.60222244262695
2015-11-11,37.948856353759766
2015-11-12,37.51642990112305
2015-11-13,36.700172424316406
2015-11-16,37.213436126708984
2015-11-17,36.99325180053711
2015-11-18,37.689002990722656
2015-11-19,37.68552780151367
2015-11-20,38.53153610229492
2015-11-23,38.51665496826172
2015-11-24,38.16606140136719
2015-11-25,38.147708892822266
2015-11-27,38.28209686279297
2015-11-30,37.829837799072266
2015-12-01,38.868247985839844
2015-12-02,38.57368850708008
2015-12-03,38.09514236450195
2015-12-04,38.64112854003906
2015-12-07,38.33268737792969
2015-12-08,38.43929672241211
2015-12-09,37.814964294433594
2015-12-10,37.69048309326172
2015-12-11,37.213436126708984
2015-12-14,37.8144645690918
2015-12-15,37.692970275878906
2015-12-16,38.51120376586914
2015-12-17,38.17597579956055
2015-12-18,37.53229522705078
2015-12-21,37.72817611694336
2015-12-22,38.042083740234375
2015-12-23,38.11051940917969
2015-12-24,37.97811508178711
2015-12-28,38.79138946533203
2015-12-29,39.37258529663086
2015-12-30,39.19108581542969
2015-12-31,38.581626892089844
2016-01-04,37.66073226928711
2016-01-05,37.764381408691406
2016-01-06,37.655277252197266
2016-01-07,36.74629211425781
2016-01-08,36.24592590332031
2016-01-11,36.35304260253906
2016-01-12,36.961509704589844
2016-01-13,35.68357849121094
2016-01-14,36.26972579956055
2016-01-15,35.23329544067383
2016-01-19,35.659271240234375
2016-01-20,35.633487701416016
2016-01-21,36.035667419433594
2016-01-22,36.967464447021484
2016-01-25,36.38032150268555
2016-01-26,36.38874435424805
2016-01-27,35.584896087646484
2016-01-28,37.10830307006836
2016-01-29,37.75545883178711
2016-02-01,38.22259521484375
2016-02-02,38.725433349609375
2016-02-03,37.16185760498047
2016-02-04,36.20228958129883
2016-02-05,34.89955139160156
2016-02-08,34.91939163208008
2016-02-09,34.76367950439453
2016-02-10,35.05278778076172
2016-02-11,35.02848434448242
2016-02-12,35.054771423339844
2016-02-16,35.58787155151367
2016-02-17,36.298492431640625
2016-02-18,35.581424713134766
2016-02-19,35.809539794921875
2016-02-22,36.153682708740234
2016-02-23,35.57050704956055
2016-02-24,35.74953079223633
2016-02-25,36.15716552734375
2016-02-26,35.94590377807617
2016-02-29,35.56703567504883
2016-03-01,36.8043098449707
2016-03-02,36.67091751098633
2016-03-03,36.27964782714844
2016-03-04,36.21171569824219
2016-03-07,35.34785079956055
2016-03-08,35.384056091308594
2016-03-09,35.97318649291992
2016-03-10,36.30841827392578
2016-03-11,36.93820571899414
2016-03-14,37.204505920410156
2016-03-15,37.22086715698242
2016-03-16,37.557586669921875
2016-03-17,37.613128662109375
2016-03-18,37.46088409423828
2016-03-21,37.795623779296875
2016-03-22,37.69097900390625
2016-03-23,37.5675048828125
2016-03-24,37.43262481689453
2016-03-28,37.355255126953125
2016-03-29,37.9805908203125
2016-03-30,38.102088928222656
2016-03-31,37.832313537597656
2016-04-01,38.16804122924805
2016-04-04,37.942405700683594
2016-04-05,37.61759567260742
2016-04-06,38.08869934082031
2016-04-07,37.6944580078125
2016-04-08,37.6622200012207
2016-04-11,37.56651306152344
2016-04-12,37.90272903442383
2016-04-13,38.27912139892578
2016-04-14,38.451698303222656
2016-04-15,38.68030548095703
2016-04-18,39.0611572265625
2016-04-19,38.494346618652344
2016-04-20,38.42838668823242
2016-04-21,38.68030548095703
2016-04-22,36.586116790771484
2016-04-25,36.80630111694336
2016-04-26,35.97119903564453
2016-04-27,35.77730178833008
2016-04-28,34.964019775390625
2016-04-29,35.10387420654297
2016-05-02,35.42768859863281
2016-05-03,35.13163375854492
2016-05-04,35.27693176269531
2016-05-05,35.44257354736328
2016-05-06,35.96177673339844
2016-05-09,36.157657623291016
2016-05-10,36.66595458984375
2016-05-11,36.22807693481445
2016-05-12,36.1050910949707
2016-05-13,35.944419860839844
2016-05-16,36.21568298339844
2016-05-17,35.714324951171875
2016-05-18,35.79317092895508
2016-05-19,35.472320556640625
2016-05-20,35.789703369140625
2016-05-23,35.56853103637695
2016-05-24,36.3510627746582
2016-05-25,36.602474212646484
2016-05-26,36.544464111328125
2016-05-27,37.073585510253906
2016-05-31,37.13557815551758
2016-06-01,37.11623764038086
2016-06-02,36.90845489501953
2016-06-03,36.491397857666016
2016-06-06,36.203773498535156
2016-06-07,36.25486373901367
2016-06-08,36.842002868652344
2016-06-09,36.82167053222656
2016-06-10,36.358985900878906
2016-06-13,36.29403305053711
2016-06-14,36.36196517944336
2016-06-15,36.30940246582031
2016-06-16,35.91565704345703
2016-06-17,34.923858642578125
2016-06-20,35.017086029052734
2016-06-21,35.15346145629883
2016-06-22,35.23230743408203
2016-06-23,35.45050048828125
2016-06-24,33.979156494140625
2016-06-27,33.77782440185547
2016-06-28,34.27967834472656
2016-06-29,34.47456741333008
2016-06-30,34.88814926147461
2016-07-01,35.22140121459961
2016-07-05,34.955589294433594
2016-07-06,35.157920837402344
2016-07-07,35.0731201171875
2016-07-08,35.594810485839844
2016-07-11,36.061946868896484
2016-07-12,36.32527160644531
2016-07-13,36.175010681152344
2016-07-14,36.488426208496094
2016-07-15,36.47999572753906
2016-07-18,37.351295471191406
2016-07-19,37.36170196533203
2016-07-20,37.543701171875
2016-07-21,37.411293029785156
2016-07-22,37.65279769897461
2016-07-25,37.565521240234375
2016-07-26,37.57196807861328
2016-07-27,37.786197662353516
2016-07-28,37.97811508178711
2016-07-29,39.2426643371582
2016-08-01,39.71873092651367
2016-08-02,39.678062438964844
2016-08-03,39.618553161621094
2016-08-04,39.53573226928711
2016-08-05,40.01577377319336
2016-08-08,39.93147277832031
2016-08-09,40.04304504394531
2016-08-10,40.0931282043457
2016-08-11,40.0787467956543
2016-08-12,40.02172088623047
2016-08-15,39.96766662597656
2016-08-16,39.73112487792969
2016-08-17,39.94088363647461
2016-08-18,39.80847930908203
2016-08-19,39.654754638671875
2016-08-22,39.5208625793457
2016-08-23,39.50300979614258
2016-08-24,39.354736328125
2016-08-25,39.24067687988281
2016-08-26,39.33588790893555
2016-08-29,39.46482467651367
2016-08-30,39.271427154541016
2016-08-31,39.16876983642578
2016-09-01,39.245635986328125
2016-09-02,39.51689147949219
2016-09-06,40.069820404052734
2016-09-07,40.068336486816406
2016-09-08,39.81294631958008
2016-09-09,39.100826263427734
2016-09-12,39.61359405517578
2016-09-13,39.112735748291016
2016-09-14,39.19902038574219
2016-09-15,39.73310470581055
2016-09-16,39.57143783569336
2016-09-19,39.443504333496094
2016-09-20,39.66120147705078
2016-09-21,39.921546936035156
2016-09-22,40.463069915771484
2016-09-23,40.41398239135742
2016-09-26,39.80352783203125
2016-09-27,40.2042121887207
2016-09-28,40.170989990234375
2016-09-29,39.80302810668945
2016-09-30,39.873443603515625
2016-10-03,39.690956115722656
2016-10-04,39.81046676635742
2016-10-05,39.73310470581055
2016-10-06,39.82484436035156
2016-10-07,39.70732116699219
2016-10-10,40.37480163574219
2016-10-11,40.146690368652344
2016-10-12,40.25579071044922
2016-10-13,39.87443161010742
2016-10-14,39.90021896362305
2016-10-17,40.01131057739258
2016-10-18,40.73780822753906
2016-10-19,41.00310516357422
2016-10-20,40.74474334716797
2016-10-21,40.86524963378906
2016-10-24,41.444454193115234
2016-10-25,41.087913513183594
2016-10-26,40.7680549621582
2016-10-27,40.532501220703125
2016-10-28,40.642093658447266
2016-10-31,40.16305160522461
2016-11-01,39.9438591003418
2016-11-02,39.09785842895508
2016-11-03,38.78891372680664
2016-11-04,38.73485565185547
2016-11-07,39.77278137207031
2016-11-08,40.266197204589844
2016-11-09,39.949317932128906
2016-11-10,38.6946907043457
2016-11-11,38.27118682861328
2016-11-14,37.35227966308594
2016-11-15,38.44028854370117
2016-11-16,38.679317474365234
2016-11-17,38.98577880859375
2016-11-18,38.4804573059082
2016-11-21,38.91834259033203
2016-11-22,38.92825698852539
2016-11-23,38.63071823120117
2016-11-25,38.69171905517578
2016-11-28,38.96743392944336
2016-11-29,39.1484375
2016-11-30,38.47599792480469
2016-12-01,37.90322494506836
2016-12-02,37.90967559814453
2016-12-05,38.592041015625
2016-12-06,38.490867614746094
2016-12-07,39.249114990234375
2016-12-08,39.432586669921875
2016-12-09,40.14073944091797
2016-12-12,40.063873291015625
2016-12-13,40.432823181152344
2016-12-14,40.55928421020508
2016-12-15,40.44819641113281
2016-12-16,40.16007995605469
2016-12-19,40.291988372802734
2016-12-20,40.42587661743164
2016-12-21,40.2771110534668
2016-12-22,40.15214538574219
2016-12-23,40.05891418457031
2016-12-27,40.1645393371582
2016-12-28,39.898738861083984
2016-12-29,39.81492614746094
2016-12-30,39.29770278930664
2017-01-03,40.0693244934082
2017-01-04,40.05742645263672
2017-01-05,40.31777572631836
2017-01-06,40.922279357910156
2017-01-09,41.01996994018555
2017-01-10,40.96194839477539
2017-01-11,41.15287399291992
2017-01-12,41.13650894165039
2017-01-13,41.20642852783203
2017-01-17,41.03385543823242
2017-01-18,41.1112174987793
2017-01-19,40.880615234375
2017-01-20,41.069061279296875
2017-01-23,41.87540054321289
2017-01-24,42.12831115722656
2017-01-25,42.570655822753906
2017-01-26,42.49775695800781
2017-01-27,41.905155181884766
2017-01-30,40.853843688964844
2017-01-31,40.67333221435547
2017-02-01,40.42786407470703
2017-02-02,40.57762145996094
2017-02-03,40.67035675048828
2017-02-06,40.7442512512207
2017-02-07,41.12162780761719
2017-02-08,41.153865814208984
2017-02-09,41.16279220581055
2017-02-10,41.400325775146484
2017-02-13,41.604148864746094
2017-02-14,41.657203674316406
2017-02-15,41.52281951904297
2017-02-16,41.76332473754883
2017-02-17,41.980533599853516
2017-02-21,42.115421295166016
2017-02-22,42.21906661987305
2017-02-23,42.20120620727539
2017-02-24,42.04301834106445
2017-02-27,42.13525390625
2017-02-28,41.90019607543945
2017-03-01,42.48635482788086
2017-03-02,42.14418029785156
2017-03-03,42.105995178222656
2017-03-06,42.0162353515625
2017-03-07,42.208648681640625
2017-03-08,42.332122802734375
2017-03-09,42.540401458740234
2017-03-10,42.71744155883789
2017-03-13,42.87464141845703
2017-03-14,42.94059371948242
2017-03-15,43.063575744628906
2017-03-16,43.14341735839844
2017-03-17,43.26095199584961
2017-03-20,43.03977966308594
2017-03-21,42.15856170654297
2017-03-22,42.14169692993164
2017-03-23,41.63835906982422
2017-03-24,41.414710998535156
2017-03-27,41.58183288574219
2017-03-28,41.68695831298828
2017-03-29,42.14516830444336
2017-03-30,42.125831604003906
2017-03-31,42.042518615722656
2017-04-03,42.48635482788086
2017-04-04,42.2790641784668
2017-04-05,42.09756851196289
2017-04-06,41.908626556396484
2017-04-07,41.759857177734375
2017-04-10,41.740020751953125
2017-04-11,41.64976119995117
2017-04-12,41.728118896484375
2017-04-13,41.664642333984375
2017-04-17,42.4060173034668
2017-04-18,42.34947967529297
2017-04-19,42.474449157714844
2017-04-20,42.6514892578125
2017-04-21,42.59545135498047
2017-04-24,43.58625793457031
2017-04-25,44.07769775390625
2017-04-26,44.09257888793945
2017-04-27,44.206626892089844
2017-04-28,45.847076416015625
2017-05-01,46.2586669921875
2017-05-02,46.47042465209961
2017-05-03,47.03376770019531
2017-05-04,47.34469985961914
2017-05-05,47.124515533447266
2017-05-08,47.541568756103516
2017-05-09,47.44337463378906
2017-05-10,47.35064697265625
2017-05-11,47.40271759033203
2017-05-12,47.36552810668945
2017-05-15,47.567848205566406
2017-05-16,47.83514404296875
2017-05-17,46.722347259521484
2017-05-18,47.13542556762695
2017-05-19,47.341224670410156
2017-05-22,47.80836486816406
2017-05-23,48.12971115112305
2017-05-24,48.47981643676758
2017-05-25,49.18647766113281
2017-05-26,49.25639343261719
2017-05-30,49.400211334228516
2017-05-31,48.949928283691406
2017-06-01,49.009437561035156
2017-06-02,49.397727966308594
2017-06-05,49.78254699707031
2017-06-06,49.425498962402344
2017-06-07,49.66452407836914
2017-06-08,49.80238342285156
2017-06-09,48.1083869934082
2017-06-12,47.696285247802734
2017-06-13,48.127227783203125
2017-06-14,47.999778747558594
2017-06-15,47.61545944213867
2017-06-16,47.5380973815918
2017-06-19,48.36130142211914
2017-06-20,48.05234909057617
2017-06-21,48.52841567993164
2017-06-22,48.43072509765625
2017-06-23,48.90033721923828
2017-06-26,48.206085205078125
2017-06-27,47.01591110229492
2017-06-28,47.656612396240234
2017-06-29,46.50662612915039
2017-06-30,46.10295867919922
2017-07-03,45.59614944458008
2017-07-05,46.23090362548828
2017-07-06,46.0042724609375
2017-07-07,46.65489959716797
2017-07-10,47.16021728515625
2017-07-11,47.285675048828125
2017-07-12,47.986392974853516
2017-07-13,48.04540252685547
2017-07-14,48.44510269165039
2017-07-17,48.39799499511719
2017-07-18,48.94298553466797
2017-07-19,49.23160171508789
2017-07-20,49.20283889770508
2017-07-21,49.28466796875
2017-07-24,49.5063362121582
2017-07-25,48.05432891845703
2017-07-26,47.86985397338867
2017-07-27,47.235103607177734
2017-07-28,47.523712158203125
2017-07-31,46.887474060058594
2017-08-01,46.940040588378906
2017-08-02,46.99359893798828
2017-08-03,46.629608154296875
2017-08-04,46.901859283447266
2017-08-07,46.89987564086914
2017-08-08,46.822513580322266
2017-08-09,46.61869812011719
2017-08-10,45.80095672607422
2017-08-11,46.123291015625
2017-08-14,46.56166458129883
2017-08-15,46.51951599121094
2017-08-16,46.826480865478516
2017-08-17,46.00278854370117
2017-08-18,45.92938995361328
2017-08-21,45.66606903076172
2017-08-22,46.63456726074219
2017-08-23,46.74267578125
2017-08-24,46.46051025390625
2017-08-25,46.14362335205078
2017-08-28,46.026100158691406
2017-08-29,46.403968811035156
2017-08-30,46.794742584228516
2017-08-31,47.370487213134766
2017-09-01,47.20931625366211
2017-09-05,46.68812561035156
2017-09-06,46.71490478515625
2017-09-07,47.10517501831055
2017-09-08,46.68465042114258
2017-09-11,46.77787780761719
2017-09-12,46.94449996948242
2017-09-13,47.132450103759766
2017-09-14,46.62117385864258
2017-09-15,46.38115692138672
2017-09-18,46.10643005371094
2017-09-19,46.45901107788086
2017-09-20,46.98863983154297
2017-09-21,46.9891357421875
2017-09-22,46.776390075683594
2017-09-25,46.331077575683594
2017-09-26,46.487281799316406
2017-09-27,47.6015739440918
2017-09-28,47.84505844116211
2017-09-29,48.28690719604492
2017-10-02,47.97697067260742
2017-10-03,48.20558547973633
2017-10-04,47.942752838134766
2017-10-05,48.85570526123047
2017-10-06,49.27474594116211
2017-10-09,49.20879364013672
2017-10-10,48.985137939453125
2017-10-11,49.87031936645508
2017-10-12,49.87031936645508
2017-10-13,49.98041534423828
2017-10-16,50.05380630493164
2017-10-17,50.13562774658203
2017-10-18,50.22191619873047
2017-10-19,49.68138885498047
2017-10-20,49.84156036376953
2017-10-23,48.87306594848633
2017-10-24,49.01935577392578
2017-10-25,49.16664123535156
2017-10-26,49.16465759277344
2017-10-27,51.25983810424805
2017-10-30,51.23305892944336
2017-10-31,51.22860336303711
2017-11-01,51.702674865722656
2017-11-02,51.721031188964844
2017-11-03,52.06915283203125
2017-11-06,51.70664596557617
2017-11-07,52.18816375732422
2017-11-08,52.48074722290039
2017-11-09,51.956581115722656
2017-11-10,51.77954864501953
2017-11-13,51.63325500488281
2017-11-14,51.65507125854492
2017-11-15,51.395713806152344
2017-11-16,51.9937744140625
2017-11-17,51.36992645263672
2017-11-20,51.30893325805664
2017-11-21,52.08451461791992
2017-11-22,52.16485595703125
2017-11-24,52.392974853515625
2017-11-27,53.16112518310547
2017-11-28,52.72869873046875
2017-11-29,51.44382095336914
2017-11-30,51.38380813598633
2017-12-01,50.83336639404297
2017-12-04,50.17877197265625
2017-12-05,50.56210708618164
2017-12-06,51.21273422241211
2017-12-07,51.80036926269531
2017-12-08,52.03889846801758
2017-12-11,52.167335510253906
2017-12-12,52.00864791870117
2017-12-13,52.138580322265625
2017-12-14,52.44008255004883
2017-12-15,53.16062545776367
2017-12-18,53.80976486206055
2017-12-19,53.54644012451172
2017-12-20,53.23798370361328
2017-12-21,53.103599548339844
2017-12-22,53.004920959472656
2017-12-26,52.855648040771484
2017-12-27,52.575462341308594
2017-12-28,52.36471176147461
2017-12-29,52.238250732421875
2018-01-02,53.22063446044922
2018-01-03,54.128623962402344
2018-01-04,54.33889389038086
2018-01-05,55.05943298339844
2018-01-08,55.25382614135742
2018-01-09,55.18341064453125
2018-01-10,55.05199432373047
2018-01-11,55.14670944213867
2018-01-12,56.069087982177734
2018-01-16,56.07156753540039
2018-01-17,56.488128662109375
2018-01-18,56.33290481567383
2018-01-19,56.706321716308594
2018-01-22,57.73085403442383
2018-01-23,58.32643127441406
2018-01-24,58.08443069458008
2018-01-25,58.622474670410156
2018-01-26,58.891265869140625
2018-01-29,58.83770751953125
2018-01-30,58.38594055175781
2018-01-31,58.6264533996582
2018-02-01,58.59520721435547
2018-02-02,55.50128173828125
2018-02-05,52.68406295776367
2018-02-06,53.777034759521484
2018-02-07,52.33793258666992
2018-02-08,49.97247314453125
2018-02-09,51.884674072265625
2018-02-12,52.2957763671875
2018-02-13,52.27495193481445
2018-02-14,53.19533920288086
2018-02-15,54.120689392089844
2018-02-16,54.32600021362305
2018-02-20,54.72718811035156
2018-02-21,55.23101806640625
2018-02-22,55.04009246826172
2018-02-23,55.942138671875
2018-02-26,56.71623992919922
2018-02-27,55.41748046875
2018-02-28,54.74354934692383
2018-03-01,53.13137435913086
2018-03-02,53.76265335083008
2018-03-05,54.28929901123047
2018-03-06,54.59377670288086
2018-03-07,55.29499435424805
2018-03-08,56.00611114501953
2018-03-09,57.56620788574219
2018-03-12,57.818634033203125
2018-03-13,56.528289794921875
2018-03-14,56.97361755371094
2018-03-15,57.05890655517578
2018-03-16,56.256038665771484
2018-03-19,54.55262756347656
2018-03-20,54.34086990356445
2018-03-21,54.25161361694336
2018-03-22,52.225852966308594
2018-03-23,50.9067497253418
2018-03-26,52.2724609375
2018-03-27,49.934295654296875
2018-03-28,49.84701156616211
2018-03-29,51.431915283203125
2018-04-02,50.21645736694336
2018-04-03,50.51648712158203
2018-04-04,51.0634651184082
2018-04-05,51.208763122558594
2018-04-06,50.083560943603516
2018-04-09,50.586402893066406
2018-04-10,51.40018081665039
2018-04-11,50.832862854003906
2018-04-12,51.43935012817383
2018-04-13,51.37736511230469
2018-04-16,51.876243591308594
2018-04-17,53.52560806274414
2018-04-18,53.328739166259766
2018-04-19,54.025978088378906
2018-04-20,53.42444610595703
2018-04-23,53.25038528442383
2018-04-24,50.71285629272461
2018-04-25,50.730220794677734
2018-04-26,51.737884521484375
2018-04-27,51.14974594116211
2018-04-30,50.51152038574219
2018-05-01,51.61093521118164
2018-05-02,50.881961822509766
2018-05-03,50.89435577392578
2018-05-04,52.11923599243164
2018-05-07,52.53876495361328
2018-05-08,52.49562072753906
2018-05-09,54.00118637084961
2018-05-10,54.820411682128906
2018-05-11,54.716766357421875
2018-05-14,54.87644958496094
2018-05-15,53.79884719848633
2018-05-16,53.760169982910156
2018-05-17,53.61982727050781
2018-05-18,53.0435905456543
2018-05-21,53.756202697753906
2018-05-22,53.324771881103516
2018-05-23,53.8529052734375
2018-05-24,53.82761764526367
2018-05-25,53.759681701660156
2018-05-29,52.965736389160156
2018-05-30,53.431884765625
2018-05-31,54.54915237426758
2018-06-01,56.28480529785156
2018-06-04,57.17941665649414
2018-06-05,57.0792350769043
2018-06-06,56.87740707397461
2018-06-07,56.256038665771484
2018-06-08,56.17124557495117
2018-06-11,56.57738494873047
2018-06-12,56.938899993896484
2018-06-13,56.74251937866211
2018-06-14,57.53001403808594
2018-06-15,57.48836135864258
2018-06-18,58.69390106201172
2018-06-19,58.4514045715332
2018-06-20,58.71819305419922
2018-06-21,57.99269104003906
2018-06-22,57.985252380371094
2018-06-25,56.49705123901367
2018-06-26,56.16678237915039
2018-06-27,55.38920974731445
2018-06-28,55.877174377441406
2018-06-29,55.99668502807617
2018-07-02,56.63739013671875
2018-07-03,55.356475830078125
2018-07-05,56.59672164916992
2018-07-06,57.28057861328125
2018-07-09,57.88557434082031
2018-07-10,57.878639221191406
2018-07-11,58.09286880493164
2018-07-12,59.570648193359375
2018-07-13,59.72735595703125
2018-07-16,59.3350944519043
2018-07-17,60.15681076049805
2018-07-18,60.14837646484375
2018-07-19,59.46353530883789
2018-07-20,59.403038024902344
2018-07-23,60.05366134643555
2018-07-24,62.39183044433594
2018-07-25,63.274044036865234
2018-07-26,63.748130798339844
2018-07-27,62.13098907470703
2018-07-30,60.99785232543945
2018-07-31,60.85800552368164
2018-08-01,61.14414596557617
2018-08-02,61.54780960083008
2018-08-03,61.40052795410156
2018-08-06,61.376224517822266
2018-08-07,62.277278900146484
2018-08-08,62.54953384399414
2018-08-09,62.70474624633789
2018-08-10,62.112144470214844
2018-08-13,61.92022705078125
2018-08-14,62.391334533691406
2018-08-15,61.105960845947266
2018-08-16,60.7013053894043
2018-08-17,60.294166564941406
2018-08-20,60.59667205810547
2018-08-21,60.371524810791016
2018-08-22,60.586753845214844
2018-08-23,60.5574951171875
2018-08-24,61.330604553222656
2018-08-27,62.29860305786133
2018-08-28,61.78237533569336
2018-08-29,62.714168548583984
2018-08-30,62.20785140991211
2018-08-31,61.08513259887695
2018-09-04,60.069026947021484
2018-09-05,59.46353530883789
2018-09-06,58.71422576904297
2018-09-07,58.3968505859375
2018-09-10,58.27138900756836
2018-09-11,59.01176452636719
2018-09-12,58.09981155395508
2018-09-13,58.622474670410156
2018-09-14,58.41618728637695
2018-09-17,57.516136169433594
2018-09-18,57.87714385986328
2018-09-19,58.23221206665039
2018-09-20,59.09012222290039
2018-09-21,58.12559509277344
2018-09-24,58.49454116821289
2018-09-25,59.20516586303711
2018-09-26,59.213600158691406
2018-09-27,59.873146057128906
2018-09-28,59.8592643737793
2018-10-01,59.931175231933594
2018-10-02,59.88703536987305
2018-10-03,60.07994079589844
2018-10-04,58.37106704711914
2018-10-05,57.91284942626953
2018-10-08,57.322227478027344
2018-10-09,56.78913497924805
2018-10-10,54.160369873046875
2018-10-11,54.08995056152344
2018-10-12,55.5677375793457
2018-10-15,54.67015075683594
2018-10-16,56.189598083496094
2018-10-17,55.9173469543457
2018-10-18,54.44551086425781
2018-10-19,54.806026458740234
2018-10-22,55.11299133300781
2018-10-23,55.288543701171875
2018-10-24,52.4227294921875
2018-10-25,54.72718811035156
2018-10-26,53.743309020996094
2018-10-29,51.312400817871094
2018-10-30,52.04534149169922
2018-10-31,54.08201217651367
2018-11-01,53.85389709472656
2018-11-02,53.135337829589844
2018-11-05,52.353797912597656
2018-11-06,53.04011917114258
2018-11-07,54.95777130126953
2018-11-08,54.28285217285156
2018-11-09,53.40957260131836
2018-11-12,52.037906646728516
2018-11-13,51.968971252441406
2018-11-14,52.29677200317383
2018-11-15,53.113521575927734
2018-11-16,52.97565841674805
2018-11-19,50.94989776611328
2018-11-20,51.10015869140625
2018-11-21,51.743839263916016
2018-11-23,51.082801818847656
2018-11-26,52.36421203613281
2018-11-27,52.18270492553711
2018-11-28,54.14201736450195
2018-11-29,54.28036880493164
2018-11-30,55.02769470214844
2018-12-03,55.360450744628906
2018-12-04,52.68803405761719
2018-12-06,53.46213150024414
2018-12-07,51.900047302246094
2018-12-10,52.22734832763672
2018-12-11,52.64736557006836
2018-12-12,53.246421813964844
2018-12-13,53.23699951171875
2018-12-14,52.154441833496094
2018-12-17,50.86212921142578
2018-12-18,51.74284744262695
2018-12-19,51.348602294921875
2018-12-20,50.75947570800781
2018-12-21,49.156227111816406
2018-12-24,48.82992172241211
2018-12-26,51.96302795410156
2018-12-27,52.21345138549805
2018-12-28,51.90500259399414
2018-12-31,51.8197135925293
2019-01-02,52.30173110961914
2019-01-03,50.85319519042969
2019-01-04,53.46164321899414
2019-01-07,53.355018615722656
2019-01-08,53.823646545410156
2019-01-09,53.63917541503906
2019-01-10,53.499332427978516
2019-01-11,52.78721618652344
2019-01-14,52.14452362060547
2019-01-15,53.88018035888672
2019-01-16,54.02894973754883
2019-01-17,54.50551986694336
2019-01-18,54.911163330078125
2019-01-22,53.489410400390625
2019-01-23,53.77604293823242
2019-01-24,53.75570297241211
2019-01-25,54.62403869628906
2019-01-28,53.550411224365234
2019-01-29,53.06442642211914
2019-01-30,54.44947814941406
2019-01-31,55.83304214477539
2019-02-01,55.47251892089844
2019-02-04,56.60316848754883
2019-02-05,57.12138748168945
2019-02-06,55.684268951416016
2019-02-07,54.84223556518555
2019-02-08,54.667179107666016
2019-02-11,54.65428161621094
2019-02-12,55.916847229003906
2019-02-13,55.96891784667969
2019-02-14,55.9971809387207
2019-02-15,55.522605895996094
2019-02-19,55.86378479003906
2019-02-20,55.57020950317383
2019-02-21,54.75791931152344
2019-02-22,55.37036895751953
2019-02-25,55.40854263305664
2019-02-26,55.640628814697266
2019-02-27,55.684268951416016
2019-02-28,55.86577224731445
2019-03-01,56.955265045166016
2019-03-04,57.19825744628906
2019-03-05,57.98029327392578
2019-03-06,57.76953887939453
2019-03-07,57.07081604003906
2019-03-08,57.02717208862305
2019-03-11,58.47966766357422
2019-03-12,59.371788024902344
2019-03-13,59.461551666259766
2019-03-14,59.137725830078125
2019-03-15,59.02714157104492
2019-03-18,58.940364837646484
2019-03-19,59.630157470703125
2019-03-20,60.81882858276367
2019-03-21,61.299861907958984
2019-03-22,59.887535095214844
2019-03-25,59.37823486328125
2019-03-26,59.004329681396484
2019-03-27,58.41767883300781
2019-03-28,58.13303756713867
2019-03-29,58.36213302612305
2019-04-01,59.457584381103516
2019-04-02,59.78289031982422
2019-04-03,60.04423904418945
2019-04-04,60.47269821166992
2019-04-05,60.07597351074219
2019-04-08,59.91877365112305
2019-04-09,59.64155960083008
2019-04-10,59.828025817871094
2019-04-11,59.983734130859375
2019-04-12,60.635353088378906
2019-04-15,60.823795318603516
2019-04-16,61.09059143066406
2019-04-17,61.49871063232422
2019-04-18,61.564666748046875
2019-04-22,62.174129486083984
2019-04-23,63.008724212646484
2019-04-24,62.486053466796875
2019-04-25,62.847564697265625
2019-04-26,63.347434997558594
2019-04-29,64.27873229980469
2019-04-30,59.45659637451172
2019-05-01,58.18510437011719
2019-05-02,57.84739685058594
2019-05-03,58.98994445800781
2019-05-06,59.1838493347168
2019-05-07,58.4598274230957
2019-05-08,58.059139251708984
2019-05-09,57.9197883605957
2019-05-10,57.90342712402344
2019-05-13,56.36365509033203
2019-05-14,55.781959533691406
2019-05-15,58.06013107299805
2019-05-16,58.73952102661133
2019-05-17,57.959964752197266
2019-05-20,56.76385498046875
2019-05-21,57.24884033203125
2019-05-22,57.31875991821289
2019-05-23,56.79756164550781
2019-05-24,56.46382522583008
2019-05-28,56.510929107666016
2019-05-29,55.53797912597656
2019-05-30,55.610877990722656
2019-05-31,54.87148666381836
2019-06-03,51.511260986328125
2019-06-04,52.292301177978516
2019-06-05,51.80384063720703
2019-06-06,51.95856475830078
2019-06-07,52.98060989379883
2019-06-10,53.6942253112793
2019-06-11,53.60892105102539
2019-06-12,53.51272201538086
2019-06-13,54.103336334228516
2019-06-14,53.86976623535156
2019-06-17,54.24615478515625
2019-06-18,54.80900955200195
2019-06-19,54.77280044555664
2019-06-20,55.20374298095703
2019-06-21,55.8072509765625
2019-06-24,55.3773078918457
2019-06-25,53.93324279785156
2019-06-26,53.57321548461914
2019-06-27,53.39023208618164
2019-06-28,53.69619369506836
2019-07-01,54.54915237426758
2019-07-02,55.173988342285156
2019-07-03,55.68922805786133
2019-07-05,56.16926193237305
2019-07-08,55.38177490234375
2019-07-09,55.75369644165039
2019-07-10,56.57788848876953
2019-07-11,56.735084533691406
2019-07-12,56.79756164550781
2019-07-15,57.053955078125
2019-07-16,57.20023727416992
2019-07-17,56.86699676513672
2019-07-18,56.89179229736328
2019-07-19,56.11372756958008
2019-07-22,56.49357986450195
2019-07-23,56.93196105957031
2019-07-24,56.519371032714844
2019-07-25,56.33142852783203
2019-07-26,61.75063705444336
2019-07-29,61.58301544189453
2019-07-30,60.89668655395508
2019-07-31,60.41070556640625
2019-08-01,60.09233856201172
2019-08-02,59.3256721496582
2019-08-05,57.26420974731445
2019-08-06,58.07402038574219
2019-08-07,58.313541412353516
2019-08-08,59.81513595581055
2019-08-09,58.95771789550781
2019-08-12,58.24361038208008
2019-08-13,59.346004486083984
2019-08-14,57.73531723022461
2019-08-15,57.98674011230469
2019-08-16,58.47718048095703
2019-08-19,59.52998733520508
2019-08-20,58.691410064697266
2019-08-21,59.09061813354492
2019-08-22,59.0876350402832
2019-08-23,57.20619201660156
2019-08-26,58.0789794921875
2019-08-27,58.061126708984375
2019-08-28,58.206417083740234
2019-08-29,59.222530364990234
2019-08-30,59.03855514526367
2019-09-03,57.99814987182617
2019-09-04,58.62892532348633
2019-09-05,60.112667083740234
2019-09-06,59.82158279418945
2019-09-09,59.76950454711914
2019-09-10,59.79082489013672
2019-09-11,60.499969482421875
2019-09-12,61.24233627319336
2019-09-13,61.493255615234375
2019-09-16,61.07670211791992
2019-09-17,60.98991775512695
2019-09-18,61.12728500366211
2019-09-19,61.429779052734375
2019-09-20,60.98793411254883
2019-09-23,61.228450775146484
2019-09-24,60.41715621948242
2019-09-25,61.786338806152344
2019-09-26,61.60532760620117
2019-09-27,60.7950325012207
2019-09-30,60.55649948120117
2019-10-01,59.80570602416992
2019-10-02,58.413211822509766
2019-10-03,58.984004974365234
2019-10-04,60.05167007446289
2019-10-07,59.91728210449219
2019-10-08,59.01871109008789
2019-10-09,59.62718200683594
2019-10-10,59.977787017822266
2019-10-11,60.2872200012207
2019-10-14,60.38938522338867
2019-10-15,61.60285568237305
2019-10-16,61.64054489135742
2019-10-17,62.12652587890625
2019-10-18,61.71046829223633
2019-10-21,61.70402145385742
2019-10-22,61.55127716064453
2019-10-23,62.36604309082031
2019-10-24,62.43943786621094
2019-10-25,62.69681167602539
2019-10-28,63.92070388793945
2019-10-29,62.51630401611328
2019-10-30,62.518287658691406
2019-10-31,62.424068450927734
2019-11-01,63.09105682373047
2019-11-04,63.951934814453125
2019-11-05,64.04269409179688
2019-11-06,64.0213623046875
2019-11-07,64.81134033203125
2019-11-08,64.91348266601562
2019-11-11,64.38188171386719
2019-11-12,64.32881927490234
2019-11-13,64.27774810791016
2019-11-14,64.92092895507812
2019-11-15,66.13044738769531
2019-11-18,65.45104217529297
2019-11-19,65.09152221679688
2019-11-20,64.5594253540039
2019-11-21,64.47412109375
2019-11-22,64.15326690673828
2019-11-25,64.74687194824219
2019-11-26,65.11184692382812
2019-11-27,65.06871032714844
2019-11-29,64.67000579833984
2019-12-02,63.91474914550781
2019-12-03,64.20633697509766
2019-12-04,65.40641021728516
2019-12-05,65.80413818359375
2019-12-06,66.42053985595703
2019-12-09,66.59906005859375
2019-12-10,66.59410095214844
2019-12-11,66.66154479980469
2019-12-12,66.87181091308594
2019-12-13,66.79146575927734
2019-12-16,67.47730255126953
2019-12-17,67.18917083740234
2019-12-18,67.0414047241211
2019-12-19,67.26604461669922
2019-12-20,67.00718688964844
2019-12-23,66.97793579101562
2019-12-24,66.67047119140625
2019-12-26,67.56507110595703
2019-12-27,67.17678833007812
2019-12-30,66.43640899658203
2019-12-31,66.42053985595703
2020-01-02,67.87301635742188
2020-01-03,67.51795959472656
2020-01-06,69.31759643554688
2020-01-07,69.18370819091797
2020-01-08,69.6761245727539
2020-01-09,70.40757751464844
2020-01-10,70.8623275756836
2020-01-13,71.4112777709961
2020-01-14,70.94315338134766
2020-01-15,71.3701171875
2020-01-16,71.91364288330078
2020-01-17,73.36959838867188
2020-01-21,73.50498962402344
2020-01-22,73.58531951904297
2020-01-23,73.62598419189453
2020-01-24,72.70758056640625
2020-01-27,70.99970245361328
2020-01-28,71.93049621582031
2020-01-29,72.23796081542969
2020-01-30,72.116455078125
2020-01-31,71.0517578125
2020-02-03,73.52233123779297
2020-02-04,71.67807006835938
2020-02-05,71.7098159790039
2020-02-06,73.19355773925781
2020-02-07,73.34925842285156
2020-02-10,74.81465911865234
2020-02-11,74.88407897949219
2020-02-12,75.30908203125
2020-02-13,75.0492172241211
2020-02-14,75.31403350830078
2020-02-18,75.34923553466797
2020-02-19,75.6185073852539
2020-02-20,75.22775268554688
2020-02-21,73.56498718261719
2020-02-24,70.41105651855469
2020-02-25,68.74781036376953
2020-02-26,68.95360565185547
2020-02-27,65.20854949951172
2020-02-28,66.41358947753906
2020-03-02,68.74781036376953
2020-03-03,66.33773040771484
2020-03-04,68.51373291015625
2020-03-05,65.19912719726562
2020-03-06,64.25592041015625
2020-03-09,60.291194915771484
2020-03-10,63.23585891723633
2020-03-11,60.0486946105957
2020-03-12,55.121917724609375
2020-03-13,60.2158203125
2020-03-16,53.2102165222168
2020-03-17,55.44474792480469
2020-03-18,54.11226272583008
2020-03-19,55.12786865234375
2020-03-20,52.972679138183594
2020-03-23,52.27445602416992
2020-03-24,56.037357330322266
2020-03-25,54.629493713378906
2020-03-26,57.66936492919922
2020-03-27,55.057945251464844
2020-03-30,56.84567642211914
2020-03-31,57.62126159667969
2020-04-01,54.653282165527344
2020-04-02,55.393672943115234
2020-04-03,54.18714141845703
2020-04-06,58.67455291748047
2020-04-07,58.64331817626953
2020-04-08,59.85529708862305
2020-04-09,59.83396911621094
2020-04-13,60.0244026184082
2020-04-14,62.74292755126953
2020-04-15,62.34968566894531
2020-04-16,62.35612869262695
2020-04-17,63.425785064697266
2020-04-20,62.54059982299805
2020-04-21,60.11117935180664
2020-04-22,62.404727935791016
2020-04-23,63.03749465942383
2020-04-24,63.30677032470703
2020-04-27,63.02212142944336
2020-04-28,61.12430953979492
2020-04-29,66.55888366699219
2020-04-30,66.78304290771484
2020-05-01,65.3260726928711
2020-05-04,65.60279083251953
2020-05-05,66.89807891845703
2020-05-06,66.72005462646484
2020-05-07,67.90278625488281
2020-05-08,68.64961242675781
2020-05-11,69.60421752929688
2020-05-12,68.19536590576172
2020-05-13,66.86386108398438
2020-05-14,67.28687286376953
2020-05-15,68.09024047851562
2020-05-18,68.6912612915039
2020-05-19,68.15668487548828
2020-05-20,69.88043975830078
2020-05-21,69.76092529296875
2020-05-22,70.082763671875
2020-05-26,70.48593139648438
2020-05-27,70.431884765625
2020-05-28,70.33071899414062
2020-05-29,71.08844757080078
2020-06-01,71.15540313720703
2020-06-02,71.52435302734375
2020-06-03,71.37261199951172
2020-06-04,70.13533782958984
2020-06-05,71.41078186035156
2020-06-08,71.80850219726562
2020-06-09,72.00885009765625
2020-06-10,72.63468170166016
2020-06-11,69.52041625976562
2020-06-12,70.06690216064453
2020-06-15,70.45469665527344
2020-06-16,71.73065185546875
2020-06-17,72.03166198730469
2020-06-18,71.11821746826172
2020-06-19,70.64810180664062
2020-06-22,71.93842315673828
2020-06-23,72.59895324707031
2020-06-24,71.04779052734375
2020-06-25,71.46434020996094
2020-06-26,67.56854248046875
2020-06-29,69.28584289550781
2020-06-30,70.32128143310547
2020-07-01,71.50897216796875
2020-07-02,72.89403533935547
2020-07-06,74.36785125732422
2020-07-07,73.88533782958984
2020-07-08,74.56373596191406
2020-07-09,75.31055450439453
2020-07-10,76.3197250366211
2020-07-13,74.99169158935547
2020-07-14,75.41966247558594
2020-07-15,75.22229766845703
2020-07-16,75.12509155273438
2020-07-17,75.22079467773438
2020-07-20,77.55104064941406
2020-07-21,77.15828704833984
2020-07-22,77.60112762451172
2020-07-23,75.21585083007812
2020-07-24,74.79234313964844
2020-07-27,75.84464263916016
2020-07-28,74.56621551513672
2020-07-29,75.55107879638672
2020-07-30,76.2879867553711
2020-07-31,73.78765106201172
2020-08-03,73.5302734375
2020-08-04,73.06114959716797
2020-08-05,73.34827423095703
2020-08-06,74.63066864013672
2020-08-07,74.30437469482422
2020-08-10,74.22750854492188
2020-08-11,73.4201889038086
2020-08-12,74.74423217773438
2020-08-13,75.21088409423828
2020-08-14,74.61481475830078
2020-08-17,75.1905517578125
2020-08-18,77.15135192871094
2020-08-19,76.59741973876953
2020-08-20,78.16645812988281
2020-08-21,78.13273620605469
2020-08-24,78.60780334472656
2020-08-25,79.63431549072266
2020-08-26,81.53262329101562
2020-08-27,80.75853729248047
2020-08-28,81.29955291748047
2020-08-31,80.80862426757812
2020-09-01,82.07564544677734
2020-09-02,85.16560363769531
2020-09-03,80.80763244628906
2020-09-04,78.41242980957031
2020-09-08,75.55553436279297
2020-09-09,76.72734069824219
2020-09-10,75.67703247070312
2020-09-11,75.166748046875
2020-09-14,74.82308197021484
2020-09-15,76.1268081665039
2020-09-16,74.98475646972656
2020-09-17,73.74252319335938
2020-09-18,71.9597396850586
2020-09-21,70.92083740234375
2020-09-22,72.39266204833984
2020-09-23,69.89183044433594
2020-09-24,70.55982208251953
2020-09-25,71.36318969726562
2020-09-28,72.33515167236328
2020-09-29,72.70012664794922
2020-09-30,72.67930603027344
2020-10-01,73.78516387939453
2020-10-02,72.18340301513672
2020-10-05,73.53375244140625
2020-10-06,71.95629119873047
2020-10-07,72.35896301269531
2020-10-08,73.56349182128906
2020-10-09,74.90342712402344
2020-10-12,77.5882339477539
2020-10-13,77.71121215820312
2020-10-14,77.53120422363281
2020-10-15,77.1359634399414
2020-10-16,77.7424545288086
2020-10-19,75.87042236328125
2020-10-20,76.91828155517578
2020-10-21,78.64947509765625
2020-10-22,79.67448425292969
2020-10-23,80.9797134399414
2020-10-26,78.56515502929688
2020-10-27,79.28868865966797
2020-10-28,74.92079162597656
2020-10-29,77.20588684082031
2020-10-30,80.14311981201172
2020-11-02,80.55025482177734
2020-11-03,81.6084976196289
2020-11-04,86.57694244384766
2020-11-05,87.40261840820312
2020-11-06,87.2652587890625
2020-11-09,87.34905242919922
2020-11-10,86.17378234863281
2020-11-11,86.64537811279297
2020-11-12,86.42666625976562
2020-11-13,87.8866195678711
2020-11-16,87.97440338134766
2020-11-17,87.3609619140625
2020-11-18,86.3185806274414
2020-11-19,87.20772552490234
2020-11-20,86.10733032226562
2020-11-23,85.66993713378906
2020-11-24,87.4720458984375
2020-11-25,87.48344421386719
2020-11-27,88.6185531616211
2020-11-30,87.00093841552734
2020-12-01,89.03215026855469
2020-12-02,90.50050354003906
2020-12-03,90.34530639648438
2020-12-04,90.44051361083984
2020-12-07,90.10677337646484
2020-12-08,89.82410430908203
2020-12-09,88.16432189941406
2020-12-10,87.65802001953125
2020-12-11,88.0125732421875
2020-12-14,86.89481353759766
2020-12-15,87.33219909667969
2020-12-16,87.13929748535156
2020-12-17,86.3121337890625
2020-12-18,85.60348510742188
2020-12-21,86.01705932617188
2020-12-22,85.30594635009766
2020-12-23,85.70316314697266
2020-12-24,85.99723052978516
2020-12-28,87.97090911865234
2020-12-29,87.16755676269531
2020-12-30,86.10087585449219
2020-12-31,86.91365814208984
2021-01-04,85.59902954101562
2021-01-05,86.28931427001953
2021-01-06,85.43785095214844
2021-01-07,87.98977661132812
2021-01-08,89.1546401977539
2021-01-11,87.09466552734375
2021-01-12,86.15939331054688
2021-01-13,86.6463623046875
2021-01-14,85.83656311035156
2021-01-15,85.67292022705078
2021-01-19,88.49211120605469
2021-01-20,93.2329330444336
2021-01-21,93.43525695800781
2021-01-22,93.85231018066406
2021-01-25,93.93760681152344
2021-01-26,94.6155014038086
2021-01-27,90.20149230957031
2021-01-28,91.90045928955078
2021-01-29,90.61902618408203
2021-02-01,93.87760925292969
2021-02-02,95.16942596435547
2021-02-03,102.10015869140625
2021-02-04,101.83979034423828
2021-02-05,103.58538055419922
2021-02-08,103.37163543701172
2021-02-09,102.91887664794922
2021-02-10,103.46883392333984
2021-02-11,103.5813980102539
2021-02-12,103.89282989501953
2021-02-16,104.669921875
2021-02-17,105.06266021728516
2021-02-18,104.42739868164062
2021-02-19,103.58438110351562
2021-02-22,101.87103271484375
2021-02-23,102.16162872314453
2021-02-24,103.33641815185547
2021-02-25,99.97122955322266
2021-02-26,100.26679992675781
2021-03-01,102.63472747802734
2021-03-02,102.37784576416016
2021-03-03,99.74608612060547
2021-03-04,100.86286163330078
2021-03-05,103.99398803710938
2021-03-08,99.55220794677734
2021-03-09,101.18173217773438
2021-03-10,100.97494506835938
2021-03-11,104.16607666015625
2021-03-12,101.65978240966797
2021-03-15,101.87996673583984
2021-03-16,103.34040069580078
2021-03-17,103.25757598876953
2021-03-18,100.23853302001953
2021-03-19,100.51722717285156
2021-03-22,100.70220184326172
2021-03-23,101.22984313964844
2021-03-24,100.79344940185547
2021-03-25,100.78996276855469
2021-03-26,100.4066390991211
2021-03-29,101.45101165771484
2021-03-30,101.48473358154297
2021-03-31,102.28065490722656
2021-04-01,105.6160888671875
2021-04-05,110.03852844238281
2021-04-06,109.55750274658203
2021-04-07,111.0338134765625
2021-04-08,111.5991439819336
2021-04-09,112.60283660888672
2021-04-12,111.31101989746094
2021-04-13,111.79749298095703
2021-04-14,111.17662811279297
2021-04-15,113.32585144042969
2021-04-16,113.20188903808594
2021-04-19,113.54951477050781
2021-04-20,113.01641845703125
2021-04-21,112.98370361328125
2021-04-22,111.70277404785156
2021-04-23,114.05384063720703
2021-04-26,114.54975128173828
2021-04-27,113.61003112792969
2021-04-28,116.9851303100586
2021-04-29,118.65729522705078
2021-04-30,116.71039581298828
2021-05-03,116.19365692138672
2021-05-04,114.39601135253906
2021-05-05,114.78975677490234
2021-05-06,115.90951538085938
2021-05-07,116.63252258300781
2021-05-10,113.648193359375
2021-05-11,112.57257843017578
2021-05-12,109.11070251464844
2021-05-13,110.53840637207031
2021-05-14,112.98518371582031
2021-05-17,113.50785827636719
2021-05-18,112.1961898803711
2021-05-19,112.64399719238281
2021-05-20,114.40196990966797
2021-05-21,113.7662124633789
2021-05-24,117.08428955078125
2021-05-25,117.17506408691406
2021-05-26,118.03990936279297
2021-05-27,117.1656265258789
2021-05-28,116.87651824951172
2021-06-01,118.08303833007812
2021-06-02,117.5578842163086
2021-06-03,116.41682434082031
2021-06-04,118.69745635986328
2021-06-07,119.13037872314453
2021-06-08,118.93896484375
2021-06-09,119.41007995605469
2021-06-10,120.75843811035156
2021-06-11,120.51396179199219
2021-06-14,121.4417953491211
2021-06-15,120.42420196533203
2021-06-16,119.78250122070312
2021-06-17,120.74555206298828
2021-06-18,119.12642669677734
2021-06-21,120.81398010253906
2021-06-22,121.32772064208984
2021-06-23,121.12588500976562
2021-06-24,121.49584197998047
2021-06-25,121.50426483154297
2021-06-28,121.53153991699219
2021-06-29,121.27021026611328
2021-06-30,121.08870697021484
2021-07-01,121.44081115722656
2021-07-02,124.23072814941406
2021-07-06,125.15559387207031
2021-07-07,125.437255859375
2021-07-08,124.01896667480469
2021-07-09,124.48959350585938
2021-07-12,125.93465423583984
2021-07-13,126.29763793945312
2021-07-14,127.1858139038086
2021-07-15,125.96391296386719
2021-07-16,125.92919921875
2021-07-19,123.55679321289062
2021-07-20,125.17493438720703
2021-07-21,126.50345611572266
2021-07-22,127.36878967285156
2021-07-23,131.9246368408203
2021-07-26,132.936279296875
2021-07-27,130.8187713623047
2021-07-28,134.97837829589844
2021-07-29,134.66448974609375
2021-07-30,133.62210083007812
2021-08-02,133.7490692138672
2021-08-03,134.51821899414062
2021-08-04,134.0178680419922
2021-08-05,135.13462829589844
2021-08-06,134.62582397460938
2021-08-09,135.79067993164062
2021-08-10,135.6855926513672
2021-08-11,135.1619110107422
2021-08-12,136.0693817138672
2021-08-13,136.59852600097656
2021-08-16,137.17575073242188
2021-08-17,135.54124450683594
2021-08-18,134.3386993408203
2021-08-19,134.5677947998047
2021-08-20,136.30294799804688
2021-08-23,138.89356994628906
2021-08-24,140.1035614013672
2021-08-25,140.91433715820312
2021-08-26,140.2810821533203
2021-08-27,142.82354736328125
2021-08-30,143.4052276611328
2021-08-31,143.51136779785156
2021-09-01,144.025146484375
2021-09-02,142.11245727539062
2021-09-03,142.56124877929688
2021-09-07,143.09779357910156
2021-09-08,142.51315307617188
2021-09-09,142.36436462402344
2021-09-10,139.72119140625
2021-09-13,141.16578674316406
2021-09-14,141.3760223388672
2021-09-15,143.24557495117188
2021-09-16,142.43280029296875
2021-09-17,139.64584350585938
2021-09-20,137.58236694335938
2021-09-21,137.89332580566406
2021-09-22,139.133544921875
2021-09-23,140.05844116210938
2021-09-24,141.04922485351562
2021-09-27,139.91558837890625
2021-09-28,134.71656799316406
2021-09-29,133.2521514892578
2021-09-30,132.58021545410156
2021-10-01,135.42372131347656
2021-10-04,132.56387329101562
2021-10-05,134.90798950195312
2021-10-06,136.43736267089844
2021-10-07,138.083740234375
2021-10-08,138.6396484375
2021-10-11,137.77529907226562
2021-10-12,135.33050537109375
2021-10-13,136.4542236328125
2021-10-14,139.9939422607422
2021-10-15,140.2091827392578
2021-10-18,141.6076202392578
2021-10-19,142.06285095214844
2021-10-20,140.60687255859375
2021-10-21,140.72293090820312
2021-10-22,136.4388427734375
2021-10-25,136.32032775878906
2021-10-26,138.1665496826172
2021-10-27,145.01895141601562
2021-10-28,144.6534423828125
2021-10-29,146.83242797851562
2021-11-01,142.32070922851562
2021-11-02,144.24034118652344
2021-11-03,145.3963165283203
2021-11-04,147.0521240234375
2021-11-05,147.6318359375
2021-11-08,147.8093719482422
2021-11-09,147.69778442382812
2021-11-10,144.6975860595703
2021-11-11,144.57162475585938
2021-11-12,147.45925903320312
2021-11-15,147.235107421875
2021-11-16,146.663818359375
2021-11-17,146.8334197998047
2021-11-18,148.61024475097656
2021-11-19,147.70570373535156
2021-11-22,145.10272216796875
2021-11-23,144.58697509765625
2021-11-24,144.9221954345703
2021-11-26,141.01747131347656
2021-11-29,144.33753967285156
2021-11-30,140.73434448242188
2021-12-01,139.89527893066406
2021-12-02,141.79408264160156
2021-12-03,140.83749389648438
2021-12-06,141.98153686523438
2021-12-07,146.06231689453125
2021-12-08,146.97178649902344
2021-12-09,146.42828369140625
2021-12-10,146.78829956054688
2021-12-13,144.63113403320312
2021-12-14,142.72735595703125
2021-12-15,145.24057006835938
2021-12-16,143.26097106933594
2021-12-17,140.563232421875
2021-12-20,140.4462127685547
2021-12-21,142.29641723632812
2021-12-22,145.2147979736328
2021-12-23,145.71218872070312
2021-12-27,146.694091796875
2021-12-28,145.4845733642578
2021-12-29,145.4528350830078
2021-12-30,145.00205993652344
2021-12-31,143.66461181640625
2022-01-03,143.80296325683594
2022-01-04,143.21583557128906
2022-01-05,136.6456298828125
2022-01-06,136.61834716796875
2022-01-07,135.89382934570312
2022-01-10,137.5327911376953
2022-01-11,138.59056091308594
2022-01-12,140.27114868164062
2022-01-13,137.4509735107422
2022-01-14,138.33714294433594
2022-01-18,134.88320922851562
2022-01-19,134.0089111328125
2022-01-20,132.21475219726562
2022-01-21,129.28297424316406
2022-01-24,129.73178100585938
2022-01-25,125.89448547363281
2022-01-26,128.1736602783203
2022-01-27,127.94751739501953
2022-01-28,132.2578887939453
2022-01-31,134.1943817138672
2022-02-01,136.5156707763672
2022-02-02,146.78683471679688
2022-02-03,141.91705322265625
2022-02-04,142.118408203125
2022-02-07,138.05995178222656
2022-02-08,138.2563018798828
2022-02-09,140.43133544921875
2022-02-10,137.48370361328125
2022-02-11,133.18177795410156
2022-02-14,134.41505432128906
2022-02-15,135.4886932373047
2022-02-16,136.6089324951172
2022-02-17,131.45252990722656
2022-02-18,129.33404541015625
2022-02-22,128.7493896484375
2022-02-23,126.54212188720703
2022-02-24,131.603271484375
2022-02-25,133.35726928710938
2022-02-28,133.94993591308594
2022-03-01,132.96253967285156
2022-03-02,133.46839904785156
2022-03-03,132.80191040039062
2022-03-04,130.82521057128906
2022-03-07,125.3425521850586
2022-03-08,126.0625991821289
2022-03-09,132.3263397216797
2022-03-10,131.3439483642578
2022-03-11,128.805908203125
2022-03-14,124.9185562133789
2022-03-15,128.138916015625
2022-03-16,132.18797302246094
2022-03-17,132.7418975830078
2022-03-18,135.00962829589844
2022-03-21,134.98583984375
2022-03-22,138.72145080566406
2022-03-23,137.1420135498047
2022-03-24,140.4114990234375
2022-03-25,140.51165771484375
2022-03-28,140.29598999023438
2022-03-29,141.33734130859375
2022-03-30,140.77499389648438
2022-03-31,137.92752075195312
2022-04-01,139.0016632080078
2022-04-04,141.79953002929688
2022-04-05,139.4385528564453
2022-04-06,135.42869567871094
2022-04-07,134.77459716796875
2022-04-08,132.19491577148438
2022-04-11,127.76749420166016
2022-04-12,126.66758728027344
2022-04-13,128.8292236328125
2022-04-14,125.691162109375
2022-04-18,126.6299057006836
2022-04-19,128.9433135986328
2022-04-20,126.99041748046875
2022-04-21,123.79137420654297
2022-04-22,118.65481567382812
2022-04-25,122.06513214111328
2022-04-26,117.67739868164062
2022-04-27,113.35759735107422
2022-04-28,117.55094909667969
2022-04-29,113.17411041259766
2022-05-02,115.6273422241211
2022-05-03,116.37220001220703
2022-05-04,121.25879669189453
2022-05-05,115.55047607421875
2022-05-06,114.79769134521484
2022-05-09,111.58871459960938
2022-05-10,113.45726776123047
2022-05-11,112.6712646484375
2022-05-12,111.91897583007812
2022-05-13,115.09920501708984
2022-05-16,113.50687408447266
2022-05-17,115.51824188232422
2022-05-18,110.98223114013672
2022-05-19,109.47916412353516
2022-05-20,108.0152587890625
2022-05-23,110.5740966796875
2022-05-24,105.10134887695312
2022-05-25,104.93769073486328
2022-05-26,106.90889739990234
2022-05-27,111.39581298828125
2022-05-31,112.82946014404297
2022-06-01,112.95840454101562
2022-06-02,116.65831756591797
2022-06-03,113.6020736694336
2022-06-06,115.8628921508789
2022-06-07,116.1891860961914
2022-06-08,116.23332977294922
2022-06-09,113.8941650390625
2022-06-10,110.25027465820312
2022-06-13,105.52037811279297
2022-06-14,105.84072875976562
2022-06-15,108.86473846435547
2022-06-16,105.16432189941406
2022-06-17,106.26522064208984
2022-06-21,110.62964630126953
2022-06-22,110.57360076904297
2022-06-23,111.3219223022461
2022-06-24,117.00792694091797
2022-06-27,114.88398742675781
2022-06-28,111.08934783935547
2022-06-29,110.78585815429688
2022-06-30,108.0698013305664
2022-07-01,107.84615325927734
2022-07-05,112.33455657958984
2022-07-06,113.6328353881836
2022-07-07,117.8093032836914
2022-07-08,118.37513732910156
2022-07-11,114.728271484375
2022-07-12,113.08585357666016
2022-07-13,110.44070434570312
2022-07-14,109.4627914428711
2022-07-15,110.86123657226562
2022-07-18,108.13624572753906
2022-07-19,112.87706756591797
2022-07-20,112.96633911132812
2022-07-21,113.4027328491211
2022-07-22,107.01551818847656
2022-07-25,106.62871551513672
2022-07-26,104.15912628173828
2022-07-27,112.13321685791016
2022-07-28,113.28372955322266
2022-07-29,115.36650085449219
2022-08-01,113.91845703125
2022-08-02,114.1862564086914
2022-08-03,117.1120834350586
2022-08-04,117.22117614746094
2022-08-05,116.50707244873047
2022-08-08,116.33847045898438
2022-08-09,115.6739501953125
2022-08-10,118.71878814697266
2022-08-11,117.86582946777344
2022-08-12,120.68256378173828
2022-08-15,121.07928466796875
2022-08-16,120.702392578125
2022-08-17,118.57002258300781
2022-08-18,119.18494415283203
2022-08-19,116.24919128417969
2022-08-22,113.30355072021484
2022-08-23,112.92667388916016
2022-08-24,112.758056640625
2022-08-25,115.69379425048828
2022-08-26,109.4355239868164
2022-08-29,108.52306365966797
2022-08-30,108.04700469970703
2022-08-31,107.33289337158203
2022-09-01,108.84044647216797
2022-09-02,106.96592712402344
2022-09-06,105.9344482421875
2022-09-07,108.55281066894531
2022-09-08,107.4915771484375
2022-09-09,109.74297332763672
2022-09-12,109.95125579833984
2022-09-13,103.4648666381836
2022-09-14,104.1393051147461
2022-09-15,102.0664291381836
2022-09-16,101.95732116699219
2022-09-19,102.22511291503906
2022-09-20,100.31092834472656
2022-09-21,98.46617889404297
2022-09-22,99.31912994384766
2022-09-23,97.93061065673828
2022-09-26,97.36527252197266
2022-09-27,96.70076751708984
2022-09-28,99.22987365722656
2022-09-29,96.62142181396484
2022-09-30,94.86593627929688
2022-10-03,97.8314208984375
2022-10-04,100.80683135986328
2022-10-05,100.59854888916016
2022-10-06,100.58863830566406
2022-10-07,97.87110900878906
2022-10-10,97.05781555175781
2022-10-11,96.38339233398438
2022-10-12,96.7602767944336
2022-10-13,98.24798583984375
2022-10-14,95.76847076416016
2022-10-17,99.15052795410156
2022-10-18,99.94396209716797
2022-10-19,98.81330871582031
2022-10-20,99.15052795410156
2022-10-21,100.30101013183594
2022-10-24,101.67961883544922
2022-10-25,103.62355041503906
2022-10-26,94.1518325805664
2022-10-27,91.46405029296875
2022-10-28,95.50067901611328
2022-10-31,93.73527526855469
2022-11-01,89.72840118408203
2022-11-02,86.25708770751953
2022-11-03,82.74610900878906
2022-11-04,85.87028503417969
2022-11-07,87.76461791992188
2022-11-08,88.1712646484375
2022-11-09,86.60420227050781
2022-11-10,93.16995239257812
2022-11-11,95.61971282958984
2022-11-14,94.91551208496094
2022-11-15,97.6330795288086
2022-11-16,98.03970336914062
2022-11-17,97.55372619628906
2022-11-18,96.63134765625
2022-11-21,94.81634521484375
2022-11-22,96.25445556640625
2022-11-23,97.65290832519531
2022-11-25,96.66108703613281
2022-11-28,95.26265716552734
2022-11-29,94.4096908569336
2022-11-30,100.16215515136719
2022-12-01,100.16215515136719
2022-12-02,99.61666870117188
2022-12-05,98.66453552246094
2022-12-06,96.18502807617188
2022-12-07,94.1617660522461
2022-12-08,92.94183349609375
2022-12-09,92.06905364990234
2022-12-12,92.54510498046875
2022-12-13,94.84609985351562
2022-12-14,94.29067993164062
2022-12-15,90.11520385742188
2022-12-16,89.52012634277344
2022-12-19,87.71503448486328
2022-12-20,88.29027557373047
2022-12-21,88.845703125
2022-12-22,87.04060363769531
2022-12-23,88.4985580444336
2022-12-27,86.67364501953125
2022-12-28,85.31488037109375
2022-12-29,87.72494506835938
2022-12-30,87.50676727294922
2023-01-03,88.38945770263672
2023-01-04,87.35798645019531
2023-01-05,85.493408203125
2023-01-06,86.62403869628906
2023-01-09,87.29846954345703
2023-01-10,87.69519805908203
2023-01-11,90.76978302001953
2023-01-12,90.38298034667969
2023-01-13,91.3648681640625
2023-01-17,90.54167938232422
2023-01-18,90.37307739257812
2023-01-19,92.28724670410156
2023-01-20,97.21649932861328
2023-01-23,98.97200775146484
2023-01-24,96.89913177490234
2023-01-25,94.439453125
2023-01-26,96.72059631347656
2023-01-27,98.55543518066406
2023-01-30,96.1453628540039
2023-01-31,98.02978515625
2023-02-01,99.60675048828125
2023-02-02,106.85682678222656
2023-02-03,103.92109680175781
2023-02-06,102.0564956665039
2023-02-07,106.75764465332031
2023-02-08,98.55543518066406
2023-02-09,94.23118591308594
2023-02-10,93.7947769165039
2023-02-13,93.83445739746094
2023-02-14,93.90390014648438
2023-02-15,96.1453628540039
2023-02-16,94.72708892822266
2023-02-17,93.57659149169922
2023-02-21,91.0375747680664
2023-02-22,90.89871978759766
2023-02-23,90.14495086669922
2023-02-24,88.39936828613281
2023-02-27,89.13330841064453
2023-02-28,89.3217544555664
2023-03-01,89.61930084228516
2023-03-02,91.245849609375
2023-03-03,92.88232421875
2023-03-06,94.35018920898438
2023-03-07,93.09060668945312
2023-03-08,93.4774169921875
2023-03-09,91.56322479248047
2023-03-10,89.8870849609375
2023-03-13,90.36315155029297
2023-03-14,93.19970703125
2023-03-15,95.32217407226562
2023-03-16,99.49765014648438
2023-03-17,100.7870101928711
2023-03-20,100.3902816772461
2023-03-21,104.05994415283203
2023-03-22,102.52265167236328
2023-03-23,104.734375
2023-03-24,104.57569122314453
2023-03-27,101.62010192871094
2023-03-28,100.20182037353516
2023-03-29,100.55887603759766
2023-03-30,100.06298065185547
2023-03-31,102.87969207763672
2023-04-03,103.5045394897461
2023-04-04,103.86158752441406
2023-04-05,103.61363220214844
2023-04-06,107.53124237060547
2023-04-10,105.56748962402344
2023-04-11,104.48641967773438
2023-04-12,103.7822494506836
2023-04-13,106.54936981201172
2023-04-14,107.97756958007812
2023-04-17,105.10134887695312
2023-04-18,103.64338684082031
2023-04-19,103.32601165771484
2023-04-20,104.4269027709961
2023-04-21,104.54592895507812
2023-04-24,105.10134887695312
2023-04-25,102.99870300292969
2023-04-26,102.85985565185547
2023-04-27,106.70805358886719
2023-04-28,106.4601058959961
2023-05-01,106.32125091552734
2023-05-02,104.4566650390625
2023-05-03,104.54592895507812
2023-05-04,103.83183288574219
2023-05-05,104.7046127319336
2023-05-08,106.88658905029297
2023-05-09,106.47002410888672
2023-05-10,110.8339614868164
2023-05-11,115.61445617675781
2023-05-12,116.54673767089844
2023-05-15,115.55493927001953
2023-05-16,118.53035736083984
2023-05-17,119.84944915771484
2023-05-18,121.8231430053711
2023-05-19,121.75371551513672
2023-05-22,124.02493286132812
2023-05-23,121.55534362792969
2023-05-24,119.90895080566406
2023-05-25,122.46781158447266
2023-05-26,123.58854675292969
2023-05-30,122.65625762939453
2023-05-31,121.86280059814453
2023-06-01,122.7058334350586
2023-06-02,123.64804077148438
2023-06-05,124.97706604003906
2023-06-06,126.26641082763672
2023-06-07,121.49584197998047
2023-06-08,121.1387939453125
2023-06-09,121.22805786132812
2023-06-12,122.6264877319336
2023-06-13,122.81493377685547
2023-06-14,122.65625762939453
2023-06-15,124.06460571289062
2023-06-16,122.51739501953125
2023-06-20,122.0909194946289
2023-06-21,119.56182861328125
2023-06-22,122.1405029296875
2023-06-23,121.33715057373047
2023-06-26,117.36993408203125
2023-06-27,117.36002349853516
2023-06-28,119.19485473632812
2023-06-29,118.12370300292969
2023-06-30,118.71878814697266
2023-07-03,118.91715240478516
2023-07-05,120.75199127197266
2023-07-06,119.12543487548828
2023-07-07,118.50059509277344
2023-07-10,115.49542236328125
2023-07-11,116.17977905273438
2023-07-12,117.9551010131836
2023-07-13,123.51911926269531
2023-07-14,124.39189910888672
2023-07-17,123.62821197509766
2023-07-18,122.74549865722656
2023-07-19,121.0296859741211
2023-07-20,118.22288513183594
2023-07-21,119.03616333007812
2023-07-24,120.53379821777344
2023-07-25,121.20821380615234
2023-07-26,128.21035766601562
2023-07-27,128.33926391601562
2023-07-28,131.49322509765625
2023-07-31,131.63206481933594
2023-08-01,130.47166442871094
2023-08-02,127.32764434814453
2023-08-03,127.39706420898438
2023-08-04,127.05984497070312
2023-08-07,130.45181274414062
2023-08-08,130.3228759765625
2023-08-09,128.59713745117188
2023-08-10,128.62692260742188
2023-08-11,128.4979705810547
2023-08-14,130.2534637451172
2023-08-15,128.71615600585938
2023-08-16,127.64500427246094
2023-08-17,128.85499572753906
2023-08-18,126.41516876220703
2023-08-21,127.31771087646484
2023-08-22,128.0218963623047
2023-08-23,131.28494262695312
2023-08-24,128.71615600585938
2023-08-25,128.8153533935547
2023-08-28,129.93606567382812
2023-08-29,133.4669189453125
2023-08-30,134.76617431640625
2023-08-31,135.0537872314453
2023-09-01,134.54795837402344
2023-09-05,134.6570587158203
2023-09-06,133.35777282714844
2023-09-07,134.15122985839844
2023-09-08,135.26205444335938
2023-09-11,135.79763793945312
2023-09-12,134.23057556152344
2023-09-13,135.58934020996094
2023-09-14,136.9679718017578
2023-09-15,136.27369689941406
2023-09-18,137.07704162597656
2023-09-19,136.90843200683594
2023-09-20,132.64369201660156
2023-09-21,129.37075805664062
2023-09-22,129.18231201171875
2023-09-25,130.03526306152344
2023-09-26,127.51609802246094
2023-09-27,129.46994018554688
2023-09-28,131.2254180908203
2023-09-29,129.7873077392578
2023-10-02,133.07015991210938
2023-10-03,131.3444366455078
2023-10-04,134.1314239501953
2023-10-05,133.9628143310547
2023-10-06,136.4522247314453
2023-10-09,137.28533935546875
2023-10-10,136.9282684326172
2023-10-11,139.3978729248047
2023-10-12,137.83082580566406
2023-10-13,136.23402404785156
2023-10-16,137.9597930908203
2023-10-17,138.57467651367188
2023-10-18,136.82911682128906
2023-10-19,136.62081909179688
2023-10-20,134.4884796142578
2023-10-23,135.38108825683594
2023-10-24,137.67210388183594
2023-10-25,124.5803451538086
2023-10-26,121.27764129638672
2023-10-27,121.16853332519531
2023-10-30,123.43976593017578
2023-10-31,123.0628890991211
2023-11-01,125.4134521484375
2023-11-02,126.44493865966797
2023-11-03,128.041748046875
2023-11-06,129.18231201171875
2023-11-07,129.8964080810547
2023-11-08,130.75927734375
2023-11-09,129.1724090576172
2023-11-10,131.5031280517578
2023-11-13,131.00723266601562
2023-11-14,132.52468872070312
2023-11-15,133.51646423339844
2023-11-16,135.8075714111328
2023-11-17,134.20083618164062
2023-11-20,135.13314819335938
2023-11-21,135.84722900390625
2023-11-22,137.35476684570312
2023-11-24,135.56954956054688
2023-11-27,135.29183959960938
2023-11-28,136.07534790039062
2023-11-29,133.88345336914062
2023-11-30,131.44361877441406
2023-12-01,130.7790985107422
2023-12-04,128.21035766601562
2023-12-05,129.91624450683594
2023-12-06,128.95420837402344
2023-12-07,135.8075714111328
2023-12-08,133.88345336914062
2023-12-11,132.19737243652344
2023-12-12,131.43370056152344
2023-12-13,131.48330688476562
2023-12-14,130.8584747314453
2023-12-15,131.51304626464844
2023-12-18,134.6868133544922
2023-12-19,135.5298614501953
2023-12-20,137.2059783935547
2023-12-21,139.26893615722656
2023-12-22,140.33018493652344
2023-12-26,140.35995483398438
2023-12-27,139.21937561035156
2023-12-28,139.0805206298828
2023-12-29,138.544921875
2024-01-02,137.0373992919922
2024-01-03,137.78123474121094
2024-01-04,135.27198791503906
2024-01-05,134.6173858642578
2024-01-08,137.701904296875
2024-01-09,139.79461669921875
2024-01-10,141.11370849609375
2024-01-11,140.91534423828125
2024-01-12,141.48065185546875
2024-01-16,141.3219757080078
2024-01-17,140.31036376953125
2024-01-18,142.30384826660156
2024-01-19,145.1800994873047
2024-01-22,144.79330444335938
2024-01-23,145.83468627929688
2024-01-24,147.48104858398438
2024-01-25,150.6250762939453
2024-01-26,150.94248962402344
2024-01-29,152.25164794921875
2024-01-30,150.21847534179688
2024-01-31,138.95156860351562
2024-02-01,140.0028839111328
2024-02-02,141.21287536621094
2024-02-05,142.502197265625
2024-02-06,142.9187774658203
2024-02-07,144.3469696044922
2024-02-08,144.71395874023438
2024-02-09,147.7786102294922
2024-02-12,146.32066345214844
2024-02-13,143.95025634765625
2024-02-14,144.7437286376953
2024-02-15,141.5996856689453
2024-02-16,139.36813354492188
2024-02-20,139.9632110595703
2024-02-21,141.38148498535156
2024-02-22,142.9088592529297
2024-02-23,142.7799072265625
2024-02-26,136.44232177734375
2024-02-27,137.74154663085938
2024-02-28,135.26205444335938
2024-02-29,137.3250274658203
2024-03-01,136.0158233642578
2024-03-04,132.2569122314453
2024-03-05,131.5824737548828
2024-03-06,130.3228759765625
2024-03-07,133.27845764160156
2024-03-08,134.30001831054688
2024-03-11,136.54147338867188
2024-03-12,137.36468505859375
2024-03-13,138.64410400390625
2024-03-14,141.92697143554688
2024-03-15,140.02268981933594
2024-03-18,146.4694366455078
2024-03-19,145.8247528076172
2024-03-20,147.52073669433594
2024-03-21,146.3900909423828
2024-03-22,149.5341033935547
2024-03-25,148.83984375
2024-03-26,149.43492126464844
2024-03-27,149.63327026367188
2024-03-28,149.6927947998047
2024-04-01,154.21543884277344
2024-04-02,153.2930450439453
2024-04-03,153.6501007080078
2024-04-04,149.2960662841797
2024-04-05,151.24990844726562
2024-04-08,153.58065795898438
2024-04-09,155.31631469726562
2024-04-10,154.8600616455078
2024-04-11,158.10328674316406
2024-04-12,156.43702697753906
2024-04-15,153.590576171875
2024-04-16,153.13433837890625
2024-04-17,154.19557189941406
2024-04-18,154.73114013671875
2024-04-19,152.82687377929688
2024-04-22,154.99893188476562
2024-04-23,156.96270751953125
2024-04-24,157.82557678222656
2024-04-25,154.72122192382812
2024-04-26,170.54049682617188
2024-04-29,164.7880401611328
2024-04-30,161.44566345214844
2024-05-01,162.5167999267578
2024-05-02,165.25418090820312
2024-05-03,165.8690948486328
2024-05-06,166.72207641601562
2024-05-07,169.84620666503906
2024-05-08,167.99156188964844
2024-05-09,168.56678771972656
2024-05-10,167.26754760742188
2024-05-13,167.75350952148438
2024-05-14,168.94369506835938
2024-05-15,171.09588623046875
2024-05-16,172.752197265625
2024-05-17,174.61680603027344
2024-05-20,175.46975708007812
2024-05-21,176.39212036132812
2024-05-22,174.93417358398438
2024-05-23,172.1273651123047
2024-05-24,173.55555725097656
2024-05-28,174.95399475097656
2024-05-29,174.4580841064453
2024-05-30,170.6991729736328
2024-05-31,171.08596801757812
2024-06-03,171.75047302246094
2024-06-04,172.36538696289062
2024-06-05,173.97213745117188
2024-06-06,175.2812957763672
2024-06-07,173.02992248535156
2024-06-10,173.7746124267578
2024-06-11,175.3732452392578
2024-06-12,176.53497314453125
2024-06-13,173.9235382080078
2024-06-14,175.5420684814453
2024-06-17,175.98887634277344
2024-06-18,173.85403442382812
2024-06-20,175.0554962158203
2024-06-21,178.36199951171875
2024-06-24,177.9549102783203
2024-06-25,182.73094177246094
2024-06-26,182.58200073242188
2024-06-27,184.10121154785156
2024-06-28,180.8642120361328
2024-07-01,181.6982879638672
2024-07-02,183.93240356445312
2024-07-03,184.50830078125
2024-07-05,189.25457763671875
2024-07-08,187.6956329345703
2024-07-09,187.64599609375
2024-07-10,189.83045959472656
2024-07-11,184.26010131835938
2024-07-12,183.76361083984375
2024-07-15,185.21331787109375
2024-07-16,182.6217041015625
2024-07-17,179.7421875
2024-07-18,176.43568420410156
2024-07-19,176.40589904785156
2024-07-22,180.3876190185547
2024-07-23,180.50677490234375
2024-07-24,171.4114227294922
2024-07-25,166.09915161132812
2024-07-26,165.82115173339844
2024-07-29,168.3332977294922
2024-07-30,169.0879364013672
2024-07-31,170.3291015625
2024-08-01,169.55462646484375
2024-08-02,165.48355102539062
2024-08-05,158.12583923339844
2024-08-06,157.17263793945312
2024-08-07,157.8180694580078
2024-08-08,160.88623046875
2024-08-09,162.51466369628906
2024-08-12,161.1444091796875
2024-08-13,163.00120544433594
2024-08-14,159.23794555664062
2024-08-15,160.16139221191406
2024-08-16,161.80967712402344
2024-08-19,165.4934844970703
2024-08-20,165.9998779296875
2024-08-21,164.67929077148438
2024-08-22,162.64373779296875
2024-08-23,164.4508819580078
2024-08-26,164.98707580566406
2024-08-27,163.51751708984375
2024-08-28,161.700439453125
2024-08-29,160.6379852294922
2024-08-30,162.22671508789062
2024-09-03,156.2491912841797
2024-09-04,155.3456268310547
2024-09-05,156.13006591796875
2024-09-06,149.85464477539062
2024-09-09,147.85621643066406
2024-09-10,147.80648803710938
2024-09-11,150.29214477539062
2024-09-12,153.8018798828125
2024-09-13,156.55596923828125
2024-09-16,157.1525115966797
2024-09-17,158.40528869628906
2024-09-18,158.89247131347656
2024-09-19,161.20909118652344
2024-09-20,162.65077209472656
2024-09-23,160.9207763671875
2024-09-24,161.3582305908203
2024-09-25,160.56283569335938
2024-09-26,161.7957000732422
2024-09-27,163.00869750976562
2024-09-30,164.8978271484375
2024-10-01,166.03125
2024-10-02,164.90773010253906
2024-10-03,164.90773010253906
2024-10-04,166.10084533691406
2024-10-07,162.0442657470703
2024-10-08,163.4362335205078
2024-10-09,160.93069458007812
2024-10-10,161.14942932128906
2024-10-11,162.30279541015625
2024-10-14,164.01290893554688
2024-10-15,164.51004028320312
2024-10-16,164.2117462158203
2024-10-17,161.9945526123047
2024-10-18,162.48175048828125
2024-10-21,163.12803649902344
2024-10-22,164.19186401367188
2024-10-23,161.8454132080078
2024-10-24,161.7857666015625
2024-10-25,164.32110595703125
2024-10-28,165.76280212402344
2024-10-29,168.70579528808594
2024-10-30,173.4583740234375
2024-10-31,170.12759399414062
2024-11-01,170.3065643310547
2024-11-04,168.26834106445312
2024-11-05,168.7654571533203
2024-11-06,175.49656677246094
2024-11-07,179.71224975585938
2024-11-08,177.32603454589844
2024-11-11,179.31454467773438
2024-11-12,180.57723999023438
2024-11-13,177.8529815673828
2024-11-14,174.57192993164062
2024-11-15,171.4996795654297
2024-11-18,174.29354858398438
2024-11-19,177.09732055664062
2024-11-20,174.96961975097656
2024-11-21,166.66758728027344
2024-11-22,163.8140411376953
2024-11-25,166.6874542236328
2024-11-26,168.14903259277344
2024-11-27,168.25839233398438
2024-11-29,167.97998046875
2024-12-02,170.5054168701172
2024-12-03,170.35629272460938
2024-12-04,173.368896484375
2024-12-05,171.64881896972656
2024-12-06,173.70693969726562
2024-12-09,174.56295776367188
2024-12-10,184.31787109375
2024-12-11,194.5007781982422
2024-12-12,191.07662963867188
2024-12-13,188.94647216796875
2024-12-16,195.75498962402344
2024-12-17,194.52069091796875
2024-12-18,187.53302001953125
2024-12-19,187.6425018310547
2024-12-20,190.52914428710938
2024-12-23,193.7343292236328
2024-12-24,195.20753479003906
2024-12-26,194.69989013671875
2024-12-27,191.8729248046875
2024-12-30,190.3599395751953
2024-12-31,188.42884826660156
2025-01-02,188.55825805664062
2025-01-03,190.90740966796875
2025-01-06,195.96401977539062
2025-01-07,194.5903778076172
2025-01-08,193.05746459960938
2025-01-10,191.15623474121094
2025-01-13,190.1309814453125
2025-01-14,188.78721618652344
2025-01-15,194.65011596679688
2025-01-16,192.02224731445312
2025-01-17,195.09803771972656
2025-01-21,197.13861083984375
2025-01-22,197.45712280273438
2025-01-23,197.0689239501953
2025-01-24,199.28866577148438
2025-01-27,190.9273223876953
2025-01-28,194.4012451171875
2025-01-29,194.5107421875
2025-01-30,199.9456024169922
2025-01-31,203.08111572265625
2025-02-03,200.303955078125
2025-02-04,205.43026733398438
2025-02-05,190.44952392578125
2025-02-06,190.71829223632812
2025-02-07,184.48707580566406
2025-02-10,185.61187744140625
2025-02-11,184.46719360351562
2025-02-12,182.76504516601562
2025-02-13,185.2834014892578
2025-02-14,184.37757873535156
2025-02-18,182.92431640625
2025-02-19,184.4174041748047
2025-02-20,183.71067810058594
2025-02-21,178.83323669433594
2025-02-24,178.42510986328125
2025-02-25,174.61273193359375
2025-02-26,171.9351043701172
2025-02-27,167.72457885742188
2025-02-28,169.4963836669922
2025-03-03,166.24143981933594
2025-03-04,170.13345336914062
2025-03-05,172.2238006591797
2025-03-06,171.55686950683594
2025-03-07,173.05992126464844
2025-03-10,165.2968292236328
2025-03-11,163.47315979003906
2025-03-12,166.53256225585938
2025-03-13,162.1975860595703
2025-03-14,164.91815185546875
2025-03-17,163.72227478027344
2025-03-18,160.11480712890625
2025-03-19,163.32366943359375
2025-03-20,162.23744201660156
2025-03-21,163.42333984375
2025-03-24,167.10057067871094
2025-03-25,169.9706268310547
2025-03-26,164.4896240234375
2025-03-27,161.67938232421875
2025-03-28,153.79672241210938
2025-03-31,154.1056365966797
2025-04-01,156.52723693847656
2025-04-02,156.4973602294922
2025-04-03,150.19920349121094
2025-04-04,145.0968780517578
2025-04-07,146.24290466308594
2025-04-08,144.20001220703125
2025-04-09,158.1615753173828
2025-04-10,152.29193115234375
2025-04-11,156.5970001220703
2025-04-14,158.5203399658203
2025-04-15,155.76988220214844
2025-04-16,152.8001708984375
2025-04-17,150.63766479492188
2025-04-21,147.1597137451172
2025-04-22,150.94659423828125
2025-04-23,154.81320190429688
2025-04-24,158.7296142578125
2025-04-25,161.40036010742188
2025-04-28,160.0550079345703
2025-04-29,159.60658264160156
2025-04-30,158.2512664794922
2025-05-01,160.7426300048828
2025-05-02,163.46319580078125
2025-05-05,163.64259338378906
2025-05-06,162.66595458984375
2025-05-07,150.85691833496094
2025-05-08,153.7469024658203
2025-05-09,152.22218322753906
2025-05-12,157.91244506835938
2025-05-13,158.97872924804688
2025-05-14,164.79855346679688
2025-05-15,163.3934326171875
2025-05-16,165.61573791503906
2025-05-19,165.9645233154297
2025-05-20,163.4133758544922
2025-05-21,167.97755432128906
2025-05-22,170.27955627441406
2025-05-23,167.88784790039062
2025-05-27,172.30255126953125
2025-05-28,171.76441955566406
2025-05-29,171.26612854003906
2025-05-30,171.1465606689453
2025-06-02,168.44593811035156
2025-06-03,165.6057586669922
2025-06-04,167.46929931640625
2025-06-05,167.62876892089844
2025-06-06,173.07984924316406
2025-06-09,175.69395446777344
2025-06-10,178.19833374023438
2025-06-11,176.9511260986328
2025-06-12,175.30484008789062
2025-06-13,174.27716064453125
2025-06-16,176.3724365234375
2025-06-17,175.5542755126953
2025-06-18,172.93020629882812
2025-06-20,166.2652130126953
2025-06-23,164.81846618652344
2025-06-24,166.3949432373047
2025-06-25,170.29612731933594
2025-06-26,173.1497039794922
2025-06-27,178.12847900390625
2025-06-30,175.83364868164062
2025-07-01,175.44451904296875
2025-07-02,178.2382354736328
2025-07-03,179.12623596191406
2025-07-07,176.3923797607422
2025-07-08,173.9678497314453
2025-07-09,176.2227783203125
2025-07-10,177.22052001953125
2025-07-11,179.7847442626953
2025-07-14,181.1516571044922
2025-07-15,181.59066772460938
2025-07-16,182.55848693847656
2025-07-17,183.1671142578125
2025-07-18,184.64378356933594
2025-07-21,189.67245483398438
2025-07-22,190.90966796875
2025-07-23,189.8021697998047
2025-07-24,191.73777770996094
2025-07-25,192.74551391601562
2025-07-28,192.14688110351562
2025-07-29,195.30975341796875
2025-07-30,196.08799743652344
2025-07-31,191.46839904785156
2025-08-01,188.70465087890625
2025-08-04,194.60133361816406
2025-08-05,194.23216247558594
2025-08-06,195.64898681640625
2025-08-07,196.07801818847656
2025-08-08,200.96697998046875
2025-08-11,200.54794311523438
2025-08-12,202.88267517089844
2025-08-13,201.5057830810547
2025-08-14,202.4835662841797
2025-08-15,203.44140625
2025-08-18,203.0423126220703
2025-08-19,201.11666870117188
2025-08-20,198.87171936035156
2025-08-21,199.30075073242188
2025-08-22,205.62648010253906
2025-08-25,208.02110290527344
2025-08-26,206.67413330078125
2025-08-27,207.01336669921875
2025-08-28,211.16400146484375
2025-08-29,212.43115234375
2025-09-02,210.8746795654297
2025-09-03,230.1412353515625
2025-09-04,231.7775421142578
2025-09-05,234.47146606445312
2025-09-08,233.72247314453125
2025-09-09,239.30490112304688
2025-09-10,238.84552001953125
2025-09-11,240.0438995361328
2025-09-12,240.4733123779297
2025-09-15,251.26864624023438
2025-09-16,250.8192596435547
2025-09-17,249.19146728515625
2025-09-18,251.68807983398438
2025-09-19,254.3744354248047
2025-09-22,252.18740844726562
2025-09-23,251.31858825683594
2025-09-24,246.80471801757812
2025-09-25,245.45652770996094
2025-09-26,246.2055206298828
2025-09-29,243.71890258789062
2025-09-30,242.77020263671875
2025-10-01,244.5677490234375
2025-10-02,245.356689453125
2025-10-03,245.0171356201172
2025-10-06,250.09024047851562
2025-10-07,245.42657470703125
2025-10-08,244.2881317138672
2025-10-09,241.2023162841797
2025-10-10,236.24905395507812
2025-10-13,243.8187713623047
2025-10-14,245.11700439453125
2025-10-15,250.68943786621094
2025-10-16,251.1188507080078
2025-10-17,252.95635986328125
2025-10-20,256.2019348144531
2025-10-21,250.12020874023438
2025-10-22,251.34854125976562
2025-10-23,252.7366485595703
2025-10-24,259.5674133300781
2025-10-27,268.9046630859375
2025-10-28,267.1071472167969
2025-10-29,274.197509765625
2025-10-30,281.09814453125
2025-10-31,280.80853271484375
2025-11-03,283.3350830078125
2025-11-04,277.1634826660156
2025-11-05,283.9242858886719
2025-11-06,284.36370849609375
2025-11-07,278.4516906738281
2025-11-10,289.7064208984375
2025-11-11,290.9147644042969
2025-11-12,286.3210144042969
2025-11-13,278.19207763671875
2025-11-14,276.0350036621094
2025-11-17,284.63330078125
2025-11-18,283.8943176269531
2025-11-19,292.4127502441406
2025-11-20,289.05731201171875
2025-11-21,299.2534484863281
2025-11-24,318.14776611328125
2025-11-25,323.0011901855469
2025-11-26,319.5159606933594
2025-11-28,319.74560546875
2025-12-01,314.4627990722656
2025-12-02,315.38153076171875
2025-12-03,319.1963806152344
2025-12-04,317.1890869140625
2025-12-05,320.8341064453125
2025-12-08,313.49932861328125
2025-12-09,316.85693359375
2025-12-10,319.9847412109375
2025-12-11,312.210205078125
2025-12-12,309.07244873046875
2025-12-15,308.003173828125
2025-12-16,306.3543395996094
2025-12-17,296.5112609863281
2025-12-18,302.2472229003906
2025-12-19,306.9439392089844
2025-12-22,309.56207275390625
2025-12-23,314.1288757324219
2025-12-24,313.8690490722656
2025-12-26,313.2894592285156
2025-12-29,313.33941650390625
2025-12-30,313.6292419433594
2025-12-31,312.7798156738281
2026-01-02,314.9283142089844
2026-01-05,316.3173522949219
2026-01-06,314.1188659667969
2026-01-07,321.7535095214844
2026-01-08,325.2110595703125
2026-01-09,328.3388671875
2026-01-12,331.62652587890625
2026-01-13,335.7336730957031
2026-01-14,335.603759765625
2026-01-15,332.5458984375
2026-01-16,329.7678527832031
2026-01-20,321.77349853515625
2026-01-21,328.1490173339844
2026-01-22,330.3074951171875
2026-01-23,327.6993103027344
2026-01-26,333.02557373046875
2026-01-27,334.31463623046875
2026-01-28,335.7736511230469
2026-01-29,338.0120544433594
2026-01-30,337.7622375488281
2026-02-02,343.4482421875
2026-02-03,339.47100830078125
2026-02-04,332.80572509765625
2026-02-05,331.0169677734375
2026-02-06,322.63287353515625
2026-02-09,324.09185791015625
2026-02-10,318.3558654785156
2026-02-11,310.7412414550781
2026-02-12,308.7826232910156
2026-02-13,305.50494384765625
2026-02-17,301.8075256347656
2026-02-18,303.1166076660156
2026-02-19,302.636962890625
2026-02-20,314.7584228515625
2026-02-23,311.2708740234375
2026-02-24,310.6813049316406
2026-02-25,312.67987060546875
2026-02-26,307.1637878417969
2026-02-27,311.54071044921875
2026-03-02,306.3043518066406
2026-03-03,303.3664245605469
2026-03-04,302.9167785644531
2026-03-05,300.6683349609375
2026-03-06,298.30999755859375
2026-03-09,306.3599853515625
2026-03-10,307.0400085449219
2026-03-11,308.70001220703125
2026-03-12,303.54998779296875
2026-03-13,302.2799987792969
2026-03-16,305.55999755859375
2026-03-17,310.9200134277344
2026-03-18,307.69000244140625
2026-03-19,307.1300048828125
2026-03-20,301.0
2026-03-23,302.05999755859375
2026-03-24,290.44000244140625
2026-03-25,290.92999267578125
2026-03-26,280.9200134277344
2026-03-27,274.3399963378906
2026-03-30,273.5
2026-03-31,287.55999755859375
2026-04-01,297.3900146484375
2026-04-02,295.7699890136719
2026-04-06,299.989990234375
2026-04-07,305.4599914550781
2026-04-08,317.32000732421875
2026-04-09,318.489990234375
2026-04-10,317.239990234375
2026-04-13,321.30999755859375
2026-04-14,332.9100036621094
2026-04-15,337.1199951171875
2026-04-16,336.0199890136719
2026-04-17,341.67999267578125
2026-04-20,337.4200134277344
2026-04-21,332.2900085449219
2026-04-22,339.32000732421875
2026-04-23,338.8900146484375
2026-04-24,344.3999938964844
2026-04-27,350.3399963378906
2026-04-28,349.7799987792969
2026-04-29,349.94000244140625
2026-04-30,384.79998779296875
2026-05-01,385.69000244140625
2026-05-04,383.25
