date,close
2001-05-07,6.787644863128662
2001-05-08,6.842027187347412
2001-05-09,6.815843105316162
2001-05-10,6.9366888999938965
2001-05-11,6.966899871826172
2001-05-14,6.785629749298096
2001-05-15,6.795701026916504
2001-05-16,6.777573108673096
2001-05-17,6.8017449378967285
2001-05-18,6.842027187347412
2001-05-21,6.908492088317871
2001-05-22,6.987041473388672
2001-05-23,6.829940319061279
2001-05-24,6.84605598449707
2001-05-25,6.791673183441162
2001-05-29,6.709092617034912
2001-05-30,6.725207805633545
2001-05-31,6.7070794105529785
2001-06-01,6.604361057281494
2001-06-04,6.646656513214111
2001-06-05,6.747360706329346
2001-06-06,6.6748528480529785
2001-06-07,6.606372833251953
2001-06-08,6.606372833251953
2001-06-11,6.654710292816162
2001-06-12,6.626513481140137
2001-06-13,6.6486663818359375
2001-06-14,6.594285488128662
2001-06-15,6.6244988441467285
2001-06-18,6.556018829345703
2001-06-19,6.493582248687744
2001-06-20,6.743334770202637
2001-06-21,6.717149257659912
2001-06-22,6.543937683105469
2001-06-25,6.4150285720825195
2001-06-26,6.644638538360596
2001-06-27,6.686939239501953
2001-06-28,6.725207805633545
2001-06-29,6.535877704620361
2001-07-02,6.632557392120361
2001-07-03,6.676865100860596
2001-07-05,6.76750373840332
2001-07-06,6.727219104766846
2001-07-09,6.6103997230529785
2001-07-10,6.640614032745361
2001-07-11,6.5600481033325195
2001-07-12,6.586231708526611
2001-07-13,6.5519890785217285
2001-07-16,6.515737533569336
2001-07-17,6.525806427001953
2001-07-18,6.517748832702637
2001-07-19,6.481493949890137
2001-07-20,6.527822017669678
2001-07-23,6.503650665283203
2001-07-24,6.3022379875183105
2001-07-25,6.4150285720825195
2001-07-26,6.421070098876953
2001-07-27,6.4694108963012695
2001-07-30,6.505666732788086
2001-07-31,6.5781755447387695
2001-08-01,6.640614032745361
2001-08-02,6.582204818725586
2001-08-03,6.622485637664795
2001-08-06,6.566090106964111
2001-08-07,6.57414436340332
2001-08-08,6.582204818725586
2001-08-09,6.501635551452637
2001-08-10,6.491566181182861
2001-08-13,6.525806427001953
2001-08-14,6.547964572906494
2001-08-15,6.570117950439453
2001-08-16,6.590260982513428
2001-08-17,6.5519890785217285
2001-08-20,6.616443157196045
2001-08-21,6.5781755447387695
2001-08-22,6.545948028564453
2001-08-23,6.6365814208984375
2001-08-24,6.586231708526611
2001-08-27,6.539906978607178
2001-08-28,6.477468013763428
2001-08-29,6.5197649002075195
2001-08-30,6.525806427001953
2001-08-31,6.58824348449707
2001-09-04,6.634570121765137
2001-09-05,6.580187797546387
2001-09-06,6.497609615325928
2001-09-07,6.495593070983887
2001-09-10,6.443227291107178
2001-09-17,6.143119812011719
2001-09-18,6.193473815917969
2001-09-19,6.06054162979126
2001-09-20,6.010186672210693
2001-09-21,5.851071357727051
2001-09-24,5.943720817565918
2001-09-25,6.018242835998535
2001-09-26,5.869196891784668
2001-09-27,6.002130031585693
2001-09-28,6.284109115600586
2001-10-01,6.106866359710693
2001-10-02,6.243827819824219
2001-10-03,6.435172080993652
2001-10-04,6.3666911125183105
2001-10-05,6.13909387588501
2001-10-08,6.02025842666626
2001-10-09,6.062555313110352
2001-10-10,6.193473815917969
2001-10-11,6.270009994506836
2001-10-12,6.062555313110352
2001-10-15,6.207573413848877
2001-10-16,6.217644691467285
2001-10-17,6.1350626945495605
2001-10-18,6.022272109985352
2001-10-19,6.022272109985352
2001-10-22,6.042414665222168
2001-10-23,6.040399074554443
2001-10-24,5.986018657684326
2001-10-25,6.042414665222168
2001-10-26,6.038384914398193
2001-10-29,5.941707134246826
2001-10-30,5.907469749450684
2001-10-31,5.836971282958984
2001-11-01,5.840999126434326
2001-11-02,5.838986873626709
2001-11-05,5.796689510345459
2001-11-06,5.790645599365234
2001-11-07,5.804745197296143
2001-11-08,5.808771133422852
2001-11-09,5.742309093475342
2001-11-12,5.738276958465576
2001-11-13,5.790645599365234
2001-11-14,5.790645599365234
2001-11-15,5.784605503082275
2001-11-16,5.597289562225342
2001-11-19,5.635558128356934
2001-11-20,5.619443416595459
2001-11-21,5.46435546875
2001-11-23,5.456299304962158
2001-11-26,5.488526821136475
2001-11-27,5.47039794921875
2001-11-28,5.309267997741699
2001-11-29,5.393862724304199
2001-11-30,5.405945777893066
2001-12-03,5.357608318328857
2001-12-04,5.397890090942383
2001-12-05,5.570703983306885
2001-12-06,5.6032328605651855
2001-12-07,5.487346649169922
2001-12-10,5.489380359649658
2001-12-11,5.584934711456299
2001-12-12,5.552405834197998
2001-12-13,5.448718547821045
2001-12-14,5.487346649169922
2001-12-17,5.609332084655762
2001-12-18,5.530041217803955
2001-12-19,5.733351707458496
2001-12-20,5.8553361892700195
2001-12-21,5.9407267570495605
2001-12-24,5.869570732116699
2001-12-26,5.895998954772949
2001-12-27,5.965123653411865
2001-12-28,6.001720905303955
2001-12-31,5.869570732116699
2002-01-02,5.843140125274658
2002-01-03,5.895998954772949
2002-01-04,5.920397758483887
2002-01-07,5.895998954772949
2002-01-08,5.733351707458496
2002-01-09,5.796379566192627
2002-01-10,5.816709041595459
2002-01-11,5.816709041595459
2002-01-14,5.818741798400879
2002-01-15,5.887866020202637
2002-01-16,5.895998954772949
2002-01-17,5.914298057556152
2002-01-18,5.895998954772949
2002-01-22,5.916332244873047
2002-01-23,5.944792747497559
2002-01-24,5.948859214782715
2002-01-25,5.967157363891602
2002-01-28,5.887866020202637
2002-01-29,5.875668048858643
2002-01-30,5.969191551208496
2002-01-31,5.851271629333496
2002-02-01,5.954959392547607
2002-02-04,5.918363094329834
2002-02-05,5.948859214782715
2002-02-06,5.944792747497559
2002-02-07,5.973256587982178
2002-02-08,6.011887550354004
2002-02-11,6.0647478103637695
2002-02-12,6.101343631744385
2002-02-13,6.152171611785889
2002-02-14,6.180634498596191
2002-02-15,6.1399712562561035
2002-02-19,6.089143753051758
2002-02-20,6.198930740356445
2002-02-21,6.08507776260376
2002-02-22,6.23959493637085
2002-02-25,6.272125720977783
2002-02-26,6.282290458679199
2002-02-27,6.3839430809021
2002-02-28,6.455103874206543
2002-03-01,6.501865863800049
2002-03-04,6.540494918823242
2002-03-05,6.617751121520996
2002-03-06,6.745838642120361
2002-03-07,6.7316060066223145
2002-03-08,6.79056453704834
2002-03-11,6.7397356033325195
2002-03-12,6.770235061645508
2002-03-13,6.79056453704834
2002-03-14,6.922717094421387
2002-03-15,6.922717094421387
2002-03-18,6.971513271331787
2002-03-19,6.953214645385742
2002-03-20,7.004042625427246
2002-03-21,7.107728481292725
2002-03-22,7.176857948303223
2002-03-25,7.126029968261719
2002-03-26,7.162619590759277
2002-03-27,7.237848281860352
2002-03-28,7.268344402313232
2002-04-01,7.2724103927612305
2002-04-02,7.197186470031738
2002-04-03,7.221583843231201
2002-04-04,7.2724103927612305
2002-04-05,7.339501857757568
2002-04-08,7.483855724334717
2002-04-09,7.607876300811768
2002-04-10,7.662768840789795
2002-04-11,7.563144683837891
2002-04-12,7.642434120178223
2002-04-15,7.6363348960876465
2002-04-16,7.624140739440918
2002-04-17,7.664798259735107
2002-04-18,7.542814254760742
2002-04-19,7.573309421539307
2002-04-22,7.532646179199219
2002-04-23,7.506215572357178
2002-04-24,7.4594573974609375
2002-04-25,7.4513258934021
2002-04-26,7.414729595184326
2002-04-29,7.35576868057251
2002-04-30,7.410662651062012
2002-05-01,7.4330267906188965
2002-05-02,7.428958892822266
2002-05-03,7.390332221984863
2002-05-06,7.378131866455078
2002-05-07,7.306973457336426
2002-05-08,7.359834671020508
2002-05-09,7.227680683135986
2002-05-10,7.07926607131958
2002-05-13,7.136194229125977
2002-05-14,7.162619590759277
2002-05-15,7.203286647796631
2002-05-16,7.144324779510498
2002-05-17,7.156524658203125
2002-05-20,7.1056952476501465
2002-05-21,7.07926607131958
2002-05-22,6.965410232543945
2002-05-23,7.024371147155762
2002-05-24,6.9593119621276855
2002-05-28,6.932881832122803
2002-05-29,6.95728063583374
2002-05-30,6.91254997253418
2002-05-31,6.98167610168457
2002-06-03,6.821062088012695
2002-06-04,6.656379222869873
2002-06-05,6.680780410766602
2002-06-06,6.638084411621094
2002-06-07,6.709242820739746
2002-06-10,6.7133073806762695
2002-06-11,6.68687629699707
2002-06-12,6.656379222869873
2002-06-13,6.577090740203857
2002-06-14,6.55675745010376
2002-06-17,6.581156253814697
2002-06-18,6.707205772399902
2002-06-19,6.53236198425293
2002-06-20,6.475433826446533
2002-06-21,6.526259899139404
2002-06-24,6.4347734451293945
2002-06-25,6.3778462409973145
2002-06-26,6.404277801513672
2002-06-27,6.455103874206543
2002-06-28,6.4368085861206055
2002-07-01,6.5689568519592285
2002-07-02,6.4368085861206055
2002-07-03,6.406308174133301
2002-07-05,6.55269193649292
2002-07-08,6.481532096862793
2002-07-09,6.333115577697754
2002-07-10,6.1338725090026855
2002-07-11,6.249759197235107
2002-07-12,6.150136947631836
2002-07-15,6.20096492767334
2002-07-16,6.129807472229004
2002-07-17,6.152171611785889
2002-07-18,6.068812847137451
2002-07-19,6.068812847137451
2002-07-22,6.003753185272217
2002-07-23,5.68658971786499
2002-07-24,6.028153896331787
2002-07-25,6.111511707305908
2002-07-26,6.16233491897583
2002-07-29,6.60148811340332
2002-07-30,6.79259729385376
2002-07-31,6.857656002044678
2002-08-01,6.778369426727295
2002-08-02,6.697042942047119
2002-08-05,6.548623561859131
2002-08-06,6.715341091156006
2002-08-07,6.845460414886475
2002-08-08,7.115863800048828
2002-08-09,7.002006530761719
2002-08-12,7.024371147155762
2002-08-13,6.898322105407715
2002-08-14,7.123993873596191
2002-08-15,7.20938777923584
2002-08-16,7.2663116455078125
2002-08-19,7.315108299255371
2002-08-20,7.333404064178467
2002-08-21,7.2663116455078125
2002-08-22,7.298842430114746
2002-08-23,7.187021732330322
2002-08-26,7.176857948303223
2002-08-27,7.081298351287842
2002-08-28,7.004042625427246
2002-08-29,7.0894317626953125
2002-08-30,7.052833557128906
2002-09-03,6.926783084869385
2002-09-04,7.109762191772461
2002-09-05,6.904421329498291
2002-09-06,6.922717094421387
2002-09-09,7.032501220703125
2002-09-10,6.987781047821045
2002-09-11,6.953214645385742
2002-09-12,6.8271613121032715
2002-09-13,6.93695068359375
2002-09-16,6.987781047821045
2002-09-17,6.855625629425049
2002-09-18,6.861725330352783
2002-09-19,6.8108954429626465
2002-09-20,6.823098182678223
2002-09-23,6.784465312957764
2002-09-24,6.690944671630859
2002-09-25,6.800728797912598
2002-09-26,7.0203070640563965
2002-09-27,6.953214645385742
2002-09-30,6.91254997253418
2002-10-01,7.0894317626953125
2002-10-02,6.9755778312683105
2002-10-03,7.004042625427246
2002-10-04,6.847490310668945
2002-10-07,6.703143119812012
2002-10-08,6.963377952575684
2002-10-09,6.743803977966309
2002-10-10,7.071135997772217
2002-10-11,7.2073516845703125
2002-10-14,7.241915702819824
2002-10-15,7.616007328033447
2002-10-16,7.654637336730957
2002-10-17,7.790850639343262
2002-10-18,7.7217278480529785
2002-10-21,7.705462455749512
2002-10-22,7.70343017578125
2002-10-23,7.737993240356445
2002-10-24,7.561110496520996
2002-10-25,7.713592052459717
2002-10-28,7.6139750480651855
2002-10-29,7.522482395172119
2002-10-30,7.583476543426514
2002-10-31,7.626170635223389
2002-11-01,7.626170635223389
2002-11-04,7.731893062591553
2002-11-05,7.652602195739746
2002-11-06,7.677000999450684
2002-11-07,7.644469738006592
2002-11-08,7.563144683837891
2002-11-11,7.4594573974609375
2002-11-12,7.4330267906188965
2002-11-13,7.4004950523376465
2002-11-14,7.500118255615234
2002-11-15,7.735959053039551
2002-11-18,7.855912208557129
2002-11-19,7.786785125732422
2002-11-20,7.790850639343262
2002-11-21,7.837612628936768
2002-11-22,7.857944965362549
2002-11-25,7.937237739562988
2002-11-26,7.902676582336426
2002-11-27,8.022626876831055
2002-11-29,8.040925025939941
2002-12-02,8.091754913330078
2002-12-03,8.01042652130127
2002-12-04,8.0510892868042
2002-12-05,8.084281921386719
2002-12-06,8.065956115722656
2002-12-09,7.990607738494873
2002-12-10,8.043554306030273
2002-12-11,8.131117820739746
2002-12-12,8.015044212341309
2002-12-13,7.966172218322754
2002-12-16,7.9824652671813965
2002-12-17,7.974319934844971
2002-12-18,7.868429183959961
2002-12-19,7.729957580566406
2002-12-20,7.7605061531066895
2002-12-23,7.7584662437438965
2002-12-24,7.731991291046143
2002-12-26,7.768649578094482
2002-12-27,7.62610387802124
2002-12-30,7.615920066833496
2002-12-31,7.597594261169434
2003-01-02,7.742177486419678
2003-01-03,7.707559585571289
2003-01-06,7.819554805755615
2003-01-07,7.7584662437438965
2003-01-08,7.701448917388916
2003-01-09,7.784937858581543
2003-01-10,7.736066818237305
2003-01-13,7.5141072273254395
2003-01-14,7.487631320953369
2003-01-15,7.391923904418945
2003-01-16,7.424508571624756
2003-01-17,7.33083438873291
2003-01-21,7.300288200378418
2003-01-22,7.245307445526123
2003-01-23,7.229020118713379
2003-01-24,7.13127326965332
2003-01-27,7.002984046936035
2003-01-28,6.9907684326171875
2003-01-29,7.04370641708374
2003-01-30,7.025382995605469
2003-01-31,7.125163555145264
2003-02-03,7.100727558135986
2003-02-04,6.9683661460876465
2003-02-05,6.927639484405518
2003-02-06,6.925601959228516
2003-02-07,6.888947010040283
2003-02-10,6.901168346405029
2003-02-11,6.858402252197266
2003-02-12,6.715860366821289
2003-02-13,6.776949882507324
2003-02-14,6.850260257720947
2003-02-18,6.91745662689209
2003-02-19,6.923564910888672
2003-02-20,6.909313678741455
2003-02-21,6.945964336395264
2003-02-24,6.789170265197754
2003-02-25,6.8115668296813965
2003-02-26,6.756587028503418
2003-02-27,6.833970069885254
2003-02-28,6.846183776855469
2003-03-03,6.823787212371826
2003-03-04,6.774912357330322
2003-03-05,6.836002826690674
2003-03-06,6.699568271636963
2003-03-07,6.75047492980957
2003-03-10,6.738257884979248
2003-03-11,6.701605319976807
2003-03-12,6.732149600982666
2003-03-13,6.903202056884766
2003-03-14,6.923564910888672
2003-03-17,7.035564422607422
2003-03-18,7.127202033996582
2003-03-19,7.2127275466918945
2003-03-20,7.336947917938232
2003-03-21,7.538539886474609
2003-03-24,7.341014385223389
2003-03-25,7.375633239746094
2003-03-26,7.320652008056641
2003-03-27,7.314542770385742
2003-03-28,7.385818004608154
2003-03-31,7.277891159057617
2003-04-01,7.4021077156066895
2003-04-02,7.50392484664917
2003-04-03,7.365454196929932
2003-04-04,7.430617332458496
2003-04-07,7.400069713592529
2003-04-08,7.367490768432617
2003-04-09,7.3573079109191895
2003-04-10,7.42043399810791
2003-04-11,7.42043399810791
2003-04-14,7.477452278137207
2003-04-15,7.483560085296631
2003-04-16,7.377673625946045
2003-04-17,7.41024923324585
2003-04-21,7.432651996612549
2003-04-22,7.679048538208008
2003-04-23,7.719771862030029
2003-04-24,7.5731587409973145
2003-04-25,7.5141072273254395
2003-04-28,7.681083679199219
2003-04-29,7.664794445037842
2003-04-30,7.7584662437438965
2003-05-01,7.740138053894043
2003-05-02,7.888790130615234
2003-05-05,7.890831470489502
2003-05-06,7.978392124176025
2003-05-07,7.970246315002441
2003-05-08,7.835848808288574
2003-05-09,7.819554805755615
2003-05-12,7.827702522277832
2003-05-13,7.848068714141846
2003-05-14,7.870467185974121
2003-05-15,7.640362739562988
2003-05-16,7.768649578094482
2003-05-19,7.727921485900879
2003-05-20,7.742177486419678
2003-05-21,7.705516815185547
2003-05-22,7.683121204376221
2003-05-23,7.6688642501831055
2003-05-27,7.738102436065674
2003-05-28,7.707559585571289
2003-05-29,7.640362739562988
2003-05-30,7.766611099243164
2003-06-02,7.852139472961426
2003-06-03,7.801230430603027
2003-06-04,7.827702522277832
2003-06-05,7.856211185455322
2003-06-06,7.803266525268555
2003-06-09,7.738102436065674
2003-06-10,7.886756896972656
2003-06-11,7.880648612976074
2003-06-12,7.878613471984863
2003-06-13,7.79512357711792
2003-06-16,7.998751640319824
2003-06-17,7.958027362823486
2003-06-18,7.7584662437438965
2003-06-19,7.674978256225586
2003-06-20,7.719771862030029
2003-06-23,7.683121204376221
2003-06-24,7.738102436065674
2003-06-25,7.705516815185547
2003-06-26,7.721811294555664
2003-06-27,7.674978256225586
2003-06-30,7.558903694152832
2003-07-01,7.611848831176758
2003-07-02,7.63832426071167
2003-07-03,7.57112455368042
2003-07-07,7.617956638336182
2003-07-08,7.63832426071167
2003-07-09,7.5874152183532715
2003-07-10,7.595561981201172
2003-07-11,7.654613494873047
2003-07-14,7.601670265197754
2003-07-15,7.599629878997803
2003-07-16,7.636288642883301
2003-07-17,7.534469127655029
2003-07-18,7.632216453552246
2003-07-21,7.552798271179199
2003-07-22,7.5731587409973145
2003-07-23,7.5141072273254395
2003-07-24,7.434688091278076
2003-07-25,7.542614459991455
2003-07-28,7.487631320953369
2003-07-29,7.595561981201172
2003-07-30,7.833812236785889
2003-07-31,7.9010162353515625
2003-08-01,7.752357482910156
2003-08-04,7.748285293579102
2003-08-05,7.772721290588379
2003-08-06,7.764581203460693
2003-08-07,7.53243350982666
2003-08-08,7.681083679199219
2003-08-11,7.64850378036499
2003-08-12,7.717740058898926
2003-08-13,7.689233303070068
2003-08-14,7.672941207885742
2003-08-15,7.654613494873047
2003-08-18,7.719771862030029
2003-08-19,7.784937858581543
2003-08-20,7.7584662437438965
2003-08-21,7.746249198913574
2003-08-22,7.64850378036499
2003-08-25,7.64850378036499
2003-08-26,7.617956638336182
2003-08-27,7.68719482421875
2003-08-28,7.711628437042236
2003-08-29,7.768649578094482
2003-09-02,7.7808661460876465
2003-09-03,7.754395961761475
2003-09-04,7.731991291046143
2003-09-05,7.6994123458862305
2003-09-08,7.709594249725342
2003-09-09,7.685155868530273
2003-09-10,7.6464715003967285
2003-09-11,7.677011966705322
2003-09-12,7.654613494873047
2003-09-15,7.599629878997803
2003-09-16,7.742177486419678
2003-09-17,7.697376728057861
2003-09-18,7.768649578094482
2003-09-19,7.776792526245117
2003-09-22,7.766611099243164
2003-09-23,7.748285293579102
2003-09-24,7.764581203460693
2003-09-25,7.727921485900879
2003-09-26,7.607776641845703
2003-09-29,7.666833877563477
2003-09-30,7.707559585571289
2003-10-01,7.7890143394470215
2003-10-02,7.782904148101807
2003-10-03,7.825665473937988
2003-10-06,7.852139472961426
2003-10-07,7.8847198486328125
2003-10-08,7.870467185974121
2003-10-09,7.84195613861084
2003-10-10,7.86435604095459
2003-10-13,8.010972023010254
2003-10-14,8.03337287902832
2003-10-15,8.114826202392578
2003-10-16,8.255337715148926
2003-10-17,8.294023513793945
2003-10-20,8.2471923828125
2003-10-21,8.245152473449707
2003-10-22,8.167771339416504
2003-10-23,8.26755428314209
2003-10-24,8.294023513793945
2003-10-27,8.373442649841309
2003-10-28,8.369370460510254
2003-10-29,8.495621681213379
2003-10-30,8.491547584533691
2003-10-31,8.552642822265625
2003-11-03,8.851985931396484
2003-11-04,8.809220314025879
2003-11-05,9.014887809753418
2003-11-06,8.929366111755371
2003-11-07,8.507840156555176
2003-11-10,8.426386833190918
2003-11-11,8.442679405212402
2003-11-12,8.552642822265625
2003-11-13,8.532279014587402
2003-11-14,8.530242919921875
2003-11-17,8.446752548217773
2003-11-18,8.399916648864746
2003-11-19,8.442679405212402
2003-11-20,8.391768455505371
2003-11-21,8.40195083618164
2003-11-24,8.501734733581543
2003-11-25,8.503768920898438
2003-11-26,8.642236709594727
2003-11-28,8.654461860656738
2003-12-01,8.617803573608398
2003-12-02,8.581151962280273
2003-12-03,8.573003768920898
2003-12-04,8.573003768920898
2003-12-05,8.538387298583984
2003-12-08,8.562821388244629
2003-12-09,8.499698638916016
2003-12-10,8.505804061889648
2003-12-11,8.550604820251465
2003-12-12,8.552642822265625
2003-12-15,8.501734733581543
2003-12-16,8.634093284606934
2003-12-17,8.6668701171875
2003-12-18,8.734465599060059
2003-12-19,8.828692436218262
2003-12-22,8.865562438964844
2003-12-23,8.97618293762207
2003-12-24,9.035585403442383
2003-12-26,9.054021835327148
2003-12-29,9.08884334564209
2003-12-30,9.31417179107666
2003-12-31,9.443221092224121
2004-01-02,9.471898078918457
2004-01-05,9.500574111938477
2004-01-06,9.486238479614258
2004-01-07,9.516965866088867
2004-01-08,9.508768081665039
2004-01-09,9.557931900024414
2004-01-12,9.648062705993652
2004-01-13,9.496479988098145
2004-01-14,9.656256675720215
2004-01-15,9.672643661499023
2004-01-16,9.750482559204102
2004-01-20,9.869294166564941
2004-01-21,9.87338924407959
2004-01-22,9.947131156921387
2004-01-23,10.18065357208252
2004-01-26,10.293315887451172
2004-01-27,10.176552772521973
2004-01-28,9.832416534423828
2004-01-29,9.869294166564941
2004-01-30,10.07618522644043
2004-02-02,9.867242813110352
2004-02-03,9.795552253723145
2004-02-04,9.670595169067383
2004-02-05,9.740242958068848
2004-02-06,9.844710350036621
2004-02-09,9.949178695678711
2004-02-10,10.184747695922852
2004-02-11,10.373199462890625
2004-02-12,10.317896842956543
2004-02-13,10.3056058883667
2004-02-17,10.520691871643066
2004-02-18,10.38139820098877
2004-02-19,10.43670654296875
2004-02-20,10.303557395935059
2004-02-23,10.201135635375977
2004-02-24,10.38549518585205
2004-02-25,10.520691871643066
2004-02-26,10.56370735168457
2004-02-27,10.651788711547852
2004-03-01,10.856633186340332
2004-03-02,10.84024429321289
2004-03-03,10.877116203308105
2004-03-04,10.89759635925293
2004-03-05,10.899650573730469
2004-03-08,10.73372745513916
2004-03-09,10.737823486328125
2004-03-10,10.483819007873535
2004-03-11,10.238008499145508
2004-03-12,10.53298282623291
2004-03-15,10.4039306640625
2004-03-16,10.401881217956543
2004-03-17,10.65383529663086
2004-03-18,10.56985092163086
2004-03-19,10.44694709777832
2004-03-22,10.18065357208252
2004-03-23,10.211377143859863
2004-03-24,10.321991920471191
2004-03-25,10.477675437927246
2004-03-26,10.416220664978027
2004-03-29,10.621063232421875
2004-03-30,10.846385955810547
2004-03-31,10.913987159729004
2004-04-01,11.106539726257324
2004-04-02,11.225347518920898
2004-04-05,11.249927520751953
2004-04-06,11.192571640014648
2004-04-07,11.276556968688965
2004-04-08,11.311381340026855
2004-04-12,11.413802146911621
2004-04-13,11.487544059753418
2004-04-14,11.079910278320312
2004-04-15,11.112682342529297
2004-04-16,11.192571640014648
2004-04-19,11.208953857421875
2004-04-20,11.04098892211914
2004-04-21,10.856633186340332
2004-04-22,10.393685340881348
2004-04-23,10.389594078063965
2004-04-26,10.440803527832031
2004-04-27,10.451042175292969
2004-04-28,10.242106437683105
2004-04-29,10.057745933532715
2004-04-30,10.092567443847656
2004-05-03,10.154021263122559
2004-05-04,10.168360710144043
2004-05-05,10.168360710144043
2004-05-06,10.027021408081055
2004-05-07,9.541546821594238
2004-05-10,9.521060943603516
2004-05-11,9.562028884887695
2004-05-12,9.48828411102295
2004-05-13,9.504671096801758
2004-05-14,9.478042602539062
2004-05-17,9.361282348632812
2004-05-18,9.504671096801758
2004-05-19,9.400205612182617
2004-05-20,9.514912605285645
2004-05-21,9.56612491607666
2004-05-24,9.71975326538086
2004-05-25,9.87338924407959
2004-05-26,10.010635375976562
2004-05-27,10.123296737670898
2004-05-28,10.18065357208252
2004-06-01,10.156067848205566
2004-06-02,10.151976585388184
2004-06-03,10.029067993164062
2004-06-04,10.096667289733887
2004-06-07,10.344526290893555
2004-06-08,10.553462028503418
2004-06-09,10.40597915649414
2004-06-10,10.420319557189941
2004-06-14,10.098712921142578
2004-06-15,10.201135635375977
2004-06-16,10.272833824157715
2004-06-17,10.44694709777832
2004-06-18,10.401881217956543
2004-06-21,10.422362327575684
2004-06-22,10.375250816345215
2004-06-23,10.242106437683105
2004-06-24,10.211377143859863
2004-06-25,10.098712921142578
2004-06-28,10.170409202575684
2004-06-29,10.201135635375977
2004-06-30,10.18065357208252
2004-07-01,10.313798904418945
2004-07-02,10.233912467956543
2004-07-06,10.078229904174805
2004-07-07,10.063891410827637
2004-07-08,9.984004974365234
2004-07-09,10.022927284240723
2004-07-12,10.252346992492676
2004-07-13,10.428515434265137
2004-07-14,10.469477653503418
2004-07-15,10.575995445251465
2004-07-16,10.520691871643066
2004-07-19,10.44489860534668
2004-07-20,10.610816955566406
2004-07-21,10.48996353149414
2004-07-22,10.442851066589355
2004-07-23,10.442851066589355
2004-07-26,10.412121772766113
2004-07-27,10.397783279418945
2004-07-28,10.391639709472656
2004-07-29,10.528884887695312
2004-07-30,10.547320365905762
2004-08-02,10.467434883117676
2004-08-03,10.367057800292969
2004-08-04,10.309703826904297
2004-08-05,10.197038650512695
2004-08-06,10.170409202575684
2004-08-09,10.143784523010254
2004-08-10,10.250301361083984
2004-08-11,10.399836540222168
2004-08-12,10.334283828735352
2004-08-13,10.297411918640137
2004-08-16,10.389594078063965
2004-08-17,10.49815559387207
2004-08-18,10.49815559387207
2004-08-19,10.40597915649414
2004-08-20,10.483819007873535
2004-08-23,10.4879150390625
2004-08-24,10.621063232421875
2004-08-25,10.795174598693848
2004-08-26,10.846385955810547
2004-08-27,10.928326606750488
2004-08-30,10.844340324401855
2004-08-31,11.06147575378418
2004-09-01,11.084006309509277
2004-09-02,11.10448932647705
2004-09-03,11.149555206298828
2004-09-07,11.225347518920898
2004-09-08,11.235587120056152
2004-09-09,11.047137260437012
2004-09-10,11.112682342529297
2004-09-13,11.143406867980957
2004-09-14,11.151602745056152
2004-09-15,11.143406867980957
2004-09-16,11.02664852142334
2004-09-17,10.991823196411133
2004-09-20,11.139315605163574
2004-09-21,11.249927520751953
2004-09-22,11.272459983825684
2004-09-23,11.251975059509277
2004-09-24,11.501885414123535
2004-09-27,11.526464462280273
2004-09-28,11.364640235900879
2004-09-29,11.460915565490723
2004-09-30,11.604303359985352
2004-10-01,11.80300235748291
2004-10-04,11.940245628356934
2004-10-05,12.075439453125
2004-10-06,12.104120254516602
2004-10-07,11.999650955200195
2004-10-08,11.884940147399902
2004-10-11,11.962779998779297
2004-10-12,12.09797477722168
2004-10-13,11.905426025390625
2004-10-14,11.741547584533691
2004-10-15,11.805047035217285
2004-10-18,11.954587936401367
2004-10-19,11.69648551940918
2004-10-20,11.702631950378418
2004-10-21,11.663708686828613
2004-10-22,11.637079238891602
2004-10-25,11.739498138427734
2004-10-26,11.753841400146484
2004-10-27,11.901328086853027
2004-10-28,12.02013111114502
2004-10-29,12.116414070129395
2004-11-01,12.065196990966797
2004-11-02,12.048812866210938
2004-11-03,12.151235580444336
2004-11-04,12.431861877441406
2004-11-05,12.24955940246582
2004-11-08,12.21473503112793
2004-11-09,12.319205284118652
2004-11-10,12.05905532836914
2004-11-11,12.03447437286377
2004-11-12,12.259799003601074
2004-11-15,12.30076789855957
2004-11-16,12.16352367401123
2004-11-17,12.399092674255371
2004-11-18,12.679722785949707
2004-11-19,12.612128257751465
2004-11-22,12.679722785949707
2004-11-23,12.679722785949707
2004-11-24,12.70430850982666
2004-11-26,12.769857406616211
2004-11-29,12.70430850982666
2004-11-30,12.843598365783691
2004-12-01,13.13857650756836
2004-12-02,13.15086555480957
2004-12-03,13.230751991271973
2004-12-06,13.365947723388672
2004-12-07,13.257380485534668
2004-12-08,13.380288124084473
2004-12-09,13.367995262145996
2004-12-10,13.382330894470215
2004-12-13,13.628145217895508
2004-12-14,13.914923667907715
2004-12-15,14.031685829162598
2004-12-16,14.03987979888916
2004-12-17,14.23857307434082
2004-12-20,14.03577995300293
2004-12-21,14.253081321716309
2004-12-22,14.46728229522705
2004-12-23,14.35606575012207
2004-12-27,14.37665843963623
2004-12-28,14.368424415588379
2004-12-29,14.31486701965332
2004-12-30,14.41785717010498
2004-12-31,14.310757637023926
2005-01-03,14.069759368896484
2005-01-04,13.643409729003906
2005-01-05,13.312826156616211
2005-01-06,13.15835189819336
2005-01-07,13.223230361938477
2005-01-10,13.56307601928711
2005-01-11,13.31900691986084
2005-01-12,13.247944831848145
2005-01-13,13.328276634216309
2005-01-14,13.328276634216309
2005-01-18,13.238682746887207
2005-01-19,13.139811515808105
2005-01-20,12.908098220825195
2005-01-21,12.880298614501953
2005-01-24,12.80614185333252
2005-01-25,12.803054809570312
2005-01-26,13.013139724731445
2005-01-27,12.30564022064209
2005-01-28,11.903999328613281
2005-01-31,11.187223434448242
2005-02-01,11.36333179473877
2005-02-02,11.038928031921387
2005-02-03,10.81029987335205
2005-02-04,11.292267799377441
2005-02-07,11.452922821044922
2005-02-08,11.431299209594727
2005-02-09,11.11925220489502
2005-02-10,11.184134483337402
2005-02-11,11.137791633605957
2005-02-14,10.819568634033203
2005-02-15,10.81029987335205
2005-02-16,10.439555168151855
2005-02-17,10.390122413635254
2005-02-18,10.38394546508789
2005-02-22,10.142956733703613
2005-02-23,10.220199584960938
2005-02-24,10.173855781555176
2005-02-25,10.315975189208984
2005-02-28,10.353050231933594
2005-03-01,10.43337631225586
2005-03-02,10.49825668334961
2005-03-03,10.581673622131348
2005-03-04,10.541508674621582
2005-03-07,10.529153823852539
2005-03-08,10.560047149658203
2005-03-09,10.637286186218262
2005-03-10,10.643467903137207
2005-03-11,10.794852256774902
2005-03-14,10.96786880493164
2005-03-15,10.887537956237793
2005-03-16,10.801031112670898
2005-03-17,10.717616081237793
2005-03-18,10.501347541809082
2005-03-21,10.448824882507324
2005-03-22,10.445734977722168
2005-03-23,10.414836883544922
2005-03-24,10.510613441467285
2005-03-28,10.349960327148438
2005-03-29,10.288169860839844
2005-03-30,10.566229820251465
2005-03-31,10.612569808959961
2005-04-01,10.578584671020508
2005-04-04,10.504436492919922
2005-04-05,10.62492847442627
2005-04-06,10.69289779663086
2005-04-07,10.869000434875488
2005-04-08,10.748509407043457
2005-04-11,10.643467903137207
2005-04-12,10.683629035949707
2005-04-13,10.572403907775879
2005-04-14,10.346870422363281
2005-04-15,10.414836883544922
2005-04-18,10.424108505249023
2005-04-19,10.461186408996582
2005-04-20,10.399391174316406
2005-04-21,10.34068775177002
2005-04-22,10.235645294189453
2005-04-25,10.504436492919922
2005-04-26,10.473539352416992
2005-04-27,10.482810974121094
2005-04-28,10.637286186218262
2005-04-29,10.74542236328125
2005-05-02,10.78249454498291
2005-05-03,10.646554946899414
2005-05-04,10.763955116271973
2005-05-05,10.652735710144043
2005-05-06,10.859732627868652
2005-05-09,10.77940559387207
2005-05-10,10.674358367919922
2005-05-11,10.850464820861816
2005-05-12,10.909168243408203
2005-05-13,10.906076431274414
2005-05-16,11.094539642333984
2005-05-17,11.137791633605957
2005-05-18,11.357149124145508
2005-05-19,11.412760734558105
2005-05-20,11.440567970275879
2005-05-23,11.613580703735352
2005-05-24,11.721719741821289
2005-05-25,11.854564666748047
2005-05-26,12.033757209777832
2005-05-27,12.117173194885254
2005-05-31,12.324176788330078
2005-06-01,12.114084243774414
2005-06-02,11.941073417663574
2005-06-03,11.990503311157227
2005-06-06,11.656837463378906
2005-06-07,11.675371170043945
2005-06-08,11.548701286315918
2005-06-09,11.585776329040527
2005-06-10,11.644474983215332
2005-06-13,11.672286987304688
2005-06-14,11.625940322875977
2005-06-15,11.684642791748047
2005-06-16,12.095548629760742
2005-06-17,12.049206733703613
2005-06-20,11.934891700744629
2005-06-21,11.873102188110352
2005-06-22,11.919445991516113
2005-06-23,11.894728660583496
2005-06-24,11.879283905029297
2005-06-27,11.795863151550293
2005-06-28,12.021400451660156
2005-06-29,11.944159507751465
2005-06-30,11.934891700744629
2005-07-01,12.15115737915039
2005-07-05,12.206770896911621
2005-07-06,12.15115737915039
2005-07-07,12.209863662719727
2005-07-08,12.450847625732422
2005-07-11,12.438490867614746
2005-07-12,12.342713356018066
2005-07-13,12.240756034851074
2005-07-14,12.070833206176758
2005-07-15,12.070833206176758
2005-07-18,12.064657211303711
2005-07-19,12.160429954528809
2005-07-20,12.212947845458984
2005-07-21,12.15115737915039
2005-07-22,12.333443641662598
2005-07-25,12.345807075500488
2005-07-26,12.271652221679688
2005-07-27,12.250027656555176
2005-07-28,12.250027656555176
2005-07-29,12.219134330749512
2005-08-01,12.243849754333496
2005-08-02,12.250027656555176
2005-08-03,11.956521034240723
2005-08-04,11.934891700744629
2005-08-05,11.7587890625
2005-08-08,11.845296859741211
2005-08-09,12.064657211303711
2005-08-10,12.234578132629395
2005-08-11,12.494097709655762
2005-08-12,12.478649139404297
2005-08-15,12.605325698852539
2005-08-16,12.296370506286621
2005-08-17,12.358156204223633
2005-08-18,12.35506820678711
2005-08-19,12.342713356018066
2005-08-22,12.382875442504883
2005-08-23,12.382875442504883
2005-08-24,12.330357551574707
2005-08-25,12.330357551574707
2005-08-26,12.345807075500488
2005-08-29,12.35506820678711
2005-08-30,12.441581726074219
2005-08-31,12.580609321594238
2005-09-01,12.599141120910645
2005-09-02,12.611502647399902
2005-09-06,13.124367713928223
2005-09-07,12.98842716217041
2005-09-08,13.294290542602539
2005-09-09,13.590890884399414
2005-09-12,13.6248779296875
2005-09-13,13.439496040344238
2005-09-14,13.615605354309082
2005-09-15,13.810249328613281
2005-09-16,13.711380958557129
2005-09-19,13.64649772644043
2005-09-20,13.516735076904297
2005-09-21,13.133636474609375
2005-09-22,13.266484260559082
2005-09-23,13.458039283752441
2005-09-26,13.383883476257324
2005-09-27,13.213960647583008
2005-09-28,13.145995140075684
2005-09-29,13.3004732131958
2005-09-30,13.31591796875
2005-10-03,13.37153148651123
2005-10-04,13.115097045898438
2005-10-05,12.892647743225098
2005-10-06,12.917364120483398
2005-10-07,12.942086219787598
2005-10-10,12.843218803405762
2005-10-11,12.846305847167969
2005-10-12,12.617683410644531
2005-10-13,12.630038261413574
2005-10-14,12.620769500732422
2005-10-17,12.654752731323242
2005-10-18,12.531173706054688
2005-10-19,12.608409881591797
2005-10-20,12.469381332397461
2005-10-21,12.698007583618164
2005-10-24,12.849395751953125
2005-10-25,12.880298614501953
2005-10-26,12.815414428710938
2005-10-27,12.558977127075195
2005-10-28,12.849395751953125
2005-10-31,13.272662162780762
2005-11-01,13.269571304321289
2005-11-02,13.544544219970703
2005-11-03,13.637232780456543
2005-11-04,13.64649772644043
2005-11-07,13.64031982421875
2005-11-08,13.621780395507812
2005-11-09,14.041963577270508
2005-11-10,13.927645683288574
2005-11-11,14.082128524780273
2005-11-14,14.258224487304688
2005-11-15,14.273677825927734
2005-11-16,14.214970588684082
2005-11-17,14.39107894897461
2005-11-18,14.381807327270508
2005-11-21,14.628973007202148
2005-11-22,14.613519668579102
2005-11-23,15.086221694946289
2005-11-25,14.987360954284668
2005-11-28,14.92247486114502
2005-11-29,14.92247486114502
2005-11-30,14.638235092163086
2005-12-01,14.737105369567871
2005-12-02,14.64442253112793
2005-12-05,14.752553939819336
2005-12-06,14.613519668579102
2005-12-07,14.520838737487793
2005-12-08,14.480672836303711
2005-12-09,14.545553207397461
2005-12-12,14.489941596984863
2005-12-13,14.514660835266113
2005-12-14,14.505388259887695
2005-12-15,14.474493980407715
2005-12-16,14.415797233581543
2005-12-19,14.366093635559082
2005-12-20,14.481025695800781
2005-12-21,14.518299102783203
2005-12-22,14.614590644836426
2005-12-23,14.875507354736328
2005-12-27,14.828912734985352
2005-12-28,14.869298934936523
2005-12-29,14.78232479095459
2005-12-30,14.74194049835205
2006-01-03,14.769901275634766
2006-01-04,14.894147872924805
2006-01-05,14.878616333007812
2006-01-06,15.226506233215332
2006-01-09,15.1146879196167
2006-01-10,15.061882019042969
2006-01-11,15.183022499084473
2006-01-12,15.226506233215332
2006-01-13,15.179913520812988
2006-01-17,15.186123847961426
2006-01-18,15.058773040771484
2006-01-19,15.201654434204102
2006-01-20,14.934524536132812
2006-01-23,15.158170700073242
2006-01-24,15.468792915344238
2006-01-25,15.484312057495117
2006-01-26,15.608566284179688
2006-01-27,16.090023040771484
2006-01-30,16.04653549194336
2006-01-31,16.298133850097656
2006-02-01,16.31056022644043
2006-02-02,16.456554412841797
2006-02-03,16.745431900024414
2006-02-06,16.7143611907959
2006-02-07,16.61496925354004
2006-02-08,16.487619400024414
2006-02-09,16.652244567871094
2006-02-10,16.409963607788086
2006-02-13,16.304344177246094
2006-02-14,16.273296356201172
2006-02-15,16.152151107788086
2006-02-16,16.288822174072266
2006-02-17,16.344730377197266
2006-02-21,16.29192543029785
2006-02-22,16.304344177246094
2006-02-23,16.31367301940918
2006-02-24,16.441022872924805
2006-02-27,16.754749298095703
2006-02-28,16.851041793823242
2006-03-01,16.751646041870117
2006-03-02,16.990821838378906
2006-03-03,17.09331703186035
2006-03-06,16.869672775268555
2006-03-07,16.81687355041504
2006-03-08,16.897632598876953
2006-03-09,16.86656951904297
2006-03-10,16.97528839111328
2006-03-13,17.167871475219727
2006-03-14,17.385297775268555
2006-03-15,17.649330139160156
2006-03-16,17.8077392578125
2006-03-17,17.938199996948242
2006-03-20,18.093509674072266
2006-03-21,18.0096492767334
2006-03-22,18.018964767456055
2006-03-23,17.96926498413086
2006-03-24,18.251928329467773
2006-03-27,18.404132843017578
2006-03-28,18.298526763916016
2006-03-29,18.227081298828125
2006-03-30,18.16185188293457
2006-03-31,18.53148078918457
2006-04-03,18.637100219726562
2006-04-04,18.963247299194336
2006-04-05,19.087493896484375
2006-04-06,18.820358276367188
2006-04-07,18.745817184448242
2006-04-10,18.633987426757812
2006-04-11,18.578073501586914
2006-04-12,18.79240608215332
2006-04-13,18.512840270996094
2006-04-17,18.515954971313477
2006-04-18,18.994304656982422
2006-04-19,19.134084701538086
2006-04-20,19.04711151123047
2006-04-21,18.863855361938477
2006-04-24,19.09680938720703
2006-04-25,18.733386993408203
2006-04-26,18.7830867767334
2006-04-27,18.922863006591797
2006-04-28,18.87006187438965
2006-05-01,18.953920364379883
2006-05-02,19.000516891479492
2006-05-03,19.003623962402344
2006-05-04,18.904226303100586
2006-05-05,19.283180236816406
2006-05-08,19.429168701171875
2006-05-09,19.48508071899414
2006-05-10,19.053329467773438
2006-05-11,19.180679321289062
2006-05-12,19.00983428955078
2006-05-15,18.97566795349121
2006-05-16,19.121660232543945
2006-05-17,18.81104850769043
2006-05-18,18.854534149169922
2006-05-19,19.003623962402344
2006-05-22,18.509740829467773
2006-05-23,19.360837936401367
2006-05-24,19.49129867553711
2006-05-25,19.982072830200195
2006-05-26,19.904417037963867
2006-05-30,19.876461029052734
2006-05-31,19.891986846923828
2006-06-01,19.68698501586914
2006-06-02,19.72115135192871
2006-06-05,19.314239501953125
2006-06-06,19.289384841918945
2006-06-07,19.314239501953125
2006-06-08,18.997419357299805
2006-06-09,19.01915168762207
2006-06-12,18.637100219726562
2006-06-13,17.618267059326172
2006-06-14,17.953731536865234
2006-06-15,17.997220993041992
2006-06-16,17.80463981628418
2006-06-19,17.33249282836914
2006-06-20,17.351131439208984
2006-06-21,17.66175079345703
2006-06-22,17.357345581054688
2006-06-23,17.494016647338867
2006-06-26,17.66175079345703
2006-06-27,17.562353134155273
2006-06-28,17.52507972717285
2006-06-29,17.94131088256836
2006-06-30,18.133895874023438
2006-07-03,18.140108108520508
2006-07-05,18.0096492767334
2006-07-06,18.0158634185791
2006-07-07,18.053133010864258
2006-07-10,17.94752311706543
2006-07-11,18.0158634185791
2006-07-12,17.854337692260742
2006-07-13,17.220685958862305
2006-07-14,16.785808563232422
2006-07-17,16.63671112060547
2006-07-18,16.649133682250977
2006-07-19,16.95975685119629
2006-07-20,16.462759017944336
2006-07-21,16.189422607421875
2006-07-24,16.487619400024414
2006-07-25,16.96596336364746
2006-07-26,17.06536865234375
2006-07-27,16.97218132019043
2006-07-28,17.152334213256836
2006-07-31,17.102642059326172
2006-08-01,17.003244400024414
2006-08-02,17.251737594604492
2006-08-03,17.320077896118164
2006-08-04,17.338712692260742
2006-08-07,17.425683975219727
2006-08-08,17.189611434936523
2006-08-09,17.17098045349121
2006-08-10,16.990821838378906
2006-08-11,16.767173767089844
2006-08-14,16.413063049316406
2006-08-15,16.36958122253418
2006-08-16,16.11487579345703
2006-08-17,16.0092716217041
2006-08-18,16.319883346557617
2006-08-21,16.027902603149414
2006-08-22,15.77319049835205
2006-08-23,16.0092716217041
2006-08-24,15.729703903198242
2006-08-25,15.841531753540039
2006-08-28,15.866377830505371
2006-08-29,15.934718132019043
2006-08-30,15.891227722167969
2006-08-31,15.984421730041504
2006-09-01,16.152151107788086
2006-09-05,16.326091766357422
2006-09-06,16.170793533325195
2006-09-07,16.170793533325195
2006-09-08,16.257762908935547
2006-09-11,16.36958122253418
2006-09-12,16.642925262451172
2006-09-13,17.133705139160156
2006-09-14,17.04051399230957
2006-09-15,17.12748908996582
2006-09-18,17.301441192626953
2006-09-19,17.233102798461914
2006-09-20,17.021879196166992
2006-09-21,16.69884490966797
2006-09-22,16.66777229309082
2006-09-25,16.587020874023438
2006-09-26,16.580808639526367
2006-09-27,16.562162399291992
2006-09-28,16.270187377929688
2006-09-29,16.257762908935547
2006-10-02,16.245330810546875
2006-10-03,16.090023040771484
2006-10-04,16.251544952392578
2006-10-05,16.65534782409668
2006-10-06,16.54973793029785
2006-10-09,16.481401443481445
2006-10-10,16.562162399291992
2006-10-11,16.36958122253418
2006-10-12,16.38201332092285
2006-10-13,16.649133682250977
2006-10-16,16.711267471313477
2006-10-17,16.568374633789062
2006-10-18,16.506256103515625
2006-10-19,16.413063049316406
2006-10-20,16.214279174804688
2006-10-23,16.31367301940918
2006-10-24,16.245330810546875
2006-10-25,16.413063049316406
2006-10-26,16.69884490966797
2006-10-27,16.686412811279297
2006-10-30,16.587020874023438
2006-10-31,16.38201332092285
2006-11-01,16.003047943115234
2006-11-02,16.027902603149414
2006-11-03,16.11487579345703
2006-11-06,16.077600479125977
2006-11-07,16.43170166015625
2006-11-08,16.45034408569336
2006-11-09,16.26397705078125
2006-11-10,16.245330810546875
2006-11-13,16.04653549194336
2006-11-14,16.22049331665039
2006-11-15,16.288822174072266
2006-11-16,16.481401443481445
2006-11-17,16.580808639526367
2006-11-20,16.481401443481445
2006-11-21,16.717477798461914
2006-11-22,16.804443359375
2006-11-24,16.79823875427246
2006-11-27,16.642925262451172
2006-11-28,16.69884490966797
2006-11-29,16.860363006591797
2006-11-30,17.139923095703125
2006-12-01,17.08400535583496
2006-12-04,17.108854293823242
2006-12-05,17.375986099243164
2006-12-06,17.208248138427734
2006-12-07,17.146127700805664
2006-12-08,17.146127700805664
2006-12-11,16.984601974487305
2006-12-12,17.276586532592773
2006-12-13,17.139923095703125
2006-12-14,17.265296936035156
2006-12-15,17.415752410888672
2006-12-18,17.4345645904541
2006-12-19,17.67279815673828
2006-12-20,18.130449295043945
2006-12-21,18.105369567871094
2006-12-22,17.8922176361084
2006-12-26,17.92983627319336
2006-12-27,18.030136108398438
2006-12-28,17.904754638671875
2006-12-29,17.679065704345703
2007-01-03,17.96744728088379
2007-01-04,17.84833526611328
2007-01-05,17.19633674621582
2007-01-08,17.177532196044922
2007-01-09,17.083494186401367
2007-01-10,17.033349990844727
2007-01-11,17.277833938598633
2007-01-12,17.39068031311035
2007-01-16,17.365604400634766
2007-01-17,17.259031295776367
2007-01-18,17.039608001708984
2007-01-19,16.983186721801758
2007-01-22,16.832727432250977
2007-01-23,16.93303680419922
2007-01-24,17.077226638793945
2007-01-25,16.682262420654297
2007-01-26,16.738689422607422
2007-01-29,16.84527015686035
2007-01-30,17.070959091186523
2007-01-31,17.152456283569336
2007-02-01,17.290380477905273
2007-02-02,17.541139602661133
2007-02-05,17.490983963012695
2007-02-06,17.428295135498047
2007-02-07,17.50353240966797
2007-02-08,17.447107315063477
2007-02-09,17.42203140258789
2007-02-12,17.39695167541504
2007-02-13,17.541139602661133
2007-02-14,17.816986083984375
2007-02-15,17.773101806640625
2007-02-16,17.86714744567871
2007-02-20,17.942365646362305
2007-02-21,17.9611759185791
2007-02-22,17.9611759185791
2007-02-23,17.986255645751953
2007-02-26,18.06148338317871
2007-02-27,17.622644424438477
2007-02-28,17.754287719726562
2007-03-01,18.005062103271484
2007-03-02,18.186866760253906
2007-03-05,18.04267692565918
2007-03-06,18.199411392211914
2007-03-07,18.331056594848633
2007-03-08,18.368671417236328
2007-03-09,18.68212890625
2007-03-12,18.625709533691406
2007-03-13,18.205671310424805
2007-03-14,18.186866760253906
2007-03-15,18.356142044067383
2007-03-16,18.27463722229004
2007-03-19,18.07402229309082
2007-03-20,18.262094497680664
2007-03-21,18.368671417236328
2007-03-22,18.468982696533203
2007-03-23,18.976787567138672
2007-03-26,18.83885955810547
2007-03-27,18.713485717773438
2007-03-28,18.512861251831055
2007-03-29,18.525402069091797
2007-03-30,18.44389533996582
2007-04-02,18.38747787475586
2007-04-03,18.61943817138672
2007-04-04,18.694671630859375
2007-04-05,18.600629806518555
2007-04-09,18.5943603515625
2007-04-10,18.61943817138672
2007-04-11,18.500328063964844
2007-04-12,19.114704132080078
2007-04-13,19.158586502075195
2007-04-16,19.327857971191406
2007-04-17,19.265165328979492
2007-04-18,19.240083694458008
2007-04-19,19.233814239501953
2007-04-20,19.183666229248047
2007-04-23,19.10216522216797
2007-04-24,19.196208953857422
2007-04-25,19.43443489074707
2007-04-26,19.48458480834961
2007-04-27,19.365467071533203
2007-04-30,18.89529037475586
2007-05-01,18.995582580566406
2007-05-02,19.215015411376953
2007-05-03,19.57862663269043
2007-05-04,20.4375
2007-05-07,20.719619750976562
2007-05-08,20.93903350830078
2007-05-09,20.926502227783203
2007-05-10,20.462574005126953
2007-05-11,20.462574005126953
2007-05-14,20.84499168395996
2007-05-15,21.00172233581543
2007-05-16,21.145917892456055
2007-05-17,21.747758865356445
2007-05-18,21.453100204467773
2007-05-21,21.522056579589844
2007-05-22,21.60983657836914
2007-05-23,21.54714012145996
2007-05-24,21.2274227142334
2007-05-25,21.7540283203125
2007-05-29,21.90448760986328
2007-05-30,22.217939376831055
2007-05-31,22.468713760375977
2007-06-01,22.343332290649414
2007-06-04,22.85113525390625
2007-06-05,22.782163619995117
2007-06-06,22.25555992126465
2007-06-07,21.810447692871094
2007-06-08,22.261831283569336
2007-06-11,22.525131225585938
2007-06-12,22.25555992126465
2007-06-13,22.637983322143555
2007-06-14,22.66932487487793
2007-06-15,22.83232307434082
2007-06-18,23.114429473876953
2007-06-19,23.083087921142578
2007-06-20,23.064287185668945
2007-06-21,23.039209365844727
2007-06-22,22.437368392944336
2007-06-25,22.286903381347656
2007-06-26,22.13644790649414
2007-06-27,22.1050968170166
2007-06-28,22.230480194091797
2007-06-29,22.098827362060547
2007-07-02,22.713205337524414
2007-07-03,23.02039909362793
2007-07-05,23.126968383789062
2007-07-06,23.227285385131836
2007-07-09,23.032930374145508
2007-07-10,22.431102752685547
2007-07-11,22.59409523010254
2007-07-12,23.434171676635742
2007-07-13,24.042278289794922
2007-07-16,24.437232971191406
2007-07-17,24.55634880065918
2007-07-18,24.31184959411621
2007-07-19,24.769495010375977
2007-07-20,24.167654037475586
2007-07-23,24.612775802612305
2007-07-24,23.929426193237305
2007-07-25,24.405881881713867
2007-07-26,23.177125930786133
2007-07-27,23.014127731323242
2007-07-30,24.142587661743164
2007-07-31,23.57208251953125
2007-08-01,23.478046417236328
2007-08-02,24.092426300048828
2007-08-03,24.73814582824707
2007-08-06,25.923030853271484
2007-08-07,27.772432327270508
2007-08-08,27.841392517089844
2007-08-09,29.509000778198242
2007-08-10,28.073348999023438
2007-08-13,26.430828094482422
2007-08-14,26.487241744995117
2007-08-15,26.048412322998047
2007-08-16,25.703601837158203
2007-08-17,27.064014434814453
2007-08-20,27.54673194885254
2007-08-21,27.76616859436035
2007-08-22,28.06708335876465
2007-08-23,27.465242385864258
2007-08-24,27.885284423828125
2007-08-27,27.741086959838867
2007-08-28,27.496583938598633
2007-08-29,27.83513069152832
2007-08-30,27.759897232055664
2007-08-31,27.822587966918945
2007-09-04,28.016939163208008
2007-09-05,27.904083251953125
2007-09-06,27.954238891601562
2007-09-07,27.6533203125
2007-09-10,27.716007232666016
2007-09-11,28.142314910888672
2007-09-12,28.393096923828125
2007-09-13,28.58742332458496
2007-09-14,28.71280860900879
2007-09-17,28.637571334838867
2007-09-18,29.878881454467773
2007-09-19,30.05440330505371
2007-09-20,28.69400978088379
2007-09-21,28.700271606445312
2007-09-24,29.12030792236328
2007-09-25,29.809919357299805
2007-09-26,30.806705474853516
2007-09-27,29.866329193115234
2007-09-28,30.229944229125977
2007-10-01,30.819250106811523
2007-10-02,31.06374740600586
2007-10-03,30.762836456298828
2007-10-04,31.26435661315918
2007-10-05,31.985313415527344
2007-10-08,31.753360748291016
2007-10-09,32.3614616394043
2007-10-10,31.99786376953125
2007-10-11,32.01040267944336
2007-10-12,32.342655181884766
2007-10-15,31.8160457611084
2007-10-16,31.06374740600586
2007-10-17,31.446165084838867
2007-10-18,31.559009552001953
2007-10-19,30.95716667175293
2007-10-22,31.001056671142578
2007-10-23,31.91008949279785
2007-10-24,31.164052963256836
2007-10-25,31.195396423339844
2007-10-26,31.251808166503906
2007-10-29,31.233016967773438
2007-10-30,31.095094680786133
2007-10-31,31.75962257385254
2007-11-01,30.317724227905273
2007-11-02,30.75656509399414
2007-11-05,30.637439727783203
2007-11-06,31.095094680786133
2007-11-07,29.759754180908203
2007-11-08,29.966638565063477
2007-11-09,28.49964141845703
2007-11-12,27.502843856811523
2007-11-13,28.34920310974121
2007-11-14,28.16739273071289
2007-11-15,27.94169807434082
2007-11-16,28.512205123901367
2007-11-19,27.45270347595215
2007-11-20,27.3022518157959
2007-11-21,27.089092254638672
2007-11-23,27.94169807434082
2007-11-26,26.81324577331543
2007-11-27,27.565549850463867
2007-11-28,29.007463455200195
2007-11-29,29.05760955810547
2007-11-30,29.440038681030273
2007-12-03,29.045087814331055
2007-12-04,29.201807022094727
2007-12-05,30.154708862304688
2007-12-06,31.038667678833008
2007-12-07,30.70012664794922
2007-12-10,31.546466827392578
2007-12-11,30.004262924194336
2007-12-12,30.794170379638672
2007-12-13,30.857177734375
2007-12-14,30.334186553955078
2007-12-17,29.779682159423828
2007-12-18,29.82378578186035
2007-12-19,29.874189376831055
2007-12-20,29.981319427490234
2007-12-21,30.466501235961914
2007-12-24,30.64293670654297
2007-12-26,30.636640548706055
2007-12-27,30.132539749145508
2007-12-28,30.460214614868164
2007-12-31,29.67884063720703
2008-01-02,28.733665466308594
2008-01-03,29.269271850585938
2008-01-04,28.336685180664062
2008-01-07,28.286279678344727
2008-01-08,28.01531982421875
2008-01-09,28.41229820251465
2008-01-10,28.865999221801758
2008-01-11,28.36818504333496
2008-01-14,28.664339065551758
2008-01-15,27.83258056640625
2008-01-16,27.857791900634766
2008-01-17,26.5660400390625
2008-01-18,26.849597930908203
2008-01-22,26.31399154663086
2008-01-23,27.139446258544922
2008-01-24,26.72357177734375
2008-01-25,26.124948501586914
2008-01-28,26.90631103515625
2008-01-29,27.4293155670166
2008-01-30,27.530126571655273
2008-01-31,27.83258056640625
2008-02-01,28.99201011657715
2008-02-04,28.94791603088379
2008-02-05,28.437511444091797
2008-02-06,28.7210750579834
2008-02-07,28.809280395507812
2008-02-08,29.067636489868164
2008-02-11,29.615840911865234
2008-02-12,29.615840911865234
2008-02-13,29.43939781188965
2008-02-14,28.77777671813965
2008-02-15,28.99832534790039
2008-02-19,29.067636489868164
2008-02-20,29.82378578186035
2008-02-21,28.98571014404297
2008-02-22,29.313385009765625
2008-02-25,29.62213897705078
2008-02-26,29.307083129882812
2008-02-27,29.95611000061035
2008-02-28,29.401601791381836
2008-02-29,28.519420623779297
2008-03-03,28.702159881591797
2008-03-04,27.870397567749023
2008-03-05,29.099130630493164
2008-03-06,28.94159507751465
2008-03-07,28.954200744628906
2008-03-10,27.44191551208496
2008-03-11,29.092838287353516
2008-03-12,29.54652976989746
2008-03-13,29.288179397583008
2008-03-14,28.36818504333496
2008-03-17,27.28437042236328
2008-03-18,29.0172176361084
2008-03-19,27.64985466003418
2008-03-20,28.54461669921875
2008-03-24,28.65175437927246
2008-03-25,29.048736572265625
2008-03-26,28.399703979492188
2008-03-27,28.355592727661133
2008-03-28,27.738075256347656
2008-03-31,28.494224548339844
2008-04-01,30.71855926513672
2008-04-02,31.38649559020996
2008-04-03,31.726762771606445
2008-04-04,32.86098861694336
2008-04-07,33.50371551513672
2008-04-08,32.6656379699707
2008-04-09,32.533321380615234
2008-04-10,32.400997161865234
2008-04-11,31.934694290161133
2008-04-14,32.155242919921875
2008-04-15,32.306461334228516
2008-04-16,34.08970642089844
2008-04-17,33.188636779785156
2008-04-18,33.6234245300293
2008-04-21,33.680137634277344
2008-04-22,33.25165557861328
2008-04-23,33.16973114013672
2008-04-24,32.703453063964844
2008-04-25,32.804264068603516
2008-04-28,33.46589660644531
2008-04-29,32.79796600341797
2008-04-30,32.27497100830078
2008-05-01,32.533321380615234
2008-05-02,33.08152770996094
2008-05-05,32.671939849853516
2008-05-06,33.95740509033203
2008-05-07,33.207542419433594
2008-05-08,33.604522705078125
2008-05-09,33.25165557861328
2008-05-12,33.50371551513672
2008-05-13,33.850276947021484
2008-05-14,33.806156158447266
2008-05-15,34.96559524536133
2008-05-16,35.494895935058594
2008-05-19,34.990787506103516
2008-05-20,34.70094680786133
2008-05-21,33.64863204956055
2008-05-22,33.5919189453125
2008-05-23,33.25165557861328
2008-05-27,33.13823699951172
2008-05-28,33.61713409423828
2008-05-29,34.0708122253418
2008-05-30,34.21574401855469
2008-06-02,32.89878845214844
2008-06-03,32.2686653137207
2008-06-04,32.14265060424805
2008-06-05,32.640438079833984
2008-06-06,31.76456069946289
2008-06-09,31.94099235534668
2008-06-10,31.972505569458008
2008-06-11,30.699647903442383
2008-06-12,30.951704025268555
2008-06-13,31.65744400024414
2008-06-16,32.05442428588867
2008-06-17,32.28755569458008
2008-06-18,31.972505569458008
2008-06-19,31.625932693481445
2008-06-20,30.516925811767578
2008-06-23,30.529523849487305
2008-06-24,30.365673065185547
2008-06-25,30.844573974609375
2008-06-26,29.237773895263672
2008-06-27,29.4330997467041
2008-06-30,29.578035354614258
2008-07-01,29.124343872070312
2008-07-02,28.56983757019043
2008-07-03,27.97751808166504
2008-07-07,27.44191551208496
2008-07-08,28.42491340637207
2008-07-09,27.523818969726562
2008-07-10,27.467117309570312
2008-07-11,27.448217391967773
2008-07-14,26.90631103515625
2008-07-15,26.8306884765625
2008-07-16,27.026033401489258
2008-07-17,28.65175437927246
2008-07-18,27.91451072692871
2008-07-21,27.624650955200195
2008-07-22,27.971210479736328
2008-07-23,28.56983757019043
2008-07-24,27.549039840698242
2008-07-25,27.467117309570312
2008-07-28,26.61644744873047
2008-07-29,27.681364059448242
2008-07-30,28.702159881591797
2008-07-31,28.21066665649414
2008-08-01,27.83888816833496
2008-08-04,27.64985466003418
2008-08-05,27.517526626586914
2008-08-06,28.25477409362793
2008-08-07,27.252870559692383
2008-08-08,28.22327423095703
2008-08-11,29.010915756225586
2008-08-12,28.103546142578125
2008-08-13,27.454513549804688
2008-08-14,26.937814712524414
2008-08-15,27.61834716796875
2008-08-18,26.849597930908203
2008-08-19,26.547138214111328
2008-08-20,27.01972198486328
2008-08-21,27.089031219482422
2008-08-22,27.675045013427734
2008-08-25,26.97562599182129
2008-08-26,27.44191551208496
2008-08-27,27.637248992919922
2008-08-28,29.307083129882812
2008-08-29,29.168447494506836
2008-09-02,28.954200744628906
2008-09-03,28.53834342956543
2008-09-04,27.063833236694336
2008-09-05,28.56983757019043
2008-09-08,29.11174774169922
2008-09-09,27.706560134887695
2008-09-10,26.515626907348633
2008-09-11,26.742475509643555
2008-09-12,26.79918098449707
2008-09-15,25.532630920410156
2008-09-16,25.034832000732422
2008-09-17,23.61075210571289
2008-09-18,24.574846267700195
2008-09-19,27.7254695892334
2008-09-22,25.853992462158203
2008-09-23,25.620845794677734
2008-09-24,26.90631103515625
2008-09-25,27.61834716796875
2008-09-26,27.089031219482422
2008-09-29,25.835084915161133
2008-09-30,28.632844924926758
2008-10-01,26.162755966186523
2008-10-02,24.48663330078125
2008-10-03,24.203081130981445
2008-10-06,24.2786865234375
2008-10-07,22.905017852783203
2008-10-08,22.369413375854492
2008-10-09,20.649168014526367
2008-10-10,20.056852340698242
2008-10-13,22.558454513549805
2008-10-14,22.68448257446289
2008-10-15,20.195486068725586
2008-10-16,19.533855438232422
2008-10-17,19.685081481933594
2008-10-20,19.987539291381836
2008-10-21,19.16207504272461
2008-10-22,17.567859649658203
2008-10-23,13.925745010375977
2008-10-24,14.032872200012207
2008-10-27,14.436150550842285
2008-10-28,16.389530181884766
2008-10-29,16.559659957885742
2008-10-30,16.553367614746094
2008-10-31,16.91252899169922
2008-11-03,17.328420639038086
2008-11-04,17.599365234375
2008-11-05,17.55525779724121
2008-11-06,14.845726013183594
2008-11-07,15.003256797790527
2008-11-10,14.536971092224121
2008-11-11,12.602482795715332
2008-11-12,11.562780380249023
2008-11-13,12.911243438720703
2008-11-14,12.526873588562012
2008-11-17,11.102788925170898
2008-11-18,11.052379608154297
2008-11-19,9.017074584960938
2008-11-20,8.512978553771973
2008-11-21,9.17461109161377
2008-11-24,10.3655424118042
2008-11-25,10.132397651672363
2008-11-26,12.224411010742188
2008-11-28,12.318928718566895
2008-12-01,10.535674095153809
2008-12-02,11.487165451049805
2008-12-03,10.901147842407227
2008-12-04,10.775126457214355
2008-12-05,11.688804626464844
2008-12-08,12.722213745117188
2008-12-09,12.110987663269043
2008-12-10,12.722213745117188
2008-12-11,11.85263729095459
2008-12-12,12.161401748657227
2008-12-15,11.966055870056152
2008-12-16,12.829331398010254
2008-12-17,13.396445274353027
2008-12-18,12.58358383178711
2008-12-19,13.21370792388916
2008-12-22,12.533172607421875
2008-12-23,11.890445709228516
2008-12-24,12.066879272460938
2008-12-26,11.909347534179688
2008-12-29,11.625789642333984
2008-12-30,11.92194938659668
2008-12-31,12.476459503173828
2009-01-02,13.553969383239746
2009-01-05,13.188502311706543
2009-01-06,14.253409385681152
2009-01-07,13.207401275634766
2009-01-08,13.056175231933594
2009-01-09,12.797821998596191
2009-01-12,12.218110084533691
2009-01-13,12.489063262939453
2009-01-14,11.348538398742676
2009-01-15,11.619491577148438
2009-01-16,11.70770263671875
2009-01-20,10.712114334106445
2009-01-21,11.739212989807129
2009-01-22,11.29813003540039
2009-01-23,11.222511291503906
2009-01-26,10.964160919189453
2009-01-27,11.083884239196777
2009-01-28,11.846334457397461
2009-01-29,10.724713325500488
2009-01-30,10.03157901763916
2009-02-02,9.697609901428223
2009-02-03,9.451864242553711
2009-02-04,9.445564270019531
2009-02-05,9.924456596374512
2009-02-06,10.264724731445312
2009-02-09,10.686905860900879
2009-02-10,10.145001411437988
2009-02-11,10.176506042480469
2009-02-12,10.176506042480469
2009-02-13,9.867745399475098
2009-02-17,9.023377418518066
2009-02-18,9.760626792907715
2009-02-19,9.124201774597168
2009-02-20,9.017074584960938
2009-02-23,8.796534538269043
2009-02-24,10.044181823730469
2009-02-25,10.113496780395508
2009-02-26,9.521178245544434
2009-02-27,9.218718528747559
2009-03-02,7.4795732498168945
2009-03-03,7.309443473815918
2009-03-04,7.630804538726807
2009-03-05,7.139307498931885
2009-03-06,6.836848258972168
2009-03-09,6.893558025360107
2009-03-10,7.971070289611816
2009-03-11,8.008882522583008
2009-03-12,8.41845989227295
2009-03-13,8.72722053527832
2009-03-16,8.336546897888184
2009-03-17,8.538187980651855
2009-03-18,8.670509338378906
2009-03-19,8.197918891906738
2009-03-20,7.712722301483154
2009-03-23,9.162005424499512
2009-03-24,8.720919609069824
2009-03-25,8.91625690460205
2009-03-26,10.113496780395508
2009-03-27,9.64720344543457
2009-03-30,8.689414024353027
2009-03-31,9.382548332214355
2009-04-01,9.61569595336914
2009-04-02,10.271024703979492
2009-04-03,10.61129379272461
2009-04-06,10.630196571350098
2009-04-07,10.264724731445312
2009-04-08,10.409651756286621
2009-04-09,11.934554100036621
2009-04-13,12.306327819824219
2009-04-14,11.392647743225098
2009-04-15,11.657299995422363
2009-04-16,11.78962516784668
2009-04-17,11.594286918640137
2009-04-20,10.806632041931152
2009-04-21,11.41784954071045
2009-04-22,11.714010238647461
2009-04-23,12.400847434997559
2009-04-24,13.13808536529541
2009-04-27,12.652894020080566
2009-04-28,12.58358383178711
2009-04-29,12.879738807678223
2009-04-30,13.37753677368164
2009-05-01,13.654793739318848
2009-05-04,15.204898834228516
2009-05-05,14.845726013183594
2009-05-06,15.501057624816895
2009-05-07,14.417240142822266
2009-05-08,15.891735076904297
2009-05-11,15.400235176086426
2009-05-12,14.266013145446777
2009-05-13,12.791518211364746
2009-05-14,13.188502311706543
2009-05-15,12.501663208007812
2009-05-18,13.22000503540039
2009-05-19,13.18220329284668
2009-05-20,12.911243438720703
2009-05-21,12.287423133850098
2009-05-22,12.312628746032715
2009-05-26,12.602482795715332
2009-05-27,12.079482078552246
2009-05-28,12.70960521697998
2009-05-29,13.15699577331543
2009-06-01,13.71780776977539
2009-06-02,13.793423652648926
2009-06-03,13.459456443786621
2009-06-04,13.913145065307617
2009-06-05,13.913145065307617
2009-06-08,13.673696517944336
2009-06-09,14.127387046813965
2009-06-10,14.448755264282227
2009-06-11,15.33091926574707
2009-06-12,14.952848434448242
2009-06-15,14.53066349029541
2009-06-16,14.385741233825684
2009-06-17,13.938342094421387
2009-06-18,13.85013198852539
2009-06-19,13.8627347946167
2009-06-22,13.11918830871582
2009-06-23,12.986860275268555
2009-06-24,13.018362998962402
2009-06-25,13.24521255493164
2009-06-26,13.440546035766602
2009-06-29,13.358633995056152
2009-06-30,13.289321899414062
2009-07-01,13.50986099243164
2009-07-02,12.627689361572266
2009-07-06,12.318928718566895
2009-07-07,11.934554100036621
2009-07-08,11.499770164489746
2009-07-09,11.795928001403809
2009-07-10,11.739212989807129
2009-07-13,12.224411010742188
2009-07-14,12.274818420410156
2009-07-15,12.854537963867188
2009-07-16,12.917542457580566
2009-07-17,12.753715515136719
2009-07-20,13.081379890441895
2009-07-21,13.125483512878418
2009-07-22,13.440546035766602
2009-07-23,14.707100868225098
2009-07-24,14.990659713745117
2009-07-27,15.173394203186035
2009-07-28,15.198596954345703
2009-07-29,14.631486892700195
2009-07-30,15.097779273986816
2009-07-31,15.438045501708984
2009-08-03,15.784611701965332
2009-08-04,15.961045265197754
2009-08-05,16.288719177246094
2009-08-06,16.187896728515625
2009-08-07,16.29500961303711
2009-08-10,16.162691116333008
2009-08-11,15.538860321044922
2009-08-12,16.2067928314209
2009-08-13,16.59117317199707
2009-08-14,16.29500961303711
2009-08-17,15.349823951721191
2009-08-18,15.582969665527344
2009-08-19,15.778312683105469
2009-08-20,15.778312683105469
2009-08-21,16.11227798461914
2009-08-24,15.954747200012207
2009-08-25,16.13117218017578
2009-08-26,16.150083541870117
2009-08-27,16.10597801208496
2009-08-28,15.601880073547363
2009-08-31,15.671188354492188
2009-09-01,14.889841079711914
2009-09-02,14.782711029052734
2009-09-03,14.776409149169922
2009-09-04,15.097779273986816
2009-09-08,15.69009780883789
2009-09-09,15.639683723449707
2009-09-10,15.797209739685059
2009-09-11,15.93584156036377
2009-09-14,16.238309860229492
2009-09-15,16.061864852905273
2009-09-16,16.19419288635254
2009-09-17,16.23199462890625
2009-09-18,15.998857498168945
2009-09-21,16.030366897583008
2009-09-22,16.093372344970703
2009-09-23,15.885429382324219
2009-09-24,15.469550132751465
2009-09-25,15.211197853088379
2009-09-28,15.753108978271484
2009-09-29,15.614480972290039
2009-09-30,15.576675415039062
2009-10-01,14.612577438354492
2009-10-02,14.486557006835938
2009-10-05,14.971752166748047
2009-10-06,15.179697036743164
2009-10-07,15.015865325927734
2009-10-08,15.312019348144531
2009-10-09,15.412840843200684
2009-10-12,15.734198570251465
2009-10-13,16.0429630279541
2009-10-14,16.39583969116211
2009-10-15,16.402132034301758
2009-10-16,15.69009780883789
2009-10-19,15.715296745300293
2009-10-20,15.198596954345703
2009-10-21,15.217496871948242
2009-10-22,15.50736141204834
2009-10-23,15.267909049987793
2009-10-26,15.154491424560547
2009-10-27,14.776409149169922
2009-10-28,14.354230880737305
2009-10-29,14.87093448638916
2009-10-30,14.158888816833496
2009-11-02,14.373137474060059
2009-11-03,14.291214942932129
2009-11-04,14.240808486938477
2009-11-05,14.423547744750977
2009-11-06,14.373137474060059
2009-11-09,14.700800895690918
2009-11-10,14.492855072021484
2009-11-11,14.505457878112793
2009-11-12,14.27861499786377
2009-11-13,14.165192604064941
2009-11-16,14.473958015441895
2009-11-17,14.486557006835938
2009-11-18,14.303823471069336
2009-11-19,13.995062828063965
2009-11-20,13.806017875671387
2009-11-23,13.8627347946167
2009-11-24,13.85643482208252
2009-11-25,13.91944408416748
2009-11-27,13.459456443786621
2009-11-30,13.560275077819824
2009-12-01,14.215609550476074
2009-12-02,14.373137474060059
2009-12-03,14.404640197753906
2009-12-04,14.751209259033203
2009-12-07,14.606285095214844
2009-12-08,14.492855072021484
2009-12-09,14.291214942932129
2009-12-10,14.07067584991455
2009-12-11,14.165192604064941
2009-12-14,14.398344993591309
2009-12-15,14.133683204650879
2009-12-16,14.59997844696045
2009-12-17,14.42984676361084
2009-12-18,14.562171936035156
2009-12-21,14.94654369354248
2009-12-22,15.167093276977539
2009-12-23,15.192290306091309
2009-12-24,15.444347381591797
2009-12-28,15.312019348144531
2009-12-29,15.293110847473145
2009-12-30,15.129281997680664
2009-12-31,14.990659713745117
2010-01-04,15.595573425292969
2010-01-05,15.841322898864746
2010-01-06,16.33281898498535
2010-01-07,16.23199462890625
2010-01-08,16.187896728515625
2010-01-11,16.288719177246094
2010-01-12,15.986252784729004
2010-01-13,16.15638542175293
2010-01-14,16.04926300048828
2010-01-15,15.633392333984375
2010-01-19,15.721599578857422
2010-01-20,15.627082824707031
2010-01-21,15.444347381591797
2010-01-22,14.852021217346191
2010-01-25,15.053666114807129
2010-01-26,14.55587387084961
2010-01-27,14.53066349029541
2010-01-28,14.385741233825684
2010-01-29,14.07067584991455
2010-02-01,14.536971092224121
2010-02-02,14.795318603515625
2010-02-03,14.69449234008789
2010-02-04,13.736708641052246
2010-02-05,13.831221580505371
2010-02-08,13.686301231384277
2010-02-09,13.8627347946167
2010-02-10,13.730409622192383
2010-02-11,13.913145065307617
2010-02-12,13.749309539794922
2010-02-16,14.146282196044922
2010-02-17,14.436150550842285
2010-02-18,14.549565315246582
2010-02-19,14.612577438354492
2010-02-22,14.74490737915039
2010-02-23,14.284918785095215
2010-02-24,14.53066349029541
2010-02-25,14.700800895690918
2010-02-26,14.959146499633789
2010-03-01,15.356130599975586
2010-03-02,15.456957817077637
2010-03-03,15.444347381591797
2010-03-04,15.412840843200684
2010-03-05,15.721599578857422
2010-03-08,15.740506172180176
2010-03-09,15.841322898864746
2010-03-10,15.765706062316895
2010-03-11,15.948446273803711
2010-03-12,15.916938781738281
2010-03-15,15.790913581848145
2010-03-16,15.967347145080566
2010-03-17,16.1248779296875
2010-03-18,16.10597801208496
2010-03-19,15.986252784729004
2010-03-22,16.13748550415039
2010-03-23,16.269807815551758
2010-03-24,16.093372344970703
2010-03-25,15.916938781738281
2010-03-26,15.853927612304688
2010-03-29,15.753108978271484
2010-03-30,15.772010803222656
2010-03-31,15.633392333984375
2010-04-01,15.979952812194824
2010-04-05,16.10597801208496
2010-04-06,16.326520919799805
2010-04-07,16.13117218017578
2010-04-08,16.06816864013672
2010-04-09,16.118572235107422
2010-04-12,16.91252899169922
2010-04-13,17.0196533203125
2010-04-14,17.485946655273438
2010-04-15,17.674983978271484
2010-04-16,16.8873291015625
2010-04-19,16.994449615478516
2010-04-20,17.0196533203125
2010-04-21,16.799110412597656
2010-04-22,16.717193603515625
2010-04-23,16.76759910583496
2010-04-26,16.547061920166016
2010-04-27,15.998857498168945
2010-04-28,15.860221862792969
2010-04-29,16.320219039916992
2010-04-30,15.948446273803711
2010-05-03,16.320219039916992
2010-05-04,15.658585548400879
2010-05-05,15.582969665527344
2010-05-06,14.902437210083008
2010-05-07,14.410942077636719
2010-05-10,15.198596954345703
2010-05-11,14.959146499633789
2010-05-12,15.393935203552246
2010-05-13,15.192290306091309
2010-05-14,14.707100868225098
2010-05-17,14.618886947631836
2010-05-18,14.202999114990234
2010-05-19,14.02026081085205
2010-05-20,13.23890495300293
2010-05-21,13.982460021972656
2010-05-24,13.402745246887207
2010-05-25,13.516169548034668
2010-05-26,13.308223724365234
2010-05-27,13.982460021972656
2010-05-28,13.812325477600098
2010-06-01,13.056175231933594
2010-06-02,13.54766845703125
2010-06-03,13.270416259765625
2010-06-04,12.867140769958496
2010-06-07,12.545774459838867
2010-06-08,12.671797752380371
2010-06-09,12.74741268157959
2010-06-10,13.144391059875488
2010-06-11,13.308223724365234
2010-06-14,13.396445274353027
2010-06-15,13.736708641052246
2010-06-16,13.585480690002441
2010-06-17,13.686301231384277
2010-06-18,13.616984367370605
2010-06-21,13.50986099243164
2010-06-22,13.264111518859863
2010-06-23,13.352335929870605
2010-06-24,13.100282669067383
2010-06-25,13.23890495300293
2010-06-28,12.99946403503418
2010-06-29,12.46385669708252
2010-06-30,12.293723106384277
2010-07-01,12.230710983276367
2010-07-02,11.903047561645508
2010-07-06,12.003867149353027
2010-07-07,12.35673713684082
2010-07-08,12.715906143188477
2010-07-09,12.86083698272705
2010-07-12,12.87343978881836
2010-07-13,13.251510620117188
2010-07-14,13.163294792175293
2010-07-15,13.112882614135742
2010-07-16,12.495362281799316
2010-07-19,12.539474487304688
2010-07-20,12.87343978881836
2010-07-21,12.564676284790039
2010-07-22,13.434247016906738
2010-07-23,13.560275077819824
2010-07-26,13.85643482208252
2010-07-27,13.913145065307617
2010-07-28,13.837522506713867
2010-07-29,13.875337600708008
2010-07-30,13.91944408416748
2010-08-02,14.436150550842285
2010-08-03,14.3605375289917
2010-08-04,14.259710311889648
2010-08-05,14.234508514404297
2010-08-06,13.616984367370605
2010-08-09,13.906845092773438
2010-08-10,13.818624496459961
2010-08-11,13.37753677368164
2010-08-12,13.251510620117188
2010-08-13,13.125483512878418
2010-08-16,13.030967712402344
2010-08-17,13.188502311706543
2010-08-18,13.295620918273926
2010-08-19,12.949052810668945
2010-08-20,12.835631370544434
2010-08-23,12.78521728515625
2010-08-24,12.65919303894043
2010-08-25,12.728511810302734
2010-08-26,12.690698623657227
2010-08-27,13.371237754821777
2010-08-30,13.18220329284668
2010-08-31,13.453155517578125
2010-09-01,14.013967514038086
2010-09-02,14.297517776489258
2010-09-03,14.55587387084961
2010-09-07,14.297517776489258
2010-09-08,14.492855072021484
2010-09-09,14.656692504882812
2010-09-10,14.581076622009277
2010-09-13,15.110382080078125
2010-09-14,14.852021217346191
2010-09-15,14.959146499633789
2010-09-16,14.845726013183594
2010-09-17,14.839420318603516
2010-09-20,15.154491424560547
2010-09-21,15.028462409973145
2010-09-22,14.69449234008789
2010-09-23,14.34792423248291
2010-09-24,14.91504192352295
2010-09-27,14.921342849731445
2010-09-28,14.990659713745117
2010-09-29,14.883537292480469
2010-09-30,14.883537292480469
2010-10-01,14.990659713745117
2010-10-04,14.776409149169922
2010-10-05,15.129281997680664
2010-10-06,15.249008178710938
2010-10-07,15.185992240905762
2010-10-08,15.463253021240234
2010-10-11,15.475852012634277
2010-10-12,15.608182907104492
2010-10-13,15.961045265197754
2010-10-14,15.772010803222656
2010-10-15,15.790913581848145
2010-10-18,15.961045265197754
2010-10-19,15.582969665527344
2010-10-20,15.822423934936523
2010-10-21,15.759404182434082
2010-10-22,15.816122055053711
2010-10-25,15.910645484924316
2010-10-26,15.910645484924316
2010-10-27,15.860221862792969
2010-10-28,15.740506172180176
2010-10-29,16.017765045166016
2010-11-01,16.15638542175293
2010-11-02,16.29500961303711
2010-11-03,16.534460067749023
2010-11-04,17.0196533203125
2010-11-05,17.202394485473633
2010-11-08,17.158288955688477
2010-11-09,16.736099243164062
2010-11-10,17.20868682861328
2010-11-11,17.076374053955078
2010-11-12,16.792816162109375
2010-11-15,16.8369197845459
2010-11-16,16.477745056152344
2010-11-17,16.47144889831543
2010-11-18,16.81171226501465
2010-11-19,17.013349533081055
2010-11-22,16.931442260742188
2010-11-23,16.477745056152344
2010-11-24,16.91252899169922
2010-11-26,16.673091888427734
2010-11-29,16.54076385498047
2010-11-30,16.35802459716797
2010-12-01,16.91252899169922
2010-12-02,17.271711349487305
2010-12-03,17.120481491088867
2010-12-06,17.353618621826172
2010-12-07,17.290605545043945
2010-12-08,17.47964859008789
2010-12-09,17.96484375
2010-12-10,17.920726776123047
2010-12-13,17.813613891601562
2010-12-14,17.77580451965332
2010-12-15,17.80759048461914
2010-12-16,18.011035919189453
2010-12-17,18.15726661682129
2010-12-20,18.424280166625977
2010-12-21,18.72944450378418
2010-12-22,18.76759147644043
2010-12-23,18.640438079833984
2010-12-27,18.697660446166992
2010-12-28,18.608640670776367
2010-12-29,18.76759147644043
2010-12-30,18.551433563232422
2010-12-31,18.551433563232422
2011-01-03,19.14904022216797
2011-01-04,18.926536560058594
2011-01-05,19.199907302856445
2011-01-06,19.37155532836914
2011-01-07,19.212617874145508
2011-01-10,19.193540573120117
2011-01-11,19.447847366333008
2011-01-12,19.803876876831055
2011-01-13,20.013683319091797
2011-01-14,20.2489013671875
2011-01-18,20.13446807861328
2011-01-19,19.854740142822266
2011-01-20,19.714872360229492
2011-01-21,20.29976463317871
2011-01-24,20.376060485839844
2011-01-25,19.97553253173828
2011-01-26,20.109037399291992
2011-01-27,20.598575592041016
2011-01-28,20.198047637939453
2011-01-31,20.674861907958984
2011-02-01,21.412343978881836
2011-02-02,21.170753479003906
2011-02-03,21.164392471313477
2011-02-04,21.177114486694336
2011-02-07,21.545852661132812
2011-02-08,21.46955680847168
2011-02-09,21.31698226928711
2011-02-10,21.475919723510742
2011-02-11,21.774721145629883
2011-02-14,21.768369674682617
2011-02-15,21.57763671875
2011-02-16,21.717512130737305
2011-02-17,21.72386932373047
2011-02-18,21.647573471069336
2011-02-22,20.363340377807617
2011-02-23,20.12810516357422
2011-02-24,20.420564651489258
2011-02-25,20.960962295532227
2011-02-28,21.062673568725586
2011-03-01,20.490493774414062
2011-03-02,20.61764144897461
2011-03-03,20.776588439941406
2011-03-04,20.598575592041016
2011-03-07,20.490493774414062
2011-03-08,21.35512924194336
2011-03-09,21.33605194091797
2011-03-10,21.145320892333984
2011-03-11,21.425058364868164
2011-03-14,21.755645751953125
2011-03-15,21.647573471069336
2011-03-16,21.393268585205078
2011-03-17,21.67936134338379
2011-03-18,21.914594650268555
2011-03-21,22.62027931213379
2011-03-22,22.276975631713867
2011-03-23,22.652069091796875
2011-03-24,23.22425079345703
2011-03-25,23.287837982177734
2011-03-28,23.33233642578125
2011-03-29,23.910871505737305
2011-03-30,23.783720016479492
2011-03-31,23.866363525390625
2011-04-01,24.22239875793457
2011-04-04,24.807289123535156
2011-04-05,24.330474853515625
2011-04-06,23.898160934448242
2011-04-07,23.75193977355957
2011-04-08,23.395904541015625
2011-04-11,23.586637496948242
2011-04-12,23.1416072845459
2011-04-13,22.880943298339844
2011-04-14,22.442272186279297
2011-04-15,22.766510009765625
2011-04-18,22.23247528076172
2011-04-19,22.8300838470459
2011-04-20,23.453128814697266
2011-04-21,23.69471549987793
2011-04-25,23.71379280090332
2011-04-26,23.860017776489258
2011-04-27,24.22875213623047
2011-04-28,24.451271057128906
2011-04-29,24.57841682434082
2011-05-02,24.18425178527832
2011-05-03,24.06981086730957
2011-05-04,23.357770919799805
2011-05-05,22.989023208618164
2011-05-06,23.071670532226562
2011-05-09,23.42133903503418
2011-05-10,23.771007537841797
2011-05-11,23.22425079345703
2011-05-12,23.33233642578125
2011-05-13,22.753793716430664
2011-05-16,22.747440338134766
2011-05-17,22.982667922973633
2011-05-18,23.61206817626953
2011-05-19,23.529417037963867
2011-05-20,23.22425079345703
2011-05-23,22.887311935424805
2011-05-24,22.569427490234375
2011-05-25,22.448637008666992
2011-05-26,22.543991088867188
2011-05-27,22.72200584411621
2011-05-31,22.543991088867188
2011-06-01,21.901878356933594
2011-06-02,22.226116180419922
2011-06-03,21.53949546813965
2011-06-06,21.005462646484375
2011-06-07,21.1834659576416
2011-06-08,21.049962997436523
2011-06-09,21.33605194091797
2011-06-10,21.12625503540039
2011-06-13,21.177114486694336
2011-06-14,21.437772750854492
2011-06-15,20.706655502319336
2011-06-16,20.93552589416504
2011-06-17,20.897380828857422
2011-06-20,20.910099029541016
2011-06-21,21.22797393798828
2011-06-22,20.814725875854492
2011-06-23,20.878311157226562
2011-06-24,20.414201736450195
2011-06-27,20.83380699157715
2011-06-28,21.19618797302246
2011-06-29,21.412343978881836
2011-06-30,21.67936134338379
2011-07-01,22.219757080078125
2011-07-05,22.073535919189453
2011-07-06,22.588499069213867
2011-07-07,22.791946411132812
2011-07-08,22.454986572265625
2011-07-11,21.819232940673828
2011-07-12,21.520421981811523
2011-07-13,21.92095375061035
2011-07-14,21.57128143310547
2011-07-15,21.59671401977539
2011-07-18,20.922807693481445
2011-07-19,21.164392471313477
2011-07-20,21.38690948486328
2011-07-21,21.978166580200195
2011-07-22,22.207040786743164
2011-07-25,21.870088577270508
2011-07-26,21.59035301208496
2011-07-27,20.992740631103516
2011-07-28,21.177114486694336
2011-07-29,21.405988693237305
2011-08-01,21.34876823425293
2011-08-02,20.445995330810547
2011-08-03,20.68122673034668
2011-08-04,19.129972457885742
2011-08-05,18.69129180908203
2011-08-08,16.383501052856445
2011-08-09,17.521503448486328
2011-08-10,16.80309295654297
2011-08-11,17.941099166870117
2011-08-12,17.979246139526367
2011-08-15,18.748512268066406
2011-08-16,18.430633544921875
2011-08-17,18.424280166625977
2011-08-18,17.178190231323242
2011-08-19,16.542436599731445
2011-08-22,16.656869888305664
2011-08-23,17.337135314941406
2011-08-24,17.78216552734375
2011-08-25,17.235416412353516
2011-08-26,17.81395149230957
2011-08-29,18.684940338134766
2011-08-30,18.735794067382812
2011-08-31,18.8375186920166
2011-09-01,18.246267318725586
2011-09-02,17.432493209838867
2011-09-06,17.34984016418457
2011-09-07,18.379776000976562
2011-09-08,17.756729125976562
2011-09-09,17.14004135131836
2011-09-12,17.470638275146484
2011-09-13,17.60414695739746
2011-09-14,18.176332473754883
2011-09-15,18.169973373413086
2011-09-16,18.10004234313965
2011-09-19,17.400712966918945
2011-09-20,17.540576934814453
2011-09-21,16.046545028686523
2011-09-22,14.984823226928711
2011-09-23,14.927608489990234
2011-09-26,15.118334770202637
2011-09-27,15.105622291564941
2011-09-28,14.647871017456055
2011-09-29,15.181913375854492
2011-09-30,14.418997764587402
2011-10-03,13.484436988830566
2011-10-04,14.196486473083496
2011-10-05,14.724163055419922
2011-10-06,15.11197566986084
2011-10-07,14.635159492492676
2011-10-10,15.16283893585205
2011-10-11,15.328134536743164
2011-10-12,15.747743606567383
2011-10-13,15.735021591186523
2011-10-14,16.173696517944336
2011-10-17,15.378996849060059
2011-10-18,16.084686279296875
2011-10-19,15.982966423034668
2011-10-20,16.332637786865234
2011-10-21,16.504287719726562
2011-10-24,17.006540298461914
2011-10-25,16.224557876586914
2011-10-26,16.73952293395996
2011-10-27,18.189050674438477
2011-10-28,18.030105590820312
2011-10-31,17.057397842407227
2011-11-01,15.868538856506348
2011-11-02,16.453432083129883
2011-11-03,16.491567611694336
2011-11-04,16.027467727661133
2011-11-07,16.364423751831055
2011-11-08,16.726797103881836
2011-11-09,14.679661750793457
2011-11-10,14.997537612915039
2011-11-11,15.309065818786621
2011-11-14,14.94667911529541
2011-11-15,15.239130020141602
2011-11-16,14.597012519836426
2011-11-17,13.86589241027832
2011-11-18,14.164695739746094
2011-11-21,13.662455558776855
2011-11-22,13.49079704284668
2011-11-23,12.982190132141113
2011-11-25,13.058478355407715
2011-11-28,13.846818923950195
2011-11-29,13.808671951293945
2011-11-30,14.889459609985352
2011-12-01,14.838602066040039
2011-12-02,15.099263191223145
2011-12-05,15.2454833984375
2011-12-06,15.15012264251709
2011-12-07,15.016613960266113
2011-12-08,14.310921669006348
2011-12-09,14.787737846374512
2011-12-12,14.469863891601562
2011-12-13,14.164695739746094
2011-12-14,14.16469669342041
2011-12-15,14.203275680541992
2011-12-16,14.171126365661621
2011-12-19,13.688898086547852
2011-12-20,14.711223602294922
2011-12-21,14.499045372009277
2011-12-22,14.762660026550293
2011-12-23,15.142012596130371
2011-12-27,14.743371963500977
2011-12-28,14.460468292236328
2011-12-29,14.563333511352539
2011-12-30,14.621208190917969
2012-01-03,15.44421100616455
2012-01-04,15.418490409851074
2012-01-05,15.450645446777344
2012-01-06,15.360629081726074
2012-01-09,15.50850772857666
2012-01-10,16.222213745117188
2012-01-11,16.31221580505371
2012-01-12,16.665861129760742
2012-01-13,16.363666534423828
2012-01-17,16.138626098632812
2012-01-18,17.23168182373047
2012-01-19,17.50815773010254
2012-01-20,17.611034393310547
2012-01-23,17.630319595336914
2012-01-24,17.771778106689453
2012-01-25,18.04182243347168
2012-01-26,18.266864776611328
2012-01-27,18.19614028930664
2012-01-30,18.0353946685791
2012-01-31,17.848939895629883
2012-02-01,18.27972412109375
2012-02-02,18.344026565551758
2012-02-03,19.032005310058594
2012-02-06,18.993427276611328
2012-02-07,18.877687454223633
2012-02-08,18.94198989868164
2012-02-09,18.9162654876709
2012-02-10,18.76195526123047
2012-02-13,19.10916519165039
2012-02-14,18.4083194732666
2012-02-15,18.292585372924805
2012-02-16,18.69765853881836
2012-02-17,18.877687454223633
2012-02-21,18.63336944580078
2012-02-22,18.31830406188965
2012-02-23,18.877687454223633
2012-02-24,18.51762580871582
2012-02-27,18.67836570739746
2012-02-28,18.61406898498535
2012-02-29,18.31830406188965
2012-03-01,18.24757957458496
2012-03-02,18.112558364868164
2012-03-05,17.90036964416504
2012-03-06,17.103084564208984
2012-03-07,17.128803253173828
2012-03-08,17.212390899658203
2012-03-09,17.334556579589844
2012-03-12,17.19310188293457
2012-03-13,17.681764602661133
2012-03-14,17.431001663208008
2012-03-15,17.514591217041016
2012-03-16,17.97752571105957
2012-03-19,18.33116912841797
2012-03-20,18.202571868896484
2012-03-21,17.86821937561035
2012-03-22,17.160951614379883
2012-03-23,17.283119201660156
2012-03-26,17.623891830444336
2012-03-27,17.353845596313477
2012-03-28,17.23168182373047
2012-03-29,16.935911178588867
2012-03-30,16.781599044799805
2012-04-02,16.710874557495117
2012-04-03,16.47939682006836
2012-04-04,15.939298629760742
2012-04-05,15.990740776062012
2012-04-09,15.64352798461914
2012-04-10,15.334906578063965
2012-04-11,15.341338157653809
2012-04-12,15.977882385253906
2012-04-13,15.527795791625977
2012-04-16,15.392778396606445
2012-04-17,15.617814064025879
2012-04-18,15.527795791625977
2012-04-19,15.637112617492676
2012-04-20,15.694982528686523
2012-04-23,15.450645446777344
2012-04-24,15.714271545410156
2012-04-25,15.932879447937012
2012-04-26,16.10004425048828
2012-04-27,16.132204055786133
2012-04-30,15.984305381774902
2012-05-01,16.395816802978516
2012-05-02,16.26721954345703
2012-05-03,16.01645278930664
2012-05-04,15.82357120513916
2012-05-07,15.765702247619629
2012-05-08,15.354202270507812
2012-05-09,15.232030868530273
2012-05-10,15.039141654968262
2012-05-11,14.98127555847168
2012-05-14,14.344730377197266
2012-05-15,14.138978958129883
2012-05-16,13.804631233215332
2012-05-17,13.76605224609375
2012-05-18,13.496006965637207
2012-05-21,13.553875923156738
2012-05-22,13.598877906799316
2012-05-23,13.663180351257324
2012-05-24,13.463859558105469
2012-05-25,13.521726608276367
2012-05-29,13.81105899810791
2012-05-30,13.373839378356934
2012-05-31,13.065215110778809
2012-06-01,12.85302734375
2012-06-04,12.756587982177734
2012-06-05,12.87232494354248
2012-06-06,13.283823013305664
2012-06-07,13.18737506866455
2012-06-08,13.348118782043457
2012-06-11,13.052355766296387
2012-06-12,13.399556159973145
2012-06-13,13.225955963134766
2012-06-14,13.335260391235352
2012-06-15,13.76605224609375
2012-06-18,13.553875923156738
2012-06-19,13.946084976196289
2012-06-20,13.84321117401123
2012-06-21,13.341690063476562
2012-06-22,13.618173599243164
2012-06-25,13.071640014648438
2012-06-26,13.033063888549805
2012-06-27,13.322403907775879
2012-06-28,13.296687126159668
2012-06-29,13.676036834716797
2012-07-02,13.84321117401123
2012-07-03,14.325437545776367
2012-07-05,13.759625434875488
2012-07-06,13.708187103271484
2012-07-09,13.708187103271484
2012-07-10,13.451001167297363
2012-07-11,13.907506942749023
2012-07-12,13.778913497924805
2012-07-13,14.35759162902832
2012-07-16,14.248281478881836
2012-07-17,14.216130256652832
2012-07-18,14.100400924682617
2012-07-19,14.113261222839355
2012-07-20,13.817496299743652
2012-07-23,13.701756477355957
2012-07-24,13.592452049255371
2012-07-25,13.502436637878418
2012-07-26,13.875356674194336
2012-07-27,14.37044906616211
2012-07-30,14.280434608459473
2012-07-31,13.939651489257812
2012-08-01,14.003954887390137
2012-08-02,13.219529151916504
2012-08-03,13.573161125183105
2012-08-06,13.907506942749023
2012-08-07,14.299721717834473
2012-08-08,14.293288230895996
2012-08-09,14.286864280700684
2012-08-10,14.26756763458252
2012-08-13,14.048967361450195
2012-08-14,13.991089820861816
2012-08-15,14.113261222839355
2012-08-16,14.286864280700684
2012-08-17,14.479759216308594
2012-08-20,14.286864280700684
2012-08-21,14.331868171691895
2012-08-22,14.280434608459473
2012-08-23,14.003954887390137
2012-08-24,14.106827735900879
2012-08-27,14.055397033691406
2012-08-28,14.029678344726562
2012-08-29,14.16469669342041
2012-08-30,13.688898086547852
2012-08-31,13.746764183044434
2012-09-04,13.573161125183105
2012-09-05,13.457427024841309
2012-09-06,13.830348014831543
2012-09-07,14.171126365661621
2012-09-10,14.048967361450195
2012-09-11,14.171126365661621
2012-09-12,14.306154251098633
2012-09-13,14.724082946777344
2012-09-14,15.360629081726074
2012-09-17,15.039141654968262
2012-09-18,15.039141654968262
2012-09-19,15.373486518859863
2012-09-20,15.26417350769043
2012-09-21,15.154875755310059
2012-09-24,15.367051124572754
2012-09-25,14.80766487121582
2012-09-26,14.80766487121582
2012-09-27,14.865533828735352
2012-09-28,14.62763500213623
2012-10-01,14.717658042907715
2012-10-02,14.769092559814453
2012-10-03,14.724082946777344
2012-10-04,14.904118537902832
2012-10-05,14.749804496765137
2012-10-08,14.685503005981445
2012-10-09,14.409028053283691
2012-10-10,14.235427856445312
2012-10-11,14.306154251098633
2012-10-12,14.222561836242676
2012-10-15,14.325437545776367
2012-10-16,14.428311347961426
2012-10-17,14.77552318572998
2012-10-18,14.839821815490723
2012-10-19,14.556914329528809
2012-10-22,14.60191822052002
2012-10-23,14.299721717834473
2012-10-24,14.261140823364258
2012-10-25,14.666217803955078
2012-10-26,14.473325729370117
2012-10-31,14.595494270324707
2012-11-01,14.769092559814453
2012-11-02,14.537622451782227
2012-11-05,14.640490531921387
2012-11-06,14.852681159973145
2012-11-07,13.984664916992188
2012-11-08,13.785341262817383
2012-11-09,14.016816139221191
2012-11-12,13.592452049255371
2012-11-13,13.341690063476562
2012-11-14,13.309545516967773
2012-11-15,13.180949211120605
2012-11-16,13.168087005615234
2012-11-19,13.41884994506836
2012-11-20,13.483146667480469
2012-11-21,13.515292167663574
2012-11-23,13.566733360290527
2012-11-26,13.42528247833252
2012-11-27,13.444562911987305
2012-11-28,13.676036834716797
2012-11-29,13.913938522338867
2012-11-30,14.241852760314941
2012-12-03,14.428311347961426
2012-12-04,14.78838062286377
2012-12-05,14.910542488098145
2012-12-06,14.859109878540039
2012-12-07,14.91698169708252
2012-12-10,14.949125289916992
2012-12-11,15.032711029052734
2012-12-12,15.309188842773438
2012-12-13,15.0882568359375
2012-12-14,15.120743751525879
2012-12-17,15.387165069580078
2012-12-18,15.76405143737793
2012-12-19,15.575605392456055
2012-12-20,15.725056648254395
2012-12-21,15.491132736206055
2012-12-24,15.56261157989502
2012-12-26,15.504132270812988
2012-12-27,15.419651985168457
2012-12-28,15.250707626342773
2012-12-31,15.458640098571777
2013-01-02,15.738055229187012
2013-01-03,15.653578758239746
2013-01-04,15.601603507995605
2013-01-07,15.471641540527344
2013-01-08,15.543116569519043
2013-01-09,15.49763011932373
2013-01-10,15.699071884155273
2013-01-11,15.7185640335083
2013-01-14,15.601603507995605
2013-01-15,15.653578758239746
2013-01-16,15.51062297821045
2013-01-17,15.575605392456055
2013-01-18,15.660083770751953
2013-01-22,15.874517440795898
2013-01-23,15.855016708374023
2013-01-24,16.114938735961914
2013-01-25,16.309877395629883
2013-01-28,16.27737808227539
2013-01-29,16.45932388305664
2013-01-30,16.439823150634766
2013-01-31,16.537296295166016
2013-02-01,16.439823150634766
2013-02-04,16.530811309814453
2013-02-05,16.7452392578125
2013-02-06,17.07663345336914
2013-02-07,17.34955596923828
2013-02-08,17.36903953552246
2013-02-11,17.271574020385742
2013-02-12,17.460012435913086
2013-02-13,17.576976776123047
2013-02-14,17.914875030517578
2013-02-15,17.583477020263672
2013-02-19,17.661447525024414
2013-02-20,17.778411865234375
2013-02-21,17.745925903320312
2013-02-22,18.298254013061523
2013-02-25,17.388534545898438
2013-02-26,17.697860717773438
2013-02-27,17.8380126953125
2013-02-28,17.951452255249023
2013-03-01,17.61779022216797
2013-03-04,17.26409149169922
2013-03-05,17.477643966674805
2013-03-06,17.61779022216797
2013-03-07,17.59775733947754
2013-03-08,17.797962188720703
2013-03-11,17.797962188720703
2013-03-12,17.944782257080078
2013-03-13,17.764591217041016
2013-03-14,18.18134307861328
2013-03-15,18.22816276550293
2013-03-18,17.826814651489258
2013-03-19,17.726469039916992
2013-03-20,17.87363624572754
2013-03-21,17.786666870117188
2013-03-22,17.94721221923828
2013-03-25,18.074308395385742
2013-03-26,18.315122604370117
2013-03-27,18.188030242919922
2013-03-28,18.348573684692383
2013-04-01,18.355257034301758
2013-04-02,18.30174446105957
2013-04-03,18.355257034301758
2013-04-04,18.729860305786133
2013-04-05,18.388713836669922
2013-04-08,18.683034896850586
2013-04-09,19.037561416625977
2013-04-10,19.492429733276367
2013-04-11,19.54595184326172
2013-04-12,19.418855667114258
2013-04-15,19.044248580932617
2013-04-16,19.78675079345703
2013-04-17,19.298442840576172
2013-04-18,19.131214141845703
2013-04-19,19.432220458984375
2013-04-22,19.559314727783203
2013-04-23,20.014188766479492
2013-04-24,20.268375396728516
2013-04-25,20.234935760498047
2013-04-26,20.061012268066406
2013-04-29,20.174728393554688
2013-04-30,20.663043975830078
2013-05-01,20.46906089782715
2013-05-02,20.803512573242188
2013-05-03,20.93060874938965
2013-05-06,21.32528305053711
2013-05-07,21.40555191040039
2013-05-08,21.539337158203125
2013-05-09,21.305212020874023
2013-05-10,21.20487403869629
2013-05-13,21.198179244995117
2013-05-14,21.305212020874023
2013-05-15,21.26508140563965
2013-05-16,21.20487403869629
2013-05-17,21.418928146362305
2013-05-20,21.318586349487305
2013-05-21,21.1179141998291
2013-05-22,20.923927307128906
2013-05-23,20.455671310424805
2013-05-24,20.50249671936035
2013-05-28,20.836963653564453
2013-05-29,20.709875106811523
2013-05-30,21.0844669342041
2013-05-31,20.990821838378906
2013-06-03,20.54263687133789
2013-06-04,20.00750160217285
2013-06-05,19.54595184326172
2013-06-06,19.639583587646484
2013-06-07,19.746620178222656
2013-06-10,19.566007614135742
2013-06-11,18.977354049682617
2013-06-12,18.56262969970703
2013-06-13,18.8730411529541
2013-06-14,18.611562728881836
2013-06-17,18.598161697387695
2013-06-18,18.343387603759766
2013-06-19,17.719873428344727
2013-06-20,17.036026000976562
2013-06-21,17.23715591430664
2013-06-24,16.714210510253906
2013-06-25,16.747724533081055
2013-06-26,16.767837524414062
2013-06-27,17.31090545654297
2013-06-28,17.579078674316406
2013-07-01,17.7332820892334
2013-07-02,17.505327224731445
2013-07-03,17.26396942138672
2013-07-05,17.518741607666016
2013-07-08,17.196924209594727
2013-07-09,17.498628616333008
2013-07-10,17.45839500427246
2013-07-11,17.961238861083984
2013-07-12,17.947824478149414
2013-07-15,17.941116333007812
2013-07-16,18.075212478637695
2013-07-17,18.336685180664062
2013-07-18,18.752363204956055
2013-07-19,18.557933807373047
2013-07-22,18.551227569580078
2013-07-23,18.6048641204834
2013-07-24,18.236120223999023
2013-07-25,18.249528884887695
2013-07-26,18.108734130859375
2013-07-29,17.726577758789062
2013-07-30,17.907602310180664
2013-07-31,17.988046646118164
2013-08-01,18.370208740234375
2013-08-02,18.162372589111328
2013-08-05,18.135549545288086
2013-08-06,17.941116333007812
2013-08-07,17.941116333007812
2013-08-08,18.061800003051758
2013-08-09,18.22271728515625
2013-08-12,17.9947566986084
2013-08-13,18.034984588623047
2013-08-14,17.914308547973633
2013-08-15,17.753393173217773
2013-08-16,17.827138900756836
2013-08-19,17.2237491607666
2013-08-20,17.33772087097168
2013-08-21,17.143291473388672
2013-08-22,17.183515548706055
2013-08-23,17.43828773498535
2013-08-26,17.257266998291016
2013-08-27,16.848302841186523
2013-08-28,16.694091796875
2013-08-29,16.81477165222168
2013-08-30,16.714210510253906
2013-09-03,17.10976791381836
2013-09-04,17.558969497680664
2013-09-05,17.659534454345703
2013-09-06,17.813735961914062
2013-09-09,18.276338577270508
2013-09-10,18.738950729370117
2013-09-11,18.665203094482422
2013-09-12,18.505950927734375
2013-09-13,18.71426010131836
2013-09-16,19.016637802124023
2013-09-17,18.848648071289062
2013-09-18,18.60674285888672
2013-09-19,18.55299186706543
2013-09-20,18.324514389038086
2013-09-23,18.16996192932129
2013-09-24,18.196842193603516
2013-09-25,18.33123779296875
2013-09-26,18.391714096069336
2013-09-27,18.344675064086914
2013-09-30,18.304359436035156
2013-10-01,18.40515899658203
2013-10-02,18.633621215820312
2013-10-03,18.351394653320312
2013-10-04,18.60002326965332
2013-10-07,18.378278732299805
2013-10-08,18.243881225585938
2013-10-09,18.40515899658203
2013-10-10,18.862083435058594
2013-10-11,19.339189529418945
2013-10-14,19.191356658935547
2013-10-15,18.828489303588867
2013-10-16,19.110713958740234
2013-10-17,19.103994369506836
2013-10-18,19.28542709350586
2013-10-21,19.339189529418945
2013-10-22,19.809558868408203
2013-10-23,19.70203971862793
2013-10-24,19.722204208374023
2013-10-25,19.58781623840332
2013-10-28,19.581098556518555
2013-10-29,19.36606788635254
2013-10-30,19.386226654052734
2013-10-31,19.04352378845215
2013-11-01,19.292150497436523
2013-11-04,19.574369430541992
2013-11-05,19.560937881469727
2013-11-06,19.5407772064209
2013-11-07,19.124155044555664
2013-11-08,19.406383514404297
2013-11-11,19.319021224975586
2013-11-12,18.929283142089844
2013-11-13,18.88897132873535
2013-11-14,18.85536766052246
2013-11-15,18.996479034423828
2013-11-18,18.969602584838867
2013-11-19,19.05023956298828
2013-11-20,18.707534790039062
2013-11-21,19.00992202758789
2013-11-22,19.413105010986328
2013-11-25,19.43326187133789
2013-11-26,19.27871322631836
2013-11-27,19.17791175842285
2013-11-29,19.25855827331543
2013-12-02,19.09056282043457
2013-12-03,18.680654525756836
2013-12-04,18.774736404418945
2013-12-05,18.66049575805664
2013-12-06,18.88897132873535
2013-12-09,18.841936111450195
2013-12-10,18.680654525756836
2013-12-11,18.210283279418945
2013-12-12,18.488449096679688
2013-12-13,18.320068359375
2013-12-16,18.481718063354492
2013-12-17,18.555805206298828
2013-12-18,18.798274993896484
2013-12-19,18.46150779724121
2013-12-20,18.82522201538086
2013-12-23,18.953189849853516
2013-12-24,19.020538330078125
2013-12-26,19.1215763092041
2013-12-27,18.98012924194336
2013-12-30,19.054214477539062
2013-12-31,19.08789825439453
2014-01-02,19.195663452148438
2014-01-03,19.108104705810547
2014-01-06,18.852161407470703
2014-01-07,18.805009841918945
2014-01-08,18.72418785095215
2014-01-09,18.798274993896484
2014-01-10,18.98012924194336
2014-01-13,18.4345703125
2014-01-14,18.59621810913086
2014-01-15,18.77133560180664
2014-01-16,18.757871627807617
2014-01-17,18.81848907470703
2014-01-21,19.168720245361328
2014-01-22,19.296688079833984
2014-01-23,18.932981491088867
2014-01-24,18.46150779724121
2014-01-27,18.2055606842041
2014-01-28,18.562536239624023
2014-01-29,18.414363861083984
2014-01-30,18.53559684753418
2014-01-31,18.40762710571289
2014-02-03,17.734102249145508
2014-02-04,17.96309471130371
2014-02-05,17.929418563842773
2014-02-06,18.185359954833984
2014-02-07,18.663564682006836
2014-02-10,18.953189849853516
2014-02-11,19.040748596191406
2014-02-12,18.98012924194336
2014-02-13,19.054214477539062
2014-02-14,18.946449279785156
2014-02-18,19.000333786010742
2014-02-19,18.602949142456055
2014-02-20,18.72418785095215
2014-02-21,18.82522201538086
2014-02-24,18.838695526123047
2014-02-25,18.852161407470703
2014-02-26,18.852161407470703
2014-02-27,18.959922790527344
2014-02-28,18.81848907470703
2014-03-03,18.562536239624023
2014-03-04,19.007070541381836
2014-03-05,18.85890007019043
2014-03-06,18.879098892211914
2014-03-07,18.757871627807617
2014-03-10,18.576007843017578
2014-03-11,18.138216018676758
2014-03-12,17.990039825439453
2014-03-13,17.70176124572754
2014-03-14,17.77602767944336
2014-03-17,17.816524505615234
2014-03-18,18.012317657470703
2014-03-19,17.924551010131836
2014-03-20,17.958303451538086
2014-03-21,18.329626083374023
2014-03-24,18.22835922241211
2014-03-25,18.356632232666016
2014-03-26,18.10683822631836
2014-03-27,18.046072006225586
2014-03-28,18.417394638061523
2014-03-31,18.90349006652832
2014-04-01,18.802221298217773
2014-04-02,18.721195220947266
2014-04-03,18.471399307250977
2014-04-04,18.248605728149414
2014-04-07,17.98531723022461
2014-04-08,17.803030014038086
2014-04-09,17.91779136657715
2014-04-10,17.816524505615234
2014-04-11,17.41145896911621
2014-04-14,17.424957275390625
2014-04-15,17.384450912475586
2014-04-16,17.55323028564453
2014-04-17,17.607242584228516
2014-04-21,17.580232620239258
2014-04-22,17.77602767944336
2014-04-23,17.722007751464844
2014-04-24,17.695009231567383
2014-04-25,17.357446670532227
2014-04-28,17.14141082763672
2014-04-29,17.283185958862305
2014-04-30,17.229175567626953
2014-05-01,17.30343246459961
2014-05-02,17.391206741333008
2014-05-05,17.262928009033203
2014-05-06,17.100894927978516
2014-05-07,17.337194442749023
2014-05-08,17.384450912475586
2014-05-09,17.283185958862305
2014-05-12,17.208925247192383
2014-05-13,17.208925247192383
2014-05-14,17.202167510986328
2014-05-15,16.986127853393555
2014-05-16,16.945627212524414
2014-05-19,16.938861846923828
2014-05-20,16.628313064575195
2014-05-21,16.587812423706055
2014-05-22,17.040136337280273
2014-05-23,17.15491485595703
2014-05-27,17.451961517333984
2014-05-28,17.391206741333008
2014-05-29,17.30343246459961
2014-05-30,17.316936492919922
2014-06-02,17.21567726135254
2014-06-03,16.87810516357422
2014-06-04,16.999624252319336
2014-06-05,17.31019401550293
2014-06-06,17.65450096130371
2014-06-09,17.75577163696289
2014-06-10,17.71526527404785
2014-06-11,17.472217559814453
2014-06-12,17.420106887817383
2014-06-13,17.440414428710938
2014-06-16,17.704347610473633
2014-06-17,17.954757690429688
2014-06-18,18.022432327270508
2014-06-19,18.056272506713867
2014-06-20,17.975069046020508
2014-06-23,17.934444427490234
2014-06-24,17.819406509399414
2014-06-25,17.880306243896484
2014-06-26,17.751720428466797
2014-06-27,17.69082260131836
2014-06-30,17.744958877563477
2014-07-01,17.63667869567871
2014-07-02,17.433645248413086
2014-07-03,17.521623611450195
2014-07-07,17.352436065673828
2014-07-08,17.14262580871582
2014-07-09,17.27798843383789
2014-07-10,17.27798843383789
2014-07-11,17.237375259399414
2014-07-14,17.332128524780273
2014-07-15,17.162933349609375
2014-07-16,17.115562438964844
2014-07-17,16.95313262939453
2014-07-18,17.129098892211914
2014-07-21,16.959901809692383
2014-07-22,17.0140438079834
2014-07-23,16.932830810546875
2014-07-24,17.162933349609375
2014-07-25,16.973440170288086
2014-07-28,16.95313262939453
2014-07-29,16.932830810546875
2014-07-30,16.93959617614746
2014-07-31,16.72303581237793
2014-08-01,16.614755630493164
2014-08-04,16.66888999938965
2014-08-05,16.560609817504883
2014-08-06,16.64858627319336
2014-08-07,16.47262191772461
2014-08-08,16.43878936767578
2014-08-11,16.743335723876953
2014-08-12,16.865158081054688
2014-08-13,17.00727653503418
2014-08-14,16.966670989990234
2014-08-15,16.905759811401367
2014-08-18,16.865158081054688
2014-08-19,16.851613998413086
2014-08-20,16.878690719604492
2014-08-21,16.959901809692383
2014-08-22,16.926067352294922
2014-08-25,16.926067352294922
2014-08-26,16.919292449951172
2014-08-27,16.82455062866211
2014-08-28,16.75010108947754
2014-08-29,16.871923446655273
2014-09-02,16.88545799255371
2014-09-03,17.257688522338867
2014-09-04,17.724651336669922
2014-09-05,17.839712142944336
2014-09-08,17.731416702270508
2014-09-09,17.433645248413086
2014-09-10,17.447175979614258
2014-09-11,17.489917755126953
2014-09-12,17.70023536682129
2014-09-15,17.476354598999023
2014-09-16,17.354232788085938
2014-09-17,17.361013412475586
2014-09-18,17.462783813476562
2014-09-19,17.245689392089844
2014-09-22,16.981094360351562
2014-09-23,16.743650436401367
2014-09-24,16.75721549987793
2014-09-25,16.438356399536133
2014-09-26,16.587610244750977
2014-09-29,16.36372184753418
2014-09-30,16.173763275146484
2014-10-01,15.90239143371582
2014-10-02,16.01093864440918
2014-10-03,16.16698455810547
2014-10-06,15.970235824584961
2014-10-07,15.35965347290039
2014-10-08,15.63780689239502
2014-10-09,15.190038681030273
2014-10-10,14.871176719665527
2014-10-13,14.538747787475586
2014-10-14,14.708355903625488
2014-10-15,14.816904067993164
2014-10-16,14.844038963317871
2014-10-17,15.149334907531738
2014-10-20,15.16968822479248
2014-10-21,15.3800048828125
2014-10-22,15.264667510986328
2014-10-23,15.617453575134277
2014-10-24,15.678515434265137
2014-10-27,15.556397438049316
2014-10-28,15.963454246520996
2014-10-29,15.732787132263184
2014-10-30,15.732787132263184
2014-10-31,16.13306427001953
2014-11-03,16.04486846923828
2014-11-04,16.04486846923828
2014-11-05,16.22803497314453
2014-11-06,16.18733024597168
2014-11-07,16.146623611450195
2014-11-10,16.41799545288086
2014-11-11,16.533329010009766
2014-11-12,16.587610244750977
2014-11-13,16.52655601501465
2014-11-14,16.560468673706055
2014-11-17,16.377290725708008
2014-11-18,16.641881942749023
2014-11-19,16.44513702392578
2014-11-20,16.39086151123047
2014-11-21,16.39764976501465
2014-11-24,16.295886993408203
2014-11-25,16.12627410888672
2014-11-26,16.099136352539062
2014-11-28,15.6920804977417
2014-12-01,15.332515716552734
2014-12-02,15.3392972946167
2014-12-03,15.651374816894531
2014-12-04,15.664941787719727
2014-12-05,15.651374816894531
2014-12-08,15.617453575134277
2014-12-09,15.651374816894531
2014-12-10,15.352869033813477
2014-12-11,15.477365493774414
2014-12-12,14.83105754852295
2014-12-15,14.67458438873291
2014-12-16,14.314006805419922
2014-12-17,14.729009628295898
2014-12-18,15.041962623596191
2014-12-19,15.456950187683105
2014-12-22,15.416135787963867
2014-12-23,15.450155258178711
2014-12-24,15.26646900177002
2014-12-26,15.246053695678711
2014-12-29,15.416135787963867
2014-12-30,15.409327507019043
2014-12-31,15.252856254577637
2015-01-02,15.395727157592773
2015-01-05,14.892284393310547
2015-01-06,14.73581600189209
2015-01-07,14.90589427947998
2015-01-08,15.511383056640625
2015-01-09,15.300475120544434
2015-01-12,15.041962623596191
2015-01-13,15.035158157348633
2015-01-14,14.878679275512695
2015-01-15,14.722206115722656
2015-01-16,14.858270645141602
2015-01-20,15.069169044494629
2015-01-21,15.246053695678711
2015-01-22,15.763093948364258
2015-01-23,15.674665451049805
2015-01-26,16.00120735168457
2015-01-27,16.089662551879883
2015-01-28,15.477365493774414
2015-01-29,15.565814018249512
2015-01-30,15.42293930053711
2015-02-02,15.511383056640625
2015-02-03,15.851545333862305
2015-02-04,15.831136703491211
2015-02-05,15.926379203796387
2015-02-06,15.912773132324219
2015-02-09,16.03523063659668
2015-02-10,15.926379203796387
2015-02-11,15.851545333862305
2015-02-12,15.994415283203125
2015-02-13,15.987608909606934
2015-02-17,16.13727569580078
2015-02-18,16.218915939331055
2015-02-19,16.29375457763672
2015-02-20,16.402603149414062
2015-02-23,16.266544342041016
2015-02-24,16.44342803955078
2015-02-25,16.36858558654785
2015-02-26,16.171297073364258
2015-02-27,16.144084930419922
2015-03-02,16.123676300048828
2015-03-03,16.320964813232422
2015-03-04,16.184898376464844
2015-03-05,16.300561904907227
2015-03-06,15.926379203796387
2015-03-09,15.919571876525879
2015-03-10,15.674665451049805
2015-03-11,15.824333190917969
2015-03-12,16.106067657470703
2015-03-13,16.092418670654297
2015-03-16,16.22203826904297
2015-03-17,15.785449981689453
2015-03-18,15.949165344238281
2015-03-19,15.737696647644043
2015-03-20,15.724054336547852
2015-03-23,15.860488891601562
2015-03-24,15.724054336547852
2015-03-25,15.471652030944824
2015-03-26,15.178315162658691
2015-03-27,15.123740196228027
2015-03-30,15.239707946777344
2015-03-31,15.205597877502441
2015-04-01,15.21242618560791
2015-04-02,15.335219383239746
2015-04-06,15.635369300842285
2015-04-07,15.587620735168457
2015-04-08,15.614904403686523
2015-04-09,15.68994426727295
2015-04-10,15.737696647644043
2015-04-13,15.751341819763184
2015-04-14,15.703587532043457
2015-04-15,15.744518280029297
2015-04-16,15.614904403686523
2015-04-17,15.492116928100586
2015-04-20,15.608086585998535
2015-04-21,15.533044815063477
2015-04-22,15.492116928100586
2015-04-23,15.533044815063477
2015-04-24,15.724054336547852
2015-04-27,15.867310523986816
2015-04-28,16.09925079345703
2015-04-29,16.235681533813477
2015-04-30,16.2152156829834
2015-05-01,16.344829559326172
2015-05-04,16.392580032348633
2015-05-05,16.2152156829834
2015-05-06,16.024200439453125
2015-05-07,16.04466438293457
2015-05-08,16.372112274169922
2015-05-11,16.378938674926758
2015-05-12,16.324357986450195
2015-05-13,16.344829559326172
2015-05-14,16.413040161132812
2015-05-15,16.40622329711914
2015-05-18,16.549480438232422
2015-05-19,16.590410232543945
2015-05-20,16.938318252563477
2015-05-21,17.040639877319336
2015-05-22,16.999713897705078
2015-05-26,16.788236618041992
2015-05-27,16.83599281311035
2015-05-28,17.033817291259766
2015-05-29,16.801883697509766
2015-06-01,16.73366928100586
2015-06-02,16.760953903198242
2015-06-03,16.94514274597168
2015-06-04,16.556299209594727
2015-06-05,16.760953903198242
2015-06-08,16.747318267822266
2015-06-09,16.610870361328125
2015-06-10,16.795059204101562
2015-06-11,16.74239730834961
2015-06-12,16.537221908569336
2015-06-15,16.434627532958984
2015-06-16,16.427793502807617
2015-06-17,16.263654708862305
2015-06-18,16.557735443115234
2015-06-19,16.537221908569336
2015-06-22,16.687685012817383
2015-06-23,16.694522857666016
2015-06-24,16.63980484008789
2015-06-25,16.455148696899414
2015-06-26,16.80394744873047
2015-06-29,16.496187210083008
2015-06-30,16.605613708496094
2015-07-01,16.680849075317383
2015-07-02,16.776594161987305
2015-07-06,16.687685012817383
2015-07-07,16.810791015625
2015-07-08,16.537221908569336
2015-07-09,16.660335540771484
2015-07-10,16.933902740478516
2015-07-13,17.22114372253418
2015-07-14,17.234821319580078
2015-07-15,17.043325424194336
2015-07-16,17.084354400634766
2015-07-17,16.995454788208008
2015-07-20,16.927064895629883
2015-07-21,16.80394744873047
2015-07-22,16.427793502807617
2015-07-23,16.21578025817871
2015-07-24,16.00375747680664
2015-07-27,15.990081787109375
2015-07-28,16.236297607421875
2015-07-29,16.236297607421875
2015-07-30,16.304691314697266
2015-07-31,16.085830688476562
2015-08-03,15.949053764343262
2015-08-04,15.942214965820312
2015-08-05,15.757550239562988
2015-08-06,15.641282081604004
2015-08-07,15.825944900512695
2015-08-10,15.990081787109375
2015-08-11,15.709681510925293
2015-08-12,15.825944900512695
2015-08-13,15.757550239562988
2015-08-14,15.969569206237793
2015-08-17,15.935373306274414
2015-08-18,15.832786560058594
2015-08-19,15.723358154296875
2015-08-20,15.25145149230957
2015-08-21,14.6495943069458
2015-08-24,14.047748565673828
2015-08-25,13.972519874572754
2015-08-26,14.184532165527344
2015-08-27,14.854776382446289
2015-08-28,14.70431137084961
2015-08-31,14.676957130432129
2015-09-01,14.164015769958496
2015-09-02,14.266606330871582
2015-09-03,14.321314811706543
2015-09-04,13.897286415100098
2015-09-08,14.307635307312012
2015-09-09,14.177692413330078
2015-09-10,14.351248741149902
2015-09-11,14.282654762268066
2015-09-14,13.946513175964355
2015-09-15,14.097428321838379
2015-09-16,14.15230941772461
2015-09-17,14.008249282836914
2015-09-18,13.919072151184082
2015-09-21,13.795588493347168
2015-09-22,13.898493766784668
2015-09-23,13.829886436462402
2015-09-24,13.871050834655762
2015-09-25,13.891633033752441
2015-09-28,13.665245056152344
2015-09-29,13.775009155273438
2015-09-30,13.898493766784668
2015-10-01,13.445725440979004
2015-10-02,13.500611305236816
2015-10-05,13.775009155273438
2015-10-06,13.932792663574219
2015-10-07,14.371835708618164
2015-10-08,14.481596946716309
2015-10-09,14.454157829284668
2015-10-12,14.166033744812012
2015-10-13,13.953367233276367
2015-10-14,13.775009155273438
2015-10-15,13.953367233276367
2015-10-16,14.056273460388184
2015-10-19,13.987667083740234
2015-10-20,13.912206649780273
2015-10-21,13.651525497436523
2015-10-22,13.823030471801758
2015-10-23,13.857327461242676
2015-10-26,13.740708351135254
2015-10-27,13.795588493347168
2015-10-28,13.781865119934082
2015-10-29,13.720126152038574
2015-10-30,13.72698974609375
2015-11-02,13.809309959411621
2015-11-03,13.775009155273438
2015-11-04,13.69954776763916
2015-11-05,13.267363548278809
2015-11-06,13.356545448303223
2015-11-09,12.965522766113281
2015-11-10,12.986100196838379
2015-11-11,12.890057563781738
2015-11-12,12.643097877502441
2015-11-13,12.354974746704102
2015-11-16,12.636237144470215
2015-11-17,12.423576354980469
2015-11-18,12.588216781616211
2015-11-19,12.430438041687012
2015-11-20,12.389277458190918
2015-11-23,12.382417678833008
2015-11-24,12.354974746704102
2015-11-25,12.313814163208008
2015-11-27,12.265793800354004
2015-11-30,12.128589630126953
2015-12-01,12.169754981994629
2015-12-02,12.348112106323242
2015-12-03,12.320672988891602
2015-12-04,12.210912704467773
2015-12-07,12.0256929397583
2015-12-08,12.101149559020996
2015-12-09,11.881633758544922
2015-12-10,11.856156349182129
2015-12-11,11.449934959411621
2015-12-14,11.071252822875977
2015-12-15,11.677145957946777
2015-12-16,11.353544235229492
2015-12-17,11.264036178588867
2015-12-18,11.33288860321045
2015-12-21,11.436162948608398
2015-12-22,11.601408958435059
2015-12-23,12.000743865966797
2015-12-24,11.931893348693848
2015-12-28,11.711567878723145
2015-12-29,11.81484603881836
2015-12-30,11.77353572845459
2015-12-31,11.9732027053833
2016-01-04,11.718453407287598
2016-01-05,11.745994567871094
2016-01-06,11.566978454589844
2016-01-07,11.394856452941895
2016-01-08,10.988636016845703
2016-01-11,10.9473237991333
2016-01-12,10.788966178894043
2016-01-13,10.603065490722656
2016-01-14,11.098793029785156
2016-01-15,10.837160110473633
2016-01-19,10.974863052368164
2016-01-20,11.208954811096191
2016-01-21,11.360427856445312
2016-01-22,11.58763599395752
2016-01-25,11.346654891967773
2016-01-26,11.250266075134277
2016-01-27,11.160760879516602
2016-01-28,11.140105247497559
2016-01-29,11.401740074157715
2016-02-01,11.394856452941895
2016-02-02,11.00928783416748
2016-02-03,11.277806282043457
2016-02-04,11.298463821411133
2016-02-05,11.036827087402344
2016-02-08,10.637492179870605
2016-02-09,10.300121307373047
2016-02-10,10.272582054138184
2016-02-11,10.059144973754883
2016-02-12,10.176190376281738
2016-02-16,10.183075904846191
2016-02-17,10.486019134521484
2016-02-18,10.313889503479004
2016-02-19,10.162418365478516
2016-02-22,10.355203628540039
2016-02-23,10.162418365478516
2016-02-24,10.066025733947754
2016-02-25,10.066025733947754
2016-02-26,10.210616111755371
2016-02-29,9.948979377746582
2016-03-01,10.50667953491211
2016-03-02,10.720112800598145
2016-03-03,10.733881950378418
2016-03-04,10.802736282348633
2016-03-07,10.912893295288086
2016-03-08,10.6237211227417
2016-03-09,10.458478927612305
2016-03-10,10.425985336303711
2016-03-11,10.550436973571777
2016-03-14,10.640314102172852
2016-03-15,10.038809776306152
2016-03-16,10.495121955871582
2016-03-17,10.916865348815918
2016-03-18,11.49070930480957
2016-03-21,11.449224472045898
2016-03-22,11.290207862854004
2016-03-23,11.062053680419922
2016-03-24,11.082793235778809
2016-03-28,10.972171783447266
2016-03-29,10.951431274414062
2016-03-30,11.013653755187988
2016-03-31,11.179588317871094
2016-04-01,11.22106647491455
2016-04-04,11.103533744812012
2016-04-05,11.048225402832031
2016-04-06,11.1726713180542
2016-04-07,10.737101554870605
2016-04-08,10.661056518554688
2016-04-11,10.83389949798584
2016-04-12,11.103533744812012
2016-04-13,11.53218936920166
2016-04-14,11.68429183959961
2016-04-15,11.656636238098145
2016-04-18,11.67738151550293
2016-04-19,11.739603996276855
2016-04-20,11.75342845916748
2016-04-21,11.725777626037598
2016-04-22,11.760343551635742
2016-04-25,11.67738151550293
2016-04-26,11.967759132385254
2016-04-27,11.988500595092773
2016-04-28,11.718860626220703
2016-04-29,11.53218936920166
2016-05-02,11.705031394958496
2016-05-03,11.38700008392334
2016-05-04,11.214155197143555
2016-05-05,11.463050842285156
2016-05-06,11.732688903808594
2016-05-09,11.559844970703125
2016-05-10,12.244312286376953
2016-05-11,12.223564147949219
2016-05-12,12.147516250610352
2016-05-13,12.092207908630371
2016-05-16,12.112942695617676
2016-05-17,12.07837963104248
2016-05-18,12.223564147949219
2016-05-19,12.299620628356934
2016-05-20,12.230481147766113
2016-05-23,12.07837963104248
2016-05-24,12.292703628540039
2016-05-25,12.375673294067383
2016-05-26,12.368757247924805
2016-05-27,12.424066543579102
2016-05-31,12.513947486877441
2016-06-01,12.507035255432129
2016-06-02,12.465548515319824
2016-06-03,12.140602111816406
2016-06-06,12.299620628356934
2016-06-07,12.403324127197266
2016-06-08,12.444808006286621
2016-06-09,12.273442268371582
2016-06-10,12.016732215881348
2016-06-13,11.961227416992188
2016-06-14,11.669825553894043
2016-06-15,11.766962051391602
2016-06-16,11.718392372131348
2016-06-17,11.815526008605957
2016-06-20,11.85715389251709
2016-06-21,11.815526008605957
2016-06-22,11.898785591125488
2016-06-23,12.474642753601074
2016-06-24,11.295170783996582
2016-06-27,10.858077049255371
2016-06-28,11.239669799804688
2016-06-29,11.579633712768555
2016-06-30,12.023667335510254
2016-07-01,12.120800018310547
2016-07-05,11.711455345153809
2016-07-06,11.961227416992188
2016-07-07,11.9126615524292
2016-07-08,12.11386489868164
2016-07-11,12.07917594909668
2016-07-12,12.204057693481445
2016-07-13,12.342820167541504
2016-07-14,12.391387939453125
2016-07-15,12.370573997497559
2016-07-18,12.446892738342285
2016-07-19,12.433014869689941
2016-07-20,12.509331703186035
2016-07-21,12.544022560119629
2016-07-22,12.599531173706055
2016-07-25,12.585654258728027
2016-07-26,12.571778297424316
2016-07-27,12.606466293334961
2016-07-28,12.585654258728027
2016-07-29,12.66891098022461
2016-08-01,12.544022560119629
2016-08-02,12.349757194519043
2016-08-03,12.488519668579102
2016-08-04,12.939494132995605
2016-08-05,13.08519172668457
2016-08-08,13.050500869750977
2016-08-09,13.043561935424805
2016-08-10,13.064380645751953
2016-08-11,13.02968692779541
2016-08-12,12.94643497467041
2016-08-15,13.126822471618652
2016-08-16,13.057440757751465
2016-08-17,13.064380645751953
2016-08-18,13.08519172668457
2016-08-19,12.9741849899292
2016-08-22,12.932554244995117
2016-08-23,12.960307121276855
2016-08-24,12.883993148803711
2016-08-25,13.064380645751953
2016-08-26,13.057440757751465
2016-08-29,13.210076332092285
2016-08-30,13.244767189025879
2016-08-31,13.286399841308594
2016-09-01,13.106011390686035
2016-09-02,13.20313835144043
2016-09-06,13.07131576538086
2016-09-07,13.321085929870605
2016-09-08,13.508413314819336
2016-09-09,13.168445587158203
2016-09-12,13.445971488952637
2016-09-13,13.189263343811035
2016-09-14,13.078252792358398
2016-09-15,13.282224655151367
2016-09-16,13.205650329589844
2016-09-19,13.198685646057129
2016-09-20,13.170842170715332
2016-09-21,13.330953598022461
2016-09-22,13.275259017944336
2016-09-23,13.11514949798584
2016-09-26,12.955041885375977
2016-09-27,13.05945873260498
2016-09-28,13.129072189331055
2016-09-29,13.045536994934082
2016-09-30,13.254374504089355
2016-10-03,13.18476390838623
2016-10-04,13.129072189331055
2016-10-05,13.435373306274414
2016-10-06,13.609402656555176
2016-10-07,13.609402656555176
2016-10-10,13.581562995910645
2016-10-11,13.414484977722168
2016-10-12,13.504986763000488
2016-10-13,13.1569185256958
2016-10-14,13.205650329589844
2016-10-17,12.96895980834961
2016-10-18,13.198685646057129
2016-10-19,13.087303161621094
2016-10-20,13.087303161621094
2016-10-21,13.05945873260498
2016-10-24,13.10819149017334
2016-10-25,12.989849090576172
2016-10-26,13.087303161621094
2016-10-27,13.024652481079102
2016-10-28,13.024652481079102
2016-10-31,12.996805191040039
2016-11-01,12.934157371520996
2016-11-02,12.75316333770752
2016-11-03,12.600013732910156
2016-11-04,12.467744827270508
2016-11-07,12.989849090576172
2016-11-08,13.094265937805176
2016-11-09,13.6790189743042
2016-11-10,14.061891555786133
2016-11-11,14.46565055847168
2016-11-14,14.451729774475098
2016-11-15,14.528304100036621
2016-11-16,14.444767951965332
2016-11-17,14.46565055847168
2016-11-18,14.611834526062012
2016-11-21,14.660566329956055
2016-11-22,14.63968276977539
2016-11-23,14.827637672424316
2016-11-25,14.862441062927246
2016-11-28,14.688407897949219
2016-11-29,14.84852123260498
2016-11-30,15.32885456085205
2016-12-01,15.85094928741455
2016-12-02,15.697805404663086
2016-12-05,15.983219146728516
2016-12-06,15.997137069702148
2016-12-07,16.29648208618164
2016-12-08,16.64453887939453
2016-12-09,16.707204818725586
2016-12-12,16.667407989501953
2016-12-13,16.395206451416016
2016-12-14,16.4161434173584
2016-12-15,16.46501350402832
2016-12-16,16.374271392822266
2016-12-19,16.318431854248047
2016-12-20,16.674388885498047
2016-12-21,16.597620010375977
2016-12-22,16.402185440063477
2016-12-23,16.430099487304688
2016-12-27,16.395206451416016
2016-12-28,16.20675277709961
2016-12-29,16.192794799804688
2016-12-30,16.227691650390625
2017-01-03,16.262598037719727
2017-01-04,16.506877899169922
2017-01-05,16.36728858947754
2017-01-06,16.42313003540039
2017-01-09,16.20675277709961
2017-01-10,16.478961944580078
2017-01-11,16.604595184326172
2017-01-12,16.290510177612305
2017-01-13,16.374271392822266
2017-01-17,15.948508262634277
2017-01-18,16.192794799804688
2017-01-19,16.00434684753418
2017-01-20,16.143938064575195
2017-01-23,15.990387916564941
2017-01-24,16.318431854248047
2017-01-25,16.75815200805664
2017-01-26,16.9256649017334
2017-01-27,16.695335388183594
2017-01-30,16.5696964263916
2017-01-31,16.646469116210938
2017-02-01,16.709293365478516
2017-02-02,16.562715530395508
2017-02-03,16.99545669555664
2017-02-06,17.037330627441406
2017-02-07,16.499902725219727
2017-02-08,16.34635353088379
2017-02-09,16.68136978149414
2017-02-10,16.75815200805664
2017-02-13,16.94659996032715
2017-02-14,17.38631820678711
2017-02-15,17.449138641357422
2017-02-16,17.679460525512695
2017-02-17,17.84000015258789
2017-02-21,17.944692611694336
2017-02-22,17.944692611694336
2017-02-23,17.951671600341797
2017-02-24,17.93072509765625
2017-02-27,18.24481201171875
2017-02-28,18.579832077026367
2017-03-01,18.98465919494629
2017-03-02,18.53097915649414
2017-03-03,18.6147403717041
2017-03-06,18.51702308654785
2017-03-07,18.607749938964844
2017-03-08,18.663597106933594
2017-03-09,18.670574188232422
2017-03-10,18.670574188232422
2017-03-13,18.79620933532715
2017-03-14,18.698486328125
2017-03-15,18.80318260192871
2017-03-16,18.65137481689453
2017-03-17,18.427499771118164
2017-03-20,18.385520935058594
2017-03-21,18.084697723388672
2017-03-22,18.02873420715332
2017-03-23,18.035722732543945
2017-03-24,17.99375343322754
2017-03-27,17.923789978027344
2017-03-28,18.259593963623047
2017-03-29,18.259593963623047
2017-03-30,18.378528594970703
2017-03-31,18.189634323120117
2017-04-03,18.189634323120117
2017-04-04,18.210620880126953
2017-04-05,18.23161506652832
2017-04-06,18.441495895385742
2017-04-07,18.392526626586914
2017-04-10,18.357542037963867
2017-04-11,18.315567016601562
2017-04-12,18.140661239624023
2017-04-13,17.85382843017578
2017-04-17,17.93778419494629
2017-04-18,17.6369571685791
2017-04-19,17.804851531982422
2017-04-20,18.04971694946289
2017-04-21,17.846832275390625
2017-04-24,18.161657333374023
2017-04-25,18.308570861816406
2017-04-26,18.29457664489746
2017-04-27,18.287582397460938
2017-04-28,17.762882232666016
2017-05-01,18.070703506469727
2017-05-02,17.97275733947754
2017-05-03,17.98675537109375
2017-05-04,17.727907180786133
2017-05-05,18.0217342376709
2017-05-08,18.259593963623047
2017-05-09,17.699914932250977
2017-05-10,17.930784225463867
2017-05-11,17.76987648010254
2017-05-12,17.699914932250977
2017-05-15,17.748884201049805
2017-05-16,17.741893768310547
2017-05-17,17.09825897216797
2017-05-18,17.22418785095215
2017-05-19,17.238178253173828
2017-05-22,17.273155212402344
2017-05-23,17.34311866760254
2017-05-24,17.34311866760254
2017-05-25,17.280149459838867
2017-05-26,17.22418785095215
2017-05-30,17.070276260375977
2017-05-31,17.063278198242188
2017-06-01,17.448062896728516
2017-06-02,17.133241653442383
2017-06-05,17.09825897216797
2017-06-06,17.077274322509766
2017-06-07,17.161230087280273
2017-06-08,17.59497833251953
2017-06-09,17.685922622680664
2017-06-12,17.776870727539062
2017-06-13,18.105688095092773
2017-06-14,18.042726516723633
2017-06-15,18.07988929748535
2017-06-16,18.269241333007812
2017-06-19,18.395484924316406
2017-06-20,17.77832794189453
2017-06-21,17.52585220336914
2017-06-22,17.55390167236328
2017-06-23,17.52585220336914
2017-06-26,17.750274658203125
2017-06-27,18.072877883911133
2017-06-28,18.42353630065918
2017-06-29,18.318336486816406
2017-06-30,18.34638786315918
2017-07-03,18.80224609375
2017-07-05,18.753158569335938
2017-07-06,18.668991088867188
2017-07-07,18.76717758178711
2017-07-10,18.661977767944336
2017-07-11,18.619903564453125
2017-07-12,18.647951126098633
2017-07-13,18.732112884521484
2017-07-14,18.725099563598633
2017-07-17,18.654966354370117
2017-07-18,18.633928298950195
2017-07-19,18.633928298950195
2017-07-20,18.528732299804688
2017-07-21,18.549762725830078
2017-07-24,18.795236587524414
2017-07-25,18.998607635498047
2017-07-26,18.80925750732422
2017-07-27,18.668991088867188
2017-07-28,18.269241333007812
2017-07-31,18.255220413208008
2017-08-01,18.269241333007812
2017-08-02,18.49366569519043
2017-08-03,18.4305477142334
2017-08-04,18.367429733276367
2017-08-07,18.325349807739258
2017-08-08,18.030799865722656
2017-08-09,17.925600051879883
2017-08-10,17.659103393554688
2017-08-11,17.336502075195312
2017-08-14,17.469745635986328
2017-08-15,17.35753631591797
2017-08-16,17.294422149658203
2017-08-17,16.754411697387695
2017-08-18,16.810514450073242
2017-08-21,16.817523956298828
2017-08-22,16.83154296875
2017-08-23,16.838565826416016
2017-08-24,16.824535369873047
2017-08-25,16.992856979370117
2017-08-28,16.859603881835938
2017-08-29,16.614139556884766
2017-08-30,16.656227111816406
2017-08-31,16.607133865356445
2017-09-01,16.79648208618164
2017-09-05,16.200368881225586
2017-09-06,16.01802635192871
2017-09-07,15.618268966674805
2017-09-08,15.681397438049316
2017-09-11,15.940876960754395
2017-09-12,16.151275634765625
2017-09-13,16.074132919311523
2017-09-14,16.179325103759766
2017-09-15,16.151147842407227
2017-09-18,16.461078643798828
2017-09-19,17.10909652709961
2017-09-20,17.172489166259766
2017-09-21,17.235881805419922
2017-09-22,17.285186767578125
2017-09-25,17.376754760742188
2017-09-26,17.454227447509766
2017-09-27,17.616241455078125
2017-09-28,17.686676025390625
2017-09-29,17.785282135009766
2017-10-02,17.912071228027344
2017-10-03,17.947288513183594
2017-10-04,17.905031204223633
2017-10-05,17.905031204223633
2017-10-06,17.792327880859375
2017-10-09,17.693723678588867
2017-10-10,17.743022918701172
2017-10-11,17.799373626708984
2017-10-12,17.84163475036621
2017-10-13,17.81346321105957
2017-10-16,18.10930061340332
2017-10-17,18.067033767700195
2017-10-18,18.151559829711914
2017-10-19,18.1656494140625
2017-10-20,18.32060432434082
2017-10-23,17.996593475341797
2017-10-24,18.13043212890625
2017-10-25,17.91911506652832
2017-10-26,17.982505798339844
2017-10-27,18.14451026916504
2017-10-30,17.834596633911133
2017-10-31,17.820505142211914
2017-11-01,17.84163475036621
2017-11-02,17.92616081237793
2017-11-03,18.137474060058594
2017-11-06,18.299470901489258
2017-11-07,18.229045867919922
2017-11-08,18.334688186645508
2017-11-09,18.355823516845703
2017-11-10,18.074079513549805
2017-11-13,18.067033767700195
2017-11-14,17.834596633911133
2017-11-15,17.799373626708984
2017-11-16,17.6444149017334
2017-11-17,17.700763702392578
2017-11-20,18.0459041595459
2017-11-21,18.081119537353516
2017-11-22,17.862764358520508
2017-11-24,18.088163375854492
2017-11-27,18.081119537353516
2017-11-28,18.67279052734375
2017-11-29,18.757312774658203
2017-11-30,18.531923294067383
2017-12-01,18.616439819335938
2017-12-04,18.5882625579834
2017-12-05,18.306516647338867
2017-12-06,18.271305084228516
2017-12-07,18.31355857849121
2017-12-08,18.383996963500977
2017-12-11,18.355823516845703
2017-12-12,18.461891174316406
2017-12-13,18.03763771057129
2017-12-14,18.002288818359375
2017-12-15,18.150768280029297
2017-12-18,18.285112380981445
2017-12-19,18.179052352905273
2017-12-20,18.681081771850586
2017-12-21,18.70936393737793
2017-12-22,18.532596588134766
2017-12-26,18.758859634399414
2017-12-27,18.68815040588379
2017-12-28,18.843713760375977
2017-12-29,18.73057746887207
2018-01-02,18.935630798339844
2018-01-03,18.871994018554688
2018-01-04,18.978055953979492
2018-01-05,19.00634002685547
2018-01-08,19.267963409423828
2018-01-09,19.515432357788086
2018-01-10,19.685136795043945
2018-01-11,19.784128189086914
2018-01-12,19.74877166748047
2018-01-16,19.48008155822754
2018-01-17,19.670991897583008
2018-01-18,19.536653518676758
2018-01-19,19.805341720581055
2018-01-22,19.734630584716797
2018-01-23,19.54372215270996
2018-01-24,19.473011016845703
2018-01-25,19.39523696899414
2018-01-26,19.536653518676758
2018-01-29,19.21845817565918
2018-01-30,19.15482521057129
2018-01-31,19.14068031311035
2018-02-01,19.112394332885742
2018-02-02,18.589160919189453
2018-02-05,17.5143985748291
2018-02-06,17.486114501953125
2018-02-07,17.684099197387695
2018-02-08,16.870948791503906
2018-02-09,17.14672088623047
2018-02-12,17.563894271850586
2018-02-13,17.394189834594727
2018-02-14,17.83258819580078
2018-02-15,17.62752914428711
2018-02-16,17.655811309814453
2018-02-20,17.74773406982422
2018-02-21,17.662885665893555
2018-02-22,17.30934715270996
2018-02-23,17.655811309814453
2018-02-26,17.69116973876953
2018-02-27,17.36591911315918
2018-02-28,16.962875366210938
2018-03-01,16.715396881103516
2018-03-02,16.835601806640625
2018-03-05,16.913381576538086
2018-03-06,17.019439697265625
2018-03-07,16.96994400024414
2018-03-08,16.95580291748047
2018-03-09,17.323482513427734
2018-03-12,17.323482513427734
2018-03-13,17.182071685791016
2018-03-14,17.182071685791016
2018-03-15,17.259851455688477
2018-03-16,17.50124740600586
2018-03-19,17.039745330810547
2018-03-20,16.464656829833984
2018-03-21,16.443361282348633
2018-03-22,15.875370979309082
2018-03-23,15.513276100158691
2018-03-26,15.960567474365234
2018-03-27,15.726271629333496
2018-03-28,15.939266204833984
2018-03-29,16.138065338134766
2018-04-02,15.690777778625488
2018-04-03,15.81856918334961
2018-04-04,15.797272682189941
2018-04-05,15.960567474365234
2018-04-06,15.456473350524902
2018-04-09,17.245655059814453
2018-04-10,17.309547424316406
2018-04-11,17.259851455688477
2018-04-12,17.29534912109375
2018-04-13,17.252750396728516
2018-04-16,17.487045288085938
2018-04-17,17.416051864624023
2018-04-18,17.26694679260254
2018-04-19,17.117849349975586
2018-04-20,17.053953170776367
2018-04-23,17.337947845458984
2018-04-24,17.21014404296875
2018-04-25,17.366350173950195
2018-04-26,17.259851455688477
2018-04-27,17.06815528869629
2018-04-30,17.06815528869629
2018-05-01,17.082355499267578
2018-05-02,17.238555908203125
2018-05-03,17.032649993896484
2018-05-04,17.35924530029297
2018-05-07,17.494144439697266
2018-05-08,17.352148056030273
2018-05-09,17.494144439697266
2018-05-10,17.600645065307617
2018-05-11,17.437345504760742
2018-05-14,17.444442749023438
2018-05-15,16.890653610229492
2018-05-16,16.68475341796875
2018-05-17,16.64215660095215
2018-05-18,16.40076446533203
2018-05-21,16.49305534362793
2018-05-22,16.691856384277344
2018-05-23,16.663455963134766
2018-05-24,16.386558532714844
2018-05-25,16.50016212463379
2018-05-29,15.75467300415039
2018-05-30,15.76887035369873
2018-05-31,15.534573554992676
2018-06-01,15.67657470703125
2018-06-04,15.577168464660645
2018-06-05,15.58427619934082
2018-06-06,16.187768936157227
2018-06-07,16.32976531982422
2018-06-08,16.379459381103516
2018-06-11,16.40076446533203
2018-06-12,16.414958953857422
2018-06-13,16.017372131347656
2018-06-14,15.981864929199219
2018-06-15,15.846367835998535
2018-06-18,15.83923625946045
2018-06-19,15.974736213684082
2018-06-20,16.402631759643555
2018-06-21,16.381229400634766
2018-06-22,16.637971878051758
2018-06-25,16.48820686340332
2018-06-26,16.57379150390625
2018-06-27,16.202945709228516
2018-06-28,16.295658111572266
2018-06-29,16.217208862304688
2018-07-02,16.04605484008789
2018-07-03,16.08171272277832
2018-07-05,16.13163185119629
2018-07-06,16.238601684570312
2018-07-09,16.559526443481445
2018-07-10,16.48820686340332
2018-07-11,16.352710723876953
2018-07-12,16.145896911621094
2018-07-13,16.117366790771484
2018-07-16,16.181550979614258
2018-07-17,16.0745792388916
2018-07-18,16.217208862304688
2018-07-19,16.338443756103516
2018-07-20,16.231475830078125
2018-07-23,16.260000228881836
2018-07-24,16.445419311523438
2018-07-25,16.288524627685547
2018-07-26,16.452552795410156
2018-07-27,17.657793045043945
2018-07-30,17.579345703125
2018-07-31,17.294082641601562
2018-08-01,17.0230770111084
2018-08-02,16.8875732421875
2018-08-03,17.4794979095459
2018-08-06,17.42244529724121
2018-08-07,17.393922805786133
2018-08-08,17.365388870239258
2018-08-09,17.32260513305664
2018-08-10,16.880451202392578
2018-08-13,16.59518051147461
2018-08-14,16.95175552368164
2018-08-15,16.723552703857422
2018-08-16,16.973154067993164
2018-08-17,16.723552703857422
2018-08-20,16.74494743347168
2018-08-21,16.866178512573242
2018-08-22,16.673633575439453
2018-08-23,16.53812599182129
2018-08-24,16.730684280395508
2018-08-27,17.030208587646484
2018-08-28,17.1728458404541
2018-08-29,16.95175552368164
2018-08-30,16.69502067565918
2018-08-31,16.559526443481445
2018-09-04,16.630840301513672
2018-09-05,16.780601501464844
2018-09-06,16.53812599182129
2018-09-07,16.42402458190918
2018-09-10,16.281391143798828
2018-09-11,16.338443756103516
2018-09-12,16.331314086914062
2018-09-13,16.324188232421875
2018-09-14,16.750843048095703
2018-09-17,16.60025978088379
2018-09-18,16.542890548706055
2018-09-19,16.650455474853516
2018-09-20,16.994647979736328
2018-09-21,16.865575790405273
2018-09-24,16.621768951416016
2018-09-25,16.270402908325195
2018-09-26,15.933380126953125
2018-09-27,15.77562427520752
2018-09-28,15.746938705444336
2018-10-01,15.718254089355469
2018-10-02,15.818647384643555
2018-10-03,15.94771671295166
2018-10-04,16.442501068115234
2018-10-05,16.313430786132812
2018-10-08,16.44967269897461
2018-10-09,16.270402908325195
2018-10-10,15.940547943115234
2018-10-11,14.893620491027832
2018-10-12,14.82191276550293
2018-10-15,15.001184463500977
2018-10-16,15.395572662353516
2018-10-17,15.56049919128418
2018-10-18,15.33820915222168
2018-10-19,15.374061584472656
2018-10-22,14.958161354064941
2018-10-23,14.69284439086914
2018-10-24,14.384496688842773
2018-10-25,14.384496688842773
2018-10-26,14.599625587463379
2018-10-29,14.757376670837402
2018-10-30,15.08006477355957
2018-10-31,15.395572662353516
2018-11-01,15.352548599243164
2018-11-02,15.230644226074219
2018-11-05,15.438594818115234
2018-11-06,15.732593536376953
2018-11-07,15.804302215576172
2018-11-08,15.732593536376953
2018-11-09,15.76844596862793
2018-11-12,15.323864936828613
2018-11-13,15.223474502563477
2018-11-14,15.08006477355957
2018-11-15,15.244987487792969
2018-11-16,15.436139106750488
2018-11-19,15.335153579711914
2018-11-20,14.952856063842773
2018-11-21,15.14760971069336
2018-11-23,14.996132850646973
2018-11-26,15.537118911743164
2018-11-27,15.522688865661621
2018-11-28,15.876140594482422
2018-11-29,15.8472900390625
2018-11-30,15.76072883605957
2018-12-03,15.59482479095459
2018-12-04,14.505640029907227
2018-12-06,14.108916282653809
2018-12-07,13.71940803527832
2018-12-10,13.445305824279785
2018-12-11,13.358749389648438
2018-12-12,13.481375694274902
2018-12-13,13.286619186401367
2018-12-14,12.723989486694336
2018-12-17,12.695140838623047
2018-12-18,12.673501014709473
2018-12-19,12.558089256286621
2018-12-20,12.233497619628906
2018-12-21,12.11087703704834
2018-12-24,11.822349548339844
2018-12-26,12.514810562133789
2018-12-27,12.572517395019531
2018-12-28,12.565303802490234
2018-12-31,12.522026062011719
2019-01-02,12.767271995544434
2019-01-03,12.522026062011719
2019-01-04,13.106290817260742
2019-01-07,13.192848205566406
2019-01-08,13.315469741821289
2019-01-09,13.35153579711914
2019-01-10,13.61120891571045
2019-01-11,13.769899368286133
2019-01-14,13.921374320983887
2019-01-15,14.0512113571167
2019-01-16,14.332524299621582
2019-01-17,14.354165077209473
2019-01-18,14.700394630432129
2019-01-22,14.440720558166504
2019-01-23,14.310881614685059
2019-01-24,14.447933197021484
2019-01-25,14.693181991577148
2019-01-28,14.80137825012207
2019-01-29,14.837445259094238
2019-01-30,15.104330062866211
2019-01-31,15.010558128356934
2019-02-01,14.923999786376953
2019-02-04,15.061052322387695
2019-02-05,14.981708526611328
2019-02-06,14.844657897949219
2019-02-07,14.476787567138672
2019-02-08,14.318096160888672
2019-02-11,14.476787567138672
2019-02-12,14.772527694702148
2019-02-13,14.887938499450684
2019-02-14,14.768190383911133
2019-02-15,15.25442123413086
2019-02-19,15.25442123413086
2019-02-20,15.131047248840332
2019-02-21,14.833510398864746
2019-02-22,14.688366889953613
2019-02-25,14.724649429321289
2019-02-26,14.782705307006836
2019-02-27,14.826253890991211
2019-02-28,14.710136413574219
2019-03-01,14.91334342956543
2019-03-04,14.535968780517578
2019-03-05,14.412599563598633
2019-03-06,14.18036937713623
2019-03-07,13.70140266418457
2019-03-08,13.752201080322266
2019-03-11,13.91185474395752
2019-03-12,14.057001113891602
2019-03-13,14.31099796295166
2019-03-14,14.129569053649902
2019-03-15,14.100539207458496
2019-03-18,14.44162654876709
2019-03-19,14.332765579223633
2019-03-20,14.01345443725586
2019-03-21,13.948142051696777
2019-03-22,13.403861045837402
2019-03-25,13.360313415527344
2019-03-26,13.592546463012695
2019-03-27,13.570772171020508
2019-03-28,13.665115356445312
2019-03-29,13.636090278625488
2019-04-01,13.984427452087402
2019-04-02,14.064254760742188
2019-04-03,14.26745319366455
2019-04-04,14.434366226196289
2019-04-05,14.550483703613281
2019-04-08,14.572257041931152
2019-04-09,14.383572578430176
2019-04-10,14.463397979736328
2019-04-11,14.361795425415039
2019-04-12,14.775450706481934
2019-04-15,14.623052597045898
2019-04-16,14.557740211486816
2019-04-17,14.695621490478516
2019-04-18,14.6303071975708
2019-04-22,14.44162654876709
2019-04-23,14.586769104003906
2019-04-24,14.702880859375
2019-04-25,14.695621490478516
2019-04-26,14.818994522094727
2019-04-29,14.942364692687988
2019-04-30,14.927849769592285
2019-05-01,14.855279922485352
2019-05-02,14.840765953063965
2019-05-03,14.985908508300781
2019-05-06,14.848023414611816
2019-05-07,14.448881149291992
2019-05-08,14.398079872131348
2019-05-09,14.231168746948242
2019-05-10,14.521454811096191
2019-05-13,13.70140266418457
2019-05-14,13.723174095153809
2019-05-15,13.730430603027344
2019-05-16,13.70140266418457
2019-05-17,13.537026405334473
2019-05-20,13.537026405334473
2019-05-21,13.705053329467773
2019-05-22,13.573555946350098
2019-05-23,13.361698150634766
2019-05-24,13.478585243225098
2019-05-28,13.369002342224121
2019-05-29,13.361698150634766
2019-05-30,13.259420394897461
2019-05-31,12.908757209777832
2019-06-03,13.076786041259766
2019-06-04,13.515111923217773
2019-06-05,13.215588569641113
2019-06-06,13.193671226501465
2019-06-07,13.1498384475708
2019-06-10,13.171754837036133
2019-06-11,13.252110481262207
2019-06-12,13.127920150756836
2019-06-13,13.252110481262207
2019-06-14,13.13522720336914
2019-06-17,13.084084510803223
2019-06-18,13.31056022644043
2019-06-19,13.281336784362793
2019-06-20,13.449361801147461
2019-06-21,13.537026405334473
2019-06-24,13.537026405334473
2019-06-25,13.522418022155762
2019-06-26,13.65391731262207
2019-06-27,13.778106689453125
2019-06-28,14.048412322998047
2019-07-01,14.413681030273438
2019-07-02,14.223740577697754
2019-07-03,15.136927604675293
2019-07-05,15.648300170898438
2019-07-08,15.706758499145508
2019-07-09,15.655610084533691
2019-07-10,15.641003608703613
2019-07-11,15.297638893127441
2019-07-12,15.611777305603027
2019-07-15,15.633695602416992
2019-07-16,15.589860916137695
2019-07-17,15.304951667785645
2019-07-18,15.399921417236328
2019-07-19,15.319563865661621
2019-07-22,15.129619598388672
2019-07-23,15.414528846740723
2019-07-24,15.750585556030273
2019-07-25,15.6702241897583
2019-07-26,15.779806137084961
2019-07-29,15.575252532958984
2019-07-30,15.71406078338623
2019-07-31,15.582555770874023
2019-08-01,15.034645080566406
2019-08-02,14.735123634338379
2019-08-05,14.077635765075684
2019-08-06,14.43559741973877
2019-08-07,14.347932815551758
2019-08-08,14.559793472290039
2019-08-09,14.2894926071167
2019-08-12,13.858468055725098
2019-08-13,13.894997596740723
2019-08-14,13.230199813842773
2019-08-15,13.222894668579102
2019-08-16,13.653236389160156
2019-08-19,13.873923301696777
2019-08-20,13.653236389160156
2019-08-21,13.84449577331543
2019-08-22,13.903349876403809
2019-08-23,13.32220458984375
2019-08-26,13.41783618927002
2019-08-27,13.270707130432129
2019-08-28,13.381052017211914
2019-08-29,13.72679615020752
2019-08-30,13.712085723876953
2019-09-03,13.542890548706055
2019-09-04,13.704727172851562
2019-09-05,14.021045684814453
2019-09-06,14.057828903198242
2019-09-09,14.381503105163574
2019-09-10,14.558053970336914
2019-09-11,14.844954490661621
2019-09-12,14.984720230102539
2019-09-13,14.955294609069824
2019-09-16,14.867018699645996
2019-09-17,14.57276725769043
2019-09-18,14.513920783996582
2019-09-19,14.462421417236328
2019-09-20,14.315300941467285
2019-09-23,14.631616592407227
2019-09-24,14.580126762390137
2019-09-25,14.47713851928711
2019-09-26,14.366788864135742
2019-09-27,13.95313835144043
2019-09-30,14.455951690673828
2019-10-01,14.267396926879883
2019-10-02,14.204541206359863
2019-10-03,14.12597942352295
2019-10-04,14.455951690673828
2019-10-07,13.607451438903809
2019-10-08,13.348185539245605
2019-10-09,13.71744155883789
2019-10-10,13.835289001464844
2019-10-11,14.196686744689941
2019-10-14,14.235969543457031
2019-10-15,14.330245018005371
2019-10-16,14.243826866149902
2019-10-17,14.534517288208008
2019-10-18,14.526662826538086
2019-10-21,14.730928421020508
2019-10-22,14.935195922851562
2019-10-23,15.005908966064453
2019-10-24,14.840919494628906
2019-10-25,14.8566312789917
2019-10-28,14.880200386047363
2019-10-29,15.15517807006836
2019-10-30,15.233741760253906
2019-10-31,14.668071746826172
2019-11-01,15.005908966064453
2019-11-04,15.304457664489746
2019-11-05,15.422298431396484
2019-11-06,15.249454498291016
2019-11-07,15.35158634185791
2019-11-08,15.312310218811035
2019-11-11,15.273028373718262
2019-11-12,15.131610870361328
2019-11-13,14.950909614562988
2019-11-14,15.060898780822754
2019-11-15,15.09648609161377
2019-11-18,15.681682586669922
2019-11-19,16.108720779418945
2019-11-20,16.061269760131836
2019-11-21,16.22734260559082
2019-11-22,16.425045013427734
2019-11-25,16.567386627197266
2019-11-26,16.575294494628906
2019-11-27,16.630651473999023
2019-11-29,16.527847290039062
2019-12-02,16.583202362060547
2019-12-03,16.401315689086914
2019-12-04,16.527847290039062
2019-12-05,16.591110229492188
2019-12-06,16.788814544677734
2019-12-09,16.6069278717041
2019-12-10,16.6069278717041
2019-12-11,16.6069278717041
2019-12-12,17.07350730895996
2019-12-13,16.99441909790039
2019-12-16,17.057687759399414
2019-12-17,17.089317321777344
2019-12-18,16.986520767211914
2019-12-19,16.828351974487305
2019-12-20,16.87579917907715
2019-12-23,16.693918228149414
2019-12-24,16.73345947265625
2019-12-26,16.828351974487305
2019-12-27,16.725547790527344
2019-12-30,16.87579917907715
2019-12-31,16.89952850341797
2020-01-02,17.215848922729492
2020-01-03,17.049781799316406
2020-01-06,16.8599853515625
2020-01-07,16.693918228149414
2020-01-08,16.662277221679688
2020-01-09,17.31865119934082
2020-01-10,17.113039016723633
2020-01-13,17.25539207458496
2020-01-14,17.25539207458496
2020-01-15,17.152587890625
2020-01-16,17.721960067749023
2020-01-17,17.721960067749023
2020-01-21,17.563806533813477
2020-01-22,17.500537872314453
2020-01-23,17.500537872314453
2020-01-24,17.310741424560547
2020-01-27,16.939069747924805
2020-01-28,17.136762619018555
2020-01-29,17.223756790161133
2020-01-30,17.358192443847656
2020-01-31,17.113039016723633
2020-02-03,17.45309066772461
2020-02-04,17.80104637145996
2020-02-05,18.283435821533203
2020-02-06,18.33879852294922
2020-02-07,18.243892669677734
2020-02-10,18.030376434326172
2020-02-11,18.259714126586914
2020-02-12,18.504863739013672
2020-02-13,18.5924129486084
2020-02-14,18.679962158203125
2020-02-18,18.6322078704834
2020-02-19,18.847103118896484
2020-02-20,18.878934860229492
2020-02-21,18.751598358154297
2020-02-24,18.059158325195312
2020-02-25,17.231412887573242
2020-02-26,16.706106185913086
2020-02-27,15.862449645996094
2020-02-28,15.687347412109375
2020-03-02,16.387746810913086
2020-03-03,15.711222648620605
2020-03-04,16.451417922973633
2020-03-05,15.647551536560059
2020-03-06,15.281432151794434
2020-03-09,13.490639686584473
2020-03-10,14.525320053100586
2020-03-11,13.681660652160645
2020-03-12,11.85107135772705
2020-03-13,13.22799015045166
2020-03-16,12.105758666992188
2020-03-17,12.639019012451172
2020-03-18,11.03924560546875
2020-03-19,10.895980834960938
2020-03-20,9.82150650024414
2020-03-23,9.749874114990234
2020-03-24,10.681086540222168
2020-03-25,10.888022422790527
2020-03-26,12.105758666992188
2020-03-27,11.413321495056152
2020-03-30,11.142711639404297
2020-03-31,10.880062103271484
2020-04-01,9.853340148925781
2020-04-02,9.996603965759277
2020-04-03,9.646405220031738
2020-04-06,10.434354782104492
2020-04-07,10.450272560119629
2020-04-08,11.285978317260742
2020-04-09,11.278017044067383
2020-04-13,10.784554481506348
2020-04-14,10.87210464477539
2020-04-15,10.243335723876953
2020-04-16,10.036399841308594
2020-04-17,10.505987167358398
2020-04-20,10.028440475463867
2020-04-21,9.638446807861328
2020-04-22,9.694160461425781
2020-04-23,9.622528076171875
2020-04-24,9.686200141906738
2020-04-27,10.20354175567627
2020-04-28,10.832306861877441
2020-04-29,11.397405624389648
2020-04-30,10.919859886169434
2020-05-01,10.426395416259766
2020-05-04,10.513943672180176
2020-05-05,10.649249076843262
2020-05-06,10.1478271484375
2020-05-07,10.665164947509766
2020-05-08,11.222301483154297
2020-05-11,10.999448776245117
2020-05-12,10.537823677062988
2020-05-13,9.869260787963867
2020-05-14,10.20354175567627
2020-05-15,10.05858325958252
2020-05-18,10.831698417663574
2020-05-19,10.52567195892334
2020-05-20,10.718952178955078
2020-05-21,10.606206893920898
2020-05-22,10.670632362365723
2020-05-26,11.781989097595215
2020-05-27,12.635640144348145
2020-05-28,12.015534400939941
2020-05-29,11.798096656799316
2020-06-01,12.015534400939941
2020-06-02,11.86252212524414
2020-06-03,12.50678539276123
2020-06-04,12.756440162658691
2020-06-05,12.957771301269531
2020-06-08,13.432918548583984
2020-06-09,13.191319465637207
2020-06-10,12.603425979614258
2020-06-11,11.814201354980469
2020-06-12,12.289347648620605
2020-06-15,12.29739761352539
2020-06-16,12.547054290771484
2020-06-17,12.377934455871582
2020-06-18,12.39404010772705
2020-06-19,12.313507080078125
2020-06-22,12.345721244812012
2020-06-23,12.587322235107422
2020-06-24,11.959162712097168
2020-06-25,12.265188217163086
2020-06-26,11.653135299682617
2020-06-29,12.192705154418945
2020-06-30,12.522893905639648
2020-07-01,12.176603317260742
2020-07-02,12.538999557495117
2020-07-06,12.756440162658691
2020-07-07,12.369877815246582
2020-07-08,12.50678539276123
2020-07-09,12.176603317260742
2020-07-10,12.89334487915039
2020-07-13,13.10273265838623
2020-07-14,13.279902458190918
2020-07-15,13.86779499053955
2020-07-16,13.900010108947754
2020-07-17,13.714783668518066
2020-07-20,13.569825172424316
2020-07-21,13.811421394348145
2020-07-22,13.843634605407715
2020-07-23,13.85974407196045
2020-07-24,13.545660972595215
2020-07-27,13.513450622558594
2020-07-28,13.255743980407715
2020-07-29,13.513450622558594
2020-07-30,13.118839263916016
2020-07-31,13.046358108520508
2020-08-03,13.159104347229004
2020-08-04,13.126891136169434
2020-08-05,13.36043643951416
2020-08-06,13.231585502624512
2020-08-07,13.569825172424316
2020-08-10,13.891953468322754
2020-08-11,14.157712936401367
2020-08-12,14.342942237854004
2020-08-13,14.206033706665039
2020-08-14,14.457826614379883
2020-08-17,14.238523483276367
2020-08-18,14.157299041748047
2020-08-19,14.214156150817871
2020-08-20,14.181669235229492
2020-08-21,14.0354642868042
2020-08-24,14.295380592346191
2020-08-25,14.360357284545898
2020-08-26,14.246644973754883
2020-08-27,14.39284896850586
2020-08-28,14.449705123901367
2020-08-31,14.246644973754883
2020-09-01,14.612154006958008
2020-09-02,14.733990669250488
2020-09-03,14.400973320007324
2020-09-04,14.498437881469727
2020-09-08,13.743057250976562
2020-09-09,13.978608131408691
2020-09-10,13.856769561767578
2020-09-11,14.002974510192871
2020-09-14,14.197912216186523
2020-09-15,13.962361335754395
2020-09-16,14.62027359008789
2020-09-17,14.530930519104004
2020-09-18,14.457826614379883
2020-09-21,14.076075553894043
2020-09-22,14.132929801940918
2020-09-23,13.864892959594727
2020-09-24,14.807090759277344
2020-09-25,14.855823516845703
2020-09-28,15.010149955749512
2020-09-29,14.53905200958252
2020-09-30,14.62027359008789
2020-10-01,14.652764320373535
2020-10-02,14.880191802978516
2020-10-05,15.278186798095703
2020-10-06,15.668057441711426
2020-10-07,15.57059097290039
2020-10-08,16.082305908203125
2020-10-09,16.09855079650879
2020-10-12,16.431570053100586
2020-10-13,16.496543884277344
2020-10-14,16.46405601501465
2020-10-15,16.55340003967285
2020-10-16,16.577768325805664
2020-10-19,16.09855079650879
2020-10-20,16.187894821166992
2020-10-21,16.317853927612305
2020-10-22,16.537153244018555
2020-10-23,16.529029846191406
2020-10-26,16.106666564941406
2020-10-27,15.871116638183594
2020-10-28,15.513742446899414
2020-10-29,15.67618465423584
2020-10-30,15.846755027770996
2020-11-02,16.23662757873535
2020-11-03,16.650867462158203
2020-11-04,16.650867462158203
2020-11-05,17.32502555847168
2020-11-06,17.03261947631836
2020-11-09,17.901710510253906
2020-11-10,18.787050247192383
2020-11-11,19.014482498168945
2020-11-12,18.84281349182129
2020-11-13,19.014482498168945
2020-11-16,19.235198974609375
2020-11-17,19.529489517211914
2020-11-18,19.09623146057129
2020-11-19,19.128925323486328
2020-11-20,18.94908332824707
2020-11-23,19.120752334594727
2020-11-24,19.455915451049805
2020-11-25,19.406869888305664
2020-11-27,19.267898559570312
2020-11-30,18.58121681213379
2020-12-01,19.05535125732422
2020-12-02,19.259719848632812
2020-12-03,19.1616268157959
2020-12-04,19.415042877197266
2020-12-07,19.21067237854004
2020-12-08,18.90003776550293
2020-12-09,19.398693084716797
2020-12-10,19.365995407104492
2020-12-11,19.112577438354492
2020-12-14,18.9245548248291
2020-12-15,19.21885108947754
2020-12-16,19.227025985717773
2020-12-17,19.128925323486328
2020-12-18,19.21067237854004
2020-12-21,19.21067237854004
2020-12-22,18.744714736938477
2020-12-23,19.349647521972656
2020-12-24,19.349647521972656
2020-12-28,19.791080474853516
2020-12-29,19.643932342529297
2020-12-30,19.709331512451172
2020-12-31,20.10989761352539
2021-01-04,20.28973960876465
2021-01-05,20.371496200561523
2021-01-06,21.52412986755371
2021-01-07,21.385162353515625
2021-01-08,21.573179244995117
2021-01-11,21.883819580078125
2021-01-12,21.78571891784668
2021-01-13,21.744844436645508
2021-01-14,21.573179244995117
2021-01-15,21.385162353515625
2021-01-19,21.11539077758789
2021-01-20,21.14809226989746
2021-01-21,20.992769241333008
2021-01-22,20.518634796142578
2021-01-25,20.052669525146484
2021-01-26,19.856483459472656
2021-01-27,18.90003776550293
2021-01-28,19.529489517211914
2021-01-29,19.088048934936523
2021-02-01,19.684810638427734
2021-02-02,19.91370391845703
2021-02-03,20.13442039489746
2021-02-04,20.698476791381836
2021-02-05,20.853797912597656
2021-02-08,21.867464065551758
2021-02-09,21.908344268798828
2021-02-10,22.684946060180664
2021-02-11,23.500123977661133
2021-02-12,23.771848678588867
2021-02-16,23.928298950195312
2021-02-17,23.40131187438965
2021-02-18,23.302505493164062
2021-02-19,23.804780960083008
2021-02-22,24.051807403564453
2021-02-23,23.862422943115234
2021-02-24,24.80110740661621
2021-02-25,24.08474349975586
2021-02-26,23.911827087402344
2021-03-01,24.70230484008789
2021-03-02,24.61996078491211
2021-03-03,25.237516403198242
2021-03-04,24.479978561401367
2021-03-05,25.138708114624023
2021-03-08,26.077392578125
2021-03-09,26.085628509521484
2021-03-10,26.365585327148438
2021-03-11,26.431461334228516
2021-03-12,27.2383975982666
2021-03-15,27.172529220581055
2021-03-16,27.46895980834961
2021-03-17,28.22649574279785
2021-03-18,27.732454299926758
2021-03-19,27.78185272216797
2021-03-22,27.921833038330078
2021-03-23,27.098424911499023
2021-03-24,26.785526275634766
2021-03-25,25.995052337646484
2021-03-26,25.608049392700195
2021-03-29,24.932857513427734
2021-03-30,25.550411224365234
2021-03-31,24.78464126586914
2021-04-01,25.0234317779541
2021-04-05,24.982257843017578
2021-04-06,25.05636215209961
2021-04-07,25.805673599243164
2021-04-08,25.501008987426758
2021-04-09,25.698627471923828
2021-04-12,26.143266677856445
2021-04-13,25.706857681274414
2021-04-14,26.29147720336914
2021-04-15,26.258546829223633
2021-04-16,26.793764114379883
2021-04-19,26.933740615844727
2021-04-20,26.20914077758789
2021-04-21,26.629079818725586
2021-04-22,26.04446029663086
2021-04-23,26.760826110839844
2021-04-26,26.97490882873535
2021-04-27,27.147829055786133
2021-04-28,27.230165481567383
2021-04-29,27.279573440551758
2021-04-30,26.76905632019043
2021-05-03,26.941972732543945
2021-05-04,26.35735321044922
2021-05-05,26.966676712036133
2021-05-06,27.683042526245117
2021-05-07,27.88066291809082
2021-05-10,27.419551849365234
2021-05-11,26.76905632019043
2021-05-12,25.68215560913086
2021-05-13,25.96211814880371
2021-05-14,26.85707664489746
2021-05-17,26.724485397338867
2021-05-18,26.301870346069336
2021-05-19,26.06155776977539
2021-05-20,25.779813766479492
2021-05-21,26.426172256469727
2021-05-24,26.732778549194336
2021-05-25,26.136137008666992
2021-05-26,26.285297393798828
2021-05-27,26.67477035522461
2021-05-28,26.625049591064453
2021-06-01,26.757644653320312
2021-06-02,26.33501434326172
2021-06-03,26.434459686279297
2021-06-04,26.54218101501465
2021-06-07,26.492467880249023
2021-06-08,26.807353973388672
2021-06-09,26.492467880249023
2021-06-10,26.17757225036621
2021-06-11,26.57533073425293
2021-06-14,26.020124435424805
2021-06-15,25.85439109802246
2021-06-16,26.34330177307129
2021-06-17,24.992576599121094
2021-06-18,24.32964324951172
2021-06-21,24.89313507080078
2021-06-22,24.85170555114746
2021-06-23,25.440053939819336
2021-06-24,26.136137008666992
2021-06-25,26.707918167114258
2021-06-28,26.48417854309082
2021-06-29,28.356956481933594
2021-06-30,28.340391159057617
2021-07-01,28.042072296142578
2021-07-02,27.926057815551758
2021-07-06,27.685745239257812
2021-07-07,27.064245223999023
2021-07-08,25.69694709777832
2021-07-09,26.45931625366211
2021-07-12,26.815643310546875
2021-07-13,26.451032638549805
2021-07-14,27.876338958740234
2021-07-15,28.149789810180664
2021-07-16,27.652597427368164
2021-07-19,26.64991569519043
2021-07-20,27.32113265991211
2021-07-21,27.785181045532227
2021-07-22,27.28798484802246
2021-07-23,26.948230743408203
2021-07-26,27.254837036132812
2021-07-27,27.21339988708496
2021-07-28,27.304555892944336
2021-07-29,27.743749618530273
2021-07-30,27.503437042236328
2021-08-02,27.859764099121094
2021-08-03,27.950916290283203
2021-08-04,27.652597427368164
2021-08-05,28.431541442871094
2021-08-06,28.937028884887695
2021-08-09,29.02817726135254
2021-08-10,29.22706413269043
2021-08-11,29.633113861083984
2021-08-12,29.558521270751953
2021-08-13,29.283138275146484
2021-08-16,29.216381072998047
2021-08-17,28.940990447998047
2021-08-18,28.899259567260742
2021-08-19,28.356830596923828
2021-08-20,28.76573371887207
2021-08-23,29.742122650146484
2021-08-24,30.08427619934082
2021-08-25,30.68512725830078
2021-08-26,30.66843605041504
2021-08-27,31.41115379333496
2021-08-30,30.860376358032227
2021-08-31,30.84368133544922
2021-09-01,30.55160140991211
2021-09-02,30.66008949279785
2021-09-03,30.493186950683594
2021-09-07,30.626705169677734
2021-09-08,30.635046005249023
2021-09-09,30.710159301757812
2021-09-10,30.559953689575195
2021-09-13,30.735193252563477
2021-09-14,30.584980010986328
2021-09-15,30.60167121887207
2021-09-16,30.418073654174805
2021-09-17,30.493186950683594
2021-09-20,29.959096908569336
2021-09-21,29.783845901489258
2021-09-22,30.29290771484375
2021-09-23,31.094039916992188
2021-09-24,31.11907386779785
2021-09-27,31.586400985717773
2021-09-28,31.302663803100586
2021-09-29,31.469562530517578
2021-09-30,30.98554801940918
2021-10-01,31.636470794677734
2021-10-04,31.66985511779785
2021-10-05,31.961933135986328
2021-10-06,32.42091369628906
2021-10-07,32.77975845336914
2021-10-08,33.28881072998047
2021-10-11,33.72275924682617
2021-10-12,33.747798919677734
2021-10-13,33.847938537597656
2021-10-14,34.5072021484375
2021-10-15,34.74087142944336
2021-10-18,35.03295135498047
2021-10-19,35.057979583740234
2021-10-20,35.091365814208984
2021-10-21,35.350059509277344
2021-10-22,35.69220733642578
2021-10-25,36.15120315551758
2021-10-26,35.96760940551758
2021-10-27,35.20819091796875
2021-10-28,35.900848388671875
2021-10-29,35.8841552734375
2021-11-01,36.01767349243164
2021-11-02,36.56010437011719
2021-11-03,36.835506439208984
2021-11-04,36.25968551635742
2021-11-05,36.1845817565918
2021-11-08,36.20961380004883
2021-11-09,35.56703567504883
2021-11-10,35.10806655883789
2021-11-11,35.96760940551758
2021-11-12,36.12709045410156
2021-11-15,36.00117874145508
2021-11-16,34.7169189453125
2021-11-17,34.028629302978516
2021-11-18,33.72644805908203
2021-11-19,33.23122024536133
2021-11-22,33.60053253173828
2021-11-23,33.927913665771484
2021-11-24,33.55857467651367
2021-11-26,32.803131103515625
2021-11-29,32.20716857910156
2021-11-30,31.544050216674805
2021-12-01,31.5020751953125
2021-12-02,32.68561553955078
2021-12-03,31.988924026489258
2021-12-06,32.46736526489258
2021-12-07,33.15566635131836
2021-12-08,32.3834342956543
2021-12-09,32.17359161376953
2021-12-10,32.14841079711914
2021-12-13,31.5020751953125
2021-12-14,32.3162956237793
2021-12-15,32.37503433227539
2021-12-16,32.08964920043945
2021-12-17,31.426536560058594
2021-12-20,30.37730598449707
2021-12-21,31.4685001373291
2021-12-22,31.762296676635742
2021-12-23,32.433799743652344
2021-12-27,32.8115234375
2021-12-28,32.8450927734375
2021-12-29,32.89546203613281
2021-12-30,32.72758102416992
2021-12-31,32.56810760498047
2022-01-03,33.164066314697266
2022-01-04,33.8355712890625
2022-01-05,32.97100830078125
2022-01-06,33.7600212097168
2022-01-07,33.89432907104492
2022-01-10,34.02024459838867
2022-01-11,34.77567672729492
2022-01-12,31.55244255065918
2022-01-13,31.94696044921875
2022-01-14,31.58601951599121
2022-01-18,31.56923484802246
2022-01-19,30.42766571044922
2022-01-20,30.46964454650879
2022-01-21,29.596683502197266
2022-01-24,29.17698860168457
2022-01-25,29.286109924316406
2022-01-26,29.3532657623291
2022-01-27,29.26093292236328
2022-01-28,29.840103149414062
2022-01-31,30.755033493041992
2022-02-01,30.948089599609375
2022-02-02,31.099185943603516
2022-02-03,31.05721092224121
2022-02-04,31.812654495239258
2022-02-07,32.11483383178711
2022-02-08,32.668827056884766
2022-02-09,33.15566635131836
2022-02-10,32.19037628173828
2022-02-11,31.792753219604492
2022-02-14,31.76738166809082
2022-02-15,31.961950302124023
2022-02-16,32.13961410522461
2022-02-17,31.022897720336914
2022-02-18,30.921375274658203
2022-02-22,30.261493682861328
2022-02-23,29.872329711914062
2022-02-24,29.212448120117188
2022-02-25,30.472999572753906
2022-02-28,30.06691551208496
2022-03-01,28.687931060791016
2022-03-02,29.474712371826172
2022-03-03,29.077096939086914
2022-03-04,27.918067932128906
2022-03-07,25.76076316833496
2022-03-08,25.32084083557129
2022-03-09,26.708284378051758
2022-03-10,26.141462326049805
2022-03-11,25.7269229888916
2022-03-14,27.029766082763672
2022-03-15,27.266647338867188
2022-03-16,28.019590377807617
2022-03-17,28.028047561645508
2022-03-18,27.68118667602539
2022-03-21,27.27510643005371
2022-03-22,27.579669952392578
2022-03-23,26.75904655456543
2022-03-24,27.190505981445312
2022-03-25,27.368165969848633
2022-03-28,27.038223266601562
2022-03-29,28.214168548583984
2022-03-30,28.03650665283203
2022-03-31,27.791168212890625
2022-04-01,28.163408279418945
2022-04-04,28.298770904541016
2022-04-05,27.50352668762207
2022-04-06,27.105905532836914
2022-04-07,26.987464904785156
2022-04-08,27.528907775878906
2022-04-11,27.207427978515625
2022-04-12,26.68290901184082
2022-04-13,26.59830665588379
2022-04-14,26.852102279663086
2022-04-18,27.56275177001953
2022-04-19,28.51026725769043
2022-04-20,29.043249130249023
2022-04-21,28.129575729370117
2022-04-22,27.139745712280273
2022-04-25,27.613506317138672
2022-04-26,26.640607833862305
2022-04-27,26.75904655456543
2022-04-28,26.869028091430664
2022-04-29,26.023025512695312
2022-05-02,26.95362663269043
2022-05-03,27.486610412597656
2022-05-04,28.18878746032715
2022-05-05,27.63888931274414
2022-05-06,27.14820671081543
2022-05-09,27.088987350463867
2022-05-10,26.59830665588379
2022-05-11,25.845361709594727
2022-05-12,25.515424728393555
2022-05-13,26.224658966064453
2022-05-16,26.139209747314453
2022-05-17,27.489320755004883
2022-05-18,26.438283920288086
2022-05-19,26.147750854492188
2022-05-20,25.891403198242188
2022-05-23,26.67754554748535
2022-05-24,26.01103401184082
2022-05-25,26.805723190307617
2022-05-26,27.711488723754883
2022-05-27,28.155832290649414
2022-05-31,28.21565055847168
2022-06-01,27.30987548828125
2022-06-02,27.81403350830078
2022-06-03,27.284242630004883
2022-06-06,27.668766021728516
2022-06-07,27.711488723754883
2022-06-08,26.959529876708984
2022-06-09,25.720500946044922
2022-06-10,24.387479782104492
2022-06-13,23.131362915039062
2022-06-14,23.319353103637695
2022-06-15,23.772239685058594
2022-06-16,22.4904842376709
2022-06-17,22.601573944091797
2022-06-21,23.105730056762695
2022-06-22,23.148454666137695
2022-06-23,22.960464477539062
2022-06-24,23.78078269958496
2022-06-27,23.89186668395996
2022-06-28,24.139673233032227
2022-06-29,23.840600967407227
2022-06-30,23.601341247558594
2022-07-01,23.866235733032227
2022-07-05,24.15676498413086
2022-07-06,23.68678855895996
2022-07-07,24.114038467407227
2022-07-08,24.07986068725586
2022-07-11,23.985858917236328
2022-07-12,24.06276512145996
2022-07-13,23.951683044433594
2022-07-14,23.47316551208496
2022-07-15,24.216577529907227
2022-07-18,23.960227966308594
2022-07-19,24.994178771972656
2022-07-20,25.98539924621582
2022-07-21,26.506643295288086
2022-07-22,26.67754554748535
2022-07-25,26.46392250061035
2022-07-26,26.310104370117188
2022-07-27,27.215879440307617
2022-07-28,27.643129348754883
2022-07-29,27.83112335205078
2022-08-01,27.89093780517578
2022-08-02,27.69440460205078
2022-08-03,28.044748306274414
2022-08-04,28.21565055847168
2022-08-05,28.18146514892578
2022-08-08,28.275461196899414
2022-08-09,28.386550903320312
2022-08-10,29.16414451599121
2022-08-11,29.49740219116211
2022-08-12,30.049074172973633
2022-08-15,30.17837905883789
2022-08-16,30.074934005737305
2022-08-17,30.15251922607422
2022-08-18,30.307674407958984
2022-08-19,29.38534164428711
2022-08-22,28.428525924682617
2022-08-23,28.549209594726562
2022-08-24,28.69574737548828
2022-08-25,29.04054069519043
2022-08-26,27.928571701049805
2022-08-29,27.738933563232422
2022-08-30,27.644113540649414
2022-08-31,27.661352157592773
2022-09-01,27.471715927124023
2022-09-02,27.15277862548828
2022-09-06,27.48895263671875
2022-09-07,28.057872772216797
2022-09-08,28.6871280670166
2022-09-09,29.359479904174805
2022-09-12,29.316383361816406
2022-09-13,28.41128921508789
2022-09-14,28.41128921508789
2022-09-15,28.773326873779297
2022-09-16,28.30784797668457
2022-09-19,28.937103271484375
2022-09-20,28.30784797668457
2022-09-21,27.894092559814453
2022-09-22,26.713163375854492
2022-09-23,25.84255027770996
2022-09-26,25.18743896484375
2022-09-27,25.058135986328125
2022-09-28,25.627052307128906
2022-09-29,25.08399772644043
2022-09-30,25.42879295349121
2022-10-03,26.44594383239746
2022-10-04,28.238889694213867
2022-10-05,28.118209838867188
2022-10-06,27.997529983520508
2022-10-07,27.1441593170166
2022-10-10,27.29069709777832
2022-10-11,26.87693977355957
2022-10-12,26.851083755493164
2022-10-13,27.187257766723633
2022-10-14,26.583864212036133
2022-10-17,27.282075881958008
2022-10-18,28.09235191345215
2022-10-19,27.894092559814453
2022-10-20,27.471715927124023
2022-10-21,28.316469192504883
2022-10-24,28.618167877197266
2022-10-25,28.618167877197266
2022-10-26,28.988821029663086
2022-10-27,29.178464889526367
2022-10-28,29.59221649169922
2022-10-31,29.661178588867188
2022-11-01,29.281896591186523
2022-11-02,29.49739646911621
2022-11-03,28.816425323486328
2022-11-04,29.359479904174805
2022-11-07,29.62670135498047
2022-11-08,29.756000518798828
2022-11-09,29.15260124206543
2022-11-10,31.62257194519043
2022-11-11,32.657527923583984
2022-11-14,32.083518981933594
2022-11-15,32.761898040771484
2022-11-16,32.33574295043945
2022-11-17,32.44009780883789
2022-11-18,32.70100784301758
2022-11-21,32.22267150878906
2022-11-22,32.72710037231445
2022-11-23,32.761898040771484
2022-11-25,33.14455795288086
2022-11-28,32.474876403808594
2022-11-29,32.457489013671875
2022-11-30,33.040199279785156
2022-12-01,33.06629180908203
2022-12-02,32.81407165527344
2022-12-05,31.38775062561035
2022-12-06,31.231203079223633
2022-12-07,30.918107986450195
2022-12-08,31.144235610961914
2022-12-09,31.074657440185547
2022-12-12,31.587785720825195
2022-12-13,32.10960388183594
2022-12-14,31.518207550048828
2022-12-15,30.34410285949707
2022-12-16,30.40498161315918
2022-12-19,30.439769744873047
2022-12-20,30.613712310791016
2022-12-21,31.02246856689453
2022-12-22,30.039703369140625
2022-12-23,30.38758659362793
2022-12-27,30.091888427734375
2022-12-28,29.86576271057129
2022-12-29,30.0657958984375
2022-12-30,29.813583374023438
2023-01-03,29.761398315429688
2023-01-04,33.64029312133789
2023-01-05,32.24007034301758
2023-01-06,32.570552825927734
2023-01-09,32.83146667480469
2023-01-10,34.06645202636719
2023-01-11,34.309967041015625
2023-01-12,35.005733489990234
2023-01-13,35.19708251953125
2023-01-17,34.860252380371094
2023-01-18,34.54185485839844
2023-01-19,34.08700180053711
2023-01-20,34.63282012939453
2023-01-23,35.096778869628906
2023-01-24,34.960323333740234
2023-01-25,35.43336486816406
2023-01-26,35.67898941040039
2023-01-27,35.59712219238281
2023-01-30,35.2241325378418
2023-01-31,35.73357391357422
2023-02-01,35.87912368774414
2023-02-02,36.24302291870117
2023-02-03,36.05198287963867
2023-02-06,35.92461395263672
2023-02-07,36.11565399169922
2023-02-08,35.851837158203125
2023-02-09,35.442466735839844
2023-02-10,35.57081604003906
2023-02-13,36.25839614868164
2023-02-14,36.10254669189453
2023-02-15,36.02920913696289
2023-02-16,35.359954833984375
2023-02-17,35.781673431396484
2023-02-21,34.69987487792969
2023-02-22,34.525691986083984
2023-02-23,34.773223876953125
2023-02-24,34.53485870361328
2023-02-27,34.489017486572266
2023-02-28,34.64487838745117
2023-03-01,34.32400131225586
2023-03-02,34.04896926879883
2023-03-03,34.24148941040039
2023-03-06,33.72809600830078
2023-03-07,32.930511474609375
2023-03-08,32.96718215942383
2023-03-09,31.656187057495117
2023-03-10,30.271867752075195
2023-03-13,27.943260192871094
2023-03-14,29.34592056274414
2023-03-15,28.33747100830078
2023-03-16,28.603334426879883
2023-03-17,27.530710220336914
2023-03-20,28.190792083740234
2023-03-21,28.750019073486328
2023-03-22,28.053274154663086
2023-03-23,27.3931941986084
2023-03-24,26.971477508544922
2023-03-27,27.640724182128906
2023-03-28,27.686565399169922
2023-03-29,28.548330307006836
2023-03-30,28.40165138244629
2023-03-31,29.0983943939209
2023-04-03,28.970046997070312
2023-04-04,28.61250114440918
2023-04-05,28.447484970092773
2023-04-06,28.805025100708008
2023-04-10,28.878368377685547
2023-04-11,28.832530975341797
2023-04-12,28.025768280029297
2023-04-13,28.45665168762207
2023-04-14,28.392478942871094
2023-04-17,28.75918960571289
2023-04-18,28.8233642578125
2023-04-19,29.04339027404785
2023-04-20,28.750019073486328
2023-04-21,28.69501304626465
2023-04-24,28.493324279785156
2023-04-25,28.23662757873535
2023-04-26,27.759906768798828
2023-04-27,29.71263313293457
2023-04-28,29.364259719848633
2023-05-01,29.13506317138672
2023-05-02,28.07160758972168
2023-05-03,27.805740356445312
2023-05-04,26.659778594970703
2023-05-05,27.787403106689453
2023-05-08,27.714061737060547
2023-05-09,27.686565399169922
2023-05-10,27.52153968811035
2023-05-11,27.374858856201172
2023-05-12,27.42116355895996
2023-05-15,27.921247482299805
2023-05-16,27.31929588317871
2023-05-17,28.143505096435547
2023-05-18,28.19906997680664
2023-05-19,28.143505096435547
2023-05-22,28.47689437866211
2023-05-23,28.615800857543945
2023-05-24,28.041635513305664
2023-05-25,27.94902801513672
2023-05-26,28.254634857177734
2023-05-30,28.458372116088867
2023-05-31,27.8471622467041
2023-06-01,27.874942779541016
2023-06-02,28.995494842529297
2023-06-05,28.467632293701172
2023-06-06,29.162189483642578
2023-06-07,29.47705841064453
2023-06-08,29.273319244384766
2023-06-09,29.393709182739258
2023-06-12,29.33814811706543
2023-06-13,30.57908821105957
2023-06-14,30.393875122070312
2023-06-15,30.77356719970703
2023-06-16,30.523527145385742
2023-06-20,30.625389099121094
2023-06-21,29.940099716186523
2023-06-22,29.393709182739258
2023-06-23,29.097362518310547
2023-06-26,29.199234008789062
2023-06-27,29.57892417907715
2023-06-28,30.625389099121094
2023-06-29,30.90321159362793
2023-06-30,30.717994689941406
2023-07-03,31.116214752197266
2023-07-05,30.449438095092773
2023-07-06,29.875272750854492
2023-07-07,30.180875778198242
2023-07-10,30.55130958557129
2023-07-11,31.12548065185547
2023-07-12,32.64424133300781
2023-07-13,33.079505920410156
2023-07-14,32.69981002807617
2023-07-17,32.912803649902344
2023-07-18,33.80183410644531
2023-07-19,33.968536376953125
2023-07-20,34.18153762817383
2023-07-21,34.09819030761719
2023-07-24,34.21857833862305
2023-07-25,34.20930862426758
2023-07-26,34.32044982910156
2023-07-27,34.22783660888672
2023-07-28,34.17227554321289
2023-07-31,34.070396423339844
2023-08-01,33.48697280883789
2023-08-02,33.23693084716797
2023-08-03,33.04245376586914
2023-08-04,32.87576675415039
2023-08-07,32.94058609008789
2023-08-08,32.78315353393555
2023-08-09,32.52385330200195
2023-08-10,32.47754669189453
2023-08-11,32.7110710144043
2023-08-14,32.664363861083984
2023-08-15,32.17864990234375
2023-08-16,31.98249626159668
2023-08-17,31.786338806152344
2023-08-18,31.889083862304688
2023-08-21,31.98249626159668
2023-08-22,31.991832733154297
2023-08-23,32.3841438293457
2023-08-24,32.300079345703125
2023-08-25,32.440185546875
2023-08-28,32.76711654663086
2023-08-29,33.22480392456055
2023-08-30,33.411617279052734
2023-08-31,33.33689498901367
2023-09-01,33.94403839111328
2023-09-05,34.00941848754883
2023-09-06,34.411067962646484
2023-09-07,34.168216705322266
2023-09-08,34.5978889465332
2023-09-11,33.97205352783203
2023-09-12,34.61656951904297
2023-09-13,34.756675720214844
2023-09-14,35.681400299072266
2023-09-15,36.12041473388672
2023-09-18,35.793487548828125
2023-09-19,35.70942306518555
2023-09-20,35.4292106628418
2023-09-21,35.018211364746094
2023-09-22,34.756675720214844
2023-09-25,34.62590026855469
2023-09-26,33.85996627807617
2023-09-27,33.85063552856445
2023-09-28,34.48579406738281
2023-09-29,34.21491622924805
2023-10-02,33.43964767456055
2023-10-03,32.73908233642578
2023-10-04,32.7110710144043
2023-10-05,33.000633239746094
2023-10-06,33.159423828125
2023-10-09,32.8885383605957
2023-10-10,32.925907135009766
2023-10-11,32.60832214355469
2023-10-12,31.720951080322266
2023-10-13,31.06710433959961
2023-10-16,31.60887336730957
2023-10-17,31.92644691467285
2023-10-18,30.497331619262695
2023-10-19,30.039630889892578
2023-10-20,30.133037567138672
2023-10-23,29.946226119995117
2023-10-24,30.487985610961914
2023-10-25,30.03029441833496
2023-10-26,30.095674514770508
2023-10-27,29.591279983520508
2023-10-30,29.880840301513672
2023-10-31,30.058311462402344
2023-11-01,30.43193817138672
2023-11-02,31.244577407836914
2023-11-03,32.570953369140625
2023-11-06,32.085235595703125
2023-11-07,32.300079345703125
2023-11-08,32.03853225708008
2023-11-09,31.422054290771484
2023-11-10,31.978118896484375
2023-11-13,31.95926284790039
2023-11-14,32.80748748779297
2023-11-15,33.005409240722656
2023-11-16,32.750938415527344
2023-11-17,33.005409240722656
2023-11-20,32.89230728149414
2023-11-21,32.64726638793945
2023-11-22,32.901737213134766
2023-11-24,33.02425765991211
2023-11-27,32.675537109375
2023-11-28,32.637840270996094
2023-11-29,33.16562271118164
2023-11-30,33.401241302490234
2023-12-01,34.2683219909668
2023-12-04,34.71128463745117
2023-12-05,34.53220748901367
2023-12-06,34.1269416809082
2023-12-07,34.334293365478516
2023-12-08,34.76782989501953
2023-12-11,34.635887145996094
2023-12-12,34.35314178466797
2023-12-13,35.35216522216797
2023-12-14,36.615074157714844
2023-12-15,36.37003707885742
2023-12-18,35.955345153808594
2023-12-19,36.662193298339844
2023-12-20,36.172119140625
2023-12-21,36.95436477661133
2023-12-22,37.61409378051758
2023-12-26,38.25497817993164
2023-12-27,38.40577697753906
2023-12-28,38.38692855834961
2023-12-29,38.08533477783203
2024-01-02,38.09476089477539
2024-01-03,37.57639694213867
2024-01-04,37.3125114440918
2024-01-05,37.84029769897461
2024-01-08,38.3492317199707
2024-01-09,37.56697463989258
2024-01-10,37.35963439941406
2024-01-11,37.24653244018555
2024-01-12,37.557552337646484
2024-01-16,37.680076599121094
2024-01-17,36.681053161621094
2024-01-18,37.02033996582031
2024-01-19,37.82144546508789
2024-01-22,38.264404296875
2024-01-23,38.1324577331543
2024-01-24,38.52830505371094
2024-01-25,38.5377197265625
2024-01-26,38.58484649658203
2024-01-29,38.6319694519043
2024-01-30,38.5377197265625
2024-01-31,38.41520309448242
2024-02-01,38.264404296875
2024-02-02,38.28325653076172
2024-02-05,37.82144546508789
2024-02-06,37.65180206298828
2024-02-07,37.774322509765625
2024-02-08,37.9910888671875
2024-02-09,38.4906005859375
2024-02-12,39.00895690917969
2024-02-13,37.8591423034668
2024-02-14,38.320953369140625
2024-02-15,39.1090202331543
2024-02-16,39.04255676269531
2024-02-20,38.947608947753906
2024-02-21,39.03306579589844
2024-02-22,39.38437271118164
2024-02-23,39.95405960083008
2024-02-26,39.147003173828125
2024-02-27,39.17548370361328
2024-02-28,39.308414459228516
2024-02-29,39.70719528198242
2024-03-01,39.69770050048828
2024-03-04,40.295875549316406
2024-03-05,40.428794860839844
2024-03-06,40.02052307128906
2024-03-07,40.78960037231445
2024-03-08,41.140907287597656
2024-03-11,41.17888641357422
2024-03-12,41.17888641357422
2024-03-13,42.04291534423828
2024-03-14,41.51121139526367
2024-03-15,41.25484848022461
2024-03-18,41.39727020263672
2024-03-19,41.79604721069336
2024-03-20,42.57461929321289
2024-03-21,43.5430908203125
2024-03-22,43.03036880493164
2024-03-25,42.9734001159668
2024-03-26,42.9354248046875
2024-03-27,43.7994499206543
2024-03-28,41.87200164794922
2024-04-01,41.34979248046875
2024-04-02,41.02696990966797
2024-04-03,41.92897415161133
2024-04-04,41.520694732666016
2024-04-05,41.60614776611328
2024-04-08,42.204322814941406
2024-04-09,41.92897415161133
2024-04-10,41.30231857299805
2024-04-11,40.61869430541992
2024-04-12,39.68820571899414
2024-04-15,39.213462829589844
2024-04-16,38.96659851074219
2024-04-17,39.1090202331543
2024-04-18,39.42234802246094
2024-04-19,40.03950881958008
2024-04-22,41.3307991027832
2024-04-23,42.337249755859375
2024-04-24,42.346744537353516
2024-04-25,41.264339447021484
2024-04-26,41.359283447265625
2024-04-29,41.47322082519531
2024-04-30,40.88454818725586
2024-05-01,41.03646469116211
2024-05-02,41.69160079956055
2024-05-03,42.59360885620117
2024-05-06,43.33419418334961
2024-05-07,43.34370040893555
2024-05-08,43.52409362792969
2024-05-09,43.60955047607422
2024-05-10,44.15074920654297
2024-05-13,43.68551254272461
2024-05-14,43.846920013427734
2024-05-15,44.88185119628906
2024-05-16,44.8913459777832
2024-05-17,45.216224670410156
2024-05-20,44.97734451293945
2024-05-21,45.111122131347656
2024-05-22,44.63335037231445
2024-05-23,43.84025192260742
2024-05-24,44.404022216796875
2024-05-28,43.84980392456055
2024-05-29,43.46759033203125
2024-05-30,43.754249572753906
2024-05-31,44.45179748535156
2024-06-03,44.07914352416992
2024-06-04,43.36248016357422
2024-06-05,43.58226013183594
2024-06-06,43.12359619140625
2024-06-07,42.550270080566406
2024-06-10,42.30183029174805
2024-06-11,41.317623138427734
2024-06-12,41.785831451416016
2024-06-13,41.95783615112305
2024-06-14,42.06294250488281
2024-06-17,42.961151123046875
2024-06-18,44.43268585205078
2024-06-20,43.84980392456055
2024-06-21,43.716033935546875
2024-06-24,44.27980041503906
2024-06-25,43.99313735961914
2024-06-26,43.96446990966797
2024-06-27,46.74509811401367
2024-06-28,47.54774856567383
2024-07-01,47.748416900634766
2024-07-02,48.47462844848633
2024-07-03,48.7803955078125
2024-07-05,48.42684555053711
2024-07-08,48.73262405395508
2024-07-09,49.21039962768555
2024-07-10,50.223270416259766
2024-07-11,51.064144134521484
2024-07-12,51.44636154174805
2024-07-15,52.53568649291992
2024-07-16,54.2461051940918
2024-07-17,53.51032638549805
2024-07-18,52.363677978515625
2024-07-19,52.019683837890625
2024-07-22,52.43056869506836
2024-07-23,53.31922149658203
2024-07-24,52.17257308959961
2024-07-25,53.701438903808594
2024-07-26,54.427650451660156
2024-07-29,54.60920333862305
2024-07-30,55.12519836425781
2024-07-31,55.870521545410156
2024-08-01,53.93077087402344
2024-08-02,51.809471130371094
2024-08-05,50.47171401977539
2024-08-06,51.72346496582031
2024-08-07,51.43680191040039
2024-08-08,52.86056137084961
2024-08-09,52.75545120239258
2024-08-12,52.526123046875
2024-08-13,53.118560791015625
2024-08-14,54.47542953491211
2024-08-15,54.58053970336914
2024-08-16,54.981868743896484
2024-08-19,55.356807708740234
2024-08-20,54.90495300292969
2024-08-21,55.270286560058594
2024-08-22,55.17414093017578
2024-08-23,56.702754974365234
2024-08-26,56.029781341552734
2024-08-27,56.337425231933594
2024-08-28,55.93364715576172
2024-08-29,56.827735900878906
2024-08-30,57.63529586791992
2024-09-03,55.058773040771484
2024-09-04,55.472171783447266
2024-09-05,55.55870056152344
2024-09-06,53.95317840576172
2024-09-09,54.68383026123047
2024-09-10,54.135841369628906
2024-09-11,54.23197937011719
2024-09-12,55.337581634521484
2024-09-13,56.27973937988281
2024-09-16,57.366111755371094
2024-09-17,58.4813232421875
2024-09-18,58.433250427246094
2024-09-19,59.884952545166016
2024-09-20,59.67344284057617
2024-09-23,59.6638298034668
2024-09-24,60.0676155090332
2024-09-25,59.577308654785156
2024-09-26,58.788970947265625
2024-09-27,58.721675872802734
2024-09-30,59.173526763916016
2024-10-01,59.461936950683594
2024-10-02,59.933021545410156
2024-10-03,60.115684509277344
2024-10-04,60.894412994384766
2024-10-07,60.836727142333984
2024-10-08,61.20206069946289
2024-10-09,61.11552429199219
2024-10-10,60.663673400878906
2024-10-11,61.75965881347656
2024-10-14,62.39418029785156
2024-10-15,62.942176818847656
2024-10-16,64.05738067626953
2024-10-17,64.6630630493164
2024-10-18,63.88432693481445
2024-10-21,62.846031188964844
2024-10-22,62.97101593017578
2024-10-23,61.75965881347656
2024-10-24,62.07691955566406
2024-10-25,61.548152923583984
2024-10-28,62.43263244628906
2024-10-29,62.442237854003906
2024-10-30,62.08653259277344
2024-10-31,61.509700775146484
2024-11-01,61.74043273925781
2024-11-04,61.36549377441406
2024-11-05,62.317264556884766
2024-11-06,69.27772521972656
2024-11-07,67.71066284179688
2024-11-08,68.73934936523438
2024-11-11,71.18128204345703
2024-11-12,71.45046997070312
2024-11-13,71.70043182373047
2024-11-14,70.6621322631836
2024-11-15,71.33509063720703
2024-11-18,71.31578826904297
2024-11-19,72.0788803100586
2024-11-20,72.35901641845703
2024-11-21,74.15565490722656
2024-11-22,75.9040298461914
2024-11-25,76.77337646484375
2024-11-26,76.74440002441406
2024-11-27,76.24210357666016
2024-11-29,76.44495391845703
2024-12-02,75.55628204345703
2024-12-03,75.29547119140625
2024-12-04,74.70625305175781
2024-12-05,75.33411407470703
2024-12-06,75.4596939086914
2024-12-09,76.80236053466797
2024-12-10,75.75912475585938
2024-12-11,77.51715087890625
2024-12-12,78.31888580322266
2024-12-13,78.1643295288086
2024-12-16,78.96607971191406
2024-12-17,76.4932632446289
2024-12-18,73.18006134033203
2024-12-19,72.69708251953125
2024-12-20,73.6243896484375
2024-12-23,74.8897705078125
2024-12-24,75.91368103027344
2024-12-26,77.08248901367188
2024-12-27,76.16482543945312
2024-12-30,76.18414306640625
2024-12-31,75.73015594482422
2025-01-02,76.32904052734375
2025-01-03,78.24160766601562
2025-01-06,78.54106140136719
2025-01-07,76.86996459960938
2025-01-08,77.4012451171875
2025-01-10,69.04580688476562
2025-01-13,68.46623229980469
2025-01-14,69.08444213867188
2025-01-15,71.78909301757812
2025-01-16,71.92431640625
2025-01-17,73.17040252685547
2025-01-21,75.21820068359375
2025-01-22,74.25225830078125
2025-01-23,73.2380142211914
2025-01-24,73.56643676757812
2025-01-27,72.33968353271484
2025-01-28,73.69200897216797
2025-01-29,73.1220932006836
2025-01-30,74.51306915283203
2025-01-31,74.27157592773438
2025-02-03,72.03058624267578
2025-02-04,72.18513488769531
2025-02-05,72.75503540039062
2025-02-06,73.88519287109375
2025-02-07,72.09819793701172
2025-02-10,70.76519775390625
2025-02-11,69.4708251953125
2025-02-12,68.3599853515625
2025-02-13,68.48556518554688
2025-02-14,69.43756103515625
2025-02-18,69.87469482421875
2025-02-19,67.5044174194336
2025-02-20,64.84271240234375
2025-02-21,63.744998931884766
2025-02-24,63.307857513427734
2025-02-25,62.94843673706055
2025-02-26,63.89071273803711
2025-02-27,63.00672149658203
2025-02-28,64.30842590332031
2025-03-03,61.94786071777344
2025-03-04,58.683868408203125
2025-03-05,59.12101364135742
2025-03-06,56.099876403808594
2025-03-07,54.64273452758789
2025-03-10,52.06845474243164
2025-03-11,52.85531234741211
2025-03-12,53.35073471069336
2025-03-13,52.7095947265625
2025-03-14,54.72045135498047
2025-03-17,55.97358703613281
2025-03-18,56.78958511352539
2025-03-19,57.60558319091797
2025-03-20,57.489013671875
2025-03-21,57.673583984375
2025-03-24,60.393577575683594
2025-03-25,59.93701171875
2025-03-26,58.567298889160156
2025-03-27,52.79702377319336
2025-03-28,50.72789001464844
2025-03-31,52.039310455322266
2025-04-01,52.01017379760742
2025-04-02,53.564449310302734
2025-04-03,46.579898834228516
2025-04-04,41.9073371887207
2025-04-07,40.935909271240234
2025-04-08,39.88676834106445
2025-04-09,45.85132598876953
2025-04-10,41.31476593017578
2025-04-11,41.53818893432617
2025-04-14,42.51933288574219
2025-04-15,42.898189544677734
2025-04-16,41.38275909423828
2025-04-17,41.61590576171875
2025-04-21,40.39191436767578
2025-04-22,42.159908294677734
2025-04-23,43.93761444091797
2025-04-24,45.385040283203125
2025-04-25,45.46275329589844
2025-04-28,45.60847091674805
2025-04-29,45.744468688964844
2025-04-30,45.39475631713867
2025-05-01,45.81247329711914
2025-05-02,47.862178802490234
2025-05-05,47.35703659057617
2025-05-06,46.81303787231445
2025-05-07,47.33761215209961
2025-05-08,48.92103958129883
2025-05-09,48.88217544555664
2025-05-12,52.50559997558594
2025-05-13,52.81645202636719
2025-05-14,52.69017028808594
2025-05-15,51.883888244628906
2025-05-16,51.19416809082031
2025-05-19,50.22510528564453
2025-05-20,49.60842514038086
2025-05-21,47.29832077026367
2025-05-22,47.85626983642578
2025-05-23,47.39620590209961
2025-05-27,48.7078742980957
2025-05-28,48.06182861328125
2025-05-29,48.36527633666992
2025-05-30,47.57240295410156
2025-06-02,47.32768630981445
2025-06-03,48.21844482421875
2025-06-04,48.042259216308594
2025-06-05,49.94123458862305
2025-06-06,51.30184555053711
2025-06-09,52.29048538208008
2025-06-10,51.58571243286133
2025-06-11,52.359012603759766
2025-06-12,52.45689392089844
2025-06-13,51.09628677368164
2025-06-16,52.76034164428711
2025-06-17,51.575923919677734
2025-06-18,52.0947151184082
2025-06-20,51.74232864379883
2025-06-23,52.77012634277344
2025-06-24,54.169891357421875
2025-06-25,54.73762893676758
2025-06-26,54.90403747558594
2025-06-27,54.57122039794922
2025-06-30,53.53363800048828
2025-07-01,54.3852424621582
2025-07-02,55.42282485961914
2025-07-03,55.736061096191406
2025-07-07,54.43418502807617
2025-07-08,53.51405715942383
2025-07-09,53.54342269897461
2025-07-10,54.51249313354492
2025-07-11,53.53363800048828
2025-07-14,54.66910934448242
2025-07-15,53.65110397338867
2025-07-16,53.8175048828125
2025-07-17,55.12916946411133
2025-07-18,55.050865173339844
2025-07-21,54.5516471862793
2025-07-22,54.98234176635742
2025-07-23,55.83395004272461
2025-07-24,55.82415771484375
2025-07-25,56.44083786010742
2025-07-28,56.30379867553711
2025-07-29,57.12603759765625
2025-07-30,57.351173400878906
2025-07-31,56.44083786010742
2025-08-01,54.727840423583984
2025-08-04,55.37388610839844
2025-08-05,56.47020721435547
2025-08-06,56.55830001831055
2025-08-07,56.372318267822266
2025-08-08,57.243499755859375
2025-08-11,57.644832611083984
2025-08-12,59.93535614013672
2025-08-13,61.65814208984375
2025-08-14,60.395416259765625
2025-08-15,58.96628952026367
2025-08-18,59.15351104736328
2025-08-19,58.897308349609375
2025-08-20,58.50314712524414
2025-08-21,58.28636169433594
2025-08-22,61.62686538696289
2025-08-25,61.232704162597656
2025-08-26,63.134525299072266
2025-08-27,63.814449310302734
2025-08-28,64.5337905883789
2025-08-29,63.90312957763672
2025-09-02,63.18379592895508
2025-09-03,62.8881721496582
2025-09-04,64.0213851928711
2025-09-05,62.572845458984375
2025-09-08,63.28233337402344
2025-09-09,63.351314544677734
2025-09-10,64.62248229980469
2025-09-11,66.1991195678711
2025-09-12,65.6768569946289
2025-09-15,65.93305969238281
2025-09-16,65.43050384521484
2025-09-17,65.55860137939453
2025-09-18,69.33267974853516
2025-09-19,68.47537994384766
2025-09-22,68.64291381835938
2025-09-23,67.14509582519531
2025-09-24,65.73597717285156
2025-09-25,64.96736907958984
2025-09-26,65.73597717285156
2025-09-29,65.68670654296875
2025-09-30,64.46481323242188
2025-10-01,62.56299591064453
2025-10-02,62.14912414550781
2025-10-03,61.518470764160156
2025-10-06,60.286720275878906
2025-10-07,58.23708724975586
2025-10-08,53.64512634277344
2025-10-09,52.23600769042969
2025-10-10,50.14696502685547
2025-10-13,52.94549560546875
2025-10-14,53.034183502197266
2025-10-15,53.802791595458984
2025-10-16,48.08747863769531
2025-10-17,50.94513702392578
2025-10-20,53.250972747802734
2025-10-21,54.265933990478516
2025-10-22,54.23637008666992
2025-10-23,54.09841537475586
2025-10-24,55.970672607421875
2025-10-27,55.7440299987793
2025-10-28,54.68965148925781
2025-10-29,52.13746643066406
2025-10-30,52.25571823120117
2025-10-31,52.05863952636719
2025-11-03,52.13746643066406
2025-11-04,52.22615432739258
2025-11-05,53.142578125
2025-11-06,52.55133819580078
2025-11-07,53.714107513427734
2025-11-10,54.9951286315918
2025-11-11,55.468116760253906
2025-11-12,58.542564392089844
2025-11-13,55.07395553588867
2025-11-14,54.67980194091797
2025-11-17,52.09916305541992
2025-11-18,52.833648681640625
2025-11-19,54.352256774902344
2025-11-20,53.240596771240234
2025-11-21,54.233150482177734
2025-11-24,54.927940368652344
2025-11-25,56.426692962646484
2025-11-26,56.80386734008789
2025-11-28,57.13140869140625
2025-12-01,56.49617385864258
2025-12-02,56.36714172363281
2025-12-03,57.97507858276367
2025-12-04,58.38202667236328
2025-12-05,58.67979049682617
2025-12-08,58.60039138793945
2025-12-09,59.13636779785156
2025-12-10,61.3696174621582
2025-12-11,62.76911544799805
2025-12-12,61.53834915161133
2025-12-15,61.091697692871094
2025-12-16,60.803855895996094
2025-12-17,60.58549880981445
2025-12-18,61.43909454345703
2025-12-19,61.48871994018555
2025-12-22,62.82866668701172
2025-12-23,62.997406005859375
2025-12-24,63.37457275390625
2025-12-26,63.43412780761719
2025-12-29,62.223209381103516
2025-12-30,62.26291275024414
2025-12-31,61.50857162475586
2026-01-02,62.98747634887695
2026-01-05,64.00980377197266
2026-01-06,65.76663208007812
2026-01-07,64.18846893310547
2026-01-08,60.595420837402344
2026-01-09,61.7864875793457
2026-01-12,62.26291275024414
2026-01-13,61.65745544433594
2026-01-14,62.02470016479492
2026-01-15,63.7715950012207
2026-01-16,62.97755432128906
2026-01-20,60.63512420654297
2026-01-21,61.48871994018555
2026-01-22,62.8782958984375
2026-01-23,61.84604263305664
2026-01-26,62.50112533569336
2026-01-27,61.76663589477539
2026-01-28,61.38946533203125
2026-01-29,60.74430465698242
2026-01-30,60.72445297241211
2026-02-02,59.92048263549805
2026-02-03,57.48872756958008
2026-02-04,58.4316520690918
2026-02-05,56.08922576904297
2026-02-06,58.50113296508789
2026-02-09,59.56316375732422
2026-02-10,59.64257049560547
2026-02-11,57.25051498413086
2026-02-12,53.67732238769531
2026-02-13,53.320003509521484
2026-02-17,51.97999954223633
2026-02-18,53.869998931884766
2026-02-19,53.150001525878906
2026-02-20,53.40999984741211
2026-02-23,50.33000183105469
2026-02-24,50.290000915527344
2026-02-25,50.689998626708984
2026-02-26,48.959999084472656
2026-02-27,44.400001525878906
2026-03-02,45.56999969482422
2026-03-03,44.66999816894531
2026-03-04,44.59000015258789
2026-03-05,44.279998779296875
2026-03-06,38.290000915527344
2026-03-09,38.15999984741211
2026-03-10,38.65999984741211
2026-03-11,38.709999084472656
2026-03-12,36.02000045776367
2026-03-13,36.36000061035156
2026-03-16,36.779998779296875
2026-03-17,38.08000183105469
2026-03-18,37.9900016784668
2026-03-19,38.209999084472656
2026-03-20,38.130001068115234
2026-03-23,39.54999923706055
2026-03-24,40.54999923706055
2026-03-25,39.63999938964844
2026-03-26,40.279998779296875
2026-03-27,39.849998474121094
2026-03-30,39.63999938964844
2026-03-31,41.27000045776367
2026-04-01,41.36000061035156
2026-04-02,41.66999816894531
2026-04-06,41.9900016784668
2026-04-07,42.04999923706055
2026-04-08,43.72999954223633
2026-04-09,45.11000061035156
2026-04-10,45.7599983215332
2026-04-13,46.209999084472656
2026-04-14,47.060001373291016
2026-04-15,46.84000015258789
2026-04-16,46.560001373291016
2026-04-17,48.09000015258789
2026-04-20,47.56999969482422
2026-04-21,47.619998931884766
2026-04-22,47.0099983215332
2026-04-23,45.689998626708984
2026-04-24,47.459999084472656
2026-04-27,47.869998931884766
2026-04-28,48.13999938964844
2026-04-29,47.459999084472656
2026-04-30,48.220001220703125
2026-05-01,49.290000915527344
2026-05-04,48.56999969482422
