date,close
2001-05-07,25.207210540771484
2001-05-08,25.168659210205078
2001-05-09,25.245752334594727
2001-05-10,24.9862117767334
2001-05-11,24.99137306213379
2001-05-14,25.127548217773438
2001-05-15,24.945119857788086
2001-05-16,25.63631248474121
2001-05-17,25.870141983032227
2001-05-18,26.04550552368164
2001-05-21,25.950084686279297
2001-05-22,25.529752731323242
2001-05-23,25.20223045349121
2001-05-24,25.130046844482422
2001-05-25,25.07847023010254
2001-05-29,25.127466201782227
2001-05-30,25.039785385131836
2001-05-31,25.00110626220703
2001-06-01,25.271867752075195
2001-06-04,25.823728561401367
2001-06-05,26.35238265991211
2001-06-06,26.587039947509766
2001-06-07,26.57671356201172
2001-06-08,26.305957794189453
2001-06-11,26.140913009643555
2001-06-12,26.251794815063477
2001-06-13,26.153806686401367
2001-06-14,26.25696563720703
2001-06-15,26.839773178100586
2001-06-18,26.83460235595703
2001-06-19,27.47931480407715
2001-06-20,27.649505615234375
2001-06-21,27.34519386291504
2001-06-22,27.020273208618164
2001-06-25,26.61283302307129
2001-06-26,26.360122680664062
2001-06-27,26.14864730834961
2001-06-28,26.922283172607422
2001-06-29,25.76699447631836
2001-07-02,26.401369094848633
2001-07-03,26.324010848999023
2001-07-05,26.25696563720703
2001-07-06,25.99909019470215
2001-07-09,26.881023406982422
2001-07-10,27.077011108398438
2001-07-11,27.51540184020996
2001-07-12,27.252361297607422
2001-07-13,27.360675811767578
2001-07-16,27.71138572692871
2001-07-17,28.31997299194336
2001-07-18,28.056934356689453
2001-07-19,27.953800201416016
2001-07-20,28.103349685668945
2001-07-23,27.644346237182617
2001-07-24,27.185319900512695
2001-07-25,27.18014907836914
2001-07-26,27.432886123657227
2001-07-27,27.340044021606445
2001-07-30,27.293624877929688
2001-07-31,27.902223587036133
2001-08-01,27.74748420715332
2001-08-02,27.432886123657227
2001-08-03,27.634023666381836
2001-08-06,27.52056312561035
2001-08-07,27.840330123901367
2001-08-08,27.701082229614258
2001-08-09,27.7784423828125
2001-08-10,28.376708984375
2001-08-13,28.727418899536133
2001-08-14,29.392744064331055
2001-08-15,29.39788818359375
2001-08-16,28.309648513793945
2001-08-17,27.812902450561523
2001-08-20,28.382102966308594
2001-08-21,28.097496032714844
2001-08-22,28.34588050842285
2001-08-23,28.273433685302734
2001-08-24,28.25273323059082
2001-08-27,28.12337303161621
2001-08-28,27.874998092651367
2001-08-29,27.569725036621094
2001-08-30,27.471385955810547
2001-08-31,27.274761199951172
2001-09-04,29.05479621887207
2001-09-05,29.10136604309082
2001-09-06,29.46356773376465
2001-09-07,28.837461471557617
2001-09-10,28.780534744262695
2001-09-17,28.884023666381836
2001-09-18,28.200992584228516
2001-09-19,27.704242706298828
2001-09-20,27.088476181030273
2001-09-21,27.031551361083984
2001-09-24,27.119535446166992
2001-09-25,27.39377212524414
2001-09-26,28.00954246520996
2001-09-27,28.190649032592773
2001-09-28,28.666690826416016
2001-10-01,28.677053451538086
2001-10-02,28.454547882080078
2001-10-03,28.08199119567871
2001-10-04,28.17511749267578
2001-10-05,28.304487228393555
2001-10-08,28.858156204223633
2001-10-09,28.687402725219727
2001-10-10,28.997867584228516
2001-10-11,28.428678512573242
2001-10-12,28.64082908630371
2001-10-15,28.832286834716797
2001-10-16,29.375608444213867
2001-10-17,29.8930606842041
2001-10-18,30.053451538085938
2001-10-19,30.229406356811523
2001-10-22,30.513988494873047
2001-10-23,30.45189094543457
2001-10-24,30.664043426513672
2001-10-25,30.513988494873047
2001-10-26,30.358762741088867
2001-10-29,30.301828384399414
2001-10-30,29.934438705444336
2001-10-31,29.965473175048828
2001-11-01,30.462263107299805
2001-11-02,30.51917266845703
2001-11-05,30.26043128967285
2001-11-06,30.5295352935791
2001-11-07,30.400146484375
2001-11-08,30.5295352935791
2001-11-09,30.819286346435547
2001-11-12,30.539857864379883
2001-11-13,30.865859985351562
2001-11-14,31.083202362060547
2001-11-15,31.046972274780273
2001-11-16,31.09886360168457
2001-11-19,31.088485717773438
2001-11-20,31.545207977294922
2001-11-21,31.5815486907959
2001-11-23,31.64381980895996
2001-11-26,31.399887084960938
2001-11-27,31.14557647705078
2001-11-28,31.135202407836914
2001-11-29,30.35148811340332
2001-11-30,30.23214340209961
2001-12-03,30.263254165649414
2001-12-04,29.7027530670166
2001-12-05,29.375776290893555
2001-12-06,28.893089294433594
2001-12-07,29.401714324951172
2001-12-10,28.815223693847656
2001-12-11,29.13702964782715
2001-12-12,29.09029197692871
2001-12-13,29.18372917175293
2001-12-14,29.220060348510742
2001-12-17,29.297903060913086
2001-12-18,29.474374771118164
2001-12-19,29.946678161621094
2001-12-20,30.263254165649414
2001-12-21,30.989870071411133
2001-12-24,30.86012077331543
2001-12-26,30.969104766845703
2001-12-27,31.150772094726562
2001-12-28,31.06772804260254
2001-12-31,30.673269271850586
2002-01-02,30.465700149536133
2002-01-03,30.455307006835938
2002-01-04,30.17504119873047
2002-01-07,30.03490447998047
2002-01-08,29.837682723999023
2002-01-09,29.53665542602539
2002-01-10,30.247690200805664
2002-01-11,30.221744537353516
2002-01-14,30.579853057861328
2002-01-15,30.70960235595703
2002-01-16,30.922405242919922
2002-01-17,31.052156448364258
2002-01-18,30.98468589782715
2002-01-22,30.68366050720215
2002-01-23,30.507200241088867
2002-01-24,30.123138427734375
2002-01-25,29.920705795288086
2002-01-28,30.003765106201172
2002-01-29,29.676788330078125
2002-01-30,29.687175750732422
2002-01-31,29.84805679321289
2002-02-01,29.8947811126709
2002-02-04,29.22526741027832
2002-02-05,28.80486488342285
2002-02-06,29.002077102661133
2002-02-07,29.318674087524414
2002-02-08,29.52108383178711
2002-02-11,29.609329223632812
2002-02-12,29.73908042907715
2002-02-13,30.149080276489258
2002-02-14,29.831504821777344
2002-02-15,29.80026626586914
2002-02-19,29.633668899536133
2002-02-20,30.258413314819336
2002-02-21,30.195938110351562
2002-02-22,30.9248104095459
2002-02-25,31.080997467041016
2002-02-26,31.24238395690918
2002-02-27,31.356929779052734
2002-02-28,31.705734252929688
2002-03-01,32.33049392700195
2002-03-04,32.23678207397461
2002-03-05,31.919187545776367
2002-03-06,32.54914855957031
2002-03-07,33.12180709838867
2002-03-08,33.142642974853516
2002-03-11,33.22074508666992
2002-03-12,33.137447357177734
2002-03-13,33.26759719848633
2002-03-14,33.51749038696289
2002-03-15,33.63202667236328
2002-03-18,33.66326904296875
2002-03-19,34.09537124633789
2002-03-20,33.574764251708984
2002-03-21,33.736148834228516
2002-03-22,33.76219177246094
2002-03-25,33.50187683105469
2002-03-26,33.68930435180664
2002-03-27,33.91316223144531
2002-03-28,33.814231872558594
2002-04-01,33.637229919433594
2002-04-02,33.55391311645508
2002-04-03,33.33007049560547
2002-04-04,33.04893493652344
2002-04-05,32.8250617980957
2002-04-08,32.99687957763672
2002-04-09,32.799041748046875
2002-04-10,33.02812194824219
2002-04-11,32.64284896850586
2002-04-12,32.627227783203125
2002-04-15,32.361724853515625
2002-04-16,32.93437957763672
2002-04-17,32.54914855957031
2002-04-18,33.470645904541016
2002-04-19,33.574764251708984
2002-04-22,32.976051330566406
2002-04-23,32.69491958618164
2002-04-24,33.11661911010742
2002-04-25,33.00728988647461
2002-04-26,33.11661911010742
2002-04-29,32.75218200683594
2002-04-30,33.246768951416016
2002-05-01,33.29362869262695
2002-05-02,33.42378616333008
2002-05-03,33.02289962768555
2002-05-06,32.33049392700195
2002-05-07,31.455842971801758
2002-05-08,31.705734252929688
2002-05-09,31.95042610168457
2002-05-10,32.20032501220703
2002-05-13,32.19512176513672
2002-05-14,31.77863883972168
2002-05-15,31.362131118774414
2002-05-16,31.52351951599121
2002-05-17,32.1112060546875
2002-05-20,31.578384399414062
2002-05-21,31.67763328552246
2002-05-22,32.3880615234375
2002-05-23,32.257484436035156
2002-05-24,32.07464599609375
2002-05-28,31.975374221801758
2002-05-29,32.05374526977539
2002-05-30,32.0589485168457
2002-05-31,32.04851531982422
2002-06-03,31.369407653808594
2002-06-04,31.029857635498047
2002-06-05,31.139570236206055
2002-06-06,30.6903133392334
2002-06-07,30.460472106933594
2002-06-10,30.820911407470703
2002-06-11,30.0320987701416
2002-06-12,29.901504516601562
2002-06-13,29.99030876159668
2002-06-14,29.68209457397461
2002-06-17,30.011207580566406
2002-06-18,29.49403953552246
2002-06-19,29.447021484375
2002-06-20,28.75224494934082
2002-06-21,27.686569213867188
2002-06-24,28.27688980102539
2002-06-25,27.864194869995117
2002-06-26,28.282093048095703
2002-06-27,28.423147201538086
2002-06-28,27.300012588500977
2002-07-01,26.380596160888672
2002-07-02,26.960447311401367
2002-07-03,27.66045570373535
2002-07-05,28.517183303833008
2002-07-08,27.989566802978516
2002-07-09,27.48807144165039
2002-07-10,26.276147842407227
2002-07-11,26.6313419342041
2002-07-12,26.380596160888672
2002-07-15,25.597021102905273
2002-07-16,26.171653747558594
2002-07-17,26.767181396484375
2002-07-18,25.97837257385254
2002-07-19,21.86195182800293
2002-07-22,22.217164993286133
2002-07-23,23.02686882019043
2002-07-24,24.91791534423828
2002-07-25,25.440311431884766
2002-07-26,25.915685653686523
2002-07-29,26.77762222290039
2002-07-30,26.610450744628906
2002-07-31,27.47763442993164
2002-08-01,26.8612060546875
2002-08-02,27.29478645324707
2002-08-05,26.171653747558594
2002-08-06,26.683589935302734
2002-08-07,27.43059539794922
2002-08-08,28.506738662719727
2002-08-09,28.475391387939453
2002-08-12,28.511940002441406
2002-08-13,27.879846572875977
2002-08-14,28.992538452148438
2002-08-15,29.23805809020996
2002-08-16,29.00475311279297
2002-08-19,29.30884552001953
2002-08-20,28.7845458984375
2002-08-21,28.779298782348633
2002-08-22,29.466144561767578
2002-08-23,28.742599487304688
2002-08-26,29.20924186706543
2002-08-27,28.705900192260742
2002-08-28,28.50143051147461
2002-08-29,28.396556854248047
2002-08-30,28.475189208984375
2002-09-03,27.62057876586914
2002-09-04,28.490928649902344
2002-09-05,28.53286361694336
2002-09-06,28.795024871826172
2002-09-09,28.94184112548828
2002-09-10,29.041460037231445
2002-09-11,29.088651657104492
2002-09-12,28.296934127807617
2002-09-13,28.386058807373047
2002-09-16,28.7845458984375
2002-09-17,28.09770965576172
2002-09-18,28.234010696411133
2002-09-19,27.243072509765625
2002-09-20,27.42134666442871
2002-09-23,27.7097110748291
2002-09-24,28.108190536499023
2002-09-25,28.129148483276367
2002-09-26,29.120107650756836
2002-09-27,28.8893985748291
2002-09-30,28.354610443115234
2002-10-01,29.51857566833496
2002-10-02,30.567180633544922
2002-10-03,30.399423599243164
2002-10-04,29.859378814697266
2002-10-07,29.728313446044922
2002-10-08,30.66681671142578
2002-10-09,29.466144561767578
2002-10-10,29.78072738647461
2002-10-11,29.728313446044922
2002-10-14,30.320770263671875
2002-10-15,31.227819442749023
2002-10-16,30.881784439086914
2002-10-17,31.563379287719727
2002-10-18,31.117717742919922
2002-10-21,32.040489196777344
2002-10-22,31.364139556884766
2002-10-23,30.38368797302246
2002-10-24,30.257871627807617
2002-10-25,30.28406524658203
2002-10-28,30.027164459228516
2002-10-29,29.49236297607422
2002-10-30,30.042884826660156
2002-10-31,30.803123474121094
2002-11-01,30.719236373901367
2002-11-04,30.78215789794922
2002-11-05,31.400846481323242
2002-11-06,31.600088119506836
2002-11-07,31.400846481323242
2002-11-08,31.600088119506836
2002-11-11,31.458524703979492
2002-11-12,31.469024658203125
2002-11-13,31.421833038330078
2002-11-14,31.699703216552734
2002-11-15,31.64445686340332
2002-11-18,31.081541061401367
2002-11-19,30.934242248535156
2002-11-20,31.56555938720703
2002-11-21,31.291988372802734
2002-11-22,30.80271339416504
2002-11-25,30.850072860717773
2002-11-26,29.676855087280273
2002-11-27,30.37657356262207
2002-11-29,29.99779510498047
2002-12-02,29.30333709716797
2002-12-03,29.371742248535156
2002-12-04,29.84522819519043
2002-12-05,29.392786026000977
2002-12-06,29.077129364013672
2002-12-09,29.229690551757812
2002-12-10,29.387531280517578
2002-12-11,29.550609588623047
2002-12-12,28.961387634277344
2002-12-13,28.887733459472656
2002-12-16,29.24022674560547
2002-12-17,28.761463165283203
2002-12-18,28.25116539001465
2002-12-19,28.09861946105957
2002-12-20,28.68256187438965
2002-12-23,28.672039031982422
2002-12-24,28.882474899291992
2002-12-26,28.335355758666992
2002-12-27,27.940773010253906
2002-12-30,28.293256759643555
2002-12-31,28.256431579589844
2003-01-02,29.108694076538086
2003-01-03,29.887304306030273
2003-01-06,30.171398162841797
2003-01-07,29.49274253845215
2003-01-08,29.319133758544922
2003-01-09,29.908369064331055
2003-01-10,30.092491149902344
2003-01-13,29.48222541809082
2003-01-14,29.650575637817383
2003-01-15,28.935073852539062
2003-01-16,28.766725540161133
2003-01-17,28.824600219726562
2003-01-21,28.403738021850586
2003-01-22,28.40899085998535
2003-01-23,28.829862594604492
2003-01-24,28.203813552856445
2003-01-27,27.451505661010742
2003-01-28,27.903942108154297
2003-01-29,27.567241668701172
2003-01-30,27.114797592163086
2003-01-31,28.203813552856445
2003-02-03,28.0617733001709
2003-02-04,27.756641387939453
2003-02-05,27.40941047668457
2003-02-06,27.419939041137695
2003-02-07,27.27263641357422
2003-02-10,27.37784767150879
2003-02-11,27.35680389404297
2003-02-12,26.304622650146484
2003-02-13,27.10494613647461
2003-02-14,27.33735466003418
2003-02-18,28.029394149780273
2003-02-19,27.770536422729492
2003-02-20,27.427169799804688
2003-02-21,28.25123405456543
2003-02-24,27.696578979492188
2003-02-25,27.87090492248535
2003-02-26,27.374351501464844
2003-02-27,27.881481170654297
2003-02-28,27.707149505615234
2003-03-03,27.696578979492188
2003-03-04,27.305675506591797
2003-03-05,27.89732551574707
2003-03-06,28.156160354614258
2003-03-07,29.21270179748535
2003-03-10,28.594635009765625
2003-03-11,28.779499053955078
2003-03-12,28.885160446166992
2003-03-13,29.30777359008789
2003-03-14,29.154569625854492
2003-03-17,29.788494110107422
2003-03-18,29.99449348449707
2003-03-19,30.274477005004883
2003-03-20,30.316753387451172
2003-03-21,30.9929256439209
2003-03-24,29.97865867614746
2003-03-25,30.15298843383789
2003-03-26,29.931119918823242
2003-03-27,30.089580535888672
2003-03-28,30.311471939086914
2003-03-31,30.570308685302734
2003-04-01,30.860868453979492
2003-04-02,30.855573654174805
2003-04-03,30.353736877441406
2003-04-04,30.554447174072266
2003-04-07,30.285043716430664
2003-04-08,30.374855041503906
2003-04-09,30.24806022644043
2003-04-10,30.221654891967773
2003-04-11,30.311471939086914
2003-04-14,30.522764205932617
2003-04-15,29.571897506713867
2003-04-16,28.731966018676758
2003-04-17,29.059497833251953
2003-04-21,29.244382858276367
2003-04-22,29.630001068115234
2003-04-23,30.005069732666016
2003-04-24,30.374855041503906
2003-04-25,29.693401336669922
2003-04-28,30.115999221801758
2003-04-29,30.0526180267334
2003-04-30,29.772645950317383
2003-05-01,29.751510620117188
2003-05-02,29.920555114746094
2003-05-05,29.825477600097656
2003-05-06,29.857158660888672
2003-05-07,30.115999221801758
2003-05-08,29.81490135192871
2003-05-09,29.76207160949707
2003-05-12,29.666990280151367
2003-05-13,29.318336486816406
2003-05-14,29.239105224609375
2003-05-15,29.28664779663086
2003-05-16,29.732301712036133
2003-05-19,28.984228134155273
2003-05-20,28.644662857055664
2003-05-21,28.35816764831543
2003-05-22,28.321046829223633
2003-05-23,28.167171478271484
2003-05-27,28.342254638671875
2003-05-28,28.46957778930664
2003-05-29,28.326332092285156
2003-05-30,28.835670471191406
2003-06-02,28.236148834228516
2003-06-03,28.57040023803711
2003-06-04,28.68181037902832
2003-06-05,27.599472045898438
2003-06-06,27.986797332763672
2003-06-09,27.970867156982422
2003-06-10,27.928415298461914
2003-06-11,28.119417190551758
2003-06-12,28.262670516967773
2003-06-13,27.885976791381836
2003-06-16,28.490806579589844
2003-06-17,29.053197860717773
2003-06-18,29.154008865356445
2003-06-19,28.867507934570312
2003-06-20,28.888717651367188
2003-06-23,28.30510711669922
2003-06-24,27.907184600830078
2003-06-25,27.838226318359375
2003-06-26,27.748029708862305
2003-06-27,27.344812393188477
2003-06-30,27.429697036743164
2003-07-01,27.811687469482422
2003-07-02,28.066368103027344
2003-07-03,28.114110946655273
2003-07-07,28.108808517456055
2003-07-08,27.843528747558594
2003-07-09,27.546419143676758
2003-07-10,27.190950393676758
2003-07-11,27.52519989013672
2003-07-14,28.437763214111328
2003-07-15,27.880664825439453
2003-07-16,27.907184600830078
2003-07-17,27.73211669921875
2003-07-18,27.981473922729492
2003-07-21,27.259923934936523
2003-07-22,27.461536407470703
2003-07-23,27.694974899291992
2003-07-24,27.429697036743164
2003-07-25,27.710893630981445
2003-07-28,27.3023624420166
2003-07-29,26.86200714111328
2003-07-30,27.09545135498047
2003-07-31,27.47744369506836
2003-08-01,26.755895614624023
2003-08-04,26.846094131469727
2003-08-05,26.411027908325195
2003-08-06,26.63916778564453
2003-08-07,27.482755661010742
2003-08-08,27.45622444152832
2003-08-11,27.41909408569336
2003-08-12,27.19625473022461
2003-08-13,27.053003311157227
2003-08-14,27.05830192565918
2003-08-15,27.21289825439453
2003-08-18,26.877071380615234
2003-08-19,26.685161590576172
2003-08-20,26.669166564941406
2003-08-21,26.33333969116211
2003-08-22,26.407970428466797
2003-08-25,26.423961639404297
2003-08-26,26.47726821899414
2003-08-27,26.258710861206055
2003-08-28,26.194744110107422
2003-08-29,26.429283142089844
2003-09-02,26.653179168701172
2003-09-03,26.781126022338867
2003-09-04,27.250200271606445
2003-09-05,26.919715881347656
2003-09-08,27.346166610717773
2003-09-09,27.31951141357422
2003-09-10,27.740644454956055
2003-09-11,27.852577209472656
2003-09-12,27.52207374572754
2003-09-15,27.100948333740234
2003-09-16,27.106290817260742
2003-09-17,26.770456314086914
2003-09-18,27.047658920288086
2003-09-19,26.818429946899414
2003-09-22,26.749143600463867
2003-09-23,26.66384506225586
2003-09-24,26.36000633239746
2003-09-25,26.402647018432617
2003-09-26,26.21607208251953
2003-09-29,26.578554153442383
2003-09-30,26.397319793701172
2003-10-01,26.797103881835938
2003-10-02,26.813100814819336
2003-10-03,26.711824417114258
2003-10-06,26.738473892211914
2003-10-07,26.706485748291016
2003-10-08,26.535903930664062
2003-10-09,26.328004837036133
2003-10-10,26.248064041137695
2003-10-13,26.54123878479004
2003-10-14,27.148929595947266
2003-10-15,26.919715881347656
2003-10-16,27.020992279052734
2003-10-17,26.87173843383789
2003-10-20,26.989009857177734
2003-10-21,27.106290817260742
2003-10-22,26.605207443237305
2003-10-23,26.813100814819336
2003-10-24,26.839750289916992
2003-10-27,26.610538482666016
2003-10-28,26.941043853759766
2003-10-29,26.37598991394043
2003-10-30,26.37598991394043
2003-10-31,26.829092025756836
2003-11-03,26.535903930664062
2003-11-04,26.200077056884766
2003-11-05,26.200077056884766
2003-11-06,26.210739135742188
2003-11-07,26.01883888244629
2003-11-10,25.976192474365234
2003-11-11,26.162765502929688
2003-11-12,26.38663673400879
2003-11-13,26.834423065185547
2003-11-14,27.916366577148438
2003-11-17,27.675336837768555
2003-11-18,27.819963455200195
2003-11-19,27.991352081298828
2003-11-20,27.578929901123047
2003-11-21,27.252216339111328
2003-11-24,27.573566436767578
2003-11-25,27.15043830871582
2003-11-26,26.62017822265625
2003-11-28,26.40593147277832
2003-12-01,26.513044357299805
2003-12-02,26.218475341796875
2003-12-03,26.330934524536133
2003-12-04,26.42198944091797
2003-12-05,26.330934524536133
2003-12-08,26.700536727905273
2003-12-09,26.786218643188477
2003-12-10,26.914775848388672
2003-12-11,26.78085708618164
2003-12-12,26.45412826538086
2003-12-15,26.491622924804688
2003-12-16,26.470212936401367
2003-12-17,26.43271827697754
2003-12-18,26.764785766601562
2003-12-19,26.83441925048828
2003-12-22,27.037954330444336
2003-12-23,27.0754451751709
2003-12-24,27.171863555908203
2003-12-26,27.112943649291992
2003-12-29,27.450382232666016
2003-12-30,27.514659881591797
2003-12-31,27.669992446899414
2004-01-02,27.669992446899414
2004-01-05,27.830686569213867
2004-01-06,27.707481384277344
2004-01-07,27.71819496154785
2004-01-08,27.84674835205078
2004-01-09,27.530731201171875
2004-01-12,28.060991287231445
2004-01-13,27.986011505126953
2004-01-14,27.852088928222656
2004-01-15,27.766403198242188
2004-01-16,27.02189064025879
2004-01-20,27.584285736083984
2004-01-21,28.15205192565918
2004-01-22,28.41449546813965
2004-01-23,28.387718200683594
2004-01-26,28.6555233001709
2004-01-27,28.537689208984375
2004-01-28,28.473403930664062
2004-01-29,28.86441421508789
2004-01-30,28.612682342529297
2004-02-02,28.67159080505371
2004-02-03,28.837623596191406
2004-02-04,29.180423736572266
2004-02-05,29.191144943237305
2004-02-06,29.003662109375
2004-02-09,28.982248306274414
2004-02-10,29.153648376464844
2004-02-11,29.27147674560547
2004-02-12,29.37369155883789
2004-02-13,29.17466163635254
2004-02-17,29.271480560302734
2004-02-18,28.991729736328125
2004-02-19,28.819576263427734
2004-02-20,28.674335479736328
2004-02-23,28.53983497619629
2004-02-24,29.147750854492188
2004-02-25,29.083194732666016
2004-02-26,29.034778594970703
2004-02-27,29.00248908996582
2004-03-01,28.92180061340332
2004-03-02,28.442995071411133
2004-03-03,28.631284713745117
2004-03-04,28.529083251953125
2004-03-05,28.582876205444336
2004-03-08,28.56672477722168
2004-03-09,28.33539581298828
2004-03-10,27.851221084594727
2004-03-11,27.49614906311035
2004-03-12,27.280956268310547
2004-03-15,27.20564079284668
2004-03-16,27.48000717163086
2004-03-17,27.372426986694336
2004-03-18,27.42621421813965
2004-03-19,26.925888061523438
2004-03-22,26.6299991607666
2004-03-23,26.71070671081543
2004-03-24,26.71070671081543
2004-03-25,27.0065860748291
2004-03-26,26.968936920166016
2004-03-29,27.20564079284668
2004-03-30,27.124942779541016
2004-03-31,27.286333084106445
2004-04-01,27.17873764038086
2004-04-02,27.5338077545166
2004-04-05,27.716724395751953
2004-04-06,27.695194244384766
2004-04-07,27.641407012939453
2004-04-08,27.36704444885254
2004-04-12,27.5445556640625
2004-04-13,27.64678382873535
2004-04-14,28.29774284362793
2004-04-15,29.330650329589844
2004-04-16,29.12084197998047
2004-04-19,29.007854461669922
2004-04-20,28.582876205444336
2004-04-21,28.878738403320312
2004-04-22,28.857242584228516
2004-04-23,28.878738403320312
2004-04-26,28.997116088867188
2004-04-27,29.244569778442383
2004-04-28,29.153125762939453
2004-04-29,29.10471534729004
2004-04-30,29.067054748535156
2004-05-03,29.551237106323242
2004-05-04,29.48129653930664
2004-05-05,29.093955993652344
2004-05-06,29.5028076171875
2004-05-07,29.75028419494629
2004-05-10,29.830995559692383
2004-05-11,29.66421127319336
2004-05-12,29.718017578125
2004-05-13,29.551237106323242
2004-05-14,29.483640670776367
2004-05-17,29.580984115600586
2004-05-18,29.54312515258789
2004-05-19,29.35384178161621
2004-05-20,29.516088485717773
2004-05-21,29.71075439453125
2004-05-24,29.370067596435547
2004-05-25,29.937894821166992
2004-05-26,30.00278091430664
2004-05-27,30.17043685913086
2004-05-28,30.127178192138672
2004-06-01,30.15961265563965
2004-06-02,30.39215660095215
2004-06-03,30.603059768676758
2004-06-04,30.4895076751709
2004-06-07,30.673357009887695
2004-06-08,30.80856704711914
2004-06-09,30.69499397277832
2004-06-10,30.862625122070312
2004-06-14,30.830181121826172
2004-06-15,30.397550582885742
2004-06-16,30.219104766845703
2004-06-17,30.04063606262207
2004-06-18,29.878400802612305
2004-06-21,29.894624710083008
2004-06-22,29.94329833984375
2004-06-23,30.089309692382812
2004-06-24,30.11635971069336
2004-06-25,29.472806930541992
2004-06-28,29.726991653442383
2004-06-29,30.143383026123047
2004-06-30,30.12175941467285
2004-07-01,29.997377395629883
2004-07-02,29.932493209838867
2004-07-06,29.716175079345703
2004-07-07,29.489044189453125
2004-07-08,29.613433837890625
2004-07-09,29.737815856933594
2004-07-12,29.683731079101562
2004-07-13,29.948719024658203
2004-07-14,30.240739822387695
2004-07-15,29.932493209838867
2004-07-16,30.716636657714844
2004-07-19,30.500328063964844
2004-07-20,30.4516544342041
2004-07-21,30.148801803588867
2004-07-22,30.41378402709961
2004-07-23,30.143383026123047
2004-07-26,29.975751876831055
2004-07-27,30.09471893310547
2004-07-28,30.110942840576172
2004-07-29,29.997377395629883
2004-07-30,29.889230728149414
2004-08-02,30.024417877197266
2004-08-03,29.975751876831055
2004-08-04,30.05687713623047
2004-08-05,29.8621826171875
2004-08-06,29.526897430419922
2004-08-09,29.467416763305664
2004-08-10,29.737815856933594
2004-08-11,30.284000396728516
2004-08-12,30.446243286132812
2004-08-13,30.18805694580078
2004-08-16,30.486988067626953
2004-08-17,30.731586456298828
2004-08-18,30.997920989990234
2004-08-19,30.862028121948242
2004-08-20,31.003368377685547
2004-08-23,31.008790969848633
2004-08-24,31.07401466369629
2004-08-25,31.34034538269043
2004-08-26,31.264270782470703
2004-08-27,31.36752700805664
2004-08-30,31.275121688842773
2004-08-31,31.579509735107422
2004-09-01,31.411001205444336
2004-09-02,31.372962951660156
2004-09-03,31.443626403808594
2004-09-07,31.44904899597168
2004-09-08,31.671913146972656
2004-09-09,31.25882339477539
2004-09-10,31.291425704956055
2004-09-13,31.606679916381836
2004-09-14,31.715396881103516
2004-09-15,31.62299346923828
2004-09-16,31.590389251708984
2004-09-17,31.807796478271484
2004-09-20,31.481678009033203
2004-09-21,31.47080421447754
2004-09-22,31.14466667175293
2004-09-23,30.742454528808594
2004-09-24,30.737031936645508
2004-09-27,30.726160049438477
2004-09-28,31.03597068786621
2004-09-29,30.997920989990234
2004-09-30,30.617448806762695
2004-10-01,30.981611251831055
2004-10-04,31.11749267578125
2004-10-05,31.231657028198242
2004-10-06,31.389280319213867
2004-10-07,30.39459991455078
2004-10-08,30.068464279174805
2004-10-11,30.090219497680664
2004-10-12,30.88378143310547
2004-10-13,30.71527862548828
2004-10-14,30.720727920532227
2004-10-15,30.753339767456055
2004-10-18,31.155548095703125
2004-10-19,30.76963233947754
2004-10-20,31.253387451171875
2004-10-21,31.40558433532715
2004-10-22,31.139236450195312
2004-10-25,31.025102615356445
2004-10-26,31.106626510620117
2004-10-27,31.4001407623291
2004-10-28,31.53058624267578
2004-10-29,31.731693267822266
2004-11-01,31.764320373535156
2004-11-02,31.54689598083496
2004-11-03,32.31327819824219
2004-11-04,32.18828201293945
2004-11-05,32.16651916503906
2004-11-08,32.52524948120117
2004-11-09,32.519840240478516
2004-11-10,32.67745590209961
2004-11-11,32.938350677490234
2004-11-12,33.31242752075195
2004-11-15,33.399803161621094
2004-11-16,33.328819274902344
2004-11-17,33.2578125
2004-11-18,33.377960205078125
2004-11-19,33.061241149902344
2004-11-22,33.2414436340332
2004-11-23,33.077613830566406
2004-11-24,33.04486083984375
2004-11-26,33.0120735168457
2004-11-29,32.875553131103516
2004-11-30,32.94107437133789
2004-12-01,33.41619110107422
2004-12-02,33.722023010253906
2004-12-03,33.809383392333984
2004-12-06,33.76570510864258
2004-12-07,32.990234375
2004-12-08,33.39435958862305
2004-12-09,33.481727600097656
2004-12-10,32.902854919433594
2004-12-13,33.115840911865234
2004-12-14,33.54724884033203
2004-12-15,33.2578125
2004-12-16,34.6504020690918
2004-12-17,34.72138595581055
2004-12-20,34.44285583496094
2004-12-21,34.3773307800293
2004-12-22,34.56848907470703
2004-12-23,34.732303619384766
2004-12-27,34.69407272338867
2004-12-28,34.8196907043457
2004-12-29,34.69407272338867
2004-12-30,34.70500946044922
2004-12-31,34.63401412963867
2005-01-03,34.350032806396484
2005-01-04,34.24082565307617
2005-01-05,34.218963623046875
2005-01-06,34.3172721862793
2005-01-07,34.19166946411133
2005-01-10,34.45925521850586
2005-01-11,34.33910369873047
2005-01-12,34.57939147949219
2005-01-13,33.8421630859375
2005-01-14,34.24082565307617
2005-01-18,34.421024322509766
2005-01-19,34.306339263916016
2005-01-20,34.126129150390625
2005-01-21,33.776634216308594
2005-01-24,33.580020904541016
2005-01-25,34.797847747802734
2005-01-26,35.30570983886719
2005-01-27,35.07088851928711
2005-01-28,35.28934097290039
2005-01-31,35.33303451538086
2005-02-01,35.726226806640625
2005-02-02,36.04296112060547
2005-02-03,35.85182571411133
2005-02-04,36.17401885986328
2005-02-07,36.28871154785156
2005-02-08,36.223175048828125
2005-02-09,36.1467399597168
2005-02-10,36.113956451416016
2005-02-11,36.52806091308594
2005-02-14,36.198974609375
2005-02-15,36.14961624145508
2005-02-16,36.056365966796875
2005-02-17,35.842472076416016
2005-02-18,35.886329650878906
2005-02-22,35.68888473510742
2005-02-23,35.875370025634766
2005-02-24,36.13863754272461
2005-02-25,36.319637298583984
2005-02-28,35.97958755493164
2005-03-01,36.555477142333984
2005-03-02,36.725486755371094
2005-03-03,36.61033248901367
2005-03-04,37.15330505371094
2005-03-07,37.5372428894043
2005-03-08,37.400108337402344
2005-03-09,37.164276123046875
2005-03-10,37.2958984375
2005-03-11,37.076515197753906
2005-03-14,37.19717788696289
2005-03-15,36.89004135131836
2005-03-16,36.77486038208008
2005-03-17,36.7419548034668
2005-03-18,36.88453674316406
2005-03-21,36.6651725769043
2005-03-22,36.632266998291016
2005-03-23,37.40561294555664
2005-03-24,37.34526443481445
2005-03-28,37.487884521484375
2005-03-29,37.252017974853516
2005-03-30,37.32332992553711
2005-03-31,36.8351936340332
2005-04-01,36.6651725769043
2005-04-04,37.284950256347656
2005-04-05,37.849849700927734
2005-04-06,37.74018859863281
2005-04-07,37.97599411010742
2005-04-08,37.64692687988281
2005-04-11,37.78404235839844
2005-04-12,37.64692687988281
2005-04-13,37.6194953918457
2005-04-14,37.981502532958984
2005-04-15,38.06375503540039
2005-04-18,37.866302490234375
2005-04-19,37.87179946899414
2005-04-20,37.35075378417969
2005-04-21,37.45496368408203
2005-04-22,37.56465148925781
2005-04-25,37.59208297729492
2005-04-26,37.30687713623047
2005-04-27,37.476905822753906
2005-04-28,37.10943603515625
2005-04-29,37.64143371582031
2005-05-02,37.72370910644531
2005-05-03,37.696285247802734
2005-05-04,37.416568756103516
2005-05-05,37.57564163208008
2005-05-06,37.411075592041016
2005-05-09,37.38916015625
2005-05-10,37.1478157043457
2005-05-11,37.26848220825195
2005-05-12,37.10395431518555
2005-05-13,36.98268127441406
2005-05-16,37.28031921386719
2005-05-17,37.42913055419922
2005-05-18,37.25825119018555
2005-05-19,37.15353775024414
2005-05-20,37.03779983520508
2005-05-23,37.07087707519531
2005-05-24,37.25825119018555
2005-05-25,37.18661880493164
2005-05-26,37.159061431884766
2005-05-27,37.16458511352539
2005-05-31,36.98268127441406
2005-06-01,37.09843063354492
2005-06-02,36.92757034301758
2005-06-03,36.618927001953125
2005-06-06,36.585845947265625
2005-06-07,36.67405700683594
2005-06-08,36.574825286865234
2005-06-09,36.77874755859375
2005-06-10,36.64097595214844
2005-06-13,36.635459899902344
2005-06-14,36.69609069824219
2005-06-15,36.56932830810547
2005-06-16,36.54176330566406
2005-06-17,36.685062408447266
2005-06-20,36.679561614990234
2005-06-21,36.66851806640625
2005-06-22,36.37641906738281
2005-06-23,36.018165588378906
2005-06-24,36.144935607910156
2005-06-27,36.183502197265625
2005-06-28,36.41499710083008
2005-06-29,36.2110710144043
2005-06-30,35.825252532958984
2005-07-01,35.797698974609375
2005-07-05,35.74257278442383
2005-07-06,35.35677719116211
2005-07-07,35.23000717163086
2005-07-08,35.42843246459961
2005-07-11,35.70951461791992
2005-07-12,35.70399856567383
2005-07-13,35.50558853149414
2005-07-14,35.604801177978516
2005-07-15,35.84180450439453
2005-07-18,35.604801177978516
2005-07-19,35.83628463745117
2005-07-20,35.80320358276367
2005-07-21,35.26308822631836
2005-07-22,35.45046615600586
2005-07-25,34.91033935546875
2005-07-26,34.54105758666992
2005-07-27,35.571720123291016
2005-07-28,35.67644500732422
2005-07-29,35.25205612182617
2005-08-01,35.549659729003906
2005-08-02,35.62132263183594
2005-08-03,35.75360870361328
2005-08-04,35.35677719116211
2005-08-05,35.020565032958984
2005-08-08,34.9654541015625
2005-08-09,35.285125732421875
2005-08-10,35.191429138183594
2005-08-11,35.44496536254883
2005-08-12,35.0316047668457
2005-08-15,34.91585159301758
2005-08-16,34.72844696044922
2005-08-17,34.99851608276367
2005-08-18,35.4118766784668
2005-08-19,35.217987060546875
2005-08-22,35.179203033447266
2005-08-23,34.76924133300781
2005-08-24,34.48670959472656
2005-08-25,34.64181137084961
2005-08-26,34.31494903564453
2005-08-29,34.907745361328125
2005-08-30,34.90220642089844
2005-08-31,35.11826705932617
2005-09-01,34.97421646118164
2005-09-02,34.84680938720703
2005-09-06,35.33988571166992
2005-09-07,35.89942169189453
2005-09-08,35.51160430908203
2005-09-09,35.86064529418945
2005-09-12,35.83292770385742
2005-09-13,35.48390197753906
2005-09-14,35.622406005859375
2005-09-15,35.661190032958984
2005-09-16,36.10991287231445
2005-09-19,35.816307067871094
2005-09-20,35.67781066894531
2005-09-21,35.84401321411133
2005-09-22,35.83292770385742
2005-09-23,35.45066833496094
2005-09-26,35.38419723510742
2005-09-27,35.151519775390625
2005-09-28,35.0185432434082
2005-09-29,35.317710876464844
2005-09-30,35.057334899902344
2005-10-03,34.66952133178711
2005-10-04,34.92991256713867
2005-10-05,34.48670959472656
2005-10-06,34.10997772216797
2005-10-07,33.98256301879883
2005-10-10,34.054588317871094
2005-10-11,33.954856872558594
2005-10-12,34.23740005493164
2005-10-13,35.467281341552734
2005-10-14,35.290000915527344
2005-10-17,34.90220642089844
2005-10-18,34.885589599609375
2005-10-19,35.63349151611328
2005-10-20,35.55039978027344
2005-10-21,35.4949951171875
2005-10-24,35.51160430908203
2005-10-25,35.22351837158203
2005-10-26,34.79694366455078
2005-10-27,34.037960052490234
2005-10-28,34.87449645996094
2005-10-31,34.69167709350586
2005-11-01,34.29279327392578
2005-11-02,33.96038818359375
2005-11-03,33.90501403808594
2005-11-04,33.727725982666016
2005-11-07,34.032413482666016
2005-11-08,33.66678237915039
2005-11-09,33.805274963378906
2005-11-10,34.021339416503906
2005-11-11,33.74988555908203
2005-11-14,33.52275466918945
2005-11-15,34.80803298950195
2005-11-16,35.04072189331055
2005-11-17,35.09056091308594
2005-11-18,34.83440017700195
2005-11-21,34.52252960205078
2005-11-22,34.31090545654297
2005-11-23,34.34429931640625
2005-11-25,34.61163330078125
2005-11-28,34.7508430480957
2005-11-29,34.52809524536133
2005-11-30,34.38885498046875
2005-12-01,34.35545349121094
2005-12-02,34.088130950927734
2005-12-05,33.999027252197266
2005-12-06,33.676029205322266
2005-12-07,33.43655014038086
2005-12-08,33.45883560180664
2005-12-09,33.469966888427734
2005-12-12,33.49782943725586
2005-12-13,33.553504943847656
2005-12-14,33.47553634643555
2005-12-15,33.50339889526367
2005-12-16,33.89322280883789
2005-12-19,34.076988220214844
2005-12-20,33.84866714477539
2005-12-21,33.90437698364258
2005-12-22,34.1494140625
2005-12-23,34.032447814941406
2005-12-27,33.58135986328125
2005-12-28,33.648189544677734
2005-12-29,33.553504943847656
2005-12-30,33.469966888427734
2006-01-03,34.322044372558594
2006-01-04,34.85108947753906
2006-01-05,34.706295013427734
2006-01-06,34.86224365234375
2006-01-09,35.07944107055664
2006-01-10,35.14069747924805
2006-01-11,34.80653381347656
2006-01-12,34.64505386352539
2006-01-13,34.42784118652344
2006-01-17,34.12712097167969
2006-01-18,34.633907318115234
2006-01-19,34.62276840209961
2006-01-20,33.859798431396484
2006-01-23,34.076988220214844
2006-01-24,33.057865142822266
2006-01-25,32.57893371582031
2006-01-26,32.656890869140625
2006-01-27,32.695884704589844
2006-01-30,32.52322769165039
2006-01-31,32.04429626464844
2006-02-01,32.22250747680664
2006-02-02,32.10554504394531
2006-02-03,31.955190658569336
2006-02-06,31.660030364990234
2006-02-07,31.632190704345703
2006-02-08,32.634620666503906
2006-02-09,32.606773376464844
2006-02-10,32.517662048339844
2006-02-13,32.57893371582031
2006-02-14,32.885223388671875
2006-02-15,32.91305923461914
2006-02-16,32.84624481201172
2006-02-17,32.896358489990234
2006-02-21,32.93534469604492
2006-02-22,32.87407684326172
2006-02-23,32.6290397644043
2006-02-24,32.3490104675293
2006-02-27,32.433021545410156
2006-02-28,32.28739547729492
2006-03-01,32.29301452636719
2006-03-02,32.309810638427734
2006-03-03,32.186607360839844
2006-03-06,32.39942932128906
2006-03-07,32.60664749145508
2006-03-08,32.89788055419922
2006-03-09,32.65705108642578
2006-03-10,33.06589126586914
2006-03-13,33.08829116821289
2006-03-14,33.205909729003906
2006-03-15,33.49155044555664
2006-03-16,33.614749908447266
2006-03-17,33.79397964477539
2006-03-20,33.87236022949219
2006-03-21,33.92279052734375
2006-03-22,34.163597106933594
2006-03-23,34.05719757080078
2006-03-24,33.821983337402344
2006-03-27,33.56993865966797
2006-03-28,33.379539489746094
2006-03-29,33.329132080078125
2006-03-30,33.239524841308594
2006-03-31,33.16670227050781
2006-04-03,33.13869857788086
2006-04-04,32.942684173583984
2006-04-05,32.70745849609375
2006-04-06,32.76345443725586
2006-04-07,32.38821029663086
2006-04-10,32.32101058959961
2006-04-11,32.34341812133789
2006-04-12,32.410621643066406
2006-04-13,32.433021545410156
2006-04-17,32.28739547729492
2006-04-18,32.556243896484375
2006-04-19,32.49462890625
2006-04-20,32.60664749145508
2006-04-21,32.69064712524414
2006-04-24,32.668251037597656
2006-04-25,32.60104751586914
2006-04-26,32.78586959838867
2006-04-27,32.84747314453125
2006-04-28,32.825069427490234
2006-05-01,32.813865661621094
2006-05-02,32.858665466308594
2006-05-03,32.6794548034668
2006-05-04,32.62904739379883
2006-05-05,32.875457763671875
2006-05-08,32.88106155395508
2006-05-09,32.6850471496582
2006-05-10,32.662654876708984
2006-05-11,32.953880310058594
2006-05-12,32.94828796386719
2006-05-15,33.58675765991211
2006-05-16,33.743560791015625
2006-05-17,33.67634963989258
2006-05-18,33.68195724487305
2006-05-19,33.547542572021484
2006-05-22,33.52515411376953
2006-05-23,33.60356140136719
2006-05-24,34.04599380493164
2006-05-25,34.065711975097656
2006-05-26,34.20096969604492
2006-05-30,33.727596282958984
2006-05-31,33.93610763549805
2006-06-01,34.178436279296875
2006-06-02,34.22913360595703
2006-06-05,33.88540267944336
2006-06-06,34.341854095458984
2006-06-07,34.471466064453125
2006-06-08,34.691253662109375
2006-06-09,34.58980178833008
2006-06-12,34.58980178833008
2006-06-13,34.40383529663086
2006-06-14,34.51653289794922
2006-06-15,34.640533447265625
2006-06-16,34.75886917114258
2006-06-19,34.572906494140625
2006-06-20,34.674346923828125
2006-06-21,34.820858001708984
2006-06-22,34.47711181640625
2006-06-23,34.55598831176758
2006-06-26,33.930458068847656
2006-06-27,33.55853271484375
2006-06-28,33.37820816040039
2006-06-29,33.75014877319336
2006-06-30,33.767051696777344
2006-07-03,33.89665985107422
2006-07-05,33.83466720581055
2006-07-06,34.10516357421875
2006-07-07,34.161529541015625
2006-07-10,34.34748458862305
2006-07-11,34.24605941772461
2006-07-12,34.161529541015625
2006-07-13,33.96429443359375
2006-07-14,34.07135009765625
2006-07-17,34.324947357177734
2006-07-18,34.15025329589844
2006-07-19,34.55036926269531
2006-07-20,34.584163665771484
2006-07-21,34.78705596923828
2006-07-24,34.927921295166016
2006-07-25,34.9391975402832
2006-07-26,34.96737289428711
2006-07-27,35.25477600097656
2006-07-28,35.45764923095703
2006-07-31,35.24916076660156
2006-08-01,35.322410583496094
2006-08-02,35.5872688293457
2006-08-03,35.54780960083008
2006-08-04,35.80139923095703
2006-08-07,35.6548957824707
2006-08-08,35.81830596923828
2006-08-09,35.68306350708008
2006-08-10,35.81267166137695
2006-08-11,35.76760482788086
2006-08-14,36.01555252075195
2006-08-15,36.29732131958008
2006-08-16,36.410030364990234
2006-08-17,36.19589614868164
2006-08-18,36.3029670715332
2006-08-21,36.218441009521484
2006-08-22,36.15644073486328
2006-08-23,36.01555252075195
2006-08-24,36.629817962646484
2006-08-25,36.6552848815918
2006-08-28,36.60430908203125
2006-08-29,36.61564254760742
2006-08-30,36.61564254760742
2006-08-31,36.6496467590332
2006-09-01,36.68367004394531
2006-09-05,36.45125961303711
2006-09-06,36.230201721191406
2006-09-07,35.9694709777832
2006-09-08,36.04316329956055
2006-09-11,36.29823303222656
2006-09-12,36.179203033447266
2006-09-13,36.167850494384766
2006-09-14,36.12252426147461
2006-09-15,36.15653610229492
2006-09-18,36.36625289916992
2006-09-19,36.3775749206543
2006-09-20,36.38325119018555
2006-09-21,36.40591812133789
2006-09-22,36.252872467041016
2006-09-25,36.38325119018555
2006-09-26,36.6552848815918
2006-09-27,36.74031448364258
2006-09-28,36.78569412231445
2006-09-29,36.808349609375
2006-10-02,36.89336395263672
2006-10-03,37.12576675415039
2006-10-04,37.312801361083984
2006-10-05,36.90471267700195
2006-10-06,36.876380920410156
2006-10-09,36.768672943115234
2006-10-10,36.819698333740234
2006-10-11,36.89902877807617
2006-10-12,36.75166320800781
2006-10-13,36.60430908203125
2006-10-16,36.802669525146484
2006-10-17,37.45450973510742
2006-10-18,38.627803802490234
2006-10-19,38.5654411315918
2006-10-20,38.89420700073242
2006-10-23,39.166263580322266
2006-10-24,38.967872619628906
2006-10-25,39.013214111328125
2006-10-26,39.00754928588867
2006-10-27,38.63914108276367
2006-10-30,38.372737884521484
2006-10-31,38.202693939208984
2006-11-01,38.07799530029297
2006-11-02,38.4860954284668
2006-11-03,38.43508529663086
2006-11-06,38.780845642089844
2006-11-07,38.94520950317383
2006-11-08,38.537105560302734
2006-11-09,37.49418258666992
2006-11-10,37.573543548583984
2006-11-13,37.37514877319336
2006-11-14,37.726566314697266
2006-11-15,37.71524429321289
2006-11-16,37.709571838378906
2006-11-17,38.11199951171875
2006-11-20,37.98164749145508
2006-11-21,37.749244689941406
2006-11-22,37.845603942871094
2006-11-24,37.53495788574219
2006-11-27,37.42094039916992
2006-11-28,37.60334777832031
2006-11-29,37.73445129394531
2006-11-30,37.569156646728516
2006-12-01,37.60334777832031
2006-12-04,37.78006362915039
2006-12-05,37.71734619140625
2006-12-06,37.637542724609375
2006-12-07,37.65464782714844
2006-12-08,37.59194564819336
2006-12-11,37.44944763183594
2006-12-12,37.38105392456055
2006-12-13,37.31834030151367
2006-12-14,37.7629508972168
2006-12-15,37.78575134277344
2006-12-18,37.96245193481445
2006-12-19,38.1220588684082
2006-12-20,37.86555480957031
2006-12-21,37.62045669555664
2006-12-22,37.42094039916992
2006-12-26,37.41524887084961
2006-12-27,37.62614822387695
2006-12-28,37.8598518371582
2006-12-29,37.631839752197266
2007-01-03,37.84846496582031
2007-01-04,38.321571350097656
2007-01-05,37.97386169433594
2007-01-08,37.91116714477539
2007-01-09,37.76865768432617
2007-01-10,37.70596694946289
2007-01-11,38.036556243896484
2007-01-12,37.985267639160156
2007-01-16,37.92826843261719
2007-01-17,38.116355895996094
2007-01-18,38.59515380859375
2007-01-19,38.6236572265625
2007-01-22,38.29306411743164
2007-01-23,37.90545654296875
2007-01-24,38.196163177490234
2007-01-25,38.0080451965332
2007-01-26,37.660343170166016
2007-01-29,37.70596694946289
2007-01-30,37.84273910522461
2007-01-31,38.076446533203125
2007-02-01,38.196163177490234
2007-02-02,37.951053619384766
2007-02-05,37.79146194458008
2007-02-06,37.62045669555664
2007-02-07,37.50645446777344
2007-02-08,37.4836540222168
2007-02-09,37.392459869384766
2007-02-12,37.31266403198242
2007-02-13,37.26706314086914
2007-02-14,37.53495788574219
2007-02-15,37.500755310058594
2007-02-16,37.34115982055664
2007-02-20,37.31266403198242
2007-02-21,37.05043029785156
2007-02-22,36.925048828125
2007-02-23,36.77885055541992
2007-02-26,36.86485290527344
2007-02-27,36.1482048034668
2007-02-28,36.079383850097656
2007-03-01,35.80419158935547
2007-03-02,35.51751708984375
2007-03-05,35.44874572753906
2007-03-06,35.37419509887695
2007-03-07,35.465938568115234
2007-03-08,35.38564682006836
2007-03-09,35.62645721435547
2007-03-12,35.42579650878906
2007-03-13,34.84099578857422
2007-03-14,34.806610107421875
2007-03-15,34.70341491699219
2007-03-16,34.69194793701172
2007-03-19,34.81807327270508
2007-03-20,35.013004302978516
2007-03-21,35.09900665283203
2007-03-22,34.89259719848633
2007-03-23,34.69194793701172
2007-03-26,34.542884826660156
2007-03-27,34.416748046875
2007-03-28,34.3995361328125
2007-03-29,34.59446716308594
2007-03-30,34.54861068725586
2007-04-02,34.456878662109375
2007-04-03,34.766475677490234
2007-04-04,35.1391487121582
2007-04-05,35.28821563720703
2007-04-09,35.334068298339844
2007-04-10,35.35698699951172
2007-04-11,35.4831428527832
2007-04-12,35.50033950805664
2007-04-13,35.746856689453125
2007-04-16,36.130985260009766
2007-04-17,37.00817108154297
2007-04-18,36.93937683105469
2007-04-19,37.23176956176758
2007-04-20,37.33497619628906
2007-04-23,37.12284851074219
2007-04-24,36.973785400390625
2007-04-25,37.08270263671875
2007-04-26,36.8304328918457
2007-04-27,36.79030990600586
2007-04-30,36.8189811706543
2007-05-01,37.01390838623047
2007-05-02,36.96804428100586
2007-05-03,36.87631607055664
2007-05-04,36.96804428100586
2007-05-07,36.841922760009766
2007-05-08,36.52083206176758
2007-05-09,36.75590896606445
2007-05-10,35.832847595214844
2007-05-11,35.70100402832031
2007-05-14,35.89592742919922
2007-05-15,35.442989349365234
2007-05-16,36.1482048034668
2007-05-17,35.9704475402832
2007-05-18,36.360328674316406
2007-05-21,36.41765213012695
2007-05-22,36.45206832885742
2007-05-23,36.583919525146484
2007-05-24,36.63298034667969
2007-05-25,36.46562194824219
2007-05-29,36.38483428955078
2007-05-30,36.48292922973633
2007-05-31,36.51177978515625
2007-06-01,36.59257507324219
2007-06-04,36.70220184326172
2007-06-05,36.53487014770508
2007-06-06,36.29827117919922
2007-06-07,35.778900146484375
2007-06-08,35.85390853881836
2007-06-11,35.93471145629883
2007-06-12,35.68079376220703
2007-06-13,35.88276672363281
2007-06-14,36.0385627746582
2007-06-15,36.22323989868164
2007-06-18,35.96932601928711
2007-06-19,36.02126693725586
2007-06-20,35.80198669433594
2007-06-21,35.842384338378906
2007-06-22,35.04599380493164
2007-06-25,35.265296936035156
2007-06-26,35.5769157409668
2007-06-27,35.46150207519531
2007-06-28,35.490360260009766
2007-06-29,35.559600830078125
2007-07-02,35.69232940673828
2007-07-03,35.750038146972656
2007-07-05,35.94047927856445
2007-07-06,35.85390853881836
2007-07-09,36.19438552856445
2007-07-10,35.8942985534668
2007-07-11,36.27516174316406
2007-07-12,36.563720703125
2007-07-13,36.60411071777344
2007-07-16,36.81763458251953
2007-07-17,36.2059326171875
2007-07-18,35.8942985534668
2007-07-19,36.00395584106445
2007-07-20,35.6577033996582
2007-07-23,35.778900146484375
2007-07-24,35.47304153442383
2007-07-25,35.50765609741211
2007-07-26,35.178741455078125
2007-07-27,34.49201202392578
2007-07-30,34.66513442993164
2007-07-31,34.91328430175781
2007-08-01,35.178741455078125
2007-08-02,35.21912384033203
2007-08-03,34.942134857177734
2007-08-06,35.9520149230957
2007-08-07,35.825050354003906
2007-08-08,36.06165313720703
2007-08-09,35.10370635986328
2007-08-10,35.288360595703125
2007-08-13,35.46150207519531
2007-08-14,35.27682876586914
2007-08-15,35.37493896484375
2007-08-16,35.565372467041016
2007-08-17,35.79043197631836
2007-08-20,35.68079376220703
2007-08-21,35.58845138549805
2007-08-22,35.784664154052734
2007-08-23,35.842384338378906
2007-08-24,35.94985580444336
2007-08-27,35.78718948364258
2007-08-28,35.58383560180664
2007-08-29,35.938228607177734
2007-08-30,35.78718948364258
2007-08-31,35.897552490234375
2007-09-04,36.00794219970703
2007-09-05,35.816219329833984
2007-09-06,35.82203674316406
2007-09-07,35.83366012573242
2007-09-10,35.926612854003906
2007-09-11,36.04861831665039
2007-09-12,36.31584930419922
2007-09-13,36.66443634033203
2007-09-14,36.71670913696289
2007-09-17,36.56566619873047
2007-09-18,37.082725524902344
2007-09-19,37.46614456176758
2007-09-20,37.64044189453125
2007-09-21,37.83216857910156
2007-09-24,37.878623962402344
2007-09-25,37.74501419067383
2007-09-26,37.98903274536133
2007-09-27,38.07616424560547
2007-09-28,38.16911315917969
2007-10-01,38.424739837646484
2007-10-02,38.37245559692383
2007-10-03,38.40150451660156
2007-10-04,38.40730667114258
2007-10-05,38.4886474609375
2007-10-08,38.355018615722656
2007-10-09,38.4886474609375
2007-10-10,38.24464797973633
2007-10-11,38.31434631347656
2007-10-12,38.308555603027344
2007-10-15,38.14005661010742
2007-10-16,37.803104400634766
2007-10-17,37.675296783447266
2007-10-18,37.70435333251953
2007-10-19,37.315093994140625
2007-10-22,37.3790283203125
2007-10-23,37.501014709472656
2007-10-24,37.43710708618164
2007-10-25,37.15242385864258
2007-10-26,37.355770111083984
2007-10-29,37.75083541870117
2007-10-30,37.65787124633789
2007-10-31,37.86119842529297
2007-11-01,37.56491470336914
2007-11-02,37.63463592529297
2007-11-05,37.46614456176758
2007-11-06,37.5358772277832
2007-11-07,37.129188537597656
2007-11-08,37.52425003051758
2007-11-09,37.85540771484375
2007-11-12,38.52349090576172
2007-11-13,39.10445785522461
2007-11-14,38.860450744628906
2007-11-15,38.85464859008789
2007-11-16,39.360076904296875
2007-11-19,39.26713180541992
2007-11-20,39.296180725097656
2007-11-21,39.00569152832031
2007-11-23,39.09630584716797
2007-11-26,39.38274383544922
2007-11-27,39.59320068359375
2007-11-28,39.955650329589844
2007-11-29,39.984859466552734
2007-11-30,39.59904479980469
2007-12-03,39.58151626586914
2007-12-04,39.71596145629883
2007-12-05,39.8737907409668
2007-12-06,39.926414489746094
2007-12-07,39.56395721435547
2007-12-10,39.62828063964844
2007-12-11,39.487979888916016
2007-12-12,39.57565689086914
2007-12-13,39.67504119873047
2007-12-14,39.511356353759766
2007-12-17,39.487979888916016
2007-12-18,39.58151626586914
2007-12-19,39.353515625
2007-12-20,39.35935974121094
2007-12-21,39.76857376098633
2007-12-24,39.67504119873047
2007-12-26,39.49382400512695
2007-12-27,39.35935974121094
2007-12-28,39.388587951660156
2007-12-31,38.991092681884766
2008-01-02,38.52928924560547
2008-01-03,38.540977478027344
2008-01-04,38.48835372924805
2008-01-07,39.084617614746094
2008-01-08,39.13138198852539
2008-01-09,39.634124755859375
2008-01-10,39.69843292236328
2008-01-11,39.68089294433594
2008-01-14,39.721797943115234
2008-01-15,39.61074447631836
2008-01-16,39.9322509765625
2008-01-17,39.65167999267578
2008-01-18,38.75141906738281
2008-01-22,38.1551399230957
2008-01-23,37.52965545654297
2008-01-24,37.12630081176758
2008-01-25,36.51249694824219
2008-01-28,36.86907958984375
2008-01-29,36.81061935424805
2008-01-30,36.34880828857422
2008-01-31,36.910003662109375
2008-02-01,37.03861618041992
2008-02-04,37.1029167175293
2008-02-05,36.752159118652344
2008-02-06,36.857391357421875
2008-02-07,36.71709060668945
2008-02-08,36.261146545410156
2008-02-11,36.17344665527344
2008-02-12,36.81061935424805
2008-02-13,37.06784439086914
2008-02-14,36.705406188964844
2008-02-15,36.769710540771484
2008-02-19,37.21397018432617
2008-02-20,36.96261215209961
2008-02-21,36.81647872924805
2008-02-22,37.17837142944336
2008-02-25,37.5726318359375
2008-02-26,37.49613952636719
2008-02-27,37.095977783203125
2008-02-28,36.90179443359375
2008-02-29,36.4604606628418
2008-03-03,36.61934280395508
2008-03-04,36.86061096191406
2008-03-05,37.148956298828125
2008-03-06,36.85472106933594
2008-03-07,36.19565200805664
2008-03-10,36.089744567871094
2008-03-11,36.74293518066406
2008-03-12,36.807640075683594
2008-03-13,36.96064758300781
2008-03-14,36.866512298583984
2008-03-17,37.68442916870117
2008-03-18,38.43177795410156
2008-03-19,38.17873764038086
2008-03-20,38.47296905517578
2008-03-24,38.184635162353516
2008-03-25,37.98455047607422
2008-03-26,38.07280731201172
2008-03-27,38.025733947753906
2008-03-28,37.76681900024414
2008-03-31,38.1728401184082
2008-04-01,38.761314392089844
2008-04-02,38.43177795410156
2008-04-03,38.40824890136719
2008-04-04,38.67892074584961
2008-04-07,38.92020034790039
2008-04-08,39.026100158691406
2008-04-09,39.008460998535156
2008-04-10,39.03200149536133
2008-04-11,38.837799072265625
2008-04-14,38.684814453125
2008-04-15,38.63184356689453
2008-04-16,38.66127014160156
2008-04-17,38.69656753540039
2008-04-18,39.137908935546875
2008-04-21,39.026100158691406
2008-04-22,39.420372009277344
2008-04-23,39.57925033569336
2008-04-24,39.64398956298828
2008-04-25,39.60867691040039
2008-04-28,39.61454772949219
2008-04-29,39.5380744934082
2008-04-30,39.47921371459961
2008-05-01,39.90290069580078
2008-05-02,40.16770553588867
2008-05-05,39.955848693847656
2008-05-06,39.76755905151367
2008-05-07,39.373291015625
2008-05-08,39.36741256713867
2008-05-09,39.16146469116211
2008-05-12,39.2556037902832
2008-05-13,39.07905197143555
2008-05-14,39.314453125
2008-05-15,39.23793411254883
2008-05-16,39.23793411254883
2008-05-19,39.208518981933594
2008-05-20,38.92607116699219
2008-05-21,38.67892074584961
2008-05-22,38.76188278198242
2008-05-23,38.47150421142578
2008-05-27,38.60780715942383
2008-05-28,38.44780349731445
2008-05-29,39.36039733886719
2008-05-30,39.55003356933594
2008-06-02,39.41374206542969
2008-06-03,39.56189727783203
2008-06-04,39.43745422363281
2008-06-05,39.6804084777832
2008-06-06,38.96929168701172
2008-06-09,38.89225769042969
2008-06-10,38.886329650878906
2008-06-11,38.63743209838867
2008-06-12,38.92781066894531
2008-06-13,39.27151107788086
2008-06-16,39.016693115234375
2008-06-17,38.86854934692383
2008-06-18,38.18706512451172
2008-06-19,38.29373550415039
2008-06-20,37.96187210083008
2008-06-23,38.098175048828125
2008-06-24,38.352989196777344
2008-06-25,38.68484878540039
2008-06-26,38.08039093017578
2008-06-27,37.6715087890625
2008-06-30,38.127803802490234
2008-07-01,38.33522033691406
2008-07-02,38.30559539794922
2008-07-03,38.59002685546875
2008-07-07,38.667076110839844
2008-07-08,39.235965728759766
2008-07-09,39.21818161010742
2008-07-10,39.66856384277344
2008-07-11,39.26559829711914
2008-07-14,39.35448455810547
2008-07-15,40.11894989013672
2008-07-16,40.40930938720703
2008-07-17,40.19596862792969
2008-07-18,40.190059661865234
2008-07-21,39.769290924072266
2008-07-22,40.29077911376953
2008-07-23,40.45671844482422
2008-07-24,40.68784713745117
2008-07-25,40.90709686279297
2008-07-28,40.5811653137207
2008-07-29,40.5811653137207
2008-07-30,40.34412384033203
2008-07-31,40.57524871826172
2008-08-01,40.3559684753418
2008-08-04,40.87746810913086
2008-08-05,41.74857711791992
2008-08-06,42.115997314453125
2008-08-07,41.86709213256836
2008-08-08,42.40044021606445
2008-08-11,42.465633392333984
2008-08-12,42.48933792114258
2008-08-13,42.193031311035156
2008-08-14,42.18710708618164
2008-08-15,42.27006530761719
2008-08-18,42.12784194946289
2008-08-19,42.16341781616211
2008-08-20,42.12193298339844
2008-08-21,42.24043655395508
2008-08-22,42.598304748535156
2008-08-25,42.22850799560547
2008-08-26,42.174808502197266
2008-08-27,42.473045349121094
2008-08-28,42.59232711791992
2008-08-29,42.00783157348633
2008-09-02,42.78321075439453
2008-09-03,42.65199661254883
2008-09-04,42.019744873046875
2008-09-05,42.15098190307617
2008-09-08,43.07546615600586
2008-09-09,42.55059051513672
2008-09-10,42.4849853515625
2008-09-11,42.443233489990234
2008-09-12,42.10325622558594
2008-09-15,41.518733978271484
2008-09-16,41.632076263427734
2008-09-17,41.45909118652344
2008-09-18,42.306053161621094
2008-09-19,41.74539566040039
2008-09-22,40.803009033203125
2008-09-23,40.64793014526367
2008-09-24,40.671783447265625
2008-09-25,41.369625091552734
2008-09-26,41.39350128173828
2008-09-29,39.9023551940918
2008-09-30,41.3218994140625
2008-10-01,40.43319320678711
2008-10-02,40.43319320678711
2008-10-03,39.46098709106445
2008-10-06,38.47088623046875
2008-10-07,37.27201461791992
2008-10-08,37.194488525390625
2008-10-09,34.34346008300781
2008-10-10,33.31160354614258
2008-10-13,37.3853645324707
2008-10-14,38.17266082763672
2008-10-15,36.108951568603516
2008-10-16,37.87443923950195
2008-10-17,37.367469787597656
2008-10-20,38.43510437011719
2008-10-21,37.96987533569336
2008-10-22,36.633819580078125
2008-10-23,37.248172760009766
2008-10-24,36.25807189941406
2008-10-27,35.876338958740234
2008-10-28,38.285980224609375
2008-10-29,36.69943618774414
2008-10-30,36.12685012817383
2008-10-31,36.58610916137695
2008-11-03,36.47874069213867
2008-11-04,36.914161682128906
2008-11-05,35.69740676879883
2008-11-06,34.5462646484375
2008-11-07,35.9180793762207
2008-11-10,35.79282760620117
2008-11-11,35.51846694946289
2008-11-12,34.5462646484375
2008-11-13,37.51655578613281
2008-11-14,35.81669616699219
2008-11-17,35.351463317871094
2008-11-18,36.31771469116211
2008-11-19,34.66554260253906
2008-11-20,33.28774642944336
2008-11-21,35.091957092285156
2008-11-24,35.54905319213867
2008-11-25,35.302467346191406
2008-11-26,35.043853759765625
2008-11-28,35.23030090332031
2008-12-01,33.27573776245117
2008-12-02,34.17782211303711
2008-12-03,34.47251510620117
2008-12-04,33.786922454833984
2008-12-05,35.01979446411133
2008-12-08,35.34456253051758
2008-12-09,34.7672119140625
2008-12-10,34.761199951171875
2008-12-11,35.031829833984375
2008-12-12,34.430416107177734
2008-12-15,34.7672119140625
2008-12-16,35.843711853027344
2008-12-17,35.3505859375
2008-12-18,35.476871490478516
2008-12-19,35.38664245605469
2008-12-22,35.44078826904297
2008-12-23,35.290428161621094
2008-12-24,35.21826934814453
2008-12-26,35.21826934814453
2008-12-29,34.97169876098633
2008-12-30,35.58512496948242
2008-12-31,35.98204040527344
2009-01-02,36.475196838378906
2009-01-05,36.114356994628906
2009-01-06,35.89784622192383
2009-01-07,35.5610466003418
2009-01-08,35.494903564453125
2009-01-09,35.51295852661133
2009-01-12,35.0859489440918
2009-01-13,35.38664245605469
2009-01-14,34.851402282714844
2009-01-15,34.65293884277344
2009-01-16,34.544700622558594
2009-01-20,34.12971496582031
2009-01-21,33.89518356323242
2009-01-22,34.201881408691406
2009-01-23,33.66061782836914
2009-01-26,34.00943374633789
2009-01-27,34.60483169555664
2009-01-28,35.21826934814453
2009-01-29,35.049888610839844
2009-01-30,34.695045471191406
2009-02-02,34.695045471191406
2009-02-03,35.23030090332031
2009-02-04,34.8574104309082
2009-02-05,34.94761657714844
2009-02-06,35.188194274902344
2009-02-09,35.18217086791992
2009-02-10,34.11769104003906
2009-02-11,34.47854232788086
2009-02-12,34.74916458129883
2009-02-13,34.3402099609375
2009-02-17,33.666629791259766
2009-02-18,33.5764274597168
2009-02-19,33.63656997680664
2009-02-20,33.13933563232422
2009-02-23,32.53293228149414
2009-02-24,33.07261657714844
2009-02-25,32.72092056274414
2009-02-26,31.799196243286133
2009-02-27,30.319589614868164
2009-03-02,29.058303833007812
2009-03-03,28.888521194458008
2009-03-04,29.77385139465332
2009-03-05,28.906721115112305
2009-03-06,29.0886287689209
2009-03-09,28.257892608642578
2009-03-10,28.973405838012695
2009-03-11,29.04618263244629
2009-03-12,29.71322250366211
2009-03-13,30.70768928527832
2009-03-16,30.762264251708984
2009-03-17,30.756202697753906
2009-03-18,30.71982765197754
2009-03-19,30.355993270874023
2009-03-20,31.332286834716797
2009-03-23,32.27824020385742
2009-03-24,31.95686912536621
2009-03-25,32.05388259887695
2009-03-26,32.07814025878906
2009-03-27,32.03569412231445
2009-03-30,32.14483642578125
2009-03-31,31.896224975585938
2009-04-01,32.16305160522461
2009-04-02,32.12058639526367
2009-04-03,31.62334442138672
2009-04-06,31.653669357299805
2009-04-07,31.144287109375
2009-04-08,31.19886589050293
2009-04-09,31.174610137939453
2009-04-13,31.016965866088867
2009-04-14,31.150362014770508
2009-04-15,31.392919540405273
2009-04-16,31.653669357299805
2009-04-17,32.16910171508789
2009-04-20,31.817394256591797
2009-04-21,31.81133460998535
2009-04-22,31.035137176513672
2009-04-23,31.168560028076172
2009-04-24,30.877490997314453
2009-04-27,30.84111213684082
2009-04-28,30.7137508392334
2009-04-29,30.944190979003906
2009-04-30,31.75068473815918
2009-05-01,31.890161514282227
2009-05-04,32.59964370727539
2009-05-05,32.96348571777344
2009-05-06,32.87250518798828
2009-05-07,33.28485870361328
2009-05-08,33.339439392089844
2009-05-11,32.8118782043457
2009-05-12,33.3515739440918
2009-05-13,33.442527770996094
2009-05-14,33.36369323730469
2009-05-15,33.600189208984375
2009-05-18,33.98826599121094
2009-05-19,33.891258239746094
2009-05-20,33.87913131713867
2009-05-21,33.64054489135742
2009-05-22,33.50595474243164
2009-05-26,33.805728912353516
2009-05-27,33.16948318481445
2009-05-28,33.359127044677734
2009-05-29,33.74455261230469
2009-06-01,34.12382507324219
2009-06-02,34.38688659667969
2009-06-03,34.35628890991211
2009-06-04,34.160526275634766
2009-06-05,34.2155876159668
2009-06-08,34.032066345214844
2009-06-09,34.07489013671875
2009-06-10,34.05042266845703
2009-06-11,34.288997650146484
2009-06-12,34.29512405395508
2009-06-15,33.493717193603516
2009-06-16,33.41419982910156
2009-06-17,33.76900863647461
2009-06-18,34.12995910644531
2009-06-19,34.313472747802734
2009-06-22,33.9464225769043
2009-06-23,33.65277862548828
2009-06-24,33.92806625366211
2009-06-25,34.4235954284668
2009-06-26,34.62547302246094
2009-06-29,34.845706939697266
2009-06-30,34.747825622558594
2009-07-01,34.91299819946289
2009-07-02,34.246185302734375
2009-07-06,34.637699127197266
2009-07-07,34.39911651611328
2009-07-08,34.919124603271484
2009-07-09,34.680538177490234
2009-07-10,34.82734680175781
2009-07-13,35.310638427734375
2009-07-14,35.622650146484375
2009-07-15,36.069217681884766
2009-07-16,36.246620178222656
2009-07-17,36.234397888183594
2009-07-20,36.13039016723633
2009-07-21,36.39345169067383
2009-07-22,36.209930419921875
2009-07-23,36.84004211425781
2009-07-24,37.62919616699219
2009-07-27,37.48236846923828
2009-07-28,37.26826477050781
2009-07-29,37.41509246826172
2009-07-30,37.80049514770508
2009-07-31,37.249900817871094
2009-08-03,37.37839126586914
2009-08-04,37.35390090942383
2009-08-05,36.98073959350586
2009-08-06,36.66261672973633
2009-08-07,36.644256591796875
2009-08-10,37.145912170410156
2009-08-11,36.84004211425781
2009-08-12,37.066383361816406
2009-08-13,36.901206970214844
2009-08-14,36.754398345947266
2009-08-17,36.59532165527344
2009-08-18,36.583099365234375
2009-08-19,36.931800842285156
2009-08-20,37.2866096496582
2009-08-21,37.63813018798828
2009-08-24,37.79231643676758
2009-08-25,37.70597839355469
2009-08-26,37.391441345214844
2009-08-27,37.30512619018555
2009-08-28,37.18177795410156
2009-08-31,37.27428436279297
2009-09-01,36.96592330932617
2009-09-02,36.854915618896484
2009-09-03,36.811737060546875
2009-09-04,37.20025634765625
2009-09-08,37.354461669921875
2009-09-09,37.57030487060547
2009-09-10,37.40994644165039
2009-09-11,37.26194381713867
2009-09-14,37.21261215209961
2009-09-15,37.09543991088867
2009-09-16,37.12009048461914
2009-09-17,37.47779083251953
2009-09-18,37.48395919799805
2009-09-21,37.41611862182617
2009-09-22,37.66897964477539
2009-09-23,37.47779083251953
2009-09-24,37.44696044921875
2009-09-25,37.38528060913086
2009-09-28,37.78615188598633
2009-09-29,37.57646179199219
2009-09-30,37.55179977416992
2009-10-01,36.885746002197266
2009-10-02,36.83640670776367
2009-10-05,36.891910552978516
2009-10-06,37.18177795410156
2009-10-07,37.440792083740234
2009-10-08,37.58264923095703
2009-10-09,38.07600402832031
2009-10-12,38.56319808959961
2009-10-13,37.62582015991211
2009-10-14,37.342124938964844
2009-10-15,37.58264923095703
2009-10-16,37.2866096496582
2009-10-19,37.718318939208984
2009-10-20,37.366790771484375
2009-10-21,37.19410705566406
2009-10-22,37.58264923095703
2009-10-23,37.33597946166992
2009-10-26,37.05841827392578
2009-10-27,37.0152587890625
2009-10-28,36.737735748291016
2009-10-29,36.91658401489258
2009-10-30,36.41704559326172
2009-11-02,36.68840026855469
2009-11-03,36.3430290222168
2009-11-04,36.70689392089844
2009-11-05,36.99058532714844
2009-11-06,37.18794631958008
2009-11-09,37.465450286865234
2009-11-10,37.76148223876953
2009-11-11,37.539466857910156
2009-11-12,37.71215057373047
2009-11-13,37.884830474853516
2009-11-16,38.3535270690918
2009-11-17,38.341182708740234
2009-11-18,38.43368911743164
2009-11-19,38.50154495239258
2009-11-20,38.731529235839844
2009-11-23,38.96773910522461
2009-11-24,39.272308349609375
2009-11-25,39.34691619873047
2009-11-27,39.09206008911133
2009-11-30,39.06098175048828
2009-12-01,39.477447509765625
2009-12-02,39.70744323730469
2009-12-03,39.88148880004883
2009-12-04,40.00580596923828
2009-12-07,40.01203155517578
2009-12-08,39.93741226196289
2009-12-09,40.01823806762695
2009-12-10,40.260658264160156
2009-12-11,40.31038284301758
2009-12-14,40.37876510620117
2009-12-15,40.24200439453125
2009-12-16,40.279296875
2009-12-17,40.07416534423828
2009-12-18,40.01203155517578
2009-12-21,39.987159729003906
2009-12-22,40.11147689819336
2009-12-23,40.13633346557617
2009-12-24,40.21714782714844
2009-12-28,40.36634063720703
2009-12-29,40.36634063720703
2009-12-30,40.34769058227539
2009-12-31,40.03688049316406
2010-01-04,40.204708099365234
2010-01-05,39.738502502441406
2010-01-06,40.06174087524414
2010-01-07,39.775821685791016
2010-01-08,39.912559509277344
2010-01-11,39.91877746582031
2010-01-12,40.13011169433594
2010-01-13,40.38497543334961
2010-01-14,40.46576690673828
2010-01-15,40.13011169433594
2010-01-19,40.62120056152344
2010-01-20,40.496864318847656
2010-01-21,39.76337432861328
2010-01-22,39.284751892089844
2010-01-25,39.297176361083984
2010-01-26,39.02989959716797
2010-01-27,39.4339485168457
2010-01-28,39.65770721435547
2010-01-29,39.07340621948242
2010-02-01,39.21638488769531
2010-02-02,39.775821685791016
2010-02-03,39.552032470703125
2010-02-04,38.93666458129883
2010-02-05,38.93666458129883
2010-02-08,38.76882553100586
2010-02-09,39.01124572753906
2010-02-10,38.99260330200195
2010-02-11,39.1045036315918
2010-02-12,38.98637771606445
2010-02-16,39.53960418701172
2010-02-17,39.76959991455078
2010-02-18,40.11147689819336
2010-02-19,39.9674072265625
2010-02-22,39.76698684692383
2010-02-23,39.65423583984375
2010-02-24,39.74192428588867
2010-02-25,39.63544464111328
2010-02-26,39.4600715637207
2010-03-01,39.704349517822266
2010-03-02,39.73566436767578
2010-03-03,39.71060562133789
2010-03-04,39.817081451416016
2010-03-05,40.111480712890625
2010-03-08,40.2116813659668
2010-03-09,40.25553512573242
2010-03-10,40.2680549621582
2010-03-11,40.22422790527344
2010-03-12,40.19915008544922
2010-03-15,40.443424224853516
2010-03-16,40.41838455200195
2010-03-17,40.493553161621094
2010-03-18,40.750343322753906
2010-03-19,40.78166580200195
2010-03-22,40.7754020690918
2010-03-23,40.93824768066406
2010-03-24,40.55617904663086
2010-03-25,40.443424224853516
2010-03-26,40.324432373046875
2010-03-29,40.600032806396484
2010-03-30,40.6501350402832
2010-03-31,40.83803939819336
2010-04-01,41.195068359375
2010-04-05,40.963314056396484
2010-04-06,40.90693283081055
2010-04-07,40.850563049316406
2010-04-08,40.668922424316406
2010-04-09,40.80046081542969
2010-04-12,40.78166580200195
2010-04-13,41.138675689697266
2010-04-14,41.019676208496094
2010-04-15,41.03220748901367
2010-04-16,40.72529220581055
2010-04-19,41.3578987121582
2010-04-20,41.33285140991211
2010-04-21,40.957061767578125
2010-04-22,40.57497024536133
2010-04-23,40.73781967163086
2010-04-26,40.56245422363281
2010-04-27,40.26178741455078
2010-04-28,40.47475814819336
2010-04-29,40.71902847290039
2010-04-30,40.27433395385742
2010-05-03,40.91946792602539
2010-05-04,40.524871826171875
2010-05-05,40.80046081542969
2010-05-06,39.71060562133789
2010-05-07,39.65423583984375
2010-05-10,40.55617904663086
2010-05-11,40.50607681274414
2010-05-12,40.6501350402832
2010-05-13,40.50607681274414
2010-05-14,40.067626953125
2010-05-17,40.01125717163086
2010-05-18,39.4412956237793
2010-05-19,38.971519470214844
2010-05-20,37.925506591796875
2010-05-21,38.13219451904297
2010-05-24,37.93803405761719
2010-05-25,37.80025100708008
2010-05-26,37.36805725097656
2010-05-27,37.31117248535156
2010-05-28,36.84976577758789
2010-06-01,37.1405143737793
2010-06-02,37.753631591796875
2010-06-03,37.778907775878906
2010-06-04,36.66645431518555
2010-06-07,36.66012191772461
2010-06-08,37.06465530395508
2010-06-09,36.767578125
2010-06-10,36.97617721557617
2010-06-11,36.950889587402344
2010-06-14,36.92560577392578
2010-06-15,37.38069534301758
2010-06-16,37.44389724731445
2010-06-17,37.405982971191406
2010-06-18,37.405982971191406
2010-06-21,37.37437057495117
2010-06-22,37.393333435058594
2010-06-23,37.44389724731445
2010-06-24,37.67145538330078
2010-06-25,37.10258865356445
2010-06-28,37.5766487121582
2010-06-29,37.44389724731445
2010-06-30,37.330142974853516
2010-07-01,37.336456298828125
2010-07-02,37.34278106689453
2010-07-06,37.34278106689453
2010-07-07,38.30984878540039
2010-07-08,38.796546936035156
2010-07-09,38.26559829711914
2010-07-12,38.0570182800293
2010-07-13,38.24031448364258
2010-07-14,38.31617736816406
2010-07-15,38.088619232177734
2010-07-16,37.5703239440918
2010-07-19,37.65249252319336
2010-07-20,37.02675247192383
2010-07-21,36.10390853881836
2010-07-22,36.04071807861328
2010-07-23,36.42627716064453
2010-07-26,36.495792388916016
2010-07-27,36.72334289550781
2010-07-28,36.55267333984375
2010-07-29,36.55267333984375
2010-07-30,36.71702575683594
2010-08-02,37.1152229309082
2010-08-03,37.51343536376953
2010-08-04,37.759944915771484
2010-08-05,37.772586822509766
2010-08-06,37.89900588989258
2010-08-09,37.955875396728516
2010-08-10,37.564002990722656
2010-08-11,36.97617721557617
2010-08-12,36.98881912231445
2010-08-13,36.75495910644531
2010-08-16,36.66645431518555
2010-08-17,37.43126678466797
2010-08-18,37.51343536376953
2010-08-19,37.1152229309082
2010-08-20,37.127872467041016
2010-08-23,37.210052490234375
2010-08-24,36.66645431518555
2010-08-25,36.64750289916992
2010-08-26,36.53372573852539
2010-08-27,36.75065994262695
2010-08-30,36.55924606323242
2010-08-31,36.38059616088867
2010-09-01,37.19089889526367
2010-09-02,37.39505386352539
2010-09-03,37.59923553466797
2010-09-07,37.45249557495117
2010-09-08,37.548187255859375
2010-09-09,38.167083740234375
2010-09-10,38.269161224365234
2010-09-13,38.48609924316406
2010-09-14,38.65200424194336
2010-09-15,38.95186996459961
2010-09-16,39.104984283447266
2010-09-17,39.28364181518555
2010-09-20,39.61540603637695
2010-09-21,39.51970672607422
2010-09-22,39.53886032104492
2010-09-23,39.43677520751953
2010-09-24,39.64732360839844
2010-09-27,39.5771369934082
2010-09-28,39.83234786987305
2010-09-29,39.75579071044922
2010-09-30,39.532474517822266
2010-10-01,39.39847946166992
2010-10-04,39.34744644165039
2010-10-05,40.068424224853516
2010-10-06,40.33000946044922
2010-10-07,40.336395263671875
2010-10-08,40.34278106689453
2010-10-11,40.38744354248047
2010-10-12,40.38106155395508
2010-10-13,40.56608200073242
2010-10-14,40.66816711425781
2010-10-15,40.55970001220703
2010-10-18,40.7447395324707
2010-10-19,40.38106155395508
2010-10-20,40.578857421875
2010-10-21,40.827674865722656
2010-10-22,40.712825775146484
2010-10-25,40.82131576538086
2010-10-26,40.731971740722656
2010-10-27,40.55970001220703
2010-10-28,40.55332565307617
2010-10-29,40.66816711425781
2010-11-01,40.63626480102539
2010-11-02,40.757503509521484
2010-11-03,40.95528793334961
2010-11-04,41.3189697265625
2010-11-05,41.2487907409668
2010-11-08,41.04460906982422
2010-11-09,41.03185272216797
2010-11-10,40.802162170410156
2010-11-11,40.783016204833984
2010-11-12,40.62351989746094
2010-11-15,40.92338943481445
2010-11-16,40.28535079956055
2010-11-17,40.23431396484375
2010-11-18,40.725589752197266
2010-11-19,40.725589752197266
2010-11-22,40.59162139892578
2010-11-23,40.113094329833984
2010-11-24,40.38106155395508
2010-11-26,40.091468811035156
2010-11-29,39.840492248535156
2010-11-30,39.60883331298828
2010-12-01,40.168704986572266
2010-12-02,40.2845344543457
2010-12-03,40.258785247802734
2010-12-06,40.02711868286133
2010-12-07,40.09790802001953
2010-12-08,40.18800354003906
2010-12-09,39.93703079223633
2010-12-10,39.840492248535156
2010-12-13,39.808326721191406
2010-12-14,40.39391326904297
2010-12-15,40.265235900878906
2010-12-16,40.15582275390625
2010-12-17,40.24591064453125
2010-12-20,40.21373748779297
2010-12-21,40.117210388183594
2010-12-22,39.911285400390625
2010-12-23,40.05929946899414
2010-12-27,39.85336685180664
2010-12-28,39.93058776855469
2010-12-29,39.982078552246094
2010-12-30,39.85979461669922
2010-12-31,39.8018913269043
2011-01-03,40.42609405517578
2011-01-04,40.76716232299805
2011-01-05,40.7414436340332
2011-01-06,40.67707443237305
2011-01-07,40.2845344543457
2011-01-10,40.00137710571289
2011-01-11,40.07216262817383
2011-01-12,40.220176696777344
2011-01-13,40.48402404785156
2011-01-14,40.25234603881836
2011-01-18,39.9627685546875
2011-01-19,40.258785247802734
2011-01-20,40.45184326171875
2011-01-21,40.32313919067383
2011-01-24,40.03998565673828
2011-01-25,39.30636978149414
2011-01-26,38.99748611450195
2011-01-27,39.04897689819336
2011-01-28,38.61780548095703
2011-01-31,38.463356018066406
2011-02-01,39.01679229736328
2011-02-02,39.01035690307617
2011-02-03,39.12617874145508
2011-02-04,39.15192794799805
2011-02-07,39.171226501464844
2011-02-08,39.2162971496582
2011-02-09,39.17765808105469
2011-02-10,39.209835052490234
2011-02-11,39.06182098388672
2011-02-14,39.06182098388672
2011-02-15,39.01035690307617
2011-02-16,38.946006774902344
2011-02-17,39.11974334716797
2011-02-18,39.32568359375
2011-02-22,39.0296630859375
2011-02-23,38.862335205078125
2011-02-24,38.772247314453125
2011-02-25,38.726783752441406
2011-02-28,39.89561462402344
2011-03-01,39.41509246826172
2011-03-02,39.486541748046875
2011-03-03,39.64236831665039
2011-03-04,39.648868560791016
2011-03-07,39.220306396484375
2011-03-08,39.42158126831055
2011-03-09,39.220306396484375
2011-03-10,38.70732116699219
2011-03-11,38.75925827026367
2011-03-14,38.3956184387207
2011-03-15,37.97355651855469
2011-03-16,37.44108963012695
2011-03-17,37.74628829956055
2011-03-18,38.032012939453125
2011-03-21,38.200843811035156
2011-03-22,38.174861907958984
2011-03-23,38.129398345947266
2011-03-24,38.330684661865234
2011-03-25,38.2982292175293
2011-03-28,38.467063903808594
2011-03-29,38.454071044921875
2011-03-30,38.55796813964844
2011-03-31,38.47355651855469
2011-04-01,38.629390716552734
2011-04-04,39.057952880859375
2011-04-05,38.83068084716797
2011-04-06,38.73978805541992
2011-04-07,38.622894287109375
2011-04-08,38.60990905761719
2011-04-11,38.869659423828125
2011-04-12,38.92159652709961
2011-04-13,38.70082473754883
2011-04-14,38.973541259765625
2011-04-15,39.324188232421875
2011-04-18,39.25926208496094
2011-04-19,40.70730209350586
2011-04-20,41.81117248535156
2011-04-21,41.603389739990234
2011-04-25,41.629356384277344
2011-04-26,42.17479705810547
2011-04-27,42.5774040222168
2011-04-28,42.45402908325195
2011-04-29,42.6748046875
2011-05-02,42.992977142333984
2011-05-03,43.02544403076172
2011-05-04,42.642333984375
2011-05-05,42.21376037597656
2011-05-06,42.38259506225586
2011-05-09,42.616355895996094
2011-05-10,42.700775146484375
2011-05-11,43.22673416137695
2011-05-12,43.62933349609375
2011-05-13,43.259220123291016
2011-05-16,43.09687423706055
2011-05-17,43.11635971069336
2011-05-18,43.18129348754883
2011-05-19,43.10985565185547
2011-05-20,42.65532302856445
2011-05-23,42.57090759277344
2011-05-24,42.7137565612793
2011-05-25,43.044918060302734
2011-05-26,42.90738296508789
2011-05-27,43.73263931274414
2011-05-31,44.0732421875
2011-06-01,43.542724609375
2011-06-02,43.542724609375
2011-06-03,43.287261962890625
2011-06-06,43.26106643676758
2011-06-07,42.90083694458008
2011-06-08,43.32001876831055
2011-06-09,43.73919677734375
2011-06-10,43.287261962890625
2011-06-13,43.6147575378418
2011-06-14,43.94879150390625
2011-06-15,43.3331184387207
2011-06-16,43.43788528442383
2011-06-17,43.41826248168945
2011-06-20,43.56237030029297
2011-06-21,43.54925537109375
2011-06-22,43.274173736572266
2011-06-23,43.01218032836914
2011-06-24,42.612632751464844
2011-06-27,42.737091064453125
2011-06-28,43.16937255859375
2011-06-29,43.43135070800781
2011-06-30,43.56889343261719
2011-07-01,44.07977294921875
2011-07-05,44.28937530517578
2011-07-06,44.2435302734375
2011-07-07,44.48587417602539
2011-07-08,44.25664138793945
2011-07-11,44.06013107299805
2011-07-12,43.9029426574707
2011-07-13,44.295928955078125
2011-07-14,44.315589904785156
2011-07-15,44.178035736083984
2011-07-18,43.94224166870117
2011-07-19,43.69990158081055
2011-07-20,43.385501861572266
2011-07-21,43.53614044189453
2011-07-22,43.69990158081055
2011-07-25,43.392059326171875
2011-07-26,43.17591857910156
2011-07-27,42.723976135253906
2011-07-28,42.625728607177734
2011-07-29,42.43580627441406
2011-08-01,42.186912536621094
2011-08-02,41.54503631591797
2011-08-03,41.53194046020508
2011-08-04,40.50362777709961
2011-08-05,41.073448181152344
2011-08-08,40.03204345703125
2011-08-09,40.739418029785156
2011-08-10,39.42945861816406
2011-08-11,41.551578521728516
2011-08-12,41.499183654785156
2011-08-15,42.30479431152344
2011-08-16,42.15415954589844
2011-08-17,42.08865737915039
2011-08-18,41.36819076538086
2011-08-19,41.355079650878906
2011-08-22,41.45334243774414
2011-08-23,42.55369567871094
2011-08-24,42.920475006103516
2011-08-25,42.27860641479492
2011-08-26,42.47684097290039
2011-08-29,43.520931243896484
2011-08-30,43.46145248413086
2011-08-31,43.481285095214844
2011-09-01,43.17070007324219
2011-09-02,42.33807373046875
2011-09-06,42.7147331237793
2011-09-07,43.23677444458008
2011-09-08,42.91957473754883
2011-09-09,42.053924560546875
2011-09-12,42.02089309692383
2011-09-13,42.03410720825195
2011-09-14,42.1134033203125
2011-09-15,42.55615234375
2011-09-16,42.68169403076172
2011-09-19,42.38432693481445
2011-09-20,42.43720245361328
2011-09-21,41.71692657470703
2011-09-22,40.917320251464844
2011-09-23,40.69926071166992
2011-09-26,41.42616271972656
2011-09-27,42.17287063598633
2011-09-28,41.796207427978516
2011-09-29,42.22573471069336
2011-09-30,42.08696365356445
2011-10-03,41.023067474365234
2011-10-04,41.08254623413086
2011-10-05,41.20149230957031
2011-10-06,41.50545883178711
2011-10-07,41.71692657470703
2011-10-10,42.575958251953125
2011-10-11,42.265384674072266
2011-10-12,42.509891510009766
2011-10-13,42.44380569458008
2011-10-14,42.76758575439453
2011-10-17,42.153045654296875
2011-10-18,42.569358825683594
2011-10-19,41.393123626708984
2011-10-20,41.3204345703125
2011-10-21,42.146446228027344
2011-10-24,42.774227142333984
2011-10-25,42.08696365356445
2011-10-26,42.615623474121094
2011-10-27,43.28303146362305
2011-10-28,43.3491325378418
2011-10-31,42.549530029296875
2011-11-01,41.88211441040039
2011-11-02,42.053924560546875
2011-11-03,42.516483306884766
2011-11-04,42.37111282348633
2011-11-07,42.291812896728516
2011-11-08,42.8601188659668
2011-11-09,41.981231689453125
2011-11-10,42.37111282348633
2011-11-11,43.11782455444336
2011-11-14,42.893165588378906
2011-11-15,42.946022033691406
2011-11-16,42.55615234375
2011-11-17,42.252174377441406
2011-11-18,42.192691802978516
2011-11-21,41.59136199951172
2011-11-22,41.56493377685547
2011-11-23,40.963592529296875
2011-11-25,40.86355209350586
2011-11-28,41.5971794128418
2011-11-29,41.87063980102539
2011-11-30,43.16450881958008
2011-12-01,42.98443603515625
2011-12-02,42.33082580566406
2011-12-05,42.25746536254883
2011-12-06,42.34416580200195
2011-12-07,42.98443603515625
2011-12-08,42.53757858276367
2011-12-09,43.037776947021484
2011-12-12,42.35749053955078
2011-12-13,42.25746536254883
2011-12-14,42.13740158081055
2011-12-15,42.684295654296875
2011-12-16,42.88438034057617
2011-12-19,42.37084197998047
2011-12-20,43.031124114990234
2011-12-21,43.32457733154297
2011-12-22,43.471290588378906
2011-12-23,44.004844665527344
2011-12-27,44.03152847290039
2011-12-28,43.6513786315918
2011-12-29,43.93816375732422
2011-12-30,43.738075256347656
2012-01-03,43.93816375732422
2012-01-04,43.6713752746582
2012-01-05,43.618019104003906
2012-01-06,43.23786163330078
2012-01-09,43.3045539855957
2012-01-10,43.4846305847168
2012-01-11,43.43793487548828
2012-01-12,43.504638671875
2012-01-13,43.52463912963867
2012-01-17,43.43128204345703
2012-01-18,43.537994384765625
2012-01-19,43.47796630859375
2012-01-20,43.531314849853516
2012-01-23,43.35125732421875
2012-01-24,43.35125732421875
2012-01-25,43.49797439575195
2012-01-26,43.8181037902832
2012-01-27,43.724727630615234
2012-01-30,43.82477569580078
2012-01-31,43.95817184448242
2012-02-01,43.811431884765625
2012-02-02,43.74473571777344
2012-02-03,43.77809524536133
2012-02-06,43.47796630859375
2012-02-07,43.52463912963867
2012-02-08,43.51131057739258
2012-02-09,43.277896881103516
2012-02-10,43.08447265625
2012-02-13,43.137821197509766
2012-02-14,43.09113693237305
2012-02-15,43.11781311035156
2012-02-16,43.29787826538086
2012-02-17,43.34457778930664
2012-02-21,43.37792205810547
2012-02-22,43.35125732421875
2012-02-23,43.41793441772461
2012-02-24,43.37084197998047
2012-02-27,43.364105224609375
2012-02-28,43.855281829833984
2012-02-29,43.78799819946289
2012-03-01,43.61979293823242
2012-03-02,43.57941436767578
2012-03-05,43.67363357543945
2012-03-06,43.29682540893555
2012-03-07,43.263179779052734
2012-03-08,43.63323974609375
2012-03-09,43.55923843383789
2012-03-12,43.80143737792969
2012-03-13,43.95621109008789
2012-03-14,43.78799819946289
2012-03-15,43.78126525878906
2012-03-16,43.81492614746094
2012-03-19,43.875457763671875
2012-03-20,43.70726776123047
2012-03-21,43.572696685791016
2012-03-22,43.37084197998047
2012-03-23,43.43140411376953
2012-03-26,43.84855270385742
2012-03-27,44.00330352783203
2012-03-28,44.15133285522461
2012-03-29,44.097503662109375
2012-03-30,44.380088806152344
2012-04-02,44.54829788208008
2012-04-03,44.32627868652344
2012-04-04,43.996578216552734
2012-04-05,43.962928771972656
2012-04-09,43.68034744262695
2012-04-10,43.19590759277344
2012-04-11,43.148807525634766
2012-04-12,43.16226577758789
2012-04-13,42.751827239990234
2012-04-16,43.04788589477539
2012-04-17,43.20935821533203
2012-04-18,42.56343460083008
2012-04-19,42.40868377685547
2012-04-20,42.86623001098633
2012-04-23,42.637451171875
2012-04-24,42.906578063964844
2012-04-25,43.35065841674805
2012-04-26,43.56595993041992
2012-04-27,43.62650680541992
2012-04-30,43.80143737792969
2012-05-01,43.8821907043457
2012-05-02,43.95621109008789
2012-05-03,43.962928771972656
2012-05-04,43.55923843383789
2012-05-07,43.599613189697266
2012-05-08,43.7207145690918
2012-05-09,43.24974060058594
2012-05-10,43.444854736328125
2012-05-11,43.29010772705078
2012-05-14,43.01423645019531
2012-05-15,42.7989387512207
2012-05-16,42.86623001098633
2012-05-17,42.7585563659668
2012-05-18,42.624000549316406
2012-05-21,42.704742431640625
2012-05-22,42.738372802734375
2012-05-23,42.57017135620117
2012-05-24,42.869102478027344
2012-05-25,42.46825408935547
2012-05-29,42.52260971069336
2012-05-30,42.264442443847656
2012-05-31,42.413909912109375
2012-06-01,41.972312927246094
2012-06-04,42.35275650024414
2012-06-05,42.264442443847656
2012-06-06,42.66527557373047
2012-06-07,42.66527557373047
2012-06-08,42.78757095336914
2012-06-11,42.20329666137695
2012-06-12,42.85551071166992
2012-06-13,43.78626251220703
2012-06-14,44.46564865112305
2012-06-15,44.846099853515625
2012-06-18,45.04312515258789
2012-06-19,45.32846450805664
2012-06-20,45.51868438720703
2012-06-21,45.104278564453125
2012-06-22,45.2673225402832
2012-06-25,45.17899703979492
2012-06-26,45.12465286254883
2012-06-27,45.40998077392578
2012-06-28,45.47793197631836
2012-06-29,45.89915084838867
2012-07-02,46.198081970214844
2012-07-03,46.225250244140625
2012-07-05,46.048614501953125
2012-07-06,45.95349884033203
2012-07-09,46.048614501953125
2012-07-10,46.116546630859375
2012-07-11,46.13014602661133
2012-07-12,46.001041412353516
2012-07-13,46.61250686645508
2012-07-16,46.503807067871094
2012-07-17,46.87746810913086
2012-07-18,47.12882614135742
2012-07-19,47.23753356933594
2012-07-20,46.626094818115234
2012-07-23,46.27280044555664
2012-07-24,45.756473541259766
2012-07-25,45.87877655029297
2012-07-26,46.70083236694336
2012-07-27,47.23072814941406
2012-07-30,47.18317413330078
2012-07-31,47.02693176269531
2012-08-01,47.13562774658203
2012-08-02,46.503807067871094
2012-08-03,46.958984375
2012-08-06,46.76876449584961
2012-08-07,46.39511489868164
2012-08-08,46.435848236083984
2012-08-09,46.41548538208008
2012-08-10,46.63288116455078
2012-08-13,46.510597229003906
2012-08-14,46.63288116455078
2012-08-15,46.435848236083984
2012-08-16,46.333953857421875
2012-08-17,46.06220245361328
2012-08-20,45.9942512512207
2012-08-21,46.048614501953125
2012-08-22,46.028228759765625
2012-08-23,46.02144241333008
2012-08-24,46.343658447265625
2012-08-27,46.26824188232422
2012-08-28,46.28195571899414
2012-08-29,46.18598175048828
2012-08-30,46.07628631591797
2012-08-31,46.227088928222656
2012-09-04,46.11056900024414
2012-09-05,46.11741256713867
2012-09-06,46.5081787109375
2012-09-07,46.535606384277344
2012-09-10,46.74127960205078
2012-09-11,46.754981994628906
2012-09-12,46.720699310302734
2012-09-13,47.29655456542969
2012-09-14,46.940086364746094
2012-09-17,46.78925323486328
2012-09-18,46.994930267333984
2012-09-19,47.02920913696289
2012-09-20,47.234867095947266
2012-09-21,47.344566345214844
2012-09-24,47.303428649902344
2012-09-25,47.52281188964844
2012-09-26,47.303428649902344
2012-09-27,47.310272216796875
2012-09-28,47.241729736328125
2012-10-01,47.39255142211914
2012-10-02,47.275997161865234
2012-10-03,47.303428649902344
2012-10-04,47.488529205322266
2012-10-05,47.74903106689453
2012-10-08,47.60507583618164
2012-10-09,46.898948669433594
2012-10-10,46.768699645996094
2012-10-11,46.59730529785156
2012-10-12,46.59730529785156
2012-10-15,47.02920913696289
2012-10-16,47.68048095703125
2012-10-17,48.67454528808594
2012-10-18,49.71657180786133
2012-10-19,49.26411819458008
2012-10-22,49.209266662597656
2012-10-23,48.59913635253906
2012-10-24,48.49628829956055
2012-10-25,48.770511627197266
2012-10-26,48.60599136352539
2012-10-31,48.551143646240234
2012-11-01,49.01731872558594
2012-11-02,48.60599136352539
2012-11-05,48.53057098388672
2012-11-06,48.68140411376953
2012-11-07,48.222068786621094
2012-11-08,47.74903106689453
2012-11-09,47.89986801147461
2012-11-12,47.76961135864258
2012-11-13,47.6530647277832
2012-11-14,47.488529205322266
2012-11-15,47.35141372680664
2012-11-16,47.433677673339844
2012-11-19,47.47480010986328
2012-11-20,47.76274871826172
2012-11-21,47.70789337158203
2012-11-23,48.109046936035156
2012-11-26,47.783973693847656
2012-11-27,47.590328216552734
2012-11-28,47.922306060791016
2012-11-29,47.87388610839844
2012-11-30,48.22663116455078
2012-12-03,48.17129898071289
2012-12-04,48.31654357910156
2012-12-05,48.392601013183594
2012-12-06,48.447940826416016
2012-12-07,48.72459411621094
2012-12-10,48.828338623046875
2012-12-11,49.174129486083984
2012-12-12,49.077293395996094
2012-12-13,48.93207550048828
2012-12-14,48.89059066772461
2012-12-17,49.06348419189453
2012-12-18,49.07039260864258
2012-12-19,48.849082946777344
2012-12-20,48.93207550048828
2012-12-21,48.60009765625
2012-12-24,48.42720413208008
2012-12-26,48.53093338012695
2012-12-27,48.47560501098633
2012-12-28,48.05372619628906
2012-12-31,48.4825325012207
2013-01-02,48.99432373046875
2013-01-03,48.92515563964844
2013-01-04,49.4853630065918
2013-01-07,49.381629943847656
2013-01-08,49.38854217529297
2013-01-09,49.609867095947266
2013-01-10,49.928001403808594
2013-01-11,50.038665771484375
2013-01-14,50.18391418457031
2013-01-15,50.05250549316406
2013-01-16,50.19774627685547
2013-01-17,50.41905975341797
2013-01-18,50.64728927612305
2013-01-22,50.27381134033203
2013-01-23,50.38447189331055
2013-01-24,50.557395935058594
2013-01-25,51.12449264526367
2013-01-28,50.917022705078125
2013-01-29,51.463409423828125
2013-01-30,51.2420768737793
2013-01-31,51.12449264526367
2013-02-01,51.30434036254883
2013-02-04,51.255916595458984
2013-02-05,51.636322021484375
2013-02-06,52.14117431640625
2013-02-07,51.9129524230957
2013-02-08,52.20343780517578
2013-02-11,52.155025482177734
2013-02-12,52.424766540527344
2013-02-13,52.32792663574219
2013-02-14,52.43165969848633
2013-02-15,52.673728942871094
2013-02-19,53.22704315185547
2013-02-20,53.01261901855469
2013-02-21,53.164798736572266
2013-02-22,53.157806396484375
2013-02-25,52.68376159667969
2013-02-26,52.809242248535156
2013-02-27,53.20661163330078
2013-02-28,53.06021499633789
2013-03-01,53.471527099609375
2013-03-04,53.82012176513672
2013-03-05,54.14080047607422
2013-03-06,53.952571868896484
2013-03-07,54.20353698730469
2013-03-08,54.510292053222656
2013-03-11,54.684593200683594
2013-03-12,54.768218994140625
2013-03-13,54.761268615722656
2013-03-14,55.14468765258789
2013-03-15,55.207420349121094
2013-03-18,54.94251251220703
2013-03-19,54.97739791870117
2013-03-20,55.38871383666992
2013-03-21,55.08195114135742
2013-03-22,55.59086608886719
2013-03-25,55.549041748046875
2013-03-26,56.36471176147461
2013-03-27,56.657535552978516
2013-03-28,56.8387451171875
2013-04-01,57.11764144897461
2013-04-02,57.6474723815918
2013-04-03,57.21524429321289
2013-04-04,57.4522819519043
2013-04-05,57.19432830810547
2013-04-08,56.54595947265625
2013-04-09,56.8317985534668
2013-04-10,57.18037033081055
2013-04-11,57.3895263671875
2013-04-12,57.68234634399414
2013-04-15,56.96425247192383
2013-04-16,58.17033004760742
2013-04-17,58.49103927612305
2013-04-18,57.98905944824219
2013-04-19,58.902339935302734
2013-04-22,59.13938903808594
2013-04-23,59.57161331176758
2013-04-24,58.832618713378906
2013-04-25,59.411258697509766
2013-04-26,59.341552734375
2013-04-29,59.6622200012207
2013-04-30,59.41823959350586
2013-05-01,58.721092224121094
2013-05-02,59.369441986083984
2013-05-03,59.78074264526367
2013-05-06,59.03480911254883
2013-05-07,59.62736892700195
2013-05-08,59.578582763671875
2013-05-09,59.36244583129883
2013-05-10,59.7877311706543
2013-05-13,59.850460052490234
2013-05-14,60.63126754760742
2013-05-15,61.09837341308594
2013-05-16,60.96590805053711
2013-05-17,61.41209030151367
2013-05-20,61.3563232421875
2013-05-21,61.76066589355469
2013-05-22,61.67003631591797
2013-05-23,61.25563049316406
2013-05-24,60.98169708251953
2013-05-28,61.53656005859375
2013-05-29,60.15988540649414
2013-05-30,60.398712158203125
2013-05-31,59.12738037109375
2013-06-03,59.499629974365234
2013-06-04,59.07115936279297
2013-06-05,58.77617263793945
2013-06-06,59.32403564453125
2013-06-07,59.64011764526367
2013-06-10,59.80164337158203
2013-06-11,59.485595703125
2013-06-12,58.818328857421875
2013-06-13,59.64011764526367
2013-06-14,59.64011764526367
2013-06-17,60.14582824707031
2013-06-18,60.65858840942383
2013-06-19,59.605018615722656
2013-06-20,58.031639099121094
2013-06-21,58.43904113769531
2013-06-24,59.42939758300781
2013-06-25,59.94913101196289
2013-06-26,61.10110092163086
2013-06-27,60.90444564819336
2013-06-28,60.307403564453125
2013-07-01,60.84822082519531
2013-07-02,60.806087493896484
2013-07-03,60.95359802246094
2013-07-05,61.71921157836914
2013-07-08,62.224910736083984
2013-07-09,62.42861557006836
2013-07-10,62.681480407714844
2013-07-11,62.983516693115234
2013-07-12,63.208274841308594
2013-07-15,63.49628448486328
2013-07-16,63.49628448486328
2013-07-17,63.30657958984375
2013-07-18,63.3347282409668
2013-07-19,64.7816162109375
2013-07-22,64.81678771972656
2013-07-23,64.91507720947266
2013-07-24,64.8729476928711
2013-07-25,65.02041625976562
2013-07-26,65.20305633544922
2013-07-29,65.46996307373047
2013-07-30,65.4418716430664
2013-07-31,65.6736831665039
2013-08-01,65.86332702636719
2013-08-02,66.29881286621094
2013-08-05,65.88439178466797
2013-08-06,65.89141845703125
2013-08-07,65.78604125976562
2013-08-08,65.56129455566406
2013-08-09,64.8729476928711
2013-08-12,64.6200942993164
2013-08-13,65.32948303222656
2013-08-14,63.70697784423828
2013-08-15,62.899227142333984
2013-08-16,62.772789001464844
2013-08-19,63.5313720703125
2013-08-20,63.025638580322266
2013-08-21,62.37244415283203
2013-08-22,61.993133544921875
2013-08-23,62.566368103027344
2013-08-26,61.943599700927734
2013-08-27,60.98114776611328
2013-08-28,61.23591232299805
2013-08-29,61.264217376708984
2013-08-30,61.151004791259766
2013-09-03,61.158058166503906
2013-09-04,61.49775695800781
2013-09-05,61.59684371948242
2013-09-06,61.6817741394043
2013-09-09,61.96484375
2013-09-10,62.65129470825195
2013-09-11,63.146671295166016
2013-09-12,62.990966796875
2013-09-13,62.6795768737793
2013-09-16,63.005123138427734
2013-09-17,63.026344299316406
2013-09-18,63.62788391113281
2013-09-19,63.74110794067383
2013-09-20,63.465118408203125
2013-09-23,63.04758834838867
2013-09-24,62.43190383911133
2013-09-25,61.62514114379883
2013-09-26,61.618038177490234
2013-09-27,61.377445220947266
2013-09-30,61.34916687011719
2013-10-01,61.90113830566406
2013-10-02,61.77376174926758
2013-10-03,61.271305084228516
2013-10-04,61.78789138793945
2013-10-07,61.27837371826172
2013-10-08,60.58484649658203
2013-10-09,60.83253479003906
2013-10-10,62.12051773071289
2013-10-11,63.30235290527344
2013-10-14,63.55005645751953
2013-10-15,63.642032623291016
2013-10-16,64.47709655761719
2013-10-17,65.085693359375
2013-10-18,64.84510040283203
2013-10-21,64.54078674316406
2013-10-22,65.36173248291016
2013-10-23,65.17769622802734
2013-10-24,65.35465240478516
2013-10-25,65.17062377929688
2013-10-28,65.38294219970703
2013-10-29,65.91370391845703
2013-10-30,65.66600036621094
2013-10-31,65.53861236572266
2013-11-01,66.07649230957031
2013-11-04,65.8358383178711
2013-11-05,65.68017578125
2013-11-06,65.84294128417969
2013-11-07,65.59526062011719
2013-11-08,66.55770111083984
2013-11-11,66.72753143310547
2013-11-12,66.21094512939453
2013-11-13,66.05522918701172
2013-11-14,66.46569061279297
2013-11-15,66.79833221435547
2013-11-18,66.73461151123047
2013-11-19,67.13092803955078
2013-11-20,67.33615112304688
2013-11-21,67.37152099609375
2013-11-22,67.87747955322266
2013-11-25,68.1482925415039
2013-11-26,67.74210357666016
2013-11-27,67.68510437011719
2013-11-29,67.4570541381836
2013-12-02,67.18623352050781
2013-12-03,66.96533966064453
2013-12-04,66.7230453491211
2013-12-05,66.25270080566406
2013-12-06,67.30029296875
2013-12-09,67.30029296875
2013-12-10,67.08648681640625
2013-12-11,66.35248565673828
2013-12-12,64.96287536621094
2013-12-13,65.09825897216797
2013-12-16,65.11253356933594
2013-12-17,64.60655212402344
2013-12-18,66.0175552368164
2013-12-19,65.54722595214844
2013-12-20,65.62559509277344
2013-12-23,65.5828628540039
2013-12-24,65.60424041748047
2013-12-26,65.9462890625
2013-12-27,65.81089782714844
2013-12-30,65.77525329589844
2013-12-31,65.269287109375
2014-01-02,64.8702163696289
2014-01-03,65.45458221435547
2014-01-06,65.79661560058594
2014-01-07,67.19336700439453
2014-01-08,67.10075378417969
2014-01-09,67.50691986083984
2014-01-10,67.51402282714844
2014-01-13,67.3430404663086
2014-01-14,67.49982452392578
2014-01-15,67.55680847167969
2014-01-16,67.44279479980469
2014-01-17,67.74210357666016
2014-01-21,67.00809478759766
2014-01-22,67.21475982666016
2014-01-23,66.08881378173828
2014-01-24,64.5708999633789
2014-01-27,64.09346008300781
2014-01-28,64.20745086669922
2014-01-29,63.352352142333984
2014-01-30,63.779884338378906
2014-01-31,63.04591369628906
2014-02-03,61.841590881347656
2014-02-04,61.7275390625
2014-02-05,62.19788360595703
2014-02-06,63.24543762207031
2014-02-07,64.16472625732422
2014-02-10,64.89872741699219
2014-02-11,66.25270080566406
2014-02-12,65.86077880859375
2014-02-13,65.96052551269531
2014-02-14,66.10307312011719
2014-02-18,65.6826171875
2014-02-19,65.3049545288086
2014-02-20,65.83226013183594
2014-02-21,65.68870544433594
2014-02-24,65.39441680908203
2014-02-25,65.39441680908203
2014-02-26,65.39441680908203
2014-02-27,65.5738525390625
2014-02-28,66.1193618774414
2014-03-03,65.71739196777344
2014-03-04,66.99500274658203
2014-03-05,66.45670318603516
2014-03-06,66.67204284667969
2014-03-07,66.98070526123047
2014-03-10,67.07396697998047
2014-03-11,67.10269165039062
2014-03-12,67.1816635131836
2014-03-13,66.7509765625
2014-03-14,66.6146011352539
2014-03-17,67.41849517822266
2014-03-18,67.4256591796875
2014-03-19,67.1744384765625
2014-03-20,67.55485534667969
2014-03-21,68.85401153564453
2014-03-24,68.33003997802734
2014-03-25,69.89472961425781
2014-03-26,69.65787506103516
2014-03-27,69.82295227050781
2014-03-28,69.93780517578125
2014-03-31,70.50482940673828
2014-04-01,70.29669189453125
2014-04-02,70.50482940673828
2014-04-03,70.52635955810547
2014-04-04,70.64122009277344
2014-04-07,70.26079559326172
2014-04-08,70.38282775878906
2014-04-09,71.0215835571289
2014-04-10,69.29181671142578
2014-04-11,69.5287094116211
2014-04-14,69.72250366210938
2014-04-15,71.2010498046875
2014-04-16,70.87804412841797
2014-04-17,71.02881622314453
2014-04-21,71.77525329589844
2014-04-22,71.90444946289062
2014-04-23,71.93318176269531
2014-04-24,71.74652862548828
2014-04-25,71.62450408935547
2014-04-28,72.7370376586914
2014-04-29,72.51455688476562
2014-04-30,72.70115661621094
2014-05-01,72.15564727783203
2014-05-02,71.2800064086914
2014-05-05,71.77525329589844
2014-05-06,71.42352294921875
2014-05-07,72.42840576171875
2014-05-08,72.13414764404297
2014-05-09,72.42840576171875
2014-05-12,72.14849090576172
2014-05-13,72.50736999511719
2014-05-14,72.39971923828125
2014-05-15,72.27052307128906
2014-05-16,72.1915512084961
2014-05-19,72.23463439941406
2014-05-20,71.9547119140625
2014-05-21,72.59349822998047
2014-05-22,72.96931457519531
2014-05-23,72.98377227783203
2014-05-27,72.86090087890625
2014-05-28,72.49231719970703
2014-05-29,72.82477569580078
2014-05-30,73.33070373535156
2014-06-02,73.84384155273438
2014-06-03,74.05345916748047
2014-06-04,74.21244812011719
2014-06-05,74.6027603149414
2014-06-06,74.5738525390625
2014-06-09,74.6027603149414
2014-06-10,75.23878479003906
2014-06-11,74.6750259399414
2014-06-12,74.10405731201172
2014-06-13,74.10405731201172
2014-06-16,74.04622650146484
2014-06-17,73.67041015625
2014-06-18,74.306396484375
2014-06-19,75.02920532226562
2014-06-20,76.08441162109375
2014-06-23,75.70857238769531
2014-06-24,75.5929183959961
2014-06-25,76.43855285644531
2014-06-26,76.35905456542969
2014-06-27,75.88202667236328
2014-06-30,75.61461639404297
2014-07-01,76.51805114746094
2014-07-02,76.51084899902344
2014-07-03,76.19281768798828
2014-07-07,76.95172882080078
2014-07-08,76.4096450805664
2014-07-09,76.64091491699219
2014-07-10,76.46746063232422
2014-07-11,75.96153259277344
2014-07-14,76.16388702392578
2014-07-15,74.64613342285156
2014-07-16,73.8800048828125
2014-07-17,72.54289245605469
2014-07-18,73.576416015625
2014-07-21,73.19338989257812
2014-07-22,74.0606918334961
2014-07-23,73.85833740234375
2014-07-24,73.86550903320312
2014-07-25,73.80049896240234
2014-07-28,73.80049896240234
2014-07-29,73.69208526611328
2014-07-30,73.93782806396484
2014-07-31,72.34052276611328
2014-08-01,72.20320129394531
2014-08-04,72.39112854003906
2014-08-05,72.1453857421875
2014-08-06,72.78863525390625
2014-08-07,72.22489166259766
2014-08-08,73.05607604980469
2014-08-11,73.11387634277344
2014-08-12,72.73079681396484
2014-08-13,73.5330581665039
2014-08-14,73.7354507446289
2014-08-15,73.12110900878906
2014-08-18,74.2269058227539
2014-08-19,74.41485595703125
2014-08-20,74.59555053710938
2014-08-21,75.30381774902344
2014-08-22,75.02005004882812
2014-08-25,75.11463928222656
2014-08-26,75.26746368408203
2014-08-27,75.10734558105469
2014-08-28,74.91089630126953
2014-08-29,75.47845458984375
2014-09-02,75.209228515625
2014-09-03,75.50030517578125
2014-09-04,75.55848693847656
2014-09-05,75.98052978515625
2014-09-08,75.7113265991211
2014-09-09,75.5294189453125
2014-09-10,76.39530181884766
2014-09-11,76.07513427734375
2014-09-12,76.09696960449219
2014-09-15,76.19884490966797
2014-09-16,77.04291534423828
2014-09-17,77.26846313476562
2014-09-18,78.11253356933594
2014-09-19,78.57820892333984
2014-09-22,78.49818420410156
2014-09-23,78.19257354736328
2014-09-24,79.05119323730469
2014-09-25,77.93062591552734
2014-09-26,77.93062591552734
2014-09-29,77.52313232421875
2014-09-30,77.55949401855469
2014-10-01,75.8932113647461
2014-10-02,75.56581115722656
2014-10-03,76.49713897705078
2014-10-06,76.30070495605469
2014-10-07,74.50341796875
2014-10-08,76.33709716796875
2014-10-09,74.27784729003906
2014-10-10,73.65936279296875
2014-10-13,72.12403106689453
2014-10-14,70.58869934082031
2014-10-15,71.46187591552734
2014-10-16,70.42133331298828
2014-10-17,71.81841278076172
2014-10-20,72.18221282958984
2014-10-21,73.02629089355469
2014-10-22,73.6520767211914
2014-10-23,74.67804718017578
2014-10-24,75.04185485839844
2014-10-27,75.72587585449219
2014-10-28,76.24976348876953
2014-10-29,76.81004333496094
2014-10-30,77.88697052001953
2014-10-31,78.4254379272461
2014-11-03,78.19257354736328
2014-11-04,79.03662109375
2014-11-05,79.1821517944336
2014-11-06,79.32042694091797
2014-11-07,78.73102569580078
2014-11-10,79.1821517944336
2014-11-11,79.24765014648438
2014-11-12,79.13124084472656
2014-11-13,79.36406707763672
2014-11-14,78.7019271850586
2014-11-17,78.8038101196289
2014-11-18,79.18946075439453
2014-11-19,79.13849639892578
2014-11-20,78.71646881103516
2014-11-21,78.9947738647461
2014-11-24,78.27703857421875
2014-11-25,78.14520263671875
2014-11-26,78.51873016357422
2014-11-28,79.2803955078125
2014-12-01,79.1192855834961
2014-12-02,79.4708251953125
2014-12-03,78.89222717285156
2014-12-04,78.77505493164062
2014-12-05,79.4708251953125
2014-12-08,79.47814178466797
2014-12-09,79.1339340209961
2014-12-10,77.80829620361328
2014-12-11,78.15987396240234
2014-12-12,76.48270416259766
2014-12-15,76.13850402832031
2014-12-16,75.25965118408203
2014-12-17,76.21905517578125
2014-12-18,78.22579193115234
2014-12-19,77.30298614501953
2014-12-22,78.17450714111328
2014-12-23,76.3728256225586
2014-12-24,76.59986877441406
2014-12-26,76.94410705566406
2014-12-29,77.14185333251953
2014-12-30,77.16382598876953
2014-12-31,76.58523559570312
2015-01-02,76.54859924316406
2015-01-05,76.01396942138672
2015-01-06,75.64046478271484
2015-01-07,77.310302734375
2015-01-08,77.91818237304688
2015-01-09,76.85623168945312
2015-01-12,76.59254455566406
2015-01-13,76.7243881225586
2015-01-14,76.16777801513672
2015-01-15,75.0618667602539
2015-01-16,76.19709014892578
2015-01-20,74.18302917480469
2015-01-21,74.6297836303711
2015-01-22,75.99201202392578
2015-01-23,74.8494873046875
2015-01-26,74.89342498779297
2015-01-27,74.76892852783203
2015-01-28,74.32218170166016
2015-01-29,74.98133087158203
2015-01-30,73.34081268310547
2015-02-02,73.84613037109375
2015-02-03,75.0399169921875
2015-02-04,74.23429107666016
2015-02-05,75.0399169921875
2015-02-06,74.04386901855469
2015-02-09,73.0771255493164
2015-02-10,73.49456787109375
2015-02-11,73.51655578613281
2015-02-12,72.09573364257812
2015-02-13,72.95996856689453
2015-02-17,73.56050872802734
2015-02-18,73.20895385742188
2015-02-19,73.75090026855469
2015-02-20,73.94267272949219
2015-02-23,73.88367462158203
2015-02-24,74.26716613769531
2015-02-25,74.643310546875
2015-02-26,75.81594848632812
2015-02-27,75.60208129882812
2015-03-02,76.125732421875
2015-03-03,75.4766845703125
2015-03-04,74.9677963256836
2015-03-05,75.60942840576172
2015-03-06,73.83203887939453
2015-03-09,74.23767852783203
2015-03-10,73.40428161621094
2015-03-11,72.51192474365234
2015-03-12,73.62553405761719
2015-03-13,73.16829681396484
2015-03-16,74.53268432617188
2015-03-17,73.66979217529297
2015-03-18,74.82769012451172
2015-03-19,74.997314453125
2015-03-20,75.5209732055664
2015-03-23,75.94868469238281
2015-03-24,75.19642639160156
2015-03-25,74.00167083740234
2015-03-26,73.85416412353516
2015-03-27,74.00167083740234
2015-03-30,74.89405822753906
2015-03-31,74.19341278076172
2015-04-01,73.12405395507812
2015-04-02,73.48540496826172
2015-04-06,73.13142395019531
2015-04-07,73.82466125488281
2015-04-08,73.8689193725586
2015-04-09,74.7318115234375
2015-04-10,75.27021026611328
2015-04-13,74.15657043457031
2015-04-14,74.13440704345703
2015-04-15,74.19341278076172
2015-04-16,73.59603118896484
2015-04-17,73.44116973876953
2015-04-20,73.90579223632812
2015-04-21,73.97218322753906
2015-04-22,74.06802368164062
2015-04-23,74.09017944335938
2015-04-24,74.54741668701172
2015-04-27,74.17867279052734
2015-04-28,74.29667663574219
2015-04-29,74.03853607177734
2015-04-30,73.1609115600586
2015-05-01,73.84680938720703
2015-05-04,74.00904083251953
2015-05-05,73.3821792602539
2015-05-06,73.13880157470703
2015-05-07,73.50016784667969
2015-05-08,74.83505249023438
2015-05-11,74.51055908203125
2015-05-12,74.09754943847656
2015-05-13,74.15657043457031
2015-05-14,75.10057067871094
2015-05-15,75.44718933105469
2015-05-18,76.27320861816406
2015-05-19,76.67147064208984
2015-05-20,76.40596008300781
2015-05-21,76.08648681640625
2015-05-22,75.2916259765625
2015-05-26,74.89789581298828
2015-05-27,75.12818908691406
2015-05-28,75.1430435180664
2015-05-29,74.39273071289062
2015-06-01,74.31845092773438
2015-06-02,74.27388763427734
2015-06-03,74.35557556152344
2015-06-04,73.7166976928711
2015-06-05,73.24126434326172
2015-06-08,72.77324676513672
2015-06-09,72.95893859863281
2015-06-10,73.45669555664062
2015-06-11,73.72410583496094
2015-06-12,73.06295776367188
2015-06-15,72.42405700683594
2015-06-16,73.0704116821289
2015-06-17,73.34524536132812
2015-06-18,74.55616760253906
2015-06-19,74.18473815917969
2015-06-22,74.35557556152344
2015-06-23,74.12531280517578
2015-06-24,73.79098510742188
2015-06-25,73.6349868774414
2015-06-26,74.02127075195312
2015-06-29,72.56523132324219
2015-06-30,72.40179443359375
2015-07-01,73.15213775634766
2015-07-02,73.12982177734375
2015-07-06,72.9515151977539
2015-07-07,73.48640441894531
2015-07-08,72.63209533691406
2015-07-09,73.10011291503906
2015-07-10,73.93956756591797
2015-07-13,74.48928833007812
2015-07-14,74.12531280517578
2015-07-15,74.6007308959961
2015-07-16,75.11333465576172
2015-07-17,74.34815979003906
2015-07-20,74.5635986328125
2015-07-21,74.54131317138672
2015-07-22,74.42245483398438
2015-07-23,74.4372787475586
2015-07-24,73.65728759765625
2015-07-27,73.01094818115234
2015-07-28,73.5606918334961
2015-07-29,74.08816528320312
2015-07-30,74.16987609863281
2015-07-31,74.44473266601562
2015-08-03,74.3035659790039
2015-08-04,74.1401596069336
2015-08-05,74.67501068115234
2015-08-06,73.59783172607422
2015-08-07,73.43440246582031
2015-08-10,74.13272094726562
2015-08-11,73.55328369140625
2015-08-12,73.33039855957031
2015-08-13,73.15955352783203
2015-08-14,73.4046630859375
2015-08-17,74.1921615600586
2015-08-18,73.8207015991211
2015-08-19,73.77610778808594
2015-08-20,73.38983154296875
2015-08-21,71.53337097167969
2015-08-24,69.48228454589844
2015-08-25,67.91778564453125
2015-08-26,71.19651794433594
2015-08-27,72.02742767333984
2015-08-28,71.2414321899414
2015-08-31,70.35065460205078
2015-09-01,68.93583679199219
2015-09-02,69.8790283203125
2015-09-03,69.34754943847656
2015-09-04,68.3519515991211
2015-09-08,70.32070922851562
2015-09-09,69.03312683105469
2015-09-10,69.40743255615234
2015-09-11,69.56463623046875
2015-09-14,69.85658264160156
2015-09-15,70.66503143310547
2015-09-16,70.82223510742188
2015-09-17,70.9944076538086
2015-09-18,69.90898132324219
2015-09-21,69.71435546875
2015-09-22,69.79669189453125
2015-09-23,69.60954284667969
2015-09-24,69.22777557373047
2015-09-25,68.11988067626953
2015-09-28,68.39688110351562
2015-09-29,69.64697265625
2015-09-30,69.8790283203125
2015-10-01,69.74429321289062
2015-10-02,70.31321716308594
2015-10-05,70.93452453613281
2015-10-06,69.93142700195312
2015-10-07,71.0992202758789
2015-10-08,71.17405700683594
2015-10-09,71.39115905761719
2015-10-12,71.85526275634766
2015-10-13,71.45103454589844
2015-10-14,70.76235961914062
2015-10-15,72.72361755371094
2015-10-16,73.53955078125
2015-10-19,73.31498718261719
2015-10-20,73.052978515625
2015-10-21,73.08291625976562
2015-10-22,74.50520324707031
2015-10-23,75.08905792236328
2015-10-26,74.81210327148438
2015-10-27,74.999267578125
2015-10-28,75.21635437011719
2015-10-29,75.88257598876953
2015-10-30,75.62805938720703
2015-11-02,76.48140716552734
2015-11-03,76.32421875
2015-11-04,76.30923461914062
2015-11-05,76.6011962890625
2015-11-06,76.29428100585938
2015-11-09,75.48583984375
2015-11-10,75.94245147705078
2015-11-11,76.24935913085938
2015-11-12,75.05913543701172
2015-11-13,74.76720428466797
2015-11-16,75.77029418945312
2015-11-17,75.97986602783203
2015-11-18,76.85570526123047
2015-11-19,76.72097778320312
2015-11-20,77.27899932861328
2015-11-23,77.49767303466797
2015-11-24,76.94719696044922
2015-11-25,76.88687133789062
2015-11-27,77.19602966308594
2015-11-30,76.34393310546875
2015-12-01,77.18848419189453
2015-12-02,76.95475006103516
2015-12-03,76.00457000732422
2015-12-04,77.63341522216797
2015-12-07,77.91242218017578
2015-12-08,77.23372650146484
2015-12-09,77.0301513671875
2015-12-10,77.39965057373047
2015-12-11,76.67572784423828
2015-12-14,77.0301513671875
2015-12-15,78.52322387695312
2015-12-16,79.3678207397461
2015-12-17,78.15373992919922
2015-12-18,76.87931060791016
2015-12-21,76.60033416748047
2015-12-22,77.45243072509766
2015-12-23,78.04061889648438
2015-12-24,78.21406555175781
2015-12-28,77.83702850341797
2015-12-29,78.44782257080078
2015-12-30,78.25931549072266
2015-12-31,77.45997619628906
2016-01-04,75.77081298828125
2016-01-05,76.08750915527344
2016-01-06,75.70294189453125
2016-01-07,74.82063293457031
2016-01-08,74.02133178710938
2016-01-11,73.57640075683594
2016-01-12,74.08164978027344
2016-01-13,73.16166687011719
2016-01-14,74.57181549072266
2016-01-15,73.14662170410156
2016-01-19,73.52363586425781
2016-01-20,72.2039794921875
2016-01-21,72.34724426269531
2016-01-22,72.95805358886719
2016-01-25,72.69415283203125
2016-01-26,76.2986831665039
2016-01-27,77.03768157958984
2016-01-28,77.12064361572266
2016-01-29,78.75701904296875
2016-02-01,78.7042465209961
2016-02-02,77.98030090332031
2016-02-03,78.53076171875
2016-02-04,78.34979248046875
2016-02-05,75.8160629272461
2016-02-08,76.91703796386719
2016-02-09,76.89440155029297
2016-02-10,76.71342468261719
2016-02-11,76.69082641601562
2016-02-12,76.78128814697266
2016-02-16,77.15833282470703
2016-02-17,77.29405212402344
2016-02-18,78.6061782836914
2016-02-19,79.11507415771484
2016-02-22,79.56322479248047
2016-02-23,79.05433654785156
2016-02-24,79.72273254394531
2016-02-25,80.80127716064453
2016-02-26,80.34556579589844
2016-02-29,79.91262817382812
2016-03-01,81.4393310546875
2016-03-02,81.3025894165039
2016-03-03,81.00638580322266
2016-03-04,80.8924560546875
2016-03-07,81.07473754882812
2016-03-08,80.67977142333984
2016-03-09,81.15070343017578
2016-03-10,81.37855529785156
2016-03-11,81.81150817871094
2016-03-14,81.77354431152344
2016-03-15,81.84949493408203
2016-03-16,81.58364868164062
2016-03-17,81.07473754882812
2016-03-18,81.65199279785156
2016-03-21,81.4848861694336
2016-03-22,81.56085205078125
2016-03-23,82.41156005859375
2016-03-24,82.26725006103516
2016-03-28,82.20648193359375
2016-03-29,82.897705078125
2016-03-30,82.776123046875
2016-03-31,82.18370056152344
2016-04-01,82.9356460571289
2016-04-04,82.47992706298828
2016-04-05,82.75334167480469
2016-04-06,83.11033630371094
2016-04-07,82.99641418457031
2016-04-08,82.86726379394531
2016-04-11,82.76851654052734
2016-04-12,83.2470474243164
2016-04-13,83.4521255493164
2016-04-14,83.4293441772461
2016-04-15,83.6875991821289
2016-04-18,84.25727081298828
2016-04-19,85.58648681640625
2016-04-20,86.27009582519531
2016-04-21,86.2624740600586
2016-04-22,86.0726089477539
2016-04-25,86.21692657470703
2016-04-26,85.76119232177734
2016-04-27,85.65482330322266
2016-04-28,85.4345703125
2016-04-29,85.13076782226562
2016-05-02,85.6396484375
2016-05-03,85.59407043457031
2016-05-04,85.23709869384766
2016-05-05,85.73838806152344
2016-05-06,85.63206481933594
2016-05-09,86.37641906738281
2016-05-10,87.09800720214844
2016-05-11,86.8701400756836
2016-05-12,86.76380920410156
2016-05-13,86.25489044189453
2016-05-16,86.9233169555664
2016-05-17,86.45997619628906
2016-05-18,86.27769470214844
2016-05-19,85.71560668945312
2016-05-20,86.16693878173828
2016-05-23,85.7997817993164
2016-05-24,86.20518493652344
2016-05-25,86.71007537841797
2016-05-26,86.36585998535156
2016-05-27,86.48823547363281
2016-05-31,86.20518493652344
2016-06-01,86.2740478515625
2016-06-02,87.5821533203125
2016-06-03,87.78870391845703
2016-06-06,88.56131744384766
2016-06-07,88.53075408935547
2016-06-08,88.58428955078125
2016-06-09,89.50223541259766
2016-06-10,89.50988006591797
2016-06-13,89.34162139892578
2016-06-14,89.59404754638672
2016-06-15,89.05091857910156
2016-06-16,89.22686004638672
2016-06-17,88.33946228027344
2016-06-20,89.1503677368164
2016-06-21,88.8749771118164
2016-06-22,89.08915710449219
2016-06-23,89.79291534423828
2016-06-24,88.4542007446289
2016-06-27,89.15800476074219
2016-06-28,90.44315338134766
2016-06-29,91.28465270996094
2016-06-30,92.7916488647461
2016-07-01,92.78398132324219
2016-07-05,93.53365325927734
2016-07-06,93.81671905517578
2016-07-07,93.71726989746094
2016-07-08,93.97736358642578
2016-07-11,94.03855895996094
2016-07-12,94.03089904785156
2016-07-13,94.09212493896484
2016-07-14,94.22979736328125
2016-07-15,94.09212493896484
2016-07-18,94.19921875
2016-07-19,95.81329345703125
2016-07-20,95.72914123535156
2016-07-21,95.73680114746094
2016-07-22,95.64498138427734
2016-07-25,95.53790283203125
2016-07-26,95.73680114746094
2016-07-27,95.44610595703125
2016-07-28,95.20896911621094
2016-07-29,95.79801177978516
2016-08-01,95.92805480957031
2016-08-02,95.50730895996094
2016-08-03,94.78059387207031
2016-08-04,94.74998474121094
2016-08-05,95.0406723022461
2016-08-08,94.58936309814453
2016-08-09,94.42105102539062
2016-08-10,94.36749267578125
2016-08-11,94.68111419677734
2016-08-12,94.26040649414062
2016-08-15,93.56428527832031
2016-08-16,92.04965209960938
2016-08-17,92.79930877685547
2016-08-18,92.34797668457031
2016-08-19,92.34797668457031
2016-08-22,91.73959350585938
2016-08-23,91.97832489013672
2016-08-24,91.4161376953125
2016-08-25,91.30834197998047
2016-08-26,91.6702880859375
2016-08-29,92.34797668457031
2016-08-30,92.00143432617188
2016-08-31,91.90132904052734
2016-09-01,91.70109558105469
2016-09-02,91.88590240478516
2016-09-06,92.21702575683594
2016-09-07,92.10924530029297
2016-09-08,92.00143432617188
2016-09-09,91.04650115966797
2016-09-12,91.76271057128906
2016-09-13,90.56907653808594
2016-09-14,90.76158905029297
2016-09-15,91.35454559326172
2016-09-16,91.0619125366211
2016-09-19,90.60758209228516
2016-09-20,90.83091735839844
2016-09-21,91.57015991210938
2016-09-22,91.99372863769531
2016-09-23,91.49315643310547
2016-09-26,90.69999694824219
2016-09-27,91.80889129638672
2016-09-28,91.9397964477539
2016-09-29,90.30723571777344
2016-09-30,90.96952056884766
2016-10-03,91.49315643310547
2016-10-04,91.50086975097656
2016-10-05,91.77810668945312
2016-10-06,91.44699096679688
2016-10-07,91.82430267333984
2016-10-10,92.25553131103516
2016-10-11,90.59217071533203
2016-10-12,90.84632110595703
2016-10-13,91.06965637207031
2016-10-14,90.53054809570312
2016-10-17,91.24675750732422
2016-10-18,88.8749008178711
2016-10-19,88.2434310913086
2016-10-20,88.45906066894531
2016-10-21,87.35783386230469
2016-10-24,87.48877716064453
2016-10-25,87.75828552246094
2016-10-26,88.22032928466797
2016-10-27,89.09822082519531
2016-10-28,88.81328582763672
2016-10-31,89.3215560913086
2016-11-01,88.82099151611328
2016-11-02,88.45135498046875
2016-11-03,88.582275390625
2016-11-04,88.64385986328125
2016-11-07,89.83750915527344
2016-11-08,90.1378173828125
2016-11-09,92.6482925415039
2016-11-10,92.05534362792969
2016-11-11,91.2313461303711
2016-11-14,89.79129028320312
2016-11-15,89.57569122314453
2016-11-16,89.60648345947266
2016-11-17,89.76818084716797
2016-11-18,89.45027923583984
2016-11-21,89.17111206054688
2016-11-22,87.418701171875
2016-11-23,87.67462158203125
2016-11-25,88.49652862548828
2016-11-28,87.72113800048828
2016-11-29,87.21712493896484
2016-11-30,86.3021469116211
2016-12-01,86.36417388916016
2016-12-02,86.81391143798828
2016-12-05,86.79840850830078
2016-12-06,86.89144897460938
2016-12-07,86.1470718383789
2016-12-08,86.06175994873047
2016-12-09,87.04652404785156
2016-12-12,89.45027923583984
2016-12-13,89.8612289428711
2016-12-14,89.16337585449219
2016-12-15,89.8612289428711
2016-12-16,89.85347747802734
2016-12-19,89.96204376220703
2016-12-20,89.68290710449219
2016-12-21,89.41149139404297
2016-12-22,89.51229858398438
2016-12-23,89.91552734375
2016-12-27,89.87673950195312
2016-12-28,89.2486801147461
2016-12-29,89.55108642578125
2016-12-30,89.33395385742188
2017-01-03,89.82247161865234
2017-01-04,89.67515563964844
2017-01-05,90.6133804321289
2017-01-06,90.17915344238281
2017-01-09,90.16365814208984
2017-01-10,90.07062530517578
2017-01-11,88.96177673339844
2017-01-12,88.87646484375
2017-01-13,88.86096954345703
2017-01-17,89.0703125
2017-01-18,88.93851470947266
2017-01-19,88.55078887939453
2017-01-20,88.51203918457031
2017-01-23,88.3259506225586
2017-01-24,86.6588363647461
2017-01-25,87.46525573730469
2017-01-26,86.72085571289062
2017-01-27,87.91497802734375
2017-01-30,87.72113800048828
2017-01-31,87.81417083740234
2017-02-01,87.79865264892578
2017-02-02,88.06230926513672
2017-02-03,88.11658477783203
2017-02-06,87.93048095703125
2017-02-07,87.99252319335938
2017-02-08,87.93048095703125
2017-02-09,88.457763671875
2017-02-10,89.35721588134766
2017-02-13,89.85347747802734
2017-02-14,90.22566986083984
2017-02-15,90.87701416015625
2017-02-16,91.55936431884766
2017-02-17,92.1641845703125
2017-02-21,92.78451538085938
2017-02-22,92.67594909667969
2017-02-23,94.3663101196289
2017-02-24,95.79470825195312
2017-02-27,95.53712463378906
2017-02-28,95.3888168334961
2017-03-01,96.67670440673828
2017-03-02,96.4971923828125
2017-03-03,96.62203216552734
2017-03-06,96.55961608886719
2017-03-07,96.65328979492188
2017-03-08,96.86402130126953
2017-03-09,98.30799102783203
2017-03-10,98.5109634399414
2017-03-13,98.87779998779297
2017-03-14,99.1666030883789
2017-03-15,100.65744018554688
2017-03-16,100.26715087890625
2017-03-17,99.95491027832031
2017-03-20,99.96273803710938
2017-03-21,99.32270812988281
2017-03-22,98.54997253417969
2017-03-23,98.26899719238281
2017-03-24,97.941162109375
2017-03-27,98.19092559814453
2017-03-28,98.08164978027344
2017-03-29,97.50405883789062
2017-03-30,97.3011245727539
2017-03-31,97.21527862548828
2017-04-03,97.3245620727539
2017-04-04,97.31672668457031
2017-04-05,97.4103775024414
2017-04-06,97.60554504394531
2017-04-07,97.50405883789062
2017-04-10,97.05134582519531
2017-04-11,96.95767211914062
2017-04-12,97.87870788574219
2017-04-13,97.55868530273438
2017-04-17,98.12847900390625
2017-04-18,95.08441162109375
2017-04-19,94.73316955566406
2017-04-20,95.1234359741211
2017-04-21,95.03755950927734
2017-04-24,95.91957092285156
2017-04-25,96.34104919433594
2017-04-26,96.40350341796875
2017-04-27,96.58302307128906
2017-04-28,96.37230682373047
2017-05-01,96.27079772949219
2017-05-02,96.55181884765625
2017-05-03,96.26300048828125
2017-05-04,96.74693298339844
2017-05-05,96.40350341796875
2017-05-08,96.20056915283203
2017-05-09,96.16932678222656
2017-05-10,95.85712432861328
2017-05-11,96.1615219116211
2017-05-12,96.50497436523438
2017-05-15,99.11976623535156
2017-05-16,99.72856903076172
2017-05-17,98.86998748779297
2017-05-18,99.1041488647461
2017-05-19,99.12757873535156
2017-05-22,99.33049011230469
2017-05-23,99.5334243774414
2017-05-24,99.52566528320312
2017-05-25,100.20133209228516
2017-05-26,99.72206115722656
2017-05-30,99.871337890625
2017-05-31,100.76704406738281
2017-06-01,101.1834716796875
2017-06-02,102.20490264892578
2017-06-05,102.42489624023438
2017-06-06,102.794189453125
2017-06-07,102.7313232421875
2017-06-08,102.57421875
2017-06-09,103.34417724609375
2017-06-12,103.57205200195312
2017-06-13,103.72919464111328
2017-06-14,104.31847381591797
2017-06-15,104.53060913085938
2017-06-16,105.55986785888672
2017-06-19,105.33988189697266
2017-06-20,105.457763671875
2017-06-21,105.99986267089844
2017-06-22,106.89557647705078
2017-06-23,107.19414520263672
2017-06-26,107.12345123291016
2017-06-27,106.07846069335938
2017-06-28,105.14346313476562
2017-06-29,104.21630096435547
2017-06-30,103.94132995605469
2017-07-03,104.42058563232422
2017-07-05,105.00201416015625
2017-07-06,104.1220474243164
2017-07-07,104.13775634765625
2017-07-10,103.35989379882812
2017-07-11,103.10845184326172
2017-07-12,103.89419555664062
2017-07-13,103.60345458984375
2017-07-14,104.18488311767578
2017-07-17,103.8313217163086
2017-07-18,105.64628601074219
2017-07-19,106.23560333251953
2017-07-20,107.30415344238281
2017-07-21,106.31414031982422
2017-07-24,104.50703430175781
2017-07-25,103.61915588378906
2017-07-26,102.88846588134766
2017-07-27,102.794189453125
2017-07-28,103.59559631347656
2017-07-31,104.27916717529297
2017-08-01,104.11417388916016
2017-08-02,103.83917236328125
2017-08-03,104.77417755126953
2017-08-04,104.64057159423828
2017-08-07,104.38919067382812
2017-08-08,103.92559814453125
2017-08-09,104.67987823486328
2017-08-10,104.56986999511719
2017-08-11,104.57772827148438
2017-08-14,104.87628173828125
2017-08-15,104.79774475097656
2017-08-16,105.4184341430664
2017-08-17,104.53060913085938
2017-08-18,104.20845031738281
2017-08-21,104.85272979736328
2017-08-22,105.8348617553711
2017-08-23,104.34204864501953
2017-08-24,104.41273498535156
2017-08-25,104.12016296386719
2017-08-28,104.16764831542969
2017-08-29,104.53926086425781
2017-08-30,103.63787078857422
2017-08-31,104.6657485961914
2017-09-01,103.606201171875
2017-09-05,102.71270751953125
2017-09-06,103.3215560913086
2017-09-07,104.52345275878906
2017-09-08,103.5666732788086
2017-09-11,105.32998657226562
2017-09-12,104.87134552001953
2017-09-13,104.7290267944336
2017-09-14,106.09691619873047
2017-09-15,106.31043243408203
2017-09-18,107.04580688476562
2017-09-19,106.91926574707031
2017-09-20,105.33787536621094
2017-09-21,104.17552185058594
2017-09-22,103.890869140625
2017-09-25,103.71694946289062
2017-09-26,103.53506469726562
2017-09-27,102.59413146972656
2017-09-28,102.37272644042969
2017-09-29,102.7997055053711
2017-10-02,103.75645446777344
2017-10-03,104.45228576660156
2017-10-04,105.0769271850586
2017-10-05,105.31414794921875
2017-10-06,105.33787536621094
2017-10-09,105.51972198486328
2017-10-10,105.87553405761719
2017-10-11,108.04999542236328
2017-10-12,108.19229888916016
2017-10-13,107.87602996826172
2017-10-16,107.63092041015625
2017-10-17,111.3235092163086
2017-10-18,111.23653411865234
2017-10-19,112.3118667602539
2017-10-20,112.5965576171875
2017-10-23,113.56119537353516
2017-10-24,111.99563598632812
2017-10-25,112.56491088867188
2017-10-26,112.13001251220703
2017-10-27,112.10630798339844
2017-10-30,110.69883728027344
2017-10-31,110.23233032226562
2017-11-01,110.68304443359375
2017-11-02,110.64350128173828
2017-11-03,110.7620849609375
2017-11-06,110.50909423828125
2017-11-07,110.5169906616211
2017-11-08,111.74258422851562
2017-11-09,110.9755859375
2017-11-10,110.35096740722656
2017-11-13,110.50909423828125
2017-11-14,110.29559326171875
2017-11-15,109.9872055053711
2017-11-16,109.80538177490234
2017-11-17,109.11743927001953
2017-11-20,109.06208038330078
2017-11-21,109.38626098632812
2017-11-22,108.5560531616211
2017-11-24,109.12535095214844
2017-11-27,109.86524200439453
2017-11-28,111.39266967773438
2017-11-29,111.2255859375
2017-11-30,110.84375762939453
2017-12-01,111.36082458496094
2017-12-04,110.58917236328125
2017-12-05,111.11422729492188
2017-12-06,112.22000122070312
2017-12-07,111.38472747802734
2017-12-08,111.84613037109375
2017-12-11,112.2836685180664
2017-12-12,113.4451904296875
2017-12-13,113.67588806152344
2017-12-14,112.68938446044922
2017-12-15,113.33380889892578
2017-12-18,112.8087158203125
2017-12-19,112.7928237915039
2017-12-20,112.29960632324219
2017-12-21,112.22000122070312
2017-12-22,111.47223663330078
2017-12-26,111.44833374023438
2017-12-27,111.8302001953125
2017-12-28,111.82227325439453
2017-12-29,111.15397644042969
2018-01-02,110.7641830444336
2018-01-03,111.82227325439453
2018-01-04,111.81428527832031
2018-01-05,112.73716735839844
2018-01-08,112.88032531738281
2018-01-09,114.67031860351562
2018-01-10,114.53508758544922
2018-01-11,115.18740844726562
2018-01-12,115.95911407470703
2018-01-16,116.83422088623047
2018-01-17,116.92969512939453
2018-01-18,116.88195037841797
2018-01-19,117.23197174072266
2018-01-22,117.8525390625
2018-01-23,112.83261108398438
2018-01-24,113.02352142333984
2018-01-25,114.87714385986328
2018-01-26,115.6170425415039
2018-01-29,114.30435943603516
2018-01-30,113.3099136352539
2018-01-31,109.93685150146484
2018-02-01,111.39266967773438
2018-02-02,109.53109741210938
2018-02-05,103.73152160644531
2018-02-06,104.87713623046875
2018-02-07,104.55094146728516
2018-02-08,100.52546691894531
2018-02-09,103.0473403930664
2018-02-12,103.63607788085938
2018-02-13,103.38946533203125
2018-02-14,103.15874481201172
2018-02-15,104.3997802734375
2018-02-16,105.92723846435547
2018-02-20,104.1133804321289
2018-02-21,103.34967041015625
2018-02-22,103.34967041015625
2018-02-23,105.02828979492188
2018-02-26,105.74087524414062
2018-02-27,105.42059326171875
2018-02-28,103.9874496459961
2018-03-01,101.90576934814453
2018-03-02,103.13875579833984
2018-03-05,103.91537475585938
2018-03-06,102.65837097167969
2018-03-07,103.31491088867188
2018-03-08,105.73283386230469
2018-03-09,107.12596130371094
2018-03-12,106.18922424316406
2018-03-13,107.5663070678711
2018-03-14,105.94100952148438
2018-03-15,106.53347778320312
2018-03-16,107.0298843383789
2018-03-19,104.27568817138672
2018-03-20,105.05231475830078
2018-03-21,105.03628540039062
2018-03-22,101.98583221435547
2018-03-23,100.16036224365234
2018-03-26,101.99383544921875
2018-03-27,101.84972381591797
2018-03-28,102.04188537597656
2018-03-29,102.60232543945312
2018-04-02,99.72801971435547
2018-04-03,102.76248931884766
2018-04-04,104.41177368164062
2018-04-05,104.6520004272461
2018-04-06,102.56230926513672
2018-04-09,103.66719818115234
2018-04-10,104.28369140625
2018-04-11,103.78726959228516
2018-04-12,104.42778778076172
2018-04-13,104.57991790771484
2018-04-16,105.49266052246094
2018-04-17,104.5158462524414
2018-04-18,102.258056640625
2018-04-19,102.12194061279297
2018-04-20,101.40937042236328
2018-04-23,101.54549407958984
2018-04-24,101.03308868408203
2018-04-25,101.48944854736328
2018-04-26,102.490234375
2018-04-27,102.69841766357422
2018-04-30,101.27326965332031
2018-05-01,100.88895416259766
2018-05-02,98.87933349609375
2018-05-03,98.5030517578125
2018-05-04,99.4317855834961
2018-05-07,98.95140075683594
2018-05-08,98.16677856445312
2018-05-09,98.88734436035156
2018-05-10,100.36054992675781
2018-05-11,101.87373352050781
2018-05-14,100.92898559570312
2018-05-15,100.18438720703125
2018-05-16,100.36054992675781
2018-05-17,99.15957641601562
2018-05-18,99.4718246459961
2018-05-21,99.05548095703125
2018-05-22,98.406982421875
2018-05-23,98.83932495117188
2018-05-24,97.8785400390625
2018-05-25,97.975341796875
2018-05-29,96.30570220947266
2018-05-30,97.57203674316406
2018-05-31,96.48316192626953
2018-06-01,97.80593872070312
2018-06-04,98.36247253417969
2018-06-05,97.98339080810547
2018-06-06,99.04002380371094
2018-06-07,99.47559356689453
2018-06-08,100.0643539428711
2018-06-11,98.93515014648438
2018-06-12,98.83837127685547
2018-06-13,98.91097259521484
2018-06-14,98.7335205078125
2018-06-15,98.89482116699219
2018-06-18,97.85431671142578
2018-06-19,98.86257934570312
2018-06-20,98.43510437011719
2018-06-21,97.95921325683594
2018-06-22,99.08033752441406
2018-06-25,98.87872314453125
2018-06-26,98.68511199951172
2018-06-27,98.0882568359375
2018-06-28,98.40282440185547
2018-06-29,97.87049102783203
2018-07-02,98.06405639648438
2018-07-03,98.9754867553711
2018-07-05,100.82257843017578
2018-07-06,101.42749786376953
2018-07-09,101.66946411132812
2018-07-10,102.74221801757812
2018-07-11,101.82272338867188
2018-07-12,103.0487289428711
2018-07-13,101.57266235351562
2018-07-16,100.57252502441406
2018-07-17,104.13761901855469
2018-07-18,103.08097076416016
2018-07-19,101.58074188232422
2018-07-20,101.50814056396484
2018-07-23,102.13728332519531
2018-07-24,104.3392333984375
2018-07-25,103.74235534667969
2018-07-26,105.08130645751953
2018-07-27,106.10565185546875
2018-07-30,106.60575103759766
2018-07-31,106.8880615234375
2018-08-01,106.98480987548828
2018-08-02,105.8636703491211
2018-08-03,106.42829895019531
2018-08-06,106.4847640991211
2018-08-07,106.03307342529297
2018-08-08,105.79915618896484
2018-08-09,105.82337188720703
2018-08-10,105.46038818359375
2018-08-13,105.03292083740234
2018-08-14,104.45219421386719
2018-08-15,105.20226287841797
2018-08-16,106.85577392578125
2018-08-17,108.46089172363281
2018-08-20,110.40474700927734
2018-08-21,109.17066955566406
2018-08-22,108.57379913330078
2018-08-23,108.97708892822266
2018-08-24,109.65463256835938
2018-08-27,109.549072265625
2018-08-28,109.0619125366211
2018-08-29,109.50035095214844
2018-08-30,109.57339477539062
2018-08-31,109.36231994628906
2018-09-04,108.57472229003906
2018-09-05,110.31231689453125
2018-09-06,111.13236999511719
2018-09-07,111.49774169921875
2018-09-10,111.40843200683594
2018-09-11,112.46398162841797
2018-09-12,113.15415954589844
2018-09-13,113.58447265625
2018-09-14,113.25971984863281
2018-09-17,113.64131927490234
2018-09-18,114.11226654052734
2018-09-19,114.04730987548828
2018-09-20,115.28145599365234
2018-09-21,116.01220703125
2018-09-24,114.05540466308594
2018-09-25,112.5695571899414
2018-09-26,112.17980194091797
2018-09-27,112.22847747802734
2018-09-28,112.18791961669922
2018-10-01,113.4220962524414
2018-10-02,114.06355285644531
2018-10-03,112.88618469238281
2018-10-04,113.14602661132812
2018-10-05,112.94305419921875
2018-10-08,113.17849731445312
2018-10-09,113.02422332763672
2018-10-10,111.83067321777344
2018-10-11,108.67216491699219
2018-10-12,108.69652557373047
2018-10-15,108.7614517211914
2018-10-16,110.88067626953125
2018-10-17,113.2353744506836
2018-10-18,113.26780700683594
2018-10-19,112.90245056152344
2018-10-22,112.60202026367188
2018-10-23,112.80500793457031
2018-10-24,111.61956787109375
2018-10-25,112.43153381347656
2018-10-26,111.21358489990234
2018-10-29,111.68450164794922
2018-10-30,114.28274536132812
2018-10-31,113.66568756103516
2018-11-01,114.33959197998047
2018-11-02,114.2259521484375
2018-11-05,115.46007537841797
2018-11-06,115.76053619384766
2018-11-07,117.53055572509766
2018-11-08,117.9771728515625
2018-11-09,118.00965118408203
2018-11-12,118.23696899414062
2018-11-13,117.47370147705078
2018-11-14,117.12462615966797
2018-11-15,117.32760620117188
2018-11-16,118.53740692138672
2018-11-19,119.95018768310547
2018-11-20,118.91089630126953
2018-11-21,115.28961944580078
2018-11-23,115.4844741821289
2018-11-26,115.51715087890625
2018-11-27,117.02884674072266
2018-11-28,119.65998077392578
2018-11-29,119.17788696289062
2018-11-30,120.03588104248047
2018-12-03,119.47207641601562
2018-12-04,119.32495880126953
2018-12-06,119.22689056396484
2018-12-07,118.83467102050781
2018-12-10,118.69579315185547
2018-12-11,119.70899200439453
2018-12-12,120.19931030273438
2018-12-13,120.80396270751953
2018-12-14,108.67778778076172
2018-12-17,105.52371215820312
2018-12-18,106.56962585449219
2018-12-19,104.27349853515625
2018-12-20,104.81278991699219
2018-12-21,104.66569519042969
2018-12-24,100.37579345703125
2018-12-26,103.53807067871094
2018-12-27,104.11007690429688
2018-12-28,103.99567413330078
2018-12-31,105.4501724243164
2019-01-02,104.38789367675781
2019-01-03,102.72913360595703
2019-01-04,104.45327758789062
2019-01-07,103.78321838378906
2019-01-08,106.1937484741211
2019-01-09,105.3520736694336
2019-01-10,105.98946380615234
2019-01-11,106.02214050292969
2019-01-14,104.82096862792969
2019-01-15,105.7034683227539
2019-01-16,104.62486267089844
2019-01-17,105.48281860351562
2019-01-18,106.79023742675781
2019-01-22,105.2458724975586
2019-01-23,105.2458724975586
2019-01-24,103.79955291748047
2019-01-25,104.78009796142578
2019-01-28,105.40113830566406
2019-01-29,106.49610137939453
2019-01-30,107.56648254394531
2019-01-31,108.7431869506836
2019-02-01,109.65834045410156
2019-02-04,108.57977294921875
2019-02-05,108.57977294921875
2019-02-06,108.67778778076172
2019-02-07,107.90155792236328
2019-02-08,108.1875
2019-02-11,107.86068725585938
2019-02-12,109.62567901611328
2019-02-13,109.86262512207031
2019-02-14,109.74822998046875
2019-02-15,111.4396743774414
2019-02-19,110.87589263916016
2019-02-20,111.4151840209961
2019-02-21,110.65521240234375
2019-02-22,111.61946105957031
2019-02-25,112.03073120117188
2019-02-26,111.95671081542969
2019-02-27,111.75926208496094
2019-02-28,112.39263916015625
2019-03-01,113.7991943359375
2019-03-04,113.90615844726562
2019-03-05,114.14469146728516
2019-03-06,114.40788269042969
2019-03-07,113.7087173461914
2019-03-08,113.56065368652344
2019-03-11,113.97193145751953
2019-03-12,114.48187255859375
2019-03-13,114.67106628417969
2019-03-14,113.52776336669922
2019-03-15,113.18230438232422
2019-03-18,112.82856750488281
2019-03-19,113.87324523925781
2019-03-20,112.92727661132812
2019-03-21,113.59355926513672
2019-03-22,112.6147232055664
2019-03-25,112.36798858642578
2019-03-26,113.98017120361328
2019-03-27,114.08708953857422
2019-03-28,114.23514556884766
2019-03-29,114.98365020751953
2019-04-01,114.3173828125
2019-04-02,113.27278900146484
2019-04-03,112.82856750488281
2019-04-04,111.51253509521484
2019-04-05,112.01427459716797
2019-04-08,111.98137664794922
2019-04-09,111.51253509521484
2019-04-10,111.52076721191406
2019-04-11,111.2164306640625
2019-04-12,111.84978485107422
2019-04-15,112.2939453125
2019-04-16,113.52776336669922
2019-04-17,113.93901062011719
2019-04-18,113.11650848388672
2019-04-22,113.37146759033203
2019-04-23,115.07413482666016
2019-04-24,114.49836730957031
2019-04-25,114.86851501464844
2019-04-26,115.47718811035156
2019-04-29,115.0247802734375
2019-04-30,116.1434555053711
2019-05-01,116.7603530883789
2019-05-02,116.20925903320312
2019-05-03,116.80972290039062
2019-05-06,116.87553405761719
2019-05-07,115.1317367553711
2019-05-08,114.98365020751953
2019-05-09,114.11177062988281
2019-05-10,114.37499237060547
2019-05-13,112.853271484375
2019-05-14,112.54071044921875
2019-05-15,112.6147232055664
2019-05-16,113.68405151367188
2019-05-17,114.01306915283203
2019-05-20,113.85679626464844
2019-05-21,113.61003112792969
2019-05-22,114.1364517211914
2019-05-23,114.98365020751953
2019-05-24,114.99197387695312
2019-05-28,113.51779174804688
2019-05-29,108.76409149169922
2019-05-30,109.4100570678711
2019-05-31,108.61503601074219
2019-06-03,108.85519409179688
2019-06-04,110.75169372558594
2019-06-05,111.29000854492188
2019-06-06,113.19481658935547
2019-06-07,114.74349975585938
2019-06-10,115.13272094726562
2019-06-11,115.76214599609375
2019-06-12,117.3356704711914
2019-06-13,116.53236389160156
2019-06-14,116.01887512207031
2019-06-17,115.48058319091797
2019-06-18,116.13480377197266
2019-06-19,116.3169937133789
2019-06-20,117.7746353149414
2019-06-21,117.67523193359375
2019-06-24,118.47859191894531
2019-06-25,119.45580291748047
2019-06-26,117.47650909423828
2019-06-27,116.51579284667969
2019-06-28,115.3480453491211
2019-07-01,115.41433715820312
2019-07-02,115.96920013427734
2019-07-03,117.71662139892578
2019-07-05,116.41639709472656
2019-07-08,116.74768829345703
2019-07-09,117.11207580566406
2019-07-10,116.94644165039062
2019-07-11,116.03546905517578
2019-07-12,111.22373962402344
2019-07-15,111.56330108642578
2019-07-16,109.7330322265625
2019-07-17,109.20299530029297
2019-07-18,109.37692260742188
2019-07-19,107.9193344116211
2019-07-22,106.53629302978516
2019-07-23,106.70193481445312
2019-07-24,107.48041534423828
2019-07-25,108.59015655517578
2019-07-26,108.26717376708984
2019-07-29,110.1636962890625
2019-07-30,109.38520812988281
2019-07-31,107.84481811523438
2019-08-01,107.90279388427734
2019-08-02,108.54876708984375
2019-08-05,107.79512786865234
2019-08-06,108.30032348632812
2019-08-07,107.83653259277344
2019-08-08,109.05394744873047
2019-08-09,109.3520736694336
2019-08-12,109.26099395751953
2019-08-13,110.49497985839844
2019-08-14,107.87794494628906
2019-08-15,108.10981750488281
2019-08-16,108.7889404296875
2019-08-19,109.52601623535156
2019-08-20,108.1595230102539
2019-08-21,108.9296875
2019-08-22,108.71438598632812
2019-08-23,105.78266143798828
2019-08-26,106.63371276855469
2019-08-27,108.16899871826172
2019-08-28,107.36796569824219
2019-08-29,107.0008544921875
2019-08-30,107.10099029541016
2019-09-03,107.41806030273438
2019-09-04,107.51815795898438
2019-09-05,107.28453826904297
2019-09-06,106.97583770751953
2019-09-09,105.92449951171875
2019-09-10,108.09387969970703
2019-09-11,109.44559478759766
2019-09-12,108.828125
2019-09-13,109.12016296386719
2019-09-16,108.08552551269531
2019-09-17,108.19400787353516
2019-09-18,108.81143951416016
2019-09-19,108.56112670898438
2019-09-20,109.84609985351562
2019-09-23,109.92121887207031
2019-09-24,109.76266479492188
2019-09-25,109.29541015625
2019-09-26,107.50984191894531
2019-09-27,107.30123138427734
2019-09-30,107.9520492553711
2019-10-01,108.46102142333984
2019-10-02,110.13813018798828
2019-10-03,109.4622802734375
2019-10-04,111.52320098876953
2019-10-07,111.10598754882812
2019-10-08,110.00460052490234
2019-10-09,107.81854248046875
2019-10-10,107.6850357055664
2019-10-11,109.57909393310547
2019-10-14,109.0700912475586
2019-10-15,110.8390121459961
2019-10-16,112.78307342529297
2019-10-17,113.61749267578125
2019-10-18,106.55027770996094
2019-10-21,106.81727600097656
2019-10-22,107.80184173583984
2019-10-23,108.38591766357422
2019-10-24,106.38341522216797
2019-10-25,107.09263610839844
2019-10-28,107.78515625
2019-10-29,107.735107421875
2019-10-30,110.8390121459961
2019-10-31,110.1714859008789
2019-11-01,109.47061157226562
2019-11-04,108.66124725341797
2019-11-05,108.8198013305664
2019-11-06,109.27037048339844
2019-11-07,109.66252899169922
2019-11-08,110.97248077392578
2019-11-11,110.12142181396484
2019-11-12,109.59576416015625
2019-11-13,109.52901458740234
2019-11-14,109.27037048339844
2019-11-15,112.59117889404297
2019-11-18,112.49939727783203
2019-11-19,112.4910659790039
2019-11-20,113.42557525634766
2019-11-21,113.8427734375
2019-11-22,115.20279693603516
2019-11-25,115.2531967163086
2019-11-26,115.24478912353516
2019-11-27,115.73211669921875
2019-11-29,115.51367950439453
2019-12-02,115.40446472167969
2019-12-03,115.2364273071289
2019-12-04,117.10157012939453
2019-12-05,117.25279235839844
2019-12-06,117.94173431396484
2019-12-09,118.04256439208984
2019-12-10,117.61406707763672
2019-12-11,118.44581604003906
2019-12-12,118.7482681274414
2019-12-13,118.78192138671875
2019-12-16,119.12637329101562
2019-12-17,120.61343383789062
2019-12-18,120.3025894165039
2019-12-19,122.11734008789062
2019-12-20,122.71380615234375
2019-12-23,123.0330810546875
2019-12-24,122.60457611083984
2019-12-26,122.52061462402344
2019-12-27,122.45340728759766
2019-12-30,122.07530212402344
2019-12-31,122.55419921875
2020-01-02,122.63823699951172
2020-01-03,121.21835327148438
2020-01-06,121.06713104248047
2020-01-07,121.80646514892578
2020-01-08,121.78966522216797
2020-01-09,122.15092468261719
2020-01-10,121.87368774414062
2020-01-13,122.41139221191406
2020-01-14,123.10032653808594
2020-01-15,123.51197814941406
2020-01-16,124.51181030273438
2020-01-17,125.32675170898438
2020-01-21,125.4107437133789
2020-01-22,124.55376434326172
2020-01-23,124.78902435302734
2020-01-24,124.61261749267578
2020-01-27,124.97389221191406
2020-01-28,125.60395050048828
2020-01-29,126.47779083251953
2020-01-30,126.32654571533203
2020-01-31,125.07467651367188
2020-02-03,126.16690063476562
2020-02-04,127.36833953857422
2020-02-05,129.37632751464844
2020-02-06,128.98988342285156
2020-02-07,127.61197662353516
2020-02-10,127.5867691040039
2020-02-11,127.69599914550781
2020-02-12,126.93984985351562
2020-02-13,126.09970092773438
2020-02-14,126.13330841064453
2020-02-18,125.30150604248047
2020-02-19,125.13349914550781
2020-02-20,124.65461730957031
2020-02-21,125.96526336669922
2020-02-24,123.36949157714844
2020-02-25,122.30419921875
2020-02-26,121.48401641845703
2020-02-27,117.6284408569336
2020-02-28,113.70523071289062
2020-03-02,118.38944244384766
2020-03-03,114.64375305175781
2020-03-04,121.31489562988281
2020-03-05,120.07200622558594
2020-03-06,120.08890533447266
2020-03-09,115.36247253417969
2020-03-10,119.75911712646484
2020-03-11,111.43925476074219
2020-03-12,106.03639221191406
2020-03-13,113.54458618164062
2020-03-16,107.49069213867188
2020-03-17,115.48928833007812
2020-03-18,114.111083984375
2020-03-19,107.42304229736328
2020-03-20,101.3691635131836
2020-03-23,93.9708480834961
2020-03-24,100.7688217163086
2020-03-25,100.95484924316406
2020-03-26,107.0172119140625
2020-03-27,104.13400268554688
2020-03-30,112.46231079101562
2020-03-31,110.8727798461914
2020-04-01,108.9111557006836
2020-04-02,112.58070373535156
2020-04-03,113.44313049316406
2020-04-06,118.1695785522461
2020-04-07,116.24178314208984
2020-04-08,121.12891387939453
2020-04-09,119.41251373291016
2020-04-13,118.17803955078125
2020-04-14,123.47098541259766
2020-04-15,124.84918975830078
2020-04-16,126.54869079589844
2020-04-17,128.53565979003906
2020-04-20,128.23971557617188
2020-04-21,126.55716705322266
2020-04-22,129.35577392578125
2020-04-23,131.48648071289062
2020-04-24,130.9368896484375
2020-04-27,130.45494079589844
2020-04-28,128.0029754638672
2020-04-29,127.03059387207031
2020-04-30,126.86150360107422
2020-05-01,125.38188171386719
2020-05-04,125.36494445800781
2020-05-05,126.4048843383789
2020-05-06,125.20427703857422
2020-05-07,124.79000091552734
2020-05-08,125.728515625
2020-05-11,126.0751953125
2020-05-12,124.40950775146484
2020-05-13,124.40105438232422
2020-05-14,124.83222961425781
2020-05-15,127.19972229003906
2020-05-18,127.26732635498047
2020-05-19,125.99907684326172
2020-05-20,124.86609649658203
2020-05-21,124.04595947265625
2020-05-22,122.91357421875
2020-05-26,123.07537078857422
2020-05-27,123.35633087158203
2020-05-28,125.1271743774414
2020-05-29,126.64263916015625
2020-06-01,125.31449890136719
2020-06-02,126.21694946289062
2020-06-03,126.55747985839844
2020-06-04,124.92285919189453
2020-06-05,125.40811157226562
2020-06-08,124.95692443847656
2020-06-09,124.26728820800781
2020-06-10,125.83380889892578
2020-06-11,119.93376159667969
2020-06-12,121.0235366821289
2020-06-15,120.25731658935547
2020-06-16,122.99021911621094
2020-06-17,122.61563110351562
2020-06-18,122.09626770019531
2020-06-19,122.45381927490234
2020-06-22,122.07925415039062
2020-06-23,121.62801361083984
2020-06-24,119.0398178100586
2020-06-25,118.91210174560547
2020-06-26,117.32855987548828
2020-06-29,118.37574005126953
2020-06-30,119.72945404052734
2020-07-01,119.51657104492188
2020-07-02,120.0189208984375
2020-07-06,121.73017883300781
2020-07-07,121.61952209472656
2020-07-08,121.97705841064453
2020-07-09,121.31298828125
2020-07-10,121.2108154296875
2020-07-13,123.62876892089844
2020-07-14,125.93600463867188
2020-07-15,126.22547912597656
2020-07-16,127.06834411621094
2020-07-17,127.15348052978516
2020-07-20,127.3663101196289
2020-07-21,127.48550415039062
2020-07-22,127.71539306640625
2020-07-23,127.37484741210938
2020-07-24,126.10627746582031
2020-07-27,125.30597686767578
2020-07-28,125.00801086425781
2020-07-29,124.76103973388672
2020-07-30,125.01651763916016
2020-07-31,124.0970230102539
2020-08-03,125.45072174072266
2020-08-04,125.34002685546875
2020-08-05,126.34461975097656
2020-08-06,125.6209716796875
2020-08-07,126.51493072509766
2020-08-10,126.02965545654297
2020-08-11,125.1271743774414
2020-08-12,127.41739654541016
2020-08-13,126.00410461425781
2020-08-14,126.20845794677734
2020-08-17,126.84697723388672
2020-08-18,127.78346252441406
2020-08-19,128.0388946533203
2020-08-20,128.91583251953125
2020-08-21,130.05665588378906
2020-08-24,130.39947509765625
2020-08-25,130.3223419189453
2020-08-26,130.52806091308594
2020-08-27,131.11083984375
2020-08-28,131.6764678955078
2020-08-31,131.4793701171875
2020-09-01,129.85955810546875
2020-09-02,131.83934020996094
2020-09-03,128.17120361328125
2020-09-04,127.34841918945312
2020-09-08,126.20853424072266
2020-09-09,128.29974365234375
2020-09-10,125.90860748291016
2020-09-11,126.65419006347656
2020-09-14,127.14274597167969
2020-09-15,127.60552215576172
2020-09-16,127.18553924560547
2020-09-17,126.13140106201172
2020-09-18,127.85404968261719
2020-09-21,124.35733032226562
2020-09-22,123.59452819824219
2020-09-23,123.79167175292969
2020-09-24,123.9887924194336
2020-09-25,124.83724212646484
2020-09-28,126.08000183105469
2020-09-29,126.03712463378906
2020-09-30,127.59695434570312
2020-10-01,126.25995635986328
2020-10-02,125.33438873291016
2020-10-05,127.03985595703125
2020-10-06,125.35147857666016
2020-10-07,126.73993682861328
2020-10-08,127.60552215576172
2020-10-09,129.38815307617188
2020-10-12,130.13381958007812
2020-10-13,127.15128326416016
2020-10-14,126.92845153808594
2020-10-15,126.14852905273438
2020-10-16,126.92845153808594
2020-10-19,123.68883514404297
2020-10-20,123.88594818115234
2020-10-21,123.35456848144531
2020-10-22,124.34020233154297
2020-10-23,124.4773178100586
2020-10-26,123.38884735107422
2020-10-27,122.68606567382812
2020-10-28,118.58085632324219
2020-10-29,117.57809448242188
2020-10-30,117.50951385498047
2020-11-02,118.86363983154297
2020-11-03,118.70079040527344
2020-11-04,119.47212982177734
2020-11-05,119.78070068359375
2020-11-06,121.91474151611328
2020-11-09,125.19722747802734
2020-11-10,127.08269500732422
2020-11-11,126.67131805419922
2020-11-12,127.09981536865234
2020-11-13,128.4711151123047
2020-11-16,129.28536987304688
2020-11-17,127.99979400634766
2020-11-18,126.3028335571289
2020-11-19,126.10569763183594
2020-11-20,125.43717956542969
2020-11-23,124.15992736816406
2020-11-24,124.15992736816406
2020-11-25,123.9959945678711
2020-11-27,124.27214813232422
2020-11-30,124.85897064208984
2020-12-01,127.24948120117188
2020-12-02,127.8449935913086
2020-12-03,128.58717346191406
2020-12-04,129.68310546875
2020-12-07,128.56126403808594
2020-12-08,130.7877960205078
2020-12-09,132.12547302246094
2020-12-10,131.39190673828125
2020-12-11,131.9960479736328
2020-12-14,128.64759826660156
2020-12-15,129.94207763671875
2020-12-16,129.16534423828125
2020-12-17,132.57424926757812
2020-12-18,133.34228515625
2020-12-21,132.0564422607422
2020-12-22,131.79754638671875
2020-12-23,131.1243896484375
2020-12-24,131.58177185058594
2020-12-28,132.203125
2020-12-29,133.02296447753906
2020-12-30,134.67132568359375
2020-12-31,135.81910705566406
2021-01-04,135.0596466064453
2021-01-05,136.64759826660156
2021-01-06,137.9333953857422
2021-01-07,138.3994598388672
2021-01-08,138.11468505859375
2021-01-11,137.5364532470703
2021-01-12,136.4663543701172
2021-01-13,136.25921630859375
2021-01-14,138.64111328125
2021-01-15,138.3390655517578
2021-01-19,140.47927856445312
2021-01-20,140.1341094970703
2021-01-21,139.57315063476562
2021-01-22,141.14382934570312
2021-01-25,143.24093627929688
2021-01-26,147.12442016601562
2021-01-27,144.880615234375
2021-01-28,145.98526000976562
2021-01-29,140.7813720703125
2021-02-01,140.4188995361328
2021-02-02,139.1588897705078
2021-02-03,138.51168823242188
2021-02-04,139.7975311279297
2021-02-05,141.92054748535156
2021-02-08,142.3261260986328
2021-02-09,143.4912109375
2021-02-10,143.95718383789062
2021-02-11,143.3099365234375
2021-02-12,143.75869750976562
2021-02-16,142.45558166503906
2021-02-17,142.96473693847656
2021-02-18,143.03379821777344
2021-02-19,140.65191650390625
2021-02-22,140.5650634765625
2021-02-23,139.32327270507812
2021-02-24,141.1903076171875
2021-02-25,141.3379364013672
2021-02-26,137.60389709472656
2021-03-01,138.35072326660156
2021-03-02,138.09017944335938
2021-03-03,135.65872192382812
2021-03-04,132.9232940673828
2021-03-05,135.55450439453125
2021-03-08,136.68336486816406
2021-03-09,136.9439239501953
2021-03-10,138.2030792236328
2021-03-11,138.1944122314453
2021-03-12,138.59381103515625
2021-03-15,139.30587768554688
2021-03-16,140.13082885742188
2021-03-17,139.60986328125
2021-03-18,139.3493194580078
2021-03-19,138.97592163085938
2021-03-22,139.37535095214844
2021-03-23,139.2451171875
2021-03-24,140.59979248046875
2021-03-25,140.65191650390625
2021-03-26,143.22235107421875
2021-03-29,144.18621826171875
2021-03-30,143.291748046875
2021-03-31,142.71865844726562
2021-04-01,141.39869689941406
2021-04-05,141.91973876953125
2021-04-06,141.885009765625
2021-04-07,142.07603454589844
2021-04-08,141.52029418945312
2021-04-09,140.0266571044922
2021-04-12,140.36534118652344
2021-04-13,138.4896240234375
2021-04-14,138.87168884277344
2021-04-15,139.27984619140625
2021-04-16,140.8863983154297
2021-04-19,141.27711486816406
2021-04-20,144.5682830810547
2021-04-21,144.663818359375
2021-04-22,143.43939208984375
2021-04-23,143.7346649169922
2021-04-26,142.51889038085938
2021-04-27,141.70265197753906
2021-04-28,140.66062927246094
2021-04-29,142.58839416503906
2021-04-30,141.3118438720703
2021-05-03,143.4654998779297
2021-05-04,145.68853759765625
2021-05-05,145.0806884765625
2021-05-06,145.66249084472656
2021-05-07,146.32244873046875
2021-05-10,147.85948181152344
2021-05-11,146.6524658203125
2021-05-12,146.06190490722656
2021-05-13,147.59030151367188
2021-05-14,147.81605529785156
2021-05-17,147.9636993408203
2021-05-18,148.0157928466797
2021-05-19,147.69451904296875
2021-05-20,148.55419921875
2021-05-21,148.45870971679688
2021-05-24,149.02667236328125
2021-05-25,148.61593627929688
2021-05-26,147.7333984375
2021-05-27,147.50621032714844
2021-05-28,147.89068603515625
2021-06-01,144.64015197753906
2021-06-02,145.22560119628906
2021-06-03,145.08575439453125
2021-06-04,145.02462768554688
2021-06-07,144.0372314453125
2021-06-08,142.7702178955078
2021-06-09,144.69256591796875
2021-06-10,145.9945526123047
2021-06-11,144.14208984375
2021-06-14,144.5003204345703
2021-06-15,143.73138427734375
2021-06-16,143.67893981933594
2021-06-17,144.36924743652344
2021-06-18,141.5381622314453
2021-06-21,143.1634521484375
2021-06-22,142.97122192382812
2021-06-23,142.1061248779297
2021-06-24,142.7527313232422
2021-06-25,143.4867706298828
2021-06-28,143.32070922851562
2021-06-29,143.32945251464844
2021-06-30,143.9498291015625
2021-07-01,145.015869140625
2021-07-02,147.65480041503906
2021-07-06,146.77220153808594
2021-07-07,148.030517578125
2021-07-08,147.74217224121094
2021-07-09,148.3275909423828
2021-07-12,148.0916290283203
2021-07-13,147.90818786621094
2021-07-14,148.91302490234375
2021-07-15,147.12173461914062
2021-07-16,146.88583374023438
2021-07-19,145.81979370117188
2021-07-20,147.19166564941406
2021-07-21,148.10040283203125
2021-07-22,148.52854919433594
2021-07-23,150.1101531982422
2021-07-26,150.18006896972656
2021-07-27,150.870361328125
2021-07-28,150.45091247558594
2021-07-29,150.45091247558594
2021-07-30,150.4683837890625
2021-08-02,150.52955627441406
2021-08-03,152.3820343017578
2021-08-04,151.4820098876953
2021-08-05,151.77035522460938
2021-08-06,151.26358032226562
2021-08-09,151.78782653808594
2021-08-10,151.8402862548828
2021-08-11,151.8665008544922
2021-08-12,153.08982849121094
2021-08-13,154.00729370117188
2021-08-16,155.39663696289062
2021-08-17,156.82090759277344
2021-08-18,154.8286590576172
2021-08-19,156.03453063964844
2021-08-20,156.7947540283203
2021-08-23,156.11785888671875
2021-08-24,154.16650390625
2021-08-25,153.14688110351562
2021-08-26,152.32943725585938
2021-08-27,152.00418090820312
2021-08-30,152.6458740234375
2021-08-31,152.1800079345703
2021-09-01,152.71620178222656
2021-09-02,153.76219177246094
2021-09-03,153.85885620117188
2021-09-07,151.46800231933594
2021-09-08,151.0988311767578
2021-09-09,147.73231506347656
2021-09-10,146.76541137695312
2021-09-13,145.73696899414062
2021-09-14,144.8579864501953
2021-09-15,145.40298461914062
2021-09-16,145.22715759277344
2021-09-17,144.8140411376953
2021-09-20,143.98777770996094
2021-09-21,144.6206512451172
2021-09-22,144.09326171875
2021-09-23,144.91075134277344
2021-09-24,144.47125244140625
2021-09-27,143.4252471923828
2021-09-28,143.1087646484375
2021-09-29,144.17236328125
2021-09-30,141.9573516845703
2021-10-01,141.05194091796875
2021-10-04,139.9531707763672
2021-10-05,140.2696533203125
2021-10-06,140.55967712402344
2021-10-07,141.81663513183594
2021-10-08,141.45626831054688
2021-10-11,140.8585968017578
2021-10-12,138.60838317871094
2021-10-13,139.93565368652344
2021-10-14,140.73550415039062
2021-10-15,141.781494140625
2021-10-18,140.74429321289062
2021-10-19,144.04055786132812
2021-10-20,143.96141052246094
2021-10-21,143.62738037109375
2021-10-22,143.90869140625
2021-10-25,144.22509765625
2021-10-26,145.6930389404297
2021-10-27,143.92623901367188
2021-10-28,143.1439666748047
2021-10-29,143.1703643798828
2021-11-01,143.29335021972656
2021-11-02,145.5523681640625
2021-11-03,145.08651733398438
2021-11-04,144.68218994140625
2021-11-05,143.65374755859375
2021-11-08,143.16152954101562
2021-11-09,142.8450927734375
2021-11-10,144.3921356201172
2021-11-11,143.3285369873047
2021-11-12,145.0425567626953
2021-11-15,143.7328643798828
2021-11-16,142.9857635498047
2021-11-17,143.5219268798828
2021-11-18,142.7484130859375
2021-11-19,143.1791229248047
2021-11-22,141.2946014404297
2021-11-23,142.1704864501953
2021-11-24,141.7723846435547
2021-11-26,140.85223388671875
2021-11-29,141.33885192871094
2021-11-30,137.95907592773438
2021-12-01,139.861328125
2021-12-02,138.98541259765625
2021-12-03,141.01145935058594
2021-12-06,144.1611785888672
2021-12-07,144.53277587890625
2021-12-08,145.3998260498047
2021-12-09,146.78004455566406
2021-12-10,146.4172821044922
2021-12-13,149.03616333007812
2021-12-14,150.66407775878906
2021-12-15,151.4161376953125
2021-12-16,153.0706024169922
2021-12-17,148.8415069580078
2021-12-20,148.41683959960938
2021-12-21,147.93907165527344
2021-12-22,148.5760498046875
2021-12-23,148.8592071533203
2021-12-27,150.1155548095703
2021-12-28,150.71717834472656
2021-12-29,151.77890014648438
2021-12-30,152.4512939453125
2021-12-31,151.35421752929688
2022-01-03,151.76998901367188
2022-01-04,151.36305236816406
2022-01-05,152.3716278076172
2022-01-06,151.8496551513672
2022-01-07,153.90231323242188
2022-01-10,153.14141845703125
2022-01-11,151.5134735107422
2022-01-12,150.22174072265625
2022-01-13,149.3104248046875
2022-01-14,148.49642944335938
2022-01-18,147.8417205810547
2022-01-19,147.38168334960938
2022-01-20,146.20497131347656
2022-01-21,145.8687744140625
2022-01-24,144.18777465820312
2022-01-25,148.3106689453125
2022-01-26,148.97422790527344
2022-01-27,150.92950439453125
2022-01-28,151.99119567871094
2022-01-31,152.43362426757812
2022-02-01,151.1861114501953
2022-02-02,152.85829162597656
2022-02-03,152.8494110107422
2022-02-04,151.8496551513672
2022-02-07,151.34539794921875
2022-02-08,151.74351501464844
2022-02-09,151.72579956054688
2022-02-10,149.89434814453125
2022-02-11,148.3814697265625
2022-02-14,146.51463317871094
2022-02-15,148.0275421142578
2022-02-16,147.93907165527344
2022-02-17,147.03662109375
2022-02-18,145.46055603027344
2022-02-22,143.48379516601562
2022-02-23,143.5550537109375
2022-02-24,140.81253051757812
2022-02-25,147.81126403808594
2022-02-28,146.5379638671875
2022-03-01,146.0304412841797
2022-03-02,147.8468780517578
2022-03-03,150.01954650878906
2022-03-04,150.90997314453125
2022-03-07,153.3408660888672
2022-03-08,150.23326110839844
2022-03-09,150.8031463623047
2022-03-10,151.07032775878906
2022-03-11,150.79425048828125
2022-03-14,152.87783813476562
2022-03-15,156.84024047851562
2022-03-16,155.3977508544922
2022-03-17,157.42791748046875
2022-03-18,155.68267822265625
2022-03-21,156.564208984375
2022-03-22,155.82518005371094
2022-03-23,155.23744201660156
2022-03-24,156.0388641357422
2022-03-25,157.53477478027344
2022-03-28,158.3450927734375
2022-03-29,158.2649383544922
2022-03-30,159.91224670410156
2022-03-31,157.81082153320312
2022-04-01,158.66566467285156
2022-04-04,157.1341094970703
2022-04-05,158.14915466308594
2022-04-06,162.26295471191406
2022-04-07,161.844482421875
2022-04-08,162.1650390625
2022-04-11,160.1348114013672
2022-04-12,160.18826293945312
2022-04-13,160.86500549316406
2022-04-14,160.18826293945312
2022-04-18,158.1937255859375
2022-04-19,163.01983642578125
2022-04-20,163.7410888671875
2022-04-21,163.26918029785156
2022-04-22,161.6485595703125
2022-04-25,165.6287841796875
2022-04-26,164.4445037841797
2022-04-27,162.147216796875
2022-04-28,163.3582305908203
2022-04-29,160.68692016601562
2022-05-02,159.06629943847656
2022-05-03,158.75465393066406
2022-05-04,160.4553985595703
2022-05-05,157.39230346679688
2022-05-06,157.0450439453125
2022-05-09,157.8998565673828
2022-05-10,157.6861572265625
2022-05-11,156.83135986328125
2022-05-12,158.38070678710938
2022-05-13,157.4724884033203
2022-05-16,158.5677032470703
2022-05-17,159.2266082763672
2022-05-18,156.27037048339844
2022-05-19,154.88134765625
2022-05-20,157.5881805419922
2022-05-23,160.805419921875
2022-05-24,162.56185913085938
2022-05-25,160.96669006347656
2022-05-26,160.82333374023438
2022-05-27,162.28407287597656
2022-05-31,160.88604736328125
2022-06-01,159.2550811767578
2022-06-02,158.7532196044922
2022-06-03,158.09901428222656
2022-06-06,158.08111572265625
2022-06-07,159.8196563720703
2022-06-08,158.8697052001953
2022-06-09,155.6704559326172
2022-06-10,154.6309051513672
2022-06-13,153.0716094970703
2022-06-14,150.7237091064453
2022-06-15,152.33677673339844
2022-06-16,152.4174346923828
2022-06-17,151.86180114746094
2022-06-21,155.0431365966797
2022-06-22,157.48965454101562
2022-06-23,161.0025634765625
2022-06-24,163.35940551757812
2022-06-27,163.2071075439453
2022-06-28,158.56500244140625
2022-06-29,158.60984802246094
2022-06-30,159.07583618164062
2022-07-01,160.87710571289062
2022-07-05,159.640380859375
2022-07-06,159.78378295898438
2022-07-07,159.9630126953125
2022-07-08,159.765869140625
2022-07-11,159.82861328125
2022-07-12,157.5881805419922
2022-07-13,157.2207794189453
2022-07-14,157.4358673095703
2022-07-15,159.72103881835938
2022-07-18,156.13645935058594
2022-07-19,153.86021423339844
2022-07-20,152.9819793701172
2022-07-21,153.51968383789062
2022-07-22,154.24554443359375
2022-07-25,154.55027770996094
2022-07-26,155.64358520507812
2022-07-27,155.21340942382812
2022-07-28,156.1095733642578
2022-07-29,156.39633178710938
2022-08-01,155.84967041015625
2022-08-02,154.96249389648438
2022-08-03,156.4590606689453
2022-08-04,153.9498291015625
2022-08-05,153.3404541015625
2022-08-08,152.5249786376953
2022-08-09,152.50701904296875
2022-08-10,152.9461212158203
2022-08-11,149.78274536132812
2022-08-12,148.1338348388672
2022-08-15,148.84181213378906
2022-08-16,150.16812133789062
2022-08-17,150.17703247070312
2022-08-18,149.451171875
2022-08-19,151.7273712158203
2022-08-22,151.1951141357422
2022-08-23,149.8779296875
2022-08-24,149.3817596435547
2022-08-25,150.7801055908203
2022-08-26,148.1999053955078
2022-08-29,147.0541534423828
2022-08-30,146.5398712158203
2022-08-31,145.55653381347656
2022-09-01,149.16522216796875
2022-09-02,146.81959533691406
2022-09-06,147.2165069580078
2022-09-07,148.0194549560547
2022-09-08,149.21034240722656
2022-09-09,149.49905395507812
2022-09-12,149.4358367919922
2022-09-13,145.54750061035156
2022-09-14,148.5517578125
2022-09-15,148.93063354492188
2022-09-16,151.20411682128906
2022-09-19,150.01327514648438
2022-09-20,148.8314208984375
2022-09-21,147.3067626953125
2022-09-22,149.9230194091797
2022-09-23,150.41021728515625
2022-09-26,149.49000549316406
2022-09-27,148.80435180664062
2022-09-28,150.08543395996094
2022-09-29,148.43446350097656
2022-09-30,147.37892150878906
2022-10-03,147.2345733642578
2022-10-04,149.41783142089844
2022-10-05,148.9577178955078
2022-10-06,146.07078552246094
2022-10-07,144.52804565429688
2022-10-10,144.71751403808594
2022-10-11,146.81053161621094
2022-10-12,146.77447509765625
2022-10-13,148.9938201904297
2022-10-14,148.37132263183594
2022-10-17,150.29293823242188
2022-10-18,149.76966857910156
2022-10-19,148.57884216308594
2022-10-20,148.9577178955078
2022-10-21,152.20555114746094
2022-10-24,154.25347900390625
2022-10-25,154.00987243652344
2022-10-26,155.36312866210938
2022-10-27,155.45335388183594
2022-10-28,157.7628936767578
2022-10-31,156.95094299316406
2022-11-01,156.1570281982422
2022-11-02,153.7572784423828
2022-11-03,154.01889038085938
2022-11-04,154.7045440673828
2022-11-07,156.05780029296875
2022-11-08,156.8336639404297
2022-11-09,155.57965087890625
2022-11-10,157.40203857421875
2022-11-11,152.69271850585938
2022-11-14,155.09249877929688
2022-11-15,155.52552795410156
2022-11-16,156.4908447265625
2022-11-17,157.75387573242188
2022-11-18,158.96278381347656
2022-11-21,159.780029296875
2022-11-22,160.5518341064453
2022-11-23,160.72433471679688
2022-11-25,160.9331512451172
2022-11-28,161.01486206054688
2022-11-29,159.8889617919922
2022-11-30,161.62322998046875
2022-12-01,162.29515075683594
2022-12-02,162.42227172851562
2022-12-05,162.33148193359375
2022-12-06,159.89808654785156
2022-12-07,160.86959838867188
2022-12-08,160.89683532714844
2022-12-09,159.57118225097656
2022-12-12,161.47796630859375
2022-12-13,162.721923828125
2022-12-14,163.22129821777344
2022-12-15,161.16017150878906
2022-12-16,159.50762939453125
2022-12-19,159.33511352539062
2022-12-20,159.50762939453125
2022-12-21,161.33267211914062
2022-12-22,160.7424774169922
2022-12-23,161.1510772705078
2022-12-27,161.10569763183594
2022-12-28,160.4065399169922
2022-12-29,161.2237091064453
2022-12-30,160.39744567871094
2023-01-03,161.7957763671875
2023-01-04,163.5572509765625
2023-01-05,162.34963989257812
2023-01-06,163.66624450683594
2023-01-09,159.4258575439453
2023-01-10,159.04452514648438
2023-01-11,158.79029846191406
2023-01-12,157.99124145507812
2023-01-13,157.4736785888672
2023-01-17,156.5021209716797
2023-01-18,154.14132690429688
2023-01-19,153.93251037597656
2023-01-20,153.21519470214844
2023-01-23,152.82476806640625
2023-01-24,152.82476806640625
2023-01-25,153.91436767578125
2023-01-26,153.3513946533203
2023-01-27,152.7521209716797
2023-01-30,147.09527587890625
2023-01-31,148.38465881347656
2023-02-01,149.7466583251953
2023-02-02,150.3096160888672
2023-02-03,149.46517944335938
2023-02-06,148.3302001953125
2023-02-07,148.36648559570312
2023-02-08,148.5571746826172
2023-02-09,146.55050659179688
2023-02-10,147.2315216064453
2023-02-13,147.77630615234375
2023-02-14,147.13160705566406
2023-02-15,144.707275390625
2023-02-16,143.68124389648438
2023-02-17,146.68087768554688
2023-02-21,144.4951629638672
2023-02-22,144.2939910888672
2023-02-23,144.2482452392578
2023-02-24,142.638671875
2023-02-27,142.32774353027344
2023-02-28,140.1603240966797
2023-03-01,139.529296875
2023-03-02,139.41952514648438
2023-03-03,140.85536193847656
2023-03-06,142.26373291015625
2023-03-07,140.91937255859375
2023-03-08,139.885986328125
2023-03-09,138.31297302246094
2023-03-10,138.65135192871094
2023-03-13,139.97740173339844
2023-03-14,140.76388549804688
2023-03-15,141.15716552734375
2023-03-16,140.86447143554688
2023-03-17,139.3555450439453
2023-03-20,140.73646545410156
2023-03-21,140.73646545410156
2023-03-22,138.13922119140625
2023-03-23,138.2123565673828
2023-03-24,139.6024627685547
2023-03-27,140.1968994140625
2023-03-28,138.84339904785156
2023-03-29,140.20603942871094
2023-03-30,140.3157958984375
2023-03-31,141.75160217285156
2023-04-03,143.44346618652344
2023-04-04,144.94332885742188
2023-04-05,151.45472717285156
2023-04-06,151.03404235839844
2023-04-10,150.27499389648438
2023-04-11,150.22926330566406
2023-04-12,149.90916442871094
2023-04-13,151.9119873046875
2023-04-14,151.6650848388672
2023-04-17,151.50958251953125
2023-04-18,147.2478790283203
2023-04-19,148.63800048828125
2023-04-20,149.5982666015625
2023-04-21,148.78431701660156
2023-04-24,149.68968200683594
2023-04-25,151.06146240234375
2023-04-26,148.72027587890625
2023-04-27,149.06781005859375
2023-04-28,149.70797729492188
2023-05-01,149.6165313720703
2023-05-02,150.92428588867188
2023-05-03,148.94891357421875
2023-05-04,148.27218627929688
2023-05-05,148.77516174316406
2023-05-08,148.4368133544922
2023-05-09,147.2844696044922
2023-05-10,147.83319091796875
2023-05-11,147.2296142578125
2023-05-12,147.03753662109375
2023-05-15,145.91270446777344
2023-05-16,145.72067260742188
2023-05-17,145.4005584716797
2023-05-18,144.9341278076172
2023-05-19,145.32740783691406
2023-05-22,144.54420471191406
2023-05-23,144.48890686035156
2023-05-24,144.35064697265625
2023-05-25,142.2774658203125
2023-05-26,142.22218322753906
2023-05-30,142.24061584472656
2023-05-31,142.87637329101562
2023-06-01,142.39723205566406
2023-06-02,144.6363067626953
2023-06-05,145.8802490234375
2023-06-06,145.75123596191406
2023-06-07,146.06454467773438
2023-06-08,147.6678009033203
2023-06-09,147.4374542236328
2023-06-12,147.33609008789062
2023-06-13,148.110107421875
2023-06-14,148.86566162109375
2023-06-15,150.8651580810547
2023-06-16,151.3258819580078
2023-06-20,151.23374938964844
2023-06-21,151.0033721923828
2023-06-22,152.60665893554688
2023-06-23,152.4776611328125
2023-06-26,150.77305603027344
2023-06-27,150.459716796875
2023-06-28,150.15567016601562
2023-06-29,151.2061004638672
2023-06-30,152.51454162597656
2023-07-03,150.51502990722656
2023-07-05,150.0174560546875
2023-07-06,148.9025421142578
2023-07-07,146.7371826171875
2023-07-10,146.9767303466797
2023-07-11,146.1658935546875
2023-07-12,145.6591339111328
2023-07-13,146.3317413330078
2023-07-14,147.3084716796875
2023-07-17,146.57130432128906
2023-07-18,146.56210327148438
2023-07-19,146.26724243164062
2023-07-20,155.14981079101562
2023-07-21,156.8175811767578
2023-07-24,157.63763427734375
2023-07-25,158.84471130371094
2023-07-26,159.14878845214844
2023-07-27,160.04257202148438
2023-07-28,160.77049255371094
2023-07-31,154.36656188964844
2023-08-01,155.6197052001953
2023-08-02,156.5595703125
2023-08-03,157.23220825195312
2023-08-04,155.7579345703125
2023-08-07,159.49893188476562
2023-08-08,159.57261657714844
2023-08-09,159.4712677001953
2023-08-10,158.64198303222656
2023-08-11,160.1899871826172
2023-08-14,159.8122100830078
2023-08-15,159.35150146484375
2023-08-16,158.84471130371094
2023-08-17,160.33740234375
2023-08-18,158.9368438720703
2023-08-21,154.20077514648438
2023-08-22,152.97525024414062
2023-08-23,151.60231018066406
2023-08-24,152.11831665039062
2023-08-25,154.2993927001953
2023-08-28,152.48025512695312
2023-08-29,152.4988250732422
2023-08-30,151.9604949951172
2023-08-31,150.057861328125
2023-09-01,148.94412231445312
2023-09-05,149.1297607421875
2023-09-06,146.65170288085938
2023-09-07,148.52645874023438
2023-09-08,149.01840209960938
2023-09-11,150.96743774414062
2023-09-12,151.82130432128906
2023-09-13,152.20184326171875
2023-09-14,151.9698028564453
2023-09-15,149.8444061279297
2023-09-18,150.7910919189453
2023-09-19,150.5404815673828
2023-09-20,151.19947814941406
2023-09-21,150.03932189941406
2023-09-22,148.9626922607422
2023-09-25,148.73995971679688
2023-09-26,147.58908081054688
2023-09-27,145.81637573242188
2023-09-28,145.60293579101562
2023-09-29,144.55413818359375
2023-10-02,143.99728393554688
2023-10-03,144.17361450195312
2023-10-04,144.34066772460938
2023-10-05,145.84422302246094
2023-10-06,146.30828857421875
2023-10-09,147.14358520507812
2023-10-10,146.97654724121094
2023-10-11,144.95321655273438
2023-10-12,145.0924530029297
2023-10-13,145.57505798339844
2023-10-16,146.20619201660156
2023-10-17,144.8696746826172
2023-10-18,141.75123596191406
2023-10-19,141.37069702148438
2023-10-20,142.00181579589844
2023-10-23,140.50755310058594
2023-10-24,140.3590545654297
2023-10-25,140.67462158203125
2023-10-26,138.2893829345703
2023-10-27,135.1337890625
2023-10-30,136.46095275878906
2023-10-31,137.67681884765625
2023-11-01,138.0016326904297
2023-11-02,139.4402313232422
2023-11-03,140.46116638183594
2023-11-06,140.79527282714844
2023-11-07,140.05276489257812
2023-11-08,139.54232788085938
2023-11-09,136.8229217529297
2023-11-10,136.66517639160156
2023-11-13,137.017822265625
2023-11-14,137.0457000732422
2023-11-15,138.10374450683594
2023-11-16,139.31028747558594
2023-11-17,139.02255249023438
2023-11-20,140.24815368652344
2023-11-21,141.380126953125
2023-11-22,141.09950256347656
2023-11-24,142.67120361328125
2023-11-27,141.52984619140625
2023-11-28,141.85728454589844
2023-11-29,142.30633544921875
2023-11-30,144.6920166015625
2023-12-01,148.17225646972656
2023-12-04,148.6400146484375
2023-12-05,148.33128356933594
2023-12-06,146.5256805419922
2023-12-07,145.3843231201172
2023-12-08,144.46746826171875
2023-12-11,145.06622314453125
2023-12-12,145.07559204101562
2023-12-13,145.7491455078125
2023-12-14,146.75958251953125
2023-12-15,145.15977478027344
2023-12-18,145.42173767089844
2023-12-19,146.3759765625
2023-12-20,143.39157104492188
2023-12-21,144.86038208007812
2023-12-22,145.44044494628906
2023-12-26,146.07662963867188
2023-12-27,146.27305603027344
2023-12-28,146.48826599121094
2023-12-29,146.63795471191406
2024-01-02,149.65977478027344
2024-01-03,150.59530639648438
2024-01-04,150.27723693847656
2024-01-05,150.74501037597656
2024-01-08,151.1192169189453
2024-01-09,151.21278381347656
2024-01-10,151.4373321533203
2024-01-11,150.76370239257812
2024-01-12,151.92381286621094
2024-01-16,150.17434692382812
2024-01-17,150.09011840820312
2024-01-18,150.81983947753906
2024-01-19,151.25955200195312
2024-01-22,151.99864196777344
2024-01-23,149.5100860595703
2024-01-24,148.71485900878906
2024-01-25,149.2761993408203
2024-01-26,149.2200469970703
2024-01-29,149.0890655517578
2024-01-30,148.537109375
2024-01-31,148.65872192382812
2024-02-01,148.1535186767578
2024-02-02,146.5163116455078
2024-02-05,145.75851440429688
2024-02-06,147.8728485107422
2024-02-07,147.7980194091797
2024-02-08,146.31985473632812
2024-02-09,146.65664672851562
2024-02-12,147.67642211914062
2024-02-13,146.3853302001953
2024-02-14,145.702392578125
2024-02-15,147.7418975830078
2024-02-16,147.5722198486328
2024-02-20,148.80709838867188
2024-02-21,149.58006286621094
2024-02-22,151.2485809326172
2024-02-23,152.558837890625
2024-02-26,151.56906127929688
2024-02-27,151.74815368652344
2024-02-28,152.28549194335938
2024-02-29,152.125244140625
2024-03-01,152.82276916503906
2024-03-04,150.67352294921875
2024-03-05,150.7960968017578
2024-03-06,150.20220947265625
2024-03-07,149.75917053222656
2024-03-08,150.37188720703125
2024-03-11,151.9838104248047
2024-03-12,153.4072265625
2024-03-13,151.86129760742188
2024-03-14,150.07968139648438
2024-03-15,149.1087188720703
2024-03-18,147.77015686035156
2024-03-19,147.25172424316406
2024-03-20,146.8275146484375
2024-03-21,146.81809997558594
2024-03-22,146.32791137695312
2024-03-25,146.3184814453125
2024-03-26,146.83697509765625
2024-03-27,148.90133666992188
2024-03-28,149.11814880371094
2024-04-01,148.73165893554688
2024-04-02,148.68455505371094
2024-04-03,145.4135284423828
2024-04-04,143.7544708251953
2024-04-05,143.65077209472656
2024-04-08,142.89666748046875
2024-04-09,143.5565185546875
2024-04-10,141.5863800048828
2024-04-11,140.25723266601562
2024-04-12,139.06005859375
2024-04-15,139.1260528564453
2024-04-16,136.1660919189453
2024-04-17,136.4677734375
2024-04-18,137.38217163085938
2024-04-19,139.4276885986328
2024-04-22,140.56826782226562
2024-04-23,140.98306274414062
2024-04-24,140.01214599609375
2024-04-25,138.40020751953125
2024-04-26,137.7592010498047
2024-04-29,138.40020751953125
2024-04-30,136.29811096191406
2024-05-01,142.5101776123047
2024-05-02,141.32244873046875
2024-05-03,140.709716796875
2024-05-06,140.05929565429688
2024-05-07,140.19125366210938
2024-05-08,140.4080352783203
2024-05-09,141.25645446777344
2024-05-10,141.31300354003906
2024-05-13,142.54786682128906
2024-05-14,142.69869995117188
2024-05-15,143.9147186279297
2024-05-16,145.432373046875
2024-05-17,145.77175903320312
2024-05-20,143.74766540527344
2024-05-21,143.7191619873047
2024-05-22,145.8667755126953
2024-05-23,142.25575256347656
2024-05-24,139.66148376464844
2024-05-28,137.20028686523438
2024-05-29,137.25729370117188
2024-05-30,138.05552673339844
2024-05-31,139.3764190673828
2024-06-03,140.39320373535156
2024-06-04,140.45022583007812
2024-06-05,138.7112274169922
2024-06-06,139.1388397216797
2024-06-07,139.76602172851562
2024-06-10,139.8135528564453
2024-06-11,139.46194458007812
2024-06-12,138.1790771484375
2024-06-13,138.21710205078125
2024-06-14,138.3026123046875
2024-06-17,138.6922149658203
2024-06-18,138.40711975097656
2024-06-20,140.43121337890625
2024-06-21,141.35296630859375
2024-06-24,141.70457458496094
2024-06-25,139.87054443359375
2024-06-26,139.5189666748047
2024-06-27,138.5496826171875
2024-06-28,138.89178466796875
2024-07-01,139.15785217285156
2024-07-02,138.76824951171875
2024-07-03,138.44517517089844
2024-07-05,139.19586181640625
2024-07-08,138.24557495117188
2024-07-09,139.73751831054688
2024-07-10,141.99916076660156
2024-07-11,142.25575256347656
2024-07-12,142.42678833007812
2024-07-15,141.81861877441406
2024-07-16,143.50057983398438
2024-07-17,148.7936248779297
2024-07-18,147.6912841796875
2024-07-19,146.99758911132812
2024-07-22,146.56997680664062
2024-07-23,144.7739715576172
2024-07-24,148.50852966308594
2024-07-25,151.70144653320312
2024-07-26,152.65171813964844
2024-07-29,150.67515563964844
2024-07-30,153.30740356445312
2024-07-31,150.00045776367188
2024-08-01,152.7657470703125
2024-08-02,155.97764587402344
2024-08-05,153.2313690185547
2024-08-06,151.0647735595703
2024-08-07,150.9982452392578
2024-08-08,152.25259399414062
2024-08-09,152.63270568847656
2024-08-12,151.9295196533203
2024-08-13,150.5135955810547
2024-08-14,150.59912109375
2024-08-15,151.1787872314453
2024-08-16,151.46388244628906
2024-08-19,151.6919403076172
2024-08-20,152.1956024169922
2024-08-21,153.4024200439453
2024-08-22,154.2766876220703
2024-08-23,155.96817016601562
2024-08-26,156.42430114746094
2024-08-27,156.02215576171875
2024-08-28,156.95089721679688
2024-08-29,157.2477264404297
2024-08-30,158.80844116210938
2024-09-03,160.05316162109375
2024-09-04,160.24465942382812
2024-09-05,157.97543334960938
2024-09-06,157.39137268066406
2024-09-09,159.52655029296875
2024-09-10,160.26380920410156
2024-09-11,157.81265258789062
2024-09-12,157.6403045654297
2024-09-13,158.48289489746094
2024-09-16,159.89041137695312
2024-09-17,159.9669952392578
2024-09-18,159.0861053466797
2024-09-19,157.81265258789062
2024-09-20,157.1807098388672
2024-09-23,156.28067016601562
2024-09-24,155.85935974121094
2024-09-25,153.77206420898438
2024-09-26,154.52847290039062
2024-09-27,154.53805541992188
2024-09-30,155.1699981689453
2024-10-01,155.10296630859375
2024-10-02,154.3178253173828
2024-10-03,153.6763153076172
2024-10-04,153.4752197265625
2024-10-07,152.74755859375
2024-10-08,152.90077209472656
2024-10-09,153.81993103027344
2024-10-10,153.6858673095703
2024-10-11,154.5955047607422
2024-10-14,154.7295379638672
2024-10-15,157.12326049804688
2024-10-16,157.29559326171875
2024-10-17,157.47752380371094
2024-10-18,158.09988403320312
2024-10-21,155.90725708007812
2024-10-22,156.50088500976562
2024-10-23,158.80844116210938
2024-10-24,156.71153259277344
2024-10-25,154.04017639160156
2024-10-28,154.7295379638672
2024-10-29,153.2837677001953
2024-10-30,153.78164672851562
2024-10-31,153.06353759765625
2024-11-01,153.32205200195312
2024-11-04,151.51239013671875
2024-11-05,151.6177215576172
2024-11-06,151.16769409179688
2024-11-07,150.06658935546875
2024-11-08,148.86016845703125
2024-11-11,148.44842529296875
2024-11-12,146.15049743652344
2024-11-13,146.72499084472656
2024-11-14,145.41319274902344
2024-11-15,147.45266723632812
2024-11-18,148.18991088867188
2024-11-19,146.4951934814453
2024-11-20,146.6005096435547
2024-11-21,148.88888549804688
2024-11-22,148.5729217529297
2024-11-25,149.156982421875
2024-11-26,149.1376953125
2024-11-27,149.98703002929688
2024-11-29,149.61061096191406
2024-12-02,149.40794372558594
2024-12-03,147.0529327392578
2024-12-04,145.228759765625
2024-12-05,144.3118438720703
2024-12-06,144.10916137695312
2024-12-09,144.38905334472656
2024-12-10,144.0319366455078
2024-12-11,141.53216552734375
2024-12-12,141.14610290527344
2024-12-13,141.5128631591797
2024-12-16,138.83935546875
2024-12-17,141.31016540527344
2024-12-18,139.70799255371094
2024-12-19,138.57876586914062
2024-12-20,139.43775939941406
2024-12-23,140.2098846435547
2024-12-24,140.76968383789062
2024-12-26,140.5090789794922
2024-12-27,139.99755859375
2024-12-30,138.34710693359375
2024-12-31,139.58251953125
2025-01-02,139.00341796875
2025-01-03,139.16751098632812
2025-01-06,138.65597534179688
2025-01-07,141.13644409179688
2025-01-08,137.31439208984375
2025-01-10,137.11170959472656
2025-01-13,139.43775939941406
2025-01-14,139.70799255371094
2025-01-15,139.92034912109375
2025-01-16,142.62281799316406
2025-01-17,141.90858459472656
2025-01-21,142.9895782470703
2025-01-22,140.2098846435547
2025-01-23,141.53216552734375
2025-01-24,141.70590209960938
2025-01-27,147.564453125
2025-01-28,145.14187622070312
2025-01-29,145.88507080078125
2025-01-30,147.54515075683594
2025-01-31,146.85023498535156
2025-02-03,146.57997131347656
2025-02-04,148.14356994628906
2025-02-05,149.3017578125
2025-02-06,148.16285705566406
2025-02-07,147.7864532470703
2025-02-10,148.86744689941406
2025-02-11,150.69161987304688
2025-02-12,149.85191345214844
2025-02-13,151.77259826660156
2025-02-14,150.71090698242188
2025-02-18,150.7887420654297
2025-02-19,153.61013793945312
2025-02-20,155.35159301757812
2025-02-21,157.9005889892578
2025-02-24,159.3015594482422
2025-02-25,161.58786010742188
2025-02-26,158.65945434570312
2025-02-27,159.2917938232422
2025-02-28,160.54684448242188
2025-03-03,162.74560546875
2025-03-04,160.93603515625
2025-03-05,160.64414978027344
2025-03-06,161.3349151611328
2025-03-07,162.17160034179688
2025-03-10,163.15420532226562
2025-03-11,161.3640899658203
2025-03-12,158.4356689453125
2025-03-13,158.57188415527344
2025-03-14,158.39675903320312
2025-03-17,158.4259490966797
2025-03-18,159.7977294921875
2025-03-19,158.57188415527344
2025-03-20,158.60105895996094
2025-03-21,159.19454956054688
2025-03-24,158.86373901367188
2025-03-25,156.65528869628906
2025-03-26,157.33631896972656
2025-03-27,158.70809936523438
2025-03-28,159.27236938476562
2025-03-31,161.34461975097656
2025-04-01,149.0959014892578
2025-04-02,151.14869689941406
2025-04-03,155.48782348632812
2025-04-04,149.086181640625
2025-04-07,146.53717041015625
2025-04-08,145.9340057373047
2025-04-09,146.87770080566406
2025-04-10,144.6595001220703
2025-04-11,147.6171112060547
2025-04-14,150.1758270263672
2025-04-15,149.4558868408203
2025-04-16,149.73800659179688
2025-04-17,153.20150756835938
2025-04-21,152.66641235351562
2025-04-22,153.4739227294922
2025-04-23,151.16818237304688
2025-04-24,150.73036193847656
2025-04-25,150.3898468017578
2025-04-28,151.13897705078125
2025-04-29,151.68380737304688
2025-04-30,152.07293701171875
2025-05-01,150.27308654785156
2025-05-02,151.8881072998047
2025-05-05,150.7984619140625
2025-05-06,150.2828369140625
2025-05-07,153.0361328125
2025-05-08,151.44058227539062
2025-05-09,150.0396270751953
2025-05-12,149.96177673339844
2025-05-13,144.41629028320312
2025-05-14,142.39268493652344
2025-05-15,145.5545654296875
2025-05-16,147.2279510498047
2025-05-19,148.35650634765625
2025-05-20,149.4947967529297
2025-05-21,149.02780151367188
2025-05-22,148.47325134277344
2025-05-23,148.7943115234375
2025-05-27,150.37408447265625
2025-05-28,149.56947326660156
2025-05-29,150.69789123535156
2025-05-30,152.29730224609375
2025-06-02,152.48373413085938
2025-06-03,151.52212524414062
2025-06-04,150.3446502685547
2025-06-05,150.77639770507812
2025-06-06,152.12069702148438
2025-06-09,152.31692504882812
2025-06-10,153.5140380859375
2025-06-11,152.34637451171875
2025-06-12,153.7200927734375
2025-06-13,154.15185546875
2025-06-16,152.30712890625
2025-06-17,149.52041625976562
2025-06-18,147.90138244628906
2025-06-20,146.97900390625
2025-06-23,148.48031616210938
2025-06-24,149.33396911621094
2025-06-25,149.42230224609375
2025-06-26,149.1573486328125
2025-06-27,149.5498504638672
2025-06-30,149.8834686279297
2025-07-01,152.9939727783203
2025-07-02,152.64073181152344
2025-07-03,153.08230590820312
2025-07-07,152.35618591308594
2025-07-08,152.8664093017578
2025-07-09,153.34722900390625
2025-07-10,154.73077392578125
2025-07-11,153.95558166503906
2025-07-14,153.87710571289062
2025-07-15,152.258056640625
2025-07-16,161.6876983642578
2025-07-17,159.92149353027344
2025-07-18,160.62799072265625
2025-07-21,161.27560424804688
2025-07-22,164.77859497070312
2025-07-23,165.92665100097656
2025-07-24,166.3780059814453
2025-07-25,165.14166259765625
2025-07-28,163.10069274902344
2025-07-29,164.95521545410156
2025-07-30,164.1211700439453
2025-07-31,161.64846801757812
2025-08-01,164.1898651123047
2025-08-04,167.83023071289062
2025-08-05,167.53587341308594
2025-08-06,167.388671875
2025-08-07,168.31103515625
2025-08-08,170.0772705078125
2025-08-11,170.55809020996094
2025-08-12,169.53759765625
2025-08-13,171.1468048095703
2025-08-14,171.441162109375
2025-08-15,173.3251495361328
2025-08-18,172.9424591064453
2025-08-19,174.46337890625
2025-08-20,175.48385620117188
2025-08-21,175.57217407226562
2025-08-22,175.9254150390625
2025-08-25,175.0619354248047
2025-08-26,174.44911193847656
2025-08-27,174.74562072753906
2025-08-28,173.421142578125
2025-08-29,175.12123107910156
2025-09-02,176.00094604492188
2025-09-03,175.94163513183594
2025-09-04,176.69285583496094
2025-09-05,176.3666534423828
2025-09-08,176.0701446533203
2025-09-09,174.91368103027344
2025-09-10,173.7572021484375
2025-09-11,176.43585205078125
2025-09-12,176.00094604492188
2025-09-15,175.34857177734375
2025-09-16,174.41946411132812
2025-09-17,175.15089416503906
2025-09-18,172.14605712890625
2025-09-19,174.152587890625
2025-09-22,172.1954803466797
2025-09-23,174.53805541992188
2025-09-24,174.6468048095703
2025-09-25,175.6747589111328
2025-09-26,177.6318817138672
2025-09-29,179.519775390625
2025-09-30,183.2758331298828
2025-10-01,183.8985595703125
2025-10-02,183.82936096191406
2025-10-03,186.45860290527344
2025-10-06,185.98416137695312
2025-10-07,186.70570373535156
2025-10-08,187.49647521972656
2025-10-09,188.87039184570312
2025-10-10,188.51455688476562
2025-10-13,188.6924591064453
2025-10-14,188.64305114746094
2025-10-15,188.9593505859375
2025-10-16,189.8983612060547
2025-10-17,190.9856414794922
2025-10-20,191.4798583984375
2025-10-21,189.66114807128906
2025-10-22,190.70889282226562
2025-10-23,190.2443084716797
2025-10-24,188.1982421875
2025-10-27,188.0994110107422
2025-10-28,184.76837158203125
2025-10-29,184.44219970703125
2025-10-30,186.86386108398438
2025-10-31,186.68594360351562
2025-11-03,184.1061248779297
2025-11-04,184.69918823242188
2025-11-05,183.84913635253906
2025-11-06,184.8079071044922
2025-11-07,184.4125518798828
2025-11-10,186.2312774658203
2025-11-11,191.58859252929688
2025-11-12,192.14210510253906
2025-11-13,192.99217224121094
2025-11-14,193.664306640625
2025-11-17,197.2720947265625
2025-11-18,197.68724060058594
2025-11-19,200.168212890625
2025-11-20,200.72174072265625
2025-11-21,201.54212951660156
2025-11-24,203.6672821044922
2025-11-25,205.57713317871094
2025-11-26,206.46241760253906
2025-11-28,205.8258056640625
2025-12-01,204.254150390625
2025-12-02,204.333740234375
2025-12-03,204.2442169189453
2025-12-04,201.40928649902344
2025-12-05,200.8621826171875
2025-12-08,200.5538330078125
2025-12-09,198.90261840820312
2025-12-10,205.44781494140625
2025-12-11,208.8994598388672
2025-12-12,210.46116638183594
2025-12-15,213.03746032714844
2025-12-16,208.19322204589844
2025-12-17,209.2177734375
2025-12-18,207.2084503173828
2025-12-19,205.27871704101562
2025-12-22,206.22369384765625
2025-12-23,204.69183349609375
2025-12-24,206.68125915527344
2025-12-26,206.5320587158203
2025-12-29,206.46241760253906
2025-12-30,205.81585693359375
2025-12-31,205.85565185546875
2026-01-02,206.2535400390625
2026-01-05,203.22959899902344
2026-01-06,203.70706176757812
2026-01-07,206.39279174804688
2026-01-08,204.6619873046875
2026-01-09,203.30918884277344
2026-01-12,208.6110076904297
2026-01-13,212.5202178955078
2026-01-14,217.39430236816406
2026-01-15,218.40892028808594
2026-01-16,217.50372314453125
2026-01-20,217.0561065673828
2026-01-21,216.85716247558594
2026-01-22,217.33462524414062
2026-01-23,218.97589111328125
2026-01-26,220.3187713623047
2026-01-27,223.25315856933594
2026-01-28,226.5158233642578
2026-01-29,226.0880889892578
2026-01-30,226.0482940673828
2026-02-02,229.52980041503906
2026-02-03,231.86737060546875
2026-02-04,233.23011779785156
2026-02-05,236.53256225585938
2026-02-06,238.72093200683594
2026-02-09,237.37806701660156
2026-02-10,237.08961486816406
2026-02-11,239.58633422851562
2026-02-12,243.25682067871094
2026-02-13,242.16262817382812
2026-02-17,242.04327392578125
2026-02-18,243.6945037841797
2026-02-19,245.60433959960938
2026-02-20,241.2077178955078
2026-02-23,244.5399932861328
2026-02-24,246.27999877929688
2026-02-25,245.1699981689453
2026-02-26,243.47000122070312
2026-02-27,248.42999267578125
2026-03-02,248.55999755859375
2026-03-03,246.75
2026-03-04,245.3000030517578
2026-03-05,239.6300048828125
2026-03-06,240.39999389648438
2026-03-09,242.58999633789062
2026-03-10,243.7100067138672
2026-03-11,242.99000549316406
2026-03-12,242.0399932861328
2026-03-13,241.52000427246094
2026-03-16,243.19000244140625
2026-03-17,238.11000061035156
2026-03-18,237.27999877929688
2026-03-19,237.60000610351562
2026-03-20,235.3699951171875
2026-03-23,235.4199981689453
2026-03-24,235.27000427246094
2026-03-25,239.92999267578125
2026-03-26,239.24000549316406
2026-03-27,240.4499969482422
2026-03-30,242.49000549316406
2026-03-31,244.44000244140625
2026-04-01,244.1199951171875
2026-04-02,243.0399932861328
2026-04-06,240.97000122070312
2026-04-07,238.41000366210938
2026-04-08,241.3000030517578
2026-04-09,241.30999755859375
2026-04-10,238.4600067138672
2026-04-13,237.9600067138672
2026-04-14,240.10000610351562
2026-04-15,238.6699981689453
2026-04-16,234.5399932861328
2026-04-17,234.17999267578125
2026-04-20,230.69000244140625
2026-04-21,226.16000366210938
2026-04-22,226.10000610351562
2026-04-23,230.64999389648438
2026-04-24,227.5
2026-04-27,225.33999633789062
2026-04-28,227.7899932861328
2026-04-29,227.35000610351562
2026-04-30,229.85000610351562
2026-05-01,227.19000244140625
2026-05-04,224.1999969482422
