date,close
2003-04-23,19.114694595336914
2003-04-24,18.799551010131836
2003-04-25,18.35136604309082
2003-04-28,18.6104793548584
2003-04-29,18.55794906616211
2003-04-30,18.75054168701172
2003-05-01,18.408361434936523
2003-05-02,18.49241065979004
2003-05-05,18.632511138916016
2003-05-06,18.257749557495117
2003-05-07,19.000261306762695
2003-05-08,19.21039581298828
2003-05-09,19.76726722717285
2003-05-12,20.212074279785156
2003-05-13,20.163043975830078
2003-05-14,19.980913162231445
2003-05-15,20.488759994506836
2003-05-16,20.3626708984375
2003-05-19,20.131511688232422
2003-05-20,19.99843406677246
2003-05-21,19.970413208007812
2003-05-22,20.92304801940918
2003-05-23,21.416873931884766
2003-05-27,21.434389114379883
2003-05-28,22.380029678344727
2003-05-29,22.257448196411133
2003-05-30,22.817821502685547
2003-06-02,22.677724838256836
2003-06-03,22.786304473876953
2003-06-04,23.50077247619629
2003-06-05,24.15921401977539
2003-06-06,23.728431701660156
2003-06-09,22.99993896484375
2003-06-10,23.766956329345703
2003-06-11,25.637216567993164
2003-06-12,25.56715202331543
2003-06-13,25.56715202331543
2003-06-16,26.41474723815918
2003-06-17,26.16607093811035
2003-06-18,25.82634162902832
2003-06-19,25.724773406982422
2003-06-20,24.796653747558594
2003-06-23,25.094356536865234
2003-06-24,25.2624568939209
2003-06-25,24.64955711364746
2003-06-26,25.216917037963867
2003-06-27,24.971771240234375
2003-06-30,24.0611629486084
2003-07-01,24.516456604003906
2003-07-02,24.76162338256836
2003-07-03,24.78965187072754
2003-07-07,25.30449104309082
2003-07-08,25.584672927856445
2003-07-09,25.157377243041992
2003-07-10,24.586511611938477
2003-07-11,24.30632972717285
2003-07-14,24.89821434020996
2003-07-15,23.83000946044922
2003-07-16,24.166231155395508
2003-07-17,23.395706176757812
2003-07-18,22.887868881225586
2003-07-21,22.204910278320312
2003-07-22,22.922895431518555
2003-07-23,22.726755142211914
2003-07-24,22.667221069335938
2003-07-25,22.751277923583984
2003-07-28,22.309986114501953
2003-07-29,22.309986114501953
2003-07-30,22.502605438232422
2003-07-31,21.76711082458496
2003-08-01,21.123594284057617
2003-08-04,21.473899841308594
2003-08-05,21.025510787963867
2003-08-06,22.065927505493164
2003-08-07,22.18153190612793
2003-08-08,22.507314682006836
2003-08-11,22.409231185913086
2003-08-12,22.507314682006836
2003-08-13,21.617534637451172
2003-08-14,21.750654220581055
2003-08-15,21.946823120117188
2003-08-18,21.971342086791992
2003-08-19,22.75603485107422
2003-08-20,22.51432228088379
2003-08-21,23.032779693603516
2003-08-22,22.664958953857422
2003-08-25,22.875133514404297
2003-08-26,22.88915252685547
2003-08-27,22.584386825561523
2003-08-28,23.050291061401367
2003-08-29,22.682476043701172
2003-09-02,22.531845092773438
2003-09-03,23.37608528137207
2003-09-04,24.031164169311523
2003-09-05,23.68086051940918
2003-09-08,24.01364517211914
2003-09-09,23.90854835510254
2003-09-10,22.840120315551758
2003-09-11,23.327037811279297
2003-09-12,23.84198570251465
2003-09-15,24.346435546875
2003-09-16,25.089094161987305
2003-09-17,24.9594783782959
2003-09-18,25.302780151367188
2003-09-19,25.19768524169922
2003-09-22,24.745784759521484
2003-09-23,25.110116958618164
2003-09-24,25.604045867919922
2003-09-25,25.53748321533203
2003-09-26,25.519975662231445
2003-09-29,25.80721664428711
2003-09-30,26.2661190032959
2003-10-01,27.726909637451172
2003-10-02,27.74091339111328
2003-10-03,27.726909637451172
2003-10-06,28.112247467041016
2003-10-07,28.105247497558594
2003-10-08,28.357467651367188
2003-10-09,28.325942993164062
2003-10-10,28.385488510131836
2003-10-13,29.128149032592773
2003-10-14,29.06159210205078
2003-10-15,27.884550094604492
2003-10-16,28.010658264160156
2003-10-17,27.814496994018555
2003-10-20,27.954608917236328
2003-10-21,28.417028427124023
2003-10-22,28.392505645751953
2003-10-23,28.82689094543457
2003-10-24,28.504594802856445
2003-10-27,29.075603485107422
2003-10-28,29.513492584228516
2003-10-29,30.750083923339844
2003-10-30,30.30167579650879
2003-10-31,30.424312591552734
2003-11-03,30.7816104888916
2003-11-04,30.539884567260742
2003-11-05,31.695722579956055
2003-11-06,31.67815399169922
2003-11-07,30.402883529663086
2003-11-10,29.661584854125977
2003-11-11,29.981307983398438
2003-11-12,30.641780853271484
2003-11-13,31.003618240356445
2003-11-14,30.666362762451172
2003-11-17,30.6312198638916
2003-11-18,30.694480895996094
2003-11-19,30.81040382385254
2003-11-20,30.915796279907227
2003-11-21,31.137128829956055
2003-11-24,32.35971450805664
2003-11-25,32.81642532348633
2003-11-26,32.55996322631836
2003-11-28,32.75667953491211
2003-12-01,33.849281311035156
2003-12-02,33.63499069213867
2003-12-03,32.81290817260742
2003-12-04,32.84803771972656
2003-12-05,32.42644500732422
2003-12-08,32.992069244384766
2003-12-09,31.8116455078125
2003-12-10,30.423946380615234
2003-12-11,30.92635154724121
2003-12-12,31.056325912475586
2003-12-15,30.546905517578125
2003-12-16,30.452075958251953
2003-12-17,31.44277572631836
2003-12-18,31.980287551879883
2003-12-19,31.9873104095459
2003-12-22,32.753170013427734
2003-12-23,33.10097885131836
2003-12-24,32.97097396850586
2003-12-26,33.146644592285156
2003-12-29,33.093963623046875
2003-12-30,32.479148864746094
2003-12-31,32.110267639160156
2004-01-02,31.49547576904297
2004-01-05,31.091468811035156
2004-01-06,31.618423461914062
2004-01-07,31.26711082458496
2004-01-08,29.977771759033203
2004-01-09,30.736616134643555
2004-01-12,30.0269718170166
2004-01-13,29.369997024536133
2004-01-14,29.949676513671875
2004-01-15,30.286951065063477
2004-01-16,30.44151496887207
2004-01-20,30.336116790771484
2004-01-21,31.182788848876953
2004-01-22,31.520057678222656
2004-01-23,31.288198471069336
2004-01-26,31.07037353515625
2004-01-27,31.161706924438477
2004-01-28,29.222469329833984
2004-01-29,29.489450454711914
2004-01-30,29.43324851989746
2004-02-02,29.362979888916016
2004-02-03,29.84780502319336
2004-02-04,29.132516860961914
2004-02-05,28.928157806396484
2004-02-06,30.126157760620117
2004-02-09,30.302335739135742
2004-02-10,30.302335739135742
2004-02-11,31.33824348449707
2004-02-12,31.394609451293945
2004-02-13,31.380544662475586
2004-02-17,32.042964935302734
2004-02-18,31.80335807800293
2004-02-19,31.267770767211914
2004-02-20,31.140918731689453
2004-02-23,30.760391235351562
2004-02-24,30.978837966918945
2004-02-25,30.971813201904297
2004-02-26,32.02181625366211
2004-02-27,33.14228820800781
2004-03-01,34.96043395996094
2004-03-02,34.79834747314453
2004-03-03,34.826534271240234
2004-03-04,35.672203063964844
2004-03-05,37.137969970703125
2004-03-08,37.511470794677734
2004-03-09,37.130924224853516
2004-03-10,36.15137481689453
2004-03-11,36.41215133666992
2004-03-12,37.27891540527344
2004-03-15,37.63832092285156
2004-03-16,37.60308074951172
2004-03-17,36.01044464111328
2004-03-18,36.257102966308594
2004-03-19,35.62283706665039
2004-03-22,35.5030403137207
2004-03-23,35.658103942871094
2004-03-24,35.446678161621094
2004-03-25,35.72856140136719
2004-03-26,35.70740509033203
2004-03-29,35.446678161621094
2004-03-30,36.116153717041016
2004-03-31,35.87655258178711
2004-04-01,35.97520065307617
2004-04-02,34.70673751831055
2004-04-05,33.95975875854492
2004-04-06,34.2064094543457
2004-04-07,34.02317428588867
2004-04-08,33.417137145996094
2004-04-12,32.860408782958984
2004-04-13,32.37416076660156
2004-04-14,32.26845932006836
2004-04-15,32.33893585205078
2004-04-16,32.515113830566406
2004-04-19,31.9654483795166
2004-04-20,31.25366973876953
2004-04-21,31.71175193786621
2004-04-22,32.52214431762695
2004-04-23,32.14866256713867
2004-04-26,32.134559631347656
2004-04-27,32.7194709777832
2004-04-28,31.662418365478516
2004-04-29,30.936567306518555
2004-04-30,30.936567306518555
2004-05-03,31.21139907836914
2004-05-04,31.112747192382812
2004-05-05,31.46964454650879
2004-05-06,30.762908935546875
2004-05-07,29.356571197509766
2004-05-10,28.621601104736328
2004-05-11,28.805349349975586
2004-05-12,28.805349349975586
2004-05-13,28.86188316345215
2004-05-14,29.179912567138672
2004-05-17,28.522653579711914
2004-05-18,28.409587860107422
2004-05-19,27.54033660888672
2004-05-20,27.667556762695312
2004-05-21,27.87955093383789
2004-05-24,28.59333610534668
2004-05-25,29.801807403564453
2004-05-26,29.610992431640625
2004-05-27,30.141021728515625
2004-05-28,30.26117515563965
2004-06-01,29.893686294555664
2004-06-02,29.589786529541016
2004-06-03,29.300048828125
2004-06-04,29.158700942993164
2004-06-07,30.47317886352539
2004-06-08,29.70993995666504
2004-06-09,29.059751510620117
2004-06-10,29.038564682006836
2004-06-14,28.47319984436035
2004-06-15,28.607463836669922
2004-06-16,28.04917335510254
2004-06-17,28.508535385131836
2004-06-18,28.805349349975586
2004-06-21,28.77707290649414
2004-06-22,28.76295280456543
2004-06-23,29.010286331176758
2004-06-24,29.794734954833984
2004-06-25,29.943145751953125
2004-06-28,29.130435943603516
2004-06-29,28.685211181640625
2004-06-30,29.27884292602539
2004-07-01,28.98909568786621
2004-07-02,29.582721710205078
2004-07-06,29.088031768798828
2004-07-07,29.116310119628906
2004-07-08,27.483800888061523
2004-07-09,27.801822662353516
2004-07-12,27.87955093383789
2004-07-13,28.58625602722168
2004-07-14,28.13397216796875
2004-07-15,28.04917335510254
2004-07-16,28.296525955200195
2004-07-19,27.773557662963867
2004-07-20,27.55447006225586
2004-07-21,27.194059371948242
2004-07-22,27.724079132080078
2004-07-23,27.476736068725586
2004-07-26,26.876028060913086
2004-07-27,27.03152084350586
2004-07-28,27.250598907470703
2004-07-29,27.893699645996094
2004-07-30,28.04917335510254
2004-08-02,28.077438354492188
2004-08-03,27.773557662963867
2004-08-04,27.883460998535156
2004-08-05,27.81963348388672
2004-08-06,27.79128074645996
2004-08-09,27.6069393157959
2004-08-10,28.23084259033203
2004-08-11,27.9685115814209
2004-08-12,27.71329689025879
2004-08-13,27.954345703125
2004-08-16,28.535686492919922
2004-08-17,29.195024490356445
2004-08-18,29.464414596557617
2004-08-19,29.244646072387695
2004-08-20,29.57076072692871
2004-08-23,29.840181350708008
2004-08-24,29.762197494506836
2004-08-25,29.705474853515625
2004-08-26,29.762197494506836
2004-08-27,29.868541717529297
2004-08-30,29.38644027709961
2004-08-31,30.095399856567383
2004-09-01,30.648395538330078
2004-09-02,30.66256332397461
2004-09-03,30.46407127380371
2004-09-07,31.27227783203125
2004-09-08,30.705101013183594
2004-09-09,30.80437469482422
2004-09-10,30.59166717529297
2004-09-13,30.74055290222168
2004-09-14,30.953256607055664
2004-09-15,30.775997161865234
2004-09-16,31.080860137939453
2004-09-17,31.187204360961914
2004-09-20,30.201749801635742
2004-09-21,31.08795928955078
2004-09-22,31.66221809387207
2004-09-23,31.173017501831055
2004-09-24,31.1234073638916
2004-09-27,31.6834716796875
2004-09-28,31.194292068481445
2004-09-29,30.790193557739258
2004-09-30,31.052505493164062
2004-10-01,31.173017501831055
2004-10-04,29.776369094848633
2004-10-05,29.28009605407715
2004-10-06,29.549503326416016
2004-10-07,28.450613021850586
2004-10-08,28.60658073425293
2004-10-11,28.400997161865234
2004-10-12,28.656219482421875
2004-10-13,28.110313415527344
2004-10-14,27.98978042602539
2004-10-15,28.018142700195312
2004-10-18,27.933059692382812
2004-10-19,27.755834579467773
2004-10-20,27.7700138092041
2004-10-21,28.110313415527344
2004-10-22,27.9685115814209
2004-10-25,28.642032623291016
2004-10-26,29.4998722076416
2004-10-27,29.421876907348633
2004-10-28,29.28009605407715
2004-10-29,29.265899658203125
2004-11-01,29.39353370666504
2004-11-02,29.818897247314453
2004-11-03,29.554304122924805
2004-11-04,29.340923309326172
2004-11-05,28.843000411987305
2004-11-08,28.70075225830078
2004-11-09,29.056386947631836
2004-11-10,29.09196662902832
2004-11-11,28.878578186035156
2004-11-12,30.372310638427734
2004-11-15,31.574382781982422
2004-11-16,31.019582748413086
2004-11-17,31.360992431640625
2004-11-18,31.42501449584961
2004-11-19,30.514551162719727
2004-11-22,30.621246337890625
2004-11-23,30.265605926513672
2004-11-24,30.806171417236328
2004-11-26,30.71371841430664
2004-11-29,29.83171272277832
2004-11-30,29.69655990600586
2004-12-01,30.30826759338379
2004-12-02,29.518733978271484
2004-12-03,30.230051040649414
2004-12-06,30.350969314575195
2004-12-07,29.646770477294922
2004-12-08,29.099084854125977
2004-12-09,30.99823570251465
2004-12-10,32.826263427734375
2004-12-13,33.12501907348633
2004-12-14,33.34550094604492
2004-12-15,36.88065719604492
2004-12-16,36.062644958496094
2004-12-17,35.92039108276367
2004-12-20,36.02708435058594
2004-12-21,35.77815246582031
2004-12-22,36.411190032958984
2004-12-23,36.17646408081055
2004-12-27,35.493621826171875
2004-12-28,36.382755279541016
2004-12-29,36.560577392578125
2004-12-30,36.91619873046875
2004-12-31,37.1367073059082
2005-01-03,36.56767272949219
2005-01-04,35.00282669067383
2005-01-05,34.803680419921875
2005-01-06,35.123748779296875
2005-01-07,35.30155944824219
2005-01-10,35.99864959716797
2005-01-11,36.00575637817383
2005-01-12,36.105342864990234
2005-01-13,36.64592361450195
2005-01-14,37.64884567260742
2005-01-18,37.78398132324219
2005-01-19,37.55636978149414
2005-01-20,36.2120246887207
2005-01-21,35.884830474853516
2005-01-24,35.593204498291016
2005-01-25,35.941734313964844
2005-01-26,37.00156784057617
2005-01-27,36.56767272949219
2005-01-28,36.766849517822266
2005-01-31,36.85219955444336
2005-02-01,37.35009765625
2005-02-02,37.78398132324219
2005-02-03,37.50443649291992
2005-02-04,38.90934753417969
2005-02-07,38.360225677490234
2005-02-08,38.97351837158203
2005-02-09,38.18906021118164
2005-02-10,38.296024322509766
2005-02-11,37.59001541137695
2005-02-14,37.52582931518555
2005-02-15,36.96245574951172
2005-02-16,37.739776611328125
2005-02-17,38.046409606933594
2005-02-18,37.72551727294922
2005-02-22,36.406185150146484
2005-02-23,36.5488395690918
2005-02-24,38.417259216308594
2005-02-25,40.86337661743164
2005-02-28,39.82215118408203
2005-03-01,40.2215461730957
2005-03-02,39.12327194213867
2005-03-03,38.93071365356445
2005-03-04,40.6351432800293
2005-03-07,40.406944274902344
2005-03-08,39.137542724609375
2005-03-09,37.896663665771484
2005-03-10,37.54721450805664
2005-03-11,37.36894226074219
2005-03-14,37.54721450805664
2005-03-15,37.554351806640625
2005-03-16,37.19065856933594
2005-03-17,36.50603103637695
2005-03-18,36.284950256347656
2005-03-21,36.13518524169922
2005-03-22,36.74136734008789
2005-03-23,36.384796142578125
2005-03-24,37.147865295410156
2005-03-28,37.5828742980957
2005-03-29,37.40458679199219
2005-03-30,37.3118896484375
2005-03-31,37.59001541137695
2005-04-01,37.79682159423828
2005-04-04,38.28176498413086
2005-04-05,38.23184585571289
2005-04-06,37.62567138671875
2005-04-07,38.160560607910156
2005-04-08,37.803951263427734
2005-04-11,37.87527847290039
2005-04-12,38.65261459350586
2005-04-13,37.768287658691406
2005-04-14,36.370548248291016
2005-04-15,35.19384765625
2005-04-18,35.30792236328125
2005-04-19,35.42203903198242
2005-04-20,34.765953063964844
2005-04-21,35.19384765625
2005-04-22,34.72315979003906
2005-04-25,35.8071403503418
2005-04-26,35.607460021972656
2005-04-27,35.343597412109375
2005-04-28,34.03139877319336
2005-04-29,34.166900634765625
2005-05-02,34.2453498840332
2005-05-03,33.52508544921875
2005-05-04,34.46775817871094
2005-05-05,34.9970588684082
2005-05-06,35.40474319458008
2005-05-09,35.94118881225586
2005-05-10,35.41188049316406
2005-05-11,35.44765090942383
2005-05-12,34.51069259643555
2005-05-13,34.21028137207031
2005-05-16,35.39759063720703
2005-05-17,35.576412200927734
2005-05-18,36.83525085449219
2005-05-19,37.04264831542969
2005-05-20,36.83525085449219
2005-05-23,37.0712890625
2005-05-24,37.121334075927734
2005-05-25,36.76371765136719
2005-05-26,38.15129089355469
2005-05-27,38.215660095214844
2005-05-31,38.4373893737793
2005-06-01,38.83793258666992
2005-06-02,39.2170295715332
2005-06-03,39.1598014831543
2005-06-06,39.51741027832031
2005-06-07,39.76774978637695
2005-06-08,39.25278091430664
2005-06-09,39.5317268371582
2005-06-10,39.1598014831543
2005-06-13,39.5317268371582
2005-06-14,39.946571350097656
2005-06-15,40.719017028808594
2005-06-16,41.17677688598633
2005-06-17,41.927818298339844
2005-06-20,41.06950378417969
2005-06-21,42.056549072265625
2005-06-22,41.77045440673828
2005-06-23,41.326988220214844
2005-06-24,40.76194763183594
2005-06-27,41.68461227416992
2005-06-28,42.17096710205078
2005-06-29,41.87772750854492
2005-06-30,42.07085418701172
2005-07-01,41.90634536743164
2005-07-05,42.614437103271484
2005-07-06,42.40702438354492
2005-07-07,43.272464752197266
2005-07-08,43.537105560302734
2005-07-11,44.28096008300781
2005-07-12,43.91619873046875
2005-07-13,44.109310150146484
2005-07-14,43.72308349609375
2005-07-15,44.41686248779297
2005-07-18,44.02347946166992
2005-07-19,44.63142013549805
2005-07-20,45.03911209106445
2005-07-21,43.8875732421875
2005-07-22,44.02347946166992
2005-07-25,43.26530075073242
2005-07-26,43.60147476196289
2005-07-27,43.923316955566406
2005-07-28,45.432518005371094
2005-07-29,44.76731872558594
2005-08-01,44.974754333496094
2005-08-02,44.738731384277344
2005-08-03,44.19248962402344
2005-08-04,44.12797927856445
2005-08-05,42.07068634033203
2005-08-08,41.04562759399414
2005-08-09,41.09580612182617
2005-08-10,41.12446212768555
2005-08-11,41.75528335571289
2005-08-12,41.71944046020508
2005-08-15,41.762454986572266
2005-08-16,41.11012649536133
2005-08-17,40.61551284790039
2005-08-18,40.4649772644043
2005-08-19,40.106571197509766
2005-08-22,39.999053955078125
2005-08-23,39.3610725402832
2005-08-24,40.09941482543945
2005-08-25,39.683631896972656
2005-08-26,39.124515533447266
2005-08-29,39.067161560058594
2005-08-30,39.66213607788086
2005-08-31,41.289337158203125
2005-09-01,41.00261306762695
2005-09-02,40.507991790771484
2005-09-06,41.27501678466797
2005-09-07,41.38254165649414
2005-09-08,40.42198181152344
2005-09-09,41.50438690185547
2005-09-12,41.46855545043945
2005-09-13,41.11012649536133
2005-09-14,41.19614791870117
2005-09-15,41.511558532714844
2005-09-16,40.64419937133789
2005-09-19,39.439918518066406
2005-09-20,36.364723205566406
2005-09-21,35.84861373901367
2005-09-22,38.15678787231445
2005-09-23,37.54750061035156
2005-09-26,37.884403228759766
2005-09-27,38.04208755493164
2005-09-28,37.67652130126953
2005-09-29,38.74460983276367
2005-09-30,39.71947479248047
2005-10-03,40.930904388427734
2005-10-04,39.24639129638672
2005-10-05,38.17829895019531
2005-10-06,37.92742156982422
2005-10-07,38.34317398071289
2005-10-10,36.68731689453125
2005-10-11,37.00271987915039
2005-10-12,36.3575553894043
2005-10-13,36.737491607666016
2005-10-14,37.18191146850586
2005-10-17,37.439964294433594
2005-10-18,36.164031982421875
2005-10-19,37.51165771484375
2005-10-20,37.36829376220703
2005-10-21,37.19624710083008
2005-10-24,38.5295524597168
2005-10-25,38.092281341552734
2005-10-26,37.160400390625
2005-10-27,35.791259765625
2005-10-28,36.830657958984375
2005-10-31,37.02421951293945
2005-11-01,37.90589904785156
2005-11-02,39.13886642456055
2005-11-03,38.72184371948242
2005-11-04,38.829708099365234
2005-11-07,39.17479705810547
2005-11-08,37.16179275512695
2005-11-09,36.61539077758789
2005-11-10,37.64349365234375
2005-11-11,37.506874084472656
2005-11-14,37.053932189941406
2005-11-15,36.78793716430664
2005-11-16,37.11865997314453
2005-11-17,38.283321380615234
2005-11-18,37.931034088134766
2005-11-21,38.211421966552734
2005-11-22,39.239498138427734
2005-11-23,39.36173629760742
2005-11-25,39.47674560546875
2005-11-28,38.39115905761719
2005-11-29,38.31926727294922
2005-11-30,38.52775955200195
2005-12-01,38.93756103515625
2005-12-02,39.29701232910156
2005-12-05,38.75782012939453
2005-12-06,38.86565399169922
2005-12-07,37.66502380371094
2005-12-08,38.225799560546875
2005-12-09,38.542137145996094
2005-12-12,38.76500701904297
2005-12-13,39.498313903808594
2005-12-14,40.382633209228516
2005-12-15,41.61918640136719
2005-12-16,41.964256286621094
2005-12-19,41.01527786254883
2005-12-20,41.26691818237305
2005-12-21,41.00090789794922
2005-12-22,41.43943786621094
2005-12-23,40.98652267456055
2005-12-27,41.01527786254883
2005-12-28,40.648624420166016
2005-12-29,40.907432556152344
2005-12-30,40.7564582824707
2006-01-03,41.82769012451172
2006-01-04,41.35316848754883
2006-01-05,41.89956283569336
2006-01-06,41.63356399536133
2006-01-09,43.44528579711914
2006-01-10,43.768798828125
2006-01-11,43.67534255981445
2006-01-12,43.24397277832031
2006-01-13,42.38124465942383
2006-01-17,42.10805892944336
2006-01-18,41.913944244384766
2006-01-19,41.37473678588867
2006-01-20,40.93619918823242
2006-01-23,40.67737579345703
2006-01-24,41.626365661621094
2006-01-25,40.72050857543945
2006-01-26,41.698272705078125
2006-01-27,42.0505485534668
2006-01-30,41.82769012451172
2006-01-31,41.547298431396484
2006-02-01,40.842742919921875
2006-02-02,40.13816452026367
2006-02-03,40.563575744628906
2006-02-06,40.07328414916992
2006-02-07,38.616859436035156
2006-02-08,38.73221969604492
2006-02-09,38.4654426574707
2006-02-10,37.996803283691406
2006-02-13,37.43441390991211
2006-02-14,38.011207580566406
2006-02-15,38.551963806152344
2006-02-16,39.04225158691406
2006-02-17,38.667320251464844
2006-02-21,39.1504020690918
2006-02-22,40.67171859741211
2006-02-23,40.606834411621094
2006-02-24,40.48426818847656
2006-02-27,40.38331604003906
2006-02-28,39.943519592285156
2006-03-01,39.41719055175781
2006-03-02,39.47486114501953
2006-03-03,38.7899055480957
2006-03-06,38.16262435913086
2006-03-07,37.5569953918457
2006-03-08,37.58583068847656
2006-03-09,36.821571350097656
2006-03-10,37.49209976196289
2006-03-13,37.98238754272461
2006-03-14,39.18647003173828
2006-03-15,39.114356994628906
2006-03-16,39.799293518066406
2006-03-17,40.04444885253906
2006-03-20,39.1504020690918
2006-03-21,38.28520965576172
2006-03-22,38.07611846923828
2006-03-23,39.61184310913086
2006-03-24,39.92185974121094
2006-03-27,40.09492492675781
2006-03-28,40.707767486572266
2006-03-29,40.62845230102539
2006-03-30,40.2679443359375
2006-03-31,40.22470474243164
2006-04-03,39.669525146484375
2006-04-04,39.69839096069336
2006-04-05,41.49365997314453
2006-04-06,40.81591033935547
2006-04-07,40.873600006103516
2006-04-10,40.61404037475586
2006-04-11,40.563575744628906
2006-04-12,39.835350036621094
2006-04-13,39.59741973876953
2006-04-17,38.49427795410156
2006-04-18,39.64067077636719
2006-04-19,38.59523391723633
2006-04-20,38.19148635864258
2006-04-21,37.65070724487305
2006-04-24,36.95136260986328
2006-04-25,36.6629524230957
2006-04-26,37.57862854003906
2006-04-27,37.06669998168945
2006-04-28,36.69898223876953
2006-05-01,36.36012649536133
2006-05-02,35.53095626831055
2006-05-03,35.726280212402344
2006-05-04,35.24163818359375
2006-05-05,36.601531982421875
2006-05-08,35.950504302978516
2006-05-09,35.19099044799805
2006-05-10,35.66118240356445
2006-05-11,34.279579162597656
2006-05-12,33.78768539428711
2006-05-15,33.382625579833984
2006-05-16,32.71711730957031
2006-05-17,32.12399673461914
2006-05-18,32.818416595458984
2006-05-19,32.565223693847656
2006-05-22,32.167396545410156
2006-05-23,32.27589416503906
2006-05-24,32.442264556884766
2006-05-25,32.52183532714844
2006-05-26,32.62309265136719
2006-05-30,31.83466148376465
2006-05-31,31.899744033813477
2006-06-01,32.442264556884766
2006-06-02,32.058895111083984
2006-06-05,30.97386360168457
2006-06-06,29.939472198486328
2006-06-07,29.541627883911133
2006-06-08,29.60672950744629
2006-06-09,30.11308479309082
2006-06-12,28.138334274291992
2006-06-13,27.99366569519043
2006-06-14,28.93401527404785
2006-06-15,30.055206298828125
2006-06-16,29.794816970825195
2006-06-19,29.18718910217285
2006-06-20,28.644664764404297
2006-06-21,29.90330696105957
2006-06-22,29.71525764465332
2006-06-23,29.69352912902832
2006-06-26,30.38794708251953
2006-06-27,29.24505043029785
2006-06-28,28.876161575317383
2006-06-29,29.657365798950195
2006-06-30,29.505464553833008
2006-07-03,29.346323013305664
2006-07-05,29.353557586669922
2006-07-06,29.324621200561523
2006-07-07,29.47652244567871
2006-07-10,29.273988723754883
2006-07-11,28.73870849609375
2006-07-12,27.84899139404297
2006-07-13,27.487333297729492
2006-07-14,26.90864372253418
2006-07-17,27.37881088256836
2006-07-18,27.089468002319336
2006-07-19,28.47831153869629
2006-07-20,27.88515853881836
2006-07-21,28.673603057861328
2006-07-24,30.026277542114258
2006-07-25,30.373493194580078
2006-07-26,30.380714416503906
2006-07-27,29.773103713989258
2006-07-28,30.532634735107422
2006-07-31,30.134775161743164
2006-08-01,30.409650802612305
2006-08-02,30.41691017150879
2006-08-03,31.709396362304688
2006-08-04,31.49155044555664
2006-08-07,31.970792770385742
2006-08-08,31.2519474029541
2006-08-09,29.988508224487305
2006-08-10,30.133737564086914
2006-08-11,29.414859771728516
2006-08-14,28.979198455810547
2006-08-15,29.661758422851562
2006-08-16,30.605695724487305
2006-08-17,31.041358947753906
2006-08-18,31.15754508972168
2006-08-21,30.68557357788086
2006-08-22,30.54034996032715
2006-08-23,29.944934844970703
2006-08-24,30.37335777282715
2006-08-25,30.337032318115234
2006-08-28,30.68557357788086
2006-08-29,30.76544189453125
2006-08-30,30.220853805541992
2006-08-31,30.242643356323242
2006-09-01,30.3079833984375
2006-09-05,30.09015655517578
2006-09-06,29.4366455078125
2006-09-07,29.36405372619629
2006-09-08,29.073610305786133
2006-09-11,29.247867584228516
2006-09-12,30.76544189453125
2006-09-13,30.562135696411133
2006-09-14,30.620237350463867
2006-09-15,31.389896392822266
2006-09-18,31.31728172302246
2006-09-19,31.077682495117188
2006-09-20,30.845321655273438
2006-09-21,30.533090591430664
2006-09-22,30.896150588989258
2006-09-25,31.651309967041016
2006-09-26,31.644031524658203
2006-09-27,31.07040786743164
2006-09-28,30.801742553710938
2006-09-29,30.51129722595215
2006-10-02,30.79449462890625
2006-10-03,30.162784576416016
2006-10-04,30.867090225219727
2006-10-05,30.838064193725586
2006-10-06,30.39511489868164
2006-10-09,31.280990600585938
2006-10-10,31.72391128540039
2006-10-11,31.36812400817871
2006-10-12,32.28302001953125
2006-10-13,31.2664852142334
2006-10-16,31.774747848510742
2006-10-17,31.45526885986328
2006-10-18,31.04861831665039
2006-10-19,31.25921630859375
2006-10-20,31.244678497314453
2006-10-23,30.81626319885254
2006-10-24,31.37537956237793
2006-10-25,32.27576446533203
2006-10-26,32.631553649902344
2006-10-27,32.181365966796875
2006-10-30,32.31208038330078
2006-10-31,32.3193359375
2006-11-01,31.976829528808594
2006-11-02,31.59788703918457
2006-11-03,31.495878219604492
2006-11-06,31.678043365478516
2006-11-07,31.073184967041016
2006-11-08,30.774410247802734
2006-11-09,30.482934951782227
2006-11-10,31.43754768371582
2006-11-13,31.45942497253418
2006-11-14,32.79301834106445
2006-11-15,33.29582214355469
2006-11-16,33.463443756103516
2006-11-17,33.4488639831543
2006-11-20,33.38328552246094
2006-11-21,33.74763107299805
2006-11-22,34.64399337768555
2006-11-24,34.563838958740234
2006-11-27,34.192176818847656
2006-11-28,33.725791931152344
2006-11-29,33.87153244018555
2006-11-30,35.56221389770508
2006-12-01,35.5038948059082
2006-12-04,35.30712890625
2006-12-05,36.09416580200195
2006-12-06,36.6334228515625
2006-12-07,36.072303771972656
2006-12-08,35.358150482177734
2006-12-11,35.36542892456055
2006-12-12,35.25613021850586
2006-12-13,35.44559097290039
2006-12-14,35.766239166259766
2006-12-15,36.02129364013672
2006-12-18,35.61320877075195
2006-12-19,34.935482025146484
2006-12-20,34.935482025146484
2006-12-21,34.8043098449707
2006-12-22,34.4909782409668
2006-12-26,34.90632247924805
2006-12-27,35.72978973388672
2006-12-28,35.56947708129883
2006-12-29,35.79537582397461
2007-01-03,34.51280975341797
2007-01-04,34.14115905761719
2007-01-05,33.7622184753418
2007-01-08,33.164669036865234
2007-01-09,33.36872100830078
2007-01-10,33.4488639831543
2007-01-11,33.99540710449219
2007-01-12,34.03913497924805
2007-01-16,33.820518493652344
2007-01-17,35.2123908996582
2007-01-18,35.29256057739258
2007-01-19,36.25448989868164
2007-01-22,36.349212646484375
2007-01-23,36.159751892089844
2007-01-24,36.40023422241211
2007-01-25,35.26340866088867
2007-01-26,35.095802307128906
2007-01-29,35.18324661254883
2007-01-30,35.27070236206055
2007-01-31,36.844764709472656
2007-02-01,37.26879119873047
2007-02-02,38.058311462402344
2007-02-05,37.60505294799805
2007-02-06,37.48807907104492
2007-02-07,37.28339385986328
2007-02-08,36.18681716918945
2007-02-09,35.6312255859375
2007-02-12,35.27299880981445
2007-02-13,35.784759521484375
2007-02-14,35.81397247314453
2007-02-15,36.07716369628906
2007-02-16,35.88710021972656
2007-02-20,36.0186882019043
2007-02-21,35.76280975341797
2007-02-22,35.229164123535156
2007-02-23,34.7100944519043
2007-02-26,34.717430114746094
2007-02-27,33.90595245361328
2007-02-28,33.555049896240234
2007-03-01,33.78166198730469
2007-03-02,33.34305191040039
2007-03-05,32.10026931762695
2007-03-06,32.61930847167969
2007-03-07,32.9044303894043
2007-03-08,33.02869415283203
2007-03-09,32.87519073486328
2007-03-12,31.325366973876953
2007-03-13,29.994844436645508
2007-03-14,30.703977584838867
2007-03-15,31.113351821899414
2007-03-16,30.923282623291016
2007-03-19,31.098724365234375
2007-03-20,31.02562141418457
2007-03-21,31.87364387512207
2007-03-22,31.427709579467773
2007-03-23,30.981767654418945
2007-03-26,30.45541000366211
2007-03-27,30.44810676574707
2007-03-28,29.81940460205078
2007-03-29,29.446569442749023
2007-03-30,28.825191497802734
2007-04-02,28.481582641601562
2007-04-03,28.678974151611328
2007-04-04,28.60586929321289
2007-04-05,29.124921798706055
2007-04-09,29.300357818603516
2007-04-10,28.964065551757812
2007-04-11,28.07950782775879
2007-04-12,28.4231014251709
2007-04-13,28.181852340698242
2007-04-16,28.41579818725586
2007-04-17,29.16145896911621
2007-04-18,29.87059211730957
2007-04-19,29.863271713256836
2007-04-20,30.162994384765625
2007-04-23,29.541595458984375
2007-04-24,29.607389450073242
2007-04-25,29.607389450073242
2007-04-26,30.26533317565918
2007-04-27,29.51968002319336
2007-04-30,29.249181747436523
2007-05-01,29.680517196655273
2007-05-02,30.12820816040039
2007-05-03,30.084163665771484
2007-05-04,29.60710334777832
2007-05-07,29.452980041503906
2007-05-08,29.695186614990234
2007-05-09,29.592432022094727
2007-05-10,28.9906063079834
2007-05-11,28.94656753540039
2007-05-14,28.968591690063477
2007-05-15,28.9979305267334
2007-05-16,29.643815994262695
2007-05-17,30.57592010498047
2007-05-18,30.546537399291992
2007-05-21,31.00893211364746
2007-05-22,31.74286651611328
2007-05-23,31.537368774414062
2007-05-24,31.170406341552734
2007-05-25,30.99425506591797
2007-05-29,31.148386001586914
2007-05-30,31.559396743774414
2007-05-31,31.119014739990234
2007-06-01,30.7667236328125
2007-06-04,31.060314178466797
2007-06-05,30.950220108032227
2007-06-06,30.502511978149414
2007-06-07,29.563066482543945
2007-06-08,30.10619354248047
2007-06-11,29.981416702270508
2007-06-12,29.26215171813965
2007-06-13,29.181427001953125
2007-06-14,29.12270736694336
2007-06-15,28.94656753540039
2007-06-18,28.43280601501465
2007-06-19,28.931886672973633
2007-06-20,28.608949661254883
2007-06-21,27.992441177368164
2007-06-22,27.654830932617188
2007-06-25,27.163087844848633
2007-06-26,26.32640266418457
2007-06-27,26.524568557739258
2007-06-28,26.135568618774414
2007-06-29,25.8052978515625
2007-07-02,25.24751091003418
2007-07-03,24.88053321838379
2007-07-05,25.342918395996094
2007-07-06,26.08420181274414
2007-07-09,25.445682525634766
2007-07-10,24.616321563720703
2007-07-11,24.45485496520996
2007-07-12,24.689716339111328
2007-07-13,25.695213317871094
2007-07-16,24.858522415161133
2007-07-17,24.35210609436035
2007-07-18,24.197978973388672
2007-07-19,24.087879180908203
2007-07-20,23.37596893310547
2007-07-23,22.854862213134766
2007-07-24,22.46588897705078
2007-07-25,22.45854949951172
2007-07-26,22.120935440063477
2007-07-27,21.915424346923828
2007-07-30,21.805335998535156
2007-07-31,21.51176643371582
2007-08-01,21.437963485717773
2007-08-02,22.375179290771484
2007-08-03,21.96192169189453
2007-08-06,22.478496551513672
2007-08-07,23.90277099609375
2007-08-08,25.1278018951416
2007-08-09,25.5189208984375
2007-08-10,24.500526428222656
2007-08-13,22.899141311645508
2007-08-14,21.954544067382812
2007-08-15,20.773788452148438
2007-08-16,21.437963485717773
2007-08-17,21.26085662841797
2007-08-20,20.899242401123047
2007-08-21,20.655717849731445
2007-08-22,20.581920623779297
2007-08-23,20.965665817260742
2007-08-24,20.98780059814453
2007-08-27,20.028446197509766
2007-08-28,19.128129959106445
2007-08-29,19.607797622680664
2007-08-30,19.268341064453125
2007-08-31,19.814430236816406
2007-09-04,19.770156860351562
2007-09-05,19.23882484436035
2007-09-06,19.120737075805664
2007-09-07,18.50823211669922
2007-09-10,18.0802059173584
2007-09-11,17.932615280151367
2007-09-12,17.526742935180664
2007-09-13,17.593149185180664
2007-09-14,18.035926818847656
2007-09-17,17.821916580200195
2007-09-18,18.198278427124023
2007-09-19,18.692724227905273
2007-09-20,17.711219787597656
2007-09-21,17.541494369506836
2007-09-24,16.707597732543945
2007-09-25,16.087696075439453
2007-09-26,15.430910110473633
2007-09-27,15.593255996704102
2007-09-28,15.681812286376953
2007-10-01,16.16887664794922
2007-10-02,17.061809539794922
2007-10-03,17.718605041503906
2007-10-04,16.796142578125
2007-10-05,17.224170684814453
2007-10-08,16.906845092773438
2007-10-09,17.172510147094727
2007-10-10,17.320100784301758
2007-10-11,17.460308074951172
2007-10-12,16.589523315429688
2007-10-15,16.242679595947266
2007-10-16,15.755611419677734
2007-10-17,15.275933265686035
2007-10-18,14.914332389831543
2007-10-19,14.53058910369873
2007-10-22,15.512085914611816
2007-10-23,15.39400863647461
2007-10-24,15.51945972442627
2007-10-25,15.932724952697754
2007-10-26,16.633792877197266
2007-10-29,16.803524017333984
2007-10-30,16.884706497192383
2007-10-31,15.718719482421875
2007-11-01,14.707479476928711
2007-11-02,14.581074714660645
2007-11-05,14.647993087768555
2007-11-06,14.744665145874023
2007-11-07,14.060583114624023
2007-11-08,13.733423233032227
2007-11-09,13.71112060546875
2007-11-12,13.725990295410156
2007-11-13,14.566202163696289
2007-11-14,14.499283790588379
2007-11-15,13.822651863098145
2007-11-16,13.272424697875977
2007-11-19,12.060431480407715
2007-11-20,10.922796249389648
2007-11-21,10.261035919189453
2007-11-23,10.707164764404297
2007-11-26,10.045402526855469
2007-11-27,10.06771183013916
2007-11-28,10.461790084838867
2007-11-29,10.216418266296387
2007-11-30,10.885618209838867
2007-12-03,11.57712173461914
2007-12-04,10.83357048034668
2007-12-05,11.168164253234863
2007-12-06,12.952692031860352
2007-12-07,12.632967948913574
2007-12-10,13.153451919555664
2007-12-11,11.740703582763672
2007-12-12,11.703526496887207
2007-12-13,12.157092094421387
2007-12-14,11.84480094909668
2007-12-17,11.52507495880127
2007-12-18,11.718398094177246
2007-12-19,11.539942741394043
2007-12-20,11.84480094909668
2007-12-21,11.792752265930176
2007-12-24,12.32067584991455
2007-12-26,12.484256744384766
2007-12-27,12.201705932617188
2007-12-28,12.082741737365723
2007-12-31,12.34298038482666
2008-01-02,11.792752265930176
2008-01-03,11.487895965576172
2008-01-04,10.841005325317383
2008-01-07,10.818697929382324
2008-01-08,10.0007905960083
2008-01-09,9.45055866241455
2008-01-10,10.052836418151855
2008-01-11,9.814896583557129
2008-01-14,10.231291770935059
2008-01-15,9.614144325256348
2008-01-16,9.770285606384277
2008-01-17,9.547226905822754
2008-01-18,8.892897605895996
2008-01-22,9.011861801147461
2008-01-23,10.298211097717285
2008-01-24,11.153295516967773
2008-01-25,11.57712173461914
2008-01-28,12.707324028015137
2008-01-29,12.908082008361816
2008-01-30,12.543739318847656
2008-01-31,14.291088104248047
2008-02-01,14.75209903717041
2008-02-04,13.740861892700195
2008-02-05,13.339339256286621
2008-02-06,13.316837310791016
2008-02-07,13.219305038452148
2008-02-08,13.474388122558594
2008-02-11,13.819499969482422
2008-02-12,13.564419746398926
2008-02-13,13.766982078552246
2008-02-14,13.271820068359375
2008-02-15,13.061755180358887
2008-02-19,12.731645584106445
2008-02-20,13.271820068359375
2008-02-21,12.776658058166504
2008-02-22,12.62661361694336
2008-02-25,13.054251670837402
2008-02-26,14.21712589263916
2008-02-27,14.787313461303711
2008-02-28,13.361847877502441
2008-02-29,12.889195442199707
2008-03-03,11.53875732421875
2008-03-04,11.82384967803955
2008-03-05,11.681304931640625
2008-03-06,11.126119613647461
2008-03-07,10.878544807434082
2008-03-10,10.270843505859375
2008-03-11,10.953566551208496
2008-03-12,10.563437461853027
2008-03-13,11.021088600158691
2008-03-14,10.71349048614502
2008-03-17,9.670650482177734
2008-03-18,11.021088600158691
2008-03-19,11.028593063354492
2008-03-20,12.183969497680664
2008-03-24,12.934211730957031
2008-03-25,12.986730575561523
2008-03-26,12.056426048278809
2008-03-27,12.213977813720703
2008-03-28,12.258990287780762
2008-03-31,12.941715240478516
2008-04-01,14.779810905456543
2008-04-02,14.674772262573242
2008-04-03,14.982378005981445
2008-04-04,14.884849548339844
2008-04-07,14.997387886047363
2008-04-08,13.766982078552246
2008-04-09,12.731645584106445
2008-04-10,12.889195442199707
2008-04-11,12.499067306518555
2008-04-14,11.763830184936523
2008-04-15,12.101442337036133
2008-04-16,12.72414493560791
2008-04-17,12.71664047241211
2008-04-18,12.851686477661133
2008-04-21,12.566594123840332
2008-04-22,12.191473960876465
2008-04-23,11.591272354125977
2008-04-24,12.431547164916992
2008-04-25,12.874188423156738
2008-04-28,13.279324531555176
2008-04-29,13.714465141296387
2008-04-30,12.566594123840332
2008-05-01,13.331646919250488
2008-05-02,13.127124786376953
2008-05-05,13.271050453186035
2008-05-06,13.672513961791992
2008-05-07,12.8544340133667
2008-05-08,12.559020042419434
2008-05-09,12.566588401794434
2008-05-12,12.649914741516113
2008-05-13,12.748388290405273
2008-05-14,13.543743133544922
2008-05-15,13.952779769897461
2008-05-16,13.657363891601562
2008-05-19,13.195301055908203
2008-05-20,12.740815162658691
2008-05-21,11.869709968566895
2008-05-22,11.718210220336914
2008-05-23,11.54399585723877
2008-05-27,11.9227294921875
2008-05-28,11.930306434631348
2008-05-29,11.756086349487305
2008-05-30,11.468244552612305
2008-06-02,11.225852966308594
2008-06-03,11.612162590026855
2008-06-04,11.19555377960205
2008-06-05,11.134955406188965
2008-06-06,10.385048866271973
2008-06-09,10.309301376342773
2008-06-10,10.566847801208496
2008-06-11,9.960857391357422
2008-06-12,10.150229454040527
2008-06-13,10.362326622009277
2008-06-16,10.710763931274414
2008-06-17,10.316879272460938
2008-06-18,10.672893524169922
2008-06-19,10.650166511535645
2008-06-20,10.294153213500977
2008-06-23,9.498801231384277
2008-06-24,9.945713996887207
2008-06-25,9.77906608581543
2008-06-26,9.014008522033691
2008-06-27,8.415599822998047
2008-06-30,8.408024787902832
2008-07-01,8.02928638458252
2008-07-02,7.764169216156006
2008-07-03,7.824767112731934
2008-07-07,7.370281219482422
2008-07-08,8.453476905822754
2008-07-09,7.9535393714904785
2008-07-10,7.476325511932373
2008-07-11,7.006689071655273
2008-07-14,6.961241245269775
2008-07-15,7.090015411376953
2008-07-16,7.968689441680908
2008-07-17,8.37015438079834
2008-07-18,8.218655586242676
2008-07-21,8.34742546081543
2008-07-22,8.95465087890625
2008-07-23,9.331290245056152
2008-07-24,7.63259220123291
2008-07-25,7.9246745109558105
2008-07-28,7.4019999504089355
2008-07-29,8.147582054138184
2008-07-30,8.032285690307617
2008-07-31,8.416606903076172
2008-08-01,8.21676254272461
2008-08-04,8.024596214294434
2008-08-05,8.38586139678955
2008-08-06,8.693314552307129
2008-08-07,8.439666748046875
2008-08-08,8.524212837219238
2008-08-11,8.662571907043457
2008-08-12,7.624908924102783
2008-08-13,7.4019999504089355
2008-08-14,7.671028137207031
2008-08-15,7.686397552490234
2008-08-18,7.163722515106201
2008-08-19,6.840892314910889
2008-08-20,7.033054351806641
2008-08-21,7.271335124969482
2008-08-22,7.440433502197266
2008-08-25,7.2559590339660645
2008-08-26,6.948505401611328
2008-08-27,7.5864739418029785
2008-08-28,8.424294471740723
2008-08-29,8.670259475708008
2008-09-02,8.91622257232666
2008-09-03,9.116071701049805
2008-09-04,8.38586139678955
2008-09-05,9.054579734802246
2008-09-08,9.976943969726562
2008-09-09,8.91622257232666
2008-09-10,9.016146659851074
2008-09-11,9.285170555114746
2008-09-12,9.600312232971191
2008-09-15,9.031517028808594
2008-09-16,9.515762329101562
2008-09-17,8.470407485961914
2008-09-18,9.869339942932129
2008-09-19,11.029982566833496
2008-09-22,8.531899452209473
2008-09-23,7.8708720207214355
2008-09-24,9.29285717010498
2008-09-25,9.461956024169922
2008-09-26,9.561880111694336
2008-09-29,8.362802505493164
2008-09-30,9.362035751342773
2008-10-01,9.269793510437012
2008-10-02,8.224447250366211
2008-10-03,7.002308368682861
2008-10-06,6.833207130432129
2008-10-07,5.880095481872559
2008-10-08,5.903155326843262
2008-10-09,4.980784893035889
2008-10-10,5.5034613609313965
2008-10-13,5.549579620361328
2008-10-14,5.073021411895752
2008-10-15,4.742506980895996
2008-10-16,4.926980972290039
2008-10-17,4.9654130935668945
2008-10-20,5.357419013977051
2008-10-21,4.901304721832275
2008-10-22,4.514766693115234
2008-10-23,3.710765838623047
2008-10-24,3.316498279571533
2008-10-27,3.192805051803589
2008-10-28,3.0304598808288574
2008-10-29,3.3706130981445312
2008-10-30,3.8344593048095703
2008-10-31,4.561150550842285
2008-11-03,4.537959098815918
2008-11-04,5.218267440795898
2008-11-05,5.024996757507324
2008-11-06,4.7234954833984375
2008-11-07,4.3369598388671875
2008-11-10,4.128228187561035
2008-11-11,4.03546142578125
2008-11-12,3.532958745956421
2008-11-13,3.772613525390625
2008-11-14,3.6721131801605225
2008-11-17,3.3860738277435303
2008-11-18,3.254650831222534
2008-11-19,2.59753680229187
2008-11-20,2.025460720062256
2008-11-21,1.9017677307128906
2008-11-24,2.3269593715667725
2008-11-25,3.146421194076538
2008-11-26,4.228726863861084
2008-11-28,3.989074945449829
2008-12-01,3.478844165802002
2008-12-02,4.159152507781982
2008-12-03,4.375613689422607
2008-12-04,4.731227874755859
2008-12-05,4.939958095550537
2008-12-08,5.442458629608154
2008-12-09,5.102303981781006
2008-12-10,5.604803085327148
2008-12-11,5.1177659034729
2008-12-12,5.519763469696045
2008-12-15,5.001802921295166
2008-12-16,5.63572883605957
2008-12-17,5.798072338104248
2008-12-18,5.8212666511535645
2008-12-19,5.643458843231201
2008-12-22,4.901304721832275
2008-12-23,4.793074131011963
2008-12-24,4.537959098815918
2008-12-26,4.715765953063965
2008-12-29,4.483842372894287
2008-12-30,4.638458728790283
2008-12-31,5.009532928466797
2009-01-02,5.334228992462158
2009-01-05,5.844458103179932
2009-01-06,6.571149826049805
2009-01-07,6.107303142547607
2009-01-08,6.888111591339111
2009-01-09,5.303304195404053
2009-01-12,4.831727981567383
2009-01-13,5.063652038574219
2009-01-14,4.545687198638916
2009-01-15,4.375613689422607
2009-01-16,4.607537746429443
2009-01-20,3.865381956100464
2009-01-21,4.058650016784668
2009-01-22,3.710765838623047
2009-01-23,3.9813430309295654
2009-01-26,4.491574764251709
2009-01-27,4.530228137969971
2009-01-28,5.241459369659424
2009-01-29,4.7698822021484375
2009-01-30,4.583132743835449
2009-02-02,4.528663635253906
2009-02-03,5.104475021362305
2009-02-04,4.746536731719971
2009-02-05,4.855476379394531
2009-02-06,5.586907386779785
2009-02-09,5.1355977058410645
2009-02-10,4.295228004455566
2009-02-11,4.474195957183838
2009-02-12,4.240760803222656
2009-02-13,4.450852394104004
2009-02-17,4.310790061950684
2009-02-18,4.038448333740234
2009-02-19,3.3147950172424316
2009-02-20,3.3459205627441406
2009-02-23,3.6493868827819824
2009-02-24,4.295228004455566
2009-02-25,4.2796630859375
2009-02-26,4.287447452545166
2009-02-27,3.867260456085205
2009-03-02,3.7661046981811523
2009-03-03,3.5404512882232666
2009-03-04,3.8516993522644043
2009-03-05,3.6104822158813477
2009-03-06,3.5793569087982178
2009-03-09,3.626044273376465
2009-03-10,4.513100624084473
2009-03-11,4.622039794921875
2009-03-12,5.213410377502441
2009-03-13,5.16672420501709
2009-03-16,4.769881248474121
2009-03-17,5.112254619598389
2009-03-18,5.602472305297852
2009-03-19,5.0733489990234375
2009-03-20,4.808786869049072
2009-03-23,5.898159027099609
2009-03-24,5.6725029945373535
2009-03-25,5.7269721031188965
2009-03-26,6.294999599456787
2009-03-27,6.209404945373535
2009-03-30,5.228972434997559
2009-03-31,4.4275078773498535
2009-04-01,4.2096333503723145
2009-04-02,4.411942958831787
2009-04-03,4.606476783752441
2009-04-06,4.497539520263672
2009-04-07,4.264103412628174
2009-04-08,4.5053205490112305
2009-04-09,4.7621002197265625
2009-04-13,4.839913368225098
2009-04-14,4.5053205490112305
2009-04-15,5.042222499847412
2009-04-16,5.0733489990234375
2009-04-17,5.555782794952393
2009-04-20,4.396384239196777
2009-04-21,4.668725490570068
2009-04-22,4.7154130935668945
2009-04-23,5.221191883087158
2009-04-24,6.217185974121094
2009-04-27,6.217185974121094
2009-04-28,6.178282260894775
2009-04-29,6.217185974121094
2009-04-30,6.01487398147583
2009-05-01,5.9444804191589355
2009-05-04,6.468532562255859
2009-05-05,6.585856914520264
2009-05-06,6.570213794708252
2009-05-07,6.093091011047363
2009-05-08,6.429422378540039
2009-05-11,6.085269927978516
2009-05-12,5.84279727935791
2009-05-13,5.240528106689453
2009-05-14,5.47517728805542
2009-05-15,5.32656717300415
2009-05-18,6.163486003875732
2009-05-19,6.061805248260498
2009-05-20,6.022696495056152
2009-05-21,5.741116523742676
2009-05-22,5.7332940101623535
2009-05-26,5.889727592468262
2009-05-27,5.608145713806152
2009-05-28,5.287458419799805
2009-05-29,5.623789310455322
2009-06-01,5.850618362426758
2009-06-02,5.952300548553467
2009-06-03,5.522108554840088
2009-06-04,5.436066627502441
2009-06-05,5.115381240844727
2009-06-08,5.334386348724365
2009-06-09,5.334386348724365
2009-06-10,5.185776233673096
2009-06-11,4.951125621795654
2009-06-12,4.841623306274414
2009-06-15,4.567864418029785
2009-06-16,4.606971740722656
2009-06-17,4.63825798034668
2009-06-18,4.427072525024414
2009-06-19,4.591327667236328
2009-06-22,4.434891700744629
2009-06-23,4.4974684715271
2009-06-24,4.708652973175049
2009-06-25,5.506464958190918
2009-06-26,5.561215877532959
2009-06-29,5.921011924743652
2009-06-30,5.9444804191589355
2009-07-01,5.748937606811523
2009-07-02,5.467358589172363
2009-07-06,5.357851982116699
2009-07-07,5.099738121032715
2009-07-08,4.88073205947876
2009-07-09,5.013700485229492
2009-07-10,4.912017822265625
2009-07-13,5.0058770179748535
2009-07-14,5.217062950134277
2009-07-15,5.436066627502441
2009-07-16,5.725472927093506
2009-07-17,5.84279727935791
2009-07-20,5.937164306640625
2009-07-21,5.960755348205566
2009-07-22,6.464035987854004
2009-07-23,6.817906856536865
2009-07-24,6.707812786102295
2009-07-27,7.211093902587891
2009-07-28,7.053822994232178
2009-07-29,7.1245951652526855
2009-07-30,7.0616841316223145
2009-07-31,7.163914680480957
2009-08-03,7.3526434898376465
2009-08-04,7.643607139587402
2009-08-05,7.706517219543457
2009-08-06,7.564966201782227
2009-08-07,8.14688777923584
2009-08-10,7.753697872161865
2009-08-11,7.848067283630371
2009-08-12,8.233389854431152
2009-08-13,8.437849998474121
2009-08-14,8.131162643432617
2009-08-17,7.730105876922607
2009-08-18,7.966019630432129
2009-08-19,8.17834186553955
2009-08-20,8.56367015838623
2009-08-21,8.838903427124023
2009-08-24,8.886085510253906
2009-08-25,9.153450012207031
2009-08-26,9.63314437866211
2009-08-27,9.42082405090332
2009-08-28,9.593828201293945
2009-08-31,9.326456069946289
2009-09-01,8.736668586730957
2009-09-02,8.461438179016113
2009-09-03,8.697354316711426
2009-09-04,9.043362617492676
2009-09-08,9.184910774230957
2009-09-09,9.318592071533203
2009-09-10,9.5545072555542
2009-09-11,9.609553337097168
2009-09-14,9.5545072555542
2009-09-15,10.02633285522461
2009-09-16,10.726207733154297
2009-09-17,10.356612205505371
2009-09-18,10.301568031311035
2009-09-21,9.947696685791016
2009-09-22,9.939831733703613
2009-09-23,9.758964538574219
2009-09-24,9.271410942077637
2009-09-25,9.059087753295898
2009-09-28,9.129860877990723
2009-09-29,9.129860877990723
2009-09-30,8.886085510253906
2009-10-01,8.170480728149414
2009-10-02,7.895251274108887
2009-10-05,8.076115608215332
2009-10-06,8.351348876953125
2009-10-07,7.94243049621582
2009-10-08,8.705218315124512
2009-10-09,8.697354316711426
2009-10-12,8.736668586730957
2009-10-13,9.255681991577148
2009-10-14,9.342188835144043
2009-10-15,9.23209285736084
2009-10-16,9.019767761230469
2009-10-19,8.79958438873291
2009-10-20,8.595126152038574
2009-10-21,8.303093910217285
2009-10-22,8.966082572937012
2009-10-23,8.421483993530273
2009-10-26,8.105779647827148
2009-10-27,8.232059478759766
2009-10-28,7.545398235321045
2009-10-29,7.86899471282959
2009-10-30,7.632220268249512
2009-11-02,7.490148544311523
2009-11-03,7.821643829345703
2009-11-04,8.19260025024414
2009-11-05,8.16891860961914
2009-11-06,8.666159629821777
2009-11-09,8.942400932312012
2009-11-10,8.83979606628418
2009-11-11,9.313356399536133
2009-11-12,9.021329879760742
2009-11-13,8.97397232055664
2009-11-16,9.060789108276367
2009-11-17,8.950291633605957
2009-11-18,8.942400932312012
2009-11-19,8.666159629821777
2009-11-20,8.239953994750977
2009-11-23,8.19260025024414
2009-11-24,7.829538822174072
2009-11-25,7.876890182495117
2009-11-27,7.655893802642822
2009-11-30,7.576967716217041
2009-12-01,7.742715358734131
2009-12-02,7.695356845855713
2009-12-03,7.37175989151001
2009-12-04,7.442793369293213
2009-12-07,7.127087593078613
2009-12-08,7.032374382019043
2009-12-09,6.977125644683838
2009-12-10,6.835057735443115
2009-12-11,6.953448295593262
2009-12-14,7.269154071807861
2009-12-15,7.166551113128662
2009-12-16,7.529613494873047
2009-12-17,7.395435810089111
2009-12-18,7.395435810089111
2009-12-21,7.750610828399658
2009-12-22,8.066311836242676
2009-12-23,8.011066436767578
2009-12-24,8.097886085510254
2009-12-28,7.876890182495117
2009-12-29,7.790071487426758
2009-12-30,7.813750743865967
2009-12-31,7.766390800476074
2010-01-04,7.86110258102417
2010-01-05,8.184704780578613
2010-01-06,8.255739212036133
2010-01-07,9.542242050170898
2010-01-08,9.873736381530762
2010-01-11,10.134196281433105
2010-01-12,9.960553169250488
2010-01-13,10.063161849975586
2010-01-14,10.173654556274414
2010-01-15,9.90530776977539
2010-01-19,10.134196281433105
2010-01-20,9.786918640136719
2010-01-21,9.337035179138184
2010-01-22,9.059856414794922
2010-01-25,8.988579750061035
2010-01-26,8.925222396850586
2010-01-27,9.265762329101562
2010-01-28,9.535022735595703
2010-01-29,9.653814315795898
2010-02-01,9.542940139770508
2010-02-02,10.358647346496582
2010-02-03,10.192336082458496
2010-02-04,9.542940139770508
2010-02-05,9.059856414794922
2010-02-08,9.535022735595703
2010-02-09,9.685491561889648
2010-02-10,9.685491561889648
2010-02-11,10.715019226074219
2010-02-12,10.659585952758789
2010-02-16,10.984277725219727
2010-02-17,10.92884635925293
2010-02-18,10.786295890808105
2010-02-19,10.96052074432373
2010-02-22,10.817974090576172
2010-02-23,10.239851951599121
2010-02-24,10.247772216796875
2010-02-25,10.239851951599121
2010-02-26,10.33488655090332
2010-03-01,10.477437973022461
2010-03-02,10.477437973022461
2010-03-03,10.627904891967773
2010-03-04,10.55663013458252
2010-03-05,10.849647521972656
2010-03-08,10.984277725219727
2010-03-09,11.008035659790039
2010-03-10,10.817974090576172
2010-03-11,10.612069129943848
2010-03-12,10.445758819580078
2010-03-15,10.216094970703125
2010-03-16,10.651664733886719
2010-03-17,10.59622573852539
2010-03-18,10.612069129943848
2010-03-19,10.319043159484863
2010-03-22,10.374484062194824
2010-03-23,10.92884635925293
2010-03-24,11.2852201461792
2010-03-25,11.617836952209473
2010-03-26,11.752470970153809
2010-03-29,11.697030067443848
2010-03-30,11.56240177154541
2010-03-31,11.047638893127441
2010-04-01,11.023880004882812
2010-04-05,11.35649585723877
2010-04-06,11.182270050048828
2010-04-07,11.522802352905273
2010-04-08,11.182270050048828
2010-04-09,11.380253791809082
2010-04-12,11.166427612304688
2010-04-13,11.261462211608887
2010-04-14,11.958375930786133
2010-04-15,11.609920501708984
2010-04-16,11.174344062805176
2010-04-19,11.182270050048828
2010-04-20,11.81582260131836
2010-04-21,12.16427993774414
2010-04-22,12.948304176330566
2010-04-23,13.39179515838623
2010-04-26,13.162128448486328
2010-04-27,12.28306770324707
2010-04-28,12.52857494354248
2010-04-29,13.241324424743652
2010-04-30,13.067096710205078
2010-05-03,13.559293746948242
2010-05-04,12.892447471618652
2010-05-05,12.487569808959961
2010-05-06,11.955681800842285
2010-05-07,11.296767234802246
2010-05-10,12.741612434387207
2010-05-11,12.559026718139648
2010-05-12,12.574896812438965
2010-05-13,12.281166076660156
2010-05-14,12.122390747070312
2010-05-17,12.090635299682617
2010-05-18,11.955681800842285
2010-05-19,11.876290321350098
2010-05-20,11.376154899597168
2010-05-21,11.376154899597168
2010-05-24,11.280891418457031
2010-05-25,11.17768669128418
2010-05-26,11.296767234802246
2010-05-27,11.542865753173828
2010-05-28,11.352334976196289
2010-06-01,10.701362609863281
2010-06-02,10.788691520690918
2010-06-03,10.621977806091309
2010-06-04,9.939249038696289
2010-06-07,9.494683265686035
2010-06-08,9.462932586669922
2010-06-09,9.2803373336792
2010-06-10,10.04245376586914
2010-06-11,10.034517288208008
2010-06-14,9.693147659301758
2010-06-15,10.058330535888672
2010-06-16,10.050393104553223
2010-06-17,9.99482250213623
2010-06-18,9.589949607849121
2010-06-21,9.439112663269043
2010-06-22,9.20888900756836
2010-06-23,9.534378051757812
2010-06-24,9.343847274780273
2010-06-25,9.391478538513184
2010-06-28,9.288275718688965
2010-06-29,9.010419845581055
2010-06-30,8.994544982910156
2010-07-01,8.91515827178955
2010-07-02,9.11362361907959
2010-07-06,8.71668815612793
2010-07-07,9.050117492675781
2010-07-08,8.978665351867676
2010-07-09,9.264463424682617
2010-07-12,9.407357215881348
2010-07-13,9.716965675354004
2010-07-14,9.2803373336792
2010-07-15,9.61376667022705
2010-07-16,9.03424072265625
2010-07-19,8.866939544677734
2010-07-20,9.48834228515625
2010-07-21,9.2015380859375
2010-07-22,9.504276275634766
2010-07-23,9.65564250946045
2010-07-26,9.910575866699219
2010-07-27,9.65564250946045
2010-07-28,9.376805305480957
2010-07-29,9.560040473937988
2010-07-30,10.077877044677734
2010-08-02,9.942445755004883
2010-08-03,9.631742477416992
2010-08-04,9.416640281677246
2010-08-05,9.376805305480957
2010-08-06,9.20950698852539
2010-08-09,9.400702476501465
2010-08-10,8.94660472869873
2010-08-11,8.643868446350098
2010-08-12,8.556236267089844
2010-08-13,8.50843620300293
2010-08-16,8.333171844482422
2010-08-17,8.468603134155273
2010-08-18,8.612004280090332
2010-08-19,8.197731971740723
2010-08-20,8.086197853088379
2010-08-23,7.9906005859375
2010-08-24,8.149933815002441
2010-08-25,8.46063232421875
2010-08-26,8.261466979980469
2010-08-27,8.468603134155273
2010-08-30,8.32519817352295
2010-08-31,8.428766250610352
2010-09-01,8.7315092086792
2010-09-02,8.835071563720703
2010-09-03,9.090005874633789
2010-09-07,8.866939544677734
2010-09-08,8.994403839111328
2010-09-09,9.161707878112793
2010-09-10,9.217469215393066
2010-09-13,9.448506355285645
2010-09-14,9.321038246154785
2010-09-15,9.153741836547852
2010-09-16,8.87490463256836
2010-09-17,8.92270278930664
2010-09-20,9.607836723327637
2010-09-21,9.568009376525879
2010-09-22,9.20950698852539
2010-09-23,9.074073791503906
2010-09-24,9.512238502502441
2010-09-27,9.65564250946045
2010-09-28,9.830906867980957
2010-09-29,9.631742477416992
2010-09-30,9.814973831176758
2010-10-01,9.902605056762695
2010-10-04,9.830906867980957
2010-10-05,9.974308967590332
2010-10-06,9.743273735046387
2010-10-07,9.695472717285156
2010-10-08,10.157546043395996
2010-10-11,10.300941467285156
2010-10-12,10.388846397399902
2010-10-13,10.133123397827148
2010-10-14,10.46876049041748
2010-10-15,9.941327095031738
2010-10-18,9.757526397705078
2010-10-19,9.509791374206543
2010-10-20,9.29401969909668
2010-10-21,9.533764839172363
2010-10-22,9.573722839355469
2010-10-25,9.733550071716309
2010-10-26,9.661624908447266
2010-10-27,9.637653350830078
2010-10-28,9.469832420349121
2010-10-29,9.525777816772461
2010-11-01,9.54175853729248
2010-11-02,10.46876049041748
2010-11-03,10.133123397827148
2010-11-04,10.46876049041748
2010-11-05,10.55666732788086
2010-11-08,10.7324800491333
2010-11-09,10.668546676635742
2010-11-10,10.764444351196289
2010-11-11,10.796412467956543
2010-11-12,10.524703025817871
2010-11-15,10.388846397399902
2010-11-16,10.348891258239746
2010-11-17,10.00525951385498
2010-11-18,10.157094955444336
2010-11-19,10.09316635131836
2010-11-22,9.90137004852295
2010-11-23,9.637653350830078
2010-11-24,9.877398490905762
2010-11-26,9.749539375305176
2010-11-29,9.6856050491333
2010-11-30,9.909361839294434
2010-12-01,10.388846397399902
2010-12-02,11.068119049072266
2010-12-03,11.387774467468262
2010-12-06,11.49965763092041
2010-12-07,11.619525909423828
2010-12-08,11.659485816955566
2010-12-09,11.731407165527344
2010-12-10,11.82730484008789
2010-12-13,11.715423583984375
2010-12-14,11.387774467468262
2010-12-15,11.108078002929688
2010-12-16,11.164017677307129
2010-12-17,11.355810165405273
2010-12-20,11.947175979614258
2010-12-21,12.083028793334961
2010-12-22,12.482603073120117
2010-12-23,11.971151351928711
2010-12-27,12.282815933227539
2010-12-28,12.1229887008667
2010-12-29,12.226874351501465
2010-12-30,12.266831398010254
2010-12-31,12.44264030456543
2011-01-03,12.594481468200684
2011-01-04,12.067049980163574
2011-01-05,12.514566421508789
2011-01-06,12.546530723571777
2011-01-07,12.770295143127441
2011-01-10,12.338757514953613
2011-01-11,13.249776840209961
2011-01-12,13.521486282348633
2011-01-13,13.345677375793457
2011-01-14,13.705286979675293
2011-01-18,13.609393119812012
2011-01-19,13.097941398620605
2011-01-20,13.05798625946045
2011-01-21,12.945832252502441
2011-01-24,13.041961669921875
2011-01-25,13.009912490844727
2011-01-26,13.42648983001709
2011-01-27,13.378426551818848
2011-01-28,13.025938034057617
2011-01-31,12.713508605957031
2011-02-01,13.226214408874512
2011-02-02,13.017930030822754
2011-02-03,13.033951759338379
2011-02-04,12.857708930969238
2011-02-07,12.953838348388672
2011-02-08,13.474557876586914
2011-02-09,13.666816711425781
2011-02-10,13.546656608581543
2011-02-11,13.63477897644043
2011-02-14,13.370412826538086
2011-02-15,13.234228134155273
2011-02-16,13.498590469360352
2011-02-17,13.827041625976562
2011-02-18,13.642790794372559
2011-02-22,12.985880851745605
2011-02-23,12.881742477416992
2011-02-24,12.985880851745605
2011-02-25,13.250245094299316
2011-02-28,13.146102905273438
2011-03-01,12.897762298583984
2011-03-02,13.146102905273438
2011-03-03,13.290304183959961
2011-03-04,12.881742477416992
2011-03-07,12.657428741455078
2011-03-08,13.146102905273438
2011-03-09,13.258260726928711
2011-03-10,12.897762298583984
2011-03-11,12.889753341674805
2011-03-14,12.601357460021973
2011-03-15,12.809640884399414
2011-03-16,12.465166091918945
2011-03-17,12.489202499389648
2011-03-18,12.713508605957031
2011-03-21,12.769583702087402
2011-03-22,12.561300277709961
2011-03-23,12.609365463256836
2011-03-24,12.681464195251465
2011-03-25,12.889753341674805
2011-03-28,12.67345142364502
2011-03-29,12.264890670776367
2011-03-30,11.728155136108398
2011-03-31,11.752182006835938
2011-04-01,11.864339828491211
2011-04-04,11.736163139343262
2011-04-05,11.832292556762695
2011-04-06,11.824284553527832
2011-04-07,11.896382331848145
2011-04-08,11.880363464355469
2011-04-11,11.680087089538574
2011-04-12,11.69610595703125
2011-04-13,11.607988357543945
2011-04-14,11.648039817810059
2011-04-15,11.81627368927002
2011-04-18,11.720141410827637
2011-04-19,11.912406921386719
2011-04-20,12.120691299438477
2011-04-21,12.000528335571289
2011-04-25,12.225436210632324
2011-04-26,12.225436210632324
2011-04-27,12.257567405700684
2011-04-28,12.201338768005371
2011-04-29,12.257567405700684
2011-05-02,11.775613784790039
2011-05-03,11.855941772460938
2011-05-04,11.928232192993164
2011-05-05,12.080853462219238
2011-05-06,12.016593933105469
2011-05-09,11.807748794555664
2011-05-10,11.944297790527344
2011-05-11,11.64709758758545
2011-05-12,11.438255310058594
2011-05-13,11.365959167480469
2011-05-16,11.422186851501465
2011-05-17,11.301703453063965
2011-05-18,11.55873966217041
2011-05-19,11.582837104797363
2011-05-20,11.614965438842773
2011-05-23,11.55070686340332
2011-05-24,11.542675018310547
2011-05-25,11.695291519165039
2011-05-26,11.984460830688477
2011-05-27,12.193303108215332
2011-05-31,12.257567405700684
2011-06-01,12.040687561035156
2011-06-02,11.767585754394531
2011-06-03,11.631034851074219
2011-06-06,11.269576072692871
2011-06-07,10.988436698913574
2011-06-08,10.699265480041504
2011-06-09,10.884012222290039
2011-06-10,10.739425659179688
2011-06-13,10.924173355102539
2011-06-14,11.189242362976074
2011-06-15,10.9402437210083
2011-06-16,11.20531177520752
2011-06-17,11.333828926086426
2011-06-20,11.470383644104004
2011-06-21,11.62299919128418
2011-06-22,11.84791374206543
2011-06-23,12.080853462219238
2011-06-24,11.783648490905762
2011-06-27,11.920206069946289
2011-06-28,11.944297790527344
2011-06-29,11.960363388061523
2011-06-30,11.791686058044434
2011-07-01,12.129051208496094
2011-07-05,11.959916114807129
2011-07-06,12.032404899597168
2011-07-07,12.3384428024292
2011-07-08,12.209588050842285
2011-07-11,11.831056594848633
2011-07-12,11.782733917236328
2011-07-13,11.718302726745605
2011-07-14,11.597495079040527
2011-07-15,11.597495079040527
2011-07-18,11.251182556152344
2011-07-19,11.927699089050293
2011-07-20,11.911595344543457
2011-07-21,12.008237838745117
2011-07-22,11.967968940734863
2011-07-25,11.806892395019531
2011-07-26,11.56528091430664
2011-07-27,11.162586212158203
2011-07-28,11.210911750793457
2011-07-29,11.355877876281738
2011-08-01,11.194803237915039
2011-08-02,10.77600383758545
2011-08-03,10.743791580200195
2011-08-04,9.954520225524902
2011-08-05,9.696792602539062
2011-08-08,8.875303268432617
2011-08-09,9.108865737915039
2011-08-10,8.29543399810791
2011-08-11,8.665907859802246
2011-08-12,8.657853126525879
2011-08-15,9.124975204467773
2011-08-16,9.100812911987305
2011-08-17,8.883358001708984
2011-08-18,8.14240837097168
2011-08-19,7.731661319732666
2011-08-22,7.7155585289001465
2011-08-23,7.6189117431640625
2011-08-24,7.933009147644043
2011-08-25,8.166569709777832
2011-08-26,8.214893341064453
2011-08-29,8.730337142944336
2011-08-30,8.907519340515137
2011-08-31,9.076651573181152
2011-09-01,8.899466514587402
2011-09-02,8.448452949523926
2011-09-06,8.367912292480469
2011-09-07,8.73838996887207
2011-09-08,8.504828453063965
2011-09-09,8.102137565612793
2011-09-12,8.077977180480957
2011-09-13,8.02159595489502
2011-09-14,8.335699081420898
2011-09-15,8.359859466552734
2011-09-16,8.303484916687012
2011-09-19,8.81087875366211
2011-09-20,8.617583274841309
2011-09-21,8.480667114257812
2011-09-22,7.95716667175293
2011-09-23,8.061870574951172
2011-09-26,8.392074584960938
2011-09-27,8.29543399810791
2011-09-28,8.037711143493652
2011-09-29,8.577314376831055
2011-09-30,8.230998992919922
2011-10-03,7.667231559753418
2011-10-04,7.763879299163818
2011-10-05,8.166569709777832
2011-10-06,8.392074584960938
2011-10-07,8.375971794128418
2011-10-10,8.851140975952148
2011-10-11,8.899466514587402
2011-10-12,9.165240287780762
2011-10-13,9.092757225036621
2011-10-14,9.229670524597168
2011-10-17,8.84981918334961
2011-10-18,9.738839149475098
2011-10-19,9.536791801452637
2011-10-20,9.795414924621582
2011-10-21,10.304580688476562
2011-10-24,10.555123329162598
2011-10-25,9.876233100891113
2011-10-26,10.159106254577637
2011-10-27,10.644025802612305
2011-10-28,10.522796630859375
2011-10-31,10.288418769836426
2011-11-01,9.593362808227539
2011-11-02,10.021712303161621
2011-11-03,10.248011589050293
2011-11-04,10.377323150634766
2011-11-07,10.7086820602417
2011-11-08,11.128949165344238
2011-11-09,10.514714241027832
2011-11-10,10.837993621826172
2011-11-11,11.088537216186523
2011-11-14,10.975390434265137
2011-11-15,11.137031555175781
2011-11-16,11.306754112243652
2011-11-17,11.137031555175781
2011-11-18,10.797586441040039
2011-11-21,10.595534324645996
2011-11-22,10.417732238769531
2011-11-23,10.126771926879883
2011-11-25,10.134860038757324
2011-11-28,10.328825950622559
2011-11-29,10.417732238769531
2011-11-30,11.355247497558594
2011-12-01,11.250177383422852
2011-12-02,11.339083671569824
2011-12-05,11.888659477233887
2011-12-06,11.969483375549316
2011-12-07,12.203859329223633
2011-12-08,11.840167045593262
2011-12-09,12.341251373291016
2011-12-12,12.10687255859375
2011-12-13,11.888659477233887
2011-12-14,11.549214363098145
2011-12-15,11.694689750671387
2011-12-16,11.953313827514648
2011-12-19,11.807838439941406
2011-12-20,12.624123573303223
2011-12-21,12.640289306640625
2011-12-22,12.510973930358887
2011-12-23,12.381661415100098
2011-12-27,12.349335670471191
2011-12-28,12.131118774414062
2011-12-29,12.430152893066406
2011-12-30,12.591796875
2012-01-03,12.737274169921875
2012-01-04,12.915075302124023
2012-01-05,13.214112281799316
2012-01-06,12.947407722473145
2012-01-09,13.109045028686523
2012-01-10,13.133293151855469
2012-01-11,14.030394554138184
2012-01-12,14.297101020812988
2012-01-13,14.183953285217285
2012-01-17,14.329431533813477
2012-01-18,14.927496910095215
2012-01-19,14.798189163208008
2012-01-20,14.466828346252441
2012-01-23,14.192037582397461
2012-01-24,14.394086837768555
2012-01-25,14.766693115234375
2012-01-26,14.42648696899414
2012-01-27,14.556087493896484
2012-01-30,14.458887100219727
2012-01-31,13.940473556518555
2012-02-01,14.280681610107422
2012-02-02,14.232086181640625
2012-02-03,15.374211311340332
2012-02-06,14.847702026367188
2012-02-07,14.799098014831543
2012-02-08,15.187907218933105
2012-02-09,15.4066162109375
2012-02-10,15.082605361938477
2012-02-13,15.568617820739746
2012-02-14,15.536216735839844
2012-02-15,15.317510604858398
2012-02-16,15.236505508422852
2012-02-17,15.106901168823242
2012-02-21,14.60468864440918
2012-02-22,14.353585243225098
2012-02-23,14.693792343139648
2012-02-24,14.564191818237305
2012-02-27,14.872000694274902
2012-02-28,14.742398262023926
2012-02-29,15.163610458374023
2012-03-01,15.147407531738281
2012-03-02,14.936798095703125
2012-03-05,14.863900184631348
2012-03-06,14.612788200378418
2012-03-07,15.479515075683594
2012-03-08,16.18423843383789
2012-03-09,16.848451614379883
2012-03-12,16.953763961791992
2012-03-13,17.682769775390625
2012-03-14,17.42357635498047
2012-03-15,17.739477157592773
2012-03-16,17.561275482177734
2012-03-19,17.577468872070312
2012-03-20,17.585567474365234
2012-03-21,17.65036964416504
2012-03-22,17.39116668701172
2012-03-23,17.20486068725586
2012-03-26,17.447856903076172
2012-03-27,18.322696685791016
2012-03-28,18.37939453125
2012-03-29,18.031084060668945
2012-03-30,18.103994369506836
2012-04-02,17.723278045654297
2012-04-03,17.84478187561035
2012-04-04,17.771875381469727
2012-04-05,17.455970764160156
2012-04-09,17.512670516967773
2012-04-10,16.200437545776367
2012-04-11,16.969951629638672
2012-04-12,17.464067459106445
2012-04-13,17.20486068725586
2012-04-16,17.05906105041504
2012-04-17,17.002355575561523
2012-04-18,16.783649444580078
2012-04-19,16.354331970214844
2012-04-20,16.840349197387695
2012-04-23,16.288475036621094
2012-04-24,16.531957626342773
2012-04-25,16.978322982788086
2012-04-26,18.082063674926758
2012-04-27,18.771921157836914
2012-04-30,18.36612892150879
2012-05-01,18.739444732666016
2012-05-02,19.145244598388672
2012-05-03,18.771921157836914
2012-05-04,18.52843475341797
2012-05-07,18.633947372436523
2012-05-08,18.28497314453125
2012-05-09,18.85308074951172
2012-05-10,18.479755401611328
2012-05-11,18.593372344970703
2012-05-14,18.58525276184082
2012-05-15,18.999160766601562
2012-05-16,19.04785919189453
2012-05-17,17.294837951660156
2012-05-18,16.889039993286133
2012-05-21,17.375988006591797
2012-05-22,17.78179359436035
2012-05-23,18.31743812561035
2012-05-24,18.163232803344727
2012-05-25,18.05772590637207
2012-05-29,18.5122127532959
2012-05-30,17.24614143371582
2012-05-31,17.50584602355957
2012-06-01,15.842106819152832
2012-06-04,14.851970672607422
2012-06-05,15.980077743530273
2012-06-06,16.67803955078125
2012-06-07,16.580646514892578
2012-06-08,16.913394927978516
2012-06-11,16.036876678466797
2012-06-12,16.101816177368164
2012-06-13,15.501239776611328
2012-06-14,16.045005798339844
2012-06-15,16.18296241760254
2012-06-18,16.90528106689453
2012-06-19,16.97019386291504
2012-06-20,16.92962646484375
2012-06-21,16.32905387878418
2012-06-22,16.572526931762695
2012-06-25,16.702377319335938
2012-06-26,17.148754119873047
2012-06-27,18.01714515686035
2012-06-28,18.398591995239258
2012-06-29,19.502338409423828
2012-07-02,19.83509635925293
2012-07-03,19.786399841308594
2012-07-05,19.948715209960938
2012-07-06,20.08668327331543
2012-07-09,19.964750289916992
2012-07-10,19.403854370117188
2012-07-11,18.932369232177734
2012-07-12,19.501399993896484
2012-07-13,19.477006912231445
2012-07-16,19.688365936279297
2012-07-17,19.485139846801758
2012-07-18,19.1112003326416
2012-07-19,19.046178817749023
2012-07-20,19.460750579833984
2012-07-23,19.525779724121094
2012-07-24,19.127464294433594
2012-07-25,18.379600524902344
2012-07-26,19.14373016357422
2012-07-27,19.168109893798828
2012-07-30,18.688499450683594
2012-07-31,18.452756881713867
2012-08-01,18.29831314086914
2012-08-02,18.664113998413086
2012-08-03,19.159982681274414
2012-08-06,18.794174194335938
2012-08-07,19.322555541992188
2012-08-08,19.647716522216797
2012-08-09,20.330551147460938
2012-08-10,20.298036575317383
2012-08-13,20.20048713684082
2012-08-14,20.28177833557129
2012-08-15,20.395587921142578
2012-08-16,21.06215476989746
2012-08-17,21.289762496948242
2012-08-20,20.74512481689453
2012-08-21,20.21674919128418
2012-08-22,20.93209457397461
2012-08-23,20.728872299194336
2012-08-24,21.135326385498047
2012-08-27,20.712615966796875
2012-08-28,20.915836334228516
2012-08-29,20.875194549560547
2012-08-30,20.8264217376709
2012-08-31,21.029651641845703
2012-09-04,21.06215476989746
2012-09-05,21.135326385498047
2012-09-06,21.87505531311035
2012-09-07,21.761247634887695
2012-09-10,21.257259368896484
2012-09-11,21.184093475341797
2012-09-12,22.19208526611328
2012-09-13,22.663570404052734
2012-09-14,23.338268280029297
2012-09-17,23.07813835144043
2012-09-18,22.76111602783203
2012-09-19,23.2000732421875
2012-09-20,23.525243759155273
2012-09-21,23.899173736572266
2012-09-24,23.435821533203125
2012-09-25,23.102529525756836
2012-09-26,21.931968688964844
2012-09-27,22.1839599609375
2012-09-28,21.899442672729492
2012-10-01,21.582420349121094
2012-10-02,21.980735778808594
2012-10-03,23.508974075317383
2012-10-04,23.63091468811035
2012-10-05,23.858524322509766
2012-10-08,23.7203369140625
2012-10-09,23.135046005249023
2012-10-10,23.07001304626465
2012-10-11,22.312955856323242
2012-10-12,22.361797332763672
2012-10-15,23.175844192504883
2012-10-16,23.28980255126953
2012-10-17,23.786375045776367
2012-10-18,24.152698516845703
2012-10-19,24.24224090576172
2012-10-22,23.90848159790039
2012-10-23,23.477039337158203
2012-10-24,23.75381088256836
2012-10-25,23.18398666381836
2012-10-26,22.90720558166504
2012-10-31,23.102575302124023
2012-11-01,24.20968246459961
2012-11-02,23.46076011657715
2012-11-05,24.96674156188965
2012-11-06,25.284215927124023
2012-11-07,25.390037536621094
2012-11-08,24.96674156188965
2012-11-09,24.72252655029297
2012-11-12,23.61541748046875
2012-11-13,23.44447135925293
2012-11-14,22.68741226196289
2012-11-15,22.50832176208496
2012-11-16,23.41192054748535
2012-11-19,23.737524032592773
2012-11-20,24.608562469482422
2012-11-21,24.795787811279297
2012-11-23,25.05628204345703
2012-11-26,24.958600997924805
2012-11-27,24.9016170501709
2012-11-28,24.81206703186035
2012-11-29,24.803936004638672
2012-11-30,24.763225555419922
2012-12-03,24.551578521728516
2012-12-04,24.54343605041504
2012-12-05,23.72939109802246
2012-12-06,23.558448791503906
2012-12-07,23.835220336914062
2012-12-10,23.74567222595215
2012-12-11,23.582853317260742
2012-12-12,24.57599449157715
2012-12-13,23.98987579345703
2012-12-14,23.981746673583984
2012-12-17,24.98302459716797
2012-12-18,25.65867805480957
2012-12-19,25.398178100585938
2012-12-20,25.333066940307617
2012-12-21,24.70623779296875
2012-12-24,24.68183135986328
2012-12-26,24.42132568359375
2012-12-27,24.405048370361328
2012-12-28,24.0712890625
2012-12-31,24.860904693603516
2013-01-02,25.707521438598633
2013-01-03,25.77263832092285
2013-01-04,26.179662704467773
2013-01-07,27.026269912719727
2013-01-08,26.936723709106445
2013-01-09,27.189075469970703
2013-01-10,27.042543411254883
2013-01-11,26.839040756225586
2013-01-14,26.871601104736328
2013-01-15,26.871601104736328
2013-01-16,26.814620971679688
2013-01-17,27.750770568847656
2013-01-18,27.726348876953125
2013-01-22,27.628665924072266
2013-01-23,27.938005447387695
2013-01-24,27.8647403717041
2013-01-25,28.361310958862305
2013-01-28,27.40887451171875
2013-01-29,27.750770568847656
2013-01-30,26.952072143554688
2013-01-31,26.93577003479004
2013-02-01,26.463069915771484
2013-02-04,26.120771408081055
2013-02-05,26.2022705078125
2013-02-06,25.965917587280273
2013-02-07,25.623620986938477
2013-02-08,25.501367568969727
2013-02-11,25.00421714782715
2013-02-12,26.0637264251709
2013-02-13,26.055574417114258
2013-02-14,25.884422302246094
2013-02-15,25.533973693847656
2013-02-19,25.36282730102539
2013-02-20,23.4312686920166
2013-02-21,23.798011779785156
2013-02-22,23.871368408203125
2013-02-25,23.162315368652344
2013-02-26,24.03436851501465
2013-02-27,24.60486602783203
2013-02-28,24.303316116333008
2013-03-01,24.417417526245117
2013-03-04,25.232419967651367
2013-03-05,25.85997200012207
2013-03-06,26.348968505859375
2013-03-07,26.283777236938477
2013-03-08,26.54456901550293
2013-03-11,26.552715301513672
2013-03-12,26.031118392944336
2013-03-13,26.055574417114258
2013-03-14,26.691267013549805
2013-03-15,26.397865295410156
2013-03-18,26.32451820373535
2013-03-19,26.0637264251709
2013-03-20,27.4166202545166
2013-03-21,26.723873138427734
2013-03-22,26.454914093017578
2013-03-25,26.23487091064453
2013-03-26,26.29192543029785
2013-03-27,26.552715301513672
2013-03-28,26.29192543029785
2013-04-01,25.786623001098633
2013-04-02,25.3383731842041
2013-04-03,24.5070743560791
2013-04-04,24.498905181884766
2013-04-05,24.80047035217285
2013-04-08,25.574718475341797
2013-04-09,25.06941032409668
2013-04-10,25.020517349243164
2013-04-11,24.645618438720703
2013-04-12,25.66436195373535
2013-04-15,23.740964889526367
2013-04-16,24.319618225097656
2013-04-17,24.22996711730957
2013-04-18,23.480165481567383
2013-04-19,24.311473846435547
2013-04-22,24.58893585205078
2013-04-23,26.245609283447266
2013-04-24,26.1966495513916
2013-04-25,26.751596450805664
2013-04-26,27.143325805664062
2013-04-29,26.694467544555664
2013-04-30,26.612857818603516
2013-05-01,26.261934280395508
2013-05-02,27.029062271118164
2013-05-03,26.99641990661621
2013-05-06,27.233091354370117
2013-05-07,27.27389144897461
2013-05-08,27.135156631469727
2013-05-09,27.216766357421875
2013-05-10,27.363662719726562
2013-05-13,27.69010353088379
2013-05-14,28.187929153442383
2013-05-15,28.008380889892578
2013-05-16,27.469757080078125
2013-05-17,28.089981079101562
2013-05-20,27.72274398803711
2013-05-21,27.388145446777344
2013-05-22,27.19228744506836
2013-05-23,27.902284622192383
2013-05-24,27.608491897583008
2013-05-28,27.224931716918945
2013-05-29,25.943655014038086
2013-05-30,25.715145111083984
2013-05-31,25.20917320251465
2013-06-03,25.094921112060547
2013-06-04,24.238025665283203
2013-06-05,23.82181167602539
2013-06-06,24.376760482788086
2013-06-07,24.38491439819336
2013-06-10,23.723875045776367
2013-06-11,23.381118774414062
2013-06-12,23.266857147216797
2013-06-13,24.531808853149414
2013-06-14,24.76848602294922
2013-06-17,25.0133113861084
2013-06-18,25.07859992980957
2013-06-19,24.213537216186523
2013-06-20,22.34467887878418
2013-06-21,22.589502334594727
2013-06-24,22.369159698486328
2013-06-25,22.62214469909668
2013-06-26,22.97307014465332
2013-06-27,23.903417587280273
2013-06-28,23.136289596557617
2013-07-01,22.695602416992188
2013-07-02,22.548709869384766
2013-07-03,22.654794692993164
2013-07-05,21.846864700317383
2013-07-08,21.34012794494629
2013-07-09,22.508892059326172
2013-07-10,22.320903778076172
2013-07-11,24.012746810913086
2013-07-12,23.751205444335938
2013-07-15,23.154563903808594
2013-07-16,23.08918571472168
2013-07-17,23.219953536987305
2013-07-18,22.770435333251953
2013-07-19,23.040143966674805
2013-07-22,22.680524826049805
2013-07-23,23.13003921508789
2013-07-24,22.17378044128418
2013-07-25,22.051191329956055
2013-07-26,22.01032257080078
2013-07-29,21.895898818969727
2013-07-30,21.92859649658203
2013-07-31,22.271865844726562
2013-08-01,22.53340721130371
2013-08-02,22.89302635192871
2013-08-05,22.598787307739258
2013-08-06,22.304553985595703
2013-08-07,21.61801528930664
2013-08-08,21.650705337524414
2013-08-09,21.797822952270508
2013-08-12,21.773303985595703
2013-08-13,21.30742835998535
2013-08-14,21.152143478393555
2013-08-15,21.740610122680664
2013-08-16,21.91225242614746
2013-08-19,21.03771209716797
2013-08-20,21.609834671020508
2013-08-21,21.36464500427246
2013-08-22,21.838682174682617
2013-08-23,21.511760711669922
2013-08-26,21.57714080810547
2013-08-27,21.24204444885254
2013-08-28,21.05406951904297
2013-08-29,21.626182556152344
2013-08-30,21.193004608154297
2013-09-03,21.021371841430664
2013-09-04,21.103103637695312
2013-09-05,20.988677978515625
2013-09-06,21.3809871673584
2013-09-09,22.329084396362305
2013-09-10,22.01032257080078
2013-09-11,22.6560001373291
2013-09-12,22.917545318603516
2013-09-13,22.566099166870117
2013-09-16,22.803115844726562
2013-09-17,22.96659278869629
2013-09-18,24.421405792236328
2013-09-19,23.579572677612305
2013-09-20,23.08918571472168
2013-09-23,22.680524826049805
2013-09-24,23.44879913330078
2013-09-25,23.76755142211914
2013-09-26,23.873804092407227
2013-09-27,23.587745666503906
2013-09-30,23.416105270385742
2013-10-01,23.890153884887695
2013-10-02,24.31515884399414
2013-10-03,24.306991577148438
2013-10-04,23.407928466796875
2013-10-07,23.285335540771484
2013-10-08,22.721393585205078
2013-10-09,22.590621948242188
2013-10-10,22.737741470336914
2013-10-11,23.473318099975586
2013-10-14,23.285335540771484
2013-10-15,22.631484985351562
2013-10-16,22.754262924194336
2013-10-17,23.703720092773438
2013-10-18,23.52364730834961
2013-10-21,23.35995101928711
2013-10-22,24.211185455322266
2013-10-23,24.301223754882812
2013-10-24,24.91510009765625
2013-10-25,24.939651489257812
2013-10-28,24.833242416381836
2013-10-29,25.12790298461914
2013-10-30,24.939651489257812
2013-10-31,24.12114715576172
2013-11-01,23.81012535095215
2013-11-04,23.9001522064209
2013-11-05,23.237171173095703
2013-11-06,23.44179916381836
2013-11-07,23.07347297668457
2013-11-08,22.410491943359375
2013-11-11,22.377758026123047
2013-11-12,22.60693359375
2013-11-13,22.754262924194336
2013-11-14,23.122589111328125
2013-11-15,23.188066482543945
2013-11-18,23.368133544921875
2013-11-19,23.261730194091797
2013-11-20,23.40086555480957
2013-11-21,23.949275970458984
2013-11-22,23.679157257080078
2013-11-25,23.49909019470215
2013-11-26,24.53858757019043
2013-11-27,24.44855499267578
2013-11-29,24.276668548583984
2013-12-02,24.243927001953125
2013-12-03,24.211185455322266
2013-12-04,23.801937103271484
2013-12-05,23.507280349731445
2013-12-06,23.818309783935547
2013-12-09,24.088415145874023
2013-12-10,24.366701126098633
2013-12-11,23.990190505981445
2013-12-12,23.89197540283203
2013-12-13,24.211185455322266
2013-12-16,24.15388298034668
2013-12-17,24.383073806762695
2013-12-18,26.20014190673828
2013-12-19,25.840002059936523
2013-12-20,26.08555030822754
2013-12-23,27.14141082763672
2013-12-24,27.125045776367188
2013-12-26,27.346038818359375
2013-12-27,27.5506649017334
2013-12-30,27.63250732421875
2013-12-31,27.599769592285156
2014-01-02,27.46881103515625
2014-01-03,27.27237319946289
2014-01-06,26.830387115478516
2014-01-07,26.89586067199707
2014-01-08,26.93678855895996
2014-01-09,26.904041290283203
2014-01-10,27.30512046813965
2014-01-13,26.748533248901367
2014-01-14,26.593013763427734
2014-01-15,26.44568634033203
2014-01-16,26.535720825195312
2014-01-17,25.627195358276367
2014-01-21,25.569887161254883
2014-01-22,25.619009017944336
2014-01-23,25.856372833251953
2014-01-24,25.054243087768555
2014-01-27,25.021499633789062
2014-01-28,25.8984432220459
2014-01-29,26.193479537963867
2014-01-30,26.1279239654541
2014-01-31,26.832754135131836
2014-02-03,26.1361141204834
2014-02-04,26.472145080566406
2014-02-05,26.209875106811523
2014-02-06,27.758867263793945
2014-02-07,27.63592529296875
2014-02-10,27.242538452148438
2014-02-11,27.439233779907227
2014-02-12,27.111412048339844
2014-02-13,27.61134910583496
2014-02-14,27.775259017944336
2014-02-18,27.644126892089844
2014-02-19,27.373666763305664
2014-02-20,27.750669479370117
2014-02-21,28.07029914855957
2014-02-24,28.226024627685547
2014-02-25,28.471895217895508
2014-02-26,29.471771240234375
2014-02-27,29.906145095825195
2014-02-28,29.684864044189453
2014-03-03,29.50455093383789
2014-03-04,29.406213760375977
2014-03-05,28.93085479736328
2014-03-06,28.75874137878418
2014-03-07,28.234214782714844
2014-03-10,27.717891693115234
2014-03-11,27.758867263793945
2014-03-12,28.02932357788086
2014-03-13,27.61134910583496
2014-03-14,27.242538452148438
2014-03-17,27.332693099975586
2014-03-18,27.66871452331543
2014-03-19,28.119476318359375
2014-03-20,27.13599395751953
2014-03-21,26.242656707763672
2014-03-24,26.636051177978516
2014-03-25,26.496723175048828
2014-03-26,26.38199234008789
2014-03-27,26.48033332824707
2014-03-28,26.70981788635254
2014-03-31,26.75079345703125
2014-04-01,27.217945098876953
2014-04-02,27.537586212158203
2014-04-03,27.619550704956055
2014-04-04,27.45561981201172
2014-04-07,26.865535736083984
2014-04-08,27.168771743774414
2014-04-09,27.26712989807129
2014-04-10,26.963882446289062
2014-04-11,26.685232162475586
2014-04-14,26.832754135131836
2014-04-15,26.545907974243164
2014-04-16,26.758989334106445
2014-04-17,26.439353942871094
2014-04-21,26.3572998046875
2014-04-22,26.669116973876953
2014-04-23,26.39832305908203
2014-04-24,27.243532180786133
2014-04-25,26.52961540222168
2014-04-28,26.70194435119629
2014-04-29,26.710145950317383
2014-04-30,26.685529708862305
2014-05-01,27.079416275024414
2014-05-02,27.563560485839844
2014-05-05,27.11223602294922
2014-05-06,26.742977142333984
2014-05-07,26.751182556152344
2014-05-08,26.718358993530273
2014-05-09,26.546039581298828
2014-05-12,27.284561157226562
2014-05-13,27.71126937866211
2014-05-14,26.907085418701172
2014-05-15,26.677324295043945
2014-05-16,26.800416946411133
2014-05-19,26.546039581298828
2014-05-20,26.447568893432617
2014-05-21,26.52961540222168
2014-05-22,26.92350196838379
2014-05-23,27.858970642089844
2014-05-27,27.8671817779541
2014-05-28,27.69485855102539
2014-05-29,28.039501190185547
2014-05-30,28.28567886352539
2014-06-02,28.14617919921875
2014-06-03,28.08053970336914
2014-06-04,27.93282699584961
2014-06-05,28.384153366088867
2014-06-06,28.876501083374023
2014-06-09,28.92574119567871
2014-06-10,28.851886749267578
2014-06-11,28.326711654663086
2014-06-12,27.916418075561523
2014-06-13,27.88359260559082
2014-06-16,28.088741302490234
2014-06-17,28.449790954589844
2014-06-18,28.540063858032227
2014-06-19,28.269264221191406
2014-06-20,28.203630447387695
2014-06-23,28.00667953491211
2014-06-24,28.44159507751465
2014-06-25,28.81906509399414
2014-06-26,28.613916397094727
2014-06-27,28.851886749267578
2014-06-30,29.155513763427734
2014-07-01,29.508358001708984
2014-07-02,28.942163467407227
2014-07-03,28.95035743713379
2014-07-07,28.392364501953125
2014-07-08,28.178752899169922
2014-07-09,28.26091194152832
2014-07-10,28.014450073242188
2014-07-11,27.74334144592285
2014-07-14,27.52151870727539
2014-07-15,27.529743194580078
2014-07-16,27.940509796142578
2014-07-17,27.05324935913086
2014-07-18,27.17647933959961
2014-07-21,26.979307174682617
2014-07-22,27.52151870727539
2014-07-23,27.74334144592285
2014-07-24,26.95466423034668
2014-07-25,26.55211067199707
2014-07-28,26.067401885986328
2014-07-29,25.919523239135742
2014-07-30,25.62377166748047
2014-07-31,25.139068603515625
2014-08-01,25.040483474731445
2014-08-04,25.204790115356445
2014-08-05,25.01582145690918
2014-08-06,24.851533889770508
2014-08-07,24.88439178466797
2014-08-08,25.01582145690918
2014-08-11,25.097993850708008
2014-08-12,24.90903663635254
2014-08-13,24.867952346801758
2014-08-14,25.163715362548828
2014-08-15,24.88439178466797
2014-08-18,25.278728485107422
2014-08-19,25.968814849853516
2014-08-20,26.034542083740234
2014-08-21,26.141340255737305
2014-08-22,26.108484268188477
2014-08-25,26.05919075012207
2014-08-26,26.116695404052734
2014-08-27,26.108484268188477
2014-08-28,25.968814849853516
2014-08-29,26.075613021850586
2014-09-02,26.009891510009766
2014-09-03,25.72235679626465
2014-09-04,26.092050552368164
2014-09-05,26.272785186767578
2014-09-08,26.412450790405273
2014-09-09,26.3631534576416
2014-09-10,26.494600296020508
2014-09-11,26.708200454711914
2014-09-12,26.25635528564453
2014-09-15,26.4453125
2014-09-16,26.511035919189453
2014-09-17,28.17053985595703
2014-09-18,28.145891189575195
2014-09-19,27.735124588012695
2014-09-22,26.88894271850586
2014-09-23,27.151832580566406
2014-09-24,27.028600692749023
2014-09-25,26.691762924194336
2014-09-26,26.88894271850586
2014-09-29,26.617830276489258
2014-09-30,26.29743194580078
2014-10-01,26.034542083740234
2014-10-02,26.28922462463379
2014-10-03,26.880725860595703
2014-10-06,27.332576751708984
2014-10-07,27.05324935913086
2014-10-08,27.60367774963379
2014-10-09,27.077896118164062
2014-10-10,26.24814224243164
2014-10-13,25.60733985900879
2014-10-14,25.927745819091797
2014-10-15,26.676284790039062
2014-10-16,26.676284790039062
2014-10-17,28.00064468383789
2014-10-20,28.921937942504883
2014-10-21,28.921937942504883
2014-10-22,28.81499671936035
2014-10-23,29.102901458740234
2014-10-24,29.283872604370117
2014-10-27,29.34145164489746
2014-10-28,29.35790252685547
2014-10-29,29.119359970092773
2014-10-30,28.963062286376953
2014-10-31,28.88080596923828
2014-11-03,29.078231811523438
2014-11-04,28.436614990234375
2014-11-05,28.239194869995117
2014-11-06,29.102901458740234
2014-11-07,29.51419448852539
2014-11-10,30.07353973388672
2014-11-11,30.887907028198242
2014-11-12,30.344999313354492
2014-11-13,30.164051055908203
2014-11-14,30.22984504699707
2014-11-17,30.032411575317383
2014-11-18,30.106454849243164
2014-11-19,30.26274299621582
2014-11-20,30.945476531982422
2014-11-21,31.175809860229492
2014-11-24,31.30741310119629
2014-11-25,31.126449584960938
2014-11-26,30.970165252685547
2014-11-28,31.126449584960938
2014-12-01,30.42725372314453
2014-12-02,30.674026489257812
2014-12-03,30.402584075927734
2014-12-04,30.081777572631836
2014-12-05,29.777423858642578
2014-12-08,29.98306655883789
2014-12-09,30.065324783325195
2014-12-10,28.691606521606445
2014-12-11,28.4612979888916
2014-12-12,27.73741912841797
2014-12-15,27.424835205078125
2014-12-16,27.05467987060547
2014-12-17,28.247417449951172
2014-12-18,28.66693687438965
2014-12-19,26.939512252807617
2014-12-22,28.740968704223633
2014-12-23,28.576448440551758
2014-12-24,28.790315628051758
2014-12-26,29.045324325561523
2014-12-29,29.242746353149414
2014-12-30,29.333227157592773
2014-12-31,29.703392028808594
2015-01-02,29.390811920166016
2015-01-05,29.094676971435547
2015-01-06,28.938386917114258
2015-01-07,30.221616744995117
2015-01-08,31.11823844909668
2015-01-09,31.0030574798584
2015-01-12,31.274526596069336
2015-01-13,30.476613998413086
2015-01-14,30.23807716369629
2015-01-15,27.762107849121094
2015-01-16,28.247417449951172
2015-01-20,27.556455612182617
2015-01-21,28.189836502075195
2015-01-22,28.66693687438965
2015-01-23,28.535324096679688
2015-01-26,29.41548728942871
2015-01-27,29.399009704589844
2015-01-28,29.366077423095703
2015-01-29,30.57661247253418
2015-01-30,29.736650466918945
2015-02-02,29.50606918334961
2015-02-03,30.082534790039062
2015-02-04,30.66721534729004
2015-02-05,30.831907272338867
2015-02-06,31.820098876953125
2015-02-09,32.273033142089844
2015-02-10,32.742427825927734
2015-02-11,32.66008377075195
2015-02-12,33.145938873291016
2015-02-13,33.03889083862305
2015-02-17,33.21183395385742
2015-02-18,33.014190673828125
2015-02-19,33.12123489379883
2015-02-20,33.08006286621094
2015-02-23,32.78361129760742
2015-02-24,33.69768524169922
2015-02-25,33.392982482910156
2015-02-26,33.170658111572266
2015-02-27,33.170658111572266
2015-03-02,33.10477066040039
2015-03-03,32.78361129760742
2015-03-04,32.94007873535156
2015-03-05,33.0965461730957
2015-03-06,32.02597427368164
2015-03-09,32.13304138183594
2015-03-10,31.853046417236328
2015-03-11,31.836572647094727
2015-03-12,32.7588996887207
2015-03-13,32.35537338256836
2015-03-16,32.64360046386719
2015-03-17,32.091854095458984
2015-03-18,32.69300842285156
2015-03-19,32.75067138671875
2015-03-20,33.03889083862305
2015-03-23,32.77537155151367
2015-03-24,33.29417419433594
2015-03-25,32.808311462402344
2015-03-26,32.528316497802734
2015-03-27,33.10477066040039
2015-03-30,33.45886993408203
2015-03-31,33.84592056274414
2015-04-01,33.81297302246094
2015-04-02,34.82588195800781
2015-04-06,34.027099609375
2015-04-07,33.170658111572266
2015-04-08,33.434173583984375
2015-04-09,32.94829559326172
2015-04-10,32.997711181640625
2015-04-13,32.97299575805664
2015-04-14,33.20359802246094
2015-04-15,33.656524658203125
2015-04-16,32.849483489990234
2015-04-17,31.729524612426758
2015-04-20,31.424514770507812
2015-04-21,32.14169692993164
2015-04-22,31.647085189819336
2015-04-23,30.641380310058594
2015-04-24,31.020566940307617
2015-04-27,30.36932945251465
2015-04-28,30.567184448242188
2015-04-29,30.410547256469727
2015-04-30,30.113798141479492
2015-05-01,30.699081420898438
2015-05-04,30.58365821838379
2015-05-05,30.056081771850586
2015-05-06,30.19621467590332
2015-05-07,30.863950729370117
2015-05-08,31.72127342224121
2015-05-11,31.416269302368164
2015-05-12,31.704790115356445
2015-05-13,31.597631454467773
2015-05-14,32.14995193481445
2015-05-15,32.40549087524414
2015-05-18,33.04024887084961
2015-05-19,33.3699951171875
2015-05-20,33.36175537109375
2015-05-21,33.122684478759766
2015-05-22,33.287567138671875
2015-05-26,32.27360153198242
2015-05-27,32.34779739379883
2015-05-28,32.27360153198242
2015-05-29,31.770729064941406
2015-06-01,31.952098846435547
2015-06-02,32.018043518066406
2015-06-03,32.12519836425781
2015-06-04,31.45748519897461
2015-06-05,31.564655303955078
2015-06-08,31.309106826782227
2015-06-09,31.342090606689453
2015-06-10,31.968585968017578
2015-06-11,31.828432083129883
2015-06-12,32.100494384765625
2015-06-15,32.19942092895508
2015-06-16,32.075748443603516
2015-06-17,31.638839721679688
2015-06-18,31.688310623168945
2015-06-19,32.900108337402344
2015-06-22,33.246337890625
2015-06-23,33.254581451416016
2015-06-24,34.71370315551758
2015-06-25,35.10938262939453
2015-06-26,35.63697814941406
2015-06-29,35.084651947021484
2015-06-30,35.546302795410156
2015-07-01,35.628726959228516
2015-07-02,35.439125061035156
2015-07-06,35.21635437011719
2015-07-07,36.198238372802734
2015-07-08,36.1404914855957
2015-07-09,36.51179122924805
2015-07-10,36.95735549926758
2015-07-13,37.03163146972656
2015-07-14,37.03163146972656
2015-07-15,36.701568603515625
2015-07-16,36.63555908203125
2015-07-17,36.280765533447266
2015-07-20,35.88470458984375
2015-07-21,35.81867980957031
2015-07-22,36.59429931640625
2015-07-23,36.38801956176758
2015-07-24,35.100833892822266
2015-07-27,35.07607650756836
2015-07-28,35.15859603881836
2015-07-29,35.76918411254883
2015-07-30,35.983707427978516
2015-07-31,36.189998626708984
2015-08-03,36.10749053955078
2015-08-04,35.5463981628418
2015-08-05,35.05132293701172
2015-08-06,34.704769134521484
2015-08-07,34.597511291503906
2015-08-10,35.24110412597656
2015-08-11,35.620662689208984
2015-08-12,35.84343338012695
2015-08-13,36.214759826660156
2015-08-14,36.165245056152344
2015-08-17,36.31376266479492
2015-08-18,37.79898452758789
2015-08-19,37.922752380371094
2015-08-20,37.37818145751953
2015-08-21,36.965606689453125
2015-08-24,34.66350173950195
2015-08-25,33.26079559326172
2015-08-26,34.242698669433594
2015-08-27,35.13383483886719
2015-08-28,34.6552619934082
2015-08-31,35.24934387207031
2015-09-01,34.17668533325195
2015-09-02,34.96881103515625
2015-09-03,35.37313461303711
2015-09-04,34.66350173950195
2015-09-08,35.42262649536133
2015-09-09,34.84504318237305
2015-09-10,34.61399459838867
2015-09-11,35.10908508300781
2015-09-14,35.934207916259766
2015-09-15,36.26425552368164
2015-09-16,36.51179122924805
2015-09-17,36.91610336303711
2015-09-18,35.81043243408203
2015-09-21,35.49689865112305
2015-09-22,34.05292510986328
2015-09-23,34.242698669433594
2015-09-24,34.34996032714844
2015-09-25,34.50674819946289
2015-09-28,32.32014846801758
2015-09-29,31.825075149536133
2015-09-30,32.674949645996094
2015-10-01,32.864742279052734
2015-10-02,33.0297737121582
2015-10-05,34.16843032836914
2015-10-06,33.35981369018555
2015-10-07,34.23444366455078
2015-10-08,34.81203079223633
2015-10-09,34.80378341674805
2015-10-12,34.836788177490234
2015-10-13,34.531490325927734
2015-10-14,33.42583084106445
2015-10-15,33.56608963012695
2015-10-16,33.5991096496582
2015-10-19,34.03641128540039
2015-10-20,35.04404830932617
2015-10-21,35.1596794128418
2015-10-22,35.13490295410156
2015-10-23,35.324867248535156
2015-10-26,34.96144485473633
2015-10-27,34.47415542602539
2015-10-28,34.821048736572266
2015-10-29,33.54086685180664
2015-10-30,34.22638702392578
2015-11-02,34.49067306518555
2015-11-03,34.639347076416016
2015-11-04,34.35027313232422
2015-11-05,33.71428680419922
2015-11-06,33.4417724609375
2015-11-09,32.962711334228516
2015-11-10,33.846439361572266
2015-11-11,34.3337516784668
2015-11-12,33.260047912597656
2015-11-13,32.94619369506836
2015-11-16,33.565635681152344
2015-11-17,33.66474533081055
2015-11-18,34.35853576660156
2015-11-19,34.234649658203125
2015-11-20,34.5567626953125
2015-11-23,34.56501007080078
2015-11-24,34.76322937011719
2015-11-25,34.944950103759766
2015-11-27,34.85408401489258
2015-11-30,34.35853576660156
2015-12-01,35.101863861083984
2015-12-02,34.5319709777832
2015-12-03,33.590423583984375
2015-12-04,34.432865142822266
2015-12-07,34.3337516784668
2015-12-08,33.50783157348633
2015-12-09,32.838829040527344
2015-12-10,33.21049880981445
2015-12-11,32.458900451660156
2015-12-14,32.789268493652344
2015-12-15,33.40870666503906
2015-12-16,34.10249328613281
2015-12-17,32.91315841674805
2015-12-18,32.103755950927734
2015-12-21,32.50019454956055
2015-12-22,33.0948600769043
2015-12-23,32.9544563293457
2015-12-24,33.0948600769043
2015-12-28,33.21049880981445
2015-12-29,33.52434158325195
2015-12-30,33.260047912597656
2015-12-31,33.18571090698242
2016-01-04,31.22001075744629
2016-01-05,31.459537506103516
2016-01-06,30.51797103881836
2016-01-07,29.345157623291016
2016-01-08,28.700937271118164
2016-01-11,28.890893936157227
2016-01-12,29.25430679321289
2016-01-13,28.271451950073242
2016-01-14,28.05670928955078
2016-01-15,27.891523361206055
2016-01-19,27.850231170654297
2016-01-20,27.627233505249023
2016-01-21,28.01542091369629
2016-01-22,28.6761531829834
2016-01-25,27.511598587036133
2016-01-26,28.776792526245117
2016-01-27,28.371599197387695
2016-01-28,27.991214752197266
2016-01-29,28.65275001525879
2016-02-01,27.991214752197266
2016-02-02,26.94102668762207
2016-02-03,27.015451431274414
2016-02-04,27.280061721801758
2016-02-05,26.692951202392578
2016-02-08,25.9487247467041
2016-02-09,25.808147430419922
2016-02-10,25.9487247467041
2016-02-11,25.2127628326416
2016-02-12,26.444873809814453
2016-02-16,27.13121795654297
2016-02-17,27.246986389160156
2016-02-18,27.048526763916016
2016-02-19,27.073333740234375
2016-02-22,27.428913116455078
2016-02-23,27.602563858032227
2016-02-24,27.635639190673828
2016-02-25,28.206209182739258
2016-02-26,27.991214752197266
2016-02-29,27.875446319580078
2016-03-01,28.991790771484375
2016-03-02,29.52101707458496
2016-03-03,30.248714447021484
2016-03-04,30.050243377685547
2016-03-07,30.314855575561523
2016-03-08,29.446592330932617
2016-03-09,29.942737579345703
2016-03-10,29.69466209411621
2016-03-11,30.554664611816406
2016-03-14,30.39754295349121
2016-03-15,30.27350616455078
2016-03-16,30.794471740722656
2016-03-17,31.125244140625
2016-03-18,31.29890251159668
2016-03-21,31.001195907592773
2016-03-22,30.819272994995117
2016-03-23,30.248714447021484
2016-03-24,30.471965789794922
2016-03-28,30.678701400756836
2016-03-29,31.58831214904785
2016-03-30,31.356779098510742
2016-03-31,32.01004409790039
2016-04-01,31.42293357849121
2016-04-04,30.761390686035156
2016-04-05,30.794471740722656
2016-04-06,31.42293357849121
2016-04-07,31.257551193237305
2016-04-08,31.64619255065918
2016-04-11,31.555240631103516
2016-04-12,31.621395111083984
2016-04-13,32.29119873046875
2016-04-14,32.0513916015625
2016-04-15,31.72888946533203
2016-04-18,31.687545776367188
2016-04-19,31.257551193237305
2016-04-20,31.778505325317383
2016-04-21,31.902544021606445
2016-04-22,31.315433502197266
2016-04-25,31.257476806640625
2016-04-26,31.456159591674805
2016-04-27,31.315425872802734
2016-04-28,30.02406883239746
2016-04-29,29.7674617767334
2016-05-02,29.957855224609375
2016-05-03,29.2376766204834
2016-05-04,29.212831497192383
2016-05-05,28.82377052307129
2016-05-06,28.64164924621582
2016-05-09,28.82377052307129
2016-05-10,29.15488624572754
2016-05-11,28.997610092163086
2016-05-12,28.774105072021484
2016-05-13,28.59199333190918
2016-05-16,28.82377052307129
2016-05-17,28.807220458984375
2016-05-18,28.71615982055664
2016-05-19,28.51748275756836
2016-05-20,29.05556297302246
2016-05-23,28.78238296508789
2016-05-24,30.131689071655273
2016-05-25,30.02406883239746
2016-05-26,29.9495792388916
2016-05-27,30.297258377075195
2016-05-31,30.297258377075195
2016-06-01,30.396574020385742
2016-06-02,30.41313362121582
2016-06-03,30.330358505249023
2016-06-06,30.50418472290039
2016-06-07,31.158151626586914
2016-06-08,31.721044540405273
2016-06-09,31.704496383666992
2016-06-10,30.984312057495117
2016-06-13,30.404863357543945
2016-06-14,30.02406883239746
2016-06-15,30.173078536987305
2016-06-16,30.07374382019043
2016-06-17,30.322080612182617
2016-06-20,30.727699279785156
2016-06-21,30.38002586364746
2016-06-22,30.305517196655273
2016-06-23,30.868425369262695
2016-06-24,29.7674617767334
2016-06-27,29.15488624572754
2016-06-28,30.10685157775879
2016-06-29,30.75253677368164
2016-06-30,30.83530616760254
2016-07-01,31.058815002441406
2016-07-05,31.166427612304688
2016-07-06,31.56420135498047
2016-07-07,31.763080596923828
2016-07-08,32.658023834228516
2016-07-11,32.633182525634766
2016-07-12,32.57518005371094
2016-07-13,32.334861755371094
2016-07-14,32.616607666015625
2016-07-15,32.40943908691406
2016-07-18,32.62489700317383
2016-07-19,32.4260139465332
2016-07-20,32.64147186279297
2016-07-21,32.56689453125
2016-07-22,32.36800003051758
2016-07-25,32.68288803100586
2016-07-26,32.790626525878906
2016-07-27,32.54202651977539
2016-07-28,32.16911315917969
2016-07-29,31.108427047729492
2016-08-01,31.09185028076172
2016-08-02,30.18030548095703
2016-08-03,30.553203582763672
2016-08-04,30.370899200439453
2016-08-05,31.075279235839844
2016-08-08,30.89296531677246
2016-08-09,31.08356285095215
2016-08-10,31.216148376464844
2016-08-11,31.241012573242188
2016-08-12,30.884668350219727
2016-08-15,31.357023239135742
2016-08-16,31.25757598876953
2016-08-17,31.116718292236328
2016-08-18,30.975831985473633
2016-08-19,30.6112117767334
2016-08-22,30.760374069213867
2016-08-23,31.779647827148438
2016-08-24,31.25757598876953
2016-08-25,31.191293716430664
2016-08-26,30.586353302001953
2016-08-29,30.959266662597656
2016-08-30,31.42331314086914
2016-08-31,31.481325149536133
2016-09-01,30.926101684570312
2016-09-02,30.851531982421875
2016-09-06,30.76865577697754
2016-09-07,31.431602478027344
2016-09-08,31.017269134521484
2016-09-09,29.765972137451172
2016-09-12,30.36261749267578
2016-09-13,29.09474754333496
2016-09-14,29.301912307739258
2016-09-15,29.55051612854004
2016-09-16,29.169322967529297
2016-09-19,29.823978424072266
2016-09-20,28.572673797607422
2016-09-21,28.672117233276367
2016-09-22,28.837858200073242
2016-09-23,28.431800842285156
2016-09-26,28.232921600341797
2016-09-27,28.125198364257812
2016-09-28,28.622398376464844
2016-09-29,27.86829948425293
2016-09-30,27.818578720092773
2016-10-03,27.785400390625
2016-10-04,27.544790267944336
2016-10-05,27.884958267211914
2016-10-06,28.00111198425293
2016-10-07,27.46182632446289
2016-10-10,27.735612869262695
2016-10-11,27.553091049194336
2016-10-12,27.93474006652832
2016-10-13,27.544790267944336
2016-10-14,27.90984535217285
2016-10-17,27.94303321838379
2016-10-18,28.241710662841797
2016-10-19,28.266603469848633
2016-10-20,27.710729598999023
2016-10-21,27.594572067260742
2016-10-24,27.98451805114746
2016-10-25,27.652650833129883
2016-10-26,27.602874755859375
2016-10-27,27.005512237548828
2016-10-28,27.660945892333984
2016-10-31,27.81028938293457
2016-11-01,27.63605308532715
2016-11-02,27.27100372314453
2016-11-03,27.27100372314453
2016-11-04,27.826879501342773
2016-11-07,28.075780868530273
2016-11-08,27.61945915222168
2016-11-09,27.279306411743164
2016-11-10,27.818580627441406
2016-11-11,27.30419158935547
2016-11-14,28.291488647460938
2016-11-15,28.108964920043945
2016-11-16,28.075780868530273
2016-11-17,28.722917556762695
2016-11-18,28.955223083496094
2016-11-21,29.005002975463867
2016-11-22,28.930328369140625
2016-11-23,29.170934677124023
2016-11-25,29.378347396850586
2016-11-28,29.087976455688477
2016-11-29,29.187530517578125
2016-11-30,28.117267608642578
2016-12-01,27.876663208007812
2016-12-02,27.70243263244629
2016-12-05,28.183639526367188
2016-12-06,28.88055419921875
2016-12-07,29.818065643310547
2016-12-08,30.373943328857422
2016-12-09,29.726802825927734
2016-12-12,30.373943328857422
2016-12-13,30.58966064453125
2016-12-14,29.66872787475586
2016-12-15,28.739505767822266
2016-12-16,28.85566520690918
2016-12-19,28.739505767822266
2016-12-20,28.581867218017578
2016-12-21,28.930328369140625
2016-12-22,28.63995361328125
2016-12-23,28.440832138061523
2016-12-27,28.897144317626953
2016-12-28,28.77269172668457
2016-12-29,28.623361587524414
2016-12-30,28.623361587524414
2017-01-03,28.689729690551758
2017-01-04,29.51938819885254
2017-01-05,29.718505859375
2017-01-06,29.311973571777344
2017-01-09,29.212427139282227
2017-01-10,29.204120635986328
2017-01-11,29.577470779418945
2017-01-12,29.909326553344727
2017-01-13,29.710216522216797
2017-01-17,29.66872787475586
2017-01-18,29.793174743652344
2017-01-19,29.303686141967773
2017-01-20,29.370054244995117
2017-01-23,29.361757278442383
2017-01-24,30.987892150878906
2017-01-25,31.25365447998047
2017-01-26,31.0128116607666
2017-01-27,30.39820671081543
2017-01-30,30.381587982177734
2017-01-31,29.866649627685547
2017-02-01,29.999534606933594
2017-02-02,30.041067123413086
2017-02-03,30.298538208007812
2017-02-06,29.90818214416504
2017-02-07,29.916486740112305
2017-02-08,30.3898868560791
2017-02-09,30.306833267211914
2017-02-10,31.519451141357422
2017-02-13,31.32012176513672
2017-02-14,31.004507064819336
2017-02-15,31.527748107910156
2017-02-16,31.079259872436523
2017-02-17,31.336721420288086
2017-02-21,31.527748107910156
2017-02-22,31.94301986694336
2017-02-23,31.619110107421875
2017-02-24,32.12576675415039
2017-02-27,32.5493278503418
2017-02-28,32.648990631103516
2017-03-01,33.74532699584961
2017-03-02,33.34666061401367
2017-03-03,33.396488189697266
2017-03-06,33.49614715576172
2017-03-07,33.80345916748047
2017-03-08,34.567569732666016
2017-03-09,34.26857376098633
2017-03-10,34.6340217590332
2017-03-13,34.28519821166992
2017-03-14,33.92804718017578
2017-03-15,34.28519821166992
2017-03-16,34.95792770385742
2017-03-17,34.8831787109375
2017-03-20,34.924705505371094
2017-03-21,33.70380783081055
2017-03-22,33.487857818603516
2017-03-23,33.429710388183594
2017-03-24,33.529380798339844
2017-03-27,33.545997619628906
2017-03-28,33.869903564453125
2017-03-29,34.37654495239258
2017-03-30,34.34333419799805
2017-03-31,34.71708679199219
2017-04-03,35.12403869628906
2017-04-04,34.71708679199219
2017-04-05,34.974544525146484
2017-04-06,35.20710372924805
2017-04-07,35.07420349121094
2017-04-10,35.49778747558594
2017-04-11,36.029335021972656
2017-04-12,35.45626449584961
2017-04-13,35.780181884765625
2017-04-17,36.212066650390625
2017-04-18,36.20375442504883
2017-04-19,36.41969680786133
2017-04-20,35.9296760559082
2017-04-21,35.87984085083008
2017-04-24,35.780181884765625
2017-04-25,35.17387390136719
2017-04-26,35.539306640625
2017-04-27,35.76357650756836
2017-04-28,35.422725677490234
2017-05-01,35.28972244262695
2017-05-02,35.04030990600586
2017-05-03,34.774295806884766
2017-05-04,34.82416915893555
2017-05-05,34.8574333190918
2017-05-08,35.032005310058594
2017-05-09,35.2647819519043
2017-05-10,35.173336029052734
2017-05-11,35.48091125488281
2017-05-12,35.032005310058594
2017-05-15,35.87165069580078
2017-05-16,36.02127456665039
2017-05-17,35.16502380371094
2017-05-18,35.663814544677734
2017-05-19,36.362117767333984
2017-05-22,36.561641693115234
2017-05-23,35.78851318359375
2017-05-24,36.06283187866211
2017-05-25,36.2291145324707
2017-05-26,35.913204193115234
2017-05-30,36.03789520263672
2017-05-31,35.688743591308594
2017-06-01,36.70296859741211
2017-06-02,37.135250091552734
2017-06-05,37.0521240234375
2017-06-06,36.71126937866211
2017-06-07,36.81935501098633
2017-06-08,36.78609848022461
2017-06-09,36.31224060058594
2017-06-12,36.69465637207031
2017-06-13,37.750431060791016
2017-06-14,38.498626708984375
2017-06-15,37.642356872558594
2017-06-16,37.151878356933594
2017-06-19,37.30984115600586
2017-06-20,37.76706314086914
2017-06-21,37.49272918701172
2017-06-22,36.927425384521484
2017-06-23,36.445255279541016
2017-06-26,37.00224685668945
2017-06-27,36.76116180419922
2017-06-28,37.0521240234375
2017-06-29,36.94405746459961
2017-06-30,37.3846435546875
2017-07-03,37.02718734741211
2017-07-05,36.89418411254883
2017-07-06,36.40367889404297
2017-07-07,37.368019104003906
2017-07-10,37.90838623046875
2017-07-11,37.359230041503906
2017-07-12,37.50899887084961
2017-07-13,37.95830535888672
2017-07-14,37.96662902832031
2017-07-17,37.64213180541992
2017-07-18,37.27601623535156
2017-07-19,37.48403549194336
2017-07-20,37.40082931518555
2017-07-21,37.60884475708008
2017-07-24,37.69203567504883
2017-07-25,37.825172424316406
2017-07-26,37.3675537109375
2017-07-27,37.3675537109375
2017-07-28,36.843360900878906
2017-07-31,37.00145721435547
2017-08-01,37.91670227050781
2017-08-02,38.04982376098633
2017-08-03,38.46586608886719
2017-08-04,38.923492431640625
2017-08-07,38.6489143371582
2017-08-08,38.69050598144531
2017-08-09,38.56570053100586
2017-08-10,37.542293548583984
2017-08-11,37.583892822265625
2017-08-14,38.074798583984375
2017-08-15,37.96662902832031
2017-08-16,38.18296432495117
2017-08-17,37.68373107910156
2017-08-18,36.61037063598633
2017-08-21,36.73519515991211
2017-08-22,36.36908721923828
2017-08-23,35.77001190185547
2017-08-24,35.62024688720703
2017-08-25,35.72840118408203
2017-08-28,35.353973388671875
2017-08-29,34.80483627319336
2017-08-30,35.2042121887207
2017-08-31,35.80329132080078
2017-09-01,35.969703674316406
2017-09-05,35.41222381591797
2017-09-06,35.037803649902344
2017-09-07,34.763221740722656
2017-09-08,34.91298294067383
2017-09-11,35.903141021728516
2017-09-12,36.32748031616211
2017-09-13,35.578636169433594
2017-09-14,35.686790466308594
2017-09-15,35.686790466308594
2017-09-18,36.302528381347656
2017-09-19,36.11946487426758
2017-09-20,35.32903289794922
2017-09-21,35.66183090209961
2017-09-22,35.46213150024414
2017-09-25,35.495426177978516
2017-09-26,36.161067962646484
2017-09-27,36.136112213134766
2017-09-28,37.109615325927734
2017-09-29,37.50899887084961
2017-10-02,37.59221649169922
2017-10-03,39.2230339050293
2017-10-04,39.847076416015625
2017-10-05,39.66401672363281
2017-10-06,39.572486877441406
2017-10-09,39.580814361572266
2017-10-10,39.456016540527344
2017-10-11,39.8387565612793
2017-10-12,39.29792022705078
2017-10-13,39.16477966308594
2017-10-16,38.898521423339844
2017-10-17,39.13150405883789
2017-10-18,39.4646110534668
2017-10-19,40.089176177978516
2017-10-20,40.42229080200195
2017-10-23,40.2224235534668
2017-10-24,40.98857498168945
2017-10-25,40.83034133911133
2017-10-26,41.52985382080078
2017-10-27,41.32166290283203
2017-10-30,39.689456939697266
2017-10-31,39.93096160888672
2017-11-01,40.888641357421875
2017-11-02,38.923309326171875
2017-11-03,39.0898551940918
2017-11-06,40.2973747253418
2017-11-07,40.52222442626953
2017-11-08,41.56317901611328
2017-11-09,42.368953704833984
2017-11-10,42.088645935058594
2017-11-13,41.41761016845703
2017-11-14,41.49405288696289
2017-11-15,41.137298583984375
2017-11-16,40.94192123413086
2017-11-17,41.383628845214844
2017-11-20,41.6214714050293
2017-11-21,42.5218391418457
2017-11-22,42.496368408203125
2017-11-24,42.99751663208008
2017-11-27,42.99751663208008
2017-11-28,43.184391021728516
2017-11-29,43.6260871887207
2017-11-30,43.59211349487305
2017-12-01,43.065467834472656
2017-12-04,43.47318649291992
2017-12-05,43.12493896484375
2017-12-06,41.799835205078125
2017-12-07,42.4369010925293
2017-12-08,42.5218391418457
2017-12-11,42.12263107299805
2017-12-12,41.8677978515625
2017-12-13,41.264713287353516
2017-12-14,41.239227294921875
2017-12-15,41.49405288696289
2017-12-18,42.02068328857422
2017-12-19,41.638458251953125
2017-12-20,42.18206787109375
2017-12-21,42.76817321777344
2017-12-22,43.25233840942383
2017-12-26,43.362754821777344
2017-12-27,43.507171630859375
2017-12-28,43.7704963684082
2017-12-29,43.897891998291016
2018-01-02,44.687870025634766
2018-01-03,46.57356643676758
2018-01-04,46.02143859863281
2018-01-05,46.51411056518555
2018-01-08,46.28475570678711
2018-01-09,45.63920593261719
2018-01-10,46.4461555480957
2018-01-11,47.652320861816406
2018-01-12,47.431495666503906
2018-01-16,46.92183303833008
2018-01-17,48.30638885498047
2018-01-18,48.12799835205078
2018-01-19,49.147315979003906
2018-01-22,49.30868911743164
2018-01-23,49.0793571472168
2018-01-24,49.25772476196289
2018-01-25,47.75321960449219
2018-01-26,46.682220458984375
2018-01-29,44.693206787109375
2018-01-30,43.93669891357422
2018-01-31,43.0442008972168
2018-02-01,42.95069885253906
2018-02-02,40.74919128417969
2018-02-05,38.9556884765625
2018-02-06,40.851192474365234
2018-02-07,41.57368850708008
2018-02-08,40.03518295288086
2018-02-09,39.74618911743164
2018-02-12,39.797176361083984
2018-02-13,40.1541862487793
2018-02-14,41.31868362426758
2018-02-15,41.0551872253418
2018-02-16,41.45469665527344
2018-02-20,40.21369171142578
2018-02-21,39.96718215942383
2018-02-22,39.83967971801758
2018-02-23,40.307186126708984
2018-02-26,40.65568161010742
2018-02-27,39.38068771362305
2018-02-28,38.556175231933594
2018-03-01,39.0236930847168
2018-03-02,38.913185119628906
2018-03-05,39.49968338012695
2018-03-06,40.34967803955078
2018-03-07,40.324195861816406
2018-03-08,39.890682220458984
2018-03-09,40.630191802978516
2018-03-12,41.10618209838867
2018-03-13,41.19969177246094
2018-03-14,40.6641960144043
2018-03-15,40.00968551635742
2018-03-16,40.26469421386719
2018-03-19,40.366695404052734
2018-03-20,40.34967803955078
2018-03-21,41.06369400024414
2018-03-22,40.366695404052734
2018-03-23,40.04368591308594
2018-03-26,41.09769058227539
2018-03-27,40.42619705200195
2018-03-28,40.33269119262695
2018-03-29,40.536678314208984
2018-04-02,38.79418182373047
2018-04-03,39.278682708740234
2018-04-04,43.10371398925781
2018-04-05,44.030208587646484
2018-04-06,42.27920913696289
2018-04-09,41.89669418334961
2018-04-10,41.480186462402344
2018-04-11,39.950191497802734
2018-04-12,38.836673736572266
2018-04-13,39.057674407958984
2018-04-16,39.057674407958984
2018-04-17,39.48268508911133
2018-04-18,39.6441764831543
2018-04-19,38.377681732177734
2018-04-20,37.714664459228516
2018-04-23,37.544673919677734
2018-04-24,36.940635681152344
2018-04-25,36.96614456176758
2018-04-26,37.35749053955078
2018-04-27,37.61273956298828
2018-04-30,36.31956100463867
2018-05-01,36.95763397216797
2018-05-02,35.96222686767578
2018-05-03,35.96222686767578
2018-05-04,36.608829498291016
2018-05-07,36.45568084716797
2018-05-08,36.38761901855469
2018-05-09,36.132389068603516
2018-05-10,36.710914611816406
2018-05-11,37.11077880859375
2018-05-14,37.13630294799805
2018-05-15,35.07743453979492
2018-05-16,34.82219314575195
2018-05-17,35.04339599609375
2018-05-18,35.60490798950195
2018-05-21,35.80909729003906
2018-05-22,34.932804107666016
2018-05-23,35.46878433227539
2018-05-24,35.29862594604492
2018-05-25,36.65987014770508
2018-05-29,36.557762145996094
2018-05-30,35.82612609863281
2018-05-31,35.205039978027344
2018-06-01,35.145484924316406
2018-06-04,35.34968566894531
2018-06-05,35.358184814453125
2018-06-06,35.76655578613281
2018-06-07,35.68148422241211
2018-06-08,36.71942138671875
2018-06-11,36.396114349365234
2018-06-12,37.119285583496094
2018-06-13,35.97924041748047
2018-06-14,36.24298858642578
2018-06-15,35.96222686767578
2018-06-18,35.29862594604492
2018-06-19,35.96222686767578
2018-06-20,35.9537239074707
2018-06-21,35.57088088989258
2018-06-22,35.46878433227539
2018-06-25,34.209625244140625
2018-06-26,35.75804901123047
2018-06-27,35.37519073486328
2018-06-28,35.843116760253906
2018-06-29,36.31956100463867
2018-07-02,36.19195556640625
2018-07-03,36.33657455444336
2018-07-05,36.710914611816406
2018-07-06,36.99167251586914
2018-07-09,37.79140090942383
2018-07-10,37.816917419433594
2018-07-11,37.6466178894043
2018-07-12,37.48481750488281
2018-07-13,37.544429779052734
2018-07-16,37.63810348510742
2018-07-17,38.62588882446289
2018-07-18,38.48963165283203
2018-07-19,38.5662727355957
2018-07-20,38.23418045043945
2018-07-23,38.140499114990234
2018-07-24,36.88874053955078
2018-07-25,36.2415771484375
2018-07-26,36.9824104309082
2018-07-27,36.58218765258789
2018-07-30,36.462974548339844
2018-07-31,36.78656768798828
2018-08-01,36.40336608886719
2018-08-02,35.756195068359375
2018-08-03,36.2415771484375
2018-08-06,36.36078643798828
2018-08-07,37.2293586730957
2018-08-08,37.39966583251953
2018-08-09,37.595516204833984
2018-08-10,37.39114761352539
2018-08-13,35.832820892333984
2018-08-14,35.89244079589844
2018-08-15,35.23674392700195
2018-08-16,35.211204528808594
2018-08-17,35.16863250732422
2018-08-20,35.747684478759766
2018-08-21,37.314510345458984
2018-08-22,36.86320114135742
2018-08-23,36.088287353515625
2018-08-24,36.088287353515625
2018-08-27,36.67586135864258
2018-08-28,36.71843338012695
2018-08-29,36.6588249206543
2018-08-30,36.062740325927734
2018-08-31,35.91798782348633
2018-09-04,35.764713287353516
2018-09-05,36.25859451293945
2018-09-06,36.173439025878906
2018-09-07,34.85356903076172
2018-09-10,35.066444396972656
2018-09-11,35.16011047363281
2018-09-12,35.969085693359375
2018-09-13,35.82432174682617
2018-09-14,35.960567474365234
2018-09-17,35.12605667114258
2018-09-18,35.3219108581543
2018-09-19,35.2537841796875
2018-09-20,34.94722366333008
2018-09-21,34.52996826171875
2018-09-24,33.942413330078125
2018-09-25,33.97647476196289
2018-09-26,33.47407150268555
2018-09-27,33.30375671386719
2018-09-28,32.7843132019043
2018-10-01,32.9290885925293
2018-10-02,32.954627990722656
2018-10-03,32.51182174682617
2018-10-04,31.762474060058594
2018-10-05,31.890195846557617
2018-10-08,32.36705017089844
2018-10-09,31.549585342407227
2018-10-10,31.353740692138672
2018-10-11,31.157880783081055
2018-10-12,30.817264556884766
2018-10-15,30.8853816986084
2018-10-16,31.42184829711914
2018-10-17,30.62140464782715
2018-10-18,30.092863082885742
2018-10-19,29.052825927734375
2018-10-22,28.328208923339844
2018-10-23,29.044300079345703
2018-10-24,27.81671142578125
2018-10-25,28.771503448486328
2018-10-26,29.78596305847168
2018-10-29,29.138076782226562
2018-10-30,30.629924774169922
2018-10-31,30.493534088134766
2018-11-01,31.175521850585938
2018-11-02,30.587295532226562
2018-11-05,31.269298553466797
2018-11-06,30.98796844482422
2018-11-07,30.467954635620117
2018-11-08,29.61547088623047
2018-11-09,29.470535278320312
2018-11-12,28.61805534362793
2018-11-13,28.93347930908203
2018-11-14,28.85675048828125
2018-11-15,27.995742797851562
2018-11-16,29.06987190246582
2018-11-19,29.25742530822754
2018-11-20,29.462013244628906
2018-11-21,29.820068359375
2018-11-23,29.726287841796875
2018-11-26,29.589893341064453
2018-11-27,29.768909454345703
2018-11-28,30.246299743652344
2018-11-29,29.734819412231445
2018-11-30,29.462013244628906
2018-12-03,29.84563636779785
2018-12-04,28.302629470825195
2018-12-06,29.214797973632812
2018-12-07,28.839702606201172
2018-12-10,28.242965698242188
2018-12-11,27.808191299438477
2018-12-12,28.260013580322266
2018-12-13,28.208852767944336
2018-12-14,27.569490432739258
2018-12-17,27.28817367553711
2018-12-18,27.995742797851562
2018-12-19,28.149187088012695
2018-12-20,27.978687286376953
2018-12-21,26.60618019104004
2018-12-24,25.966814041137695
2018-12-26,26.82782554626465
2018-12-27,26.955698013305664
2018-12-28,26.87897491455078
2018-12-31,26.708478927612305
2019-01-02,27.347850799560547
2019-01-03,27.211444854736328
2019-01-04,28.3623046875
2019-01-07,29.206268310546875
2019-01-08,29.521692276000977
2019-01-09,31.908674240112305
2019-01-10,30.962398529052734
2019-01-11,31.721111297607422
2019-01-14,31.030597686767578
2019-01-15,31.40569305419922
2019-01-16,31.09027671813965
2019-01-17,30.817480087280273
2019-01-18,30.229257583618164
2019-01-22,29.80301856994629
2019-01-23,30.050235748291016
2019-01-24,30.929302215576172
2019-01-25,30.656187057495117
2019-01-28,30.562313079833984
2019-01-29,31.748615264892578
2019-01-30,31.9107723236084
2019-01-31,32.53379440307617
2019-02-01,32.42284393310547
2019-02-04,32.29482650756836
2019-02-05,32.51673126220703
2019-02-06,31.833965301513672
2019-02-07,32.0217170715332
2019-02-08,31.816892623901367
2019-02-11,31.791296005249023
2019-02-12,33.58354949951172
2019-02-13,33.19095993041992
2019-02-14,33.12267303466797
2019-02-15,33.55794906616211
2019-02-19,33.78837585449219
2019-02-20,33.51527786254883
2019-02-21,33.677433013916016
2019-02-22,34.43701171875
2019-02-25,34.01881408691406
2019-02-26,33.9420051574707
2019-02-27,33.45553207397461
2019-02-28,32.83251190185547
2019-03-01,32.2009391784668
2019-03-04,32.65327072143555
2019-03-05,31.7230167388916
2019-03-06,31.535253524780273
2019-03-07,32.55940246582031
2019-03-08,32.66181945800781
2019-03-11,33.1056022644043
2019-03-12,33.1056022644043
2019-03-13,32.70449447631836
2019-03-14,32.66181945800781
2019-03-15,32.55940246582031
2019-03-18,32.60206985473633
2019-03-19,31.833965301513672
2019-03-20,31.620595932006836
2019-03-21,32.6191520690918
2019-03-22,32.66181945800781
2019-03-25,33.79690933227539
2019-03-26,33.8139762878418
2019-03-27,34.88080978393555
2019-03-28,33.83958053588867
2019-03-29,33.387245178222656
2019-04-01,33.39577865600586
2019-04-02,33.446998596191406
2019-04-03,33.93346405029297
2019-04-04,34.61623764038086
2019-04-05,35.2477912902832
2019-04-08,35.0258903503418
2019-04-09,34.14682388305664
2019-04-10,34.54795837402344
2019-04-11,34.87228012084961
2019-04-12,34.61623764038086
2019-04-15,34.599159240722656
2019-04-16,34.79547119140625
2019-04-17,35.1283073425293
2019-04-18,35.75986099243164
2019-04-22,35.33313751220703
2019-04-23,35.86279296875
2019-04-24,35.98240280151367
2019-04-25,35.28187942504883
2019-04-26,35.572330474853516
2019-04-29,35.649227142333984
2019-04-30,35.64068603515625
2019-05-01,35.75172424316406
2019-05-02,35.82008743286133
2019-05-03,35.75172424316406
2019-05-06,35.51252746582031
2019-05-07,35.401493072509766
2019-05-08,34.94016647338867
2019-05-09,35.38439178466797
2019-05-10,35.49545669555664
2019-05-13,35.19645690917969
2019-05-14,36.101985931396484
2019-05-15,36.170326232910156
2019-05-16,36.67436599731445
2019-05-17,36.289939880371094
2019-05-20,35.41856002807617
2019-05-21,35.743186950683594
2019-05-22,35.43564987182617
2019-05-23,34.9145393371582
2019-05-24,35.4271125793457
2019-05-28,34.93162155151367
2019-05-29,34.3165283203125
2019-05-30,34.15422439575195
2019-05-31,33.752723693847656
2019-06-03,34.359249114990234
2019-06-04,34.991424560546875
2019-06-05,35.341678619384766
2019-06-06,35.68339157104492
2019-06-07,36.238677978515625
2019-06-10,35.93968963623047
2019-06-11,35.41856002807617
2019-06-12,35.46127700805664
2019-06-13,36.025115966796875
2019-06-14,36.40099334716797
2019-06-17,36.22160339355469
2019-06-18,35.99093246459961
2019-06-19,35.60652160644531
2019-06-20,36.09345245361328
2019-06-21,35.145198822021484
2019-06-24,35.19645690917969
2019-06-25,32.88134765625
2019-06-26,32.23210144042969
2019-06-27,32.90697479248047
2019-06-28,32.89841842651367
2019-07-01,32.69339370727539
2019-07-02,33.282859802246094
2019-07-03,33.77835464477539
2019-07-05,33.06074142456055
2019-07-08,33.094913482666016
2019-07-09,32.44567108154297
2019-07-10,33.14691925048828
2019-07-11,32.70221710205078
2019-07-12,32.77062225341797
2019-07-15,32.445674896240234
2019-07-16,32.685123443603516
2019-07-17,32.095035552978516
2019-07-18,32.00951385498047
2019-07-19,31.547719955444336
2019-07-22,31.45363998413086
2019-07-23,31.24840545654297
2019-07-24,31.915443420410156
2019-07-25,32.522621154785156
2019-07-26,32.428558349609375
2019-07-29,32.70221710205078
2019-07-30,33.027198791503906
2019-07-31,32.49697494506836
2019-08-01,33.17256546020508
2019-08-02,32.736419677734375
2019-08-05,32.59103012084961
2019-08-06,32.78774642944336
2019-08-07,33.95078659057617
2019-08-08,34.78030776977539
2019-08-09,34.019203186035156
2019-08-12,33.34360885620117
2019-08-13,34.096168518066406
2019-08-14,33.57451248168945
2019-08-15,32.984432220458984
2019-08-16,33.49753952026367
2019-08-19,34.06196594238281
2019-08-20,34.66058349609375
2019-08-21,35.07963180541992
2019-08-22,35.39604187011719
2019-08-23,34.805973052978516
2019-08-26,34.63492965698242
2019-08-27,34.395477294921875
2019-08-28,34.121826171875
2019-08-29,34.754669189453125
2019-08-30,34.64348602294922
2019-09-03,34.575069427490234
2019-09-04,35.182254791259766
2019-09-05,34.95990753173828
2019-09-06,35.190792083740234
2019-09-09,35.69536590576172
2019-09-10,36.08873748779297
2019-09-11,36.58475875854492
2019-09-12,37.089298248291016
2019-09-13,36.23412322998047
2019-09-16,36.25121307373047
2019-09-17,35.9519157409668
2019-09-18,36.576202392578125
2019-09-19,36.25979232788086
2019-09-20,36.72159194946289
2019-09-23,37.11497497558594
2019-09-24,37.20048904418945
2019-09-25,37.53401184082031
2019-09-26,37.610965728759766
2019-09-27,37.17482376098633
2019-09-30,37.94449234008789
2019-10-01,37.69649124145508
2019-10-02,39.19305419921875
2019-10-03,39.52657699584961
2019-10-04,40.39030838012695
2019-10-07,40.330448150634766
2019-10-08,40.125205993652344
2019-10-09,40.13375473022461
2019-10-10,39.9969367980957
2019-10-11,39.88576126098633
2019-10-14,40.159423828125
2019-10-15,40.53569030761719
2019-10-16,41.407981872558594
2019-10-17,41.485008239746094
2019-10-18,41.89584732055664
2019-10-21,41.49357223510742
2019-10-22,41.8444938659668
2019-10-23,41.8444938659668
2019-10-24,41.972877502441406
2019-10-25,41.86159896850586
2019-10-28,40.84309768676758
2019-10-29,40.28677749633789
2019-10-30,40.68048095703125
2019-10-31,40.24396896362305
2019-11-01,41.28815841674805
2019-11-04,40.158382415771484
2019-11-05,39.52503204345703
2019-11-06,40.047122955322266
2019-11-07,38.848880767822266
2019-11-08,39.13132095336914
2019-11-11,40.038570404052734
2019-11-12,39.57638931274414
2019-11-13,40.098480224609375
2019-11-14,40.48362731933594
2019-11-15,40.08992385864258
2019-11-18,40.6547966003418
2019-11-19,40.38948059082031
2019-11-20,40.38092041015625
2019-11-21,39.9786491394043
2019-11-22,39.593502044677734
2019-11-25,40.24396896362305
2019-11-26,40.85165023803711
2019-11-27,40.48362731933594
2019-11-29,40.37236404418945
2019-12-02,39.7390022277832
2019-12-03,39.90161895751953
2019-12-04,39.875938415527344
2019-12-05,40.76607131958008
2019-12-06,40.02143859863281
2019-12-09,40.38948059082031
2019-12-10,40.218299865722656
2019-12-11,40.68048095703125
2019-12-12,39.422325134277344
2019-12-13,39.57638931274414
2019-12-16,39.25969696044922
2019-12-17,38.788963317871094
2019-12-18,38.378135681152344
2019-12-19,37.71910095214844
2019-12-20,38.814632415771484
2019-12-23,37.96730422973633
2019-12-24,38.874549865722656
2019-12-26,38.378135681152344
2019-12-27,38.40380859375
2019-12-30,38.326786041259766
2019-12-31,38.258304595947266
2020-01-02,38.18984603881836
2020-01-03,38.6263427734375
2020-01-06,39.75612258911133
2020-01-07,39.07997131347656
2020-01-08,39.40520477294922
2020-01-09,39.413753509521484
2020-01-10,40.663360595703125
2020-01-13,41.41653823852539
2020-01-14,42.0584602355957
2020-01-15,42.99137878417969
2020-01-16,43.24815368652344
2020-01-17,43.19679641723633
2020-01-21,44.44639205932617
2020-01-22,44.87434768676758
2020-01-23,46.002532958984375
2020-01-24,45.44487380981445
2020-01-27,45.80520248413086
2020-01-28,46.071163177490234
2020-01-29,45.96821212768555
2020-01-30,45.62504196166992
2020-01-31,45.05022048950195
2020-02-03,45.09310531616211
2020-02-04,44.60409164428711
2020-02-05,45.97679138183594
2020-02-06,45.99394607543945
2020-02-07,46.800411224365234
2020-02-10,47.52107238769531
2020-02-11,48.22458267211914
2020-02-12,47.658348083496094
2020-02-13,47.3494873046875
2020-02-14,47.77845764160156
2020-02-18,47.68408966064453
2020-02-19,47.8041877746582
2020-02-20,48.12162780761719
2020-02-21,47.70981979370117
2020-02-24,46.82614517211914
2020-02-25,44.8528938293457
2020-02-26,43.90916061401367
2020-02-27,42.69089126586914
2020-02-28,41.017921447753906
2020-03-02,42.416351318359375
2020-03-03,43.445884704589844
2020-03-04,45.11027145385742
2020-03-05,43.71184539794922
2020-03-06,42.22760772705078
2020-03-09,37.20010757446289
2020-03-10,39.64521789550781
2020-03-11,35.57002639770508
2020-03-12,30.645475387573242
2020-03-13,30.602577209472656
2020-03-16,24.219533920288086
2020-03-17,22.09185028076172
2020-03-18,19.054759979248047
2020-03-19,20.521825790405273
2020-03-20,21.68862533569336
2020-03-23,18.711585998535156
2020-03-24,22.675243377685547
2020-03-25,26.072677612304688
2020-03-26,27.496850967407227
2020-03-27,25.926828384399414
2020-03-30,26.106992721557617
2020-03-31,24.81151008605957
2020-04-01,22.30633544921875
2020-04-02,21.645721435546875
2020-04-03,21.44840431213379
2020-04-06,25.18900489807129
2020-04-07,25.128944396972656
2020-04-08,27.968711853027344
2020-04-09,28.981081008911133
2020-04-13,26.939193725585938
2020-04-14,27.90865707397461
2020-04-15,25.798137664794922
2020-04-16,26.681808471679688
2020-04-17,28.09740447998047
2020-04-20,26.077835083007812
2020-04-21,26.353424072265625
2020-04-22,26.913223266601562
2020-04-23,27.016569137573242
2020-04-24,28.16199493408203
2020-04-27,29.763872146606445
2020-04-28,32.35615921020508
2020-04-29,34.7503547668457
2020-04-30,32.855655670166016
2020-05-01,32.39921188354492
2020-05-04,32.493953704833984
2020-05-05,33.31211471557617
2020-05-06,33.12263870239258
2020-05-07,33.07095718383789
2020-05-08,35.06039810180664
2020-05-11,34.3455810546875
2020-05-12,33.0020637512207
2020-05-13,31.82219123840332
2020-05-14,31.71023178100586
2020-05-15,33.0020637512207
2020-05-18,37.04120635986328
2020-05-19,37.98855972290039
2020-05-20,37.17039108276367
2020-05-21,38.203853607177734
2020-05-22,38.78948974609375
2020-05-26,39.72822189331055
2020-05-27,41.75209045410156
2020-05-28,38.44499969482422
2020-05-29,38.65169906616211
2020-06-01,38.410552978515625
2020-06-02,38.5311164855957
2020-06-03,40.94255065917969
2020-06-04,39.59904098510742
2020-06-05,41.166465759277344
2020-06-08,40.58945083618164
2020-06-09,40.58945083618164
2020-06-10,40.73584747314453
2020-06-11,37.161773681640625
2020-06-12,38.71197509765625
2020-06-15,41.24397659301758
2020-06-16,41.57984924316406
2020-06-17,41.235355377197266
2020-06-18,39.9693603515625
2020-06-19,38.85839080810547
2020-06-22,39.6421012878418
2020-06-23,39.67654800415039
2020-06-24,37.82491683959961
2020-06-25,38.32442855834961
2020-06-26,37.88520812988281
2020-06-29,39.18564987182617
2020-06-30,39.69377517700195
2020-07-01,38.50528335571289
2020-07-02,38.68613815307617
2020-07-06,40.04688262939453
2020-07-07,40.34830093383789
2020-07-08,42.527198791503906
2020-07-09,40.92557907104492
2020-07-10,42.203426361083984
2020-07-13,40.5543098449707
2020-07-14,42.937313079833984
2020-07-15,44.128822326660156
2020-07-16,45.19944763183594
2020-07-17,44.92315673828125
2020-07-20,44.40510940551758
2020-07-21,44.128822326660156
2020-07-22,45.890174865722656
2020-07-23,45.13036346435547
2020-07-24,45.08720016479492
2020-07-27,47.17665100097656
2020-07-28,45.216712951660156
2020-07-29,46.891727447509766
2020-07-30,46.52046585083008
2020-07-31,46.51182556152344
2020-08-03,47.56519317626953
2020-08-04,46.97807312011719
2020-08-05,47.85874557495117
2020-08-06,47.99689865112305
2020-08-07,47.74650573730469
2020-08-10,49.499229431152344
2020-08-11,48.70489501953125
2020-08-12,49.33517074584961
2020-08-13,49.84458541870117
2020-08-14,49.81868362426758
2020-08-17,51.99448013305664
2020-08-18,52.03765106201172
2020-08-19,51.985836029052734
2020-08-20,52.24486541748047
2020-08-21,54.334320068359375
2020-08-24,54.09255599975586
2020-08-25,53.60041427612305
2020-08-26,52.6593017578125
2020-08-27,51.72681427001953
2020-08-28,51.73545455932617
2020-08-31,51.200138092041016
2020-09-01,53.29822540283203
2020-09-02,53.47090148925781
2020-09-03,51.65774917602539
2020-09-04,50.466243743896484
2020-09-08,50.328102111816406
2020-09-09,51.761348724365234
2020-09-10,51.65774917602539
2020-09-11,53.44499969482422
2020-09-14,54.13572692871094
2020-09-15,52.02901077270508
2020-09-16,54.35157775878906
2020-09-17,53.781734466552734
2020-09-18,54.52426528930664
2020-09-21,52.57296371459961
2020-09-22,55.189083099365234
2020-09-23,52.14125442504883
2020-09-24,53.07374572753906
2020-09-25,52.70246887207031
2020-09-28,54.938697814941406
2020-09-29,54.34294891357422
2020-09-30,56.69142532348633
2020-10-01,57.494388580322266
2020-10-02,58.392333984375
2020-10-05,57.9088249206543
2020-10-06,56.190643310546875
2020-10-07,56.09566879272461
2020-10-08,58.86719512939453
2020-10-09,58.962181091308594
2020-10-12,58.75496292114258
2020-10-13,57.93472671508789
2020-10-14,58.23691177368164
2020-10-15,59.55418395996094
2020-10-16,59.4588623046875
2020-10-19,57.820945739746094
2020-10-20,58.60090255737305
2020-10-21,56.33902359008789
2020-10-22,53.90382766723633
2020-10-23,54.96976852416992
2020-10-26,52.5605583190918
2020-10-27,50.913978576660156
2020-10-28,50.65399169921875
2020-10-29,49.865360260009766
2020-10-30,49.302059173583984
2020-11-02,51.10462951660156
2020-11-03,52.36123275756836
2020-11-04,55.3770637512207
2020-11-05,54.917762756347656
2020-11-06,52.88121032714844
2020-11-09,49.26740646362305
2020-11-10,52.803199768066406
2020-11-11,53.50516891479492
2020-11-12,51.83258056640625
2020-11-13,53.21052551269531
2020-11-16,53.29718780517578
2020-11-17,53.037200927734375
2020-11-18,53.167198181152344
2020-11-19,53.15852355957031
2020-11-20,52.733882904052734
2020-11-23,54.475791931152344
2020-11-24,53.089195251464844
2020-11-25,53.366512298583984
2020-11-27,53.643829345703125
2020-11-30,52.60387420654297
2020-12-01,50.80131149291992
2020-12-02,49.44071578979492
2020-12-03,52.283233642578125
2020-12-04,51.41660690307617
2020-12-07,52.70787811279297
2020-12-08,50.39399719238281
2020-12-09,50.359344482421875
2020-12-10,50.22935485839844
2020-12-11,50.61065673828125
2020-12-14,51.719932556152344
2020-12-15,51.295291900634766
2020-12-16,51.667938232421875
2020-12-17,55.585060119628906
2020-12-18,56.09637451171875
2020-12-21,55.273067474365234
2020-12-22,55.87104415893555
2020-12-23,54.640445709228516
2020-12-24,55.83637237548828
2020-12-28,54.42379379272461
2020-12-29,54.08580780029297
2020-12-30,54.007816314697266
2020-12-31,53.037200927734375
2021-01-04,51.780601501464844
2021-01-05,51.25196075439453
2021-01-06,51.017974853515625
2021-01-07,52.898536682128906
2021-01-08,51.2606201171875
2021-01-11,52.7512092590332
2021-01-12,53.49650955200195
2021-01-13,53.27119445800781
2021-01-14,52.42190170288086
2021-01-15,53.57449722290039
2021-01-19,54.64911651611328
2021-01-20,57.95960235595703
2021-01-21,58.26292419433594
2021-01-22,59.060211181640625
2021-01-25,60.34280014038086
2021-01-26,59.91815948486328
2021-01-27,58.96488571166992
2021-01-28,59.04316711425781
2021-01-29,58.22553634643555
2021-02-01,59.147544860839844
2021-02-02,59.78252410888672
2021-02-03,59.77381134033203
2021-02-04,60.817588806152344
2021-02-05,63.47052764892578
2021-02-08,66.41053009033203
2021-02-09,65.1927719116211
2021-02-10,65.54069519042969
2021-02-11,66.38442993164062
2021-02-12,65.0274887084961
2021-02-16,62.70508575439453
2021-02-17,62.3223876953125
2021-02-18,61.513458251953125
2021-02-19,62.40935134887695
2021-02-22,59.9738655090332
2021-02-23,59.912994384765625
2021-02-24,60.208740234375
2021-02-25,56.41632080078125
2021-02-26,57.54707336425781
2021-03-01,57.72974395751953
2021-03-02,58.790916442871094
2021-03-03,56.1292839050293
2021-03-04,55.92922592163086
2021-03-05,59.78252410888672
2021-03-08,61.1655158996582
2021-03-09,62.26150131225586
2021-03-10,64.16637420654297
2021-03-11,64.03592681884766
2021-03-12,61.80048370361328
2021-03-15,63.52272033691406
2021-03-16,62.731178283691406
2021-03-17,71.03792572021484
2021-03-18,66.76713562011719
2021-03-19,66.85414123535156
2021-03-22,68.07186889648438
2021-03-23,67.02808380126953
2021-03-24,66.49750518798828
2021-03-25,70.08114624023438
2021-03-26,72.12521362304688
2021-03-29,70.00284576416016
2021-03-30,72.13391876220703
2021-03-31,71.6207046508789
2021-04-01,72.89064025878906
2021-04-05,73.62129974365234
2021-04-06,73.50822448730469
2021-04-07,72.51663208007812
2021-04-08,71.87297058105469
2021-04-09,74.31715393066406
2021-04-12,74.00401306152344
2021-04-13,73.15159606933594
2021-04-14,72.58621978759766
2021-04-15,72.39485168457031
2021-04-16,74.20407104492188
2021-04-19,72.54271697998047
2021-04-20,70.12611389160156
2021-04-21,70.41399383544922
2021-04-22,69.66371154785156
2021-04-23,70.3180160522461
2021-04-26,71.39110565185547
2021-04-27,71.094482421875
2021-04-28,70.78040313720703
2021-04-29,71.81861114501953
2021-04-30,70.29185485839844
2021-05-03,72.23738861083984
2021-05-04,73.10108947753906
2021-05-05,72.10652923583984
2021-05-06,72.10652923583984
2021-05-07,73.5460205078125
2021-05-10,73.42388153076172
2021-05-11,71.12940216064453
2021-05-12,65.76394653320312
2021-05-13,67.42153930664062
2021-05-14,68.36377716064453
2021-05-17,67.2296142578125
2021-05-18,65.50218963623047
2021-05-19,65.08341217041016
2021-05-20,66.04310607910156
2021-05-21,65.91224670410156
2021-05-24,66.61891174316406
2021-05-25,67.212158203125
2021-05-26,68.09332275390625
2021-05-27,68.63423156738281
2021-05-28,68.32015228271484
2021-06-01,68.04971313476562
2021-06-02,66.46187591552734
2021-06-03,65.18811798095703
2021-06-04,66.47933197021484
2021-06-07,65.64179229736328
2021-06-08,66.75848388671875
2021-06-09,64.95256042480469
2021-06-10,63.86204147338867
2021-06-11,64.88277435302734
2021-06-14,64.0103530883789
2021-06-15,64.7519302368164
2021-06-16,64.16738891601562
2021-06-17,66.51421356201172
2021-06-18,68.77381896972656
2021-06-21,69.68116760253906
2021-06-22,70.3093032836914
2021-06-23,68.93087768554688
2021-06-24,68.43356323242188
2021-06-25,67.97117614746094
2021-06-28,69.30599975585938
2021-06-29,70.18714904785156
2021-06-30,71.0595932006836
2021-07-01,72.94984436035156
2021-07-02,72.20598602294922
2021-07-06,70.9458236694336
2021-07-07,72.71356964111328
2021-07-08,69.8169174194336
2021-07-09,70.47328186035156
2021-07-12,70.24574279785156
2021-07-13,68.42549133300781
2021-07-14,68.60052490234375
2021-07-15,68.81056213378906
2021-07-16,68.32048797607422
2021-07-19,68.31170654296875
2021-07-20,70.27198791503906
2021-07-21,71.69841766357422
2021-07-22,71.462158203125
2021-07-23,73.72870635986328
2021-07-26,72.36348724365234
2021-07-27,73.14236450195312
2021-07-28,72.1709976196289
2021-07-29,76.27529907226562
2021-07-30,75.56647491455078
2021-08-02,76.13529205322266
2021-08-03,77.14167785644531
2021-08-04,75.7239761352539
2021-08-05,75.5839614868164
2021-08-06,74.59507751464844
2021-08-09,74.68257904052734
2021-08-10,76.05652618408203
2021-08-11,78.10430908203125
2021-08-12,77.14167785644531
2021-08-13,77.68424224853516
2021-08-16,77.85051727294922
2021-08-17,74.91010284423828
2021-08-18,74.54256439208984
2021-08-19,74.42003631591797
2021-08-20,75.67147064208984
2021-08-23,75.06763458251953
2021-08-24,76.96663665771484
2021-08-25,77.52672576904297
2021-08-26,75.8814926147461
2021-08-27,77.41297149658203
2021-08-30,77.34292602539062
2021-08-31,76.59033203125
2021-09-01,77.43920135498047
2021-09-02,77.01042175292969
2021-09-03,75.62771606445312
2021-09-07,74.91886901855469
2021-09-08,73.33489990234375
2021-09-09,72.80982971191406
2021-09-10,72.12722778320312
2021-09-13,71.51466369628906
2021-09-14,70.93709564208984
2021-09-15,71.41840362548828
2021-09-16,72.50353240966797
2021-09-17,73.71121215820312
2021-09-20,71.51466369628906
2021-09-21,70.91083526611328
2021-09-22,71.06835174560547
2021-09-23,71.72467041015625
2021-09-24,71.74217987060547
2021-09-27,72.42476654052734
2021-09-28,69.6069107055664
2021-09-29,69.8519287109375
2021-09-30,67.9004135131836
2021-10-01,67.75165557861328
2021-10-04,66.64900207519531
2021-10-05,66.47396087646484
2021-10-06,67.60286712646484
2021-10-07,68.10169219970703
2021-10-08,67.62911987304688
2021-10-11,67.09532165527344
2021-10-12,67.72539520263672
2021-10-13,68.55068969726562
2021-10-14,70.83335876464844
2021-10-15,69.99050903320312
2021-10-18,71.96590423583984
2021-10-19,71.79032897949219
2021-10-20,73.34431457519531
2021-10-21,73.02822875976562
2021-10-22,72.4048843383789
2021-10-25,72.35221099853516
2021-10-26,72.00102233886719
2021-10-27,71.5093765258789
2021-10-28,72.34343719482422
2021-10-29,72.0625
2021-11-01,72.8263168334961
2021-11-02,71.91322326660156
2021-11-03,73.36186981201172
2021-11-04,73.0809097290039
2021-11-05,75.08264923095703
2021-11-08,75.19677734375
2021-11-09,77.52336883544922
2021-11-10,75.79381561279297
2021-11-11,76.75955200195312
2021-11-12,78.07647705078125
2021-11-15,76.92634582519531
2021-11-16,77.95356750488281
2021-11-17,79.44609069824219
2021-11-18,79.82360076904297
2021-11-19,80.26258850097656
2021-11-22,79.24415588378906
2021-11-23,79.36705780029297
2021-11-24,78.58570861816406
2021-11-26,76.61030578613281
2021-11-29,76.93514251708984
2021-11-30,75.3109130859375
2021-12-01,77.97112274169922
2021-12-02,81.16688537597656
2021-12-03,80.44695281982422
2021-12-06,82.43991088867188
2021-12-07,82.40479278564453
2021-12-08,83.09838104248047
2021-12-09,83.01934814453125
2021-12-10,82.56281280517578
2021-12-13,80.48206329345703
2021-12-14,79.39339447021484
2021-12-15,81.56197357177734
2021-12-16,78.1115951538086
2021-12-17,76.17130279541016
2021-12-20,76.18887329101562
2021-12-21,78.25208282470703
2021-12-22,80.91227722167969
2021-12-23,80.65765380859375
2021-12-27,81.74632263183594
2021-12-28,82.49258422851562
2021-12-29,83.7568359375
2021-12-30,82.82621002197266
2021-12-31,83.94999694824219
2022-01-03,80.97373962402344
2022-01-04,81.79022979736328
2022-01-05,80.30648040771484
2022-01-06,78.49788665771484
2022-01-07,74.7753677368164
2022-01-10,75.78502655029297
2022-01-11,78.32227325439453
2022-01-12,78.54179382324219
2022-01-13,79.28805541992188
2022-01-14,78.74370574951172
2022-01-18,73.80962371826172
2022-01-19,70.71044158935547
2022-01-20,69.8851547241211
2022-01-21,70.10465240478516
2022-01-24,73.10723876953125
2022-01-25,71.68496704101562
2022-01-26,68.84049987792969
2022-01-27,68.08197784423828
2022-01-28,69.11393737792969
2022-01-31,71.20429229736328
2022-02-01,70.57805633544922
2022-02-02,71.99807739257812
2022-02-03,70.06646728515625
2022-02-04,67.05003356933594
2022-02-07,68.5494384765625
2022-02-08,69.86363220214844
2022-02-09,71.65410614013672
2022-02-10,67.68508911132812
2022-02-11,67.65862274169922
2022-02-14,67.03240203857422
2022-02-15,67.92322540283203
2022-02-16,68.17017364501953
2022-02-17,66.38853454589844
2022-02-18,67.03240203857422
2022-02-22,64.10414123535156
2022-02-23,61.810916900634766
2022-02-24,65.22430419921875
2022-02-25,67.14705657958984
2022-02-28,66.59138488769531
2022-03-01,66.37969207763672
2022-03-02,67.79974365234375
2022-03-03,66.15038299560547
2022-03-04,65.81524658203125
2022-03-07,61.43165588378906
2022-03-08,61.643341064453125
2022-03-09,64.45691680908203
2022-03-10,64.45691680908203
2022-03-11,63.619041442871094
2022-03-14,61.228797912597656
2022-03-15,63.60138702392578
2022-03-16,65.52416229248047
2022-03-17,65.87696075439453
2022-03-18,67.66741943359375
2022-03-21,64.91558837890625
2022-03-22,65.1448974609375
2022-03-23,62.69292068481445
2022-03-24,62.06669998168945
2022-03-25,61.55512619018555
2022-03-28,61.316993713378906
2022-03-29,63.68960189819336
2022-03-30,62.31365966796875
2022-03-31,60.28505325317383
2022-04-01,61.3610954284668
2022-04-04,61.59042739868164
2022-04-05,59.06789016723633
2022-04-06,57.127471923828125
2022-04-07,56.3160285949707
2022-04-08,57.21567916870117
2022-04-11,57.87718200683594
2022-04-12,57.69195556640625
2022-04-13,58.82974624633789
2022-04-14,57.68313980102539
2022-04-18,57.136295318603516
2022-04-19,59.7646598815918
2022-04-20,59.99399185180664
2022-04-21,59.2001838684082
2022-04-22,57.86835861206055
2022-04-25,60.05500411987305
2022-04-26,58.360687255859375
2022-04-27,57.3050651550293
2022-04-28,59.67355728149414
2022-04-29,57.83730697631836
2022-05-02,58.87519073486328
2022-05-03,59.664676666259766
2022-05-04,62.583168029785156
2022-05-05,58.90180587768555
2022-05-06,58.546974182128906
2022-05-09,57.83730697631836
2022-05-10,56.870399475097656
2022-05-11,53.48177719116211
2022-05-12,55.770423889160156
2022-05-13,57.21636199951172
2022-05-16,56.435726165771484
2022-05-17,58.06795120239258
2022-05-18,54.7857780456543
2022-05-19,55.0785026550293
2022-05-20,55.93010711669922
2022-05-23,55.734947204589844
2022-05-24,54.05836868286133
2022-05-25,56.46234893798828
2022-05-26,58.47600173950195
2022-05-27,60.25902557373047
2022-05-31,59.5848503112793
2022-06-01,59.159053802490234
2022-06-02,59.70904541015625
2022-06-03,59.61146545410156
2022-06-06,60.21467208862305
2022-06-07,60.303375244140625
2022-06-08,58.724388122558594
2022-06-09,58.28084945678711
2022-06-10,55.371246337890625
2022-06-13,51.74310302734375
2022-06-14,51.379398345947266
2022-06-15,51.61891174316406
2022-06-16,47.964176177978516
2022-06-17,47.715789794921875
2022-06-21,48.95768737792969
2022-06-22,50.368133544921875
2022-06-23,52.39954376220703
2022-06-24,53.180171966552734
2022-06-27,53.14468002319336
2022-06-28,51.61891174316406
2022-06-29,51.52133560180664
2022-06-30,52.0801887512207
2022-07-01,55.08737564086914
2022-07-05,56.74620819091797
2022-07-06,56.42051315307617
2022-07-07,57.19681930541992
2022-07-08,57.3485107421875
2022-07-11,57.19681930541992
2022-07-12,56.3402099609375
2022-07-13,56.839900970458984
2022-07-14,56.152828216552734
2022-07-15,56.277748107910156
2022-07-18,55.24267578125
2022-07-19,56.750667572021484
2022-07-20,56.57220458984375
2022-07-21,58.70482635498047
2022-07-22,59.49897003173828
2022-07-25,58.26758575439453
2022-07-26,58.02667236328125
2022-07-27,59.61498260498047
2022-07-28,60.77497100830078
2022-07-29,60.56973648071289
2022-08-01,60.7392692565918
2022-08-02,58.05343246459961
2022-08-03,58.5442008972168
2022-08-04,60.32881546020508
2022-08-05,59.516822814941406
2022-08-08,60.75712966918945
2022-08-09,59.106353759765625
2022-08-10,61.25680923461914
2022-08-11,61.51557922363281
2022-08-12,62.0866584777832
2022-08-15,62.33650588989258
2022-08-16,62.52388000488281
2022-08-17,61.131900787353516
2022-08-18,61.346046447753906
2022-08-19,59.89159393310547
2022-08-22,58.61558151245117
2022-08-23,58.454978942871094
2022-08-24,59.49897003173828
2022-08-25,60.266353607177734
2022-08-26,57.0629768371582
2022-08-29,56.429443359375
2022-08-30,55.76021194458008
2022-08-31,55.03744125366211
2022-09-01,54.626983642578125
2022-09-02,54.93928909301758
2022-09-06,54.011295318603516
2022-09-07,55.224830627441406
2022-09-08,55.501441955566406
2022-09-09,56.44729232788086
2022-09-12,57.02728271484375
2022-09-13,52.72637176513672
2022-09-14,52.030364990234375
2022-09-15,52.11960220336914
2022-09-16,53.6008186340332
2022-09-19,54.66267776489258
2022-09-20,53.63652038574219
2022-09-21,52.97621536254883
2022-09-22,54.40391540527344
2022-09-23,53.966678619384766
2022-09-26,52.02145004272461
2022-09-27,51.84298324584961
2022-09-28,54.6894416809082
2022-09-29,53.53836441040039
2022-09-30,53.101139068603516
2022-10-03,55.41221237182617
2022-10-04,57.52696990966797
2022-10-05,56.86667251586914
2022-10-06,57.08082962036133
2022-10-07,55.57282257080078
2022-10-10,55.8762092590332
2022-10-11,55.96543502807617
2022-10-12,55.17997741699219
2022-10-13,54.74011993408203
2022-10-14,53.03453826904297
2022-10-17,53.68983459472656
2022-10-18,55.350528717041016
2022-10-19,52.6036491394043
2022-10-20,51.99323654174805
2022-10-21,52.881935119628906
2022-10-24,53.68085861206055
2022-10-25,56.95737075805664
2022-10-26,56.975318908691406
2022-10-27,57.44211959838867
2022-10-28,59.60550308227539
2022-10-31,58.54624557495117
2022-11-01,59.75811004638672
2022-11-02,58.285919189453125
2022-11-03,57.56778335571289
2022-11-04,58.330814361572266
2022-11-07,57.94481658935547
2022-11-08,56.903507232666016
2022-11-09,57.190765380859375
2022-11-10,64.7761001586914
2022-11-11,64.70427703857422
2022-11-14,63.079505920410156
2022-11-15,64.42601776123047
2022-11-16,63.83353805541992
2022-11-17,62.68452072143555
2022-11-18,62.567832946777344
2022-11-21,61.58038330078125
2022-11-22,62.756343841552734
2022-11-23,63.88739776611328
2022-11-25,63.96818923950195
2022-11-28,63.097450256347656
2022-11-29,63.86946105957031
2022-11-30,65.18006134033203
2022-12-01,65.92511749267578
2022-12-02,65.34163665771484
2022-12-05,64.6953125
2022-12-06,63.75275421142578
2022-12-07,66.22134399414062
2022-12-08,66.0777359008789
2022-12-09,65.16210174560547
2022-12-12,65.85330963134766
2022-12-13,66.42782592773438
2022-12-14,66.68814849853516
2022-12-15,69.7851333618164
2022-12-16,68.42963409423828
2022-12-19,66.6971206665039
2022-12-20,65.92511749267578
2022-12-21,67.1369857788086
2022-12-22,67.66661071777344
2022-12-23,67.4152603149414
2022-12-27,67.35242462158203
2022-12-28,65.40447235107422
2022-12-29,67.20880889892578
2022-12-30,67.12800598144531
2023-01-03,68.33985137939453
2023-01-04,69.7851333618164
2023-01-05,69.76716613769531
2023-01-06,71.09571838378906
2023-01-09,70.45838165283203
2023-01-10,71.20342254638672
2023-01-11,73.42068481445312
2023-01-12,73.67205047607422
2023-01-13,73.39375305175781
2023-01-17,73.42068481445312
2023-01-18,72.61279296875
2023-01-19,71.2124252319336
2023-01-20,72.35245513916016
2023-01-23,72.9808349609375
2023-01-24,74.19268798828125
2023-01-25,74.18372344970703
2023-01-26,75.42363739013672
2023-01-27,76.25326538085938
2023-01-30,75.57694244384766
2023-01-31,77.8764419555664
2023-02-01,78.99462127685547
2023-02-02,80.5727310180664
2023-02-03,78.54376220703125
2023-02-06,77.32637786865234
2023-02-07,77.92154693603516
2023-02-08,76.1630859375
2023-02-09,76.13605499267578
2023-02-10,77.3083267211914
2023-02-13,79.15695190429688
2023-02-14,78.89544677734375
2023-02-15,78.66098022460938
2023-02-16,77.29933166503906
2023-02-17,75.64909362792969
2023-02-21,73.34960174560547
2023-02-22,73.89064025878906
2023-02-23,74.23332977294922
2023-02-24,73.15119934082031
2023-02-27,73.22334289550781
2023-02-28,73.63815307617188
2023-03-01,72.51094818115234
2023-03-02,72.7814712524414
2023-03-03,74.30545806884766
2023-03-06,73.71028900146484
2023-03-07,73.71028900146484
2023-03-08,75.14410400390625
2023-03-09,74.71124267578125
2023-03-10,73.71929931640625
2023-03-13,74.54891967773438
2023-03-14,76.19013977050781
2023-03-15,75.3785629272461
2023-03-16,78.94054412841797
2023-03-17,78.579833984375
2023-03-20,77.53378295898438
2023-03-21,78.46258544921875
2023-03-22,78.16502380371094
2023-03-23,78.74213409423828
2023-03-24,78.88641357421875
2023-03-27,77.97564697265625
2023-03-28,77.56985473632812
2023-03-29,78.9315185546875
2023-03-30,78.7060775756836
2023-03-31,80.53663635253906
2023-04-03,80.42843627929688
2023-04-04,79.40945434570312
2023-04-05,79.56273651123047
2023-04-06,78.19206237792969
2023-04-10,78.59786224365234
2023-04-11,81.46548461914062
2023-04-12,81.29414367675781
2023-04-13,81.1318130493164
2023-04-14,81.83519744873047
2023-04-17,82.50251007080078
2023-04-18,85.18976593017578
2023-04-19,85.09058380126953
2023-04-20,87.32694244384766
2023-04-21,86.85801696777344
2023-04-24,87.39910125732422
2023-04-25,86.73371887207031
2023-04-26,85.53876495361328
2023-04-27,87.98298645019531
2023-04-28,88.55331420898438
2023-05-01,88.87015533447266
2023-05-02,90.05604553222656
2023-05-03,91.39585876464844
2023-05-04,89.2956314086914
2023-05-05,90.20994567871094
2023-05-08,91.00657653808594
2023-05-09,90.73500061035156
2023-05-10,90.671630859375
2023-05-11,90.59015655517578
2023-05-12,90.20994567871094
2023-05-15,90.52679443359375
2023-05-16,90.64448547363281
2023-05-17,91.3053207397461
2023-05-18,92.33731842041016
2023-05-19,90.68973541259766
2023-05-22,88.21835327148438
2023-05-23,85.4029769897461
2023-05-24,85.71076202392578
2023-05-25,86.38066864013672
2023-05-26,85.79224395751953
2023-05-30,86.6884536743164
2023-05-31,85.59307861328125
2023-06-01,86.10906982421875
2023-06-02,89.73920440673828
2023-06-05,89.68489837646484
2023-06-06,92.68133544921875
2023-06-07,91.694580078125
2023-06-08,90.35479736328125
2023-06-09,90.8526840209961
2023-06-12,91.82134246826172
2023-06-13,91.83038330078125
2023-06-14,90.0379409790039
2023-06-15,94.39228057861328
2023-06-16,95.70491027832031
2023-06-20,96.64640808105469
2023-06-21,97.04471588134766
2023-06-22,97.58787536621094
2023-06-23,99.04534912109375
2023-06-26,97.75988006591797
2023-06-27,101.89695739746094
2023-06-28,101.33568572998047
2023-06-29,101.47147369384766
2023-06-30,102.27716064453125
2023-07-03,103.92475128173828
2023-07-05,102.25
2023-07-06,99.15731811523438
2023-07-07,98.10369110107422
2023-07-10,100.31990814208984
2023-07-11,102.64510345458984
2023-07-12,105.50619506835938
2023-07-13,107.81324768066406
2023-07-14,109.82054138183594
2023-07-17,107.25010681152344
2023-07-18,107.0775375366211
2023-07-19,106.78688049316406
2023-07-20,103.2718276977539
2023-07-21,104.16194915771484
2023-07-24,105.1519775390625
2023-07-25,105.47893524169922
2023-07-26,104.9793930053711
2023-07-27,103.38082885742188
2023-07-28,105.28821563720703
2023-07-31,104.370849609375
2023-08-01,105.07022094726562
2023-08-02,103.38990783691406
2023-08-03,101.27359771728516
2023-08-04,103.94395446777344
2023-08-07,104.74324798583984
2023-08-08,104.37993621826172
2023-08-09,103.12649536132812
2023-08-10,101.73682403564453
2023-08-11,101.3553466796875
2023-08-14,102.40895080566406
2023-08-15,104.40718078613281
2023-08-16,101.43708038330078
2023-08-17,96.54144287109375
2023-08-18,96.77761840820312
2023-08-21,95.43334197998047
2023-08-22,95.90564727783203
2023-08-23,95.85115814208984
2023-08-24,94.87019348144531
2023-08-25,93.62584686279297
2023-08-28,93.75301361083984
2023-08-29,95.94197082519531
2023-08-30,97.40431213378906
2023-08-31,96.87751007080078
2023-09-01,98.11277770996094
2023-09-05,93.19895935058594
2023-09-06,95.79666137695312
2023-09-07,96.55960845947266
2023-09-08,96.7957534790039
2023-09-11,97.38614654541016
2023-09-12,94.8520278930664
2023-09-13,94.58863830566406
2023-09-14,96.00556182861328
2023-09-15,92.67215728759766
2023-09-18,95.31526947021484
2023-09-19,95.56049346923828
2023-09-20,95.37884521484375
2023-09-21,92.88106536865234
2023-09-22,93.38970184326172
2023-09-25,93.42604064941406
2023-09-26,92.38150787353516
2023-09-27,92.35425567626953
2023-09-28,94.68853759765625
2023-09-29,92.85380554199219
2023-10-02,92.29975128173828
2023-10-03,90.42870330810547
2023-10-04,91.29155731201172
2023-10-05,90.95550537109375
2023-10-06,92.172607421875
2023-10-09,94.36156463623047
2023-10-10,95.8329849243164
2023-10-11,96.2568359375
2023-10-12,92.0000228881836
2023-10-13,92.729248046875
2023-10-16,93.07563018798828
2023-10-17,93.54963684082031
2023-10-18,91.43489074707031
2023-10-19,89.01936340332031
2023-10-20,87.54269409179688
2023-10-23,88.6182861328125
2023-10-24,88.24454498291016
2023-10-25,86.43062591552734
2023-10-26,87.11427307128906
2023-10-27,86.70407104492188
2023-10-30,87.79790496826172
2023-10-31,89.88529968261719
2023-11-01,93.41287994384766
2023-11-02,97.67882537841797
2023-11-03,100.70508575439453
2023-11-06,99.70240020751953
2023-11-07,101.68951416015625
2023-11-08,101.50721740722656
2023-11-09,100.814453125
2023-11-10,102.84716033935547
2023-11-13,102.91095733642578
2023-11-14,107.58707427978516
2023-11-15,106.04660034179688
2023-11-16,107.09486389160156
2023-11-17,107.86964416503906
2023-11-20,107.75115203857422
2023-11-21,106.13775634765625
2023-11-22,106.57528686523438
2023-11-24,106.39297485351562
2023-11-27,105.26270294189453
2023-11-28,104.36940002441406
2023-11-29,105.27181243896484
2023-11-30,104.58816528320312
2023-12-01,109.75650024414062
2023-12-04,109.32807922363281
2023-12-05,110.24871826171875
2023-12-06,112.81010437011719
2023-12-07,114.44172668457031
2023-12-08,119.17253112792969
2023-12-11,117.84171295166016
2023-12-12,118.06048583984375
2023-12-13,120.79505157470703
2023-12-14,127.42181396484375
2023-12-15,123.3017349243164
2023-12-18,121.73391723632812
2023-12-19,122.29905700683594
2023-12-20,120.24813079833984
2023-12-21,121.12320709228516
2023-12-22,120.56717681884766
2023-12-26,121.34196472167969
2023-12-27,122.80950927734375
2023-12-28,122.37199401855469
2023-12-29,122.1896743774414
2024-01-02,121.1505355834961
2024-01-03,120.60363006591797
2024-01-04,120.52157592773438
2024-01-05,121.57896423339844
2024-01-08,122.97357940673828
2024-01-09,122.32640075683594
2024-01-10,127.04808044433594
2024-01-11,128.86203002929688
2024-01-12,126.966064453125
2024-01-16,126.39181518554688
2024-01-17,124.58698272705078
2024-01-18,125.57142639160156
2024-01-19,127.33978271484375
2024-01-22,129.96495056152344
2024-01-23,122.99472045898438
2024-01-24,121.53114318847656
2024-01-25,124.86077117919922
2024-01-26,124.41255187988281
2024-01-29,125.8761215209961
2024-01-30,127.43115234375
2024-01-31,126.91889190673828
2024-02-01,130.0838623046875
2024-02-02,130.5687255859375
2024-02-05,130.07472229003906
2024-02-06,129.00448608398438
2024-02-07,129.91009521484375
2024-02-08,130.0838623046875
2024-02-09,130.9163055419922
2024-02-12,134.63009643554688
2024-02-13,129.20574951171875
2024-02-14,131.24559020996094
2024-02-15,131.5840606689453
2024-02-16,128.22695922851562
2024-02-20,128.6569061279297
2024-02-21,129.53501892089844
2024-02-22,130.58697509765625
2024-02-23,131.83102416992188
2024-02-26,131.47425842285156
2024-02-27,129.74545288085938
2024-02-28,131.18154907226562
2024-02-29,134.8039093017578
2024-03-01,137.13645935058594
2024-03-04,135.9107208251953
2024-03-05,134.14527893066406
2024-03-06,135.23382568359375
2024-03-07,138.0146026611328
2024-03-08,137.04498291015625
2024-03-11,136.26747131347656
2024-03-12,137.27366638183594
2024-03-13,137.56637573242188
2024-03-14,127.33053588867188
2024-03-15,128.84901428222656
2024-03-18,129.05938720703125
2024-03-19,131.46514892578125
2024-03-20,134.8039093017578
2024-03-21,135.9015655517578
2024-03-22,135.95648193359375
2024-03-25,136.48699951171875
2024-03-26,136.56016540527344
2024-03-27,138.44451904296875
2024-03-28,141.033203125
2024-04-01,138.645751953125
2024-04-02,133.81597900390625
2024-04-03,136.16683959960938
2024-04-04,134.93194580078125
2024-04-05,137.37428283691406
2024-04-08,137.3285675048828
2024-04-09,137.81333923339844
2024-04-10,130.17535400390625
2024-04-11,132.12374877929688
2024-04-12,132.1420135498047
2024-04-15,129.388671875
2024-04-16,126.9737777709961
2024-04-17,126.44322967529297
2024-04-18,127.33053588867188
2024-04-19,125.37300872802734
2024-04-22,127.57752227783203
2024-04-23,131.24960327148438
2024-04-24,130.07452392578125
2024-04-25,129.0371551513672
2024-04-26,131.1669921875
2024-04-29,132.42466735839844
2024-04-30,128.88111877441406
2024-05-01,130.0469970703125
2024-05-02,131.74533081054688
2024-05-03,134.0771026611328
2024-05-06,136.71182250976562
2024-05-07,137.56561279296875
2024-05-08,134.92169189453125
2024-05-09,137.4829559326172
2024-05-10,139.28228759765625
2024-05-13,138.31834411621094
2024-05-14,138.69476318359375
2024-05-15,145.86453247070312
2024-05-16,140.5675506591797
2024-05-17,141.57733154296875
2024-05-20,139.4934539794922
2024-05-21,137.76756286621094
2024-05-22,132.25942993164062
2024-05-23,131.17616271972656
2024-05-24,132.8561553955078
2024-05-28,131.23126220703125
2024-05-29,130.13880920410156
2024-05-30,133.09483337402344
2024-05-31,134.26991271972656
2024-06-03,134.34335327148438
2024-06-04,131.92893981933594
2024-06-05,133.30596923828125
2024-06-06,131.3230438232422
2024-06-07,129.1748504638672
2024-06-10,130.35911560058594
2024-06-11,127.63261413574219
2024-06-12,131.0017547607422
2024-06-13,131.35975646972656
2024-06-14,130.9007568359375
2024-06-17,131.2771453857422
2024-06-18,126.2371826171875
2024-06-20,125.75981903076172
2024-06-21,127.86209869384766
2024-06-24,128.1558380126953
2024-06-25,126.72376251220703
2024-06-26,126.57685852050781
2024-06-27,127.2103271484375
2024-06-28,127.99981689453125
2024-07-01,125.01622009277344
2024-07-02,122.96904754638672
2024-07-03,123.0057601928711
2024-07-05,122.90440368652344
2024-07-08,123.45728302001953
2024-07-09,124.00093841552734
2024-07-10,126.79296875
2024-07-11,135.52842712402344
2024-07-12,138.1177215576172
2024-07-15,137.656982421875
2024-07-16,147.1664581298828
2024-07-17,143.96897888183594
2024-07-18,146.27264404296875
2024-07-19,146.06069946289062
2024-07-22,147.8483428955078
2024-07-23,148.26300048828125
2024-07-24,144.86280822753906
2024-07-25,147.09274291992188
2024-07-26,152.08705139160156
2024-07-29,153.17437744140625
2024-07-30,155.06338500976562
2024-07-31,152.00411987304688
2024-08-01,150.4376220703125
2024-08-02,149.3226776123047
2024-08-05,146.14364624023438
2024-08-06,147.17567443847656
2024-08-07,142.6236572265625
2024-08-08,144.9825897216797
2024-08-09,144.9918212890625
2024-08-12,143.6925506591797
2024-08-13,145.87643432617188
2024-08-14,144.4757843017578
2024-08-15,145.84878540039062
2024-08-16,147.07431030273438
2024-08-19,150.07827758789062
2024-08-20,149.1568145751953
2024-08-21,152.9993133544922
2024-08-22,152.41879272460938
2024-08-23,158.2884979248047
2024-08-26,156.46400451660156
2024-08-27,155.081787109375
2024-08-28,153.9668731689453
2024-08-29,153.88389587402344
2024-08-30,155.5701904296875
2024-09-03,151.59869384765625
2024-09-04,151.6355438232422
2024-09-05,150.81544494628906
2024-09-06,151.90277099609375
2024-09-09,152.07781982421875
2024-09-10,152.501708984375
2024-09-11,150.7509307861328
2024-09-12,153.23887634277344
2024-09-13,157.1919403076172
2024-09-16,158.50042724609375
2024-09-17,159.59693908691406
2024-09-18,159.03488159179688
2024-09-19,162.77597045898438
2024-09-20,153.8194122314453
2024-09-23,157.04452514648438
2024-09-24,156.5745849609375
2024-09-25,154.45521545410156
2024-09-26,154.4459991455078
2024-09-27,158.62020874023438
2024-09-30,159.3573760986328
2024-10-01,160.01161193847656
2024-10-02,159.20994567871094
2024-10-03,158.67550659179688
2024-10-04,154.89752197265625
2024-10-07,154.78695678710938
2024-10-08,153.21124267578125
2024-10-09,153.94139099121094
2024-10-10,151.76942443847656
2024-10-11,152.065185546875
2024-10-14,155.00425720214844
2024-10-15,158.11895751953125
2024-10-16,161.5478973388672
2024-10-17,159.27423095703125
2024-10-18,162.6199951171875
2024-10-21,155.549560546875
2024-10-22,149.7083740234375
2024-10-23,149.7730712890625
2024-10-24,151.74169921875
2024-10-25,149.59747314453125
2024-10-28,151.36276245117188
2024-10-29,147.97080993652344
2024-10-30,149.19081115722656
2024-10-31,148.1741180419922
2024-11-01,147.96156311035156
2024-11-04,151.01156616210938
2024-11-05,154.69003295898438
2024-11-06,145.8450469970703
2024-11-07,149.81004333496094
2024-11-08,151.2056427001953
2024-11-11,152.18536376953125
2024-11-12,145.35520935058594
2024-11-13,145.7711181640625
2024-11-14,148.19261169433594
2024-11-15,147.44398498535156
2024-11-18,146.9356689453125
2024-11-19,147.25914001464844
2024-11-20,146.81549072265625
2024-11-21,147.1112518310547
2024-11-22,148.3312530517578
2024-11-25,155.51258850097656
2024-11-26,151.22412109375
2024-11-27,151.91732788085938
2024-11-29,152.34246826171875
2024-12-02,151.2056427001953
2024-12-03,151.9265594482422
2024-12-04,146.6029052734375
2024-12-05,144.4956512451172
2024-12-06,143.155517578125
2024-12-09,145.94671630859375
2024-12-10,143.2941436767578
2024-12-11,140.41053771972656
2024-12-12,137.9797821044922
2024-12-13,136.4547882080078
2024-12-16,134.35678100585938
2024-12-17,134.42144775390625
2024-12-18,128.79281616210938
2024-12-19,123.68177795410156
2024-12-20,123.43224334716797
2024-12-23,123.67253875732422
2024-12-24,124.00526428222656
2024-12-26,124.3379898071289
2024-12-27,123.17344665527344
2024-12-30,122.03663635253906
2024-12-31,122.13829803466797
2025-01-02,120.59481811523438
2025-01-03,121.89798736572266
2025-01-06,120.99224090576172
2025-01-07,119.70755767822266
2025-01-08,118.78330993652344
2025-01-10,114.9107437133789
2025-01-13,116.05680847167969
2025-01-14,119.08831787109375
2025-01-15,122.23997497558594
2025-01-16,124.61527252197266
2025-01-17,125.25297546386719
2025-01-21,122.57791137695312
2025-01-22,125.60175323486328
2025-01-23,124.68780517578125
2025-01-24,122.85015869140625
2025-01-27,127.49774169921875
2025-01-28,125.66009521484375
2025-01-29,122.55616760253906
2025-01-30,126.36288452148438
2025-01-31,122.78067016601562
2025-02-03,119.149658203125
2025-02-04,120.24287414550781
2025-02-05,119.03253936767578
2025-02-06,117.89051818847656
2025-02-07,114.89396667480469
2025-02-10,115.53817749023438
2025-02-11,117.6465072631836
2025-02-12,115.71388244628906
2025-02-13,117.4024887084961
2025-02-14,117.4122543334961
2025-02-18,115.66507720947266
2025-02-19,114.12287139892578
2025-02-20,115.66507720947266
2025-02-21,113.31272888183594
2025-02-24,112.93206024169922
2025-02-25,117.03157806396484
2025-02-26,114.32784271240234
2025-02-27,112.86372375488281
2025-02-28,112.93206024169922
2025-03-03,111.16535949707031
2025-03-04,111.88764953613281
2025-03-05,114.74754333496094
2025-03-06,118.22239685058594
2025-03-07,116.9827651977539
2025-03-10,116.49473571777344
2025-03-11,113.4688949584961
2025-03-12,110.64804077148438
2025-03-13,107.82717895507812
2025-03-14,109.1156005859375
2025-03-17,110.25760650634766
2025-03-18,109.75980377197266
2025-03-19,111.59483337402344
2025-03-20,110.39425659179688
2025-03-21,106.6168441772461
2025-03-24,109.0472640991211
2025-03-25,109.53531646728516
2025-03-26,109.46698760986328
2025-03-27,109.46698760986328
2025-03-28,105.7383804321289
2025-03-31,106.4606704711914
2025-04-01,105.77742004394531
2025-04-02,107.03656005859375
2025-04-03,99.95023345947266
2025-04-04,102.85894775390625
2025-04-07,99.1108169555664
2025-04-08,95.47005462646484
2025-04-09,101.35578918457031
2025-04-10,96.50468444824219
2025-04-11,97.91999816894531
2025-04-14,98.48611450195312
2025-04-15,97.86144256591797
2025-04-16,95.97760772705078
2025-04-17,97.24649810791016
2025-04-21,96.0947265625
2025-04-22,99.67694091796875
2025-04-23,100.05947875976562
2025-04-24,101.39347839355469
2025-04-25,99.47096252441406
2025-04-28,100.22622680664062
2025-04-29,99.6573257446289
2025-04-30,101.39347839355469
2025-05-01,100.67743682861328
2025-05-02,102.4430160522461
2025-05-05,101.1286392211914
2025-05-06,99.31401824951172
2025-05-07,101.10902404785156
2025-05-08,102.01143646240234
2025-05-09,101.33462524414062
2025-05-12,105.27776336669922
2025-05-13,105.6504898071289
2025-05-14,102.39397430419922
2025-05-15,104.48324584960938
2025-05-16,106.4253921508789
2025-05-19,105.18948364257812
2025-05-20,102.962890625
2025-05-21,99.39248657226562
2025-05-22,98.74510192871094
2025-05-23,98.88241577148438
2025-05-27,101.70735931396484
2025-05-28,98.78433990478516
2025-05-29,99.72598266601562
2025-05-30,99.36306762695312
2025-06-02,98.38218688964844
2025-06-03,100.04967498779297
2025-06-04,104.0124282836914
2025-06-05,103.28656768798828
2025-06-06,102.31550598144531
2025-06-09,103.81624603271484
2025-06-10,106.78831481933594
2025-06-11,104.86579132080078
2025-06-12,105.58182525634766
2025-06-13,102.00161743164062
2025-06-16,102.65882110595703
2025-06-17,98.87261199951172
2025-06-18,97.4503402709961
2025-06-20,99.40229034423828
2025-06-23,103.53179168701172
2025-06-24,104.58132934570312
2025-06-25,102.05067443847656
2025-06-26,102.354736328125
2025-06-27,103.30619049072266
2025-06-30,103.2375259399414
2025-07-01,108.19097900390625
2025-07-02,108.3773422241211
2025-07-03,104.07141876220703
2025-07-07,102.50472259521484
2025-07-08,103.50977325439453
2025-07-09,108.86016082763672
2025-07-10,109.16561126708984
2025-07-11,107.17522430419922
2025-07-14,105.80560302734375
2025-07-15,101.07598876953125
2025-07-16,103.32255554199219
2025-07-17,103.39152526855469
2025-07-18,103.12549591064453
2025-07-21,102.34707641601562
2025-07-22,111.73734283447266
2025-07-23,111.01803588867188
2025-07-24,107.19493865966797
2025-07-25,109.20503234863281
2025-07-28,110.11153411865234
2025-07-29,109.4415054321289
2025-07-30,105.71692657470703
2025-07-31,105.60853576660156
2025-08-01,109.80608367919922
2025-08-04,111.65850830078125
2025-08-05,113.44197082519531
2025-08-06,112.11177062988281
2025-08-07,112.74238586425781
2025-08-08,114.15142059326172
2025-08-11,113.94449615478516
2025-08-12,117.43260192871094
2025-08-13,123.91612243652344
2025-08-14,121.51190185546875
2025-08-15,123.65007781982422
2025-08-18,123.9752426147461
2025-08-19,126.49771881103516
2025-08-20,122.54650115966797
2025-08-21,121.19658660888672
2025-08-22,127.99540710449219
2025-08-25,127.10861206054688
2025-08-26,125.6010513305664
2025-08-27,125.7291488647461
2025-08-28,125.23648071289062
2025-08-29,125.31529998779297
2025-09-02,124.9901351928711
2025-09-03,126.27106475830078
2025-09-04,130.12376403808594
2025-09-05,134.14393615722656
2025-09-08,134.51837158203125
2025-09-09,129.1186981201172
2025-09-10,128.50779724121094
2025-09-11,132.4491424560547
2025-09-12,129.17784118652344
2025-09-15,126.0542984008789
2025-09-16,125.65031433105469
2025-09-17,124.87189483642578
2025-09-18,124.21172332763672
2025-09-19,119.48210144042969
2025-09-22,113.64889526367188
2025-09-23,115.51119232177734
2025-09-24,117.462158203125
2025-09-25,115.93488311767578
2025-09-26,117.98438262939453
2025-09-29,119.28502655029297
2025-09-30,118.230712890625
2025-10-01,120.18168640136719
2025-10-02,121.04878234863281
2025-10-03,121.92573547363281
2025-10-06,118.1617431640625
2025-10-07,113.65874481201172
2025-10-08,112.00337982177734
2025-10-09,109.66813659667969
2025-10-10,110.29169464111328
2025-10-13,109.88587951660156
2025-10-14,113.60747528076172
2025-10-15,113.9341049194336
2025-10-16,113.36002349853516
2025-10-17,116.13142395019531
2025-10-20,116.4382553100586
2025-10-21,118.8137435913086
2025-10-22,117.32906341552734
2025-10-23,118.20006561279297
2025-10-24,118.44751739501953
2025-10-27,119.32842254638672
2025-10-28,119.73423767089844
2025-10-29,116.37887573242188
2025-10-30,117.49732971191406
2025-10-31,116.84407043457031
2025-11-03,113.59757232666016
2025-11-04,113.56787872314453
2025-11-05,111.82586669921875
2025-11-06,112.1524887084961
2025-11-07,113.28083801269531
2025-11-10,113.7757339477539
2025-11-11,115.97306060791016
2025-11-12,115.26041412353516
2025-11-13,112.76615905761719
2025-11-14,112.18217468261719
2025-11-17,105.73868560791016
2025-11-18,107.16397094726562
2025-11-19,106.19398498535156
2025-11-20,107.0353012084961
2025-11-21,114.01329040527344
2025-11-24,113.39961242675781
2025-11-25,120.85269165039062
2025-11-26,122.23839569091797
2025-11-28,122.32746887207031
2025-12-01,120.38748931884766
2025-12-02,119.9618911743164
2025-12-03,124.19817352294922
2025-12-04,117.88333892822266
2025-12-05,115.75530242919922
2025-12-08,113.07299041748047
2025-12-09,110.53913879394531
2025-12-10,112.28116607666016
2025-12-11,111.6773910522461
2025-12-12,111.96443176269531
2025-12-15,111.59821319580078
2025-12-16,109.00497436523438
2025-12-17,105.105224609375
2025-12-18,100.16619110107422
2025-12-19,97.24633026123047
2025-12-22,97.07807159423828
2025-12-23,95.60328674316406
2025-12-24,96.78113555908203
2025-12-26,96.40501403808594
2025-12-29,95.11829376220703
2025-12-30,95.14798736572266
2025-12-31,94.14830780029297
2026-01-02,94.61351013183594
2026-01-05,96.71184539794922
2026-01-06,97.02857971191406
2026-01-07,95.21726989746094
2026-01-08,99.89895629882812
2026-01-09,107.13427734375
2026-01-12,108.41110229492188
2026-01-13,109.9947509765625
2026-01-14,108.60906219482422
2026-01-15,109.80670166015625
2026-01-16,106.07521057128906
2026-01-20,104.28369903564453
2026-01-21,107.08480072021484
2026-01-22,104.91716003417969
2026-01-23,103.36320495605469
2026-01-26,102.62086486816406
2026-01-27,101.01741027832031
2026-01-28,101.37373352050781
2026-01-29,103.5413589477539
2026-01-30,100.22559356689453
2026-02-02,100.47303771972656
2026-02-03,102.68025207519531
2026-02-04,106.91715240478516
2026-02-05,105.8827896118164
2026-02-06,106.0916519165039
2026-02-09,105.8231201171875
2026-02-10,110.39817810058594
2026-02-11,111.52204895019531
2026-02-12,111.21372985839844
2026-02-13,113.63055419921875
2026-02-17,113.37196350097656
2026-02-18,112.83489227294922
2026-02-19,108.05097198486328
2026-02-20,108.03108215332031
2026-02-23,107.14591217041016
2026-02-24,107.75259399414062
2026-02-25,103.55548095703125
2026-02-26,104.73902893066406
2026-02-27,106.15132904052734
2026-03-02,103.32672882080078
2026-03-03,100.7905502319336
2026-03-04,99.68657684326172
2026-03-05,97.52833557128906
2026-03-06,94.57443237304688
2026-03-09,93.44062042236328
2026-03-10,92.20734405517578
2026-03-11,90.43699645996094
2026-03-12,87.08526611328125
2026-03-13,89.2534408569336
2026-03-16,89.88003540039062
2026-03-17,89.98944091796875
2026-03-18,88.48762512207031
2026-03-19,87.84114837646484
2026-03-20,85.81220245361328
2026-03-23,88.38816833496094
2026-03-24,87.84114837646484
2026-03-25,87.85108947753906
2026-03-26,86.63770294189453
2026-03-27,85.73263549804688
2026-03-30,81.39627838134766
2026-03-31,83.6639175415039
2026-04-01,82.81851959228516
2026-04-02,83.86283111572266
2026-04-06,86.06085205078125
2026-04-07,82.73896026611328
2026-04-08,86.27965545654297
2026-04-09,86.37911224365234
2026-04-10,86.1503677368164
2026-04-13,86.90624237060547
2026-04-14,86.14041900634766
2026-04-15,85.60334014892578
2026-04-16,86.20008850097656
2026-04-17,89.66122436523438
2026-04-20,91.46141052246094
2026-04-21,91.72000122070312
2026-04-22,91.83000183105469
2026-04-23,92.13999938964844
2026-04-24,91.5
2026-04-27,90.9800033569336
2026-04-28,89.93000030517578
2026-04-29,86.16999816894531
2026-04-30,88.37999725341797
2026-05-01,86.30999755859375
2026-05-04,82.05999755859375
