date,close
2001-05-07,14.918560028076172
2001-05-08,14.884803771972656
2001-05-09,14.624909400939941
2001-05-10,15.124441146850586
2001-05-11,14.614785194396973
2001-05-14,14.618159294128418
2001-05-15,14.422401428222656
2001-05-16,14.479784965515137
2001-05-17,14.496647834777832
2001-05-18,14.547279357910156
2001-05-21,13.568464279174805
2001-05-22,13.53808307647705
2001-05-23,12.940665245056152
2001-05-24,12.68414306640625
2001-05-25,12.326375007629395
2001-05-29,12.106982231140137
2001-05-30,12.353377342224121
2001-05-31,12.488382339477539
2001-06-01,13.008171081542969
2001-06-04,12.724650382995605
2001-06-05,13.116178512573242
2001-06-06,13.129678726196289
2001-06-07,12.960916519165039
2001-06-08,13.025039672851562
2001-06-11,12.724650382995605
2001-06-12,12.285870552062988
2001-06-13,12.214991569519043
2001-06-14,11.911222457885742
2001-06-15,11.975345611572266
2001-06-18,12.015856742858887
2001-06-19,12.20823860168457
2001-06-20,13.764227867126465
2001-06-21,14.267136573791504
2001-06-22,13.804725646972656
2001-06-25,13.88572883605957
2001-06-26,13.926230430603027
2001-06-27,14.230009078979492
2001-06-28,14.834186553955078
2001-06-29,14.074747085571289
2001-07-02,14.31101131439209
2001-07-03,14.783553123474121
2001-07-05,14.986054420471191
2001-07-06,14.550651550292969
2001-07-09,14.908428192138672
2001-07-10,15.08731746673584
2001-07-11,15.171692848205566
2001-07-12,15.819743156433105
2001-07-13,15.677986145019531
2001-07-16,16.201141357421875
2001-07-17,15.806245803833008
2001-07-18,16.33953857421875
2001-07-19,16.731067657470703
2001-07-20,16.369909286499023
2001-07-23,15.7792387008667
2001-07-24,15.424843788146973
2001-07-25,15.222321510314941
2001-07-26,15.232460021972656
2001-07-27,14.986054420471191
2001-07-30,15.019807815551758
2001-07-31,15.488968849182129
2001-08-01,15.515973091125488
2001-08-02,15.260396003723145
2001-08-03,14.956542015075684
2001-08-06,14.180013656616211
2001-08-07,13.815390586853027
2001-08-08,13.795123100280762
2001-08-09,13.842385292053223
2001-08-10,13.710723876953125
2001-08-13,13.552037239074707
2001-08-14,13.217796325683594
2001-08-15,13.00171947479248
2001-08-16,13.727604866027832
2001-08-17,13.366348266601562
2001-08-20,13.420368194580078
2001-08-21,13.268436431884766
2001-08-22,13.180651664733887
2001-08-23,13.63982105255127
2001-08-24,14.382585525512695
2001-08-27,14.048335075378418
2001-08-28,14.05172061920166
2001-08-29,14.348822593688965
2001-08-30,14.635801315307617
2001-08-31,15.040937423706055
2001-09-04,15.223258972167969
2001-09-05,14.868753433227539
2001-09-06,14.325187683105469
2001-09-07,13.471015930175781
2001-09-10,13.207669258117676
2001-09-17,12.258956909179688
2001-09-18,12.211690902709961
2001-09-19,12.255586624145508
2001-09-20,11.192078590393066
2001-09-21,11.131307601928711
2001-09-24,11.941597938537598
2001-09-25,11.863941192626953
2001-09-26,11.685006141662598
2001-09-27,12.069892883300781
2001-09-28,12.167799949645996
2001-10-01,11.833558082580566
2001-10-02,11.809924125671387
2001-10-03,12.653974533081055
2001-10-04,12.46828842163086
2001-10-05,12.05301284790039
2001-10-08,11.803174018859863
2001-10-09,12.022624015808105
2001-10-10,12.589822769165039
2001-10-11,13.18403148651123
2001-10-12,12.97132682800293
2001-10-15,12.610081672668457
2001-10-16,12.28934383392334
2001-10-17,12.005745887756348
2001-10-18,11.560089111328125
2001-10-19,11.718772888183594
2001-10-22,11.445293426513672
2001-10-23,11.54658031463623
2001-10-24,11.479057312011719
2001-10-25,11.647873878479004
2001-10-26,12.424389839172363
2001-10-29,11.698506355285645
2001-10-30,11.306873321533203
2001-10-31,12.242076873779297
2001-11-01,12.840892791748047
2001-11-02,12.327523231506348
2001-11-05,12.58083438873291
2001-11-06,12.854399681091309
2001-11-07,13.438694953918457
2001-11-08,12.992873191833496
2001-11-09,12.80036449432373
2001-11-12,13.330617904663086
2001-11-13,13.671734809875488
2001-11-14,13.702134132385254
2001-11-15,12.824005126953125
2001-11-16,12.965852737426758
2001-11-19,12.898306846618652
2001-11-20,12.361296653747559
2001-11-21,12.513280868530273
2001-11-23,12.729436874389648
2001-11-26,12.361296653747559
2001-11-27,12.040447235107422
2001-11-28,12.023564338684082
2001-11-29,12.158655166625977
2001-11-30,12.563944816589355
2001-12-03,12.695660591125488
2001-12-04,13.019895553588867
2001-12-05,13.732523918151855
2001-12-06,13.6649808883667
2001-12-07,13.263067245483398
2001-12-10,12.992873191833496
2001-12-11,13.05029296875
2001-12-12,13.870999336242676
2001-12-13,14.050004959106445
2001-12-14,13.921660423278809
2001-12-17,13.93178939819336
2001-12-18,14.860580444335938
2001-12-19,15.813006401062012
2001-12-20,15.586719512939453
2001-12-21,15.789369583129883
2001-12-24,16.127103805541992
2001-12-26,16.214927673339844
2001-12-27,16.02578353881836
2001-12-28,16.194652557373047
2001-12-31,15.813006401062012
2002-01-02,15.654273986816406
2002-01-03,15.350310325622559
2002-01-04,15.536060333251953
2002-01-07,15.840023040771484
2002-01-08,15.880561828613281
2002-01-09,16.464845657348633
2002-01-10,15.907574653625488
2002-01-11,15.711691856384277
2002-01-14,15.924458503723145
2002-01-15,16.214927673339844
2002-01-16,16.194652557373047
2002-01-17,16.785707473754883
2002-01-18,16.718158721923828
2002-01-22,16.870126724243164
2002-01-23,17.224756240844727
2002-01-24,17.79216957092285
2002-01-25,17.714487075805664
2002-01-28,18.406850814819336
2002-01-29,18.406850814819336
2002-01-30,19.001277923583984
2002-01-31,18.727699279785156
2002-02-01,18.512514114379883
2002-02-04,18.431442260742188
2002-02-05,18.15781021118164
2002-02-06,17.718639373779297
2002-02-07,17.73552703857422
2002-02-08,17.634170532226562
2002-02-11,18.03956413269043
2002-02-12,18.14090919494629
2002-02-13,18.073348999023438
2002-02-14,18.208480834960938
2002-02-15,17.84024429321289
2002-02-19,17.8436336517334
2002-02-20,17.73552703857422
2002-02-21,17.992271423339844
2002-02-22,17.887550354003906
2002-02-25,18.54292106628418
2002-02-26,18.978702545166016
2002-02-27,18.539546966552734
2002-02-28,18.65102767944336
2002-03-01,19.390844345092773
2002-03-04,20.14756202697754
2002-03-05,19.17464256286621
2002-03-06,19.880687713623047
2002-03-07,19.28950309753418
2002-03-08,19.25572395324707
2002-03-11,19.25572395324707
2002-03-12,19.373958587646484
2002-03-13,19.171266555786133
2002-03-14,18.76587677001953
2002-03-15,18.42805290222168
2002-03-18,17.904436111450195
2002-03-19,18.509138107299805
2002-03-20,17.776073455810547
2002-03-21,17.26933479309082
2002-03-22,18.411170959472656
2002-03-25,18.07672882080078
2002-03-26,18.79966163635254
2002-03-27,18.05645751953125
2002-03-28,17.8233642578125
2002-04-01,17.47203826904297
2002-04-02,17.330154418945312
2002-04-03,17.69499397277832
2002-04-04,17.39433479309082
2002-04-05,17.5429744720459
2002-04-08,18.208480834960938
2002-04-09,18.7557373046875
2002-04-10,18.478721618652344
2002-04-11,18.03956413269043
2002-04-12,18.44832992553711
2002-04-15,18.45846939086914
2002-04-16,18.134153366088867
2002-04-17,18.21185874938965
2002-04-18,17.91119384765625
2002-04-19,18.00579261779785
2002-04-22,18.492238998413086
2002-04-23,19.205045700073242
2002-04-24,19.137479782104492
2002-04-25,19.06316375732422
2002-04-26,18.478721618652344
2002-04-29,18.789531707763672
2002-04-30,18.762496948242188
2002-05-01,19.134103775024414
2002-05-02,19.391931533813477
2002-05-03,19.466266632080078
2002-05-06,18.7532901763916
2002-05-07,18.966175079345703
2002-05-08,18.898590087890625
2002-05-09,18.898590087890625
2002-05-10,18.44919776916504
2002-05-13,18.4356689453125
2002-05-14,19.097949981689453
2002-05-15,18.719505310058594
2002-05-16,18.08763885498047
2002-05-17,18.57421112060547
2002-05-20,18.388362884521484
2002-05-21,17.979509353637695
2002-05-22,17.90854835510254
2002-05-23,18.209274291992188
2002-05-24,18.705989837646484
2002-05-28,18.381607055664062
2002-05-29,18.25996208190918
2002-05-30,18.151838302612305
2002-05-31,18.48973846435547
2002-06-03,17.803804397583008
2002-06-04,17.10097312927246
2002-06-05,17.611202239990234
2002-06-06,18.026813507080078
2002-06-07,18.24983024597168
2002-06-10,18.094396591186523
2002-06-11,18.070741653442383
2002-06-12,18.276859283447266
2002-06-13,17.807178497314453
2002-06-14,18.04370880126953
2002-06-17,18.7532901763916
2002-06-18,19.361513137817383
2002-06-19,19.99675178527832
2002-06-20,20.79757308959961
2002-06-21,20.753650665283203
2002-06-24,20.273826599121094
2002-06-25,19.777116775512695
2002-06-26,20.402219772338867
2002-06-27,20.189359664916992
2002-06-28,20.679304122924805
2002-07-01,21.388887405395508
2002-07-02,20.82460594177246
2002-07-03,20.79757308959961
2002-07-05,21.121952056884766
2002-07-08,21.078025817871094
2002-07-09,20.594833374023438
2002-07-10,20.236661911010742
2002-07-11,19.199316024780273
2002-07-12,18.837766647338867
2002-07-15,19.260143280029297
2002-07-16,18.300518035888672
2002-07-17,18.060592651367188
2002-07-18,17.88151741027832
2002-07-19,16.594135284423828
2002-07-22,15.604089736938477
2002-07-23,16.290021896362305
2002-07-24,17.198972702026367
2002-07-25,16.472496032714844
2002-07-26,16.462352752685547
2002-07-29,17.722713470458984
2002-07-30,17.742982864379883
2002-07-31,17.148286819458008
2002-08-01,16.486845016479492
2002-08-02,14.945642471313477
2002-08-05,15.205888748168945
2002-08-06,15.821029663085938
2002-08-07,15.442482948303223
2002-08-08,16.192800521850586
2002-08-09,16.273916244506836
2002-08-12,16.121826171875
2002-08-13,15.885236740112305
2002-08-14,16.26040267944336
2002-08-15,17.375751495361328
2002-08-16,17.524465560913086
2002-08-19,18.078750610351562
2002-08-20,17.835403442382812
2002-08-21,17.625850677490234
2002-08-22,18.379558563232422
2002-08-23,18.335615158081055
2002-08-26,18.99468994140625
2002-08-27,18.268028259277344
2002-08-28,17.984111785888672
2002-08-29,17.77117156982422
2002-08-30,17.845542907714844
2002-09-03,17.220279693603516
2002-09-04,18.10579490661621
2002-09-05,18.700645446777344
2002-09-06,18.852739334106445
2002-09-09,19.69432258605957
2002-09-10,19.613197326660156
2002-09-11,19.613197326660156
2002-09-12,19.01495933532715
2002-09-13,19.650373458862305
2002-09-16,19.619953155517578
2002-09-17,19.53208351135254
2002-09-18,19.146774291992188
2002-09-19,18.048330307006836
2002-09-20,18.87639045715332
2002-09-23,18.78851890563965
2002-09-24,18.244359970092773
2002-09-25,18.61277198791504
2002-09-26,19.248180389404297
2002-09-27,18.927087783813477
2002-09-30,18.852739334106445
2002-10-01,19.450960159301758
2002-10-02,19.23804473876953
2002-10-03,18.9777889251709
2002-10-04,18.139591217041016
2002-10-07,17.541362762451172
2002-10-08,17.852298736572266
2002-10-09,16.919458389282227
2002-10-10,17.595434188842773
2002-10-11,18.369417190551758
2002-10-14,18.504615783691406
2002-10-15,19.31239128112793
2002-10-16,18.839218139648438
2002-10-17,19.8768253326416
2002-10-18,19.376605987548828
2002-10-21,20.22157096862793
2002-10-22,19.603071212768555
2002-10-23,19.924148559570312
2002-10-24,19.23804473876953
2002-10-25,19.31239128112793
2002-10-28,18.69049835205078
2002-10-29,18.69049835205078
2002-10-30,18.234233856201172
2002-10-31,18.646562576293945
2002-11-01,18.66008186340332
2002-11-04,18.63980484008789
2002-11-05,18.613779067993164
2002-11-06,19.060022354125977
2002-11-07,18.022167205810547
2002-11-08,17.42717933654785
2002-11-11,17.393373489379883
2002-11-12,17.143198013305664
2002-11-13,16.92345428466797
2002-11-14,17.450838088989258
2002-11-15,17.785520553588867
2002-11-18,17.28180503845215
2002-11-19,17.28180503845215
2002-11-20,17.731435775756836
2002-11-21,17.934263229370117
2002-11-22,17.883554458618164
2002-11-25,17.84299087524414
2002-11-26,17.33251190185547
2002-11-27,18.086400985717773
2002-11-29,17.92412757873535
2002-12-02,17.944416046142578
2002-12-03,16.953882217407227
2002-12-04,16.987688064575195
2002-12-05,16.849082946777344
2002-12-06,16.71722984313965
2002-12-09,16.93698501586914
2002-12-10,16.615821838378906
2002-12-11,16.86937141418457
2002-12-12,17.37984275817871
2002-12-13,16.964031219482422
2002-12-16,17.88017463684082
2002-12-17,17.697622299194336
2002-12-18,17.751707077026367
2002-12-19,17.805810928344727
2002-12-20,18.21147346496582
2002-12-23,18.099916458129883
2002-12-24,18.04583168029785
2002-12-26,18.103300094604492
2002-12-27,17.714529037475586
2002-12-30,17.494792938232422
2002-12-31,17.444068908691406
2003-01-02,18.21486473083496
2003-01-03,17.99849510192871
2003-01-06,18.228378295898438
2003-01-07,18.593488693237305
2003-01-08,18.75575828552246
2003-01-09,19.05662727355957
2003-01-10,19.16143226623535
2003-01-13,18.830135345458984
2003-01-14,18.556310653686523
2003-01-15,18.782808303833008
2003-01-16,19.289907455444336
2003-01-17,19.269620895385742
2003-01-21,19.01268768310547
2003-01-22,18.74223518371582
2003-01-23,19.083677291870117
2003-01-24,18.796337127685547
2003-01-27,18.38051414489746
2003-01-28,18.492061614990234
2003-01-29,18.610387802124023
2003-01-30,18.099916458129883
2003-01-31,18.208093643188477
2003-02-03,18.279094696044922
2003-02-04,18.140493392944336
2003-02-05,18.44582748413086
2003-02-06,17.908185958862305
2003-02-07,17.722198486328125
2003-02-10,17.887889862060547
2003-02-11,18.09078025817871
2003-02-12,17.7695369720459
2003-02-13,17.225128173828125
2003-02-14,17.566652297973633
2003-02-18,18.242948532104492
2003-02-19,18.09078025817871
2003-02-20,18.056961059570312
2003-02-21,18.38496208190918
2003-02-24,18.023149490356445
2003-02-25,18.50330924987793
2003-02-26,18.3004207611084
2003-02-27,18.286903381347656
2003-02-28,18.256471633911133
2003-03-03,18.415386199951172
2003-03-04,17.093252182006836
2003-03-05,16.704376220703125
2003-03-06,16.518396377563477
2003-03-07,16.893747329711914
2003-03-10,16.5048770904541
2003-03-11,16.48459243774414
2003-03-12,16.660419464111328
2003-03-13,17.417865753173828
2003-03-14,17.225128173828125
2003-03-17,17.600460052490234
2003-03-18,17.600460052490234
2003-03-19,18.097545623779297
2003-03-20,18.351152420043945
2003-03-21,18.905710220336914
2003-03-24,18.428924560546875
2003-03-25,18.496545791625977
2003-03-26,18.171932220458984
2003-03-27,18.236173629760742
2003-03-28,18.236173629760742
2003-03-31,18.10768699645996
2003-04-01,18.516836166381836
2003-04-02,19.172836303710938
2003-04-03,19.352054595947266
2003-04-04,19.051101684570312
2003-04-07,19.040964126586914
2003-04-08,18.942901611328125
2003-04-09,19.08830451965332
2003-04-10,19.287813186645508
2003-04-11,19.166078567504883
2003-04-14,19.49069595336914
2003-04-15,19.71726417541504
2003-04-16,19.730783462524414
2003-04-17,19.791645050048828
2003-04-21,19.68682861328125
2003-04-22,20.27033233642578
2003-04-23,20.359527587890625
2003-04-24,20.054771423339844
2003-04-25,19.7239933013916
2003-04-28,19.883806228637695
2003-04-29,19.89867401123047
2003-04-30,20.158830642700195
2003-05-01,19.6989803314209
2003-05-02,19.98893928527832
2003-05-05,20.178544998168945
2003-05-06,19.948049545288086
2003-05-07,20.743589401245117
2003-05-08,20.970361709594727
2003-05-09,21.6729679107666
2003-05-12,22.36441421508789
2003-05-13,22.297500610351562
2003-05-14,22.278913497924805
2003-05-15,22.67668914794922
2003-05-16,22.304933547973633
2003-05-19,21.977806091308594
2003-05-20,21.96293067932129
2003-05-21,22.119062423706055
2003-05-22,23.171119689941406
2003-05-23,23.498252868652344
2003-05-27,23.5168399810791
2003-05-28,24.45364761352539
2003-05-29,24.238027572631836
2003-05-30,24.925765991210938
2003-06-02,24.777069091796875
2003-06-03,24.910892486572266
2003-06-04,25.736186981201172
2003-06-05,26.435068130493164
2003-06-06,25.72503089904785
2003-06-09,25.00383758544922
2003-06-10,25.929481506347656
2003-06-11,28.0484619140625
2003-06-12,27.96668243408203
2003-06-13,27.992700576782227
2003-06-16,28.91092300415039
2003-06-17,28.829124450683594
2003-06-18,28.364458084106445
2003-06-19,28.26780128479004
2003-06-20,27.379316329956055
2003-06-23,27.695287704467773
2003-06-24,27.862590789794922
2003-06-25,27.104223251342773
2003-06-26,27.82168960571289
2003-06-27,27.43136978149414
2003-06-30,26.580047607421875
2003-07-01,27.104223251342773
2003-07-02,27.52801513671875
2003-07-03,27.394180297851562
2003-07-07,27.91834831237793
2003-07-08,28.435070037841797
2003-07-09,27.92578125
2003-07-10,27.186002731323242
2003-07-11,27.067039489746094
2003-07-14,27.713884353637695
2003-07-15,26.438779830932617
2003-07-16,26.68785285949707
2003-07-17,25.736186981201172
2003-07-18,25.40904426574707
2003-07-21,24.706439971923828
2003-07-22,25.464811325073242
2003-07-23,25.308666229248047
2003-07-24,25.186002731323242
2003-07-25,25.204586029052734
2003-07-28,24.751047134399414
2003-07-29,24.825395584106445
2003-07-30,25.0744686126709
2003-07-31,24.23431396484375
2003-08-01,23.49921989440918
2003-08-04,23.908227920532227
2003-08-05,23.383955001831055
2003-08-06,24.610971450805664
2003-08-07,24.726245880126953
2003-08-08,25.1203670501709
2003-08-11,24.912151336669922
2003-08-12,25.075748443603516
2003-08-13,24.1647891998291
2003-08-14,24.239145278930664
2003-08-15,24.532886505126953
2003-08-18,24.596097946166992
2003-08-19,25.46988868713379
2003-08-20,25.295127868652344
2003-08-21,25.711565017700195
2003-08-22,25.283979415893555
2003-08-25,25.354616165161133
2003-08-26,25.339746475219727
2003-08-27,25.019977569580078
2003-08-28,25.40667152404785
2003-08-29,25.00510597229004
2003-09-02,24.841506958007812
2003-09-03,25.878890991210938
2003-09-04,26.62624740600586
2003-09-05,26.25071144104004
2003-09-08,26.622533798217773
2003-09-09,26.518417358398438
2003-09-10,25.283979415893555
2003-09-11,25.878890991210938
2003-09-12,26.351112365722656
2003-09-15,26.864212036132812
2003-09-16,27.745424270629883
2003-09-17,27.715694427490234
2003-09-18,28.031734466552734
2003-09-19,27.88300895690918
2003-09-22,27.32900619506836
2003-09-23,27.56325340270996
2003-09-24,28.254833221435547
2003-09-25,28.184192657470703
2003-09-26,28.165605545043945
2003-09-29,28.57461166381836
2003-09-30,28.92411994934082
2003-10-01,30.545276641845703
2003-10-02,30.768360137939453
2003-10-03,30.545276641845703
2003-10-06,31.11788558959961
2003-10-07,31.184810638427734
2003-10-08,31.37071990966797
2003-10-09,31.764846801757812
2003-10-10,31.50457000732422
2003-10-13,32.43041229248047
2003-10-14,32.467586517333984
2003-10-15,31.10300064086914
2003-10-16,31.32238006591797
2003-10-17,30.991455078125
2003-10-20,31.270309448242188
2003-10-21,31.772275924682617
2003-10-22,31.616106033325195
2003-10-23,32.23706817626953
2003-10-24,31.8169002532959
2003-10-27,32.43784713745117
2003-10-28,32.976985931396484
2003-10-29,34.497745513916016
2003-10-30,34.021812438964844
2003-10-31,34.1519660949707
2003-11-03,34.505184173583984
2003-11-04,34.140804290771484
2003-11-05,35.3935546875
2003-11-06,35.415916442871094
2003-11-07,33.924556732177734
2003-11-10,33.100582122802734
2003-11-11,33.54053497314453
2003-11-12,34.368228912353516
2003-11-13,34.7149658203125
2003-11-14,34.2340087890625
2003-11-17,34.23771667480469
2003-11-18,34.319759368896484
2003-11-19,34.51737594604492
2003-11-20,34.502445220947266
2003-11-21,34.785804748535156
2003-11-24,36.150413513183594
2003-11-25,36.69101333618164
2003-11-26,36.299537658691406
2003-11-28,36.5008659362793
2003-12-01,37.84309387207031
2003-12-02,37.58579635620117
2003-12-03,36.44866180419922
2003-12-04,36.57170486450195
2003-12-05,36.09446716308594
2003-12-08,37.097412109375
2003-12-09,35.647064208984375
2003-12-10,33.835079193115234
2003-12-11,34.390621185302734
2003-12-12,34.58074951171875
2003-12-15,33.91710662841797
2003-12-16,33.87236022949219
2003-12-17,34.97222900390625
2003-12-18,35.736534118652344
2003-12-19,35.661991119384766
2003-12-22,36.57543182373047
2003-12-23,36.959449768066406
2003-12-24,36.74319839477539
2003-12-26,37.06011962890625
2003-12-29,37.078773498535156
2003-12-30,36.23987579345703
2003-12-31,35.79248046875
2004-01-02,34.968502044677734
2004-01-05,34.498722076416016
2004-01-06,35.222042083740234
2004-01-07,34.77461624145508
2004-01-08,33.354122161865234
2004-01-09,34.37195587158203
2004-01-12,33.41377258300781
2004-01-13,32.62334060668945
2004-01-14,33.25715637207031
2004-01-15,33.64493179321289
2004-01-16,33.857444763183594
2004-01-20,33.75304412841797
2004-01-21,34.666507720947266
2004-01-22,35.17356491088867
2004-01-23,34.82310104370117
2004-01-26,34.629215240478516
2004-01-27,34.7634391784668
2004-01-28,32.59352111816406
2004-01-29,32.87688446044922
2004-01-30,32.88434600830078
2004-02-02,32.742652893066406
2004-02-03,33.32429122924805
2004-02-04,32.56532287597656
2004-02-05,32.40081024169922
2004-02-06,33.65705108642578
2004-02-09,33.881370544433594
2004-02-10,33.70189666748047
2004-02-11,34.94318771362305
2004-02-12,35.07033157348633
2004-02-13,35.017974853515625
2004-02-17,35.65357971191406
2004-02-18,35.4142951965332
2004-02-19,34.84599304199219
2004-02-20,34.58425521850586
2004-02-23,34.26272964477539
2004-02-24,34.51698303222656
2004-02-25,34.524444580078125
2004-02-26,35.71340560913086
2004-02-27,36.97713088989258
2004-03-01,38.928794860839844
2004-03-02,38.65960693359375
2004-03-03,38.921329498291016
2004-03-04,39.706485748291016
2004-03-05,41.35158157348633
2004-03-08,41.71050262451172
2004-03-09,41.3814811706543
2004-03-10,40.42435073852539
2004-03-11,40.678585052490234
2004-03-12,41.56095504760742
2004-03-15,41.86006546020508
2004-03-16,41.88249588012695
2004-03-17,40.19253921508789
2004-03-18,40.45427322387695
2004-03-19,39.78125762939453
2004-03-22,39.62421798706055
2004-03-23,40.11775588989258
2004-03-24,39.743873596191406
2004-03-25,39.99810791015625
2004-03-26,40.17757797241211
2004-03-29,39.84857177734375
2004-03-30,40.8580436706543
2004-03-31,40.40190505981445
2004-04-01,40.499122619628906
2004-04-02,39.04844665527344
2004-04-05,38.3829345703125
2004-04-06,38.614742279052734
2004-04-07,38.405364990234375
2004-04-08,37.73985290527344
2004-04-12,37.06687545776367
2004-04-13,36.491085052490234
2004-04-14,36.44622802734375
2004-04-15,36.55088806152344
2004-04-16,36.79765319824219
2004-04-19,36.23684310913086
2004-04-20,35.28716278076172
2004-04-21,35.945213317871094
2004-04-22,36.69297409057617
2004-04-23,36.13216781616211
2004-04-26,36.2293701171875
2004-04-27,36.94721984863281
2004-04-28,35.69843292236328
2004-04-29,34.99554443359375
2004-04-30,35.03294372558594
2004-05-03,35.33952331542969
2004-05-04,35.257259368896484
2004-05-05,35.63587188720703
2004-05-06,34.863651275634766
2004-05-07,33.364131927490234
2004-05-10,32.41194534301758
2004-05-11,32.67435836791992
2004-05-12,32.86180114746094
2004-05-13,32.91427230834961
2004-05-14,33.15421676635742
2004-05-17,32.41944122314453
2004-05-18,32.29946517944336
2004-05-19,31.204830169677734
2004-05-20,31.414766311645508
2004-05-21,31.707176208496094
2004-05-24,32.45692825317383
2004-05-25,33.8664665222168
2004-05-26,33.80649948120117
2004-05-27,34.391292572021484
2004-05-28,34.41379928588867
2004-06-01,34.03891372680664
2004-06-02,33.656551361083984
2004-06-03,33.29664611816406
2004-06-04,33.13918685913086
2004-06-07,34.75117492675781
2004-06-08,33.933929443359375
2004-06-09,33.15421676635742
2004-06-10,33.21418762207031
2004-06-14,32.6143684387207
2004-06-15,32.67435836791992
2004-06-16,32.16452407836914
2004-06-17,32.68934631347656
2004-06-18,33.1692008972168
2004-06-21,32.8992805480957
2004-06-22,32.93678283691406
2004-06-23,33.20669174194336
2004-06-24,34.106388092041016
2004-06-25,34.41379928588867
2004-06-28,33.29664611816406
2004-06-29,32.93678283691406
2004-06-30,33.52906036376953
2004-07-01,33.29664611816406
2004-07-02,33.95644760131836
2004-07-06,33.29664611816406
2004-07-07,33.431617736816406
2004-07-08,31.62468910217285
2004-07-09,31.969575881958008
2004-07-12,32.037044525146484
2004-07-13,32.951751708984375
2004-07-14,32.32195281982422
2004-07-15,32.16452407836914
2004-07-16,32.359466552734375
2004-07-19,31.83463478088379
2004-07-20,31.662189483642578
2004-07-21,31.03989601135254
2004-07-22,31.744667053222656
2004-07-23,31.392269134521484
2004-07-26,30.732494354248047
2004-07-27,30.972412109375
2004-07-28,31.099849700927734
2004-07-29,31.842132568359375
2004-07-30,31.999570846557617
2004-08-02,31.999570846557617
2004-08-03,31.669689178466797
2004-08-04,31.906557083129883
2004-08-05,31.73358917236328
2004-08-06,31.786231994628906
2004-08-09,31.59824562072754
2004-08-10,32.30509948730469
2004-08-11,32.01935958862305
2004-08-12,31.906557083129883
2004-08-13,32.1622314453125
2004-08-16,32.86911392211914
2004-08-17,33.53835678100586
2004-08-18,33.83916473388672
2004-08-19,33.62857437133789
2004-08-20,33.91433334350586
2004-08-23,34.29032897949219
2004-08-24,34.19257736206055
2004-08-25,33.989540100097656
2004-08-26,34.042171478271484
2004-08-27,34.2226676940918
2004-08-30,33.666202545166016
2004-08-31,34.44075012207031
2004-09-01,35.18519973754883
2004-09-02,35.057369232177734
2004-09-03,34.929508209228516
2004-09-07,35.87701416015625
2004-09-08,35.26791000366211
2004-09-09,35.29799270629883
2004-09-10,35.155113220214844
2004-09-13,35.32808303833008
2004-09-14,35.53862380981445
2004-09-15,35.260398864746094
2004-09-16,35.711570739746094
2004-09-17,35.76421356201172
2004-09-20,34.55353546142578
2004-09-21,35.5235710144043
2004-09-22,36.3206672668457
2004-09-23,35.75668716430664
2004-09-24,35.801822662353516
2004-09-27,36.44099807739258
2004-09-28,35.86198425292969
2004-09-29,35.4859733581543
2004-09-30,35.7943000793457
2004-10-01,35.7943000793457
2004-10-04,34.06473922729492
2004-10-05,33.56092834472656
2004-10-06,33.87675094604492
2004-10-07,32.508140563964844
2004-10-08,32.86157989501953
2004-10-11,32.575828552246094
2004-10-12,32.89917755126953
2004-10-13,32.16974639892578
2004-10-14,32.05697250366211
2004-10-15,32.12464904785156
2004-10-18,32.102073669433594
2004-10-19,31.771215438842773
2004-10-20,31.726085662841797
2004-10-21,32.13212966918945
2004-10-22,31.921602249145508
2004-10-25,32.9367790222168
2004-10-26,33.801536560058594
2004-10-27,33.89176940917969
2004-10-28,33.71131134033203
2004-10-29,33.82411575317383
2004-11-01,33.651145935058594
2004-11-02,34.21514892578125
2004-11-03,33.94963073730469
2004-11-04,33.7158203125
2004-11-05,33.0973014831543
2004-11-08,32.848411560058594
2004-11-09,33.30851745605469
2004-11-10,33.35378646850586
2004-11-11,33.21800231933594
2004-11-12,34.922645568847656
2004-11-15,36.325599670410156
2004-11-16,35.56378173828125
2004-11-17,36.02387619018555
2004-11-18,36.091766357421875
2004-11-19,34.96790313720703
2004-11-22,35.06595993041992
2004-11-23,34.77178955078125
2004-11-24,35.390296936035156
2004-11-26,35.216800689697266
2004-11-29,34.05524826049805
2004-11-30,33.88929748535156
2004-12-01,34.7567024230957
2004-12-02,33.8515739440918
2004-12-03,34.688812255859375
2004-12-06,34.70390701293945
2004-12-07,33.90436935424805
2004-12-08,33.3914794921875
2004-12-09,35.56378173828125
2004-12-10,37.796409606933594
2004-12-13,38.1660041809082
2004-12-14,38.33950424194336
2004-12-15,42.5030403137207
2004-12-16,41.62056350708008
2004-12-17,41.394283294677734
2004-12-20,41.33392333984375
2004-12-21,41.107662200927734
2004-12-22,41.77894973754883
2004-12-23,41.46214294433594
2004-12-27,40.85120391845703
2004-12-28,41.74877166748047
2004-12-29,42.20133972167969
2004-12-30,42.61618423461914
2004-12-31,42.7519645690918
2005-01-03,42.239051818847656
2005-01-04,40.30057144165039
2005-01-05,39.92345428466797
2005-01-06,40.37599563598633
2005-01-07,40.63247299194336
2005-01-10,41.484779357910156
2005-01-11,41.416908264160156
2005-01-12,41.56021499633789
2005-01-13,42.26921463012695
2005-01-14,43.3930778503418
2005-01-18,43.619346618652344
2005-01-19,43.44588088989258
2005-01-20,41.786502838134766
2005-01-21,41.34148406982422
2005-01-24,40.94925308227539
2005-01-25,41.567752838134766
2005-01-26,42.76704406738281
2005-01-27,42.13345718383789
2005-01-28,42.43516159057617
2005-01-31,42.59355926513672
2005-02-01,43.121551513671875
2005-02-02,43.63444519042969
2005-02-03,43.20197677612305
2005-02-04,45.06947326660156
2005-02-07,44.41926574707031
2005-02-08,45.18288040161133
2005-02-09,44.245357513427734
2005-02-10,44.42683410644531
2005-02-11,43.55731964111328
2005-02-14,43.38341522216797
2005-02-15,42.854183197021484
2005-02-16,43.8900146484375
2005-02-17,44.26803970336914
2005-02-18,43.837066650390625
2005-02-22,42.226661682128906
2005-02-23,42.21908950805664
2005-02-24,44.411705017089844
2005-02-25,47.10330581665039
2005-02-28,45.98432922363281
2005-03-01,46.38502883911133
2005-03-02,45.024105072021484
2005-03-03,44.97118377685547
2005-03-04,46.85380935668945
2005-03-07,46.54383087158203
2005-03-08,45.04677963256836
2005-03-09,43.59513854980469
2005-03-10,43.239768981933594
2005-03-11,43.07342529296875
2005-03-14,43.2851448059082
2005-03-15,43.118812561035156
2005-03-16,42.778568267822266
2005-03-17,41.962032318115234
2005-03-18,41.735191345214844
2005-03-21,41.48569869995117
2005-03-22,42.037628173828125
2005-03-23,41.735191345214844
2005-03-24,42.5517578125
2005-03-28,42.876869201660156
2005-03-29,42.82394790649414
2005-03-30,42.6802864074707
2005-03-31,42.854183197021484
2005-04-01,43.31536865234375
2005-04-04,43.77659225463867
2005-04-05,43.45904541015625
2005-04-06,42.740760803222656
2005-04-07,43.48173141479492
2005-04-08,43.065879821777344
2005-04-11,43.133949279785156
2005-04-12,44.109256744384766
2005-04-13,43.11124801635742
2005-04-14,41.447879791259766
2005-04-15,40.07183837890625
2005-04-18,40.487674713134766
2005-04-19,40.51792526245117
2005-04-20,39.65597915649414
2005-04-21,40.18524932861328
2005-04-22,39.73160934448242
2005-04-25,40.994232177734375
2005-04-26,40.69181823730469
2005-04-27,40.18524932861328
2005-04-28,38.91502380371094
2005-04-29,38.91502380371094
2005-05-02,38.91502380371094
2005-05-03,38.27238464355469
2005-05-04,39.34742736816406
2005-05-05,39.840213775634766
2005-05-06,40.181392669677734
2005-05-09,40.79547119140625
2005-05-10,40.105552673339844
2005-05-11,40.4163932800293
2005-05-12,39.150306701660156
2005-05-13,38.884952545166016
2005-05-16,40.24961471557617
2005-05-17,40.36333465576172
2005-05-18,42.24351501464844
2005-05-19,42.440643310546875
2005-05-20,42.137386322021484
2005-05-23,42.43305587768555
2005-05-24,42.43305587768555
2005-05-25,41.97816848754883
2005-05-26,43.57025146484375
2005-05-27,43.63850784301758
2005-05-31,43.97965621948242
2005-06-01,44.60892105102539
2005-06-02,44.980403900146484
2005-06-03,44.54067611694336
2005-06-06,45.16993713378906
2005-06-07,45.27607727050781
2005-06-08,44.464866638183594
2005-06-09,44.980403900146484
2005-06-10,44.60892105102539
2005-06-13,45.13203048706055
2005-06-14,45.852256774902344
2005-06-15,46.739295959472656
2005-06-16,47.148681640625
2005-06-17,48.02055358886719
2005-06-20,47.05771255493164
2005-06-21,48.073612213134766
2005-06-22,47.74760818481445
2005-06-23,47.232078552246094
2005-06-24,46.413299560546875
2005-06-27,47.80068588256836
2005-06-28,48.33137893676758
2005-06-29,47.179012298583984
2005-06-30,48.10392379760742
2005-07-01,48.05845260620117
2005-07-05,48.573974609375
2005-07-06,48.2934455871582
2005-07-07,49.42310333251953
2005-07-08,49.673274993896484
2005-07-11,50.62852478027344
2005-07-12,50.17365264892578
2005-07-13,50.348026275634766
2005-07-14,49.9992790222168
2005-07-15,50.560298919677734
2005-07-18,50.24945068359375
2005-07-19,50.79531478881836
2005-07-20,51.409420013427734
2005-07-21,50.24188232421875
2005-07-22,50.340450286865234
2005-07-25,49.22597885131836
2005-07-26,49.73394012451172
2005-07-27,50.12815856933594
2005-07-28,51.7581672668457
2005-07-29,51.00002670288086
2005-08-01,51.16679763793945
2005-08-02,50.909027099609375
2005-08-03,50.4137077331543
2005-08-04,50.140235900878906
2005-08-05,47.883914947509766
2005-08-08,46.56204605102539
2005-08-09,46.74436569213867
2005-08-10,46.9114990234375
2005-08-11,47.4888916015625
2005-08-12,47.671199798583984
2005-08-15,47.51166534423828
2005-08-16,46.72917175292969
2005-08-17,46.07582473754883
2005-08-18,45.96947479248047
2005-08-19,45.49846267700195
2005-08-22,45.36931228637695
2005-08-23,44.76914978027344
2005-08-24,45.657997131347656
2005-08-25,45.02745056152344
2005-08-26,44.37411117553711
2005-08-29,44.36650848388672
2005-08-30,45.17938995361328
2005-08-31,47.17738723754883
2005-09-01,46.78994369506836
2005-09-02,46.34174346923828
2005-09-06,47.23816680908203
2005-09-07,47.45089340209961
2005-09-08,46.303741455078125
2005-09-09,47.519264221191406
2005-09-12,47.329345703125
2005-09-13,46.88871765136719
2005-09-14,47.16981506347656
2005-09-15,47.329345703125
2005-09-16,46.197391510009766
2005-09-19,44.82233428955078
2005-09-20,41.09981155395508
2005-09-21,40.636356353759766
2005-09-22,43.447265625
2005-09-23,42.84709930419922
2005-09-26,43.35612869262695
2005-09-27,43.302913665771484
2005-09-28,42.9610481262207
2005-09-29,44.33613204956055
2005-09-30,45.399715423583984
2005-10-03,46.87350845336914
2005-10-04,45.05782699584961
2005-10-05,43.77392578125
2005-10-06,43.416893005371094
2005-10-07,43.758758544921875
2005-10-10,41.86709976196289
2005-10-11,42.12539291381836
2005-10-12,41.297298431396484
2005-10-13,41.80631637573242
2005-10-14,42.39128112792969
2005-10-17,42.48245620727539
2005-10-18,40.90985107421875
2005-10-19,42.76353454589844
2005-10-20,42.26212692260742
2005-10-21,42.11779022216797
2005-10-24,43.90308380126953
2005-10-25,43.15098190307617
2005-10-26,42.11779022216797
2005-10-27,40.51481246948242
2005-10-28,41.87469482421875
2005-10-31,42.22416305541992
2005-11-01,43.27254867553711
2005-11-02,44.55643844604492
2005-11-03,44.16792678833008
2005-11-04,44.05365753173828
2005-11-07,44.44977951049805
2005-11-08,42.12635803222656
2005-11-09,41.516937255859375
2005-11-10,42.87290573120117
2005-11-11,42.598670959472656
2005-11-14,42.1796875
2005-11-15,41.897830963134766
2005-11-16,42.18730545043945
2005-11-17,43.52802658081055
2005-11-18,43.3452262878418
2005-11-21,43.70323944091797
2005-11-22,45.021114349365234
2005-11-23,45.028743743896484
2005-11-25,45.257266998291016
2005-11-28,43.916534423828125
2005-11-29,43.75655746459961
2005-11-30,43.93940353393555
2005-12-01,44.57929229736328
2005-12-02,44.87638854980469
2005-12-05,44.282188415527344
2005-12-06,44.457420349121094
2005-12-07,43.10142135620117
2005-12-08,43.68800735473633
2005-12-09,44.03080368041992
2005-12-12,44.26694107055664
2005-12-13,45.036346435546875
2005-12-14,46.14855194091797
2005-12-15,47.694950103759766
2005-12-16,47.877784729003906
2005-12-19,47.02460479736328
2005-12-20,47.29121017456055
2005-12-21,47.001739501953125
2005-12-22,47.43594741821289
2005-12-23,46.96366500854492
2005-12-27,47.100765228271484
2005-12-28,46.61323165893555
2005-12-29,46.81129837036133
2005-12-30,46.48373794555664
2006-01-03,47.81683349609375
2006-01-04,47.29121017456055
2006-01-05,47.923500061035156
2006-01-06,47.70256805419922
2006-01-09,49.698448181152344
2006-01-10,50.20882797241211
2006-01-11,50.23930740356445
2006-01-12,49.6908073425293
2006-01-13,48.7462272644043
2006-01-17,48.319618225097656
2006-01-18,48.19773864746094
2006-01-19,47.70256805419922
2006-01-20,47.039825439453125
2006-01-23,46.62846755981445
2006-01-24,47.94635772705078
2006-01-25,46.81129837036133
2006-01-26,47.94635772705078
2006-01-27,48.251075744628906
2006-01-30,47.95395278930664
2006-01-31,47.65687561035156
2006-02-01,46.895084381103516
2006-02-02,45.99619674682617
2006-02-03,46.43919372558594
2006-02-06,45.988548278808594
2006-02-07,44.18598556518555
2006-02-08,44.21654510498047
2006-02-09,44.04085922241211
2006-02-10,43.574947357177734
2006-02-13,43.08609390258789
2006-02-14,43.76588439941406
2006-02-15,44.346370697021484
2006-02-16,44.919227600097656
2006-02-17,44.48385238647461
2006-02-21,44.91159439086914
2006-02-22,46.637786865234375
2006-02-23,46.538490295410156
2006-02-24,46.35518264770508
2006-02-27,46.16423416137695
2006-02-28,45.721229553222656
2006-03-01,45.25529479980469
2006-03-02,45.278236389160156
2006-03-03,44.47622299194336
2006-03-06,43.72768783569336
2006-03-07,43.055545806884766
2006-03-08,43.08609390258789
2006-03-09,42.13899230957031
2006-03-10,43.00973892211914
2006-03-13,43.37635803222656
2006-03-14,44.95743179321289
2006-03-15,44.93451690673828
2006-03-16,45.75177001953125
2006-03-17,45.83579635620117
2006-03-20,44.94976806640625
2006-03-21,44.02558517456055
2006-03-22,43.689544677734375
2006-03-23,45.408050537109375
2006-03-24,45.76704788208008
2006-03-27,46.072574615478516
2006-03-28,46.614871978759766
2006-03-29,46.67597198486328
2006-03-30,46.24823760986328
2006-03-31,46.118404388427734
2006-04-03,45.369876861572266
2006-04-04,45.499725341796875
2006-04-05,47.569637298583984
2006-04-06,46.798187255859375
2006-04-07,46.90510940551758
2006-04-10,46.51559066772461
2006-04-11,46.42392349243164
2006-04-12,45.56082534790039
2006-04-13,45.33168411254883
2006-04-17,44.15544128417969
2006-04-18,45.324058532714844
2006-04-19,44.277626037597656
2006-04-20,43.84226989746094
2006-04-21,43.131927490234375
2006-04-24,42.307029724121094
2006-04-25,42.05498123168945
2006-04-26,42.940975189208984
2006-04-27,42.475074768066406
2006-04-28,41.955684661865234
2006-05-01,41.527957916259766
2006-05-02,40.664859771728516
2006-05-03,40.79508972167969
2006-05-04,40.243499755859375
2006-05-05,41.745079040527344
2006-05-08,41.03257751464844
2006-05-09,40.18986892700195
2006-05-10,40.59589385986328
2006-05-11,39.22456741333008
2006-05-12,38.71894073486328
2006-05-15,38.15969467163086
2006-05-16,37.48551559448242
2006-05-17,36.93391799926758
2006-05-18,37.554473876953125
2006-05-19,37.34762954711914
2006-05-22,36.93391799926758
2006-05-23,37.1790771484375
2006-05-24,37.29399108886719
2006-05-25,37.401241302490234
2006-05-26,37.5315055847168
2006-05-30,36.63513946533203
2006-05-31,36.704105377197266
2006-06-01,37.20206832885742
2006-06-02,36.83434295654297
2006-06-05,35.62388229370117
2006-06-06,34.4747200012207
2006-06-07,34.24489974975586
2006-06-08,34.09933090209961
2006-06-09,34.581993103027344
2006-06-12,33.53239822387695
2006-06-13,32.98847961425781
2006-06-14,33.44047927856445
2006-06-15,34.77349853515625
2006-06-16,34.390464782714844
2006-06-19,33.6166877746582
2006-06-20,33.0421142578125
2006-06-21,34.352134704589844
2006-06-22,34.12998580932617
2006-06-23,34.122318267822266
2006-06-26,34.99566650390625
2006-06-27,33.68562316894531
2006-06-28,33.356204986572266
2006-06-29,34.35982131958008
2006-06-30,33.992069244384766
2006-07-03,33.907798767089844
2006-07-05,33.86183547973633
2006-07-06,33.66263961791992
2006-07-07,33.96908950805664
2006-07-10,33.63200759887695
2006-07-11,32.99613571166992
2006-07-12,31.86231231689453
2006-07-13,31.463930130004883
2006-07-14,30.69782829284668
2006-07-17,31.45627784729004
2006-07-18,31.034921646118164
2006-07-19,32.50583267211914
2006-07-20,31.839317321777344
2006-07-21,32.6973876953125
2006-07-24,34.31383514404297
2006-07-25,34.643280029296875
2006-07-26,34.62793731689453
2006-07-27,33.98442459106445
2006-07-28,34.8271369934082
2006-07-31,34.26787567138672
2006-08-01,34.61261749267578
2006-08-02,34.643375396728516
2006-08-03,36.18871307373047
2006-08-04,36.004188537597656
2006-08-07,36.45010757446289
2006-08-08,35.627471923828125
2006-08-09,34.22052001953125
2006-08-10,34.328155517578125
2006-08-11,33.49781036376953
2006-08-14,32.90583419799805
2006-08-15,33.651573181152344
2006-08-16,34.751007080078125
2006-08-17,35.26612091064453
2006-08-18,35.404518127441406
2006-08-21,34.77406311035156
2006-08-22,34.643375396728516
2006-08-23,34.08214569091797
2006-08-24,34.4896125793457
2006-08-25,34.41273880004883
2006-08-28,34.797142028808594
2006-08-29,34.989349365234375
2006-08-30,34.34352493286133
2006-08-31,34.474220275878906
2006-09-01,34.435787200927734
2006-09-05,34.25895690917969
2006-09-06,33.44401168823242
2006-09-07,33.251808166503906
2006-09-08,32.83662796020508
2006-09-11,33.144168853759766
2006-09-12,34.95859146118164
2006-09-13,34.76640319824219
2006-09-14,34.81250762939453
2006-09-15,35.66590881347656
2006-09-18,35.61980056762695
2006-09-19,35.41218948364258
2006-09-20,35.12773513793945
2006-09-21,34.789451599121094
2006-09-22,35.21998977661133
2006-09-25,36.04263687133789
2006-09-26,36.09645462036133
2006-09-27,35.46602249145508
2006-09-28,35.19693374633789
2006-09-29,34.789451599121094
2006-10-02,35.08161163330078
2006-10-03,34.4973030090332
2006-10-04,35.304561614990234
2006-10-05,35.089298248291016
2006-10-06,34.689517974853516
2006-10-09,35.51982879638672
2006-10-10,36.07339096069336
2006-10-11,35.773555755615234
2006-10-12,36.68844985961914
2006-10-13,35.60441207885742
2006-10-16,36.14259338378906
2006-10-17,35.75816345214844
2006-10-18,35.27381134033203
2006-10-19,35.419891357421875
2006-10-20,35.45833969116211
2006-10-23,34.8970832824707
2006-10-24,35.627471923828125
2006-10-25,36.496238708496094
2006-10-26,37.111324310302734
2006-10-27,36.634639739990234
2006-10-30,36.673091888427734
2006-10-31,36.503944396972656
2006-11-01,36.09510040283203
2006-11-02,35.832801818847656
2006-11-03,35.69392776489258
2006-11-06,35.855953216552734
2006-11-07,35.231082916259766
2006-11-08,34.89164733886719
2006-11-09,34.55222702026367
2006-11-10,35.6553840637207
2006-11-13,35.68620681762695
2006-11-14,37.22136306762695
2006-11-15,37.7613525390625
2006-11-16,38.10850524902344
2006-11-17,38.062217712402344
2006-11-20,37.88479232788086
2006-11-21,38.378509521484375
2006-11-22,39.365943908691406
2006-11-24,39.24250411987305
2006-11-27,38.88766860961914
2006-11-28,38.47108459472656
2006-11-29,38.5096549987793
2006-11-30,40.49993133544922
2006-12-01,40.515357971191406
2006-12-04,40.268524169921875
2006-12-05,41.294490814208984
2006-12-06,41.7882080078125
2006-12-07,41.07849884033203
2006-12-08,40.33792495727539
2006-12-11,40.391937255859375
2006-12-12,40.168212890625
2006-12-13,40.268524169921875
2006-12-14,40.638797760009766
2006-12-15,40.90107727050781
2006-12-18,40.62336730957031
2006-12-19,39.7362174987793
2006-12-20,39.774803161621094
2006-12-21,39.4893684387207
2006-12-22,39.10365676879883
2006-12-26,39.53565216064453
2006-12-27,40.58477783203125
2006-12-28,40.33792495727539
2006-12-29,40.469078063964844
2007-01-03,39.05736541748047
2007-01-04,38.640785217285156
2007-01-05,38.30908966064453
2007-01-08,37.58393478393555
2007-01-09,37.63022232055664
2007-01-10,37.81538391113281
2007-01-11,38.52509689331055
2007-01-12,38.68708419799805
2007-01-16,38.355384826660156
2007-01-17,40.07566452026367
2007-01-18,40.15279006958008
2007-01-19,41.25593948364258
2007-01-22,41.27135467529297
2007-01-23,41.07080078125
2007-01-24,41.37163162231445
2007-01-25,40.02936553955078
2007-01-26,39.89048767089844
2007-01-29,40.05253601074219
2007-01-30,39.98308181762695
2007-01-31,41.9502067565918
2007-02-01,42.56919860839844
2007-02-02,43.41251754760742
2007-02-05,42.93281555175781
2007-02-06,42.809043884277344
2007-02-07,42.60013198852539
2007-02-08,41.424102783203125
2007-02-09,40.781917572021484
2007-02-12,40.37186813354492
2007-02-13,40.82061767578125
2007-02-14,40.805118560791016
2007-02-15,41.161041259765625
2007-02-16,40.975364685058594
2007-02-20,41.09141159057617
2007-02-21,40.774192810058594
2007-02-22,40.2016487121582
2007-02-23,39.4356803894043
2007-02-26,39.4511604309082
2007-02-27,38.37570571899414
2007-02-28,38.05847930908203
2007-03-01,38.10490798950195
2007-03-02,37.67937469482422
2007-03-05,36.402774810791016
2007-03-06,37.06039810180664
2007-03-07,37.33121109008789
2007-03-08,37.7103157043457
2007-03-09,37.33121109008789
2007-03-12,35.51300811767578
2007-03-13,33.911441802978516
2007-03-14,34.9559211730957
2007-03-15,35.273162841796875
2007-03-16,34.9559211730957
2007-03-19,35.195777893066406
2007-03-20,35.24220275878906
2007-03-21,36.17839813232422
2007-03-22,35.67548370361328
2007-03-23,35.265419006347656
2007-03-26,34.46077346801758
2007-03-27,34.429813385009766
2007-03-28,33.68705368041992
2007-03-29,33.30794906616211
2007-03-30,32.65803909301758
2007-04-02,32.10869598388672
2007-04-03,32.433650970458984
2007-04-04,32.41818618774414
2007-04-05,33.03717041015625
2007-04-09,33.19965362548828
2007-04-10,32.71218490600586
2007-04-11,31.706390380859375
2007-04-12,32.19382858276367
2007-04-13,31.806955337524414
2007-04-16,32.124176025390625
2007-04-17,32.98298645019531
2007-04-18,33.988800048828125
2007-04-19,33.810855865478516
2007-04-20,34.306026458740234
2007-04-23,33.39305877685547
2007-04-24,33.454952239990234
2007-04-25,33.37757110595703
2007-04-26,34.189964294433594
2007-04-27,33.37757110595703
2007-04-30,33.04488754272461
2007-05-01,33.60969161987305
2007-05-02,34.052330017089844
2007-05-03,34.09116744995117
2007-05-04,33.6640510559082
2007-05-07,33.462158203125
2007-05-08,33.54755401611328
2007-05-09,33.52427673339844
2007-05-10,32.6933479309082
2007-05-11,32.646766662597656
2007-05-14,32.63898468017578
2007-05-15,32.67782211303711
2007-05-16,33.49320983886719
2007-05-17,34.67359161376953
2007-05-18,34.57264709472656
2007-05-21,35.26377487182617
2007-05-22,36.1102294921875
2007-05-23,35.83066940307617
2007-05-24,35.62098693847656
2007-05-25,35.32589340209961
2007-05-29,35.48896026611328
2007-05-30,35.838417053222656
2007-05-31,35.450130462646484
2007-06-01,34.976436614990234
2007-06-04,35.224945068359375
2007-06-05,34.852203369140625
2007-06-06,34.386234283447266
2007-06-07,32.941856384277344
2007-06-08,33.516510009765625
2007-06-11,33.43886184692383
2007-06-12,32.56911087036133
2007-06-13,32.646766662597656
2007-06-14,32.43709182739258
2007-06-15,32.42931365966797
2007-06-18,31.986671447753906
2007-06-19,32.36720657348633
2007-06-20,31.80806541442871
2007-06-21,31.287757873535156
2007-06-22,30.8528995513916
2007-06-25,30.09186363220215
2007-06-26,29.159990310668945
2007-06-27,29.400707244873047
2007-06-28,28.833818435668945
2007-06-29,28.391183853149414
2007-07-02,27.676748275756836
2007-07-03,27.342830657958984
2007-07-05,27.956302642822266
2007-07-06,28.771699905395508
2007-07-09,28.19703483581543
2007-07-10,27.071016311645508
2007-07-11,26.962297439575195
2007-07-12,27.28845977783203
2007-07-13,28.26694107055664
2007-07-16,27.521425247192383
2007-07-17,26.861356735229492
2007-07-18,26.511892318725586
2007-07-19,26.527423858642578
2007-07-20,25.78969383239746
2007-07-23,25.098546981811523
2007-07-24,24.795700073242188
2007-07-25,24.795700073242188
2007-07-26,24.391876220703125
2007-07-27,24.127853393554688
2007-07-30,24.158916473388672
2007-07-31,23.8094482421875
2007-08-01,23.70797348022461
2007-08-02,24.800861358642578
2007-08-03,24.512027740478516
2007-08-06,25.261445999145508
2007-08-07,26.924213409423828
2007-08-08,28.12636947631836
2007-08-09,28.477664947509766
2007-08-10,27.673614501953125
2007-08-13,25.698606491088867
2007-08-14,24.5900936126709
2007-08-15,23.434749603271484
2007-08-16,24.168546676635742
2007-08-17,23.754812240600586
2007-08-20,23.309850692749023
2007-08-21,22.958559036254883
2007-08-22,22.911718368530273
2007-08-23,23.41133689880371
2007-08-24,23.341075897216797
2007-08-27,22.295019149780273
2007-08-28,21.256772994995117
2007-08-29,21.93592071533203
2007-08-30,21.48316192626953
2007-08-31,22.06863021850586
2007-09-04,22.30282211303711
2007-09-05,21.678312301635742
2007-09-06,21.48316192626953
2007-09-07,20.7025203704834
2007-09-10,20.202909469604492
2007-09-11,20.0701961517334
2007-09-12,19.562789916992188
2007-09-13,19.570585250854492
2007-09-14,20.0701961517334
2007-09-17,20.0701961517334
2007-09-18,20.499549865722656
2007-09-19,21.092832565307617
2007-09-20,19.953107833862305
2007-09-21,19.765748977661133
2007-09-24,18.875825881958008
2007-09-25,18.126413345336914
2007-09-26,17.37700653076172
2007-09-27,17.564350128173828
2007-09-28,17.681446075439453
2007-10-01,18.165449142456055
2007-10-02,19.297372817993164
2007-10-03,20.15607452392578
2007-10-04,19.00072479248047
2007-10-05,19.476917266845703
2007-10-08,19.180273056030273
2007-10-09,19.453495025634766
2007-10-10,19.75794792175293
2007-10-11,19.742326736450195
2007-10-12,18.891437530517578
2007-10-15,18.446468353271484
2007-10-16,17.931251525878906
2007-10-17,17.353580474853516
2007-10-18,17.017902374267578
2007-10-19,16.455839157104492
2007-10-22,17.611186981201172
2007-10-23,17.51751708984375
2007-10-24,17.626806259155273
2007-10-25,18.126413345336914
2007-10-26,18.961687088012695
2007-10-29,19.164663314819336
2007-10-30,19.297372817993164
2007-10-31,17.837566375732422
2007-11-01,16.83917236328125
2007-11-02,16.642648696899414
2007-11-05,16.674089431762695
2007-11-06,16.894207000732422
2007-11-07,16.084474563598633
2007-11-08,15.612789154052734
2007-11-09,15.65995979309082
2007-11-12,15.74643325805664
2007-11-13,16.60331916809082
2007-11-14,16.391077041625977
2007-11-15,15.714991569519043
2007-11-16,15.125391960144043
2007-11-19,13.81252384185791
2007-11-20,12.515395164489746
2007-11-21,11.76855754852295
2007-11-23,12.255963325500488
2007-11-26,11.399069786071777
2007-11-27,11.391205787658691
2007-11-28,11.839310646057129
2007-11-29,11.611328125
2007-11-30,12.452495574951172
2007-12-03,13.160029411315918
2007-12-04,12.428915977478027
2007-12-05,12.77481746673584
2007-12-06,14.724454879760742
2007-12-07,14.402131080627441
2007-12-10,14.952432632446289
2007-12-11,13.380147933959961
2007-12-12,13.427313804626465
2007-12-13,13.954026222229004
2007-12-14,13.474489212036133
2007-12-17,13.215056419372559
2007-12-18,13.301532745361328
2007-12-19,13.285806655883789
2007-12-20,13.45875358581543
2007-12-21,13.521652221679688
2007-12-24,14.071952819824219
2007-12-26,14.213462829589844
2007-12-27,13.898999214172363
2007-12-28,13.75749683380127
2007-12-31,14.064091682434082
2008-01-02,13.521652221679688
2008-01-03,13.144302368164062
2008-01-04,12.428915977478027
2008-01-07,12.397470474243164
2008-01-08,11.493400573730469
2008-01-09,10.89593505859375
2008-01-10,11.564162254333496
2008-01-11,11.273285865783691
2008-01-14,11.729249954223633
2008-01-15,10.982407569885254
2008-01-16,11.202530860900879
2008-01-17,10.93524169921875
2008-01-18,10.211992263793945
2008-01-22,10.337778091430664
2008-01-23,11.74497127532959
2008-01-24,12.743368148803711
2008-01-25,13.348701477050781
2008-01-28,14.543633460998535
2008-01-29,14.787345886230469
2008-01-30,14.307802200317383
2008-01-31,16.147375106811523
2008-02-01,16.823448181152344
2008-02-04,15.581345558166504
2008-02-05,15.015324592590332
2008-02-06,15.276947021484375
2008-02-07,15.20559310913086
2008-02-08,15.32451343536377
2008-02-11,15.736757278442383
2008-02-12,15.506850242614746
2008-02-13,15.67334270477295
2008-02-14,15.19766616821289
2008-02-15,14.7378568649292
2008-02-19,14.500017166137695
2008-02-20,15.213519096374512
2008-02-21,14.587224006652832
2008-02-22,14.492087364196777
2008-02-25,14.888476371765137
2008-02-26,16.18071746826172
2008-02-27,16.8070125579834
2008-02-28,15.41171932220459
2008-02-29,14.75370979309082
2008-03-03,13.26327133178711
2008-03-04,13.612099647521973
2008-03-05,13.374258995056152
2008-03-06,12.724178314208984
2008-03-07,12.454635620117188
2008-03-10,11.875900268554688
2008-03-11,12.65283203125
2008-03-12,12.153371810913086
2008-03-13,12.668684005737305
2008-03-14,12.311930656433105
2008-03-17,11.225817680358887
2008-03-18,12.732104301452637
2008-03-19,12.692466735839844
2008-03-20,14.048121452331543
2008-03-24,14.888476371765137
2008-03-25,14.959829330444336
2008-03-26,13.94506549835205
2008-03-27,14.190829277038574
2008-03-28,14.222537994384766
2008-03-31,14.912267684936523
2008-04-01,16.949722290039062
2008-04-02,16.949722290039062
2008-04-03,17.227197647094727
2008-04-04,17.139986038208008
2008-04-07,17.29061508178711
2008-04-08,15.855670928955078
2008-04-09,14.7299165725708
2008-04-10,14.896405220031738
2008-04-11,14.381098747253418
2008-04-14,13.532820701599121
2008-04-15,13.794435501098633
2008-04-16,14.666499137878418
2008-04-17,14.642719268798828
2008-04-18,14.80919361114502
2008-04-21,14.531730651855469
2008-04-22,14.198760986328125
2008-04-23,13.501107215881348
2008-04-24,14.57136344909668
2008-04-25,15.070821762084961
2008-04-28,15.490996360778809
2008-04-29,16.077659606933594
2008-04-30,14.603081703186035
2008-05-01,15.538769721984863
2008-05-02,15.410809516906738
2008-05-05,15.594745635986328
2008-05-06,15.970617294311523
2008-05-07,15.130894660949707
2008-05-08,14.683052062988281
2008-05-09,14.723030090332031
2008-05-12,14.850995063781738
2008-05-13,14.97096061706543
2008-05-14,15.930621147155762
2008-05-15,16.34648323059082
2008-05-16,16.00260353088379
2008-05-19,15.450793266296387
2008-05-20,15.058923721313477
2008-05-21,13.939300537109375
2008-05-22,13.827337265014648
2008-05-23,13.499446868896484
2008-05-27,13.979288101196289
2008-05-28,14.019277572631836
2008-05-29,13.771361351013184
2008-05-30,13.499446868896484
2008-06-02,13.267524719238281
2008-06-03,13.699379920959473
2008-06-04,13.219545364379883
2008-06-05,13.083592414855957
2008-06-06,12.179898262023926
2008-06-09,12.139909744262695
2008-06-10,12.523777961730957
2008-06-11,11.748039245605469
2008-06-12,11.979963302612305
2008-06-13,12.275864601135254
2008-06-16,12.723711967468262
2008-06-17,12.219884872436523
2008-06-18,12.563764572143555
2008-06-19,12.643735885620117
2008-06-20,12.179898262023926
2008-06-23,11.33218002319336
2008-06-24,11.772035598754883
2008-06-25,11.65207576751709
2008-06-26,10.66840934753418
2008-06-27,10.092597961425781
2008-06-30,9.868671417236328
2008-07-01,9.460810661315918
2008-07-02,9.156912803649902
2008-07-03,9.172906875610352
2008-07-07,8.67707347869873
2008-07-08,9.99663257598877
2008-07-09,9.14091968536377
2008-07-10,8.749052047729492
2008-07-11,8.245222091674805
2008-07-14,8.189237594604492
2008-07-15,8.421159744262695
2008-07-16,9.364845275878906
2008-07-17,9.844680786132812
2008-07-18,9.732720375061035
2008-07-21,9.796695709228516
2008-07-22,10.517881393432617
2008-07-23,10.97165584564209
2008-07-24,8.97017765045166
2008-07-25,9.326711654663086
2008-07-28,8.710878372192383
2008-07-29,9.667047500610352
2008-07-30,9.472579002380371
2008-07-31,9.804800987243652
2008-08-01,9.602226257324219
2008-08-04,9.42395305633545
2008-08-05,10.02358627319336
2008-08-06,10.28288459777832
2008-08-07,9.942561149597168
2008-08-08,10.02358627319336
2008-08-11,10.4773588180542
2008-08-12,9.25378704071045
2008-08-13,8.994487762451172
2008-08-14,9.456365585327148
2008-08-15,9.57791519165039
2008-08-18,8.881044387817383
2008-08-19,8.443473815917969
2008-08-20,8.783805847167969
2008-08-21,9.294301986694336
2008-08-22,9.586015701293945
2008-08-25,9.43205451965332
2008-08-26,8.945867538452148
2008-08-27,9.885835647583008
2008-08-28,10.623220443725586
2008-08-29,10.65562915802002
2008-09-02,10.963550567626953
2008-09-03,11.10940933227539
2008-09-04,10.12082290649414
2008-09-05,10.987861633300781
2008-09-08,12.114197731018066
2008-09-09,10.83389663696289
2008-09-10,10.80959701538086
2008-09-11,11.328195571899414
2008-09-12,11.63611125946045
2008-09-15,10.890625
2008-09-16,11.717144012451172
2008-09-17,10.307198524475098
2008-09-18,12.162817001342773
2008-09-19,13.572762489318848
2008-09-22,11.133716583251953
2008-09-23,10.29909610748291
2008-09-24,11.968341827392578
2008-09-25,12.146612167358398
2008-09-26,12.381604194641113
2008-09-29,11.190441131591797
2008-09-30,12.308671951293945
2008-10-01,12.430221557617188
2008-10-02,11.255258560180664
2008-10-03,9.788596153259277
2008-10-06,9.715666770935059
2008-10-07,8.45968246459961
2008-10-08,8.483993530273438
2008-10-09,7.292827129364014
2008-10-10,7.868149757385254
2008-10-13,7.803323745727539
2008-10-14,7.641262531280518
2008-10-15,7.098351955413818
2008-10-16,7.276622295379639
2008-10-17,7.236103057861328
2008-10-20,7.860046863555908
2008-10-21,7.331162929534912
2008-10-22,6.867372512817383
2008-10-23,5.768918037414551
2008-10-24,5.305126190185547
2008-10-27,5.2400312423706055
2008-10-28,5.166802406311035
2008-10-29,5.524816989898682
2008-10-30,5.6956868171691895
2008-10-31,6.29780387878418
2008-11-03,6.517492771148682
2008-11-04,7.379982948303223
2008-11-05,6.9650115966796875
2008-11-06,6.8592329025268555
2008-11-07,6.305936813354492
2008-11-10,5.785190582275391
2008-11-11,5.8584208488464355
2008-11-12,5.109845161437988
2008-11-13,5.402763366699219
2008-11-14,5.1261186599731445
2008-11-17,4.89829158782959
2008-11-18,4.792513847351074
2008-11-19,3.8893396854400635
2008-11-20,3.091944456100464
2008-11-21,2.9617559909820557
2008-11-24,3.7266080379486084
2008-11-25,4.906427383422852
2008-11-26,6.021152973175049
2008-11-28,5.785190582275391
2008-12-01,5.174938201904297
2008-12-02,5.939788818359375
2008-12-03,6.289666175842285
2008-12-04,6.916191101074219
2008-12-05,7.371845245361328
2008-12-08,7.98209810256958
2008-12-09,7.371845245361328
2008-12-10,7.884458541870117
2008-12-11,7.306754112243652
2008-12-12,7.868185520172119
2008-12-15,7.160292625427246
2008-12-16,7.98209810256958
2008-12-17,8.340116500854492
2008-12-18,8.234332084655762
2008-12-19,8.128557205200195
2008-12-22,7.241661071777344
2008-12-23,7.054516315460205
2008-12-24,6.769733428955078
2008-12-26,6.981285095214844
2008-12-29,6.802276134490967
2008-12-30,7.046378135681152
2008-12-31,7.054516315460205
2009-01-02,7.469488143920898
2009-01-05,8.299427032470703
2009-01-06,9.088687896728516
2009-01-07,8.600485801696777
2009-01-08,9.292109489440918
2009-01-09,7.445077419281006
2009-01-12,6.794140338897705
2009-01-13,7.046378135681152
2009-01-14,6.427989482879639
2009-01-15,6.159477710723877
2009-01-16,6.387306213378906
2009-01-20,5.516678810119629
2009-01-21,5.760780334472656
2009-01-22,5.329535484313965
2009-01-23,5.5655012130737305
2009-01-26,6.362895965576172
2009-01-27,6.3140764236450195
2009-01-28,7.209112167358398
2009-01-29,6.509355545043945
2009-01-30,6.288563251495361
2009-02-02,6.394868850708008
2009-02-03,7.024546146392822
2009-02-04,6.460289478302002
2009-02-05,6.852815628051758
2009-02-06,7.605152606964111
2009-02-09,7.122673988342285
2009-02-10,6.018702983856201
2009-02-11,6.272206783294678
2009-02-12,5.961458683013916
2009-02-13,6.125008583068848
2009-02-17,5.969635963439941
2009-02-18,5.642531871795654
2009-02-19,4.8084187507629395
2009-02-20,4.800241947174072
2009-02-23,5.160054683685303
2009-02-24,6.051409721374512
2009-02-25,5.985992908477783
2009-02-26,5.9205708503723145
2009-02-27,5.462626934051514
2009-03-02,5.4053826332092285
2009-03-03,4.9801483154296875
2009-03-04,5.323607921600342
2009-03-05,4.9965033531188965
2009-03-06,4.971973896026611
2009-03-09,5.110989093780518
2009-03-10,6.198607921600342
2009-03-11,6.165897369384766
2009-03-12,6.967299938201904
2009-03-13,6.942769527435303
2009-03-16,6.411225318908691
2009-03-17,6.967299938201904
2009-03-18,7.637862205505371
2009-03-19,6.95094633102417
2009-03-20,6.632020473480225
2009-03-23,7.981319427490234
2009-03-24,7.71146297454834
2009-03-25,7.678747653961182
2009-03-26,8.406556129455566
2009-03-27,8.390206336975098
2009-03-30,7.122673988342285
2009-03-31,6.141366958618164
2009-04-01,5.814262390136719
2009-04-02,5.994169235229492
2009-04-03,6.280384540557861
2009-04-06,6.174077987670898
2009-04-07,5.830618381500244
2009-04-08,6.125008583068848
2009-04-09,6.689265251159668
2009-04-13,6.721972465515137
2009-04-14,6.362159729003906
2009-04-15,7.106321334838867
2009-04-16,7.196273326873779
2009-04-17,7.637862205505371
2009-04-20,6.214962482452393
2009-04-21,6.5584211349487305
2009-04-22,6.517533302307129
2009-04-23,7.0899658203125
2009-04-24,8.153051376342773
2009-04-27,8.20211410522461
2009-04-28,8.063096046447754
2009-04-29,8.234827995300293
2009-04-30,7.964967727661133
2009-05-01,7.767893314361572
2009-05-04,8.490487098693848
2009-05-05,8.638293266296387
2009-05-06,8.613655090332031
2009-05-07,8.055291175842285
2009-05-08,8.474068641662598
2009-05-11,8.06350326538086
2009-05-12,7.710413932800293
2009-05-13,7.045300483703613
2009-05-14,7.414809703826904
2009-05-15,7.234163284301758
2009-05-18,8.227729797363281
2009-05-19,8.186668395996094
2009-05-20,8.129191398620605
2009-05-21,7.759681701660156
2009-05-22,7.74326229095459
2009-05-26,8.01423454284668
2009-05-27,7.693990230560303
2009-05-28,7.308063983917236
2009-05-29,7.808953762054443
2009-06-01,7.874641418457031
2009-06-02,7.981391429901123
2009-06-03,7.570822238922119
2009-06-04,7.381964206695557
2009-06-05,6.9385528564453125
2009-06-08,7.2834248542785645
2009-06-09,7.332697868347168
2009-06-10,7.110990047454834
2009-06-11,6.733269691467285
2009-06-12,6.552623271942139
2009-06-15,6.257011890411377
2009-06-16,6.339127540588379
2009-06-17,6.380184650421143
2009-06-18,6.174901485443115
2009-06-19,6.3966064453125
2009-06-22,6.1010003089904785
2009-06-23,6.142056941986084
2009-06-24,6.42124080657959
2009-06-25,7.546189785003662
2009-06-26,7.5379791259765625
2009-06-29,7.973179340362549
2009-06-30,7.9567551612854
2009-07-01,7.899274826049805
2009-07-02,7.521555423736572
2009-07-06,7.365540981292725
2009-07-07,7.004240989685059
2009-07-08,6.749693393707275
2009-07-09,6.954975128173828
2009-07-10,6.831808090209961
2009-07-13,6.954975128173828
2009-07-14,7.217737197875977
2009-07-15,7.513346195220947
2009-07-16,7.841793537139893
2009-07-17,7.9978108406066895
2009-07-20,8.162714958190918
2009-07-21,8.129733085632324
2009-07-22,8.756364822387695
2009-07-23,9.284058570861816
2009-07-24,9.160378456115723
2009-07-27,9.787015914916992
2009-07-28,9.597373008728027
2009-07-29,9.597373008728027
2009-07-30,9.638595581054688
2009-07-31,9.762276649475098
2009-08-03,10.067346572875977
2009-08-04,10.364179611206055
2009-08-05,10.471359252929688
2009-08-06,10.281723976135254
2009-08-07,11.073257446289062
2009-08-10,10.570303916931152
2009-08-11,10.718716621398926
2009-08-12,11.14746379852295
2009-08-13,11.337102890014648
2009-08-14,11.056768417358398
2009-08-17,10.578550338745117
2009-08-18,10.875377655029297
2009-08-19,11.14746379852295
2009-08-20,11.600948333740234
2009-08-21,11.971985816955566
2009-08-24,12.013209342956543
2009-08-25,12.343013763427734
2009-08-26,12.845972061157227
2009-08-27,12.648087501525879
2009-08-28,12.969645500183105
2009-08-31,12.491423606872559
2009-09-01,11.930757522583008
2009-09-02,11.584460258483887
2009-09-03,11.947250366210938
2009-09-04,12.450201988220215
2009-09-08,12.697553634643555
2009-09-09,12.862457275390625
2009-09-10,13.076833724975586
2009-09-11,12.953157424926758
2009-09-14,12.920172691345215
2009-09-15,13.414884567260742
2009-09-16,14.330100059509277
2009-09-17,13.686973571777344
2009-09-18,13.637506484985352
2009-09-21,13.208755493164062
2009-09-22,13.101567268371582
2009-09-23,12.788254737854004
2009-09-24,12.219337463378906
2009-09-25,12.029699325561523
2009-09-28,12.079169273376465
2009-09-29,12.17811107635498
2009-09-30,11.749361038208008
2009-10-01,10.92484188079834
2009-10-02,10.743449211120605
2009-10-05,11.015542984008789
2009-10-06,11.279389381408691
2009-10-07,10.867130279541016
2009-10-08,11.86479377746582
2009-10-09,11.815324783325195
2009-10-12,11.823568344116211
2009-10-13,12.474934577941895
2009-10-14,12.524410247802734
2009-10-15,12.43371295928955
2009-10-16,12.079169273376465
2009-10-19,11.86479377746582
2009-10-20,11.526741027832031
2009-10-21,11.311753273010254
2009-10-22,12.171710968017578
2009-10-23,11.68384838104248
2009-10-26,11.220797538757324
2009-10-27,11.286948204040527
2009-10-28,10.443525314331055
2009-10-29,10.68332290649414
2009-10-30,10.418720245361328
2009-11-02,10.41045093536377
2009-11-03,10.823894500732422
2009-11-04,11.195991516113281
2009-11-05,11.171181678771973
2009-11-06,11.692121505737305
2009-11-09,12.080753326416016
2009-11-10,11.824422836303711
2009-11-11,12.502459526062012
2009-11-12,12.022872924804688
2009-11-13,11.96499252319336
2009-11-16,12.113831520080566
2009-11-17,12.00633716583252
2009-11-18,12.089019775390625
2009-11-19,11.716924667358398
2009-11-20,11.30348014831543
2009-11-23,11.286948204040527
2009-11-24,10.782549858093262
2009-11-25,10.865235328674316
2009-11-27,10.633708953857422
2009-11-30,10.47659969329834
2009-12-01,10.650253295898438
2009-12-02,10.575828552246094
2009-12-03,10.129307746887207
2009-12-04,10.27814769744873
2009-12-07,9.914321899414062
2009-12-08,9.77375316619873
2009-12-09,9.798556327819824
2009-12-10,9.616641998291016
2009-12-11,9.798556327819824
2009-12-14,10.079696655273438
2009-12-15,9.963934898376465
2009-12-16,10.435256958007812
2009-12-17,10.187193870544434
2009-12-18,10.29468822479248
2009-12-21,10.633708953857422
2009-12-22,10.97273063659668
2009-12-23,10.97273063659668
2009-12-24,11.047148704528809
2009-12-28,10.7081298828125
2009-12-29,10.617171287536621
2009-12-30,10.67505168914795
2009-12-31,10.559288024902344
2010-01-04,10.757740020751953
2010-01-05,11.204257011413574
2010-01-06,11.328288078308105
2010-01-07,12.783607482910156
2010-01-08,13.188779830932617
2010-01-11,13.445110321044922
2010-01-12,13.337617874145508
2010-01-13,13.436837196350098
2010-01-14,13.519526481628418
2010-01-15,13.197047233581543
2010-01-19,13.403764724731445
2010-01-20,13.015130996704102
2010-01-21,12.65956974029541
2010-01-22,12.253337860107422
2010-01-25,12.187013626098633
2010-01-26,12.07094669342041
2010-01-27,12.526923179626465
2010-01-28,12.759058952331543
2010-01-29,12.734186172485352
2010-02-01,12.701025009155273
2010-02-02,13.720752716064453
2010-02-03,13.480335235595703
2010-02-04,12.717607498168945
2010-02-05,12.195301055908203
2010-02-08,12.759058952331543
2010-02-09,12.93315601348877
2010-02-10,12.941446304321289
2010-02-11,14.085540771484375
2010-02-12,14.060667037963867
2010-02-16,14.375699996948242
2010-02-17,14.375699996948242
2010-02-18,14.126983642578125
2010-02-19,14.350829124450684
2010-02-22,14.234766006469727
2010-02-23,13.496910095214844
2010-02-24,13.488622665405273
2010-02-25,13.488622665405273
2010-02-26,13.604687690734863
2010-03-01,13.795366287231445
2010-03-02,13.76220703125
2010-03-03,13.919723510742188
2010-03-04,13.720752716064453
2010-03-05,14.1021146774292
2010-03-08,14.259634017944336
2010-03-09,14.334251403808594
2010-03-10,14.035791397094727
2010-03-11,13.795366287231445
2010-03-12,13.538365364074707
2010-03-15,13.339390754699707
2010-03-16,13.878273010253906
2010-03-17,13.795366287231445
2010-03-18,13.7124662399292
2010-03-19,13.355971336364746
2010-03-22,13.513494491577148
2010-03-23,14.143568992614746
2010-03-24,14.665865898132324
2010-03-25,14.964329719543457
2010-03-26,15.171597480773926
2010-03-29,15.121841430664062
2010-03-30,14.964329719543457
2010-03-31,14.267926216125488
2010-04-01,14.201603889465332
2010-04-05,14.55809497833252
2010-04-06,14.334251403808594
2010-04-07,14.052371978759766
2010-04-08,14.309377670288086
2010-04-09,14.524930000305176
2010-04-12,14.234766006469727
2010-04-13,14.325963973999023
2010-04-14,15.155008316040039
2010-04-15,14.748775482177734
2010-04-16,14.218184471130371
2010-04-19,14.292794227600098
2010-04-20,14.898003578186035
2010-04-21,15.35397720336914
2010-04-22,16.365413665771484
2010-04-23,17.020362854003906
2010-04-26,16.663881301879883
2010-04-27,15.702178001403809
2010-04-28,16.042091369628906
2010-04-29,17.0120792388916
2010-04-30,16.51464080810547
2010-05-03,17.204143524169922
2010-05-04,16.630949020385742
2010-05-05,16.0411376953125
2010-05-06,15.3267183303833
2010-05-07,14.529236793518066
2010-05-10,16.41495132446289
2010-05-11,16.165746688842773
2010-05-12,16.165746688842773
2010-05-13,15.575934410095215
2010-05-14,15.29349136352539
2010-05-17,15.301804542541504
2010-05-18,15.085814476013184
2010-05-19,15.077507019042969
2010-05-20,14.487701416015625
2010-05-21,14.512619018554688
2010-05-24,14.3713960647583
2010-05-25,14.255098342895508
2010-05-26,14.329864501953125
2010-05-27,14.59568977355957
2010-05-28,14.3713960647583
2010-06-01,13.565603256225586
2010-06-02,13.748359680175781
2010-06-03,13.524066925048828
2010-06-04,12.85118579864502
2010-06-07,12.261377334594727
2010-06-08,12.253070831298828
2010-06-09,11.987241744995117
2010-06-10,12.942564010620117
2010-06-11,12.917643547058105
2010-06-14,12.668431282043457
2010-06-15,13.0920991897583
2010-06-16,12.917643547058105
2010-06-17,12.709967613220215
2010-06-18,12.244767189025879
2010-06-21,12.103543281555176
2010-06-22,11.796175003051758
2010-06-23,12.244767189025879
2010-06-24,12.103543281555176
2010-06-25,12.194921493530273
2010-06-28,11.937397956848145
2010-06-29,11.605112075805664
2010-06-30,11.555269241333008
2010-07-01,11.704797744750977
2010-07-02,11.339280128479004
2010-07-06,11.289440155029297
2010-07-07,11.854325294494629
2010-07-08,11.77956485748291
2010-07-09,12.103543281555176
2010-07-12,12.253070831298828
2010-07-13,12.660120964050293
2010-07-14,12.120156288146973
2010-07-15,12.361064910888672
2010-07-16,11.67156982421875
2010-07-19,11.51328182220459
2010-07-20,12.238070487976074
2010-07-21,11.921499252319336
2010-07-22,12.296388626098633
2010-07-23,12.43801212310791
2010-07-26,12.846221923828125
2010-07-27,12.512990951538086
2010-07-28,12.088111877441406
2010-07-29,12.254729270935059
2010-07-30,12.304716110229492
2010-08-02,12.646285057067871
2010-08-03,12.179752349853516
2010-08-04,12.038124084472656
2010-08-05,12.088111877441406
2010-08-06,11.988141059875488
2010-08-09,12.329708099365234
2010-08-10,11.679901123046875
2010-08-11,11.354996681213379
2010-08-12,11.171720504760742
2010-08-13,11.105067253112793
2010-08-16,10.946778297424316
2010-08-17,11.063416481018066
2010-08-18,11.230030059814453
2010-08-19,10.738507270812988
2010-08-20,10.638538360595703
2010-08-23,10.596883773803711
2010-08-24,10.746843338012695
2010-08-25,11.121728897094727
2010-08-26,10.888463973999023
2010-08-27,11.221696853637695
2010-08-30,10.938454627990723
2010-08-31,10.955110549926758
2010-09-01,11.446630477905273
2010-09-02,11.646575927734375
2010-09-03,12.038124084472656
2010-09-07,11.77987289428711
2010-09-08,12.029793739318848
2010-09-09,12.121438026428223
2010-09-10,12.104774475097656
2010-09-13,12.446338653564453
2010-09-14,12.2797212600708
2010-09-15,12.071450233459473
2010-09-16,11.738215446472168
2010-09-17,11.654911041259766
2010-09-20,12.612959861755371
2010-09-21,12.671273231506348
2010-09-22,12.346369743347168
2010-09-23,12.238070487976074
2010-09-24,12.687934875488281
2010-09-27,12.829564094543457
2010-09-28,13.004509925842285
2010-09-29,12.69626522064209
2010-09-30,12.812896728515625
2010-10-01,13.05449390411377
2010-10-04,12.796239852905273
2010-10-05,12.887876510620117
2010-10-06,12.83789348602295
2010-10-07,12.804567337036133
2010-10-08,13.429384231567383
2010-10-11,13.571015357971191
2010-10-12,13.278706550598145
2010-10-13,13.236954689025879
2010-10-14,13.362225532531738
2010-10-15,12.794333457946777
2010-10-18,12.644004821777344
2010-10-19,12.343356132507324
2010-10-20,12.017654418945312
2010-10-21,12.30994987487793
2010-10-22,12.376761436462402
2010-10-25,12.443572998046875
2010-10-26,12.443572998046875
2010-10-27,12.259839057922363
2010-10-28,12.18467903137207
2010-10-29,12.117871284484863
2010-11-01,12.159626007080078
2010-11-02,13.05321979522705
2010-11-03,12.902898788452148
2010-11-04,13.203545570373535
2010-11-05,13.236954689025879
2010-11-08,13.470795631408691
2010-11-09,13.312116622924805
2010-11-10,13.6461763381958
2010-11-11,13.729686737060547
2010-11-12,13.403984069824219
2010-11-15,13.270363807678223
2010-11-16,13.16179370880127
2010-11-17,12.944657325744629
2010-11-18,13.05321979522705
2010-11-19,13.003116607666016
2010-11-22,12.71916675567627
2010-11-23,12.41016960144043
2010-11-24,12.76092529296875
2010-11-26,12.568843841552734
2010-11-29,12.518735885620117
2010-11-30,12.68576431274414
2010-12-01,13.153444290161133
2010-12-02,14.097146987915039
2010-12-03,14.414499282836914
2010-12-06,14.539775848388672
2010-12-07,14.631633758544922
2010-12-08,14.656691551208496
2010-12-09,14.648344039916992
2010-12-10,14.773609161376953
2010-12-13,14.790311813354492
2010-12-14,14.406148910522461
2010-12-15,14.255824089050293
2010-12-16,14.364392280578613
2010-12-17,14.464607238769531
2010-12-20,15.232931137084961
2010-12-21,15.466775894165039
2010-12-22,15.834237098693848
2010-12-23,15.174473762512207
2010-12-27,15.516886711120605
2010-12-28,15.366560935974121
2010-12-29,15.466775894165039
2010-12-30,15.541938781738281
2010-12-31,15.65884780883789
2011-01-03,15.909396171569824
2011-01-04,15.550293922424316
2011-01-05,15.95115852355957
2011-01-06,15.984552383422852
2011-01-07,16.210052490234375
2011-01-10,15.784136772155762
2011-01-11,16.903209686279297
2011-01-12,17.086942672729492
2011-01-13,16.84475326538086
2011-01-14,17.228918075561523
2011-01-18,17.111997604370117
2011-01-19,16.52739906311035
2011-01-20,16.602563858032227
2011-01-21,16.29293441772461
2011-01-24,16.63603973388672
2011-01-25,16.54398536682129
2011-01-26,17.0544490814209
2011-01-27,16.87871742248535
2011-01-28,16.451934814453125
2011-01-31,16.20088768005371
2011-02-01,16.686248779296875
2011-02-02,16.426837921142578
2011-02-03,16.46030616760254
2011-02-04,16.334775924682617
2011-02-07,16.61930274963379
2011-02-08,17.297134399414062
2011-02-09,17.447755813598633
2011-02-10,17.431013107299805
2011-02-11,17.49796485900879
2011-02-14,17.238554000854492
2011-02-15,17.129762649536133
2011-02-16,17.447755813598633
2011-02-17,17.891271591186523
2011-02-18,17.6151180267334
2011-02-22,16.694610595703125
2011-02-23,16.57746696472168
2011-02-24,16.686248779296875
2011-02-25,17.004240036010742
2011-02-28,16.870357513427734
2011-03-01,16.502140045166016
2011-03-02,16.845245361328125
2011-03-03,17.004240036010742
2011-03-04,16.56072235107422
2011-03-07,16.24273109436035
2011-03-08,16.870357513427734
2011-03-09,17.0544490814209
2011-03-10,16.60256576538086
2011-03-11,16.54398536682129
2011-03-14,16.175779342651367
2011-03-15,16.468671798706055
2011-03-16,16.00005531311035
2011-03-17,16.14231300354004
2011-03-18,16.46030616760254
2011-03-21,16.58582878112793
2011-03-22,16.334775924682617
2011-03-23,16.527250289916992
2011-03-24,16.62767219543457
2011-03-25,16.76156234741211
2011-03-28,16.527250289916992
2011-03-29,15.95821475982666
2011-03-30,15.288749694824219
2011-03-31,15.163228034973145
2011-04-01,15.322225570678711
2011-04-04,15.121394157409668
2011-04-05,15.33059310913086
2011-04-06,15.33059310913086
2011-04-07,15.397544860839844
2011-04-08,15.372441291809082
2011-04-11,15.230177879333496
2011-04-12,15.33059310913086
2011-04-13,15.221803665161133
2011-04-14,15.188337326049805
2011-04-15,15.431011199951172
2011-04-18,15.347332954406738
2011-04-19,15.72390365600586
2011-04-20,15.966575622558594
2011-04-21,15.82431411743164
2011-04-25,16.050735473632812
2011-04-26,16.101062774658203
2011-04-27,16.0675106048584
2011-04-28,15.899789810180664
2011-04-29,15.924958229064941
2011-05-02,15.396636962890625
2011-05-03,15.446959495544434
2011-05-04,15.53080940246582
2011-05-05,15.698539733886719
2011-05-06,15.539192199707031
2011-05-09,15.321158409118652
2011-05-10,15.430184364318848
2011-05-11,15.069583892822266
2011-05-12,14.876708984375
2011-05-13,14.69221019744873
2011-05-16,14.742530822753906
2011-05-17,14.683830261230469
2011-05-18,14.960567474365234
2011-05-19,15.027652740478516
2011-05-20,15.061201095581055
2011-05-23,14.968953132629395
2011-05-24,14.859931945800781
2011-05-25,15.103126525878906
2011-05-26,15.522431373596191
2011-05-27,15.849478721618652
2011-05-31,15.91656494140625
2011-06-01,15.555965423583984
2011-06-02,15.245687484741211
2011-06-03,15.077966690063477
2011-06-06,14.616741180419922
2011-06-07,14.289691925048828
2011-06-08,14.071653366088867
2011-06-09,14.289691925048828
2011-06-10,13.99618148803711
2011-06-13,14.138738632202148
2011-06-14,14.449019432067871
2011-06-15,14.163898468017578
2011-06-16,14.457406044006348
2011-06-17,14.641901969909668
2011-06-20,14.750914573669434
2011-06-21,14.960567474365234
2011-06-22,15.178606033325195
2011-06-23,15.522431373596191
2011-06-24,15.128286361694336
2011-06-27,15.463722229003906
2011-06-28,15.505654335021973
2011-06-29,15.421791076660156
2011-06-30,15.22053337097168
2011-07-01,15.732077598571777
2011-07-05,15.614422798156738
2011-07-06,15.37911319732666
2011-07-07,15.883344650268555
2011-07-08,15.841327667236328
2011-07-11,15.295072555541992
2011-07-12,15.152209281921387
2011-07-13,15.16061019897461
2011-07-14,14.992534637451172
2011-07-15,14.90849781036377
2011-07-18,14.597549438476562
2011-07-19,15.563995361328125
2011-07-20,15.454745292663574
2011-07-21,15.656441688537598
2011-07-22,15.631226539611816
2011-07-25,15.37911319732666
2011-07-26,15.16061019897461
2011-07-27,14.673187255859375
2011-07-28,14.82446002960205
2011-07-29,14.866469383239746
2011-08-01,14.765625953674316
2011-08-02,14.25299072265625
2011-08-03,14.337029457092285
2011-08-04,13.168889045715332
2011-08-05,12.967199325561523
2011-08-08,11.88309383392334
2011-08-09,12.336906433105469
2011-08-10,11.193976402282715
2011-08-11,11.790651321411133
2011-08-12,11.841073989868164
2011-08-15,12.538599967956543
2011-08-16,12.362113952636719
2011-08-17,12.101592063903809
2011-08-18,11.177164077758789
2011-08-19,10.689743041992188
2011-08-22,10.681343078613281
2011-08-23,10.681343078613281
2011-08-24,11.042705535888672
2011-08-25,11.261209487915039
2011-08-26,11.412474632263184
2011-08-29,12.051173210144043
2011-08-30,12.320099830627441
2011-08-31,12.353710174560547
2011-09-01,12.08478832244873
2011-09-02,11.664591789245605
2011-09-06,11.597365379333496
2011-09-07,12.034367561340332
2011-09-08,11.72342300415039
2011-09-09,11.328434944152832
2011-09-12,11.35365104675293
2011-09-13,11.202378273010254
2011-09-14,11.530132293701172
2011-09-15,11.639381408691406
2011-09-16,11.597365379333496
2011-09-19,12.160421371459961
2011-09-20,11.849478721618652
2011-09-21,11.68139934539795
2011-09-22,11.042705535888672
2011-09-23,11.261209487915039
2011-09-26,11.689806938171387
2011-09-27,11.521723747253418
2011-09-28,11.193976402282715
2011-09-29,11.967130661010742
2011-09-30,11.378862380981445
2011-10-03,10.706547737121582
2011-10-04,11.084724426269531
2011-10-05,11.61417007446289
2011-10-06,12.025959968566895
2011-10-07,11.866288185119629
2011-10-10,12.597424507141113
2011-10-11,12.597424507141113
2011-10-12,12.849543571472168
2011-10-13,12.748697280883789
2011-10-14,12.866350173950195
2011-10-17,12.27653980255127
2011-10-18,13.41403579711914
2011-10-19,13.110697746276855
2011-10-20,13.557271957397461
2011-10-21,14.096528053283691
2011-10-24,14.340880393981934
2011-10-25,13.473013877868652
2011-10-26,13.885879516601562
2011-10-27,14.484119415283203
2011-10-28,14.366158485412598
2011-10-31,13.936436653137207
2011-11-01,13.30449104309082
2011-11-02,13.911160469055176
2011-11-03,14.383010864257812
2011-11-04,14.467269897460938
2011-11-07,14.736899375915527
2011-11-08,15.191899299621582
2011-11-09,14.273475646972656
2011-11-10,14.905414581298828
2011-11-11,15.259302139282227
2011-11-14,15.099211692810059
2011-11-15,15.200325965881348
2011-11-16,15.478384017944336
2011-11-17,15.267727851867676
2011-11-18,14.888569831848145
2011-11-21,14.593656539916992
2011-11-22,14.399866104125977
2011-11-23,13.852180480957031
2011-11-25,13.852180480957031
2011-11-28,14.147089958190918
2011-11-29,14.340880393981934
2011-11-30,15.512081146240234
2011-12-01,15.545777320861816
2011-12-02,15.512081146240234
2011-12-05,16.24513816833496
2011-12-06,16.236713409423828
2011-12-07,16.51476287841797
2011-12-08,16.026065826416016
2011-12-09,16.5484619140625
2011-12-12,16.45578384399414
2011-12-13,15.773292541503906
2011-12-14,15.360408782958984
2011-12-15,15.50365924835205
2011-12-16,15.815409660339355
2011-12-19,15.596348762512207
2011-12-20,16.582168579101562
2011-12-21,16.83494758605957
2011-12-22,16.49791145324707
2011-12-23,16.320964813232422
2011-12-27,16.26198387145996
2011-12-28,15.992361068725586
2011-12-29,16.73383903503418
2011-12-30,16.55689811706543
2012-01-03,16.75911521911621
2012-01-04,17.02874183654785
2012-01-05,17.500598907470703
2012-01-06,17.188827514648438
2012-01-09,17.424758911132812
2012-01-10,17.492164611816406
2012-01-11,18.747623443603516
2012-01-12,18.688644409179688
2012-01-13,18.5454044342041
2012-01-17,18.562257766723633
2012-01-18,19.379575729370117
2012-01-19,19.08466911315918
2012-01-20,18.58753776550293
2012-01-23,18.326330184936523
2012-01-24,18.848737716674805
2012-01-25,19.245460510253906
2012-01-26,18.679912567138672
2012-01-27,18.806529998779297
2012-01-30,18.688358306884766
2012-01-31,18.139698028564453
2012-02-01,18.426685333251953
2012-02-02,18.350719451904297
2012-02-03,19.70128059387207
2012-02-06,19.152610778808594
2012-02-07,19.21170425415039
2012-02-08,19.726604461669922
2012-02-09,20.038923263549805
2012-02-10,19.7097225189209
2012-02-13,20.224620819091797
2012-02-14,20.08956527709961
2012-02-15,19.886981964111328
2012-02-16,19.76036834716797
2012-02-17,19.71816062927246
2012-02-21,19.017562866210938
2012-02-22,18.646156311035156
2012-02-23,19.127286911010742
2012-02-24,18.890947341918945
2012-02-27,19.363637924194336
2012-02-28,19.000682830810547
2012-02-29,19.73503875732422
2012-03-01,19.73503875732422
2012-03-02,19.372079849243164
2012-03-05,19.296106338500977
2012-03-06,18.87406349182129
2012-03-07,19.937631607055664
2012-03-08,20.840816497802734
2012-03-09,21.48233413696289
2012-03-12,21.558303833007812
2012-03-13,22.52901268005371
2012-03-14,22.258895874023438
2012-03-15,22.697830200195312
2012-03-16,22.427724838256836
2012-03-19,22.410837173461914
2012-03-20,22.309553146362305
2012-03-21,22.469926834106445
2012-03-22,22.047880172729492
2012-03-23,21.82840347290039
2012-03-26,22.284225463867188
2012-03-27,23.322463989257812
2012-03-28,23.35622787475586
2012-03-29,22.967937469482422
2012-03-30,22.94261360168457
2012-04-02,22.427724838256836
2012-04-03,22.59654426574707
2012-04-04,22.486806869506836
2012-04-05,22.157604217529297
2012-04-09,22.301103591918945
2012-04-10,20.68042755126953
2012-04-11,21.73555564880371
2012-04-12,22.368627548217773
2012-04-13,22.039426803588867
2012-04-16,21.769319534301758
2012-04-17,21.803083419799805
2012-04-18,21.56673240661621
2012-04-19,20.98430633544922
2012-04-20,21.7524356842041
2012-04-23,20.89857292175293
2012-04-24,21.363550186157227
2012-04-25,21.896160125732422
2012-04-26,23.147369384765625
2012-04-27,24.018142700195312
2012-04-30,23.451719284057617
2012-05-01,23.89133644104004
2012-05-02,24.53384780883789
2012-05-03,24.051956176757812
2012-05-04,23.772974014282227
2012-05-07,23.984329223632812
2012-05-08,23.59543800354004
2012-05-09,24.466211318969727
2012-05-10,23.756071090698242
2012-05-11,24.051956176757812
2012-05-14,23.984329223632812
2012-05-15,24.652196884155273
2012-05-16,24.745197296142578
2012-05-17,22.733116149902344
2012-05-18,22.13288116455078
2012-05-21,22.83456802368164
2012-05-22,23.341815948486328
2012-05-23,24.018142700195312
2012-05-24,23.89133644104004
2012-05-25,23.840608596801758
2012-05-29,24.305587768554688
2012-05-30,22.67393684387207
2012-05-31,23.07128143310547
2012-06-01,21.15220069885254
2012-06-04,20.01934814453125
2012-06-05,21.363550186157227
2012-06-06,22.225866317749023
2012-06-07,22.0145206451416
2012-06-08,22.445680618286133
2012-06-11,21.422733306884766
2012-06-12,21.625629425048828
2012-06-13,20.84784698486328
2012-06-14,21.600261688232422
2012-06-15,21.896160125732422
2012-06-18,22.80074691772461
2012-06-19,22.85148048400879
2012-06-20,22.750024795532227
2012-06-21,22.05678939819336
2012-06-22,22.293500900268555
2012-06-25,22.471038818359375
2012-06-26,23.15582847595215
2012-06-27,24.26331329345703
2012-06-28,24.82128143310547
2012-06-29,26.131675720214844
2012-07-02,26.292293548583984
2012-07-03,26.25002670288086
2012-07-05,26.630470275878906
2012-07-06,26.89254379272461
2012-07-09,26.63860321044922
2012-07-10,25.825977325439453
2012-07-11,25.377349853515625
2012-07-12,26.291545867919922
2012-07-13,26.257688522338867
2012-07-16,26.570884704589844
2012-07-17,26.36772918701172
2012-07-18,25.715940475463867
2012-07-19,25.6651554107666
2012-07-20,26.105321884155273
2012-07-23,26.105321884155273
2012-07-24,25.614368438720703
2012-07-25,24.5816593170166
2012-07-26,25.555105209350586
2012-07-27,25.68208885192871
2012-07-30,25.021821975708008
2012-07-31,24.72556495666504
2012-08-01,24.522411346435547
2012-08-02,25.047225952148438
2012-08-03,25.47046661376953
2012-08-06,25.140344619750977
2012-08-07,25.707473754882812
2012-08-08,25.995271682739258
2012-08-09,26.655529022216797
2012-08-10,26.410053253173828
2012-08-13,26.43544578552246
2012-08-14,26.477764129638672
2012-08-15,26.520095825195312
2012-08-16,27.43429183959961
2012-08-17,27.71361541748047
2012-08-20,26.985652923583984
2012-08-21,26.39312171936035
2012-08-22,27.38349151611328
2012-08-23,27.11263084411621
2012-08-24,27.620513916015625
2012-08-27,27.095705032348633
2012-08-28,27.315778732299805
2012-08-29,27.273460388183594
2012-08-30,27.171878814697266
2012-08-31,27.451210021972656
2012-09-04,27.815202713012695
2012-09-05,27.832130432128906
2012-09-06,28.847911834716797
2012-09-07,28.720932006835938
2012-09-10,28.094545364379883
2012-09-11,28.001426696777344
2012-09-12,29.22035026550293
2012-09-13,29.728240966796875
2012-09-14,30.870988845825195
2012-09-17,30.422351837158203
2012-09-18,30.126073837280273
2012-09-19,30.693227767944336
2012-09-20,30.98102569580078
2012-09-21,31.75131607055664
2012-09-24,31.285762786865234
2012-09-25,30.693227767944336
2012-09-26,29.321924209594727
2012-09-27,29.84674072265625
2012-09-28,29.431974411010742
2012-10-01,29.33038902282715
2012-10-02,29.61819076538086
2012-10-03,31.66667366027832
2012-10-04,31.75131607055664
2012-10-05,32.098365783691406
2012-10-08,31.835962295532227
2012-10-09,31.184181213378906
2012-10-10,31.13338851928711
2012-10-11,30.26904296875
2012-10-12,30.302936553955078
2012-10-15,31.396081924438477
2012-10-16,31.6248779296875
2012-10-17,32.31126022338867
2012-10-18,32.77734375
2012-10-19,32.81970977783203
2012-10-22,32.353641510009766
2012-10-23,31.989261627197266
2012-10-24,32.37058639526367
2012-10-25,31.785884857177734
2012-10-26,31.370662689208984
2012-10-31,31.751989364624023
2012-11-01,32.44685745239258
2012-11-02,31.616409301757812
2012-11-05,32.72650146484375
2012-11-06,32.9553108215332
2012-11-07,33.09088134765625
2012-11-08,32.54854965209961
2012-11-09,32.29432678222656
2012-11-12,30.82831573486328
2012-11-13,30.68427848815918
2012-11-14,29.667390823364258
2012-11-15,29.574176788330078
2012-11-16,30.616483688354492
2012-11-19,31.192697525024414
2012-11-20,32.285850524902344
2012-11-21,32.472286224365234
2012-11-23,32.77734375
2012-11-26,32.658714294433594
2012-11-27,32.81123352050781
2012-11-28,32.52313232421875
2012-11-29,32.39600372314453
2012-11-30,32.235015869140625
2012-12-03,32.040103912353516
2012-12-04,32.014686584472656
2012-12-05,30.86222267150879
2012-12-06,30.75205421447754
2012-12-07,31.091018676757812
2012-12-10,31.014755249023438
2012-12-11,30.85375213623047
2012-12-12,32.09095001220703
2012-12-13,31.523193359375
2012-12-14,31.616409301757812
2012-12-17,32.879032135009766
2012-12-18,33.65016555786133
2012-12-19,33.27730941772461
2012-12-20,33.29425811767578
2012-12-21,32.590919494628906
2012-12-24,32.43837356567383
2012-12-26,32.20957565307617
2012-12-27,32.26889419555664
2012-12-28,31.879100799560547
2012-12-31,32.76886749267578
2013-01-02,33.794227600097656
2013-01-03,33.819637298583984
2013-01-04,34.090797424316406
2013-01-07,34.92974090576172
2013-01-08,34.88737106323242
2013-01-09,35.3449592590332
2013-01-10,34.76025390625
2013-01-11,34.70093536376953
2013-01-14,34.76025390625
2013-01-15,34.472129821777344
2013-01-16,34.336551666259766
2013-01-17,35.53986358642578
2013-01-18,35.65850067138672
2013-01-22,35.65000534057617
2013-01-23,36.10761260986328
2013-01-24,35.84492874145508
2013-01-25,36.497413635253906
2013-01-28,35.51443099975586
2013-01-29,36.16692352294922
2013-01-30,35.28480529785156
2013-01-31,35.23393249511719
2013-02-01,34.83527374267578
2013-02-04,34.394203186035156
2013-02-05,34.75043869018555
2013-02-06,34.52145004272461
2013-02-07,34.029476165771484
2013-02-08,33.89376449584961
2013-02-11,33.308536529541016
2013-02-12,34.6656379699707
2013-02-13,34.631710052490234
2013-02-14,34.47056579589844
2013-02-15,34.09734344482422
2013-02-19,33.851356506347656
2013-02-20,31.535791397094727
2013-02-21,31.968374252319336
2013-02-22,32.12953567504883
2013-02-25,31.094745635986328
2013-02-26,32.23979949951172
2013-02-27,33.02861785888672
2013-02-28,32.73174285888672
2013-03-01,32.94380187988281
2013-03-04,33.8089485168457
2013-03-05,34.512962341308594
2013-03-06,34.98794174194336
2013-03-07,35.13214874267578
2013-03-08,35.38660430908203
2013-03-11,35.46293258666992
2013-03-12,34.76741409301758
2013-03-13,34.92856216430664
2013-03-14,35.57319641113281
2013-03-15,35.42900085449219
2013-03-18,35.26783752441406
2013-03-19,35.13214874267578
2013-03-20,36.811553955078125
2013-03-21,35.95488739013672
2013-03-22,35.72587585449219
2013-03-25,35.250892639160156
2013-03-26,35.38660430908203
2013-03-27,35.44597625732422
2013-03-28,35.18301773071289
2013-04-01,34.44511032104492
2013-04-02,33.953147888183594
2013-04-03,33.020137786865234
2013-04-04,32.901397705078125
2013-04-05,33.367889404296875
2013-04-08,34.300907135009766
2013-04-09,33.7071647644043
2013-04-10,33.51209259033203
2013-04-11,33.130401611328125
2013-04-12,34.334835052490234
2013-04-15,32.044708251953125
2013-04-16,32.825050354003906
2013-04-17,32.477294921875
2013-04-18,31.578210830688477
2013-04-19,32.37551498413086
2013-04-22,32.93590545654297
2013-04-23,35.1944580078125
2013-04-24,35.16050720214844
2013-04-25,35.60203552246094
2013-04-26,35.91618347167969
2013-04-29,35.169010162353516
2013-04-30,34.999176025390625
2013-05-01,34.2774658203125
2013-05-02,35.59355545043945
2013-05-03,35.754859924316406
2013-05-06,35.76333999633789
2013-05-07,35.831275939941406
2013-05-08,35.873722076416016
2013-05-09,36.00109100341797
2013-05-10,36.238834381103516
2013-05-13,36.71432876586914
2013-05-14,37.25773239135742
2013-05-15,37.10490417480469
2013-05-16,36.459598541259766
2013-05-17,37.2067985534668
2013-05-20,36.69733428955078
2013-05-21,36.06053161621094
2013-05-22,35.90769577026367
2013-05-23,36.85017395019531
2013-05-24,36.33224868774414
2013-05-28,35.83976745605469
2013-05-29,34.26897048950195
2013-05-30,34.08217239379883
2013-05-31,33.385929107666016
2013-06-03,33.30950164794922
2013-06-04,32.29910659790039
2013-06-05,31.798141479492188
2013-06-06,32.732120513916016
2013-06-07,32.77458953857422
2013-06-10,31.67926597595215
2013-06-11,31.0933895111084
2013-06-12,31.17830467224121
2013-06-13,32.88495635986328
2013-06-14,33.13968276977539
2013-06-17,33.385929107666016
2013-06-18,33.385929107666016
2013-06-19,32.137760162353516
2013-06-20,29.66693687438965
2013-06-21,29.930156707763672
2013-06-24,29.709394454956055
2013-06-25,29.91317367553711
2013-06-26,30.575464248657227
2013-06-27,31.738704681396484
2013-06-28,30.600927352905273
2013-07-01,30.116945266723633
2013-07-02,29.709394454956055
2013-07-03,30.01505470275879
2013-07-05,28.80937385559082
2013-07-08,28.095298767089844
2013-07-09,29.76146125793457
2013-07-10,29.378915786743164
2013-07-11,31.82716941833496
2013-07-12,31.495635986328125
2013-07-15,30.220500946044922
2013-07-16,30.160999298095703
2013-07-17,30.305519104003906
2013-07-18,29.897470474243164
2013-07-19,30.203500747680664
2013-07-22,29.582942962646484
2013-07-23,29.982481002807617
2013-07-24,28.834871292114258
2013-07-25,28.3673152923584
2013-07-26,28.528839111328125
2013-07-29,28.324811935424805
2013-07-30,28.154802322387695
2013-07-31,28.7923641204834
2013-08-01,28.90287971496582
2013-08-02,29.506431579589844
2013-08-05,28.90287971496582
2013-08-06,28.307817459106445
2013-08-07,27.41522216796875
2013-08-08,27.491743087768555
2013-08-09,27.9932804107666
2013-08-12,28.07830047607422
2013-08-13,27.338716506958008
2013-08-14,26.91367530822754
2013-08-15,28.290815353393555
2013-08-16,28.800861358642578
2013-08-19,27.534231185913086
2013-08-20,28.401323318481445
2013-08-21,28.0612850189209
2013-08-22,28.528839111328125
2013-08-23,27.712759017944336
2013-08-26,27.882776260375977
2013-08-27,27.432226181030273
2013-08-28,26.879671096801758
2013-08-29,27.729753494262695
2013-08-30,27.041187286376953
2013-09-03,26.85417366027832
2013-09-04,27.04969024658203
2013-09-05,26.803165435791016
2013-09-06,27.41522216796875
2013-09-09,28.894372940063477
2013-09-10,28.460830688476562
2013-09-11,29.42142105102539
2013-09-12,29.667943954467773
2013-09-13,29.310916900634766
2013-09-16,29.557437896728516
2013-09-17,29.786970138549805
2013-09-18,31.73365592956543
2013-09-19,30.832565307617188
2013-09-20,29.88047218322754
2013-09-23,29.361923217773438
2013-09-24,30.611547470092773
2013-09-25,30.9345645904541
2013-09-26,31.019580841064453
2013-09-27,30.48403549194336
2013-09-30,30.092987060546875
2013-10-01,30.365013122558594
2013-10-02,30.688047409057617
2013-10-03,30.365013122558594
2013-10-04,29.48944091796875
2013-10-07,29.497934341430664
2013-10-08,28.6733455657959
2013-10-09,28.375818252563477
2013-10-10,28.73285484313965
2013-10-11,29.59994888305664
2013-10-14,29.16640281677246
2013-10-15,28.341815948486328
2013-10-16,28.818435668945312
2013-10-17,30.095102310180664
2013-10-18,29.822744369506836
2013-10-21,29.54188346862793
2013-10-22,30.784496307373047
2013-10-23,31.107908248901367
2013-10-24,31.669639587402344
2013-10-25,31.482397079467773
2013-10-28,31.34622573852539
2013-10-29,31.814327239990234
2013-10-30,31.184505462646484
2013-10-31,30.256811141967773
2013-11-01,29.77167510986328
2013-11-04,29.89934730529785
2013-11-05,29.20143699645996
2013-11-06,29.38016700744629
2013-11-07,29.141857147216797
2013-11-08,27.90775489807129
2013-11-11,27.72902488708496
2013-11-12,28.009891510009766
2013-11-13,28.36734962463379
2013-11-14,29.124832153320312
2013-11-15,29.082284927368164
2013-11-18,29.38016700744629
2013-11-19,29.1163272857666
2013-11-20,29.405704498291016
2013-11-21,29.720619201660156
2013-11-22,29.405704498291016
2013-11-25,29.20143699645996
2013-11-26,30.682357788085938
2013-11-27,30.597246170043945
2013-11-29,30.435535430908203
2013-12-02,29.941898345947266
2013-12-03,30.05254554748535
2013-12-04,29.38016700744629
2013-12-05,29.124832153320312
2013-12-06,29.397188186645508
2013-12-09,29.992971420288086
2013-12-10,30.42702865600586
2013-12-11,29.814226150512695
2013-12-12,29.6950740814209
2013-12-13,29.788707733154297
2013-12-16,29.788707733154297
2013-12-17,29.958919525146484
2013-12-18,31.856882095336914
2013-12-19,31.52495574951172
2013-12-20,31.814327239990234
2013-12-23,32.98035430908203
2013-12-24,33.16758346557617
2013-12-26,33.41441345214844
2013-12-27,33.661224365234375
2013-12-30,33.83143997192383
2013-12-31,33.66974639892578
2014-01-02,33.55058288574219
2014-01-03,33.06544876098633
2014-01-06,32.50373458862305
2014-01-07,32.648414611816406
2014-01-08,32.86119079589844
2014-01-09,32.69947814941406
2014-01-10,33.35484313964844
2014-01-13,32.49520492553711
2014-01-14,32.53776168823242
2014-01-15,32.410118103027344
2014-01-16,32.70800018310547
2014-01-17,31.899438858032227
2014-01-21,31.7207088470459
2014-01-22,32.180294036865234
2014-01-23,32.51224136352539
2014-01-24,31.516447067260742
2014-01-27,31.4143123626709
2014-01-28,32.82016372680664
2014-01-29,33.22913360595703
2014-01-30,33.1013298034668
2014-01-31,34.21749496459961
2014-02-03,33.41658020019531
2014-02-04,33.95336151123047
2014-02-05,33.72331237792969
2014-02-06,35.53812789916992
2014-02-07,35.58924865722656
2014-02-10,34.83946990966797
2014-02-11,34.58386993408203
2014-02-12,34.191932678222656
2014-02-13,34.933189392089844
2014-02-14,35.342166900634766
2014-02-18,35.0524787902832
2014-02-19,34.8820686340332
2014-02-20,35.18027877807617
2014-02-21,35.65739822387695
2014-02-24,35.63185501098633
2014-02-25,36.00675582885742
2014-02-26,37.30183029174805
2014-02-27,37.770450592041016
2014-02-28,37.387046813964844
2014-03-03,37.35294723510742
2014-03-04,37.25071716308594
2014-03-05,36.765045166015625
2014-03-06,36.55204772949219
2014-03-07,35.83633804321289
2014-03-10,34.9672737121582
2014-03-11,35.0524787902832
2014-03-12,35.32513427734375
2014-03-13,34.379364013671875
2014-03-14,34.098209381103516
2014-03-17,34.13228225708008
2014-03-18,34.59238052368164
2014-03-19,35.222900390625
2014-03-20,34.35380935668945
2014-03-21,33.714786529541016
2014-03-24,33.38250732421875
2014-03-25,33.33137130737305
2014-03-26,32.94796371459961
2014-03-27,33.22062683105469
2014-03-28,33.72331237792969
2014-03-31,33.757381439208984
2014-04-01,34.421974182128906
2014-04-02,34.490142822265625
2014-04-03,34.541263580322266
2014-04-04,34.490142822265625
2014-04-07,33.39103317260742
2014-04-08,33.73183822631836
2014-04-09,33.757381439208984
2014-04-10,33.38250732421875
2014-04-11,32.999088287353516
2014-04-14,33.18653106689453
2014-04-15,33.050201416015625
2014-04-16,33.033164978027344
2014-04-17,32.564552307128906
2014-04-21,32.436607360839844
2014-04-22,32.777793884277344
2014-04-23,32.57307434082031
2014-04-24,33.69894790649414
2014-04-25,32.93130874633789
2014-04-28,33.14455032348633
2014-04-29,33.04219436645508
2014-04-30,32.91424560546875
2014-05-01,33.57953643798828
2014-05-02,34.01451110839844
2014-05-05,33.44305419921875
2014-05-06,32.922786712646484
2014-05-07,32.888668060302734
2014-05-08,32.74367141723633
2014-05-09,32.75220489501953
2014-05-12,33.46011734008789
2014-05-13,33.92922592163086
2014-05-14,32.91424560546875
2014-05-15,32.82896041870117
2014-05-16,32.86308288574219
2014-05-19,32.70102310180664
2014-05-20,32.428077697753906
2014-05-21,32.64985656738281
2014-05-22,33.25542068481445
2014-05-23,34.577449798583984
2014-05-27,34.51774597167969
2014-05-28,34.43245315551758
2014-05-29,34.858909606933594
2014-05-30,34.884490966796875
2014-06-02,34.83333206176758
2014-06-03,34.80775451660156
2014-06-04,34.59450912475586
2014-06-05,34.961265563964844
2014-06-06,35.54977798461914
2014-06-09,35.686248779296875
2014-06-10,35.54125213623047
2014-06-11,34.918617248535156
2014-06-12,34.5518684387207
2014-06-13,34.2703971862793
2014-06-16,34.78214645385742
2014-06-17,35.22566604614258
2014-06-18,35.32801055908203
2014-06-19,35.10626983642578
2014-06-20,34.69685363769531
2014-06-23,34.543331146240234
2014-06-24,35.01244354248047
2014-06-25,35.41330337524414
2014-06-26,35.242733001708984
2014-06-27,35.47303771972656
2014-06-30,35.8056640625
2014-07-01,36.29182815551758
2014-07-02,35.76301956176758
2014-07-03,35.76301956176758
2014-07-07,35.03801727294922
2014-07-08,34.88435363769531
2014-07-09,34.97825622558594
2014-07-10,34.70504379272461
2014-07-11,34.38063049316406
2014-07-14,34.192806243896484
2014-07-15,34.056209564208984
2014-07-16,34.73921585083008
2014-07-17,33.56957244873047
2014-07-18,33.663482666015625
2014-07-21,33.58664321899414
2014-07-22,34.03059387207031
2014-07-23,34.585548400878906
2014-07-24,33.52687072753906
2014-07-25,32.80974197387695
2014-07-28,32.13527297973633
2014-07-29,31.990135192871094
2014-07-30,31.614473342895508
2014-07-31,30.93147087097168
2014-08-01,30.871702194213867
2014-08-04,31.153444290161133
2014-08-05,30.89731788635254
2014-08-06,30.67534637451172
2014-08-07,30.70095443725586
2014-08-08,31.28150749206543
2014-08-11,31.196138381958008
2014-08-12,31.20467185974121
2014-08-13,31.213205337524414
2014-08-14,31.733989715576172
2014-08-15,31.537633895874023
2014-08-18,32.05843734741211
2014-08-19,33.12561798095703
2014-08-20,33.2963752746582
2014-08-21,33.31342697143555
2014-08-22,33.441497802734375
2014-08-25,33.253684997558594
2014-08-26,33.18537902832031
2014-08-27,33.21953582763672
2014-08-28,33.253684997558594
2014-08-29,33.45004653930664
2014-09-02,33.381744384765625
2014-09-03,32.66460037231445
2014-09-04,33.04878616333008
2014-09-05,33.19390869140625
2014-09-08,33.33905792236328
2014-09-09,33.390281677246094
2014-09-10,33.637882232666016
2014-09-11,33.81715774536133
2014-09-12,33.347599029541016
2014-09-15,33.49272537231445
2014-09-16,33.4073486328125
2014-09-17,35.34537124633789
2014-09-18,35.328304290771484
2014-09-19,35.02948760986328
2014-09-22,34.04766845703125
2014-09-23,34.192806243896484
2014-09-24,34.1159782409668
2014-09-25,33.6720085144043
2014-09-26,33.92814254760742
2014-09-29,33.64640808105469
2014-09-30,33.15122985839844
2014-10-01,32.912166595458984
2014-10-02,33.304901123046875
2014-10-03,34.02206039428711
2014-10-06,34.45746994018555
2014-10-07,34.02206039428711
2014-10-08,34.89287567138672
2014-10-09,33.996456146240234
2014-10-10,32.82680130004883
2014-10-13,32.118194580078125
2014-10-14,32.75849151611328
2014-10-15,33.96356201171875
2014-10-16,33.91227340698242
2014-10-17,35.43354034423828
2014-10-20,36.70696258544922
2014-10-21,36.71552276611328
2014-10-22,36.57876968383789
2014-10-23,37.01464080810547
2014-10-24,37.39923095703125
2014-10-27,37.41632080078125
2014-10-28,37.53595733642578
2014-10-29,37.10865783691406
2014-10-30,37.04882049560547
2014-10-31,36.81806945800781
2014-11-03,37.02317428588867
2014-11-04,36.49329376220703
2014-11-05,36.518943786621094
2014-11-06,37.53595733642578
2014-11-07,38.06584167480469
2014-11-10,38.70682907104492
2014-11-11,39.646934509277344
2014-11-12,38.937583923339844
2014-11-13,39.02305221557617
2014-11-14,39.005943298339844
2014-11-17,39.005943298339844
2014-11-18,39.04867935180664
2014-11-19,39.0999641418457
2014-11-20,40.14263153076172
2014-11-21,40.41612243652344
2014-11-24,40.604129791259766
2014-11-25,40.176815032958984
2014-11-26,40.04862976074219
2014-11-28,40.373390197753906
2014-12-01,39.54438400268555
2014-12-02,39.8776741027832
2014-12-03,39.56147384643555
2014-12-04,39.1170539855957
2014-12-05,38.929039001464844
2014-12-08,38.894859313964844
2014-12-09,39.1598014831543
2014-12-10,37.100101470947266
2014-12-11,37.02317428588867
2014-12-12,36.15998458862305
2014-12-15,35.62156295776367
2014-12-16,35.31390380859375
2014-12-17,36.84369659423828
2014-12-18,37.33084487915039
2014-12-19,37.322303771972656
2014-12-22,37.39923095703125
2014-12-23,37.07444763183594
2014-12-24,37.06591033935547
2014-12-26,37.39923095703125
2014-12-29,37.8350830078125
2014-12-30,37.98037338256836
2014-12-31,38.29659652709961
2015-01-02,37.85218048095703
2015-01-05,37.56159591674805
2015-01-06,37.24538040161133
2015-01-07,39.0828742980957
2015-01-08,40.04862976074219
2015-01-09,39.98880386352539
2015-01-12,40.22809982299805
2015-01-13,39.55292510986328
2015-01-14,39.108516693115234
2015-01-15,36.30528259277344
2015-01-16,36.920623779296875
2015-01-20,36.177085876464844
2015-01-21,36.98045349121094
2015-01-22,37.45904541015625
2015-01-23,37.37357711791992
2015-01-26,38.36496353149414
2015-01-27,38.44195556640625
2015-01-28,38.20243835449219
2015-01-29,39.528324127197266
2015-01-30,38.41627883911133
2015-02-02,38.18534469604492
2015-02-03,38.86110305786133
2015-02-04,39.750736236572266
2015-02-05,39.73362350463867
2015-02-06,41.07661437988281
2015-02-09,41.435882568359375
2015-02-10,42.239959716796875
2015-02-11,42.060333251953125
2015-02-12,42.99272537231445
2015-02-13,42.753211975097656
2015-02-17,43.12104034423828
2015-02-18,42.89006042480469
2015-02-19,42.975608825683594
2015-02-20,43.04403305053711
2015-02-23,42.599239349365234
2015-02-24,43.80533981323242
2015-02-25,43.35198211669922
2015-02-26,42.8473014831543
2015-02-27,42.949951171875
2015-03-02,42.80453109741211
2015-03-03,42.299842834472656
2015-03-04,42.813087463378906
2015-03-05,42.87297821044922
2015-03-06,41.58985137939453
2015-03-09,41.675392150878906
2015-03-10,41.29902267456055
2015-03-11,41.2305908203125
2015-03-12,42.3939323425293
2015-03-13,42.08597183227539
2015-03-16,42.180084228515625
2015-03-17,41.7951545715332
2015-03-18,42.53080749511719
2015-03-19,42.470909118652344
2015-03-20,42.99272537231445
2015-03-23,42.37682342529297
2015-03-24,43.14669418334961
2015-03-25,42.496578216552734
2015-03-26,42.27417755126953
2015-03-27,43.13813781738281
2015-03-30,44.04487228393555
2015-03-31,44.318599700927734
2015-04-01,44.352821350097656
2015-04-02,45.499061584472656
2015-04-06,44.53244400024414
2015-04-07,43.4033088684082
2015-04-08,43.848121643066406
2015-04-09,43.189456939697266
2015-04-10,43.19801330566406
2015-04-13,43.12104034423828
2015-04-14,43.60005569458008
2015-04-15,44.002098083496094
2015-04-16,42.89863204956055
2015-04-17,41.555633544921875
2015-04-20,41.29023742675781
2015-04-21,42.06930160522461
2015-04-22,41.44434356689453
2015-04-23,39.99751281738281
2015-04-24,40.39987564086914
2015-04-27,39.69786834716797
2015-04-28,39.81773376464844
2015-04-29,39.56089401245117
2015-04-30,39.20988464355469
2015-05-01,40.08312225341797
2015-05-04,39.71498489379883
2015-05-05,38.7989616394043
2015-05-06,38.77326965332031
2015-05-07,39.78348922729492
2015-05-08,40.6567268371582
2015-05-11,39.98037338256836
2015-05-12,39.97182083129883
2015-05-13,39.92045974731445
2015-05-14,40.47694396972656
2015-05-15,40.750877380371094
2015-05-18,41.47003173828125
2015-05-19,41.66693115234375
2015-05-20,41.735416412353516
2015-05-21,41.44434356689453
2015-05-22,41.54707717895508
2015-05-26,40.579673767089844
2015-05-27,40.391319274902344
2015-05-28,40.682395935058594
2015-05-29,39.92045974731445
2015-06-01,40.26291275024414
2015-06-02,40.28003692626953
2015-06-03,40.47694396972656
2015-06-04,39.740684509277344
2015-06-05,39.98895263671875
2015-06-08,39.58658218383789
2015-06-09,39.66362380981445
2015-06-10,40.38276672363281
2015-06-11,40.40842056274414
2015-06-12,40.639591217041016
2015-06-15,40.93067932128906
2015-06-16,40.71664810180664
2015-06-17,40.237220764160156
2015-06-18,40.50260925292969
2015-06-19,41.64125061035156
2015-06-22,42.377506256103516
2015-06-23,41.94944763183594
2015-06-24,43.713035583496094
2015-06-25,44.038360595703125
2015-06-26,44.50067138671875
2015-06-29,43.51613235473633
2015-06-30,43.695919036865234
2015-07-01,43.73871994018555
2015-07-02,43.83289337158203
2015-07-06,43.63582992553711
2015-07-07,45.21229934692383
2015-07-08,44.8867301940918
2015-07-09,45.16944885253906
2015-07-10,45.666385650634766
2015-07-13,45.760650634765625
2015-07-14,46.03481674194336
2015-07-15,45.70924377441406
2015-07-16,45.306556701660156
2015-07-17,44.9295654296875
2015-07-20,44.33839416503906
2015-07-21,44.54401779174805
2015-07-22,45.57216262817383
2015-07-23,44.94670104980469
2015-07-24,43.32740020751953
2015-07-27,43.31882095336914
2015-07-28,43.695804595947266
2015-07-29,44.21844482421875
2015-07-30,44.706809997558594
2015-07-31,45.44363784790039
2015-08-03,44.998111724853516
2015-08-04,43.952857971191406
2015-08-05,43.17316436767578
2015-08-06,42.88187026977539
2015-08-07,42.77048873901367
2015-08-10,43.670101165771484
2015-08-11,44.08135223388672
2015-08-12,44.32124328613281
2015-08-13,44.9210090637207
2015-08-14,45.0152473449707
2015-08-17,46.21473693847656
2015-08-18,47.6284294128418
2015-08-19,47.114349365234375
2015-08-20,46.54888153076172
2015-08-21,45.79490661621094
2015-08-24,42.907569885253906
2015-08-25,41.27968978881836
2015-08-26,42.58198928833008
2015-08-27,43.9614143371582
2015-08-28,43.20744323730469
2015-08-31,43.6101188659668
2015-09-01,42.35064697265625
2015-09-02,43.70437240600586
2015-09-03,44.244144439697266
2015-09-04,43.190311431884766
2015-09-08,44.835330963134766
2015-09-09,44.2526969909668
2015-09-10,43.88429260253906
2015-09-11,44.75821304321289
2015-09-14,44.85245895385742
2015-09-15,44.861026763916016
2015-09-16,44.80961227416992
2015-09-17,45.39222717285156
2015-09-18,44.33839416503906
2015-09-21,44.20130157470703
2015-09-22,42.36780548095703
2015-09-23,42.66767883300781
2015-09-24,42.94184494018555
2015-09-25,43.233150482177734
2015-09-28,40.78273391723633
2015-09-29,40.2686767578125
2015-09-30,41.236854553222656
2015-10-01,41.83659362792969
2015-10-02,42.050785064697266
2015-10-05,43.190311431884766
2015-10-06,42.050785064697266
2015-10-07,43.25883483886719
2015-10-08,43.75578689575195
2015-10-09,43.978546142578125
2015-10-12,43.85859298706055
2015-10-13,43.524444580078125
2015-10-14,42.07648849487305
2015-10-15,42.65911102294922
2015-10-16,42.89042663574219
2015-10-19,43.2417106628418
2015-10-20,44.433570861816406
2015-10-21,44.665096282958984
2015-10-22,44.45072555541992
2015-10-23,44.69081115722656
2015-10-26,44.27924346923828
2015-10-27,43.33604049682617
2015-10-28,43.89338302612305
2015-10-29,42.23848342895508
2015-10-30,42.93302917480469
2015-11-02,43.16453552246094
2015-11-03,43.21599578857422
2015-11-04,42.855857849121094
2015-11-05,42.075565338134766
2015-11-06,41.60395431518555
2015-11-09,40.9865837097168
2015-11-10,42.3585319519043
2015-11-11,42.907291412353516
2015-11-12,41.75830078125
2015-11-13,41.45819091796875
2015-11-16,42.54717254638672
2015-11-17,42.469993591308594
2015-11-18,43.344600677490234
2015-11-19,43.378910064697266
2015-11-20,43.72187423706055
2015-11-23,43.75620651245117
2015-11-24,44.27924346923828
2015-11-25,44.52791213989258
2015-11-27,44.55363845825195
2015-11-30,43.9105339050293
2015-12-01,44.85373306274414
2015-12-02,43.98770523071289
2015-12-03,42.95017623901367
2015-12-04,44.06487274169922
2015-12-07,44.13346481323242
2015-12-08,42.95875549316406
2015-12-09,42.25563430786133
2015-12-10,42.68437194824219
2015-12-11,41.93837356567383
2015-12-14,41.6811408996582
2015-12-15,42.20417022705078
2015-12-16,43.29315948486328
2015-12-17,41.741153717041016
2015-12-18,40.72077178955078
2015-12-21,41.20095443725586
2015-12-22,42.01554870605469
2015-12-23,41.86121368408203
2015-12-24,41.91264343261719
2015-12-28,42.16130828857422
2015-12-29,42.530029296875
2015-12-30,42.32422637939453
2015-12-31,41.93837356567383
2016-01-04,40.05195999145508
2016-01-05,40.12055587768555
2016-01-06,38.92868423461914
2016-01-07,37.23949432373047
2016-01-08,36.10765838623047
2016-01-11,36.3563117980957
2016-01-12,36.93937301635742
2016-01-13,35.58458709716797
2016-01-14,35.19873809814453
2016-01-15,35.07869338989258
2016-01-19,35.13871765136719
2016-01-20,34.872901916503906
2016-01-21,35.31877899169922
2016-01-22,36.193382263183594
2016-01-25,34.81288146972656
2016-01-26,36.46940612792969
2016-01-27,35.894344329833984
2016-01-28,35.43086242675781
2016-01-29,36.17758560180664
2016-02-01,35.72268295288086
2016-02-02,34.49531173706055
2016-02-03,34.64120101928711
2016-02-04,34.77855682373047
2016-02-05,33.92882537841797
2016-02-08,32.99327850341797
2016-02-09,32.976112365722656
2016-02-10,33.4653434753418
2016-02-11,32.44395065307617
2016-02-12,34.074737548828125
2016-02-16,34.5897102355957
2016-02-17,34.77855682373047
2016-02-18,34.33222961425781
2016-02-19,34.30646514892578
2016-02-22,35.05321502685547
2016-02-23,35.224857330322266
2016-02-24,35.276371002197266
2016-02-25,36.254825592041016
2016-02-26,36.254825592041016
2016-02-29,35.997337341308594
2016-03-01,37.44786834716797
2016-03-02,38.42633056640625
2016-03-03,39.17308044433594
2016-03-04,38.94990539550781
2016-03-07,39.24173355102539
2016-03-08,38.22035598754883
2016-03-09,38.803993225097656
2016-03-10,38.50359344482422
2016-03-11,39.6708984375
2016-03-14,39.276065826416016
2016-03-15,39.02716827392578
2016-03-16,39.885467529296875
2016-03-17,40.53777313232422
2016-03-18,40.9068489074707
2016-03-21,40.58069610595703
2016-03-22,40.38328552246094
2016-03-23,39.65372848510742
2016-03-24,39.782470703125
2016-03-28,40.082881927490234
2016-03-29,41.35316467285156
2016-03-30,41.035587310791016
2016-03-31,41.50766372680664
2016-04-01,40.72660446166992
2016-04-04,40.21161651611328
2016-04-05,40.160125732421875
2016-04-06,40.915428161621094
2016-04-07,40.88969039916992
2016-04-08,40.84677505493164
2016-04-11,40.6922721862793
2016-04-12,40.881099700927734
2016-04-13,41.7651481628418
2016-04-14,41.46474838256836
2016-04-15,41.130008697509766
2016-04-18,41.00126266479492
2016-04-19,40.615013122558594
2016-04-20,41.027008056640625
2016-04-21,41.32742691040039
2016-04-22,40.62361526489258
2016-04-25,40.546287536621094
2016-04-26,40.786834716796875
2016-04-27,40.975807189941406
2016-04-28,39.34364700317383
2016-04-29,38.922725677490234
2016-05-02,39.35224914550781
2016-05-03,38.41590118408203
2016-05-04,38.175357818603516
2016-05-05,37.80598068237305
2016-05-06,37.66854476928711
2016-05-09,37.70291519165039
2016-05-10,38.201141357421875
2016-05-11,37.900474548339844
2016-05-12,37.5396842956543
2016-05-13,37.44519805908203
2016-05-16,37.617000579833984
2016-05-17,37.66854476928711
2016-05-18,37.531097412109375
2016-05-19,37.35929870605469
2016-05-20,38.06368637084961
2016-05-23,37.78879928588867
2016-05-24,39.24917221069336
2016-05-25,39.21479034423828
2016-05-26,39.05158233642578
2016-05-27,39.29212188720703
2016-05-31,39.14607238769531
2016-06-01,39.35224914550781
2016-06-02,39.32646179199219
2016-06-03,39.26633071899414
2016-06-06,39.35224914550781
2016-06-07,40.34013748168945
2016-06-08,41.02735137939453
2016-06-09,40.94145202636719
2016-06-10,40.30576705932617
2016-06-13,39.58418273925781
2016-06-14,39.154659271240234
2016-06-15,39.35224914550781
2016-06-16,39.206214904785156
2016-06-17,39.68727111816406
2016-06-20,40.08241653442383
2016-06-21,39.635719299316406
2016-06-22,39.489681243896484
2016-06-23,40.013694763183594
2016-06-24,38.42448425292969
2016-06-27,37.57404708862305
2016-06-28,38.68220520019531
2016-06-29,39.36083984375
2016-06-30,39.601375579833984
2016-07-01,39.87624740600586
2016-07-05,39.80752944946289
2016-07-06,40.426570892333984
2016-07-07,40.830665588378906
2016-07-08,42.26648712158203
2016-07-11,41.913978576660156
2016-07-12,41.93976974487305
2016-07-13,41.879581451416016
2016-07-14,41.9311637878418
2016-07-15,41.828006744384766
2016-07-18,42.03434371948242
2016-07-19,41.828006744384766
2016-07-20,42.085941314697266
2016-07-21,41.99995422363281
2016-07-22,41.862396240234375
2016-07-25,42.257896423339844
2016-07-26,42.21488571166992
2016-07-27,41.79360580444336
2016-07-28,41.50987243652344
2016-07-29,40.2374153137207
2016-08-01,40.194427490234375
2016-08-02,39.14550018310547
2016-08-03,39.32605743408203
2016-08-04,39.38624572753906
2016-08-05,40.2374153137207
2016-08-08,40.0826530456543
2016-08-09,40.26321029663086
2016-08-10,40.2374153137207
2016-08-11,40.54693603515625
2016-08-12,40.194427490234375
2016-08-15,40.667301177978516
2016-08-16,40.51254653930664
2016-08-17,40.21162414550781
2016-08-18,40.30619812011719
2016-08-19,39.979488372802734
2016-08-22,40.03107833862305
2016-08-23,41.217559814453125
2016-08-24,40.710289001464844
2016-08-25,40.57272720336914
2016-08-26,39.82473373413086
2016-08-29,40.25462341308594
2016-08-30,40.6931037902832
2016-08-31,40.667301177978516
2016-09-01,40.16004180908203
2016-09-02,40.03107833862305
2016-09-06,40.09125518798828
2016-09-07,40.6931037902832
2016-09-08,40.29758834838867
2016-09-09,38.8445930480957
2016-09-12,39.437828063964844
2016-09-13,38.440486907958984
2016-09-14,38.46628189086914
2016-09-15,38.69841003417969
2016-09-16,38.12236404418945
2016-09-19,38.767208099365234
2016-09-20,37.400150299072266
2016-09-21,37.35717010498047
2016-09-22,37.48613357543945
2016-09-23,37.06483459472656
2016-09-26,36.92729949951172
2016-09-27,36.72954177856445
2016-09-28,37.14223098754883
2016-09-29,36.27385711669922
2016-09-30,36.4028205871582
2016-10-03,36.230712890625
2016-10-04,35.748775482177734
2016-10-05,36.00693893432617
2016-10-06,36.25651168823242
2016-10-07,35.748775482177734
2016-10-10,35.90367889404297
2016-10-11,35.783199310302734
2016-10-12,35.963924407958984
2016-10-13,35.249637603759766
2016-10-14,35.593868255615234
2016-10-17,35.809017181396484
2016-10-18,36.06719207763672
2016-10-19,36.11882781982422
2016-10-20,35.628299713134766
2016-10-21,35.47339630126953
2016-10-24,35.9208869934082
2016-10-25,35.46479034423828
2016-10-26,35.48200225830078
2016-10-27,34.7160758972168
2016-10-28,35.57666015625
2016-10-31,35.87786102294922
2016-11-01,35.5078125
2016-11-02,35.16358184814453
2016-11-03,35.068912506103516
2016-11-04,35.628299713134766
2016-11-07,36.09300994873047
2016-11-08,35.65412521362305
2016-11-09,35.370121002197266
2016-11-10,36.00693893432617
2016-11-11,35.499202728271484
2016-11-14,36.428646087646484
2016-11-15,36.3511848449707
2016-11-16,36.2135009765625
2016-11-17,37.18595886230469
2016-11-18,37.40971755981445
2016-11-21,37.80557632446289
2016-11-22,37.46135711669922
2016-11-23,37.75395202636719
2016-11-25,38.1068000793457
2016-11-28,37.61625289916992
2016-11-29,38.072357177734375
2016-11-30,36.6093635559082
2016-12-01,36.16185760498047
2016-12-02,36.15325927734375
2016-12-05,36.5060920715332
2016-12-06,37.3666877746582
2016-12-07,38.442413330078125
2016-12-08,39.30299758911133
2016-12-09,38.580108642578125
2016-12-12,38.85549545288086
2016-12-13,38.95875549316406
2016-12-14,37.86582565307617
2016-12-15,37.29783248901367
2016-12-16,37.3666877746582
2016-12-19,37.34946823120117
2016-12-20,37.00522994995117
2016-12-21,37.40971755981445
2016-12-22,36.93637466430664
2016-12-23,36.62657165527344
2016-12-27,37.31504440307617
2016-12-28,37.14292907714844
2016-12-29,36.91917037963867
2016-12-30,36.94499206542969
2017-01-03,36.93637466430664
2017-01-04,37.8486213684082
2017-01-05,38.227272033691406
2017-01-06,37.59904479980469
2017-01-09,37.478553771972656
2017-01-10,37.63345718383789
2017-01-11,37.89164352416992
2017-01-12,38.235877990722656
2017-01-13,38.261688232421875
2017-01-17,38.210044860839844
2017-01-18,38.123992919921875
2017-01-19,37.63345718383789
2017-01-20,37.73672866821289
2017-01-23,37.65067672729492
2017-01-24,39.90541458129883
2017-01-25,40.422218322753906
2017-01-26,40.22409439086914
2017-01-27,39.44029998779297
2017-01-30,39.15605545043945
2017-01-31,38.458377838134766
2017-02-01,38.665103912353516
2017-02-02,38.596195220947266
2017-02-03,38.880435943603516
2017-02-06,38.56174087524414
2017-02-07,38.43254089355469
2017-02-08,38.923500061035156
2017-02-09,38.923500061035156
2017-02-10,40.31885528564453
2017-02-13,40.22409439086914
2017-02-14,39.80206298828125
2017-02-15,40.396366119384766
2017-02-16,39.77621841430664
2017-02-17,40.017398834228516
2017-02-21,40.49972152709961
2017-02-22,40.74951171875
2017-02-23,40.6117057800293
2017-02-24,40.852882385253906
2017-02-27,41.66252136230469
2017-02-28,42.02428436279297
2017-03-01,43.07511520385742
2017-03-02,42.84254455566406
2017-03-03,42.98035430908203
2017-03-06,43.0406494140625
2017-03-07,43.67803955078125
2017-03-08,45.00448226928711
2017-03-09,44.72885513305664
2017-03-10,45.40932083129883
2017-03-13,44.720252990722656
2017-03-14,44.44461441040039
2017-03-15,44.901123046875
2017-03-16,45.6246452331543
2017-03-17,45.504058837890625
2017-03-20,45.37486267089844
2017-03-21,44.16038513183594
2017-03-22,43.67803955078125
2017-03-23,43.8072395324707
2017-03-24,43.9622802734375
2017-03-27,43.91059112548828
2017-03-28,44.23788833618164
2017-03-29,44.358489990234375
2017-03-30,44.18623352050781
2017-03-31,44.09148406982422
2017-04-03,43.85031509399414
2017-04-04,43.61775588989258
2017-04-05,43.61775588989258
2017-04-06,43.85031509399414
2017-04-07,43.65219497680664
2017-04-10,44.34126281738281
2017-04-11,44.720252990722656
2017-04-12,44.177608489990234
2017-04-13,44.6082878112793
2017-04-17,45.09062576293945
2017-04-18,45.15953826904297
2017-04-19,45.30595016479492
2017-04-20,44.69441223144531
2017-04-21,44.79776382446289
2017-04-24,44.418785095214844
2017-04-25,43.66943359375
2017-04-26,43.9019889831543
2017-04-27,44.0225715637207
2017-04-28,43.531227111816406
2017-05-01,43.35020446777344
2017-05-02,43.25539016723633
2017-05-03,42.86748123168945
2017-05-04,42.91059875488281
2017-05-05,42.919212341308594
2017-05-08,42.97092819213867
2017-05-09,43.66913986206055
2017-05-10,43.59156799316406
2017-05-11,43.953617095947266
2017-05-12,43.43641662597656
2017-05-15,43.988075256347656
2017-05-16,44.33289337158203
2017-05-17,43.33296585083008
2017-05-18,44.048439025878906
2017-05-19,44.95353698730469
2017-05-22,45.212135314941406
2017-05-23,44.505287170410156
2017-05-24,44.80699157714844
2017-05-25,44.59149169921875
2017-05-26,44.41909408569336
2017-05-30,44.38461685180664
2017-05-31,44.229454040527344
2017-06-01,44.76388931274414
2017-06-02,45.45349884033203
2017-06-05,45.19490051269531
2017-06-06,45.005245208740234
2017-06-07,45.17765426635742
2017-06-08,44.944915771484375
2017-06-09,44.82422637939453
2017-06-12,45.419010162353516
2017-06-13,46.246543884277344
2017-06-14,46.48789978027344
2017-06-15,45.77244186401367
2017-06-16,45.62590026855469
2017-06-19,45.46211624145508
2017-06-20,46.43618392944336
2017-06-21,45.9017448425293
2017-06-22,45.17765426635742
2017-06-23,44.927677154541016
2017-06-26,45.220760345458984
2017-06-27,44.90180587768555
2017-06-28,45.565555572509766
2017-06-29,45.42763137817383
2017-06-30,45.962074279785156
2017-07-03,45.30697250366211
2017-07-05,45.169036865234375
2017-07-06,44.71217346191406
2017-07-07,46.09999465942383
2017-07-10,47.06544494628906
2017-07-11,46.35808181762695
2017-07-12,46.3667106628418
2017-07-13,46.40984344482422
2017-07-14,46.60824203491211
2017-07-17,46.245948791503906
2017-07-18,45.676605224609375
2017-07-19,45.978519439697266
2017-07-20,45.94401550292969
2017-07-21,46.00441360473633
2017-07-24,45.61620330810547
2017-07-25,45.883636474609375
2017-07-26,45.50407791137695
2017-07-27,45.74561309814453
2017-07-28,45.22802734375
2017-07-31,45.236656188964844
2017-08-01,46.04753494262695
2017-08-02,46.47022247314453
2017-08-03,46.47022247314453
2017-08-04,46.79803466796875
2017-08-07,46.8325309753418
2017-08-08,46.95330810546875
2017-08-09,46.72039031982422
2017-08-10,45.857749938964844
2017-08-11,45.93537902832031
2017-08-14,46.487483978271484
2017-08-15,46.642757415771484
2017-08-16,46.66001892089844
2017-08-17,45.61620330810547
2017-08-18,44.75358581542969
2017-08-21,44.95199203491211
2017-08-22,44.79671859741211
2017-08-23,44.5034294128418
2017-08-24,44.15837097167969
2017-08-25,44.52067184448242
2017-08-28,43.92546081542969
2017-08-29,43.55451202392578
2017-08-30,43.74428939819336
2017-08-31,44.65007019042969
2017-09-01,44.65007019042969
2017-09-05,44.02896499633789
2017-09-06,43.174957275390625
2017-09-07,43.019676208496094
2017-09-08,43.597660064697266
2017-09-11,44.632808685302734
2017-09-12,44.99512481689453
2017-09-13,44.17561721801758
2017-09-14,43.899566650390625
2017-09-15,44.26189422607422
2017-09-18,44.598323822021484
2017-09-19,44.69320297241211
2017-09-20,43.52863311767578
2017-09-21,43.55451202392578
2017-09-22,43.373355865478516
2017-09-25,43.589019775390625
2017-09-26,44.14973449707031
2017-09-27,44.2705078125
2017-09-28,45.055511474609375
2017-09-29,45.54720687866211
2017-10-02,45.564453125
2017-10-03,47.74693298339844
2017-10-04,48.661319732666016
2017-10-05,48.3680305480957
2017-10-06,48.21276092529297
2017-10-09,48.48017120361328
2017-10-10,48.51466751098633
2017-10-11,48.80796813964844
2017-10-12,48.35076904296875
2017-10-13,48.32489013671875
2017-10-16,48.1868782043457
2017-10-17,48.28176498413086
2017-10-18,48.575279235839844
2017-10-19,48.989627838134766
2017-10-20,49.63706970214844
2017-10-23,49.46442794799805
2017-10-24,50.07733154296875
2017-10-25,50.016910552978516
2017-10-26,50.465789794921875
2017-10-27,50.07733154296875
2017-10-30,48.06594467163086
2017-10-31,48.057315826416016
2017-11-01,49.17092514038086
2017-11-02,47.56526565551758
2017-11-03,47.150901794433594
2017-11-06,48.46304702758789
2017-11-07,48.75654983520508
2017-11-08,50.5521240234375
2017-11-09,51.7363395690918
2017-11-10,51.543190002441406
2017-11-13,51.11300277709961
2017-11-14,51.41151428222656
2017-11-15,50.93742370605469
2017-11-16,50.99888229370117
2017-11-17,51.701229095458984
2017-11-20,51.90315628051758
2017-11-21,53.14101791381836
2017-11-22,53.211265563964844
2017-11-24,53.571205139160156
2017-11-27,53.33416748046875
2017-11-28,54.02773666381836
2017-11-29,54.5896110534668
2017-11-30,55.116371154785156
2017-12-01,54.923213958740234
2017-12-04,55.29195022583008
2017-12-05,54.457923889160156
2017-12-06,53.47464370727539
2017-12-07,54.176971435546875
2017-12-08,54.5896110534668
2017-12-11,54.15064239501953
2017-12-12,53.931156158447266
2017-12-13,53.65021514892578
2017-12-14,53.67656707763672
2017-12-15,53.904823303222656
2017-12-18,54.74763488769531
2017-12-19,54.326229095458984
2017-12-20,54.923213958740234
2017-12-21,55.96795654296875
2017-12-22,56.18743133544922
2017-12-26,56.090858459472656
2017-12-27,56.11720657348633
2017-12-28,56.0294189453125
2017-12-29,55.52021026611328
2018-01-02,56.92490005493164
2018-01-03,59.02315139770508
2018-01-04,58.777320861816406
2018-01-05,59.330413818359375
2018-01-08,59.02315139770508
2018-01-09,58.53151321411133
2018-01-10,59.92741775512695
2018-01-11,61.07749938964844
2018-01-12,60.80533981323242
2018-01-16,60.38394546508789
2018-01-17,62.07832336425781
2018-01-18,61.9290771484375
2018-01-19,63.0528450012207
2018-01-22,62.973819732666016
2018-01-23,62.271484375
2018-01-24,62.210025787353516
2018-01-25,60.14573669433594
2018-01-26,59.57475662231445
2018-01-29,57.115169525146484
2018-01-30,56.104984283447266
2018-01-31,55.04207992553711
2018-02-01,55.2002067565918
2018-02-02,52.723052978515625
2018-02-05,50.68510055541992
2018-02-06,53.09198760986328
2018-02-07,53.50484848022461
2018-02-08,51.92367172241211
2018-02-09,51.554744720458984
2018-02-12,52.12571716308594
2018-02-13,52.67034149169922
2018-02-14,53.78594207763672
2018-02-15,53.05684280395508
2018-02-16,53.46092987060547
2018-02-20,51.95880889892578
2018-02-21,51.528385162353516
2018-02-22,51.32634735107422
2018-02-23,51.862186431884766
2018-02-26,52.22233200073242
2018-02-27,50.64995574951172
2018-02-28,49.701255798339844
2018-03-01,50.386436462402344
2018-03-02,50.491851806640625
2018-03-05,51.22093200683594
2018-03-06,51.97638702392578
2018-03-07,52.08179473876953
2018-03-08,51.528385162353516
2018-03-09,52.52100372314453
2018-03-12,53.08320999145508
2018-03-13,53.19739532470703
2018-03-14,52.61763381958008
2018-03-15,51.730438232421875
2018-03-16,52.01152801513672
2018-03-19,51.87975311279297
2018-03-20,51.71285629272461
2018-03-21,52.61763381958008
2018-03-22,51.54595184326172
2018-03-23,51.001338958740234
2018-03-26,52.01152801513672
2018-03-27,51.53717803955078
2018-03-28,51.61624526977539
2018-03-29,51.77434158325195
2018-04-02,49.920875549316406
2018-04-03,50.149253845214844
2018-04-04,55.18263626098633
2018-04-05,56.21916961669922
2018-04-06,54.0933837890625
2018-04-09,53.39065170288086
2018-04-10,52.78453826904297
2018-04-11,51.11552047729492
2018-04-12,49.85061264038086
2018-04-13,50.017494201660156
2018-04-16,50.18439483642578
2018-04-17,50.535762786865234
2018-04-18,50.63240051269531
2018-04-19,48.857975006103516
2018-04-20,47.979557037353516
2018-04-23,47.83900833129883
2018-04-24,47.00388717651367
2018-04-25,47.39067840576172
2018-04-26,47.72472381591797
2018-04-27,48.217010498046875
2018-04-30,46.49403381347656
2018-05-01,47.39067840576172
2018-05-02,46.810482025146484
2018-05-03,47.14453887939453
2018-05-04,47.85658264160156
2018-05-07,47.759883880615234
2018-05-08,47.84779739379883
2018-05-09,47.126949310302734
2018-05-10,47.63682556152344
2018-05-11,47.72472381591797
2018-05-14,47.72472381591797
2018-05-15,45.01717758178711
2018-05-16,44.80621337890625
2018-05-17,45.096317291259766
2018-05-18,45.738037109375
2018-05-21,45.948997497558594
2018-05-22,44.71830749511719
2018-05-23,45.49188995361328
2018-05-24,45.236961364746094
2018-05-25,46.933563232421875
2018-05-29,46.84565734863281
2018-05-30,46.15118408203125
2018-05-31,45.48310470581055
2018-06-01,45.37761688232422
2018-06-04,45.77320098876953
2018-06-05,45.71166229248047
2018-06-06,45.966583251953125
2018-06-07,46.09844970703125
2018-06-08,47.46979522705078
2018-06-11,47.20606994628906
2018-06-12,48.06757736206055
2018-06-13,46.14239501953125
2018-06-14,46.652259826660156
2018-06-15,46.4324951171875
2018-06-18,45.68529510498047
2018-06-19,45.77320098876953
2018-06-20,45.91383361816406
2018-06-21,45.43034362792969
2018-06-22,45.008399963378906
2018-06-25,43.26784133911133
2018-06-26,45.36882400512695
2018-06-27,45.06114959716797
2018-06-28,45.74681854248047
2018-06-29,46.15118408203125
2018-07-02,45.8610954284668
2018-07-03,46.04570007324219
2018-07-05,46.696205139160156
2018-07-06,47.19728088378906
2018-07-09,48.023624420166016
2018-07-10,47.777469635009766
2018-07-11,47.478363037109375
2018-07-12,47.31121826171875
2018-07-13,47.55754852294922
2018-07-16,47.54875183105469
2018-07-17,48.86831283569336
2018-07-18,48.534027099609375
2018-07-19,48.50762939453125
2018-07-20,48.10297775268555
2018-07-23,47.7686653137207
2018-07-24,46.26435089111328
2018-07-25,45.17350387573242
2018-07-26,46.21157455444336
2018-07-27,45.842098236083984
2018-07-30,45.6397590637207
2018-07-31,45.98283767700195
2018-08-01,45.5166015625
2018-08-02,44.69845199584961
2018-08-03,45.28786849975586
2018-08-06,45.53418731689453
2018-08-07,46.62503433227539
2018-08-08,46.8625602722168
2018-08-09,47.020904541015625
2018-08-10,46.95933151245117
2018-08-13,44.672061920166016
2018-08-14,44.856815338134766
2018-08-15,44.18821716308594
2018-08-16,44.40815353393555
2018-08-17,44.487335205078125
2018-08-20,44.9799690246582
2018-08-21,46.8537712097168
2018-08-22,46.21157455444336
2018-08-23,45.49020767211914
2018-08-24,45.34944152832031
2018-08-27,46.11479949951172
2018-08-28,46.281959533691406
2018-08-29,46.35232162475586
2018-08-30,45.60456466674805
2018-08-31,45.45501708984375
2018-09-04,45.499000549316406
2018-09-05,46.20277786254883
2018-09-06,46.0444221496582
2018-09-07,44.45213317871094
2018-09-10,44.592891693115234
2018-09-11,45.01515197753906
2018-09-12,45.93885803222656
2018-09-13,46.05321502685547
2018-09-14,46.21157455444336
2018-09-17,45.0063591003418
2018-09-18,45.57817077636719
2018-09-19,45.20869445800781
2018-09-20,44.619300842285156
2018-09-21,44.10024642944336
2018-09-24,43.106170654296875
2018-09-25,42.99180221557617
2018-09-26,42.13848114013672
2018-09-27,41.4171257019043
2018-09-28,41.07402038574219
2018-10-01,41.48748779296875
2018-10-02,41.14439010620117
2018-10-03,40.67814636230469
2018-10-04,39.31459045410156
2018-10-05,39.39375686645508
2018-10-08,39.974365234375
2018-10-09,38.980289459228516
2018-10-10,38.461265563964844
2018-10-11,38.1005744934082
2018-10-12,37.959815979003906
2018-10-15,37.86305236816406
2018-10-16,38.79555130004883
2018-10-17,37.898231506347656
2018-10-18,37.35231018066406
2018-10-19,35.95225524902344
2018-10-22,34.66667938232422
2018-10-23,35.837791442871094
2018-10-24,34.19999694824219
2018-10-25,35.38872146606445
2018-10-26,36.797569274902344
2018-10-29,36.11075210571289
2018-10-30,37.89823532104492
2018-10-31,37.84540557861328
2018-11-01,38.778778076171875
2018-11-02,38.10956954956055
2018-11-05,39.08696365356445
2018-11-06,38.72593688964844
2018-11-07,37.83660125732422
2018-11-08,36.89442825317383
2018-11-09,36.89442825317383
2018-11-12,35.82017517089844
2018-11-13,36.33089065551758
2018-11-14,36.63907241821289
2018-11-15,34.80756378173828
2018-11-16,36.145965576171875
2018-11-19,36.51579666137695
2018-11-20,37.10575866699219
2018-11-21,37.66930389404297
2018-11-23,37.634071350097656
2018-11-26,37.722137451171875
2018-11-27,37.74855041503906
2018-11-28,38.63789367675781
2018-11-29,37.89823532104492
2018-11-30,37.625267028808594
2018-12-03,38.400146484375
2018-12-04,36.2164192199707
2018-12-06,37.38753128051758
2018-12-07,36.98248291015625
2018-12-10,36.207611083984375
2018-12-11,35.635257720947266
2018-12-12,36.260433197021484
2018-12-13,36.022701263427734
2018-12-14,35.40633773803711
2018-12-17,35.239017486572266
2018-12-18,36.11075210571289
2018-12-19,36.12835693359375
2018-12-20,35.99628829956055
2018-12-21,34.30565643310547
2018-12-24,33.51317596435547
2018-12-26,34.74592208862305
2018-12-27,34.7811393737793
2018-12-28,34.71950149536133
2018-12-31,34.472957611083984
2019-01-02,35.18618392944336
2019-01-03,34.825172424316406
2019-01-04,36.286861419677734
2019-01-07,37.31708908081055
2019-01-08,37.76615905761719
2019-01-09,40.75998306274414
2019-01-10,39.773773193359375
2019-01-11,40.86564254760742
2019-01-14,39.80019760131836
2019-01-15,40.398956298828125
2019-01-16,39.94108200073242
2019-01-17,39.43036651611328
2019-01-18,38.83161163330078
2019-01-22,38.31208801269531
2019-01-23,38.44417953491211
2019-01-24,39.54585266113281
2019-01-25,39.27263641357422
2019-01-28,39.23737335205078
2019-01-29,40.49769592285156
2019-01-30,40.8942985534668
2019-01-31,41.793277740478516
2019-02-01,41.5553092956543
2019-02-04,41.141075134277344
2019-02-05,41.343780517578125
2019-02-06,40.612266540527344
2019-02-07,40.70922088623047
2019-02-08,40.568206787109375
2019-02-11,40.5329475402832
2019-02-12,42.842071533203125
2019-02-13,42.454280853271484
2019-02-14,42.5159797668457
2019-02-15,43.09767150878906
2019-02-19,43.52070236206055
2019-02-20,43.141727447509766
2019-02-21,43.37969207763672
2019-02-22,44.28746795654297
2019-02-25,43.74985885620117
2019-02-26,43.59121322631836
2019-02-27,43.04478073120117
2019-02-28,42.286827087402344
2019-03-01,41.44953536987305
2019-03-04,41.95191192626953
2019-03-05,40.656349182128906
2019-03-06,40.45362854003906
2019-03-07,41.90785217285156
2019-03-08,42.06648635864258
2019-03-11,42.75394058227539
2019-03-12,42.798004150390625
2019-03-13,42.366153717041016
2019-03-14,42.32206726074219
2019-03-15,42.06648635864258
2019-03-18,42.18107604980469
2019-03-19,41.061767578125
2019-03-20,40.73566436767578
2019-03-21,41.92547607421875
2019-03-22,42.163429260253906
2019-03-25,43.670536041259766
2019-03-26,43.81155776977539
2019-03-27,45.538978576660156
2019-03-28,43.85562515258789
2019-03-29,43.26512145996094
2019-04-01,43.106483459472656
2019-04-02,43.062408447265625
2019-04-03,43.899688720703125
2019-04-04,44.675262451171875
2019-04-05,45.54779052734375
2019-04-08,45.212886810302734
2019-04-09,44.26984405517578
2019-04-10,44.80746841430664
2019-04-11,45.212886810302734
2019-04-12,44.922035217285156
2019-04-15,45.07187271118164
2019-04-16,45.30101776123047
2019-04-17,45.7504997253418
2019-04-18,46.63185119628906
2019-04-22,45.909149169921875
2019-04-23,46.270774841308594
2019-04-24,46.42071533203125
2019-04-25,45.476951599121094
2019-04-26,45.891510009765625
2019-04-29,46.00616455078125
2019-04-30,45.891510009765625
2019-05-01,45.90913772583008
2019-05-02,46.18256759643555
2019-05-03,46.06790542602539
2019-05-06,45.73273849487305
2019-05-07,45.644535064697266
2019-05-08,45.09769058227539
2019-05-09,45.670989990234375
2019-05-10,45.7415657043457
2019-05-13,45.39756774902344
2019-05-14,46.526554107666016
2019-05-15,46.6765022277832
2019-05-16,47.329193115234375
2019-05-17,46.861732482910156
2019-05-20,45.69744873046875
2019-05-21,46.120826721191406
2019-05-22,45.65336227416992
2019-05-23,45.053585052490234
2019-05-24,45.785667419433594
2019-05-28,45.25645065307617
2019-05-29,44.586116790771484
2019-05-30,44.37443161010742
2019-05-31,43.80112075805664
2019-06-03,44.45381546020508
2019-06-04,45.33583068847656
2019-06-05,45.97970962524414
2019-06-06,46.464820861816406
2019-06-07,47.06459426879883
2019-06-10,46.55303192138672
2019-06-11,46.103179931640625
2019-06-12,45.94444274902344
2019-06-13,46.817626953125
2019-06-14,47.232173919677734
2019-06-17,46.75589370727539
2019-06-18,46.297237396240234
2019-06-19,45.94444274902344
2019-06-20,46.5089225769043
2019-06-21,45.29173278808594
2019-06-24,45.34465026855469
2019-06-25,42.531002044677734
2019-06-26,41.94005584716797
2019-06-27,42.71622848510742
2019-06-28,42.74269485473633
2019-07-01,42.40752029418945
2019-07-02,42.82207489013672
2019-07-03,43.41302490234375
2019-07-05,42.58392333984375
2019-07-08,42.57511520385742
2019-07-09,41.78129577636719
2019-07-10,42.743499755859375
2019-07-11,42.05495071411133
2019-07-12,42.19619369506836
2019-07-15,41.75481033325195
2019-07-16,42.16970443725586
2019-07-17,41.33990478515625
2019-07-18,41.278106689453125
2019-07-19,40.84556579589844
2019-07-22,40.60721206665039
2019-07-23,40.4836311340332
2019-07-24,41.28694534301758
2019-07-25,42.1608772277832
2019-07-26,42.046119689941406
2019-07-29,42.35508728027344
2019-07-30,42.76997375488281
2019-07-31,41.99315643310547
2019-08-01,42.814125061035156
2019-08-02,42.35508728027344
2019-08-05,41.95783996582031
2019-08-06,42.54045486450195
2019-08-07,44.01468276977539
2019-08-08,44.897457122802734
2019-08-09,44.1470947265625
2019-08-12,43.48503494262695
2019-08-13,44.385440826416016
2019-08-14,43.61743927001953
2019-08-15,42.822959899902344
2019-08-16,43.4761962890625
2019-08-19,44.164756774902344
2019-08-20,44.976898193359375
2019-08-21,45.51538848876953
2019-08-22,45.903812408447266
2019-08-23,45.206417083740234
2019-08-26,45.05635452270508
2019-08-27,44.57965087890625
2019-08-28,44.500205993652344
2019-08-29,45.206417083740234
2019-08-30,45.02103805541992
2019-09-03,45.17110824584961
2019-09-04,45.89496994018555
2019-09-05,45.630149841308594
2019-09-06,45.903812408447266
2019-09-09,46.292236328125
2019-09-10,47.05139923095703
2019-09-11,47.66933059692383
2019-09-12,48.18135070800781
2019-09-13,47.33389663696289
2019-09-16,47.086708068847656
2019-09-17,46.87484359741211
2019-09-18,47.801753997802734
2019-09-19,47.48394775390625
2019-09-20,47.75761032104492
2019-09-23,48.45500946044922
2019-09-24,48.72865676879883
2019-09-25,49.046443939208984
2019-09-26,49.055274963378906
2019-09-27,48.304931640625
2019-09-30,49.30244445800781
2019-10-01,49.18769836425781
2019-10-02,51.04150390625
2019-10-03,51.65061569213867
2019-10-04,52.51573181152344
2019-10-07,52.37447738647461
2019-10-08,52.20675277709961
2019-10-09,52.10081481933594
2019-10-10,51.95076370239258
2019-10-11,51.65943908691406
2019-10-14,52.065513610839844
2019-10-15,52.72758102416992
2019-10-16,53.99876022338867
2019-10-17,53.92809295654297
2019-10-18,54.5110969543457
2019-10-21,53.90159606933594
2019-10-22,54.42277145385742
2019-10-23,54.47577667236328
2019-10-24,54.74076843261719
2019-10-25,54.59943771362305
2019-10-28,53.23908233642578
2019-10-29,52.53241729736328
2019-10-30,53.168426513671875
2019-10-31,52.647247314453125
2019-11-01,53.777923583984375
2019-11-04,52.39107894897461
2019-11-05,51.55189514160156
2019-11-06,52.31158447265625
2019-11-07,50.60673141479492
2019-11-08,51.05723571777344
2019-11-11,52.09074401855469
2019-11-12,51.693241119384766
2019-11-13,52.39107894897461
2019-11-14,52.77092361450195
2019-11-15,52.426422119140625
2019-11-18,53.035919189453125
2019-11-19,52.68257522583008
2019-11-20,52.7620849609375
2019-11-21,52.20558166503906
2019-11-22,51.92290496826172
2019-11-25,52.49708938598633
2019-11-26,53.39809036254883
2019-11-27,52.77975845336914
2019-11-29,52.6914176940918
2019-12-02,51.993587493896484
2019-12-03,52.05541229248047
2019-12-04,51.96708679199219
2019-12-05,52.823917388916016
2019-12-06,51.89640808105469
2019-12-09,52.4705810546875
2019-12-10,52.23208999633789
2019-12-11,52.75324630737305
2019-12-12,51.286903381347656
2019-12-13,51.49890899658203
2019-12-16,51.3310661315918
2019-12-17,50.53607177734375
2019-12-18,49.679222106933594
2019-12-19,48.795875549316406
2019-12-20,50.032562255859375
2019-12-23,49.149208068847656
2019-12-24,50.16505432128906
2019-12-26,49.484886169433594
2019-12-27,49.46721649169922
2019-12-30,49.237545013427734
2019-12-31,49.28171920776367
2020-01-02,49.299381256103516
2020-01-03,49.882389068603516
2020-01-06,51.27806854248047
2020-01-07,50.474220275878906
2020-01-08,50.871734619140625
2020-01-09,50.96006393432617
2020-01-10,52.75324630737305
2020-01-13,53.48642349243164
2020-01-14,54.4404411315918
2020-01-15,55.46510314941406
2020-01-16,55.81845474243164
2020-01-17,55.73011779785156
2020-01-21,57.36430740356445
2020-01-22,58.09748077392578
2020-01-23,59.53565216064453
2020-01-24,58.97807693481445
2020-01-27,59.5533447265625
2020-01-28,59.98699951171875
2020-01-29,59.98699951171875
2020-01-30,59.52680206298828
2020-01-31,58.73026657104492
2020-02-03,58.995792388916016
2020-02-04,58.075347900390625
2020-02-05,60.14630889892578
2020-02-06,60.31446075439453
2020-02-07,61.057884216308594
2020-02-10,62.02256393432617
2020-02-11,63.031490325927734
2020-02-12,62.2703742980957
2020-02-13,61.739349365234375
2020-02-14,62.26150894165039
2020-02-18,62.05796813964844
2020-02-19,62.341163635253906
2020-02-20,62.863338470458984
2020-02-21,62.52702331542969
2020-02-24,61.20833969116211
2020-02-25,58.8099250793457
2020-02-26,57.36733627319336
2020-02-27,55.74773025512695
2020-02-28,53.40242004394531
2020-03-02,55.42028045654297
2020-03-03,56.85402297973633
2020-03-04,58.97807693481445
2020-03-05,57.261131286621094
2020-03-06,55.35832595825195
2020-03-09,48.98613739013672
2020-03-10,52.526241302490234
2020-03-11,47.26919937133789
2020-03-12,41.08287048339844
2020-03-13,40.427947998046875
2020-03-16,32.49812698364258
2020-03-17,30.94933319091797
2020-03-18,27.364974975585938
2020-03-19,27.975648880004883
2020-03-20,30.161657333374023
2020-03-23,25.975486755371094
2020-03-24,31.506900787353516
2020-03-25,36.029380798339844
2020-03-26,37.54277038574219
2020-03-27,35.6311149597168
2020-03-30,35.36560821533203
2020-03-31,33.807960510253906
2020-04-01,30.736923217773438
2020-04-02,29.577545166015625
2020-04-03,29.550987243652344
2020-04-06,34.710689544677734
2020-04-07,34.746089935302734
2020-04-08,38.37468338012695
2020-04-09,39.64910888671875
2020-04-13,36.59579086303711
2020-04-14,38.07377624511719
2020-04-15,35.241695404052734
2020-04-16,36.197540283203125
2020-04-17,37.99412536621094
2020-04-20,35.486637115478516
2020-04-21,35.63753890991211
2020-04-22,36.445247650146484
2020-04-23,36.61389923095703
2020-04-24,38.06071090698242
2020-04-27,40.2619743347168
2020-04-28,43.954429626464844
2020-04-29,47.2563362121582
2020-04-30,44.44260787963867
2020-05-01,43.90117263793945
2020-05-04,43.86566162109375
2020-05-05,45.3657341003418
2020-05-06,45.33021926879883
2020-05-07,45.12607192993164
2020-05-08,47.93980026245117
2020-05-11,47.04331970214844
2020-05-12,45.161590576171875
2020-05-13,43.42185592651367
2020-05-14,43.270973205566406
2020-05-15,44.94854736328125
2020-05-18,50.23870849609375
2020-05-19,51.863037109375
2020-05-20,51.081939697265625
2020-05-21,52.368961334228516
2020-05-22,53.336456298828125
2020-05-26,54.827640533447266
2020-05-27,57.68574905395508
2020-05-28,53.42523193359375
2020-05-29,53.664878845214844
2020-06-01,53.380836486816406
2020-06-02,53.442970275878906
2020-06-03,56.336585998535156
2020-06-04,54.215187072753906
2020-06-05,56.549598693847656
2020-06-08,55.617618560791016
2020-06-09,55.218196868896484
2020-06-10,55.45785140991211
2020-06-11,50.78902816772461
2020-06-12,52.59088134765625
2020-06-15,56.36321258544922
2020-06-16,56.753753662109375
2020-06-17,56.32770538330078
2020-06-18,54.94303512573242
2020-06-19,53.41634750366211
2020-06-22,54.303958892822266
2020-06-23,54.31283187866211
2020-06-24,52.404476165771484
2020-06-25,53.043556213378906
2020-06-26,52.368961334228516
2020-06-29,54.09980773925781
2020-06-30,54.69451141357422
2020-07-01,53.06130599975586
2020-07-02,53.407474517822266
2020-07-06,54.9785270690918
2020-07-07,55.18268966674805
2020-07-08,58.18282699584961
2020-07-09,56.248565673828125
2020-07-10,58.036075592041016
2020-07-13,55.63494873046875
2020-07-14,58.95206832885742
2020-07-15,60.75735092163086
2020-07-16,62.08242416381836
2020-07-17,61.89567184448242
2020-07-20,61.22869110107422
2020-07-21,60.78402328491211
2020-07-22,63.078433990478516
2020-07-23,62.32251739501953
2020-07-24,62.06465148925781
2020-07-27,64.94596862792969
2020-07-28,62.58932113647461
2020-07-29,64.63471984863281
2020-07-30,64.27899169921875
2020-07-31,64.34125518798828
2020-08-03,65.452880859375
2020-08-04,64.6791763305664
2020-08-05,65.41732025146484
2020-08-06,65.17720031738281
2020-08-07,65.13274383544922
2020-08-10,66.25328063964844
2020-08-11,65.42620086669922
2020-08-12,66.06649017333984
2020-08-13,66.32440185546875
2020-08-14,66.03092956542969
2020-08-17,68.53878021240234
2020-08-18,68.6277084350586
2020-08-19,68.30756378173828
2020-08-20,68.42317199707031
2020-08-21,70.57528686523438
2020-08-24,70.03279876708984
2020-08-25,69.3480453491211
2020-08-26,68.60991668701172
2020-08-27,67.40934753417969
2020-08-28,67.52496337890625
2020-08-31,66.53782653808594
2020-09-01,69.4814453125
2020-09-02,69.69487762451172
2020-09-03,66.97360229492188
2020-09-04,65.47066497802734
2020-09-08,65.24835205078125
2020-09-09,67.40047454833984
2020-09-10,67.142578125
2020-09-11,68.90340423583984
2020-09-14,70.255126953125
2020-09-15,67.49828338623047
2020-09-16,70.15731048583984
2020-09-17,69.49034118652344
2020-09-18,70.41522979736328
2020-09-21,68.25419616699219
2020-09-22,71.01104736328125
2020-09-23,67.83623504638672
2020-09-24,68.95675659179688
2020-09-25,68.20973205566406
2020-09-28,70.82430267333984
2020-09-29,70.22846984863281
2020-09-30,72.63847351074219
2020-10-01,73.75011444091797
2020-10-02,74.57715606689453
2020-10-05,73.82125091552734
2020-10-06,71.73137664794922
2020-10-07,71.52684020996094
2020-10-08,74.7105484008789
2020-10-09,74.76390075683594
2020-10-12,74.6572036743164
2020-10-13,73.83905029296875
2020-10-14,74.0969467163086
2020-10-15,75.53302764892578
2020-10-16,75.53302764892578
2020-10-19,73.62420654296875
2020-10-20,74.29317474365234
2020-10-21,71.4388427734375
2020-10-22,68.27229309082031
2020-10-23,69.8154525756836
2020-10-26,66.91648864746094
2020-10-27,64.67761993408203
2020-10-28,64.51705932617188
2020-10-29,63.86590576171875
2020-10-30,62.64387893676758
2020-11-02,64.67761993408203
2020-11-03,66.3366928100586
2020-11-04,70.89470672607422
2020-11-05,70.21681213378906
2020-11-06,67.42491149902344
2020-11-09,62.795509338378906
2020-11-10,67.2019271850586
2020-11-11,67.98686218261719
2020-11-12,65.99775695800781
2020-11-13,67.4338150024414
2020-11-16,67.57654571533203
2020-11-17,67.53193664550781
2020-11-18,68.21878814697266
2020-11-19,68.0582275390625
2020-11-20,67.57654571533203
2020-11-23,69.77975463867188
2020-11-24,68.26338195800781
2020-11-25,68.71827697753906
2020-11-27,69.31591033935547
2020-11-30,67.66573333740234
2020-12-01,65.31983947753906
2020-12-02,63.509117126464844
2020-12-03,67.27327728271484
2020-12-04,65.89962005615234
2020-12-07,68.0849838256836
2020-12-08,64.66869354248047
2020-12-09,64.57056427001953
2020-12-10,64.48137664794922
2020-12-11,64.90059661865234
2020-12-14,66.61321258544922
2020-12-15,65.89070129394531
2020-12-16,66.26531219482422
2020-12-17,71.31396484375
2020-12-18,72.10782623291016
2020-12-21,70.92149353027344
2020-12-22,71.6618423461914
2020-12-23,70.08301544189453
2020-12-24,71.74209594726562
2020-12-28,69.87786865234375
2020-12-29,69.52997589111328
2020-12-30,69.6013412475586
2020-12-31,67.99577331542969
2021-01-04,66.24750518798828
2021-01-05,65.74799346923828
2021-01-06,65.37333679199219
2021-01-07,67.51411437988281
2021-01-08,65.46255493164062
2021-01-11,67.68359375
2021-01-12,68.31688690185547
2021-01-13,68.09387969970703
2021-01-14,66.90756225585938
2021-01-15,68.31688690185547
2021-01-19,69.78866577148438
2021-01-20,73.61527252197266
2021-01-21,74.5696792602539
2021-01-22,75.47949981689453
2021-01-25,77.3080825805664
2021-01-26,76.7193603515625
2021-01-27,75.85415649414062
2021-01-28,75.42472839355469
2021-01-29,74.38697052001953
2021-02-01,75.33526611328125
2021-02-02,76.08673858642578
2021-02-03,76.4356460571289
2021-02-04,77.71495056152344
2021-02-05,81.37389373779297
2021-02-08,85.18494415283203
2021-02-09,83.18997192382812
2021-02-10,83.79827880859375
2021-02-11,84.59449005126953
2021-02-12,82.82316589355469
2021-02-16,78.99422454833984
2021-02-17,78.05488586425781
2021-02-18,77.27657318115234
2021-02-19,78.24275970458984
2021-02-22,76.02412414550781
2021-02-23,76.57877349853516
2021-02-24,77.16029357910156
2021-02-25,71.92678833007812
2021-02-26,74.2259292602539
2021-03-01,73.89493560791016
2021-03-02,75.49627685546875
2021-03-03,72.2667465209961
2021-03-04,71.9447021484375
2021-03-05,76.9187240600586
2021-03-08,78.83319854736328
2021-03-09,79.11053466796875
2021-03-10,81.94644165039062
2021-03-11,81.40072631835938
2021-03-12,78.64532470703125
2021-03-15,80.55980682373047
2021-03-16,79.36102294921875
2021-03-17,90.31108093261719
2021-03-18,84.66607666015625
2021-03-19,85.09548950195312
2021-03-22,86.78630065917969
2021-03-23,85.20283508300781
2021-03-24,84.67501068115234
2021-03-25,88.69183349609375
2021-03-26,92.0108413696289
2021-03-29,89.14806365966797
2021-03-30,91.05360412597656
2021-03-31,90.56155395507812
2021-04-01,92.52969360351562
2021-04-05,93.7284927368164
2021-04-06,93.89845275878906
2021-04-07,92.49392700195312
2021-04-08,91.50091552734375
2021-04-09,94.39942932128906
2021-04-12,93.80899047851562
2021-04-13,92.8070297241211
2021-04-14,92.18082427978516
2021-04-15,92.07344818115234
2021-04-16,94.72151947021484
2021-04-19,93.03963470458984
2021-04-20,89.76644897460938
2021-04-21,91.4523696899414
2021-04-22,90.34934997558594
2021-04-23,91.34473419189453
2021-04-26,93.09345245361328
2021-04-27,92.7526626586914
2021-04-28,92.56434631347656
2021-04-29,94.19646453857422
2021-04-30,92.90511322021484
2021-05-03,95.00354766845703
2021-05-04,95.95413970947266
2021-05-05,94.66278076171875
2021-05-06,94.78834533691406
2021-05-07,96.89574432373047
2021-05-10,96.81501770019531
2021-05-11,92.7706069946289
2021-05-12,86.2062759399414
2021-05-13,88.51993560791016
2021-05-14,89.41670227050781
2021-05-17,87.96393585205078
2021-05-18,85.6861343383789
2021-05-19,85.05840301513672
2021-05-20,85.4529800415039
2021-05-21,84.82525634765625
2021-05-24,85.2198257446289
2021-05-25,86.75330352783203
2021-05-26,88.60958862304688
2021-05-27,88.73515319824219
2021-05-28,88.78895568847656
2021-06-01,88.33159637451172
2021-06-02,86.4035415649414
2021-06-03,85.166015625
2021-06-04,86.62776184082031
2021-06-07,85.87446594238281
2021-06-08,85.98206329345703
2021-06-09,84.20647430419922
2021-06-10,81.73139190673828
2021-06-11,83.16622924804688
2021-06-14,82.53850555419922
2021-06-15,82.9958267211914
2021-06-16,81.91075897216797
2021-06-17,84.8790512084961
2021-06-18,88.03567504882812
2021-06-21,87.52452087402344
2021-06-22,88.33159637451172
2021-06-23,86.96852111816406
2021-06-24,87.22857666015625
2021-06-25,87.0671615600586
2021-06-28,88.25086975097656
2021-06-29,88.97728729248047
2021-06-30,89.09385681152344
2021-07-01,91.50326538085938
2021-07-02,91.15264892578125
2021-07-06,89.75016021728516
2021-07-07,91.82691192626953
2021-07-08,88.52745819091797
2021-07-09,88.94100952148438
2021-07-12,88.71625518798828
2021-07-13,86.1270751953125
2021-07-14,86.6035385131836
2021-07-15,87.08003234863281
2021-07-16,86.2708969116211
2021-07-19,86.45071411132812
2021-07-20,88.55443572998047
2021-07-21,90.4424057006836
2021-07-22,90.00188446044922
2021-07-23,92.47422790527344
2021-07-26,91.0807113647461
2021-07-27,92.05166625976562
2021-07-28,90.71211242675781
2021-07-29,95.7197265625
2021-07-30,94.53298950195312
2021-08-02,95.16230773925781
2021-08-03,96.45692443847656
2021-08-04,94.79371643066406
2021-08-05,94.80269622802734
2021-08-06,93.54405975341797
2021-08-09,93.30131530761719
2021-08-10,95.04544830322266
2021-08-11,97.85041809082031
2021-08-12,96.55580139160156
2021-08-13,97.2480697631836
2021-08-16,97.77848815917969
2021-08-17,94.01156616210938
2021-08-18,93.50812530517578
2021-08-19,93.30131530761719
2021-08-20,94.68584442138672
2021-08-23,93.90365600585938
2021-08-24,96.2321548461914
2021-08-25,97.302001953125
2021-08-26,95.5398941040039
2021-08-27,97.05925750732422
2021-08-30,96.96937561035156
2021-08-31,96.47490692138672
2021-09-01,97.62566375732422
2021-09-02,96.66370391845703
2021-09-03,94.94654083251953
2021-09-07,93.83174133300781
2021-09-08,90.7840347290039
2021-09-09,90.10076141357422
2021-09-10,89.66923522949219
2021-09-13,89.3815689086914
2021-09-14,88.6353530883789
2021-09-15,88.50949096679688
2021-09-16,90.12773895263672
2021-09-17,91.05374145507812
2021-09-20,88.3746566772461
2021-09-21,87.89813995361328
2021-09-22,88.16786193847656
2021-09-23,89.46247100830078
2021-09-24,89.86702728271484
2021-09-27,89.4534912109375
2021-09-28,86.49568176269531
2021-09-29,86.61254119873047
2021-09-30,84.22113037109375
2021-10-01,84.2391128540039
2021-10-04,82.9714584350586
2021-10-05,82.57589721679688
2021-10-06,83.83454895019531
2021-10-07,84.56273651123047
2021-10-08,84.37395477294922
2021-10-11,84.05929565429688
2021-10-12,84.98528289794922
2021-10-13,85.67937469482422
2021-10-14,88.63603210449219
2021-10-15,87.5453109741211
2021-10-18,90.25855255126953
2021-10-19,90.01519012451172
2021-10-20,92.14252471923828
2021-10-21,91.42139434814453
2021-10-22,90.59210205078125
2021-10-25,90.42081451416016
2021-10-26,90.54702758789062
2021-10-27,89.88896942138672
2021-10-28,90.38478088378906
2021-10-29,90.07828521728516
2021-11-01,91.15998077392578
2021-11-02,90.13236999511719
2021-11-03,91.86309051513672
2021-11-04,91.40335083007812
2021-11-05,94.00845336914062
2021-11-08,94.1346435546875
2021-11-09,97.04620361328125
2021-11-10,94.7115478515625
2021-11-11,95.92845916748047
2021-11-12,97.56001281738281
2021-11-15,96.36112976074219
2021-11-16,97.42478942871094
2021-11-17,99.4980697631836
2021-11-18,100.17411041259766
2021-11-19,100.44453430175781
2021-11-22,99.34480285644531
2021-11-23,99.78650665283203
2021-11-24,98.93017578125
2021-11-26,96.48735046386719
2021-11-29,96.6766357421875
2021-11-30,94.69351196289062
2021-12-01,97.86649322509766
2021-12-02,101.95890808105469
2021-12-03,101.2468032836914
2021-12-06,103.47330474853516
2021-12-07,103.50032043457031
2021-12-08,103.96907806396484
2021-12-09,104.14934539794922
2021-12-10,105.38429260253906
2021-12-13,101.9949722290039
2021-12-14,100.1921615600586
2021-12-15,101.9408950805664
2021-12-16,97.76734161376953
2021-12-17,95.4056396484375
2021-12-20,95.37859344482422
2021-12-21,98.00172424316406
2021-12-22,101.27385711669922
2021-12-23,101.00341033935547
2021-12-27,102.28340148925781
2021-12-28,103.21188354492188
2021-12-29,104.65414428710938
2021-12-30,103.88794708251953
2021-12-31,104.70822143554688
2022-01-03,100.7870864868164
2022-01-04,101.44512939453125
2022-01-05,99.88568115234375
2022-01-06,97.41580963134766
2022-01-07,92.80056762695312
2022-01-10,93.77409362792969
2022-01-11,97.10930633544922
2022-01-12,97.2986068725586
2022-01-13,97.83946990966797
2022-01-14,97.4969253540039
2022-01-18,91.31322479248047
2022-01-19,87.31095886230469
2022-01-20,86.18417358398438
2022-01-21,85.91374969482422
2022-01-24,90.15040588378906
2022-01-25,88.29348754882812
2022-01-26,84.28941345214844
2022-01-27,83.00447082519531
2022-01-28,84.53372192382812
2022-01-31,86.96784210205078
2022-02-01,86.5877914428711
2022-02-02,88.24371337890625
2022-02-03,85.8095932006836
2022-02-04,81.71051025390625
2022-02-07,83.27592468261719
2022-02-08,84.85946655273438
2022-02-09,87.17596435546875
2022-02-10,83.2306900024414
2022-02-11,82.8325424194336
2022-02-14,81.97291564941406
2022-02-15,83.14020538330078
2022-02-16,83.26689147949219
2022-02-17,80.832763671875
2022-02-18,80.92325592041016
2022-02-22,77.90095520019531
2022-02-23,74.49861145019531
2022-02-24,79.39401245117188
2022-02-25,82.1900863647461
2022-02-28,81.33045196533203
2022-03-01,81.74669647216797
2022-03-02,83.29402160644531
2022-03-03,81.3395004272461
2022-03-04,80.66085052490234
2022-03-07,75.34014892578125
2022-03-08,75.78353881835938
2022-03-09,79.17684936523438
2022-03-10,79.71070098876953
2022-03-11,78.33528137207031
2022-03-14,75.41253662109375
2022-03-15,78.0638198852539
2022-03-16,80.09078979492188
2022-03-17,80.79656219482422
2022-03-18,83.7374267578125
2022-03-21,79.82835388183594
2022-03-22,79.92787170410156
2022-03-23,76.79700469970703
2022-03-24,75.90118408203125
2022-03-25,74.90580749511719
2022-03-28,74.66149139404297
2022-03-29,77.58423614501953
2022-03-30,76.14550018310547
2022-03-31,73.44895935058594
2022-04-01,74.49861145019531
2022-04-04,74.48052978515625
2022-04-05,71.36772918701172
2022-04-06,68.2730712890625
2022-04-07,67.5672607421875
2022-04-08,67.79346466064453
2022-04-11,69.060302734375
2022-04-12,69.23223114013672
2022-04-13,70.5533447265625
2022-04-14,69.46748352050781
2022-04-18,68.78884887695312
2022-04-19,71.9830551147461
2022-04-20,72.21831512451172
2022-04-21,71.50346374511719
2022-04-22,69.65751647949219
2022-04-25,72.38090515136719
2022-04-26,70.21674346923828
2022-04-27,68.91643524169922
2022-04-28,71.46248626708984
2022-04-29,69.55294036865234
2022-05-02,70.81688690185547
2022-05-03,72.0080795288086
2022-05-04,75.86353302001953
2022-05-05,71.6534194946289
2022-05-06,71.4170150756836
2022-05-09,70.27130889892578
2022-05-10,68.88916015625
2022-05-11,64.83363342285156
2022-05-12,67.62521362304688
2022-05-13,69.7984619140625
2022-05-16,68.5527114868164
2022-05-17,70.48954010009766
2022-05-18,65.83389282226562
2022-05-19,66.07939910888672
2022-05-20,67.6888656616211
2022-05-23,67.42516326904297
2022-05-24,65.46107482910156
2022-05-25,68.86186981201172
2022-05-26,71.75347900390625
2022-05-27,73.80850982666016
2022-05-31,72.97193145751953
2022-06-01,72.4081802368164
2022-06-02,72.88101196289062
2022-06-03,72.9173812866211
2022-06-06,73.70849609375
2022-06-07,73.84486389160156
2022-06-08,71.96260833740234
2022-06-09,71.5443344116211
2022-06-10,67.69796752929688
2022-06-13,63.660621643066406
2022-06-14,62.869537353515625
2022-06-15,62.7149658203125
2022-06-16,58.64125442504883
2022-06-17,58.768550872802734
2022-06-21,59.69605255126953
2022-06-22,61.52375793457031
2022-06-23,64.2971420288086
2022-06-24,65.40650177001953
2022-06-27,65.46107482910156
2022-06-28,63.41513442993164
2022-06-29,63.32418441772461
2022-06-30,64.16984558105469
2022-07-01,67.8343505859375
2022-07-05,70.37130737304688
2022-07-06,70.01953125
2022-07-07,70.99722290039062
2022-07-08,71.6277084350586
2022-07-11,71.91097259521484
2022-07-12,71.53633117675781
2022-07-13,72.00231170654297
2022-07-14,70.85102844238281
2022-07-15,71.35358428955078
2022-07-18,70.5951919555664
2022-07-19,72.50489044189453
2022-07-20,72.34042358398438
2022-07-21,74.99939727783203
2022-07-22,75.91312408447266
2022-07-25,74.56993103027344
2022-07-26,74.04910278320312
2022-07-27,76.36998748779297
2022-07-28,77.8502426147461
2022-07-29,77.66751098632812
2022-08-01,77.87765502929688
2022-08-02,74.92630004882812
2022-08-03,75.43797302246094
2022-08-04,78.03298950195312
2022-08-05,77.4207992553711
2022-08-08,79.19344329833984
2022-08-09,77.00047302246094
2022-08-10,79.7508316040039
2022-08-11,80.18939971923828
2022-08-12,80.6554183959961
2022-08-15,80.48180389404297
2022-08-16,80.47265625
2022-08-17,78.77311706542969
2022-08-18,78.26142883300781
2022-08-19,76.6075668334961
2022-08-22,75.15470886230469
2022-08-23,75.02680206298828
2022-08-24,76.57100677490234
2022-08-25,77.57612609863281
2022-08-26,73.40035247802734
2022-08-29,73.00746154785156
2022-08-30,72.11199951171875
2022-08-31,70.76880645751953
2022-09-01,70.80534362792969
2022-09-02,71.1525650024414
2022-09-06,69.93728637695312
2022-09-07,71.17996978759766
2022-09-08,71.64596557617188
2022-09-09,72.93435668945312
2022-09-12,73.65618133544922
2022-09-13,67.82657623291016
2022-09-14,67.1047134399414
2022-09-15,67.45195770263672
2022-09-16,69.25199127197266
2022-09-19,71.70081329345703
2022-09-20,70.24796295166016
2022-09-21,69.37078094482422
2022-09-22,70.75052642822266
2022-09-23,70.42158508300781
2022-09-26,67.34228515625
2022-09-27,67.13211822509766
2022-09-28,70.79621124267578
2022-09-29,68.50275421142578
2022-09-30,68.11896514892578
2022-10-03,71.41754913330078
2022-10-04,73.93031311035156
2022-10-05,72.96176147460938
2022-10-06,73.24501037597656
2022-10-07,71.37185668945312
2022-10-10,71.43583679199219
2022-10-11,71.41754913330078
2022-10-12,70.24691772460938
2022-10-13,69.88883972167969
2022-10-14,67.44657897949219
2022-10-17,68.39228820800781
2022-10-18,70.57745361328125
2022-10-19,66.37235260009766
2022-10-20,65.536865234375
2022-10-21,67.4190444946289
2022-10-24,68.34636688232422
2022-10-25,72.16584014892578
2022-10-26,72.34027099609375
2022-10-27,72.9554443359375
2022-10-28,75.32422637939453
2022-10-31,74.09393310546875
2022-11-01,74.9386215209961
2022-11-02,73.45122528076172
2022-11-03,72.5330810546875
2022-11-04,73.0931625366211
2022-11-07,72.76261901855469
2022-11-08,71.4037857055664
2022-11-09,72.10155487060547
2022-11-10,81.1635971069336
2022-11-11,80.82389068603516
2022-11-14,78.72135162353516
2022-11-15,80.56681060791016
2022-11-16,79.37322235107422
2022-11-17,78.12456512451172
2022-11-18,77.77567291259766
2022-11-21,76.60962677001953
2022-11-22,78.15211486816406
2022-11-23,79.3824234008789
2022-11-25,79.3089599609375
2022-11-28,78.36328125
2022-11-29,79.32731628417969
2022-11-30,80.64026641845703
2022-12-01,80.9432601928711
2022-12-02,81.07178497314453
2022-12-05,80.19955444335938
2022-12-06,78.86825561523438
2022-12-07,81.71449279785156
2022-12-08,82.10928344726562
2022-12-09,81.25541687011719
2022-12-12,81.71449279785156
2022-12-13,83.17432403564453
2022-12-14,83.38550567626953
2022-12-15,86.57145690917969
2022-12-16,84.65254974365234
2022-12-19,82.72443389892578
2022-12-20,81.71449279785156
2022-12-21,83.15596771240234
2022-12-22,83.58747863769531
2022-12-23,83.20189666748047
2022-12-27,83.27532958984375
2022-12-28,81.25541687011719
2022-12-29,83.24778747558594
2022-12-30,83.09170532226562
2023-01-03,84.45054626464844
2023-01-04,85.9471206665039
2023-01-05,86.10319519042969
2023-01-06,87.82929992675781
2023-01-09,87.48958587646484
2023-01-10,88.66481018066406
2023-01-11,90.5102767944336
2023-01-12,91.03361511230469
2023-01-13,90.73062896728516
2023-01-17,90.69390106201172
2023-01-18,89.57376861572266
2023-01-19,87.86603546142578
2023-01-20,88.77499389648438
2023-01-23,89.54622650146484
2023-01-24,90.97852325439453
2023-01-25,90.9326171875
2023-01-26,92.18142700195312
2023-01-27,92.72518920898438
2023-01-30,91.4441146850586
2023-01-31,94.37491607666016
2023-02-01,96.48543548583984
2023-02-02,99.60975646972656
2023-02-03,96.59602355957031
2023-02-06,94.67904663085938
2023-02-07,95.40714263916016
2023-02-08,92.92794036865234
2023-02-09,92.96480560302734
2023-02-10,93.91407012939453
2023-02-13,96.35641479492188
2023-02-14,95.91402435302734
2023-02-15,95.3886947631836
2023-02-16,93.3611068725586
2023-02-17,91.32431030273438
2023-02-21,88.26449584960938
2023-02-22,88.80825805664062
2023-02-23,89.5363540649414
2023-02-24,88.32901000976562
2023-02-27,88.38431549072266
2023-02-28,89.15849304199219
2023-03-01,88.1446762084961
2023-03-02,88.53178405761719
2023-03-03,89.96029663085938
2023-03-06,89.56398010253906
2023-03-07,89.24143981933594
2023-03-08,91.31509399414062
2023-03-09,90.86348724365234
2023-03-10,89.7483139038086
2023-03-13,91.20449829101562
2023-03-14,92.87264251708984
2023-03-15,92.3381118774414
2023-03-16,96.03382110595703
2023-03-17,95.3886947631836
2023-03-20,94.29194641113281
2023-03-21,95.36103820800781
2023-03-22,94.55001831054688
2023-03-23,95.2688980102539
2023-03-24,95.60987091064453
2023-03-27,94.1721420288086
2023-03-28,93.76663208007812
2023-03-29,94.43942260742188
2023-03-30,94.51313781738281
2023-03-31,96.87251281738281
2023-04-03,97.00154113769531
2023-04-04,95.6928482055664
2023-04-05,95.87716674804688
2023-04-06,94.06155395507812
2023-04-10,94.55001831054688
2023-04-11,97.23196411132812
2023-04-12,97.13057708740234
2023-04-13,95.7020492553711
2023-04-14,96.7711410522461
2023-04-17,97.7296371459961
2023-04-18,100.68807983398438
2023-04-19,100.73416137695312
2023-04-20,103.10272979736328
2023-04-21,102.4852523803711
2023-04-24,103.34236907958984
2023-04-25,102.65345764160156
2023-04-26,100.93346405029297
2023-04-27,103.29151153564453
2023-04-28,104.31794738769531
2023-05-01,103.92957305908203
2023-05-02,104.53063201904297
2023-05-03,105.53857421875
2023-05-04,103.892578125
2023-05-05,104.90052032470703
2023-05-08,106.0564193725586
2023-05-09,105.75127410888672
2023-05-10,105.5478286743164
2023-05-11,105.4183578491211
2023-05-12,104.70632934570312
2023-05-15,104.77106475830078
2023-05-16,105.34439086914062
2023-05-17,105.96394348144531
2023-05-18,107.0828628540039
2023-05-19,105.03923797607422
2023-05-22,102.18183898925781
2023-05-23,99.03779602050781
2023-05-24,99.7775650024414
2023-05-25,100.38787841796875
2023-05-26,99.3614501953125
2023-05-30,99.68510437011719
2023-05-31,99.0562744140625
2023-06-01,99.99947357177734
2023-06-02,103.56892395019531
2023-06-05,103.51343536376953
2023-06-06,107.267822265625
2023-06-07,105.4183578491211
2023-06-08,104.83578491210938
2023-06-09,105.60332489013672
2023-06-12,106.71298217773438
2023-06-13,107.27705383300781
2023-06-14,106.1119155883789
2023-06-15,110.79100799560547
2023-06-16,110.98519897460938
2023-06-20,112.42776489257812
2023-06-21,112.49250030517578
2023-06-22,112.18733215332031
2023-06-23,113.09355163574219
2023-06-26,111.9561538696289
2023-06-27,116.57052612304688
2023-06-28,116.01568603515625
2023-06-29,114.46215057373047
2023-06-30,115.8769760131836
2023-07-03,115.84922790527344
2023-07-05,114.93376159667969
2023-07-06,111.78482818603516
2023-07-07,111.49729919433594
2023-07-10,114.51174926757812
2023-07-11,115.85665130615234
2023-07-12,118.98239135742188
2023-07-13,120.65193176269531
2023-07-14,123.5828857421875
2023-07-17,120.93946075439453
2023-07-18,121.4959716796875
2023-07-19,121.27336120605469
2023-07-20,117.00676727294922
2023-07-21,117.47052764892578
2023-07-24,118.07341766357422
2023-07-25,118.29602813720703
2023-07-26,117.99922180175781
2023-07-27,116.70069122314453
2023-07-28,118.51862335205078
2023-07-31,117.63748168945312
2023-08-01,117.79515838623047
2023-08-02,116.11634063720703
2023-08-03,113.75118255615234
2023-08-04,116.46880340576172
2023-08-07,118.08270263671875
2023-08-08,117.8229751586914
2023-08-09,116.47809600830078
2023-08-10,114.42826843261719
2023-08-11,114.29840850830078
2023-08-14,114.89202117919922
2023-08-15,116.92330169677734
2023-08-16,113.77898406982422
2023-08-17,108.56632995605469
2023-08-18,108.51995849609375
2023-08-21,107.43475341796875
2023-08-22,108.10256958007812
2023-08-23,108.67764282226562
2023-08-24,107.49039459228516
2023-08-25,105.77449798583984
2023-08-28,105.78377532958984
2023-08-29,108.1211166381836
2023-08-30,110.62541961669922
2023-08-31,110.4584732055664
2023-09-01,111.91468048095703
2023-09-05,106.41448974609375
2023-09-06,108.46431732177734
2023-09-07,109.52166748046875
2023-09-08,110.06890869140625
2023-09-11,111.07990264892578
2023-09-12,108.06547546386719
2023-09-13,107.56460571289062
2023-09-14,109.1692123413086
2023-09-15,106.44230651855469
2023-09-18,108.55705261230469
2023-09-19,108.7889404296875
2023-09-20,108.08401489257812
2023-09-21,104.93046569824219
2023-09-22,105.27362060546875
2023-09-25,104.87479400634766
2023-09-26,103.82669067382812
2023-09-27,103.60409545898438
2023-09-28,105.92290496826172
2023-09-29,104.0956802368164
2023-10-02,103.0939712524414
2023-10-03,100.3855972290039
2023-10-04,101.07196044921875
2023-10-05,100.76588439941406
2023-10-06,101.30384826660156
2023-10-09,103.20526885986328
2023-10-10,104.87479400634766
2023-10-11,106.34050750732422
2023-10-12,100.93367767333984
2023-10-13,101.71537780761719
2023-10-16,101.97594451904297
2023-10-17,102.0224838256836
2023-10-18,99.37024688720703
2023-10-19,97.350830078125
2023-10-20,96.58773803710938
2023-10-23,97.99296569824219
2023-10-24,97.64862823486328
2023-10-25,95.91770935058594
2023-10-26,96.71800994873047
2023-10-27,96.58773803710938
2023-10-30,97.26707458496094
2023-10-31,99.2771987915039
2023-11-01,103.50215911865234
2023-11-02,107.82017517089844
2023-11-03,111.50537109375
2023-11-06,110.48170471191406
2023-11-07,112.05442810058594
2023-11-08,112.49181365966797
2023-11-09,111.32855987548828
2023-11-10,113.72023010253906
2023-11-13,113.7667465209961
2023-11-14,119.35971069335938
2023-11-15,118.04754638671875
2023-11-16,118.26158905029297
2023-11-17,118.64313507080078
2023-11-20,119.39691925048828
2023-11-21,117.98239135742188
2023-11-22,118.5872802734375
2023-11-24,118.77342224121094
2023-11-27,118.03823852539062
2023-11-28,117.31236267089844
2023-11-29,118.03823852539062
2023-11-30,119.04328155517578
2023-12-01,122.4493179321289
2023-12-04,122.38416290283203
2023-12-05,122.74710083007812
2023-12-06,125.976318359375
2023-12-07,127.93060302734375
2023-12-08,129.89418029785156
2023-12-11,129.9499969482422
2023-12-12,130.77825927734375
2023-12-13,135.08697509765625
2023-12-14,144.0673370361328
2023-12-15,138.9210662841797
2023-12-18,137.05987548828125
2023-12-19,138.33477783203125
2023-12-20,136.60385131835938
2023-12-21,137.64610290527344
2023-12-22,137.1901397705078
2023-12-26,137.91600036621094
2023-12-27,138.93968200683594
2023-12-28,138.82801818847656
2023-12-29,138.69772338867188
2024-01-02,137.22735595703125
2024-01-03,135.55227661132812
2024-01-04,135.003173828125
2024-01-05,136.11993408203125
2024-01-08,138.94898986816406
2024-01-09,137.87876892089844
2024-01-10,142.70864868164062
2024-01-11,144.43026733398438
2024-01-12,141.2196502685547
2024-01-16,140.05641174316406
2024-01-17,139.2188720703125
2024-01-18,139.88888549804688
2024-01-19,141.2755126953125
2024-01-22,144.4954071044922
2024-01-23,137.7920684814453
2024-01-24,135.48602294921875
2024-01-25,139.22048950195312
2024-01-26,138.5296173095703
2024-01-29,139.640625
2024-01-30,141.04104614257812
2024-01-31,139.90200805664062
2024-02-01,143.71116638183594
2024-02-02,143.7858428955078
2024-02-05,142.3760986328125
2024-02-06,140.91966247558594
2024-02-07,142.55349731445312
2024-02-08,143.11366271972656
2024-02-09,142.86155700683594
2024-02-12,147.4269561767578
2024-02-13,141.61053466796875
2024-02-14,143.65516662597656
2024-02-15,143.96324157714844
2024-02-16,140.24745178222656
2024-02-20,140.96633911132812
2024-02-21,141.890625
2024-02-22,143.36573791503906
2024-02-23,144.7848358154297
2024-02-26,143.89788818359375
2024-02-27,143.65516662597656
2024-02-28,143.58982849121094
2024-02-29,147.9871368408203
2024-03-01,150.75994873046875
2024-03-04,149.87303161621094
2024-03-05,148.9674072265625
2024-03-06,150.3491668701172
2024-03-07,153.5048065185547
2024-03-08,153.29005432128906
2024-03-11,153.22471618652344
2024-03-12,154.9518585205078
2024-03-13,154.51307678222656
2024-03-14,142.71217346191406
2024-03-15,146.1759033203125
2024-03-18,146.21322631835938
2024-03-19,149.04209899902344
2024-03-20,152.7765655517578
2024-03-21,154.3636932373047
2024-03-22,155.52139282226562
2024-03-25,155.01722717285156
2024-03-26,154.56907653808594
2024-03-27,157.31390380859375
2024-03-28,160.56289672851562
2024-04-01,156.66970825195312
2024-04-02,151.6842498779297
2024-04-03,155.0639190673828
2024-04-04,152.7765655517578
2024-04-05,155.18528747558594
2024-04-08,154.0556182861328
2024-04-09,154.97056579589844
2024-04-10,146.04519653320312
2024-04-11,148.87403869628906
2024-04-12,149.28485107421875
2024-04-15,145.7557830810547
2024-04-16,142.4508056640625
2024-04-17,141.7972412109375
2024-04-18,142.3667449951172
2024-04-19,140.21945190429688
2024-04-22,141.50782775878906
2024-04-23,145.84478759765625
2024-04-24,144.3647918701172
2024-04-25,143.11895751953125
2024-04-26,144.52401733398438
2024-04-29,145.62933349609375
2024-04-30,142.02305603027344
2024-05-01,142.81924438476562
2024-05-02,145.3857879638672
2024-05-03,148.09288024902344
2024-05-06,150.83738708496094
2024-05-07,150.90298461914062
2024-05-08,148.43943786621094
2024-05-09,150.70626831054688
2024-05-10,152.6171417236328
2024-05-13,151.75538635253906
2024-05-14,152.05514526367188
2024-05-15,160.0358428955078
2024-05-16,154.74346923828125
2024-05-17,155.38040161132812
2024-05-20,153.31031799316406
2024-05-21,152.41107177734375
2024-05-22,146.0133819580078
2024-05-23,144.73944091796875
2024-05-24,146.48175048828125
2024-05-28,145.14227294921875
2024-05-29,144.30856323242188
2024-05-30,147.09059143066406
2024-05-31,150.20045471191406
2024-06-03,150.5376434326172
2024-06-04,147.72755432128906
2024-06-05,149.28248596191406
2024-06-06,146.23818969726562
2024-06-07,144.2711181640625
2024-06-10,145.58251953125
2024-06-11,142.5944061279297
2024-06-12,145.1890869140625
2024-06-13,145.2265625
2024-06-14,145.2827606201172
2024-06-17,146.603515625
2024-06-18,139.3065948486328
2024-06-20,139.8592529296875
2024-06-21,141.9574737548828
2024-06-24,141.123779296875
2024-06-25,139.7374725341797
2024-06-26,139.51266479492188
2024-06-27,139.6812744140625
2024-06-28,140.3837890625
2024-07-01,136.69317626953125
2024-07-02,134.52003479003906
2024-07-03,134.21090698242188
2024-07-05,134.06991577148438
2024-07-08,134.06991577148438
2024-07-09,133.94773864746094
2024-07-10,136.9744873046875
2024-07-11,146.4777069091797
2024-07-12,150.28465270996094
2024-07-15,149.62664794921875
2024-07-16,159.44009399414062
2024-07-17,156.48854064941406
2024-07-18,159.82550048828125
2024-07-19,160.6808624267578
2024-07-22,162.14724731445312
2024-07-23,162.2882537841797
2024-07-24,158.65989685058594
2024-07-25,161.00045776367188
2024-07-26,166.1045684814453
2024-07-29,167.48635864257812
2024-07-30,169.6201171875
2024-07-31,166.31138610839844
2024-08-01,165.66278076171875
2024-08-02,163.98959350585938
2024-08-05,160.16387939453125
2024-08-06,161.67726135253906
2024-08-07,156.74234008789062
2024-08-08,159.20509338378906
2024-08-09,159.57168579101562
2024-08-12,157.8609161376953
2024-08-13,160.1450653076172
2024-08-14,158.97010803222656
2024-08-15,160.3706817626953
2024-08-16,161.45166015625
2024-08-19,164.9390106201172
2024-08-20,163.55722045898438
2024-08-21,168.30413818359375
2024-08-22,168.01275634765625
2024-08-23,173.9158477783203
2024-08-26,172.62806701660156
2024-08-27,171.4154815673828
2024-08-28,170.3815155029297
2024-08-29,169.67649841308594
2024-08-30,171.13348388671875
2024-09-03,167.67434692382812
2024-09-04,167.6085662841797
2024-09-05,167.15736389160156
2024-09-06,168.65194702148438
2024-09-09,169.3851318359375
2024-09-10,169.41331481933594
2024-09-11,167.4957275390625
2024-09-12,170.4943084716797
2024-09-13,174.75245666503906
2024-09-16,175.9744110107422
2024-09-17,177.99539184570312
2024-09-18,177.12120056152344
2024-09-19,180.89993286132812
2024-09-20,171.25570678710938
2024-09-23,174.64901733398438
2024-09-24,173.1732635498047
2024-09-25,170.9454803466797
2024-09-26,172.06405639648438
2024-09-27,175.8052215576172
2024-09-30,176.2281951904297
2024-10-01,176.99899291992188
2024-10-02,175.88043212890625
2024-10-03,175.68301391601562
2024-10-04,171.3120880126953
2024-10-07,171.0489044189453
2024-10-08,170.33448791503906
2024-10-09,170.0894317626953
2024-10-10,167.96861267089844
2024-10-11,167.95916748046875
2024-10-14,171.1734161376953
2024-10-15,174.4158935546875
2024-10-16,177.59242248535156
2024-10-17,174.8494873046875
2024-10-18,178.08255004882812
2024-10-21,170.25909423828125
2024-10-22,163.6044464111328
2024-10-23,162.661865234375
2024-10-24,165.7818145751953
2024-10-25,163.33108520507812
2024-10-28,164.0946044921875
2024-10-29,160.3336639404297
2024-10-30,161.65330505371094
2024-10-31,160.52220153808594
2024-11-01,159.91896057128906
2024-11-04,162.7184295654297
2024-11-05,167.10145568847656
2024-11-06,159.01405334472656
2024-11-07,161.5684814453125
2024-11-08,162.67129516601562
2024-11-11,162.40737915039062
2024-11-12,156.63876342773438
2024-11-13,156.7801513671875
2024-11-14,160.0509033203125
2024-11-15,159.1554412841797
2024-11-18,158.27883911132812
2024-11-19,159.06118774414062
2024-11-20,158.571044921875
2024-11-21,158.42022705078125
2024-11-22,159.4570770263672
2024-11-25,168.40220642089844
2024-11-26,163.4442138671875
2024-11-27,164.10401916503906
2024-11-29,164.37734985351562
2024-12-02,163.5101776123047
2024-12-03,163.61387634277344
2024-12-04,157.77926635742188
2024-12-05,155.51707458496094
2024-12-06,154.0655059814453
2024-12-09,156.47850036621094
2024-12-10,152.3876953125
2024-12-11,149.0792236328125
2024-12-12,146.5436553955078
2024-12-13,145.52566528320312
2024-12-16,143.19749450683594
2024-12-17,142.77333068847656
2024-12-18,137.55140686035156
2024-12-19,130.4537353515625
2024-12-20,130.15211486816406
2024-12-23,130.07669067382812
2024-12-24,130.07669067382812
2024-12-26,130.67996215820312
2024-12-27,129.31321716308594
2024-12-30,128.3800506591797
2024-12-31,128.540283203125
2025-01-02,126.65510559082031
2025-01-03,128.07843017578125
2025-01-06,127.3055191040039
2025-01-07,125.49574279785156
2025-01-08,125.87276458740234
2025-01-10,122.12129211425781
2025-01-13,124.02531433105469
2025-01-14,127.41861724853516
2025-01-15,130.61398315429688
2025-01-16,132.61227416992188
2025-01-17,133.41346740722656
2025-01-21,129.63710021972656
2025-01-22,132.54843139648438
2025-01-23,130.97105407714844
2025-01-24,128.8776092529297
2025-01-27,134.1939697265625
2025-01-28,132.45106506347656
2025-01-29,129.2260284423828
2025-01-30,132.18719482421875
2025-01-31,128.25852966308594
2025-02-03,123.32324981689453
2025-02-04,125.37554168701172
2025-02-05,124.59371948242188
2025-02-06,124.35916137695312
2025-02-07,119.1697998046875
2025-02-10,119.90276336669922
2025-02-11,122.08209228515625
2025-02-12,118.8375244140625
2025-02-13,120.93867492675781
2025-02-14,121.0266342163086
2025-02-18,119.71707916259766
2025-02-19,118.19252014160156
2025-02-20,119.90276336669922
2025-02-21,117.83092498779297
2025-02-24,117.08818817138672
2025-02-25,121.49573516845703
2025-02-26,118.75933837890625
2025-02-27,117.63545989990234
2025-02-28,116.91227722167969
2025-03-03,115.25089263916016
2025-03-04,116.0522689819336
2025-03-05,119.25775146484375
2025-03-06,123.2743911743164
2025-03-07,122.3459701538086
2025-03-10,122.37528991699219
2025-03-11,118.68116760253906
2025-03-12,116.22817993164062
2025-03-13,113.68724822998047
2025-03-14,115.41703796386719
2025-03-17,116.25750732421875
2025-03-18,115.80795288085938
2025-03-19,117.56706237792969
2025-03-20,117.34228515625
2025-03-21,112.60247039794922
2025-03-24,114.8893051147461
2025-03-25,115.0652084350586
2025-03-26,115.19226837158203
2025-03-27,115.29976654052734
2025-03-28,111.34176635742188
2025-03-31,112.17245483398438
2025-04-01,111.9085922241211
2025-04-02,113.032470703125
2025-04-03,105.9374008178711
2025-04-04,108.50764465332031
2025-04-07,104.64738464355469
2025-04-08,100.62097930908203
2025-04-09,106.1915054321289
2025-04-10,102.11621856689453
2025-04-11,102.84918212890625
2025-04-14,103.66033172607422
2025-04-15,102.69282531738281
2025-04-16,100.42552185058594
2025-04-17,102.35077667236328
2025-04-21,101.35394287109375
2025-04-22,105.46830749511719
2025-04-23,105.61557006835938
2025-04-24,107.235595703125
2025-04-25,105.67447662353516
2025-04-28,106.18504333496094
2025-04-29,105.62539672851562
2025-04-30,106.63668823242188
2025-05-01,106.22431945800781
2025-05-02,108.19779205322266
2025-05-05,107.22578430175781
2025-05-06,104.27046966552734
2025-05-07,105.85121154785156
2025-05-08,107.57923889160156
2025-05-09,106.66613006591797
2025-05-12,110.5051040649414
2025-05-13,110.328369140625
2025-05-14,106.40104675292969
2025-05-15,108.10942840576172
2025-05-16,109.82763671875
2025-05-19,109.1501693725586
2025-05-20,107.45159912109375
2025-05-21,103.71082305908203
2025-05-22,103.37700653076172
2025-05-23,103.26900482177734
2025-05-27,106.1261215209961
2025-05-28,103.33773040771484
2025-05-29,104.14282989501953
2025-05-30,104.15265655517578
2025-06-02,103.11190795898438
2025-06-03,104.71229553222656
2025-06-04,108.22724914550781
2025-06-05,108.06034088134766
2025-06-06,106.55814361572266
2025-06-09,108.36470794677734
2025-06-10,111.4869384765625
2025-06-11,109.47418212890625
2025-06-12,110.11235809326172
2025-06-13,106.63668823242188
2025-06-16,107.50069427490234
2025-06-17,102.70936584472656
2025-06-18,101.53115844726562
2025-06-20,104.48646545410156
2025-06-23,108.6199722290039
2025-06-24,109.66072845458984
2025-06-25,107.77559661865234
2025-06-26,107.81487274169922
2025-06-27,108.20761108398438
2025-06-30,108.600341796875
2025-07-01,113.39167785644531
2025-07-02,113.2149429321289
2025-07-03,108.5901107788086
2025-07-07,107.70260620117188
2025-07-08,108.88594055175781
2025-07-09,113.75730895996094
2025-07-10,114.82230377197266
2025-07-11,112.37676239013672
2025-07-14,111.32162475585938
2025-07-15,106.23331451416016
2025-07-16,107.9096908569336
2025-07-17,108.17594146728516
2025-07-18,108.04774475097656
2025-07-21,107.9096908569336
2025-07-22,116.88326263427734
2025-07-23,115.63091278076172
2025-07-24,111.9330062866211
2025-07-25,113.72772216796875
2025-07-28,114.5264663696289
2025-07-29,114.2503662109375
2025-07-30,110.80885314941406
2025-07-31,110.62149047851562
2025-08-01,114.36869812011719
2025-08-04,117.11992645263672
2025-08-05,118.43145751953125
2025-08-06,117.6918716430664
2025-08-07,117.84965515136719
2025-08-08,119.17102813720703
2025-08-11,118.85548400878906
2025-08-12,122.7407455444336
2025-08-13,129.07154846191406
2025-08-14,128.6376495361328
2025-08-15,130.1168212890625
2025-08-18,129.60403442382812
2025-08-19,132.38487243652344
2025-08-20,128.5094757080078
2025-08-21,127.34586334228516
2025-08-22,133.864013671875
2025-08-25,132.92723083496094
2025-08-26,131.4185028076172
2025-08-27,131.47764587402344
2025-08-28,131.28042602539062
2025-08-29,131.29029846191406
2025-09-02,130.83668518066406
2025-09-03,132.2172393798828
2025-09-04,136.1518096923828
2025-09-05,139.90887451171875
2025-09-08,140.421630859375
2025-09-09,135.5404052734375
2025-09-10,134.68251037597656
2025-09-11,138.1437225341797
2025-09-12,135.3629150390625
2025-09-15,131.91156005859375
2025-09-16,131.9509735107422
2025-09-17,131.12265014648438
2025-09-18,131.02403259277344
2025-09-19,125.5511474609375
2025-09-22,120.21631622314453
2025-09-23,121.53768920898438
2025-09-24,123.94379425048828
2025-09-25,122.29698944091797
2025-09-26,124.28893280029297
2025-09-29,125.90614318847656
2025-09-30,124.28893280029297
2025-10-01,126.42878723144531
2025-10-02,126.547119140625
2025-10-03,128.26295471191406
2025-10-06,124.63406372070312
2025-10-07,120.443115234375
2025-10-08,118.45117950439453
2025-10-09,116.27188873291016
2025-10-10,117.61869049072266
2025-10-13,116.87596893310547
2025-10-14,121.04515838623047
2025-10-15,121.25312042236328
2025-10-16,121.678955078125
2025-10-17,124.60035705566406
2025-10-20,124.63006591796875
2025-10-21,126.99690246582031
2025-10-22,125.90755462646484
2025-10-23,126.1056137084961
2025-10-24,126.33338928222656
2025-10-27,127.47224426269531
2025-10-28,126.97709655761719
2025-10-29,122.97625732421875
2025-10-30,122.9267349243164
2025-10-31,122.57022857666016
2025-11-03,119.42105102539062
2025-11-04,120.47077941894531
2025-11-05,120.00533294677734
2025-11-06,119.16358184814453
2025-11-07,120.37174987792969
2025-11-10,122.01565551757812
2025-11-11,124.22404479980469
2025-11-12,122.9267349243164
2025-11-13,120.06475067138672
2025-11-14,119.93601989746094
2025-11-17,112.99396514892578
2025-11-18,114.84584045410156
2025-11-19,114.04369354248047
2025-11-20,115.12312316894531
2025-11-21,121.96614837646484
2025-11-24,121.76808166503906
2025-11-25,129.80935668945312
2025-11-26,130.00741577148438
2025-11-28,130.02723693847656
2025-12-01,128.9676055908203
2025-12-02,128.47244262695312
2025-12-03,131.83950805664062
2025-12-04,125.5213394165039
2025-12-05,122.70887756347656
2025-12-08,119.53988647460938
2025-12-09,116.05401611328125
2025-12-10,118.8664779663086
2025-12-11,117.99501037597656
2025-12-12,118.21288299560547
2025-12-15,118.56939697265625
2025-12-16,116.43032836914062
2025-12-17,111.14209747314453
2025-12-18,107.27989959716797
2025-12-19,106.94319152832031
2025-12-22,105.95288848876953
2025-12-23,103.72469329833984
2025-12-24,104.07129669189453
2025-12-26,103.88314819335938
2025-12-29,102.91264343261719
2025-12-30,102.88294219970703
2025-12-31,101.80350494384766
2026-01-02,103.2097396850586
2026-01-05,104.37830352783203
2026-01-06,105.32899475097656
2026-01-07,102.92254638671875
2026-01-08,108.48807525634766
2026-01-09,118.09403991699219
2026-01-12,119.7280502319336
2026-01-13,122.12458801269531
2026-01-14,120.21329498291016
2026-01-15,121.0649642944336
2026-01-16,117.44044494628906
2026-01-20,114.04369354248047
2026-01-21,116.85615539550781
2026-01-22,113.59805297851562
2026-01-23,110.75586700439453
2026-01-26,109.50808715820312
2026-01-27,109.0030288696289
2026-01-28,109.71604919433594
2026-01-29,110.15178680419922
2026-01-30,108.29000854492188
2026-02-02,107.74534606933594
2026-02-03,111.43917846679688
2026-02-04,114.66209411621094
2026-02-05,114.7615737915039
2026-02-06,113.41868591308594
2026-02-09,113.47837829589844
2026-02-10,118.77032470703125
2026-02-11,120.35193634033203
2026-02-12,120.19277954101562
2026-02-13,121.6351318359375
2026-02-17,120.799560546875
2026-02-18,120.62051391601562
2026-02-19,115.50762176513672
2026-02-20,115.8458251953125
2026-02-23,115.58719635009766
2026-02-24,115.78614044189453
2026-02-25,110.14604949951172
2026-02-26,111.40934753417969
2026-02-27,113.75689697265625
2026-03-02,110.02667999267578
2026-03-03,107.8382797241211
2026-03-04,105.96819305419922
2026-03-05,103.74995422363281
2026-03-06,100.63645935058594
2026-03-09,99.41294860839844
2026-03-10,98.19937896728516
2026-03-11,96.06071472167969
2026-03-12,92.05197143554688
2026-03-13,94.4592056274414
2026-03-16,95.44398498535156
2026-03-17,96.51829528808594
2026-03-18,94.25032043457031
2026-03-19,93.22575378417969
2026-03-20,90.07247161865234
2026-03-23,92.96711730957031
2026-03-24,91.89281463623047
2026-03-25,91.70381927490234
2026-03-26,90.6295166015625
2026-03-27,89.7740478515625
2026-03-30,84.43236541748047
2026-03-31,86.38202667236328
2026-04-01,84.98941802978516
2026-04-02,86.03387451171875
2026-04-06,88.1029052734375
2026-04-07,85.16847229003906
2026-04-08,88.16259002685547
2026-04-09,88.46101379394531
2026-04-10,88.50080108642578
2026-04-13,89.31647491455078
2026-04-14,88.36154174804688
2026-04-15,87.97359466552734
2026-04-16,88.33169555664062
2026-04-17,92.30065155029297
2026-04-20,93.62364196777344
2026-04-21,94.30999755859375
2026-04-22,94.44999694824219
2026-04-23,94.18000030517578
2026-04-24,94.05000305175781
2026-04-27,93.25
2026-04-28,92.31999969482422
2026-04-29,88.70999908447266
2026-04-30,90.30000305175781
2026-05-01,88.44999694824219
2026-05-04,84.36000061035156
