date,close
2001-05-07,9.96896743774414
2001-05-08,9.837287902832031
2001-05-09,9.721100807189941
2001-05-10,9.876018524169922
2001-05-11,9.775321960449219
2001-05-14,9.837287902832031
2001-05-15,9.946159362792969
2001-05-16,10.31165885925293
2001-05-17,10.762690544128418
2001-05-18,10.692707061767578
2001-05-21,10.498292922973633
2001-05-22,10.264991760253906
2001-05-23,10.226114273071289
2001-05-24,9.798405647277832
2001-05-25,9.666207313537598
2001-05-29,9.246273040771484
2001-05-30,9.098516464233398
2001-05-31,9.137401580810547
2001-06-01,9.355143547058105
2001-06-04,9.059638023376465
2001-06-05,9.425132751464844
2001-06-06,9.495121955871582
2001-06-07,9.331811904907227
2001-06-08,9.370697975158691
2001-06-11,9.292929649353027
2001-06-12,9.292929649353027
2001-06-13,9.324040412902832
2001-06-14,8.974095344543457
2001-06-15,8.865222930908203
2001-06-18,8.709692001342773
2001-06-19,8.577491760253906
2001-06-20,8.904107093811035
2001-06-21,8.834118843078613
2001-06-22,8.841893196105957
2001-06-25,8.818565368652344
2001-06-26,8.709692001342773
2001-06-27,9.191839218139648
2001-06-28,9.036307334899902
2001-06-29,9.12185001373291
2001-07-02,9.137401580810547
2001-07-03,9.051859855651855
2001-07-05,9.051859855651855
2001-07-06,8.904107093811035
2001-07-09,8.873000144958496
2001-07-10,8.740798950195312
2001-07-11,8.663033485412598
2001-07-12,8.69413948059082
2001-07-13,8.39863395690918
2001-07-16,8.39863395690918
2001-07-17,8.38308048248291
2001-07-18,8.344199180603027
2001-07-19,8.227551460266113
2001-07-20,8.126455307006836
2001-07-23,8.11867904663086
2001-07-24,7.815394401550293
2001-07-25,7.768736839294434
2001-07-26,7.768736839294434
2001-07-27,7.869832515716553
2001-07-30,8.056467056274414
2001-07-31,8.25865650177002
2001-08-01,8.297537803649902
2001-08-02,8.367527961730957
2001-08-03,8.320868492126465
2001-08-06,8.27420711517334
2001-08-07,8.142009735107422
2001-08-08,8.064244270324707
2001-08-09,8.1109037399292
2001-08-10,8.445289611816406
2001-08-13,8.39863395690918
2001-08-14,8.865222930908203
2001-08-15,8.638710021972656
2001-08-16,8.77149486541748
2001-08-17,8.623088836669922
2001-08-20,8.490307807922363
2001-08-21,8.349713325500488
2001-08-22,8.420012474060059
2001-08-23,8.31065845489502
2001-08-24,8.396575927734375
2001-08-27,8.349713325500488
2001-08-28,8.22474193572998
2001-08-29,8.21693229675293
2001-08-30,8.052902221679688
2001-08-31,8.295038223266602
2001-09-04,8.357522964477539
2001-09-05,8.32628345489502
2001-09-06,8.076334953308105
2001-09-07,7.65455436706543
2001-09-10,7.404609203338623
2001-09-17,6.4048309326171875
2001-09-18,6.076778888702393
2001-09-19,6.12364387512207
2001-09-20,5.623754978179932
2001-09-21,5.155107498168945
2001-09-24,5.194160461425781
2001-09-25,5.077001094818115
2001-09-26,4.686460971832275
2001-09-27,4.530246734619141
2001-09-28,5.077001094818115
2001-10-01,5.1785407066345215
2001-10-02,5.233216762542725
2001-10-03,4.920785427093506
2001-10-04,5.014512538909912
2001-10-05,5.037945747375488
2001-10-08,4.881731986999512
2001-10-09,4.7801899909973145
2001-10-10,5.42848539352417
2001-10-11,5.623754978179932
2001-10-12,5.701862812042236
2001-10-15,5.5612688064575195
2001-10-16,5.584699630737305
2001-10-17,5.350378036499023
2001-10-18,5.358189105987549
2001-10-19,5.358189105987549
2001-10-22,5.373810291290283
2001-10-23,5.131675720214844
2001-10-24,4.975460052490234
2001-10-25,5.350378036499023
2001-10-26,5.264458179473877
2001-10-29,5.326945781707764
2001-10-30,5.17072868347168
2001-10-31,5.623754978179932
2001-11-01,5.787781238555908
2001-11-02,5.615943431854248
2001-11-05,5.819024085998535
2001-11-06,5.701862812042236
2001-11-07,5.483160495758057
2001-11-08,5.678430080413818
2001-11-09,5.811215400695801
2001-11-12,5.897130012512207
2001-11-13,6.115832805633545
2001-11-14,6.19394063949585
2001-11-15,6.654776096343994
2001-11-16,6.764125347137451
2001-11-19,6.52199125289917
2001-11-20,6.326723575592041
2001-11-21,6.428264617919922
2001-11-23,6.482937812805176
2001-11-26,6.935964107513428
2001-11-27,6.857856750488281
2001-11-28,6.607911586761475
2001-11-29,6.443887233734131
2001-11-30,5.9986724853515625
2001-12-03,6.1314544677734375
2001-12-04,6.09240198135376
2001-12-05,6.459507465362549
2001-12-06,7.326501369476318
2001-12-07,7.0687456130981445
2001-12-10,6.576669692993164
2001-12-11,6.779748916625977
2001-12-12,6.764125347137451
2001-12-13,6.607911586761475
2001-12-14,6.732884407043457
2001-12-17,6.787559509277344
2001-12-18,6.795370578765869
2001-12-19,6.428264617919922
2001-12-20,6.09240198135376
2001-12-21,6.287670135498047
2001-12-24,6.311102867126465
2001-12-26,6.287670135498047
2001-12-27,6.795370578765869
2001-12-28,6.834424018859863
2001-12-31,6.592288494110107
2002-01-02,6.740694999694824
2002-01-03,7.185909271240234
2002-01-04,7.224964141845703
2002-01-07,6.810992240905762
2002-01-08,6.810992240905762
2002-01-09,6.623531818389893
2002-01-10,6.365776538848877
2002-01-11,6.209564685821533
2002-01-14,6.045536994934082
2002-01-15,6.045536994934082
2002-01-16,5.858078479766846
2002-01-17,6.115832805633545
2002-01-18,5.912753582000732
2002-01-22,5.936184406280518
2002-01-23,5.701862812042236
2002-01-24,5.779969692230225
2002-01-25,6.326723575592041
2002-01-28,6.904721260070801
2002-01-29,6.451694965362549
2002-01-30,6.397021293640137
2002-01-31,6.74850606918335
2002-02-01,6.490750312805176
2002-02-04,6.357967853546143
2002-02-05,6.3892107009887695
2002-02-06,6.19394063949585
2002-02-07,6.1392669677734375
2002-02-08,6.482937812805176
2002-02-11,6.514183521270752
2002-02-12,6.17050838470459
2002-02-13,6.23299503326416
2002-02-14,6.217371940612793
2002-02-15,6.607911586761475
2002-02-19,6.2408061027526855
2002-02-20,6.631345272064209
2002-02-21,6.4048309326171875
2002-02-22,7.224964141845703
2002-02-25,7.303070068359375
2002-02-26,7.709229469299316
2002-02-27,7.615503311157227
2002-02-28,7.881067276000977
2002-03-01,8.131011962890625
2002-03-04,8.474687576293945
2002-03-05,8.287227630615234
2002-03-06,8.59184741973877
2002-03-07,8.396575927734375
2002-03-08,8.76368236541748
2002-03-11,8.755874633789062
2002-03-12,8.42782211303711
2002-03-13,8.201308250427246
2002-03-14,8.576224327087402
2002-03-15,9.09954833984375
2002-03-18,8.787115097045898
2002-03-19,8.96676254272461
2002-03-20,8.552791595458984
2002-03-21,8.209122657775879
2002-03-22,7.888876914978027
2002-03-25,7.7717156410217285
2002-03-26,8.0060396194458
2002-03-27,7.966984748840332
2002-03-28,8.388769149780273
2002-04-01,7.920120716094971
2002-04-02,8.36533260345459
2002-04-03,8.435629844665527
2002-04-04,8.295038223266602
2002-04-05,8.474687576293945
2002-04-08,8.83398151397705
2002-04-09,9.013631820678711
2002-04-10,9.232329368591309
2002-04-11,9.076116561889648
2002-04-12,9.451032638549805
2002-04-15,9.318245887756348
2002-04-16,9.49008560180664
2002-04-17,9.365114212036133
2002-04-18,9.326059341430664
2002-04-19,9.240140914916992
2002-04-22,8.76368236541748
2002-04-23,8.65433120727539
2002-04-24,8.60746955871582
2002-04-25,8.748062133789062
2002-04-26,8.693387985229492
2002-04-29,8.474687576293945
2002-04-30,9.138599395751953
2002-05-01,8.888656616210938
2002-05-02,9.177654266357422
2002-05-03,9.240140914916992
2002-05-06,9.013631820678711
2002-05-07,9.240140914916992
2002-05-08,9.09954833984375
2002-05-09,9.69316577911377
2002-05-10,9.333868026733398
2002-05-13,9.497894287109375
2002-05-14,9.724409103393555
2002-05-15,9.747838973999023
2002-05-16,9.576006889343262
2002-05-17,9.240140914916992
2002-05-20,9.216710090637207
2002-05-21,8.98238468170166
2002-05-22,8.83398151397705
2002-05-23,9.052682876586914
2002-05-24,9.060493469238281
2002-05-28,8.77149486541748
2002-05-29,8.66995620727539
2002-05-30,8.466876029968262
2002-05-31,8.240362167358398
2002-06-03,7.576452255249023
2002-06-04,7.381176471710205
2002-06-05,7.404609203338623
2002-06-06,7.1312336921691895
2002-06-07,7.318689823150635
2002-06-10,7.5139594078063965
2002-06-11,7.4983391761779785
2002-06-12,7.529584884643555
2002-06-13,7.693607807159424
2002-06-14,7.443665504455566
2002-06-17,7.373363971710205
2002-06-18,7.873258113861084
2002-06-19,7.9123101234436035
2002-06-20,7.740476608276367
2002-06-21,7.888876914978027
2002-06-24,7.787339687347412
2002-06-25,7.888876914978027
2002-06-26,7.802961826324463
2002-06-27,8.091955184936523
2002-06-28,8.271605491638184
2002-07-01,7.966984748840332
2002-07-02,7.701418876647949
2002-07-03,7.717040538787842
2002-07-05,8.013854026794434
2002-07-08,7.7717156410217285
2002-07-09,7.7951483726501465
2002-07-10,7.826391696929932
2002-07-11,7.615503311157227
2002-07-12,7.4983391761779785
2002-07-15,7.05312442779541
2002-07-16,6.561047077178955
2002-07-17,6.475128173828125
2002-07-18,6.3735880851745605
2002-07-19,6.248617172241211
2002-07-22,5.764349937438965
2002-07-23,5.467539310455322
2002-07-24,5.498782634735107
2002-07-25,5.116055011749268
2002-07-26,5.779969692230225
2002-07-29,6.365776538848877
2002-07-30,6.318912982940674
2002-07-31,6.186129093170166
2002-08-01,6.029914855957031
2002-08-02,5.608134746551514
2002-08-05,5.405052185058594
2002-08-06,5.764349937438965
2002-08-07,5.834646224975586
2002-08-08,5.701862812042236
2002-08-09,5.936184406280518
2002-08-12,5.9986724853515625
2002-08-13,5.647186756134033
2002-08-14,5.779969692230225
2002-08-15,5.936184406280518
2002-08-16,6.1392669677734375
2002-08-19,6.5532355308532715
2002-08-20,6.318912982940674
2002-08-21,6.584478378295898
2002-08-22,6.561047077178955
2002-08-23,6.52199125289917
2002-08-26,6.52199125289917
2002-08-27,6.3892107009887695
2002-08-28,6.068968772888184
2002-08-29,5.740916728973389
2002-08-30,6.053348064422607
2002-09-03,5.779969692230225
2002-09-04,5.795591831207275
2002-09-05,5.490971565246582
2002-09-06,5.56907844543457
2002-09-09,5.764349937438965
2002-09-10,6.09240198135376
2002-09-11,5.936184406280518
2002-09-12,5.779969692230225
2002-09-13,5.764349937438965
2002-09-16,5.60032320022583
2002-09-17,5.584699630737305
2002-09-18,5.5456461906433105
2002-09-19,4.959838390350342
2002-09-20,5.077001094818115
2002-09-23,4.998893737792969
2002-09-24,4.959838390350342
2002-09-25,4.881731986999512
2002-09-26,5.077001094818115
2002-09-27,5.006702423095703
2002-09-30,5.0535688400268555
2002-10-01,5.5456461906433105
2002-10-02,4.374031066894531
2002-10-03,4.975460052490234
2002-10-04,4.928596496582031
2002-10-07,4.881731986999512
2002-10-08,4.725516319274902
2002-10-09,4.217814922332764
2002-10-10,4.374031066894531
2002-10-11,4.678651332855225
2002-10-14,4.6083550453186035
2002-10-15,5.233216762542725
2002-10-16,4.9832682609558105
2002-10-17,5.030135154724121
2002-10-18,4.928596496582031
2002-10-21,4.998893737792969
2002-10-22,4.920785427093506
2002-10-23,4.9832682609558105
2002-10-24,4.7801899909973145
2002-10-25,4.889541149139404
2002-10-28,5.116055011749268
2002-10-29,5.155107498168945
2002-10-30,5.084811210632324
2002-10-31,5.264458179473877
2002-11-01,5.490971565246582
2002-11-04,5.748727798461914
2002-11-05,5.662808895111084
2002-11-06,5.975240230560303
2002-11-07,5.631565570831299
2002-11-08,5.506592273712158
2002-11-11,5.217593669891357
2002-11-12,5.311323642730713
2002-11-13,5.553456783294678
2002-11-14,5.834646224975586
2002-11-15,5.779969692230225
2002-11-18,5.467539310455322
2002-11-19,5.779969692230225
2002-11-20,5.8268351554870605
2002-11-21,6.217371940612793
2002-11-22,6.2642388343811035
2002-11-25,6.217371940612793
2002-11-26,6.147077560424805
2002-11-27,6.850046157836914
2002-11-29,6.998449325561523
2002-12-02,6.693828582763672
2002-12-03,6.3735880851745605
2002-12-04,6.209564685821533
2002-12-05,6.326723575592041
2002-12-06,6.248617172241211
2002-12-09,5.943996429443359
2002-12-10,6.287670135498047
2002-12-11,6.084589004516602
2002-12-12,6.248617172241211
2002-12-13,5.928374290466309
2002-12-16,6.17050838470459
2002-12-17,6.17050838470459
2002-12-18,6.006481647491455
2002-12-19,6.248617172241211
2002-12-20,6.178318977355957
2002-12-23,6.443887233734131
2002-12-24,6.326723575592041
2002-12-26,6.3813982009887695
2002-12-27,6.225183963775635
2002-12-30,6.287670135498047
2002-12-31,6.2954816818237305
2003-01-02,6.498560905456543
2003-01-03,6.443887233734131
2003-01-06,6.654776096343994
2003-01-07,6.529803276062012
2003-01-08,6.3892107009887695
2003-01-09,6.623531818389893
2003-01-10,6.662587642669678
2003-01-13,6.709449291229248
2003-01-14,6.600100994110107
2003-01-15,6.17050838470459
2003-01-16,6.537614822387695
2003-01-17,6.326723575592041
2003-01-21,6.248617172241211
2003-01-22,6.09240198135376
2003-01-23,6.248617172241211
2003-01-24,5.897130012512207
2003-01-27,5.819024085998535
2003-01-28,5.779969692230225
2003-01-29,5.959616661071777
2003-01-30,5.701862812042236
2003-01-31,5.701862812042236
2003-02-03,6.09240198135376
2003-02-04,6.287670135498047
2003-02-05,6.428264617919922
2003-02-06,6.764125347137451
2003-02-07,6.4048309326171875
2003-02-10,6.678206920623779
2003-02-11,6.701641082763672
2003-02-12,6.646966934204102
2003-02-13,6.717263698577881
2003-02-14,6.584478378295898
2003-02-18,6.842235565185547
2003-02-19,6.717263698577881
2003-02-20,6.592288494110107
2003-02-21,6.88909912109375
2003-02-24,6.693828582763672
2003-02-25,6.693828582763672
2003-02-26,6.873477935791016
2003-02-27,7.084368705749512
2003-02-28,6.803183078765869
2003-03-03,6.896909236907959
2003-03-04,6.52199125289917
2003-03-05,6.904721260070801
2003-03-06,6.764125347137451
2003-03-07,6.4048309326171875
2003-03-10,6.12364387512207
2003-03-11,6.068968772888184
2003-03-12,6.209564685821533
2003-03-13,6.482937812805176
2003-03-14,6.225183963775635
2003-03-17,6.678206920623779
2003-03-18,6.834424018859863
2003-03-19,6.850046157836914
2003-03-20,6.795370578765869
2003-03-21,7.00626277923584
2003-03-24,6.498560905456543
2003-03-25,6.639155864715576
2003-03-26,6.451694965362549
2003-03-27,6.467316627502441
2003-03-28,6.3892107009887695
2003-03-31,6.19394063949585
2003-04-01,6.498560905456543
2003-04-02,6.3813982009887695
2003-04-03,6.326723575592041
2003-04-04,6.25642728805542
2003-04-07,6.490750312805176
2003-04-08,6.27985954284668
2003-04-09,6.4048309326171875
2003-04-10,6.342344760894775
2003-04-11,6.303290367126465
2003-04-14,6.475128173828125
2003-04-15,6.615723133087158
2003-04-16,6.4048309326171875
2003-04-17,6.443887233734131
2003-04-21,6.420452117919922
2003-04-22,6.826613426208496
2003-04-23,6.732884407043457
2003-04-24,6.717263698577881
2003-04-25,6.3892107009887695
2003-04-28,6.443887233734131
2003-04-29,6.350156307220459
2003-04-30,6.311102867126465
2003-05-01,6.365776538848877
2003-05-02,6.443887233734131
2003-05-05,6.342344760894775
2003-05-06,6.326723575592041
2003-05-07,6.318912982940674
2003-05-08,6.3813982009887695
2003-05-09,6.436074256896973
2003-05-12,6.443887233734131
2003-05-13,6.779748916625977
2003-05-14,6.74850606918335
2003-05-15,7.00626277923584
2003-05-16,6.912530899047852
2003-05-19,6.482937812805176
2003-05-20,6.467316627502441
2003-05-21,6.623531818389893
2003-05-22,6.732884407043457
2003-05-23,6.662587642669678
2003-05-27,6.990638732910156
2003-05-28,7.115612983703613
2003-05-29,7.396800518035889
2003-05-30,7.529584884643555
2003-06-02,7.693607807159424
2003-06-03,7.646744728088379
2003-06-04,8.201308250427246
2003-06-05,8.349713325500488
2003-06-06,8.09976577758789
2003-06-09,7.888876914978027
2003-06-10,8.334091186523438
2003-06-11,8.248175621032715
2003-06-12,8.388769149780273
2003-06-13,8.209122657775879
2003-06-16,8.466876029968262
2003-06-17,8.466876029968262
2003-06-18,8.404388427734375
2003-06-19,8.36533260345459
2003-06-20,8.513737678527832
2003-06-23,8.443443298339844
2003-06-24,8.248175621032715
2003-06-25,8.42782211303711
2003-06-26,8.60746955871582
2003-06-27,8.716816902160645
2003-06-30,8.466876029968262
2003-07-01,8.584037780761719
2003-07-02,8.724631309509277
2003-07-03,8.568413734436035
2003-07-07,8.86522388458252
2003-07-08,8.818359375
2003-07-09,9.318245887756348
2003-07-10,9.083927154541016
2003-07-11,9.31043529510498
2003-07-14,9.271384239196777
2003-07-15,9.232329368591309
2003-07-16,9.247955322265625
2003-07-17,9.240140914916992
2003-07-18,9.31043529510498
2003-07-21,9.38854694366455
2003-07-22,9.302626609802246
2003-07-23,9.216710090637207
2003-07-24,9.419790267944336
2003-07-25,9.708785057067871
2003-07-28,9.568193435668945
2003-07-29,8.755874633789062
2003-07-30,9.177654266357422
2003-07-31,9.49008560180664
2003-08-01,9.466655731201172
2003-08-04,9.294815063476562
2003-08-05,8.99019718170166
2003-08-06,9.333868026733398
2003-08-07,9.208898544311523
2003-08-08,9.396355628967285
2003-08-11,9.411977767944336
2003-08-12,9.49008560180664
2003-08-13,9.411977767944336
2003-08-14,9.974353790283203
2003-08-15,9.919676780700684
2003-08-18,9.935297966003418
2003-08-19,10.364892959594727
2003-08-20,10.32583999633789
2003-08-21,10.083703994750977
2003-08-22,9.779082298278809
2003-08-25,9.841570854187012
2003-08-26,10.052460670471191
2003-08-27,10.208673477172852
2003-08-28,10.411754608154297
2003-08-29,10.271162986755371
2003-09-02,10.802294731140137
2003-09-03,10.997565269470215
2003-09-04,10.896027565002441
2003-09-05,10.685133934020996
2003-09-08,10.935078620910645
2003-09-09,11.013184547424316
2003-09-10,11.013184547424316
2003-09-11,10.700756072998047
2003-09-12,11.052239418029785
2003-09-15,11.270940780639648
2003-09-16,11.677103042602539
2003-09-17,11.505264282226562
2003-09-18,11.622430801391602
2003-09-19,11.364672660827637
2003-09-22,11.255316734313965
2003-09-23,11.606804847717285
2003-09-24,11.263131141662598
2003-09-25,10.85697078704834
2003-09-26,10.450810432434082
2003-09-29,10.896027565002441
2003-09-30,10.763238906860352
2003-10-01,11.091292381286621
2003-10-02,11.224075317382812
2003-10-03,11.434966087341309
2003-10-06,11.69272232055664
2003-10-07,11.536506652832031
2003-10-08,12.122319221496582
2003-10-09,12.091073989868164
2003-10-10,12.18480396270752
2003-10-13,12.497234344482422
2003-10-14,12.879961013793945
2003-10-15,12.887774467468262
2003-10-16,13.012740135192871
2003-10-17,13.04398250579834
2003-10-20,13.114283561706543
2003-10-21,13.106471061706543
2003-10-22,12.973694801330566
2003-10-23,13.278311729431152
2003-10-24,13.33298397064209
2003-10-27,13.661039352416992
2003-10-28,14.028143882751465
2003-10-29,14.262467384338379
2003-10-30,14.801410675048828
2003-10-31,14.856086730957031
2003-11-03,14.863903045654297
2003-11-04,14.918573379516602
2003-11-05,13.903170585632324
2003-11-06,14.41087532043457
2003-11-07,14.41087532043457
2003-11-10,13.825061798095703
2003-11-11,13.426712036132812
2003-11-12,13.668848037719727
2003-11-13,13.512636184692383
2003-11-14,13.793818473815918
2003-11-17,13.590741157531738
2003-11-18,13.661039352416992
2003-11-19,13.715713500976562
2003-11-20,13.621984481811523
2003-11-21,13.840683937072754
2003-11-24,13.661039352416992
2003-11-25,14.028143882751465
2003-11-26,14.17654800415039
2003-11-28,14.12968635559082
2003-12-01,14.809218406677246
2003-12-02,14.918573379516602
2003-12-03,14.731110572814941
2003-12-04,14.66862678527832
2003-12-05,14.082818984985352
2003-12-08,14.10624885559082
2003-12-09,14.098442077636719
2003-12-10,13.536065101623535
2003-12-11,13.645413398742676
2003-12-12,13.473579406738281
2003-12-15,13.28611946105957
2003-12-16,13.28611946105957
2003-12-17,13.543874740600586
2003-12-18,13.301740646362305
2003-12-19,13.551689147949219
2003-12-22,13.684471130371094
2003-12-23,13.903170585632324
2003-12-24,13.871928215026855
2003-12-26,13.981277465820312
2003-12-29,14.10624885559082
2003-12-30,14.17654800415039
2003-12-31,13.965656280517578
2004-01-02,14.285901069641113
2004-01-05,14.824836730957031
2004-01-06,14.754539489746094
2004-01-07,14.910758018493652
2004-01-08,14.692062377929688
2004-01-09,14.684244155883789
2004-01-12,15.621543884277344
2004-01-13,15.801186561584473
2004-01-14,16.15266990661621
2004-01-15,15.715275764465332
2004-01-16,16.15266990661621
2004-01-20,16.5197811126709
2004-01-21,16.44948387145996
2004-01-22,16.168289184570312
2004-01-23,16.058942794799805
2004-01-26,17.441452026367188
2004-01-27,17.0665340423584
2004-01-28,16.613510131835938
2004-01-29,16.168289184570312
2004-01-30,16.613510131835938
2004-02-02,16.402616500854492
2004-02-03,16.886886596679688
2004-02-04,16.44948387145996
2004-02-05,17.449262619018555
2004-02-06,17.98039436340332
2004-02-09,18.027263641357422
2004-02-10,18.199460983276367
2004-02-11,18.59868049621582
2004-02-12,18.543888092041016
2004-02-13,18.356029510498047
2004-02-17,18.457788467407227
2004-02-18,19.02920150756836
2004-02-19,18.676959991455078
2004-02-20,18.590852737426758
2004-02-23,18.496925354003906
2004-02-24,18.794374465942383
2004-02-25,19.17793846130371
2004-02-26,19.16227912902832
2004-02-27,19.357969284057617
2004-03-01,19.725873947143555
2004-03-02,19.584978103637695
2004-03-03,19.404937744140625
2004-03-04,19.94505500793457
2004-03-05,19.608455657958984
2004-03-08,19.420589447021484
2004-03-09,18.849166870117188
2004-03-10,17.98812484741211
2004-03-11,17.80808448791504
2004-03-12,18.3873291015625
2004-03-15,18.074228286743164
2004-03-16,18.402990341186523
2004-03-17,18.786540985107422
2004-03-18,18.645645141601562
2004-03-19,18.356029510498047
2004-03-22,17.55759620666504
2004-03-23,17.92549705505371
2004-03-24,18.277748107910156
2004-03-25,18.708267211914062
2004-03-26,19.107486724853516
2004-03-29,19.616287231445312
2004-03-30,20.156404495239258
2004-03-31,20.195531845092773
2004-04-01,20.594755172729492
2004-04-02,20.719993591308594
2004-04-05,20.798274993896484
2004-04-06,20.547786712646484
2004-04-07,20.61823272705078
2004-04-08,20.61823272705078
2004-04-12,20.837413787841797
2004-04-13,20.17205810546875
2004-04-14,20.17205810546875
2004-04-15,20.06246566772461
2004-04-16,20.743478775024414
2004-04-19,20.85306739807129
2004-04-20,20.17205810546875
2004-04-21,19.631942749023438
2004-04-22,20.90786361694336
2004-04-23,20.78261947631836
2004-04-26,20.219022750854492
2004-04-27,20.352092742919922
2004-04-28,18.99006462097168
2004-04-29,19.02920150756836
2004-04-30,18.465606689453125
2004-05-03,18.426475524902344
2004-05-04,18.82568359375
2004-05-05,18.872655868530273
2004-05-06,18.708267211914062
2004-05-07,17.36972999572754
2004-05-10,17.01747703552246
2004-05-11,17.714153289794922
2004-05-12,17.15838623046875
2004-05-13,17.445072174072266
2004-05-14,17.476491928100586
2004-05-17,16.9895076751709
2004-05-18,17.280128479003906
2004-05-19,17.27227783203125
2004-05-20,17.327253341674805
2004-05-21,17.594310760498047
2004-05-24,17.633586883544922
2004-05-25,18.41904640197754
2004-05-26,18.324787139892578
2004-05-27,18.536861419677734
2004-05-28,18.14412498474121
2004-06-01,18.48188018798828
2004-06-02,18.529006958007812
2004-06-03,18.261947631835938
2004-06-04,18.5132999420166
2004-06-07,19.36159896850586
2004-06-08,19.03169822692871
2004-06-09,18.450462341308594
2004-06-10,18.945308685302734
2004-06-14,18.02631187438965
2004-06-15,18.199113845825195
2004-06-16,18.00274658203125
2004-06-17,18.38762855529785
2004-06-18,17.869224548339844
2004-06-21,17.492202758789062
2004-06-22,17.86136817932129
2004-06-23,17.35081672668457
2004-06-24,17.26441764831543
2004-06-25,17.672853469848633
2004-06-28,18.089143753051758
2004-06-29,18.151988983154297
2004-06-30,18.57613754272461
2004-07-01,18.348350524902344
2004-07-02,18.2855167388916
2004-07-06,18.199113845825195
2004-07-07,18.364059448242188
2004-07-08,17.476491928100586
2004-07-09,17.35081672668457
2004-07-12,17.280128479003906
2004-07-13,17.358673095703125
2004-07-14,16.98165512084961
2004-07-15,17.26441764831543
2004-07-16,17.256559371948242
2004-07-19,17.476491928100586
2004-07-20,17.555034637451172
2004-07-21,17.146596908569336
2004-07-22,17.091617584228516
2004-07-23,16.84026336669922
2004-07-26,16.78529167175293
2004-07-27,17.170156478881836
2004-07-28,18.364059448242188
2004-07-29,18.411190032958984
2004-07-30,18.59970474243164
2004-08-02,18.851041793823242
2004-08-03,18.505447387695312
2004-08-04,18.46617317199707
2004-08-05,18.097007751464844
2004-08-06,17.798532485961914
2004-08-09,17.86136817932129
2004-08-10,18.199113845825195
2004-08-11,17.947771072387695
2004-08-12,17.743547439575195
2004-08-13,17.920866012573242
2004-08-16,18.48040199279785
2004-08-17,18.64590072631836
2004-08-18,18.89020538330078
2004-08-19,19.016294479370117
2004-08-20,19.236953735351562
2004-08-23,19.22907257080078
2004-08-24,19.58371353149414
2004-08-25,19.25272560119629
2004-08-26,19.591594696044922
2004-08-27,19.552181243896484
2004-08-30,19.473371505737305
2004-08-31,19.465490341186523
2004-09-01,19.94622230529785
2004-09-02,20.48999786376953
2004-09-03,20.080198287963867
2004-09-07,20.111713409423828
2004-09-08,20.143239974975586
2004-09-09,20.395418167114258
2004-09-10,20.300857543945312
2004-09-13,20.48999786376953
2004-09-14,20.426950454711914
2004-09-15,20.292980194091797
2004-09-16,20.19840431213379
2004-09-17,20.0959529876709
2004-09-20,20.474231719970703
2004-09-21,20.85251235961914
2004-09-22,20.32449722290039
2004-09-23,20.19840431213379
2004-09-24,19.859527587890625
2004-09-27,19.567943572998047
2004-09-28,19.835893630981445
2004-09-29,20.040794372558594
2004-09-30,20.450590133666992
2004-10-01,20.48999786376953
2004-10-04,21.19137954711914
2004-10-05,21.167739868164062
2004-10-06,21.829723358154297
2004-10-07,21.67999267578125
2004-10-08,21.790319442749023
2004-10-11,21.963699340820312
2004-10-12,22.058265686035156
2004-10-13,20.93131446838379
2004-10-14,20.828872680664062
2004-10-15,20.32449722290039
2004-10-18,19.536420822143555
2004-10-19,19.236953735351562
2004-10-20,19.323646545410156
2004-10-21,19.552181243896484
2004-10-22,19.134502410888672
2004-10-25,19.292118072509766
2004-10-26,19.717679977416992
2004-10-27,19.063579559326172
2004-10-28,19.095094680786133
2004-10-29,19.315759658813477
2004-11-01,19.418212890625
2004-11-02,18.86655616760254
2004-11-03,19.00841522216797
2004-11-04,19.26059341430664
2004-11-05,19.465490341186523
2004-11-08,19.33940315246582
2004-11-09,19.717679977416992
2004-11-10,19.89105987548828
2004-11-11,19.725555419921875
2004-11-12,19.899635314941406
2004-11-15,19.860061645507812
2004-11-16,19.61478614807129
2004-11-17,19.955020904541016
2004-11-18,19.678085327148438
2004-11-19,19.670175552368164
2004-11-22,20.160736083984375
2004-11-23,19.63852310180664
2004-11-24,19.860061645507812
2004-11-26,19.685993194580078
2004-11-29,19.670175552368164
2004-11-30,19.361591339111328
2004-12-01,21.339683532714844
2004-12-02,21.42672348022461
2004-12-03,21.561227798461914
2004-12-06,21.165611267089844
2004-12-07,20.706695556640625
2004-12-08,20.532625198364258
2004-12-09,20.508882522583008
2004-12-10,20.588010787963867
2004-12-13,21.054840087890625
2004-12-14,21.189348220825195
2004-12-15,21.197267532348633
2004-12-16,20.746259689331055
2004-12-17,20.611745834350586
2004-12-20,20.675046920776367
2004-12-21,20.675046920776367
2004-12-22,20.706695556640625
2004-12-23,20.880765914916992
2004-12-27,20.651308059692383
2004-12-28,20.769994735717773
2004-12-29,21.236825942993164
2004-12-30,21.007366180419922
2004-12-31,21.157695770263672
2005-01-03,20.706695556640625
2005-01-04,20.39020347595215
2005-01-05,19.83632469177246
2005-01-06,20.184480667114258
2005-01-07,20.38228988647461
2005-01-10,20.595924377441406
2005-01-11,20.47723388671875
2005-01-12,20.287338256835938
2005-01-13,20.224040985107422
2005-01-14,20.160736083984375
2005-01-18,20.374380111694336
2005-01-19,20.62757110595703
2005-01-20,20.247779846191406
2005-01-21,19.955020904541016
2005-01-24,19.58313751220703
2005-01-25,19.899635314941406
2005-01-26,19.85216522216797
2005-01-27,20.00249671936035
2005-01-28,20.121183395385742
2005-01-31,20.255693435668945
2005-02-01,20.872861862182617
2005-02-02,21.039016723632812
2005-02-03,20.872861862182617
2005-02-04,21.751134872436523
2005-02-07,21.157695770263672
2005-02-08,20.493059158325195
2005-02-09,20.508882522583008
2005-02-10,20.318252563476562
2005-02-11,20.302366256713867
2005-02-14,20.81072425842285
2005-02-15,21.128442764282227
2005-02-16,21.477937698364258
2005-02-17,20.882200241088867
2005-02-18,20.89014434814453
2005-02-22,20.48505401611328
2005-02-23,20.715402603149414
2005-02-24,20.89014434814453
2005-02-25,21.144332885742188
2005-02-28,20.866321563720703
2005-03-01,20.635971069335938
2005-03-02,20.61214828491211
2005-03-03,21.025178909301758
2005-03-04,22.629669189453125
2005-03-07,22.677331924438477
2005-03-08,22.200746536254883
2005-03-09,21.94657325744629
2005-03-10,21.525588989257812
2005-03-11,21.867143630981445
2005-03-14,21.930688858032227
2005-03-15,21.59708023071289
2005-03-16,21.239643096923828
2005-03-17,21.43027687072754
2005-03-18,21.366737365722656
2005-03-21,21.025178909301758
2005-03-22,20.786893844604492
2005-03-23,20.31031608581543
2005-03-24,20.453285217285156
2005-03-28,20.278533935546875
2005-03-29,19.460411071777344
2005-03-30,20.103790283203125
2005-03-31,19.968759536743164
2005-04-01,20.11967658996582
2005-04-04,19.722524642944336
2005-04-05,19.66692543029785
2005-04-06,19.714590072631836
2005-04-07,20.15145492553711
2005-04-08,19.333314895629883
2005-04-11,19.23005485534668
2005-04-12,19.06325340270996
2005-04-13,18.2451171875
2005-04-14,18.213348388671875
2005-04-15,18.157756805419922
2005-04-18,18.832916259765625
2005-04-19,19.00765609741211
2005-04-20,18.928226470947266
2005-04-21,19.10297393798828
2005-04-22,18.856735229492188
2005-04-25,18.86467742919922
2005-04-26,18.467529296875
2005-04-27,19.19034194946289
2005-04-28,19.09503173828125
2005-04-29,19.539838790893555
2005-05-02,19.261831283569336
2005-05-03,19.34920883178711
2005-05-04,19.674869537353516
2005-05-05,19.611324310302734
2005-05-06,19.325376510620117
2005-05-09,19.64309310913086
2005-05-10,19.64309310913086
2005-05-11,19.57954978942871
2005-05-12,18.99176597595215
2005-05-13,18.84405517578125
2005-05-16,19.075599670410156
2005-05-17,18.947851181030273
2005-05-18,19.410964965820312
2005-05-19,19.434919357299805
2005-05-20,19.49081802368164
2005-05-23,19.578643798828125
2005-05-24,19.498804092407227
2005-05-25,19.578643798828125
2005-05-26,19.961917877197266
2005-05-27,20.033777236938477
2005-05-31,20.10564422607422
2005-06-01,20.38510513305664
2005-06-02,19.92997932434082
2005-06-03,19.921998977661133
2005-06-06,20.169519424438477
2005-06-07,20.16153907775879
2005-06-08,19.91400909423828
2005-06-09,18.87598991394043
2005-06-10,19.09157371520996
2005-06-13,19.179407119750977
2005-06-14,19.299177169799805
2005-06-15,19.147472381591797
2005-06-16,19.243288040161133
2005-06-17,19.0676212310791
2005-06-20,19.466859817504883
2005-06-21,20.792329788208008
2005-06-22,20.281309127807617
2005-06-23,19.770282745361328
2005-06-24,19.730361938476562
2005-06-27,19.52276039123535
2005-06-28,19.842144012451172
2005-06-29,19.882068634033203
2005-06-30,19.62655258178711
2005-07-01,19.53074073791504
2005-07-05,19.858118057250977
2005-07-06,19.466859817504883
2005-07-07,19.642528533935547
2005-07-08,19.906023025512695
2005-07-11,19.53074073791504
2005-07-12,19.65052032470703
2005-07-13,19.57066535949707
2005-07-14,19.738346099853516
2005-07-15,19.52276039123535
2005-07-18,19.434919357299805
2005-07-19,20.153547286987305
2005-07-20,20.329219818115234
2005-07-21,19.961917877197266
2005-07-22,20.153547286987305
2005-07-25,19.898035049438477
2005-07-26,19.810205459594727
2005-07-27,21.151641845703125
2005-07-28,21.39917755126953
2005-07-29,21.415142059326172
2005-08-01,20.92807960510254
2005-08-02,21.175601959228516
2005-08-03,20.99993133544922
2005-08-04,20.377124786376953
2005-08-05,20.78434944152832
2005-08-08,20.20146369934082
2005-08-09,20.04974937438965
2005-08-10,19.91400909423828
2005-08-11,20.20146369934082
2005-08-12,19.706403732299805
2005-08-15,19.638187408447266
2005-08-16,19.277042388916016
2005-08-17,19.34926986694336
2005-08-18,19.164688110351562
2005-08-19,19.140613555908203
2005-08-22,19.204818725585938
2005-08-23,19.12456512451172
2005-08-24,19.164688110351562
2005-08-25,19.54189109802246
2005-08-26,19.469654083251953
2005-08-29,19.702394485473633
2005-08-30,19.557937622070312
2005-08-31,20.29627227783203
2005-09-01,20.617292404174805
2005-09-02,20.938304901123047
2005-09-06,21.187091827392578
2005-09-07,21.02659034729004
2005-09-08,20.86608123779297
2005-09-09,21.082763671875
2005-09-12,21.050661087036133
2005-09-13,21.25931739807129
2005-09-14,21.35562515258789
2005-09-15,20.962385177612305
2005-09-16,21.700725555419922
2005-09-19,21.59638786315918
2005-09-20,21.227222442626953
2005-09-21,21.1790714263916
2005-09-22,22.0859375
2005-09-23,22.06186294555664
2005-09-26,21.708744049072266
2005-09-27,21.97358512878418
2005-09-28,21.79702377319336
2005-09-29,21.949508666992188
2005-09-30,22.222370147705078
2005-10-03,22.04581069946289
2005-10-04,21.732820510864258
2005-10-05,20.922256469726562
2005-10-06,20.561111450195312
2005-10-07,20.85002326965332
2005-10-10,20.585193634033203
2005-10-11,20.240093231201172
2005-10-12,19.99932861328125
2005-10-13,19.846847534179688
2005-10-14,20.143789291381836
2005-10-17,20.5209903717041
2005-10-18,20.21601676940918
2005-10-19,20.3283748626709
2005-10-20,20.031435012817383
2005-10-21,20.256141662597656
2005-10-24,20.280221939086914
2005-10-25,20.23206901550293
2005-10-26,20.19997215270996
2005-10-27,19.991308212280273
2005-10-28,19.92710304260254
2005-10-31,20.007356643676758
2005-11-01,20.079591751098633
2005-11-02,20.34442710876465
2005-11-03,20.288249969482422
2005-11-04,19.943153381347656
2005-11-07,20.40862464904785
2005-11-08,20.27219581604004
2005-11-09,20.248125076293945
2005-11-10,20.063535690307617
2005-11-11,20.352453231811523
2005-11-14,21.323528289794922
2005-11-15,21.323528289794922
2005-11-16,21.480758666992188
2005-11-17,21.714597702026367
2005-11-18,21.835546493530273
2005-11-21,21.956499099731445
2005-11-22,21.96455955505371
2005-11-23,21.803293228149414
2005-11-25,21.89198875427246
2005-11-28,21.464641571044922
2005-11-29,21.42432403564453
2005-11-30,21.746850967407227
2005-12-01,22.12583351135254
2005-12-02,22.28709602355957
2005-12-05,22.811214447021484
2005-12-06,22.633821487426758
2005-12-07,22.21452522277832
2005-12-08,21.916173934936523
2005-12-09,21.75491714477539
2005-12-12,21.819425582885742
2005-12-13,21.900053024291992
2005-12-14,21.52914047241211
2005-12-15,21.36787223815918
2005-12-16,21.53720474243164
2005-12-19,21.585582733154297
2005-12-20,21.77104377746582
2005-12-21,22.174205780029297
2005-12-22,22.391923904418945
2005-12-23,22.609636306762695
2005-12-27,22.09357452392578
2005-12-28,22.456430435180664
2005-12-29,22.35161018371582
2005-12-30,22.1500186920166
2006-01-03,22.262907028198242
2006-01-04,22.609636306762695
2006-01-05,22.569313049316406
2006-01-06,22.57737922668457
2006-01-09,22.57737922668457
2006-01-10,22.561248779296875
2006-01-11,22.432231903076172
2006-01-12,22.1500186920166
2006-01-13,21.52914047241211
2006-01-17,21.577516555786133
2006-01-18,21.585582733154297
2006-01-19,22.117765426635742
2006-01-20,21.714597702026367
2006-01-23,21.77104377746582
2006-01-24,22.190340042114258
2006-01-25,22.21452522277832
2006-01-26,22.206459045410156
2006-01-27,23.27081871032715
2006-01-30,23.714305877685547
2006-01-31,23.74656105041504
2006-02-01,23.335330963134766
2006-02-02,23.125686645507812
2006-02-03,23.06117820739746
2006-02-06,23.359519958496094
2006-02-07,22.77896499633789
2006-02-08,21.956499099731445
2006-02-09,22.045194625854492
2006-02-10,22.029069900512695
2006-02-13,22.004745483398438
2006-02-14,22.361494064331055
2006-02-15,22.418243408203125
2006-02-16,22.58851432800293
2006-02-17,22.815526962280273
2006-02-21,22.758779525756836
2006-02-22,23.115516662597656
2006-02-23,23.066875457763672
2006-02-24,22.953367233276367
2006-02-27,23.220928192138672
2006-02-28,23.050662994384766
2006-03-01,22.69391441345215
2006-03-02,22.86417579650879
2006-03-03,22.750669479370117
2006-03-06,22.58851432800293
2006-03-07,22.264192581176758
2006-03-08,20.748031616210938
2006-03-09,20.610193252563477
2006-03-10,20.8291072845459
2006-03-13,21.056121826171875
2006-03-14,21.372331619262695
2006-03-15,21.60746192932129
2006-03-16,21.964210510253906
2006-03-17,21.720970153808594
2006-03-20,21.84259033203125
2006-03-21,21.380441665649414
2006-03-22,21.84259033203125
2006-03-23,21.972312927246094
2006-03-24,21.972312927246094
2006-03-27,22.369600296020508
2006-03-28,22.215547561645508
2006-03-29,22.60472297668457
2006-03-30,22.345279693603516
2006-03-31,22.05339813232422
2006-04-03,22.207435607910156
2006-04-04,22.620943069458008
2006-04-05,22.353389739990234
2006-04-06,22.580402374267578
2006-04-07,22.288515090942383
2006-04-10,22.63715934753418
2006-04-11,21.664209365844727
2006-04-12,21.558813095092773
2006-04-13,21.477737426757812
2006-04-17,21.193960189819336
2006-04-18,22.08582305908203
2006-04-19,22.13447380065918
2006-04-20,21.850692749023438
2006-04-21,21.81825828552246
2006-04-24,21.68853759765625
2006-04-25,21.518274307250977
2006-04-26,22.823637008666992
2006-04-27,22.742557525634766
2006-04-28,22.361494064331055
2006-05-01,22.86417579650879
2006-05-02,22.831745147705078
2006-05-03,22.839855194091797
2006-05-04,22.774988174438477
2006-05-05,23.147951126098633
2006-05-08,23.147951126098633
2006-05-09,23.164165496826172
2006-05-10,23.204708099365234
2006-05-11,22.40203285217285
2006-05-12,21.84259033203125
2006-05-15,21.76920509338379
2006-05-16,21.33708381652832
2006-05-17,20.65221405029297
2006-05-18,20.2200870513916
2006-05-19,20.171165466308594
2006-05-22,20.2200870513916
2006-05-23,20.057016372680664
2006-05-24,19.690122604370117
2006-05-25,20.073326110839844
2006-05-26,20.317922592163086
2006-05-30,19.975486755371094
2006-05-31,19.779815673828125
2006-06-01,20.146711349487305
2006-06-02,20.260852813720703
2006-06-05,19.429222106933594
2006-06-06,19.005252838134766
2006-06-07,18.467130661010742
2006-06-08,18.5405216217041
2006-06-09,18.499753952026367
2006-06-12,18.3040771484375
2006-06-13,17.65996742248535
2006-06-14,18.010555267333984
2006-06-15,18.516054153442383
2006-06-16,18.018705368041992
2006-06-19,17.798568725585938
2006-06-20,17.529510498046875
2006-06-21,17.643651962280273
2006-06-22,17.496898651123047
2006-06-23,17.44798469543457
2006-06-26,17.847488403320312
2006-06-27,17.374595642089844
2006-06-28,17.456134796142578
2006-06-29,18.23069190979004
2006-06-30,17.85563850402832
2006-07-03,17.880107879638672
2006-07-05,17.423519134521484
2006-07-06,17.121845245361328
2006-07-07,17.01585578918457
2006-07-10,16.75495719909668
2006-07-11,16.42066764831543
2006-07-12,16.494047164916992
2006-07-13,15.890706062316895
2006-07-14,16.21683692932129
2006-07-17,16.371746063232422
2006-07-18,16.477745056152344
2006-07-19,16.559268951416016
2006-07-20,16.045610427856445
2006-07-21,16.42881965637207
2006-07-24,16.926172256469727
2006-07-25,16.901708602905273
2006-07-26,16.608190536499023
2006-07-27,16.42881965637207
2006-07-28,16.494047164916992
2006-07-31,16.3065242767334
2006-08-01,16.176074981689453
2006-08-02,16.461441040039062
2006-08-03,16.461441040039062
2006-08-04,16.03746795654297
2006-08-07,15.98855209350586
2006-08-08,16.045610427856445
2006-08-09,15.939624786376953
2006-08-10,15.972241401672363
2006-08-11,15.80918025970459
2006-08-14,15.866246223449707
2006-08-15,15.931978225708008
2006-08-16,16.367462158203125
2006-08-17,16.30173110961914
2006-08-18,16.145610809326172
2006-08-21,15.792292594909668
2006-08-22,15.677264213562012
2006-08-23,15.644400596618652
2006-08-24,15.603318214416504
2006-08-25,15.923760414123535
2006-08-28,15.899106979370117
2006-08-29,15.85802936553955
2006-08-30,16.038789749145508
2006-08-31,16.071666717529297
2006-09-01,16.153833389282227
2006-09-05,15.80051326751709
2006-09-06,15.997714042663574
2006-09-07,15.75943374633789
2006-09-08,15.833381652832031
2006-09-11,15.71013355255127
2006-09-12,16.13739776611328
2006-09-13,16.071666717529297
2006-09-14,15.701912879943848
2006-09-15,15.611532211303711
2006-09-18,15.373252868652344
2006-09-19,15.307513236999512
2006-09-20,15.38968276977539
2006-09-21,15.200702667236328
2006-09-22,15.00350570678711
2006-09-25,15.323953628540039
2006-09-26,15.570452690124512
2006-09-27,15.6197509765625
2006-09-28,15.55401611328125
2006-09-29,15.422550201416016
2006-10-02,15.627965927124023
2006-10-03,15.422550201416016
2006-10-04,15.463631629943848
2006-10-05,15.447196006774902
2006-10-06,15.471847534179688
2006-10-09,15.833381652832031
2006-10-10,15.685482025146484
2006-10-11,15.529365539550781
2006-10-12,16.31816291809082
2006-10-13,17.082304000854492
2006-10-16,17.00013542175293
2006-10-17,16.679689407348633
2006-10-18,16.53179168701172
2006-10-19,16.62217140197754
2006-10-20,16.75363540649414
2006-10-23,16.49070930480957
2006-10-24,16.54000473022461
2006-10-25,16.45785140991211
2006-10-26,16.786502838134766
2006-10-27,16.687908172607422
2006-10-30,16.597530364990234
2006-10-31,16.252426147460938
2006-11-01,16.047014236450195
2006-11-02,16.17026138305664
2006-11-03,15.718344688415527
2006-11-06,15.751214981079102
2006-11-07,15.693700790405273
2006-11-08,15.685482025146484
2006-11-09,15.71013355255127
2006-11-10,15.767651557922363
2006-11-13,16.030576705932617
2006-11-14,16.605743408203125
2006-11-15,16.696796417236328
2006-11-16,17.044479370117188
2006-11-17,16.763019561767578
2006-11-20,16.671964645385742
2006-11-21,16.572628021240234
2006-11-22,16.539518356323242
2006-11-24,16.572628021240234
2006-11-27,16.258060455322266
2006-11-28,17.193477630615234
2006-11-29,17.135536193847656
2006-11-30,17.466651916503906
2006-12-01,17.599105834960938
2006-12-04,17.69843864440918
2006-12-05,17.789501190185547
2006-12-06,17.996450424194336
2006-12-07,18.27790069580078
2006-12-08,18.15373420715332
2006-12-11,18.046113967895508
2006-12-12,18.029569625854492
2006-12-13,18.06267547607422
2006-12-14,18.344131469726562
2006-12-15,18.344131469726562
2006-12-18,18.120620727539062
2006-12-19,17.872276306152344
2006-12-20,17.855724334716797
2006-12-21,17.6818790435791
2006-12-22,17.781227111816406
2006-12-26,17.888832092285156
2006-12-27,18.06267547607422
2006-12-28,17.913663864135742
2006-12-29,17.822612762451172
2007-01-03,18.14546012878418
2007-01-04,18.07923126220703
2007-01-05,18.070951461791992
2007-01-08,18.21168327331543
2007-01-09,18.344131469726562
2007-01-10,18.186851501464844
2007-01-11,18.70008087158203
2007-01-12,18.799421310424805
2007-01-16,18.865642547607422
2007-01-17,18.84908676147461
2007-01-18,18.708364486694336
2007-01-19,18.840810775756836
2007-01-22,18.94014549255371
2007-01-23,19.16365623474121
2007-01-24,19.31266212463379
2007-01-25,18.766313552856445
2007-01-26,18.708364486694336
2007-01-29,18.890478134155273
2007-01-30,19.03948402404785
2007-01-31,18.96498680114746
2007-02-01,19.03120231628418
2007-02-02,18.981536865234375
2007-02-05,18.890478134155273
2007-02-06,18.609024047851562
2007-02-07,18.484853744506836
2007-02-08,17.9053897857666
2007-02-09,17.582551956176758
2007-02-12,17.615663528442383
2007-02-13,17.732376098632812
2007-02-14,17.81574821472168
2007-02-15,17.674015045166016
2007-02-16,17.690690994262695
2007-02-20,17.84909439086914
2007-02-21,17.89077377319336
2007-02-22,17.607328414916992
2007-02-23,17.515615463256836
2007-02-26,17.807403564453125
2007-02-27,17.14879608154297
2007-02-28,17.207155227661133
2007-03-01,16.948719024658203
2007-03-02,16.790315628051758
2007-03-05,16.615243911743164
2007-03-06,16.715288162231445
2007-03-07,16.481853485107422
2007-03-08,16.756967544555664
2007-03-09,16.648588180541992
2007-03-12,16.506866455078125
2007-03-13,16.15671730041504
2007-03-14,16.390151977539062
2007-03-15,16.623577117919922
2007-03-16,16.29844093322754
2007-03-19,16.673606872558594
2007-03-20,16.973731994628906
2007-03-21,17.00707244873047
2007-03-22,17.29886245727539
2007-03-23,17.15713882446289
2007-03-26,17.315532684326172
2007-03-27,17.140459060668945
2007-03-28,17.08210563659668
2007-03-29,17.08210563659668
2007-03-30,16.7236270904541
2007-04-02,16.740299224853516
2007-04-03,16.82366943359375
2007-04-04,16.631921768188477
2007-04-05,16.38180923461914
2007-04-09,16.406822204589844
2007-04-10,16.698619842529297
2007-04-11,16.815322875976562
2007-04-12,17.14879608154297
2007-04-13,17.365554809570312
2007-04-16,17.290529251098633
2007-04-17,17.482276916503906
2007-04-18,17.407243728637695
2007-04-19,17.482276916503906
2007-04-20,17.490604400634766
2007-04-23,17.540632247924805
2007-04-24,17.28218650817871
2007-04-25,17.548965454101562
2007-04-26,17.307201385498047
2007-04-27,17.09044075012207
2007-04-30,16.431835174560547
2007-05-01,16.506866455078125
2007-05-02,16.673606872558594
2007-05-03,16.648588180541992
2007-05-04,16.681934356689453
2007-05-07,16.406822204589844
2007-05-08,16.6402587890625
2007-05-09,16.79865264892578
2007-05-10,16.38180923461914
2007-05-11,16.706947326660156
2007-05-14,16.715288162231445
2007-05-15,16.61449432373047
2007-05-16,16.564090728759766
2007-05-17,16.505294799804688
2007-05-18,16.60609245300293
2007-05-21,16.59769058227539
2007-05-22,16.66489028930664
2007-05-23,16.94207191467285
2007-05-24,16.94207191467285
2007-05-25,16.82448959350586
2007-05-29,17.000873565673828
2007-05-30,17.219263076782227
2007-05-31,17.219263076782227
2007-06-01,17.345258712768555
2007-06-04,17.110065460205078
2007-06-05,16.925275802612305
2007-06-06,16.799285888671875
2007-06-07,16.303695678710938
2007-06-08,16.396095275878906
2007-06-11,16.261707305908203
2007-06-12,16.076913833618164
2007-06-13,16.202911376953125
2007-06-14,16.177709579467773
2007-06-15,16.278501510620117
2007-06-18,16.354101181030273
2007-06-19,16.25330352783203
2007-06-20,16.312097549438477
2007-06-21,16.748882293701172
2007-06-22,16.522092819213867
2007-06-25,16.278501510620117
2007-06-26,15.900519371032715
2007-06-27,15.959318161010742
2007-06-28,16.144105911254883
2007-06-29,15.892123222351074
2007-07-02,16.068517684936523
2007-07-03,16.018117904663086
2007-07-05,16.00131607055664
2007-07-06,16.009719848632812
2007-07-09,15.858518600463867
2007-07-10,16.1273136138916
2007-07-11,16.202911376953125
2007-07-12,16.345699310302734
2007-07-13,16.60609245300293
2007-07-16,16.160903930664062
2007-07-17,16.068517684936523
2007-07-18,16.186111450195312
2007-07-19,16.202911376953125
2007-07-20,15.959318161010742
2007-07-23,15.976112365722656
2007-07-24,15.598135948181152
2007-07-25,15.505736351013184
2007-07-26,15.337740898132324
2007-07-27,15.74092960357666
2007-07-30,15.833324432373047
2007-07-31,15.556138038635254
2007-08-01,15.194952011108398
2007-08-02,15.060562133789062
2007-08-03,14.682576179504395
2007-08-06,14.7749662399292
2007-08-07,16.303695678710938
2007-08-08,16.98407554626465
2007-08-09,16.572492599487305
2007-08-10,15.715736389160156
2007-08-13,15.228548049926758
2007-08-14,14.606977462768555
2007-08-15,14.547669410705566
2007-08-16,14.666284561157227
2007-08-17,15.454251289367676
2007-08-20,15.683018684387207
2007-08-21,15.683018684387207
2007-08-22,16.055814743041992
2007-08-23,15.886357307434082
2007-08-24,16.098167419433594
2007-08-27,16.106645584106445
2007-08-28,15.555922508239746
2007-08-29,15.513553619384766
2007-08-30,15.683018684387207
2007-08-31,15.869410514831543
2007-09-04,16.149011611938477
2007-09-05,15.64912223815918
2007-09-06,15.572867393493652
2007-09-07,15.03908634185791
2007-09-10,14.708648681640625
2007-09-11,14.827272415161133
2007-09-12,14.717121124267578
2007-09-13,14.47988510131836
2007-09-14,14.217232704162598
2007-09-17,14.361270904541016
2007-09-18,14.776429176330566
2007-09-19,14.835741996765137
2007-09-20,14.386685371398926
2007-09-21,14.268068313598633
2007-09-24,14.098614692687988
2007-09-25,14.403630256652832
2007-09-26,14.437522888183594
2007-09-27,14.445995330810547
2007-09-28,14.378209114074707
2007-10-01,14.954358100891113
2007-10-02,14.75948429107666
2007-10-03,15.318685531616211
2007-10-04,15.479665756225586
2007-10-05,15.886357307434082
2007-10-08,15.674537658691406
2007-10-09,15.801627159118652
2007-10-10,15.106864929199219
2007-10-11,15.132286071777344
2007-10-12,15.174651145935059
2007-10-15,14.869627952575684
2007-10-16,14.471414566040039
2007-10-17,14.437522888183594
2007-10-18,14.606977462768555
2007-10-19,14.437522888183594
2007-10-22,14.530718803405762
2007-10-23,14.132508277893066
2007-10-24,14.09013843536377
2007-10-25,13.819012641906738
2007-10-26,13.700394630432129
2007-10-29,12.988688468933105
2007-10-30,14.429046630859375
2007-10-31,13.946104049682617
2007-11-01,13.700394630432129
2007-11-02,13.64955997467041
2007-11-05,13.65803050994873
2007-11-06,13.5733060836792
2007-11-07,13.403849601745605
2007-11-08,13.725813865661621
2007-11-09,13.717339515686035
2007-11-12,13.946104049682617
2007-11-13,14.098614692687988
2007-11-14,13.884866714477539
2007-11-15,13.3804292678833
2007-11-16,13.448827743530273
2007-11-19,13.200883865356445
2007-11-20,13.166683197021484
2007-11-21,12.363004684448242
2007-11-23,12.363004684448242
2007-11-26,11.824365615844727
2007-11-27,11.576420783996582
2007-11-28,12.226207733154297
2007-11-29,12.773394584655762
2007-11-30,13.149584770202637
2007-12-03,12.78194522857666
2007-12-04,12.439952850341797
2007-12-05,12.841792106628418
2007-12-06,13.346230506896973
2007-12-07,13.654023170471191
2007-12-10,14.021665573120117
2007-12-11,13.269282341003418
2007-12-12,12.824692726135254
2007-12-13,12.679348945617676
2007-12-14,12.08085823059082
2007-12-17,11.550771713256836
2007-12-18,11.884215354919434
2007-12-19,11.86711597442627
2007-12-20,12.140707969665527
2007-12-21,12.345907211303711
2007-12-24,12.858893394470215
2007-12-26,12.268957138061523
2007-12-27,11.781617164611816
2007-12-28,11.619171142578125
2007-12-31,11.696122169494629
2008-01-02,11.225882530212402
2008-01-03,11.174581527709961
2008-01-04,10.635943412780762
2008-01-07,10.90098762512207
2008-01-08,10.678694725036621
2008-01-09,10.781292915344238
2008-01-10,11.40542984008789
2008-01-11,11.21733283996582
2008-01-14,11.371227264404297
2008-01-15,11.490926742553711
2008-01-16,11.627718925476074
2008-01-17,11.251530647277832
2008-01-18,11.61062240600586
2008-01-22,11.533672332763672
2008-01-23,11.790168762207031
2008-01-24,12.183457374572754
2008-01-25,12.200555801391602
2008-01-28,12.790492057800293
2008-01-29,13.27783203125
2008-01-30,12.38010311126709
2008-01-31,13.055538177490234
2008-02-01,12.773394584655762
2008-02-04,11.978264808654785
2008-02-05,11.465276718139648
2008-02-06,11.046334266662598
2008-02-07,11.123284339904785
2008-02-08,11.29427719116211
2008-02-11,11.225882530212402
2008-02-12,10.687243461608887
2008-02-13,10.514169692993164
2008-02-14,10.176682472229004
2008-02-15,10.124757766723633
2008-02-19,9.813225746154785
2008-02-20,10.202640533447266
2008-02-21,10.453598976135254
2008-02-22,10.13340950012207
2008-02-25,10.32379150390625
2008-02-26,10.39301872253418
2008-02-27,10.245908737182617
2008-02-28,9.735343933105469
2008-02-29,9.41515827178955
2008-03-03,9.371891975402832
2008-03-04,9.328622817993164
2008-03-05,9.605537414550781
2008-03-06,9.380544662475586
2008-03-07,8.973825454711914
2008-03-10,8.428644180297852
2008-03-11,8.342109680175781
2008-03-12,8.125765800476074
2008-03-13,8.125765800476074
2008-03-14,7.944039821624756
2008-03-17,7.736353397369385
2008-03-18,7.589241027832031
2008-03-19,7.381555080413818
2008-03-20,7.528666019439697
2008-03-24,7.935384750366211
2008-03-25,8.376726150512695
2008-03-26,8.125765800476074
2008-03-27,8.056539535522461
2008-03-28,7.796926975250244
2008-03-31,7.944039821624756
2008-04-01,8.134420394897461
2008-04-02,8.878634452819824
2008-04-03,9.527656555175781
2008-04-04,9.285353660583496
2008-04-07,9.406505584716797
2008-04-08,9.397851943969727
2008-04-09,8.939210891723633
2008-04-10,8.809404373168945
2008-04-11,8.593062400817871
2008-04-14,8.350759506225586
2008-04-15,8.151727676391602
2008-04-16,8.852673530578613
2008-04-17,8.956515312194824
2008-04-18,9.66611385345459
2008-04-21,9.4930419921875
2008-04-22,9.57957935333252
2008-04-23,9.441122055053711
2008-04-24,9.58823299407959
2008-04-25,10.49686336517334
2008-04-28,10.090140342712402
2008-04-29,10.064181327819824
2008-04-30,9.960339546203613
2008-05-01,10.124757766723633
2008-05-02,10.064181327819824
2008-05-05,9.787269592285156
2008-05-06,9.631505012512207
2008-05-07,9.873802185058594
2008-05-08,9.77861213684082
2008-05-09,9.41515827178955
2008-05-12,9.527656555175781
2008-05-13,9.48438835144043
2008-05-14,9.642315864562988
2008-05-15,10.203832626342773
2008-05-16,10.344213485717773
2008-05-19,10.370532989501953
2008-05-20,10.238927841186523
2008-05-21,10.274022102355957
2008-05-22,10.238927841186523
2008-05-23,10.045904159545898
2008-05-27,10.116097450256348
2008-05-28,10.74780559539795
2008-05-29,11.142620086669922
2008-05-30,10.65129280090332
2008-06-02,10.203832626342773
2008-06-03,10.396854400634766
2008-06-04,10.563556671142578
2008-06-05,10.616199493408203
2008-06-06,10.054677963256836
2008-06-09,9.300142288208008
2008-06-10,9.203628540039062
2008-06-11,8.40522289276123
2008-06-12,8.57192325592041
2008-06-13,8.729846000671387
2008-06-16,8.922871589660645
2008-06-17,8.729846000671387
2008-06-18,9.537030220031738
2008-06-19,9.31768798828125
2008-06-20,8.993062973022461
2008-06-23,8.659658432006836
2008-06-24,8.37012767791748
2008-06-25,8.545600891113281
2008-06-26,7.852473735809326
2008-06-27,7.659455299377441
2008-06-30,7.448885440826416
2008-07-01,7.571717739105225
2008-07-02,7.28218412399292
2008-07-03,7.027749061584473
2008-07-07,7.018974781036377
2008-07-08,7.203222751617432
2008-07-09,6.957557678222656
2008-07-10,6.983878135681152
2008-07-11,6.703120708465576
2008-07-14,7.0540690422058105
2008-07-15,6.843499660491943
2008-07-16,7.413791179656982
2008-07-17,7.957762241363525
2008-07-18,7.9314398765563965
2008-07-21,8.378901481628418
2008-07-22,8.861454963684082
2008-07-23,8.721074104309082
2008-07-24,8.036724090576172
2008-07-25,8.212200164794922
2008-07-28,7.808609485626221
2008-07-29,8.071821212768555
2008-07-30,7.334826946258545
2008-07-31,7.422565460205078
2008-08-01,7.808609485626221
2008-08-04,7.571717739105225
2008-08-05,7.738417625427246
2008-08-06,7.352375507354736
2008-08-07,7.133032321929932
2008-08-08,8.054271697998047
2008-08-11,8.580697059631348
2008-08-12,8.545600891113281
2008-08-13,8.440314292907715
2008-08-14,8.712299346923828
2008-08-15,8.887775421142578
2008-08-18,8.492960929870605
2008-08-19,8.089367866516113
2008-08-20,8.203426361083984
2008-08-21,8.317481994628906
2008-08-22,8.677206993103027
2008-08-25,8.150782585144043
2008-08-26,8.484186172485352
2008-08-27,8.449089050292969
2008-08-28,8.843907356262207
2008-08-29,8.545600891113281
2008-09-02,8.93164348602295
2008-09-03,9.44929313659668
2008-09-04,9.089570999145508
2008-09-05,9.308915138244629
2008-09-08,9.809015274047852
2008-09-09,9.18608283996582
2008-09-10,9.624767303466797
2008-09-11,9.668633460998535
2008-09-12,9.940619468688965
2008-09-15,8.563146591186523
2008-09-16,9.028153419494629
2008-09-17,8.036724090576172
2008-09-18,8.90532398223877
2008-09-19,9.4229736328125
2008-09-22,8.870229721069336
2008-09-23,8.817585945129395
2008-09-24,8.764944076538086
2008-09-25,8.993062973022461
2008-09-26,8.887775421142578
2008-09-29,7.764739990234375
2008-09-30,8.159557342529297
2008-10-01,8.045495986938477
2008-10-02,7.361149787902832
2008-10-03,7.045294761657715
2008-10-06,6.843499660491943
2008-10-07,5.334419250488281
2008-10-08,5.378288745880127
2008-10-09,4.465821743011475
2008-10-10,4.246480464935303
2008-10-13,4.307894706726074
2008-10-14,4.246480464935303
2008-10-15,3.272596836090088
2008-10-16,3.5709033012390137
2008-10-17,3.5270345211029053
2008-10-20,3.579676389694214
2008-10-21,3.4831655025482178
2008-10-22,3.0971221923828125
2008-10-23,2.877779483795166
2008-10-24,3.0532543659210205
2008-10-27,2.956743001937866
2008-10-28,3.3076915740966797
2008-10-29,3.6586410999298096
2008-10-30,3.895531177520752
2008-10-31,4.2113847732543945
2008-11-03,3.842888832092285
2008-11-04,3.38665509223938
2008-11-05,3.035705804824829
2008-11-06,2.3601303100585938
2008-11-07,1.9302183389663696
2008-11-10,1.9126702547073364
2008-11-11,1.675780177116394
2008-11-12,1.535400390625
2008-11-13,1.7635172605514526
2008-11-14,1.5880428552627563
2008-11-17,1.667006492614746
2008-11-18,1.4213420152664185
2008-11-19,1.6055902242660522
2008-11-20,1.4652107954025269
2008-11-21,1.5003056526184082
2008-11-24,1.6231378316879272
2008-11-25,1.7108749151229858
2008-11-26,2.1232402324676514
2008-11-28,2.026728868484497
2008-12-01,1.4476633071899414
2008-12-02,1.491531491279602
2008-12-03,1.4827582836151123
2008-12-04,1.438889741897583
2008-12-05,1.4739848375320435
2008-12-08,1.491531491279602
2008-12-09,1.4301161766052246
2008-12-10,1.5792686939239502
2008-12-11,1.438889741897583
2008-12-12,1.4827582836151123
2008-12-15,1.4125683307647705
2008-12-16,1.5090795755386353
2008-12-17,1.4476633071899414
2008-12-18,1.4213420152664185
2008-12-19,1.3950212001800537
2008-12-22,1.3950212001800537
2008-12-23,1.298510193824768
2008-12-24,1.3072837591171265
2008-12-26,1.3072837591171265
2008-12-29,1.2370942831039429
2008-12-30,1.2721892595291138
2008-12-31,1.3686999082565308
2009-01-02,1.4301161766052246
2009-01-05,1.649458885192871
2009-01-06,1.8337067365646362
2009-01-07,1.745969533920288
2009-01-08,1.7810643911361694
2009-01-09,1.7196484804153442
2009-01-12,1.5792686939239502
2009-01-13,1.6406850814819336
2009-01-14,1.4827582836151123
2009-01-15,1.561721682548523
2009-01-16,1.5704952478408813
2009-01-20,1.5266271829605103
2009-01-21,1.535400390625
2009-01-22,1.535400390625
2009-01-23,1.7722910642623901
2009-01-26,1.7635172605514526
2009-01-27,1.7986122369766235
2009-01-28,2.0705974102020264
2009-01-29,1.8775755167007446
2009-01-30,1.8249337673187256
2009-02-02,1.789838194847107
2009-02-03,1.7986122369766235
2009-02-04,1.7635172605514526
2009-02-05,1.745969533920288
2009-02-06,2.0004074573516846
2009-02-09,2.0442757606506348
2009-02-10,1.807385802268982
2009-02-11,1.8600276708602905
2009-02-12,1.7986122369766235
2009-02-13,1.903896689414978
2009-02-17,1.7722910642623901
2009-02-18,1.745969533920288
2009-02-19,1.552947998046875
2009-02-20,1.5704952478408813
2009-02-23,1.4652107954025269
2009-02-24,1.6319111585617065
2009-02-25,1.491531491279602
2009-02-26,1.4739848375320435
2009-02-27,1.4213420152664185
2009-03-02,1.1405830383300781
2009-03-03,1.1054884195327759
2009-03-04,1.1493570804595947
2009-03-05,1.0440720319747925
2009-03-06,1.1142621040344238
2009-03-09,1.0967146158218384
2009-03-10,1.201999306678772
2009-03-11,1.2370942831039429
2009-03-12,1.4213420152664185
2009-03-13,1.4476633071899414
2009-03-16,1.5178529024124146
2009-03-17,1.6845537424087524
2009-03-18,1.8337067365646362
2009-03-19,1.7810643911361694
2009-03-20,1.7196484804153442
2009-03-23,1.9916335344314575
2009-03-24,1.9653123617172241
2009-03-25,2.0004074573516846
2009-03-26,2.1934292316436768
2009-03-27,1.9653123617172241
2009-03-30,1.8161590099334717
2009-03-31,1.9565393924713135
2009-04-01,1.9740867614746094
2009-04-02,2.368903636932373
2009-04-03,2.5443785190582275
2009-04-06,2.5794734954833984
2009-04-07,2.2811660766601562
2009-04-08,2.307487726211548
2009-04-09,2.5794734954833984
2009-04-13,2.7023046016693115
2009-04-14,2.482961893081665
2009-04-15,2.675983428955078
2009-04-16,2.7549479007720947
2009-04-17,2.8690052032470703
2009-04-20,2.4566407203674316
2009-04-21,2.7900424003601074
2009-04-22,3.02693247795105
2009-04-23,3.43052339553833
2009-04-24,3.64109206199646
2009-04-27,3.5533559322357178
2009-04-28,3.614771604537964
2009-04-29,3.825340509414673
2009-04-30,3.5709033012390137
2009-05-01,3.6674134731292725
2009-05-04,3.913078784942627
2009-05-05,4.307894706726074
2009-05-06,4.079778671264648
2009-05-07,3.7376036643981934
2009-05-08,4.027135848999023
2009-05-11,4.264027118682861
2009-05-12,4.1236467361450195
2009-05-13,3.597224473953247
2009-05-14,3.4217498302459717
2009-05-15,3.412975788116455
2009-05-18,3.605997323989868
2009-05-19,3.7990200519561768
2009-05-20,3.7376036643981934
2009-05-21,3.5709033012390137
2009-05-22,3.5709033012390137
2009-05-26,3.8516626358032227
2009-05-27,3.614771604537964
2009-05-28,3.9306247234344482
2009-05-29,3.807793378829956
2009-06-01,4.027135848999023
2009-06-02,4.009588241577148
2009-06-03,3.807793378829956
2009-06-04,3.9920408725738525
2009-06-05,3.895531177520752
2009-06-08,3.7376036643981934
2009-06-09,3.711282730102539
2009-06-10,3.7025089263916016
2009-06-11,3.711282730102539
2009-06-12,3.8779826164245605
2009-06-15,3.6937358379364014
2009-06-16,3.562128782272339
2009-06-17,3.448071002960205
2009-06-18,3.43052339553833
2009-06-19,3.272596836090088
2009-06-22,2.983062982559204
2009-06-23,3.0532543659210205
2009-06-24,3.1146695613861084
2009-06-25,3.1936330795288086
2009-06-26,3.2199549674987793
2009-06-29,3.2287280559539795
2009-06-30,3.0006113052368164
2009-07-01,3.1409904956817627
2009-07-02,3.281370162963867
2009-07-06,3.1409904956817627
2009-07-07,2.947969675064087
2009-07-08,2.7110791206359863
2009-07-09,2.6584360599517822
2009-07-10,2.7812681198120117
2009-07-13,2.7373998165130615
2009-07-14,2.7023046016693115
2009-07-15,2.983062982559204
2009-07-16,3.0620269775390625
2009-07-17,2.9304215908050537
2009-07-20,3.009384870529175
2009-07-21,3.02693247795105
2009-07-22,3.123443365097046
2009-07-23,3.3252387046813965
2009-07-24,3.316465377807617
2009-07-27,3.649867534637451
2009-07-28,3.6235454082489014
2009-07-29,3.491939067840576
2009-07-30,3.720055341720581
2009-07-31,3.7025089263916016
2009-08-03,3.6586410999298096
2009-08-04,4.5360107421875
2009-08-05,5.158946990966797
2009-08-06,5.430931091308594
2009-08-07,5.711690425872803
2009-08-10,5.641499996185303
2009-08-11,5.2642292976379395
2009-08-12,5.387064456939697
2009-08-13,5.378288745880127
2009-08-14,5.115076541900635
2009-08-17,4.685163497924805
2009-08-18,5.115076541900635
2009-08-19,5.2115888595581055
2009-08-20,5.36074161529541
2009-08-21,5.685368061065674
2009-08-24,5.9836745262146
2009-08-25,6.387266159057617
2009-08-26,6.650477409362793
2009-08-27,6.606610298156738
2009-08-28,6.562740325927734
2009-08-31,6.606610298156738
2009-09-01,6.106508731842041
2009-09-02,5.9836745262146
2009-09-03,6.001222610473633
2009-09-04,5.957354545593262
2009-09-08,6.04509162902832
2009-09-09,6.2117919921875
2009-09-10,6.817177772521973
2009-09-11,6.501323699951172
2009-09-14,6.492551326751709
2009-09-15,6.439909934997559
2009-09-16,6.782083511352539
2009-09-17,6.518871784210205
2009-09-18,6.562740325927734
2009-09-21,6.334625244140625
2009-09-22,6.580287456512451
2009-09-23,6.220566749572754
2009-09-24,6.246886730194092
2009-09-25,5.9398064613342285
2009-09-28,6.1591477394104
2009-09-29,6.203018665313721
2009-09-30,5.8520708084106445
2009-10-01,5.5011210441589355
2009-10-02,5.439704895019531
2009-10-05,5.632727146148682
2009-10-06,5.895939350128174
2009-10-07,5.685368061065674
2009-10-08,6.124053955078125
2009-10-09,6.062636852264404
2009-10-12,6.062636852264404
2009-10-13,6.176697731018066
2009-10-14,6.246886730194092
2009-10-15,6.246886730194092
2009-10-16,6.04509162902832
2009-10-19,5.966125965118408
2009-10-20,5.878391265869141
2009-10-21,5.544990062713623
2009-10-22,5.720464706420898
2009-10-23,5.430931091308594
2009-10-26,4.9483771324157715
2009-10-27,4.939603805541992
2009-10-28,4.614975452423096
2009-10-29,4.729033470153809
2009-10-30,4.606202125549316
2009-11-02,4.5360107421875
2009-11-03,4.614975452423096
2009-11-04,4.606202125549316
2009-11-05,5.422158241271973
2009-11-06,5.518668174743652
2009-11-09,5.799427509307861
2009-11-10,5.781879901885986
2009-11-11,5.738010406494141
2009-11-12,5.413383960723877
2009-11-13,5.544990062713623
2009-11-16,5.702915191650391
2009-11-17,5.659048080444336
2009-11-18,5.597631454467773
2009-11-19,5.32564640045166
2009-11-20,5.351966857910156
2009-11-23,5.571310043334961
2009-11-24,5.518668174743652
2009-11-25,5.553763389587402
2009-11-27,5.3168721199035645
2009-11-30,5.474799633026123
2009-12-01,5.536215305328369
2009-12-02,5.843296051025391
2009-12-03,5.597631454467773
2009-12-04,5.694141387939453
2009-12-07,5.650273323059082
2009-12-08,5.466024875640869
2009-12-09,5.413383960723877
2009-12-10,5.299326419830322
2009-12-11,5.395837306976318
2009-12-14,5.369513511657715
2009-12-15,5.387064456939697
2009-12-16,5.483572959899902
2009-12-17,5.527440547943115
2009-12-18,5.588857650756836
2009-12-21,5.895939350128174
2009-12-22,6.281980991363525
2009-12-23,6.360942840576172
2009-12-24,6.457456111907959
2009-12-28,6.457456111907959
2009-12-29,6.448681831359863
2009-12-30,6.396040439605713
2009-12-31,6.124053955078125
2010-01-04,6.387266159057617
2010-01-05,6.632930755615234
2010-01-06,6.1854705810546875
2010-01-07,6.325849533081055
2010-01-08,6.2995285987854
2010-01-11,6.589061260223389
2010-01-12,6.369718074798584
2010-01-13,6.492551326751709
2010-01-14,6.457456111907959
2010-01-15,6.483776569366455
2010-01-19,6.80840539932251
2010-01-20,6.86104679107666
2010-01-21,6.632930755615234
2010-01-22,6.545193672180176
2010-01-25,6.360942840576172
2010-01-26,6.483776569366455
2010-01-27,6.352171421051025
2010-01-28,6.097733020782471
2010-01-29,6.238112926483154
2010-02-01,6.510098934173584
2010-02-02,6.720667362213135
2010-02-03,6.510098934173584
2010-02-04,6.1416015625
2010-02-05,6.238112926483154
2010-02-08,6.176697731018066
2010-02-09,6.317074775695801
2010-02-10,6.176697731018066
2010-02-11,6.1679229736328125
2010-02-12,6.1679229736328125
2010-02-16,6.422360897064209
2010-02-17,6.26443338394165
2010-02-18,6.369718074798584
2010-02-19,6.77331018447876
2010-02-22,7.203222751617432
2010-02-23,6.73821496963501
2010-02-24,6.904916286468506
2010-02-25,6.8873677253723145
2010-02-26,6.6767988204956055
2010-03-01,6.992652416229248
2010-03-02,7.159352779388428
2010-03-03,7.299735069274902
2010-03-04,7.28218412399292
2010-03-05,7.4927544593811035
2010-03-08,7.5453972816467285
2010-03-09,7.483981132507324
2010-03-10,7.264636039733887
2010-03-11,7.440110683441162
2010-03-12,7.405017852783203
2010-03-15,7.211994647979736
2010-03-16,7.413791179656982
2010-03-17,7.615586757659912
2010-03-18,7.466433048248291
2010-03-19,7.159352779388428
2010-03-22,7.273410797119141
2010-03-23,7.334826946258545
2010-03-24,7.387471675872803
2010-03-25,7.027749061584473
2010-03-26,7.185673713684082
2010-03-29,7.413791179656982
2010-03-30,7.501527786254883
2010-03-31,7.940213680267334
2010-04-01,8.185879707336426
2010-04-05,8.93164348602295
2010-04-06,8.782490730285645
2010-04-07,8.861454963684082
2010-04-08,9.308915138244629
2010-04-09,9.756373405456543
2010-04-12,9.37032699584961
2010-04-13,9.466839790344238
2010-04-14,9.633540153503418
2010-04-15,9.69495677947998
2010-04-16,9.712505340576172
2010-04-19,9.782694816589355
2010-04-20,9.975716590881348
2010-04-21,10.361761093139648
2010-04-22,10.607422828674316
2010-04-23,11.282999992370605
2010-04-26,11.072430610656738
2010-04-27,10.467044830322266
2010-04-28,10.203832626342773
2010-04-29,10.888182640075684
2010-04-30,10.317893981933594
2010-05-03,10.791674613952637
2010-05-04,9.993267059326172
2010-05-05,10.063453674316406
2010-05-06,9.115896224975586
2010-05-07,9.054474830627441
2010-05-10,8.887775421142578
2010-05-11,8.273616790771484
2010-05-12,9.282593727111816
2010-05-13,8.826358795166016
2010-05-14,8.378901481628418
2010-05-17,7.957762241363525
2010-05-18,7.668230056762695
2010-05-19,7.405017852783203
2010-05-20,6.8873677253723145
2010-05-21,7.211994647979736
2010-05-24,6.9224629402160645
2010-05-25,6.940011024475098
2010-05-26,7.0014262199401855
2010-05-27,7.483981132507324
2010-05-28,7.45766019821167
2010-06-01,6.843499660491943
2010-06-02,7.168125629425049
2010-06-03,7.010200023651123
2010-06-04,6.43113374710083
2010-06-07,6.124053955078125
2010-06-08,6.457456111907959
2010-06-09,6.290755748748779
2010-06-10,6.501323699951172
2010-06-11,6.957557678222656
2010-06-14,6.7294416427612305
2010-06-15,6.9312357902526855
2010-06-16,6.983878135681152
2010-06-17,6.720667362213135
2010-06-18,6.8873677253723145
2010-06-21,6.7294416427612305
2010-06-22,6.343398094177246
2010-06-23,6.325849533081055
2010-06-24,6.2117919921875
2010-06-25,6.580287456512451
2010-06-28,6.457456111907959
2010-06-29,5.825747489929199
2010-06-30,5.869616508483887
2010-07-01,6.080185890197754
2010-07-02,6.062636852264404
2010-07-06,5.764332294464111
2010-07-07,6.124053955078125
2010-07-08,6.26443338394165
2010-07-09,6.632930755615234
2010-07-12,6.483776569366455
2010-07-13,6.703120708465576
2010-07-14,6.668025970458984
2010-07-15,6.510098934173584
2010-07-16,6.1328277587890625
2010-07-19,5.88716459274292
2010-07-20,6.1503753662109375
2010-07-21,5.931033134460449
2010-07-22,6.439909934997559
2010-07-23,7.062841892242432
2010-07-26,7.28218412399292
2010-07-27,7.027749061584473
2010-07-28,6.7996320724487305
2010-07-29,7.018974781036377
2010-07-30,6.387266159057617
2010-08-02,6.492551326751709
2010-08-03,6.2117919921875
2010-08-04,6.422360897064209
2010-08-05,6.439909934997559
2010-08-06,6.527644634246826
2010-08-09,6.659250736236572
2010-08-10,6.360942840576172
2010-08-11,5.9398064613342285
2010-08-12,5.922258377075195
2010-08-13,5.913486003875732
2010-08-16,5.948580741882324
2010-08-17,6.124053955078125
2010-08-18,6.2995285987854
2010-08-19,6.0275421142578125
2010-08-20,5.966125965118408
2010-08-23,5.755558967590332
2010-08-24,5.746785640716553
2010-08-25,6.009997367858887
2010-08-26,5.8169755935668945
2010-08-27,6.0538649559021
2010-08-30,5.931033134460449
2010-08-31,5.843296051025391
2010-09-01,6.1416015625
2010-09-02,6.492551326751709
2010-09-03,6.659250736236572
2010-09-07,6.501323699951172
2010-09-08,6.43113374710083
2010-09-09,6.545193672180176
2010-09-10,6.545193672180176
2010-09-13,6.782083511352539
2010-09-14,6.668025970458984
2010-09-15,6.6943464279174805
2010-09-16,6.501323699951172
2010-09-17,6.492551326751709
2010-09-20,6.562740325927734
2010-09-21,6.606610298156738
2010-09-22,6.6943464279174805
2010-09-23,6.624156951904297
2010-09-24,6.904916286468506
2010-09-27,6.7996320724487305
2010-09-28,6.86104679107666
2010-09-29,6.82595157623291
2010-09-30,6.6417036056518555
2010-10-01,6.6943464279174805
2010-10-04,6.553966522216797
2010-10-05,6.6417036056518555
2010-10-06,6.73821496963501
2010-10-07,6.817177772521973
2010-10-08,6.834724426269531
2010-10-11,6.7294416427612305
2010-10-12,6.6943464279174805
2010-10-13,6.904916286468506
2010-10-14,6.82595157623291
2010-10-15,6.878593921661377
2010-10-18,7.273410797119141
2010-10-19,6.992652416229248
2010-10-20,7.211994647979736
2010-10-21,7.203222751617432
2010-10-22,7.168125629425049
2010-10-25,7.326053142547607
2010-10-26,7.159352779388428
2010-10-27,6.9751057624816895
2010-10-28,6.782083511352539
2010-10-29,6.790857791900635
2010-11-01,6.940011024475098
2010-11-02,6.89614200592041
2010-11-03,6.948784351348877
2010-11-04,7.273410797119141
2010-11-05,7.0540690422058105
2010-11-08,7.729644298553467
2010-11-09,7.264636039733887
2010-11-10,7.273410797119141
2010-11-11,7.378696918487549
2010-11-12,7.334826946258545
2010-11-15,7.0891642570495605
2010-11-16,6.913689136505127
2010-11-17,6.77331018447876
2010-11-18,7.0014262199401855
2010-11-19,7.176900863647461
2010-11-22,7.018974781036377
2010-11-23,7.194448947906494
2010-11-24,7.343600749969482
2010-11-26,7.343600749969482
2010-11-29,7.211994647979736
2010-11-30,7.194448947906494
2010-12-01,7.378696918487549
2010-12-02,7.887570381164551
2010-12-03,8.089367866516113
2010-12-06,8.019176483154297
2010-12-07,8.071821212768555
2010-12-08,7.8963470458984375
2010-12-09,8.036724090576172
2010-12-10,8.1332368850708
2010-12-13,8.29994010925293
2010-12-14,8.159557342529297
2010-12-15,7.905117511749268
2010-12-16,8.142007827758789
2010-12-17,8.343804359436035
2010-12-20,8.35257625579834
2010-12-21,8.545600891113281
2010-12-22,8.747397422790527
2010-12-23,8.712299346923828
2010-12-27,8.712299346923828
2010-12-28,8.449089050292969
2010-12-29,8.449089050292969
2010-12-30,8.466635704040527
2010-12-31,8.29994010925293
2011-01-03,8.554375648498535
2011-01-04,8.607014656066895
2011-01-05,8.817585945129395
2011-01-06,8.756170272827148
2011-01-07,8.83513355255127
2011-01-10,8.887775421142578
2011-01-11,8.492960929870605
2011-01-12,8.659658432006836
2011-01-13,8.492960929870605
2011-01-14,8.712299346923828
2011-01-18,8.782490730285645
2011-01-19,8.501733779907227
2011-01-20,8.124463081359863
2011-01-21,8.40522289276123
2011-01-24,8.80881118774414
2011-01-25,9.18608283996582
2011-01-26,9.1071195602417
2011-01-27,9.010605812072754
2011-01-28,8.791263580322266
2011-01-31,8.80881118774414
2011-02-01,9.098347663879395
2011-02-02,9.089570999145508
2011-02-03,9.036927223205566
2011-02-04,9.221175193786621
2011-02-07,9.5282564163208
2011-02-08,9.677409172058105
2011-02-09,9.651089668273926
2011-02-10,9.765151023864746
2011-02-11,9.879207611083984
2011-02-14,9.879207611083984
2011-02-15,9.765151023864746
2011-02-16,10.063453674316406
2011-02-17,10.151190757751465
2011-02-18,9.572127342224121
2011-02-22,8.966741561889648
2011-02-23,8.607014656066895
2011-02-24,8.896549224853516
2011-02-25,9.168537139892578
2011-02-28,9.054474830627441
2011-03-01,8.677206993103027
2011-03-02,8.712299346923828
2011-03-03,8.93164348602295
2011-03-04,8.826358795166016
2011-03-07,8.554375648498535
2011-03-08,8.93164348602295
2011-03-09,8.861454963684082
2011-03-10,8.492960929870605
2011-03-11,8.685979843139648
2011-03-14,8.966741561889648
2011-03-15,8.764944076538086
2011-03-16,8.440314292907715
2011-03-17,8.36135196685791
2011-03-18,8.598243713378906
2011-03-21,8.887775421142578
2011-03-22,8.826358795166016
2011-03-23,8.80881118774414
2011-03-24,8.80881118774414
2011-03-25,8.90532398223877
2011-03-28,8.870229721069336
2011-03-29,8.975513458251953
2011-03-30,9.036927223205566
2011-03-31,9.212404251098633
2011-04-01,9.352781295776367
2011-04-04,8.91409683227539
2011-04-05,9.072021484375
2011-04-06,8.633336067199707
2011-04-07,8.510505676269531
2011-04-08,8.41399097442627
2011-04-11,8.238519668579102
2011-04-12,8.11568832397461
2011-04-13,7.940213680267334
2011-04-14,7.992854595184326
2011-04-15,8.159557342529297
2011-04-18,7.887570381164551
2011-04-19,7.852473735809326
2011-04-20,8.212200164794922
2011-04-21,8.29994010925293
2011-04-25,8.19465160369873
2011-04-26,8.019176483154297
2011-04-27,8.089367866516113
2011-04-28,8.106915473937988
2011-04-29,8.159557342529297
2011-05-02,7.8963470458984375
2011-05-03,7.782287120819092
2011-05-04,7.808609485626221
2011-05-05,7.826157569885254
2011-05-06,7.791062355041504
2011-05-09,7.641907691955566
2011-05-10,7.712097644805908
2011-05-11,7.641907691955566
2011-05-12,7.615586757659912
2011-05-13,7.45766019821167
2011-05-16,7.326053142547607
2011-05-17,7.1067118644714355
2011-05-18,7.229543209075928
2011-05-19,7.28218412399292
2011-05-20,7.097938060760498
2011-05-23,6.940011024475098
2011-05-24,6.9224629402160645
2011-05-25,7.194448947906494
2011-05-26,7.211994647979736
2011-05-27,7.194448947906494
2011-05-31,7.352375507354736
2011-06-01,7.027749061584473
2011-06-02,7.018974781036377
2011-06-03,6.957557678222656
2011-06-06,6.589061260223389
2011-06-07,6.580287456512451
2011-06-08,6.457456111907959
2011-06-09,6.518871784210205
2011-06-10,6.439909934997559
2011-06-13,6.360942840576172
2011-06-14,6.6943464279174805
2011-06-15,6.466228485107422
2011-06-16,6.518871784210205
2011-06-17,6.606610298156738
2011-06-20,6.755761623382568
2011-06-21,7.027749061584473
2011-06-22,7.036522388458252
2011-06-23,7.08038854598999
2011-06-24,7.141806602478027
2011-06-27,7.036522388458252
2011-06-28,7.0540690422058105
2011-06-29,7.045294761657715
2011-06-30,7.141806602478027
2011-07-01,7.352375507354736
2011-07-05,7.334826946258545
2011-07-06,7.334826946258545
2011-07-07,7.45766019821167
2011-07-08,7.45766019821167
2011-07-11,7.255865573883057
2011-07-12,7.229543209075928
2011-07-13,7.299735069274902
2011-07-14,7.185673713684082
2011-07-15,7.1067118644714355
2011-07-18,7.010200023651123
2011-07-19,7.220768928527832
2011-07-20,7.159352779388428
2011-07-21,7.220768928527832
2011-07-22,7.185673713684082
2011-07-25,7.071617126464844
2011-07-26,7.036522388458252
2011-07-27,6.755761623382568
2011-07-28,6.711894512176514
2011-07-29,6.7996320724487305
2011-08-01,6.369718074798584
2011-08-02,6.1679229736328125
2011-08-03,6.203018665313721
2011-08-04,5.755558967590332
2011-08-05,5.738010406494141
2011-08-08,5.290551662445068
2011-08-09,5.536215305328369
2011-08-10,5.237908840179443
2011-08-11,5.685368061065674
2011-08-12,5.799427509307861
2011-08-15,6.009997367858887
2011-08-16,5.9924492835998535
2011-08-17,5.799427509307861
2011-08-18,5.308099746704102
2011-08-19,5.167718887329102
2011-08-22,5.0010199546813965
2011-08-23,5.229135036468506
2011-08-24,5.413383960723877
2011-08-25,5.290551662445068
2011-08-26,5.588857650756836
2011-08-29,5.88716459274292
2011-08-30,5.834522724151611
2011-08-31,5.8520708084106445
2011-09-01,5.650273323059082
2011-09-02,5.299326419830322
2011-09-06,5.351966857910156
2011-09-07,5.659048080444336
2011-09-08,5.5098958015441895
2011-09-09,5.246682643890381
2011-09-12,5.2115888595581055
2011-09-13,5.3168721199035645
2011-09-14,5.378288745880127
2011-09-15,5.369513511657715
2011-09-16,5.404609203338623
2011-09-19,5.2642292976379395
2011-09-20,5.106303691864014
2011-09-21,4.930828094482422
2011-09-22,4.5360107421875
2011-09-23,4.667616844177246
2011-09-26,4.913281440734863
2011-09-27,5.176493167877197
2011-09-28,4.8430914878845215
2011-09-29,4.922054767608643
2011-09-30,4.474595069885254
2011-10-03,4.062231540679932
2011-10-04,4.3868584632873535
2011-10-05,4.685163497924805
2011-10-06,4.790449142456055
2011-10-07,4.597428321838379
2011-10-10,4.781675338745117
2011-10-11,4.693938255310059
2011-10-12,5.062435626983643
2011-10-13,5.237908840179443
2011-10-14,5.562536239624023
2011-10-17,5.150172233581543
2011-10-18,5.536215305328369
2011-10-19,5.588857650756836
2011-10-20,5.615179538726807
2011-10-21,5.843296051025391
2011-10-24,6.097733020782471
2011-10-25,5.606405735015869
2011-10-26,5.790653228759766
2011-10-27,6.343398094177246
2011-10-28,6.1503753662109375
2011-10-31,5.834522724151611
2011-11-01,5.536215305328369
2011-11-02,5.571310043334961
2011-11-03,5.88716459274292
2011-11-04,5.869616508483887
2011-11-07,5.8520708084106445
2011-11-08,6.04509162902832
2011-11-09,5.641499996185303
2011-11-10,5.667821407318115
2011-11-11,5.948580741882324
2011-11-14,5.9836745262146
2011-11-15,6.1679229736328125
2011-11-16,6.255660533905029
2011-11-17,6.2995285987854
2011-11-18,6.325849533081055
2011-11-21,6.1854705810546875
2011-11-22,5.9836745262146
2011-11-23,5.667821407318115
2011-11-25,5.632727146148682
2011-11-28,5.904711723327637
2011-11-29,6.203018665313721
2011-11-30,7.0014262199401855
2011-12-01,7.176900863647461
2011-12-02,6.904916286468506
2011-12-05,6.7996320724487305
2011-12-06,6.597835540771484
2011-12-07,6.817177772521973
2011-12-08,6.527644634246826
2011-12-09,6.8873677253723145
2011-12-12,6.755761623382568
2011-12-13,6.37849235534668
2011-12-14,6.246886730194092
2011-12-15,6.606610298156738
2011-12-16,6.6767988204956055
2011-12-19,6.308303356170654
2011-12-20,6.86104679107666
2011-12-21,6.904916286468506
2011-12-22,7.115484237670898
2011-12-23,7.1067118644714355
2011-12-27,7.036522388458252
2011-12-28,6.940011024475098
2011-12-29,7.203222751617432
2011-12-30,7.08038854598999
2012-01-03,7.229543209075928
2012-01-04,7.273410797119141
2012-01-05,7.431339740753174
2012-01-06,7.1067118644714355
2012-01-09,7.097938060760498
2012-01-10,7.133032321929932
2012-01-11,7.5980401039123535
2012-01-12,7.659455299377441
2012-01-13,7.694549083709717
2012-01-17,7.45766019821167
2012-01-18,7.9138946533203125
2012-01-19,8.317481994628906
2012-01-20,8.089367866516113
2012-01-23,8.203426361083984
2012-01-24,8.247293472290039
2012-01-25,8.185879707336426
2012-01-26,8.089367866516113
2012-01-27,7.948985576629639
2012-01-30,7.984081745147705
2012-01-31,7.475207328796387
2012-02-01,7.536622047424316
2012-02-02,7.755965232849121
2012-02-03,7.87002420425415
2012-02-06,7.791062355041504
2012-02-07,7.247090816497803
2012-02-08,7.0540690422058105
2012-02-09,7.247090816497803
2012-02-10,7.071617126464844
2012-02-13,7.124257564544678
2012-02-14,7.0014262199401855
2012-02-15,6.940011024475098
2012-02-16,7.1067118644714355
2012-02-17,7.08038854598999
2012-02-21,6.957557678222656
2012-02-22,6.82595157623291
2012-02-23,6.73821496963501
2012-02-24,6.9312357902526855
2012-02-27,7.141806602478027
2012-02-28,7.247090816497803
2012-02-29,7.168125629425049
2012-03-01,7.071617126464844
2012-03-02,7.018974781036377
2012-03-05,7.1067118644714355
2012-03-06,6.940011024475098
2012-03-07,6.948784351348877
2012-03-08,7.255865573883057
2012-03-09,7.571717739105225
2012-03-12,7.808609485626221
2012-03-13,8.36135196685791
2012-03-14,8.220972061157227
2012-03-15,8.528054237365723
2012-03-16,8.712299346923828
2012-03-19,8.879003524780273
2012-03-20,8.598243713378906
2012-03-21,8.57192325592041
2012-03-22,8.536825180053711
2012-03-23,8.247293472290039
2012-03-26,8.607014656066895
2012-03-27,8.747397422790527
2012-03-28,8.545600891113281
2012-03-29,8.396450996398926
2012-03-30,8.203426361083984
2012-04-02,8.142007827758789
2012-04-03,8.098140716552734
2012-04-04,7.940213680267334
2012-04-05,7.8787994384765625
2012-04-09,7.729644298553467
2012-04-10,7.133032321929932
2012-04-11,7.378696918487549
2012-04-12,7.659455299377441
2012-04-13,7.405017852783203
2012-04-16,7.28218412399292
2012-04-17,7.343600749969482
2012-04-18,7.168125629425049
2012-04-19,7.159352779388428
2012-04-20,7.176900863647461
2012-04-23,7.0540690422058105
2012-04-24,7.28218412399292
2012-04-25,7.519074440002441
2012-04-26,7.747192859649658
2012-04-27,7.992854595184326
2012-04-30,7.940213680267334
2012-05-01,7.948985576629639
2012-05-02,8.142007827758789
2012-05-03,7.957762241363525
2012-05-04,7.8612494468688965
2012-05-07,8.326257705688477
2012-05-08,8.37012767791748
2012-05-09,8.238519668579102
2012-05-10,8.273616790771484
2012-05-11,8.37012767791748
2012-05-14,8.26484203338623
2012-05-15,8.492960929870605
2012-05-16,8.1332368850708
2012-05-17,7.4927544593811035
2012-05-18,7.747192859649658
2012-05-21,8.142007827758789
2012-05-22,8.106915473937988
2012-05-23,8.317481994628906
2012-05-24,8.449089050292969
2012-05-25,8.40522289276123
2012-05-29,8.756170272827148
2012-05-30,8.343804359436035
2012-05-31,8.26484203338623
2012-06-01,7.826157569885254
2012-06-04,7.5103020668029785
2012-06-05,7.755965232849121
2012-06-06,8.1332368850708
2012-06-07,8.220972061157227
2012-06-08,8.396450996398926
2012-06-11,8.326257705688477
2012-06-12,8.484186172485352
2012-06-13,8.238519668579102
2012-06-14,8.492960929870605
2012-06-15,8.607014656066895
2012-06-18,8.782490730285645
2012-06-19,9.387876510620117
2012-06-20,9.247495651245117
2012-06-21,9.001834869384766
2012-06-22,9.168537139892578
2012-06-25,8.993062973022461
2012-06-26,9.256271362304688
2012-06-27,9.31768798828125
2012-06-28,9.256271362304688
2012-06-29,9.545804023742676
2012-07-02,9.607217788696289
2012-07-03,9.765151023864746
2012-07-05,9.96694278717041
2012-07-06,10.002039909362793
2012-07-09,9.844109535217285
2012-07-10,9.352781295776367
2012-07-11,9.5282564163208
2012-07-12,9.70373249053955
2012-07-13,9.809015274047852
2012-07-16,9.93184757232666
2012-07-17,10.098548889160156
2012-07-18,9.984492301940918
2012-07-19,9.379100799560547
2012-07-20,9.537030220031738
2012-07-23,9.300142288208008
2012-07-24,9.291366577148438
2012-07-25,9.124664306640625
2012-07-26,9.31768798828125
2012-07-27,9.72127914428711
2012-07-30,9.659863471984863
2012-07-31,9.054474830627441
2012-08-01,9.098347663879395
2012-08-02,9.361557006835938
2012-08-03,9.826562881469727
2012-08-06,10.019586563110352
2012-08-07,10.361761093139648
2012-08-08,10.309118270874023
2012-08-09,10.440725326538086
2012-08-10,10.528458595275879
2012-08-13,11.019791603088379
2012-08-14,10.975919723510742
2012-08-15,11.168943405151367
2012-08-16,11.449701309204102
2012-08-17,11.818197250366211
2012-08-20,11.572537422180176
2012-08-21,11.511117935180664
2012-08-22,11.642723083496094
2012-08-23,11.54621410369873
2012-08-24,11.888386726379395
2012-08-27,11.941027641296387
2012-08-28,11.791878700256348
2012-08-29,11.651494979858398
2012-08-30,11.66026782989502
2012-08-31,11.77432918548584
2012-09-04,12.221787452697754
2012-09-05,11.976123809814453
2012-09-06,12.309525489807129
2012-09-07,12.52009391784668
2012-09-10,12.397259712219238
2012-09-11,12.432360649108887
2012-09-12,12.484999656677246
2012-09-13,12.809626579284668
2012-09-14,13.064064025878906
2012-09-17,12.5990571975708
2012-09-18,11.83574390411377
2012-09-19,12.116507530212402
2012-09-20,12.055084228515625
2012-09-21,12.1077299118042
2012-09-24,12.186694145202637
2012-09-25,11.633951187133789
2012-09-26,11.072430610656738
2012-09-27,11.458475112915039
2012-09-28,10.967145919799805
2012-10-01,11.125072479248047
2012-10-02,11.405830383300781
2012-10-03,11.221586227416992
2012-10-04,11.581306457519531
2012-10-05,11.941027641296387
2012-10-08,11.826972007751465
2012-10-09,11.61640453338623
2012-10-10,11.84451675415039
2012-10-11,11.993672370910645
2012-10-12,12.283203125
2012-10-15,12.590285301208496
2012-10-16,12.888590812683105
2012-10-17,13.55539321899414
2012-10-18,13.783509254455566
2012-10-19,13.739640235900879
2012-10-22,13.564167022705078
2012-10-23,13.423789024353027
2012-10-24,13.801057815551758
2012-10-25,13.467656135559082
2012-10-26,13.634355545043945
2012-10-31,13.853699684143066
2012-11-01,14.266064643859863
2012-11-02,13.958984375
2012-11-05,14.081812858581543
2012-11-06,13.774735450744629
2012-11-07,14.020400047302246
2012-11-08,13.871247291564941
2012-11-09,14.108138084411621
2012-11-12,14.134461402893066
2012-11-13,14.116911888122559
2012-11-14,13.69577407836914
2012-11-15,13.213220596313477
2012-11-16,13.897568702697754
2012-11-19,14.520499229431152
2012-11-20,14.853901863098145
2012-11-21,15.117108345031738
2012-11-23,15.590897560119629
2012-11-26,15.450517654418945
2012-11-27,14.94163703918457
2012-11-28,15.134664535522461
2012-11-29,15.248716354370117
2012-11-30,15.283815383911133
2012-12-03,15.12589168548584
2012-12-04,15.231173515319824
2012-12-05,14.897770881652832
2012-12-06,15.003055572509766
2012-12-07,15.12589168548584
2012-12-10,15.432966232299805
2012-12-11,15.503158569335938
2012-12-12,15.36278247833252
2012-12-13,15.064473152160645
2012-12-14,15.389098167419434
2012-12-17,15.520702362060547
2012-12-18,16.134864807128906
2012-12-19,16.284015655517578
2012-12-20,16.380529403686523
2012-12-21,16.582324981689453
2012-12-24,16.591094970703125
2012-12-26,16.319114685058594
2012-12-27,16.415630340576172
2012-12-28,16.284015655517578
2012-12-31,16.950824737548828
2013-01-02,17.28422737121582
2013-01-03,17.60886001586914
2013-01-04,17.94225311279297
2013-01-07,17.819419860839844
2013-01-08,18.380937576293945
2013-01-09,18.45113182067871
2013-01-10,18.170364379882812
2013-01-11,18.20546531677246
2013-01-14,17.740459442138672
2013-01-15,17.79309844970703
2013-01-16,17.65271759033203
2013-01-17,18.19669532775879
2013-01-18,18.424808502197266
2013-01-22,18.512542724609375
2013-01-23,18.45113182067871
2013-01-24,18.301979064941406
2013-01-25,18.337074279785156
2013-01-28,17.898380279541016
2013-01-29,18.14404296875
2013-01-30,17.10875129699707
2013-01-31,17.047332763671875
2013-02-01,17.363187789916992
2013-02-04,17.512340545654297
2013-02-05,17.85451889038086
2013-02-06,17.758007049560547
2013-02-07,17.97734260559082
2013-02-08,17.94225311279297
2013-02-11,18.609054565429688
2013-02-12,18.819616317749023
2013-02-13,18.960006713867188
2013-02-14,18.69679069519043
2013-02-15,19.11793327331543
2013-02-19,19.214435577392578
2013-02-20,18.047536849975586
2013-02-21,18.021211624145508
2013-02-22,18.670467376708984
2013-02-25,17.56498146057129
2013-02-26,18.161592483520508
2013-02-27,18.407257080078125
2013-02-28,18.398488998413086
2013-03-01,18.69679069519043
2013-03-04,18.951229095458984
2013-03-05,19.12670135498047
2013-03-06,18.784528732299805
2013-03-07,19.082839965820312
2013-03-08,19.35481834411621
2013-03-11,19.460105895996094
2013-03-12,19.00387191772461
2013-03-13,18.916133880615234
2013-03-14,19.214435577392578
2013-03-15,19.030193328857422
2013-03-18,18.99509620666504
2013-03-19,18.89858627319336
2013-03-20,19.44255828857422
2013-03-21,19.310949325561523
2013-03-22,19.249534606933594
2013-03-25,18.951229095458984
2013-03-26,18.872268676757812
2013-03-27,18.828397750854492
2013-03-28,18.951229095458984
2013-04-01,18.266874313354492
2013-04-02,18.073854446411133
2013-04-03,17.336864471435547
2013-04-04,17.61762237548828
2013-04-05,18.161592483520508
2013-04-08,18.056306838989258
2013-04-09,18.00366973876953
2013-04-10,17.547433853149414
2013-04-11,17.661487579345703
2013-04-12,17.275447845458984
2013-04-15,15.83655834197998
2013-04-16,16.24015235900879
2013-04-17,15.713730812072754
2013-04-18,15.617218971252441
2013-04-19,15.239947319030762
2013-04-22,15.871658325195312
2013-04-23,15.573348999023438
2013-04-24,16.117319107055664
2013-04-25,16.06467628479004
2013-04-26,15.845332145690918
2013-04-29,15.93306827545166
2013-04-30,15.897971153259277
2013-05-01,15.318910598754883
2013-05-02,15.713730812072754
2013-05-03,15.91552448272705
2013-05-06,16.4682674407959
2013-05-07,16.56477928161621
2013-05-08,17.310544967651367
2013-05-09,17.196487426757812
2013-05-10,17.178939819335938
2013-05-13,17.073650360107422
2013-05-14,17.319316864013672
2013-05-15,17.62639808654785
2013-05-16,17.021011352539062
2013-05-17,17.687814712524414
2013-05-20,17.643945693969727
2013-05-21,17.46847152709961
2013-05-22,16.634963989257812
2013-05-23,16.731475830078125
2013-05-24,16.310344696044922
2013-05-28,16.643741607666016
2013-05-29,16.08222007751465
2013-05-30,15.792694091796875
2013-05-31,15.415416717529297
2013-06-03,15.21362590789795
2013-06-04,14.862679481506348
2013-06-05,14.397669792175293
2013-06-06,14.766165733337402
2013-06-07,14.678431510925293
2013-06-10,14.704751014709473
2013-06-11,14.266064643859863
2013-06-12,13.950211524963379
2013-06-13,15.029376983642578
2013-06-14,14.66965389251709
2013-06-17,15.011832237243652
2013-06-18,14.994282722473145
2013-06-19,14.432766914367676
2013-06-20,13.976531028747559
2013-06-21,13.344823837280273
2013-06-24,13.336051940917969
2013-06-25,13.090387344360352
2013-06-26,13.002647399902344
2013-06-27,13.265861511230469
2013-06-28,12.976327896118164
2013-07-01,13.186896324157715
2013-07-02,13.230766296386719
2013-07-03,13.274635314941406
2013-07-05,13.371145248413086
2013-07-08,13.48520278930664
2013-07-09,13.74841594696045
2013-07-10,14.213423728942871
2013-07-11,15.108341217041016
2013-07-12,15.459288597106934
2013-07-15,15.090794563293457
2013-07-16,15.046926498413086
2013-07-17,15.020604133605957
2013-07-18,15.345232009887695
2013-07-19,15.617218971252441
2013-07-22,15.310139656066895
2013-07-23,15.476835250854492
2013-07-24,15.090794563293457
2013-07-25,14.625784873962402
2013-07-26,14.397669792175293
2013-07-29,14.248515129089355
2013-07-30,13.950211524963379
2013-07-31,14.266064643859863
2013-08-01,14.783714294433594
2013-08-02,14.704751014709473
2013-08-05,14.748616218566895
2013-08-06,14.774943351745605
2013-08-07,14.950414657592773
2013-08-08,15.33646011352539
2013-08-09,14.853901863098145
2013-08-12,14.906546592712402
2013-08-13,14.56436824798584
2013-08-14,13.985304832458496
2013-08-15,14.011627197265625
2013-08-16,13.827378273010254
2013-08-19,13.248313903808594
2013-08-20,13.572940826416016
2013-08-21,13.248313903808594
2013-08-22,13.300954818725586
2013-08-23,13.204446792602539
2013-08-26,13.292180061340332
2013-08-27,12.94123649597168
2013-08-28,13.081612586975098
2013-08-29,13.458883285522461
2013-08-30,13.125480651855469
2013-09-03,13.336051940917969
2013-09-04,13.388692855834961
2013-09-05,14.871454238891602
2013-09-06,14.906546592712402
2013-09-09,14.818806648254395
2013-09-10,14.695975303649902
2013-09-11,14.880221366882324
2013-09-12,14.687201499938965
2013-09-13,15.020604133605957
2013-09-16,15.819014549255371
2013-09-17,15.538251876831055
2013-09-18,15.652315139770508
2013-09-19,15.889204025268555
2013-09-20,15.810235023498535
2013-09-23,15.36278247833252
2013-09-24,15.36278247833252
2013-09-25,15.257494926452637
2013-09-26,15.318910598754883
2013-09-27,15.389098167419434
2013-09-30,15.432966232299805
2013-10-01,15.93306827545166
2013-10-02,15.854107856750488
2013-10-03,15.33646011352539
2013-10-04,15.696176528930664
2013-10-07,15.36278247833252
2013-10-08,15.003055572509766
2013-10-09,14.897770881652832
2013-10-10,15.275040626525879
2013-10-11,15.687405586242676
2013-10-14,15.722498893737793
2013-10-15,15.301362037658691
2013-10-16,15.12589168548584
2013-10-17,15.389098167419434
2013-10-18,15.450517654418945
2013-10-21,15.231173515319824
2013-10-22,15.432966232299805
2013-10-23,15.757598876953125
2013-10-24,15.713730812072754
2013-10-25,15.713730812072754
2013-10-28,15.66108226776123
2013-10-29,15.643536567687988
2013-10-30,15.12589168548584
2013-10-31,14.924093246459961
2013-11-01,14.722299575805664
2013-11-04,14.774943351745605
2013-11-05,13.801057815551758
2013-11-06,14.116911888122559
2013-11-07,13.81860637664795
2013-11-08,13.906341552734375
2013-11-11,14.002852439880371
2013-11-12,13.704546928405762
2013-11-13,14.029172897338867
2013-11-14,14.3450288772583
2013-11-15,14.3450288772583
2013-11-18,13.81860637664795
2013-11-19,13.871247291564941
2013-11-20,13.941436767578125
2013-11-21,14.169550895690918
2013-11-22,13.976531028747559
2013-11-25,13.871247291564941
2013-11-26,14.423989295959473
2013-11-27,14.57314682006836
2013-11-29,14.388897895812988
2013-12-02,14.318705558776855
2013-12-03,14.029172897338867
2013-12-04,13.941436767578125
2013-12-05,13.976531028747559
2013-12-06,14.046720504760742
2013-12-09,14.143234252929688
2013-12-10,14.274839401245117
2013-12-11,13.994078636169434
2013-12-12,14.055498123168945
2013-12-13,14.924093246459961
2013-12-16,15.099570274353027
2013-12-17,15.187304496765137
2013-12-18,15.83655834197998
2013-12-19,15.66108226776123
2013-12-20,15.766372680664062
2013-12-23,16.20505714416504
2013-12-24,16.43317413330078
2013-12-26,16.4682674407959
2013-12-27,16.485816955566406
2013-12-30,16.362977981567383
2013-12-31,16.24015235900879
2014-01-02,16.01203155517578
2014-01-03,16.090991973876953
2014-01-06,15.783916473388672
2014-01-07,15.748823165893555
2014-01-08,15.819014549255371
2014-01-09,15.83655834197998
2014-01-10,16.284015655517578
2014-01-13,16.0471248626709
2014-01-14,16.178735733032227
2014-01-15,15.871658325195312
2014-01-16,15.66108226776123
2014-01-17,15.169755935668945
2014-01-21,15.187304496765137
2014-01-22,15.432966232299805
2014-01-23,15.93306827545166
2014-01-24,15.36278247833252
2014-01-27,15.301362037658691
2014-01-28,15.511930465698242
2014-01-29,15.397871017456055
2014-01-30,15.871658325195312
2014-01-31,15.380331039428711
2014-02-03,14.538052558898926
2014-02-04,14.441537857055664
2014-02-05,14.634564399719238
2014-02-06,15.160985946655273
2014-02-07,14.932866096496582
2014-02-10,14.818806648254395
2014-02-11,15.08202075958252
2014-02-12,15.011832237243652
2014-02-13,15.854107856750488
2014-02-14,15.748823165893555
2014-02-18,15.275040626525879
2014-02-19,15.046926498413086
2014-02-20,14.985508918762207
2014-02-21,15.704947471618652
2014-02-24,15.66108226776123
2014-02-25,15.985709190368652
2014-02-26,16.161190032958984
2014-02-27,16.380529403686523
2014-02-28,16.485816955566406
2014-03-03,16.073448181152344
2014-03-04,16.354206085205078
2014-03-05,16.06467628479004
2014-03-06,15.96816349029541
2014-03-07,16.0471248626709
2014-03-10,15.520702362060547
2014-03-11,15.204853057861328
2014-03-12,14.959189414978027
2014-03-13,14.924093246459961
2014-03-14,14.888997077941895
2014-03-17,14.853901863098145
2014-03-18,15.064473152160645
2014-03-19,14.906546592712402
2014-03-20,14.757393836975098
2014-03-21,14.546821594238281
2014-03-24,14.494181632995605
2014-03-25,14.371347427368164
2014-03-26,14.046720504760742
2014-03-27,14.511731147766113
2014-03-28,14.529272079467773
2014-03-31,14.801260948181152
2014-04-01,15.108341217041016
2014-04-02,15.222395896911621
2014-04-03,15.055699348449707
2014-04-04,14.792487144470215
2014-04-07,14.29238510131836
2014-04-08,14.441537857055664
2014-04-09,14.555598258972168
2014-04-10,13.757187843322754
2014-04-11,13.388692855834961
2014-04-14,13.283407211303711
2014-04-15,13.467656135559082
2014-04-16,13.502750396728516
2014-04-17,13.379918098449707
2014-04-21,13.783509254455566
2014-04-22,13.941436767578125
2014-04-23,13.783509254455566
2014-04-24,13.871247291564941
2014-04-25,13.678227424621582
2014-04-28,14.081812858581543
2014-04-29,14.16077709197998
2014-04-30,14.380122184753418
2014-05-01,14.187100410461426
2014-05-02,14.678431510925293
2014-05-05,14.459086418151855
2014-05-06,14.222192764282227
2014-05-07,13.958984375
2014-05-08,13.537845611572266
2014-05-09,13.423789024353027
2014-05-12,13.765960693359375
2014-05-13,13.915115356445312
2014-05-14,13.274635314941406
2014-05-15,12.66925048828125
2014-05-16,12.502544403076172
2014-05-19,12.65169906616211
2014-05-20,12.441133499145508
2014-05-21,12.441133499145508
2014-05-22,12.65169906616211
2014-05-23,12.871042251586914
2014-05-27,13.072837829589844
2014-05-28,12.800854682922363
2014-05-29,12.827176094055176
2014-05-30,12.458678245544434
2014-06-02,12.56396198272705
2014-06-03,12.432360649108887
2014-06-04,12.195466041564941
2014-06-05,12.15159797668457
2014-06-06,12.37971305847168
2014-06-09,12.792080879211426
2014-06-10,12.914912223815918
2014-06-11,12.5990571975708
2014-06-12,12.441133499145508
2014-06-13,12.546415328979492
2014-06-16,12.86226749420166
2014-06-17,13.09915828704834
2014-06-18,12.809626579284668
2014-06-19,12.590285301208496
2014-06-20,12.853496551513672
2014-06-23,12.897363662719727
2014-06-24,12.809626579284668
2014-06-25,12.976327896118164
2014-06-26,12.932456970214844
2014-06-27,13.143031120300293
2014-06-30,13.178122520446777
2014-07-01,13.44133472442627
2014-07-02,13.415013313293457
2014-07-03,13.318501472473145
2014-07-07,12.932456970214844
2014-07-08,12.590285301208496
2014-07-09,12.511321067810059
2014-07-10,12.344620704650879
2014-07-11,12.423583984375
2014-07-14,12.406037330627441
2014-07-15,12.309525489807129
2014-07-16,12.449902534484863
2014-07-17,12.177918434143066
2014-07-18,12.274428367614746
2014-07-21,12.204240798950195
2014-07-22,12.52009391784668
2014-07-23,12.739436149597168
2014-07-24,12.66925048828125
2014-07-25,12.642926216125488
2014-07-28,12.186694145202637
2014-07-29,11.941027641296387
2014-07-30,12.09018325805664
2014-07-31,11.879612922668457
2014-08-01,11.826972007751465
2014-08-04,12.125273704528809
2014-08-05,11.370736122131348
2014-08-06,11.83574390411377
2014-08-07,11.440929412841797
2014-08-08,11.739233016967773
2014-08-11,11.993672370910645
2014-08-12,11.77432918548584
2014-08-13,11.923481941223145
2014-08-14,12.028765678405762
2014-08-15,12.028765678405762
2014-08-18,12.265655517578125
2014-08-19,12.792080879211426
2014-08-20,12.75698471069336
2014-08-21,12.660472869873047
2014-08-22,12.65169906616211
2014-08-25,12.625378608703613
2014-08-26,12.75698471069336
2014-08-27,12.660472869873047
2014-08-28,12.458678245544434
2014-08-29,12.52009391784668
2014-09-02,12.56396198272705
2014-09-03,12.397259712219238
2014-09-04,12.581511497497559
2014-09-05,12.458678245544434
2014-09-08,12.423583984375
2014-09-09,12.230561256408691
2014-09-10,12.24810791015625
2014-09-11,12.283203125
2014-09-12,11.993672370910645
2014-09-15,12.616606712341309
2014-09-16,12.83594799041748
2014-09-17,13.002647399902344
2014-09-18,13.01142406463623
2014-09-19,12.686796188354492
2014-09-22,12.678020477294922
2014-09-23,12.65169906616211
2014-09-24,12.695569038391113
2014-09-25,12.660472869873047
2014-09-26,12.537642478942871
2014-09-29,12.239338874816895
2014-09-30,11.923481941223145
2014-10-01,11.712911605834961
2014-10-02,11.923481941223145
2014-10-03,11.826972007751465
2014-10-06,11.598855018615723
2014-10-07,11.353189468383789
2014-10-08,11.493571281433105
2014-10-09,11.397058486938477
2014-10-10,11.432154655456543
2014-10-13,11.063655853271484
2014-10-14,11.484794616699219
2014-10-15,11.77432918548584
2014-10-16,11.897161483764648
2014-10-17,12.537642478942871
2014-10-20,12.783308982849121
2014-10-21,12.888590812683105
2014-10-22,12.625378608703613
2014-10-23,12.888590812683105
2014-10-24,13.020197868347168
2014-10-27,13.16934585571289
2014-10-28,12.634149551391602
2014-10-29,12.52009391784668
2014-10-30,12.52009391784668
2014-10-31,12.809626579284668
2014-11-03,12.660472869873047
2014-11-04,12.484999656677246
2014-11-05,11.748008728027344
2014-11-06,12.493773460388184
2014-11-07,12.853496551513672
2014-11-10,12.879819869995117
2014-11-11,13.125480651855469
2014-11-12,13.09915828704834
2014-11-13,13.072837829589844
2014-11-14,12.818400382995605
2014-11-17,12.985102653503418
2014-11-18,13.055289268493652
2014-11-19,12.94123649597168
2014-11-20,13.230766296386719
2014-11-21,13.213220596313477
2014-11-24,13.599264144897461
2014-11-25,13.941436767578125
2014-11-26,13.61681079864502
2014-11-28,13.371145248413086
2014-12-01,13.336051940917969
2014-12-02,13.467656135559082
2014-12-03,13.669448852539062
2014-12-04,13.69577407836914
2014-12-05,13.599264144897461
2014-12-08,14.766165733337402
2014-12-09,15.12589168548584
2014-12-10,14.134461402893066
2014-12-11,14.029172897338867
2014-12-12,13.985304832458496
2014-12-15,13.853699684143066
2014-12-16,13.634355545043945
2014-12-17,14.222192764282227
2014-12-18,14.441537857055664
2014-12-19,14.634564399719238
2014-12-22,14.643335342407227
2014-12-23,14.450311660766602
2014-12-24,14.687201499938965
2014-12-26,14.713521957397461
2014-12-29,14.836358070373535
2014-12-30,14.695975303649902
2014-12-31,14.529272079467773
2015-01-02,14.511731147766113
2015-01-05,14.204646110534668
2015-01-06,13.686999320983887
2015-01-07,13.765960693359375
2015-01-08,14.423989295959473
2015-01-09,14.47663688659668
2015-01-12,14.432766914367676
2015-01-13,14.108138084411621
2015-01-14,14.178328514099121
2015-01-15,13.643126487731934
2015-01-16,13.81860637664795
2015-01-20,13.809832572937012
2015-01-21,13.564167022705078
2015-01-22,14.055498123168945
2015-01-23,13.608036994934082
2015-01-26,14.037949562072754
2015-01-27,13.809832572937012
2015-01-28,14.152006149291992
2015-01-29,14.494181632995605
2015-01-30,14.362573623657227
2015-02-02,14.511731147766113
2015-02-03,14.801260948181152
2015-02-04,14.932866096496582
2015-02-05,14.950414657592773
2015-02-06,14.643335342407227
2015-02-09,14.46785831451416
2015-02-10,14.388897895812988
2015-02-11,14.037949562072754
2015-02-12,14.932866096496582
2015-02-13,15.301362037658691
2015-02-17,15.275040626525879
2015-02-18,15.450517654418945
2015-02-19,15.152204513549805
2015-02-20,15.266268730163574
2015-02-23,15.152204513549805
2015-02-24,15.459288597106934
2015-02-25,15.35400676727295
2015-02-26,14.950414657592773
2015-02-27,14.766165733337402
2015-03-02,14.871454238891602
2015-03-03,14.57314682006836
2015-03-04,14.634564399719238
2015-03-05,14.46785831451416
2015-03-06,14.406445503234863
2015-03-09,14.371347427368164
2015-03-10,13.985304832458496
2015-03-11,14.23974609375
2015-03-12,14.4152193069458
2015-03-13,14.274839401245117
2015-03-16,13.906341552734375
2015-03-17,13.985304832458496
2015-03-18,13.888792037963867
2015-03-19,14.230968475341797
2015-03-20,14.432766914367676
2015-03-23,14.388897895812988
2015-03-24,14.862679481506348
2015-03-25,14.608236312866211
2015-03-26,14.4152193069458
2015-03-27,14.4152193069458
2015-03-30,14.58191967010498
2015-03-31,14.485405921936035
2015-04-01,14.187100410461426
2015-04-02,14.29238510131836
2015-04-06,14.169550895690918
2015-04-07,14.116911888122559
2015-04-08,14.222192764282227
2015-04-09,14.108138084411621
2015-04-10,14.16077709197998
2015-04-13,14.29238510131836
2015-04-14,14.459086418151855
2015-04-15,14.353801727294922
2015-04-16,14.09058952331543
2015-04-17,13.774735450744629
2015-04-20,13.669448852539062
2015-04-21,13.669448852539062
2015-04-22,13.79228401184082
2015-04-23,13.81860637664795
2015-04-24,14.143234252929688
2015-04-27,14.099359512329102
2015-04-28,14.020400047302246
2015-04-29,13.81860637664795
2015-04-30,13.371145248413086
2015-05-01,14.002852439880371
2015-05-04,14.301156997680664
2015-05-05,15.073244094848633
2015-05-06,14.91532039642334
2015-05-07,14.722299575805664
2015-05-08,14.880221366882324
2015-05-11,14.845130920410156
2015-05-12,14.827582359313965
2015-05-13,14.924093246459961
2015-05-14,15.21362590789795
2015-05-15,15.33646011352539
2015-05-18,15.757598876953125
2015-05-19,16.003259658813477
2015-05-20,15.845332145690918
2015-05-21,15.950617790222168
2015-05-22,16.099769592285156
2015-05-26,15.97693920135498
2015-05-27,16.134864807128906
2015-05-28,16.20505714416504
2015-05-29,15.871658325195312
2015-06-01,15.93306827545166
2015-06-02,15.66986083984375
2015-06-03,15.66986083984375
2015-06-04,15.35400676727295
2015-06-05,15.380331039428711
2015-06-08,15.231173515319824
2015-06-09,14.924093246459961
2015-06-10,15.485615730285645
2015-06-11,15.511930465698242
2015-06-12,15.511930465698242
2015-06-15,15.40665054321289
2015-06-16,15.450517654418945
2015-06-17,15.520702362060547
2015-06-18,15.292588233947754
2015-06-19,15.283815383911133
2015-06-22,15.397871017456055
2015-06-23,15.187304496765137
2015-06-24,14.959189414978027
2015-06-25,15.21362590789795
2015-06-26,15.318910598754883
2015-06-29,14.713521957397461
2015-06-30,14.94163703918457
2015-07-01,14.810035705566406
2015-07-02,14.774943351745605
2015-07-06,14.739848136901855
2015-07-07,14.801260948181152
2015-07-08,14.283613204956055
2015-07-09,14.152006149291992
2015-07-10,14.397669792175293
2015-07-13,14.388897895812988
2015-07-14,14.397669792175293
2015-07-15,14.011627197265625
2015-07-16,13.976531028747559
2015-07-17,13.985304832458496
2015-07-20,13.809832572937012
2015-07-21,13.537845611572266
2015-07-22,13.309730529785156
2015-07-23,13.186896324157715
2015-07-24,12.713114738464355
2015-07-27,12.467452049255371
2015-07-28,12.634149551391602
2015-07-29,12.66925048828125
2015-07-30,12.827176094055176
2015-07-31,12.932456970214844
2015-08-03,13.195671081542969
2015-08-04,13.783509254455566
2015-08-05,13.686999320983887
2015-08-06,13.871247291564941
2015-08-07,13.915115356445312
2015-08-10,14.555598258972168
2015-08-11,14.248515129089355
2015-08-12,14.380122184753418
2015-08-13,14.081812858581543
2015-08-14,14.58191967010498
2015-08-17,14.932866096496582
2015-08-18,15.055699348449707
2015-08-19,14.757393836975098
2015-08-20,14.274839401245117
2015-08-21,14.125683784484863
2015-08-24,13.678227424621582
2015-08-25,13.388692855834961
2015-08-26,13.880022048950195
2015-08-27,14.143234252929688
2015-08-28,14.362573623657227
2015-08-31,14.423989295959473
2015-09-01,14.011627197265625
2015-09-02,13.932662010192871
2015-09-03,14.152006149291992
2015-09-04,14.309932708740234
2015-09-08,14.47663688659668
2015-09-09,14.371347427368164
2015-09-10,14.441537857055664
2015-09-11,14.511731147766113
2015-09-14,14.441537857055664
2015-09-15,14.722299575805664
2015-09-16,14.520499229431152
2015-09-17,14.634564399719238
2015-09-18,13.932662010192871
2015-09-21,13.844925880432129
2015-09-22,13.415013313293457
2015-09-23,13.265861511230469
2015-09-24,13.336051940917969
2015-09-25,13.388692855834961
2015-09-28,12.546415328979492
2015-09-29,12.449902534484863
2015-09-30,12.493773460388184
2015-10-01,12.590285301208496
2015-10-02,12.950005531311035
2015-10-05,13.608036994934082
2015-10-06,13.915115356445312
2015-10-07,14.538052558898926
2015-10-08,14.871454238891602
2015-10-09,15.248716354370117
2015-10-12,15.196080207824707
2015-10-13,14.976729393005371
2015-10-14,14.687201499938965
2015-10-15,15.169755935668945
2015-10-16,15.1785306930542
2015-10-19,15.169755935668945
2015-10-20,15.12589168548584
2015-10-21,14.862679481506348
2015-10-22,15.36278247833252
2015-10-23,16.003259658813477
2015-10-26,15.582124710083008
2015-10-27,15.14343547821045
2015-10-28,15.67863655090332
2015-10-29,15.380331039428711
2015-10-30,15.494385719299316
2015-11-02,15.854107856750488
2015-11-03,14.810035705566406
2015-11-04,14.994282722473145
2015-11-05,15.239947319030762
2015-11-06,15.36278247833252
2015-11-09,15.424195289611816
2015-11-10,15.503158569335938
2015-11-11,15.713730812072754
2015-11-12,15.108341217041016
2015-11-13,14.871454238891602
2015-11-16,15.275040626525879
2015-11-17,15.257494926452637
2015-11-18,15.819014549255371
2015-11-19,15.555803298950195
2015-11-20,15.503158569335938
2015-11-23,15.40665054321289
2015-11-24,15.599669456481934
2015-11-25,16.01203155517578
2015-11-27,16.06467628479004
2015-11-30,16.14364242553711
2015-12-01,15.748823165893555
2015-12-02,15.275040626525879
2015-12-03,14.91532039642334
2015-12-04,14.950414657592773
2015-12-07,15.08202075958252
2015-12-08,14.994282722473145
2015-12-09,14.748616218566895
2015-12-10,14.704751014709473
2015-12-11,14.538052558898926
2015-12-14,14.450311660766602
2015-12-15,14.538052558898926
2015-12-16,14.695975303649902
2015-12-17,14.862679481506348
2015-12-18,14.897770881652832
2015-12-21,15.327682495117188
2015-12-22,15.599669456481934
2015-12-23,16.134864807128906
2015-12-24,16.2664737701416
2015-12-28,16.40685272216797
2015-12-29,16.301565170288086
2015-12-30,15.985709190368652
2015-12-31,15.801464080810547
2016-01-04,15.687405586242676
2016-01-05,15.625983238220215
2016-01-06,15.33646011352539
2016-01-07,14.687201499938965
2016-01-08,14.520499229431152
2016-01-11,14.722299575805664
2016-01-12,14.529272079467773
2016-01-13,14.099359512329102
2016-01-14,14.073044776916504
2016-01-15,13.783509254455566
2016-01-19,13.48520278930664
2016-01-20,13.230766296386719
2016-01-21,13.213220596313477
2016-01-22,13.844925880432129
2016-01-25,13.195671081542969
2016-01-26,13.406241416931152
2016-01-27,13.300954818725586
2016-01-28,13.371145248413086
2016-01-29,13.79228401184082
2016-02-01,13.853699684143066
2016-02-02,13.265861511230469
2016-02-03,13.300954818725586
2016-02-04,13.809832572937012
2016-02-05,13.002647399902344
2016-02-08,12.590285301208496
2016-02-09,12.169147491455078
2016-02-10,12.335845947265625
2016-02-11,12.09018325805664
2016-02-12,12.65169906616211
2016-02-16,12.844721794128418
2016-02-17,13.458883285522461
2016-02-18,13.336051940917969
2016-02-19,13.371145248413086
2016-02-22,13.72209358215332
2016-02-23,13.44133472442627
2016-02-24,13.827378273010254
2016-02-25,14.108138084411621
2016-02-26,13.994078636169434
2016-02-29,13.941436767578125
2016-03-01,14.494181632995605
2016-03-02,14.783714294433594
2016-03-03,14.827582359313965
2016-03-04,14.423989295959473
2016-03-07,14.695975303649902
2016-03-08,13.853699684143066
2016-03-09,14.029172897338867
2016-03-10,14.011627197265625
2016-03-11,14.459086418151855
2016-03-14,14.274839401245117
2016-03-15,13.915115356445312
2016-03-16,14.248515129089355
2016-03-17,13.976531028747559
2016-03-18,13.774735450744629
2016-03-21,13.511523246765137
2016-03-22,13.54662036895752
2016-03-23,13.862471580505371
2016-03-24,13.862471580505371
2016-03-28,13.827378273010254
2016-03-29,14.739848136901855
2016-03-30,14.836358070373535
2016-03-31,15.020604133605957
2016-04-01,15.292588233947754
2016-04-04,15.35400676727295
2016-04-05,15.292588233947754
2016-04-06,15.713730812072754
2016-04-07,15.573348999023438
2016-04-08,15.643536567687988
2016-04-11,15.415416717529297
2016-04-12,15.33646011352539
2016-04-13,15.67863655090332
2016-04-14,15.608445167541504
2016-04-15,15.91552448272705
2016-04-18,16.01203155517578
2016-04-19,15.889204025268555
2016-04-20,15.503158569335938
2016-04-21,15.257494926452637
2016-04-22,15.12589168548584
2016-04-25,14.836358070373535
2016-04-26,14.827582359313965
2016-04-27,14.994282722473145
2016-04-28,14.555598258972168
2016-04-29,14.91532039642334
2016-05-02,15.283815383911133
2016-05-03,15.152204513549805
2016-05-04,15.117108345031738
2016-05-05,15.792694091796875
2016-05-06,16.0471248626709
2016-05-09,16.134864807128906
2016-05-10,16.178735733032227
2016-05-11,16.187509536743164
2016-05-12,15.827789306640625
2016-05-13,15.959393501281738
2016-05-16,15.889204025268555
2016-05-17,15.643536567687988
2016-05-18,15.555803298950195
2016-05-19,15.424195289611816
2016-05-20,15.511930465698242
2016-05-23,15.33646011352539
2016-05-24,15.748823165893555
2016-05-25,15.722498893737793
2016-05-26,15.819014549255371
2016-05-27,15.924293518066406
2016-05-31,16.038352966308594
2016-06-01,16.038352966308594
2016-06-02,15.959393501281738
2016-06-03,15.704947471618652
2016-06-06,16.099769592285156
2016-06-07,16.14364242553711
2016-06-08,16.05590057373047
2016-06-09,15.801464080810547
2016-06-10,15.52947998046875
2016-06-13,15.046926498413086
2016-06-14,15.169755935668945
2016-06-15,14.950414657592773
2016-06-16,14.985508918762207
2016-06-17,14.845130920410156
2016-06-20,15.204853057861328
2016-06-21,15.231173515319824
2016-06-22,15.046926498413086
2016-06-23,15.35400676727295
2016-06-24,14.73106861114502
2016-06-27,13.967756271362305
2016-06-28,14.222192764282227
2016-06-29,14.643335342407227
2016-06-30,15.222395896911621
2016-07-01,15.687405586242676
2016-07-05,15.257494926452637
2016-07-06,15.511930465698242
2016-07-07,15.476835250854492
2016-07-08,16.213830947875977
2016-07-11,16.099769592285156
2016-07-12,16.5384578704834
2016-07-13,16.766572952270508
2016-07-14,16.696388244628906
2016-07-15,16.836761474609375
2016-07-18,17.28422737121582
2016-07-19,17.275447845458984
2016-07-20,17.915931701660156
2016-07-21,17.801870346069336
2016-07-22,17.8632869720459
2016-07-25,17.705366134643555
2016-07-26,17.71413803100586
2016-07-27,17.99489402770996
2016-07-28,17.968570709228516
2016-07-29,17.722909927368164
2016-08-01,17.82819366455078
2016-08-02,17.61762237548828
2016-08-03,17.600082397460938
2016-08-04,17.97734260559082
2016-08-05,17.81064796447754
2016-08-08,17.40705680847168
2016-08-09,17.486011505126953
2016-08-10,17.494794845581055
2016-08-11,17.10875129699707
2016-08-12,16.66129493713379
2016-08-15,16.81044578552246
2016-08-16,16.70515251159668
2016-08-17,16.66129493713379
2016-08-18,16.749019622802734
2016-08-19,16.494586944580078
2016-08-22,16.678836822509766
2016-08-23,16.933271408081055
2016-08-24,16.634963989257812
2016-08-25,16.784122467041016
2016-08-26,16.731475830078125
2016-08-29,17.021011352539062
2016-08-30,17.10875129699707
2016-08-31,17.091201782226562
2016-09-01,17.371959686279297
2016-09-02,17.573759078979492
2016-09-06,17.424598693847656
2016-09-07,17.486011505126953
2016-09-08,17.61762237548828
2016-09-09,17.003467559814453
2016-09-12,17.310544967651367
2016-09-13,16.757802963256836
2016-09-14,16.643741607666016
2016-09-15,16.845539093017578
2016-09-16,16.66129493713379
2016-09-19,16.643741607666016
2016-09-20,16.66129493713379
2016-09-21,16.88062858581543
2016-09-22,17.231578826904297
2016-09-23,16.898178100585938
2016-09-26,16.450719833374023
2016-09-27,16.626195907592773
2016-09-28,16.77535057067871
2016-09-29,16.415630340576172
2016-09-30,16.52090835571289
2016-10-03,16.757802963256836
2016-10-04,16.362977981567383
2016-10-05,16.362977981567383
2016-10-06,16.8192138671875
2016-10-07,16.4682674407959
2016-10-10,16.52090835571289
2016-10-11,16.178735733032227
2016-10-12,16.415630340576172
2016-10-13,16.20505714416504
2016-10-14,16.678836822509766
2016-10-17,16.55600357055664
2016-10-18,16.652515411376953
2016-10-19,16.643741607666016
2016-10-20,16.319114685058594
2016-10-21,16.301565170288086
2016-10-24,16.099769592285156
2016-10-25,15.722498893737793
2016-10-26,15.485615730285645
2016-10-27,15.547025680541992
2016-10-28,15.35400676727295
2016-10-31,16.099769592285156
2016-11-01,16.05590057373047
2016-11-02,15.792694091796875
2016-11-03,15.40665054321289
2016-11-04,15.520702362060547
2016-11-07,15.573348999023438
2016-11-08,15.468066215515137
2016-11-09,15.83655834197998
2016-11-10,15.37155532836914
2016-11-11,15.748823165893555
2016-11-14,16.06467628479004
2016-11-15,16.354206085205078
2016-11-16,16.477039337158203
2016-11-17,17.222803115844727
2016-11-18,17.257902145385742
2016-11-21,17.46847152709961
2016-11-22,17.503568649291992
2016-11-23,17.336864471435547
2016-11-25,17.266672134399414
2016-11-28,17.30177116394043
2016-11-29,17.24034881591797
2016-11-30,16.968372344970703
2016-12-01,16.696388244628906
2016-12-02,17.24034881591797
2016-12-05,17.705366134643555
2016-12-06,18.161592483520508
2016-12-07,17.99489402770996
2016-12-08,18.301979064941406
2016-12-09,18.275653839111328
2016-12-12,18.240564346313477
2016-12-13,18.20546531677246
2016-12-14,17.643945693969727
2016-12-15,17.345638275146484
2016-12-16,17.363187789916992
2016-12-19,17.450923919677734
2016-12-20,17.486011505126953
2016-12-21,17.39828109741211
2016-12-22,17.275447845458984
2016-12-23,17.082429885864258
2016-12-27,17.266672134399414
2016-12-28,16.766572952270508
2016-12-29,16.66129493713379
2016-12-30,16.6086483001709
2017-01-03,17.15261459350586
2017-01-04,17.40705680847168
2017-01-05,17.345638275146484
2017-01-06,17.17015838623047
2017-01-09,16.98592185974121
2017-01-10,17.11752700805664
2017-01-11,17.266672134399414
2017-01-12,17.249126434326172
2017-01-13,17.459692001342773
2017-01-17,17.073650360107422
2017-01-18,16.82798194885254
2017-01-19,16.626195907592773
2017-01-20,16.52090835571289
2017-01-23,16.643741607666016
2017-01-24,17.257902145385742
2017-01-25,17.538654327392578
2017-01-26,17.389507293701172
2017-01-27,17.11752700805664
2017-01-30,16.626195907592773
2017-01-31,16.784122467041016
2017-02-01,16.749019622802734
2017-02-02,16.79290199279785
2017-02-03,17.450923919677734
2017-02-06,17.310544967651367
2017-02-07,17.60886001586914
2017-02-08,18.424808502197266
2017-02-09,20.083040237426758
2017-02-10,20.504179000854492
2017-02-13,20.398897171020508
2017-02-14,20.70597267150879
2017-02-15,21.320127487182617
2017-02-16,21.653535842895508
2017-02-17,21.54825782775879
2017-02-21,21.653535842895508
2017-02-22,21.407867431640625
2017-02-23,21.048145294189453
2017-02-24,20.52172088623047
2017-02-27,21.083242416381836
2017-02-28,20.688426971435547
2017-03-01,21.004281997680664
2017-03-02,20.811254501342773
2017-03-03,20.784936904907227
2017-03-06,20.574363708496094
2017-03-07,20.52172088623047
2017-03-08,20.77616310119629
2017-03-09,20.73229217529297
2017-03-10,20.890222549438477
2017-03-13,20.977954864501953
2017-03-14,20.73229217529297
2017-03-15,21.328903198242188
2017-03-16,21.679855346679688
2017-03-17,21.671077728271484
2017-03-20,21.469289779663086
2017-03-21,20.951635360717773
2017-03-22,20.837581634521484
2017-03-23,20.872678756713867
2017-03-24,20.76738739013672
2017-03-27,20.77616310119629
2017-03-28,21.10956382751465
2017-03-29,21.320127487182617
2017-03-30,21.460512161254883
2017-03-31,21.776365280151367
2017-04-03,21.662307739257812
2017-04-04,22.17118263244629
2017-04-05,22.16240692138672
2017-04-06,22.574769973754883
2017-04-07,22.627416610717773
2017-04-10,22.723926544189453
2017-04-11,22.881858825683594
2017-04-12,22.56599998474121
2017-04-13,21.93429183959961
2017-04-17,22.557228088378906
2017-04-18,22.37297821044922
2017-04-19,22.741472244262695
2017-04-20,23.022235870361328
2017-04-21,22.794116973876953
2017-04-24,22.92572593688965
2017-04-25,23.259124755859375
2017-04-26,23.4521427154541
2017-04-27,23.11874771118164
2017-04-28,22.58354377746582
2017-05-01,22.855533599853516
2017-05-02,22.390525817871094
2017-05-03,22.32033920288086
2017-05-04,22.10976219177246
2017-05-05,21.311363220214844
2017-05-08,21.074466705322266
2017-05-09,20.951635360717773
2017-05-10,21.249942779541016
2017-05-11,20.951635360717773
2017-05-12,20.591915130615234
2017-05-15,20.828800201416016
2017-05-16,20.837581634521484
2017-05-17,20.083040237426758
2017-05-18,19.88123893737793
2017-05-19,19.907569885253906
2017-05-22,20.21465492248535
2017-05-23,20.01284408569336
2017-05-24,19.968984603881836
2017-05-25,19.87247085571289
2017-05-26,19.811058044433594
2017-05-30,19.696998596191406
2017-05-31,19.5478458404541
2017-06-01,19.942659378051758
2017-06-02,19.85491943359375
2017-06-05,19.977754592895508
2017-06-06,20.091808319091797
2017-06-07,19.898788452148438
2017-06-08,20.21465492248535
2017-06-09,20.784936904907227
2017-06-12,20.951635360717773
2017-06-13,21.127113342285156
2017-06-14,21.188526153564453
2017-06-15,21.13588523864746
2017-06-16,21.179750442504883
2017-06-19,21.372774124145508
2017-06-20,21.416645050048828
2017-06-21,21.372774124145508
2017-06-22,21.530702590942383
2017-06-23,21.50438117980957
2017-06-26,21.34645652770996
2017-06-27,20.99551010131836
2017-06-28,21.407867431640625
2017-06-29,21.19730567932129
2017-06-30,21.15342903137207
2017-07-03,21.19730567932129
2017-07-05,21.13588523864746
2017-07-06,20.90777015686035
2017-07-07,21.030601501464844
2017-07-10,21.4956111907959
2017-07-11,21.951839447021484
2017-07-12,22.250144958496094
2017-07-13,22.250144958496094
2017-07-14,22.487037658691406
2017-07-17,22.522125244140625
2017-07-18,22.29401206970215
2017-07-19,22.495805740356445
2017-07-20,22.004484176635742
2017-07-21,22.31156349182129
2017-07-24,22.258920669555664
2017-07-25,22.092222213745117
2017-07-26,22.05712127685547
2017-07-27,22.092222213745117
2017-07-28,21.978160858154297
2017-07-31,22.030805587768555
2017-08-01,21.258716583251953
2017-08-02,21.17098045349121
2017-08-03,21.399089813232422
2017-08-04,21.47805404663086
2017-08-07,21.732501983642578
2017-08-08,21.4956111907959
2017-08-09,21.320127487182617
2017-08-10,21.048145294189453
2017-08-11,21.127113342285156
2017-08-14,21.399089813232422
2017-08-15,21.355228424072266
2017-08-16,21.118337631225586
2017-08-17,20.811254501342773
2017-08-18,21.127113342285156
2017-08-21,20.96918487548828
2017-08-22,21.03937530517578
2017-08-23,20.574363708496094
2017-08-24,20.653329849243164
2017-08-25,20.890222549438477
2017-08-28,21.399089813232422
2017-08-29,21.583349227905273
2017-08-30,21.671077728271484
2017-08-31,22.355430603027344
2017-09-01,22.741472244262695
2017-09-05,22.495805740356445
2017-09-06,23.224027633666992
2017-09-07,23.98734474182129
2017-09-08,24.013662338256836
2017-09-11,23.44337272644043
2017-09-12,23.741680145263672
2017-09-13,23.425823211669922
2017-09-14,23.504793167114258
2017-09-15,23.566200256347656
2017-09-18,23.873287200927734
2017-09-19,24.048755645751953
2017-09-20,24.426034927368164
2017-09-21,24.487449645996094
2017-09-22,24.952451705932617
2017-09-25,25.51396942138672
2017-09-26,25.566617965698242
2017-09-27,25.04896354675293
2017-09-28,25.066509246826172
2017-09-29,23.759225845336914
2017-10-02,24.22422981262207
2017-10-03,24.320743560791016
2017-10-04,24.6365909576416
2017-10-05,24.373388290405273
2017-10-06,24.610273361206055
2017-10-09,24.434803009033203
2017-10-10,24.55763816833496
2017-10-11,24.654144287109375
2017-10-12,24.812074661254883
2017-10-13,24.84716796875
2017-10-16,24.812074661254883
2017-10-17,24.969999313354492
2017-10-18,24.30319595336914
2017-10-19,24.26810646057129
2017-10-20,24.31197166442871
2017-10-23,24.31197166442871
2017-10-24,24.47867774963379
2017-10-25,23.820642471313477
2017-10-26,24.0750789642334
2017-10-27,23.583757400512695
2017-10-30,23.680265426635742
2017-10-31,23.84696388244629
2017-11-01,23.794322967529297
2017-11-02,23.724132537841797
2017-11-03,23.94347381591797
2017-11-06,22.78534507751465
2017-11-07,23.460918426513672
2017-11-08,23.522335052490234
2017-11-09,23.539886474609375
2017-11-10,23.250354766845703
2017-11-13,23.504793167114258
2017-11-14,23.346860885620117
2017-11-15,22.952041625976562
2017-11-16,23.285446166992188
2017-11-17,23.469690322875977
2017-11-20,23.59252166748047
2017-11-21,23.90838050842285
2017-11-22,23.785545349121094
2017-11-24,23.978565216064453
2017-11-27,23.864503860473633
2017-11-28,24.47867774963379
2017-11-29,24.2154598236084
2017-11-30,24.22422981262207
2017-12-01,23.645170211791992
2017-12-04,23.241575241088867
2017-12-05,23.153841018676758
2017-12-06,23.14507484436035
2017-12-07,23.574983596801758
2017-12-08,23.750450134277344
2017-12-11,23.54865837097168
2017-12-12,23.267902374267578
2017-12-13,23.55743408203125
2017-12-14,23.267902374267578
2017-12-15,23.399497985839844
2017-12-18,23.645170211791992
2017-12-19,23.329313278198242
2017-12-20,23.267902374267578
2017-12-21,22.96082305908203
2017-12-22,23.14507484436035
2017-12-26,22.899402618408203
2017-12-27,23.127519607543945
2017-12-28,23.267902374267578
2017-12-29,23.039785385131836
2018-01-02,23.425823211669922
2018-01-03,24.2154598236084
2018-01-04,24.452354431152344
2018-01-05,24.540084838867188
2018-01-08,24.259326934814453
2018-01-09,24.338294982910156
2018-01-10,24.24178695678711
2018-01-11,24.698017120361328
2018-01-12,24.829618453979492
2018-01-16,24.259326934814453
2018-01-17,24.619050979614258
2018-01-18,24.46990203857422
2018-01-19,25.224437713623047
2018-01-22,25.62803077697754
2018-01-23,25.53152084350586
2018-01-24,26.847578048706055
2018-01-25,26.759836196899414
2018-01-26,26.97040557861328
2018-01-29,26.461532592773438
2018-01-30,26.303607940673828
2018-01-31,25.978981018066406
2018-02-01,25.812274932861328
2018-02-02,25.224437713623047
2018-02-05,24.338294982910156
2018-02-06,24.426034927368164
2018-02-07,24.55763816833496
2018-02-08,23.4521427154541
2018-02-09,24.083850860595703
2018-02-12,24.952451705932617
2018-02-13,26.715965270996094
2018-02-14,26.3825740814209
2018-02-15,25.50519561767578
2018-02-16,25.663124084472656
2018-02-20,25.136701583862305
2018-02-21,25.50519561767578
2018-02-22,25.452552795410156
2018-02-23,26.1928653717041
2018-02-26,26.175243377685547
2018-02-27,25.884403228759766
2018-02-28,25.117647171020508
2018-03-01,24.394968032836914
2018-03-02,25.06477165222168
2018-03-05,24.668180465698242
2018-03-06,25.24103355407715
2018-03-07,24.791561126708984
2018-03-08,24.51835823059082
2018-03-09,25.047147750854492
2018-03-12,25.196975708007812
2018-03-13,25.1705265045166
2018-03-14,25.144088745117188
2018-03-15,25.655256271362305
2018-03-16,26.139982223510742
2018-03-19,25.593563079833984
2018-03-20,25.426115036010742
2018-03-21,25.567127227783203
2018-03-22,24.76512336730957
2018-03-23,24.632930755615234
2018-03-26,25.567127227783203
2018-03-27,25.117647171020508
2018-03-28,25.038333892822266
2018-03-29,25.355607986450195
2018-04-02,24.99427032470703
2018-04-03,25.831520080566406
2018-04-04,26.307437896728516
2018-04-05,26.6864013671875
2018-04-06,26.034231185913086
2018-04-09,25.893207550048828
2018-04-10,26.695220947265625
2018-04-11,26.333877563476562
2018-04-12,26.580646514892578
2018-04-13,26.448450088500977
2018-04-16,26.792163848876953
2018-04-17,27.37383270263672
2018-04-18,26.8626708984375
2018-04-19,26.659961700439453
2018-04-20,26.307437896728516
2018-04-23,26.386756896972656
2018-04-24,26.46607780456543
2018-04-25,26.025413513183594
2018-04-26,25.91965103149414
2018-04-27,25.611186981201172
2018-04-30,24.96782875061035
2018-05-01,24.800376892089844
2018-05-02,24.82681655883789
2018-05-03,24.447847366333008
2018-05-04,24.959014892578125
2018-05-07,24.791561126708984
2018-05-08,24.289209365844727
2018-05-09,23.733978271484375
2018-05-10,23.989559173583984
2018-05-11,24.465473175048828
2018-05-14,23.936681747436523
2018-05-15,24.095321655273438
2018-05-16,24.500728607177734
2018-05-17,24.589275360107422
2018-05-18,25.191390991210938
2018-05-21,25.253368377685547
2018-05-22,25.350767135620117
2018-05-23,25.58984375
2018-05-24,25.784643173217773
2018-05-25,25.7226619720459
2018-05-29,25.864337921142578
2018-05-30,26.38675880432129
2018-05-31,25.837772369384766
2018-06-01,26.404470443725586
2018-06-04,26.723237991333008
2018-06-05,26.84720230102539
2018-06-06,26.53729248046875
2018-06-07,26.5284366607666
2018-06-08,26.634687423706055
2018-06-11,26.53729248046875
2018-06-12,26.9091796875
2018-06-13,24.85491180419922
2018-06-14,24.996583938598633
2018-06-15,24.59813117980957
2018-06-18,24.881479263305664
2018-06-19,24.544998168945312
2018-06-20,24.243946075439453
2018-06-21,23.783504486083984
2018-06-22,23.730377197265625
2018-06-25,23.491302490234375
2018-06-26,23.942882537841797
2018-06-27,23.87204933166504
2018-06-28,23.845481872558594
2018-06-29,24.10226821899414
2018-07-02,24.39447021484375
2018-07-03,24.57155990600586
2018-07-05,24.713241577148438
2018-07-06,24.7486572265625
2018-07-09,25.058568954467773
2018-07-10,24.91689682006836
2018-07-11,24.483013153076172
2018-07-12,24.730947494506836
2018-07-13,24.456457138061523
2018-07-16,25.30649757385254
2018-07-17,25.138263702392578
2018-07-18,24.28822135925293
2018-07-19,24.536142349243164
2018-07-20,23.66838836669922
2018-07-23,23.26993751525879
2018-07-24,23.526716232299805
2018-07-25,23.314208984375
2018-07-26,23.632972717285156
2018-07-27,23.455881118774414
2018-07-30,23.5444278717041
2018-07-31,23.836633682250977
2018-08-01,23.438169479370117
2018-08-02,24.06685447692871
2018-08-03,24.544998168945312
2018-08-06,24.57155990600586
2018-08-07,25.483591079711914
2018-08-08,25.341917037963867
2018-08-09,25.235660552978516
2018-08-10,25.38619041442871
2018-08-13,25.474733352661133
2018-08-14,25.899757385253906
2018-08-15,25.837772369384766
2018-08-16,26.32695770263672
2018-08-17,26.85171890258789
2018-08-20,26.985130310058594
2018-08-21,26.8695068359375
2018-08-22,26.32695770263672
2018-08-23,25.99787139892578
2018-08-24,25.944503784179688
2018-08-27,26.13128089904785
2018-08-28,25.944503784179688
2018-08-29,26.246910095214844
2018-08-30,26.273595809936523
2018-08-31,25.93561363220215
2018-09-04,25.739938735961914
2018-09-05,26.202434539794922
2018-09-06,26.300275802612305
2018-09-07,26.211332321166992
2018-09-10,26.842823028564453
2018-09-11,27.29642677307129
2018-09-12,28.239227294921875
2018-09-13,27.287534713745117
2018-09-14,27.509891510009766
2018-09-17,26.718307495117188
2018-09-18,26.531522750854492
2018-09-19,25.793304443359375
2018-09-20,25.455324172973633
2018-09-21,25.126235961914062
2018-09-24,24.992816925048828
2018-09-25,24.352436065673828
2018-09-26,24.27238655090332
2018-09-27,24.174551010131836
2018-09-28,23.56084632873535
2018-10-01,23.640901565551758
2018-10-02,23.258445739746094
2018-10-03,22.457962036132812
2018-10-04,22.360124588012695
2018-10-05,22.031034469604492
2018-10-08,22.075510025024414
2018-10-09,20.91925621032715
2018-10-10,21.070459365844727
2018-10-11,20.705795288085938
2018-10-12,20.092092514038086
2018-10-15,20.54570198059082
2018-10-16,20.883684158325195
2018-10-17,19.87863540649414
2018-10-18,19.407241821289062
2018-10-19,19.38945198059082
2018-10-22,19.513967514038086
2018-10-23,19.638490676879883
2018-10-24,19.282716751098633
2018-10-25,19.90531349182129
2018-10-26,19.05146598815918
2018-10-29,18.784639358520508
2018-10-30,18.93584442138672
2018-10-31,19.36276626586914
2018-11-01,20.616857528686523
2018-11-02,20.65242576599121
2018-11-05,20.385602951049805
2018-11-06,20.857006072998047
2018-11-07,21.710845947265625
2018-11-08,21.337291717529297
2018-11-09,20.848108291625977
2018-11-12,20.999303817749023
2018-11-13,20.848108291625977
2018-11-14,20.91925621032715
2018-11-15,20.534679412841797
2018-11-16,20.463130950927734
2018-11-19,20.320032119750977
2018-11-20,20.4989070892334
2018-11-21,20.811931610107422
2018-11-23,20.731441497802734
2018-11-26,20.642005920410156
2018-11-27,20.36475372314453
2018-11-28,20.615169525146484
2018-11-29,20.570459365844727
2018-11-30,20.445241928100586
2018-12-03,20.650943756103516
2018-12-04,19.595592498779297
2018-12-06,20.266366958618164
2018-12-07,19.586650848388672
2018-12-10,19.050024032592773
2018-12-11,19.041086196899414
2018-12-12,19.005311965942383
2018-12-13,18.88010025024414
2018-12-14,19.112638473510742
2018-12-17,18.576021194458008
2018-12-18,18.808549880981445
2018-12-19,18.7191162109375
2018-12-20,18.352426528930664
2018-12-21,18.781715393066406
2018-12-24,18.56707191467285
2018-12-26,19.255733489990234
2018-12-27,19.568767547607422
2018-12-28,19.57770538330078
2018-12-31,19.872846603393555
2019-01-02,18.969533920288086
2019-01-03,19.38988494873047
2019-01-04,19.953338623046875
2019-01-07,20.24848175048828
2019-01-08,20.382633209228516
2019-01-09,20.838768005371094
2019-01-10,21.4022159576416
2019-01-11,21.294891357421875
2019-01-14,21.223342895507812
2019-01-15,21.08024024963379
2019-01-16,20.865591049194336
2019-01-17,21.18756866455078
2019-01-18,21.52742576599121
2019-01-22,20.79404640197754
2019-01-23,20.472074508666992
2019-01-24,21.16968536376953
2019-01-25,21.473766326904297
2019-01-28,21.56319808959961
2019-01-29,21.536375045776367
2019-01-30,21.72419548034668
2019-01-31,21.804683685302734
2019-02-01,21.99250030517578
2019-02-04,21.652639389038086
2019-02-05,21.72419548034668
2019-02-06,21.45587730407715
2019-02-07,21.58108901977539
2019-02-08,21.384328842163086
2019-02-11,21.473766326904297
2019-02-12,21.706300735473633
2019-02-13,23.80806541442871
2019-02-14,23.80806541442871
2019-02-15,23.960105895996094
2019-02-19,23.334054946899414
2019-02-20,23.67391014099121
2019-02-21,23.7186279296875
2019-02-22,23.67391014099121
2019-02-25,23.381744384765625
2019-02-26,23.05812644958496
2019-02-27,23.094091415405273
2019-02-28,22.716529846191406
2019-03-01,22.896312713623047
2019-03-04,22.635618209838867
2019-03-05,22.374919891357422
2019-03-06,22.365936279296875
2019-03-07,22.27604103088379
2019-03-08,22.70754051208496
2019-03-11,23.130043029785156
2019-03-12,22.509765625
2019-03-13,22.0333251953125
2019-03-14,21.97939109802246
2019-03-15,22.141197204589844
2019-03-18,22.240076065063477
2019-03-19,22.20412826538086
2019-03-20,21.709701538085938
2019-03-21,21.970396041870117
2019-03-22,21.386075973510742
2019-03-25,21.341127395629883
2019-03-26,21.511932373046875
2019-03-27,21.763635635375977
2019-03-28,22.231098175048828
2019-03-29,21.91645622253418
2019-04-01,21.943429946899414
2019-04-02,21.69171714782715
2019-04-03,21.754648208618164
2019-04-04,21.74565887451172
2019-04-05,22.851367950439453
2019-04-08,22.70754051208496
2019-04-09,22.545724868774414
2019-04-10,22.428863525390625
2019-04-11,22.653600692749023
2019-04-12,22.45583152770996
2019-04-15,22.743492126464844
2019-04-16,22.653600692749023
2019-04-17,22.18614387512207
2019-04-18,22.22209930419922
2019-04-22,21.475969314575195
2019-04-23,21.58384895324707
2019-04-24,21.646778106689453
2019-04-25,21.853534698486328
2019-04-26,22.285030364990234
2019-04-29,22.24907684326172
2019-04-30,22.51875877380371
2019-05-01,22.27604103088379
2019-05-02,22.231098175048828
2019-05-03,22.86035919189453
2019-05-06,22.82440185546875
2019-05-07,21.754648208618164
2019-05-08,22.05130386352539
2019-05-09,22.39290428161621
2019-05-10,22.32997703552246
2019-05-13,21.790605545043945
2019-05-14,21.853534698486328
2019-05-15,22.042312622070312
2019-05-16,21.84454345703125
2019-05-17,21.58384895324707
2019-05-20,21.235790252685547
2019-05-21,21.633569717407227
2019-05-22,21.118267059326172
2019-05-23,20.702409744262695
2019-05-24,20.73857307434082
2019-05-28,20.53968048095703
2019-05-29,20.76569366455078
2019-05-30,20.575851440429688
2019-05-31,20.630090713500977
2019-06-03,20.892261505126953
2019-06-04,21.416597366333008
2019-06-05,21.380434036254883
2019-06-06,21.579330444335938
2019-06-07,21.50700569152832
2019-06-10,21.723970413208008
2019-06-11,21.67876625061035
2019-06-12,22.23927116394043
2019-06-13,22.483366012573242
2019-06-14,23.21563148498535
2019-06-17,23.07098388671875
2019-06-18,23.061946868896484
2019-06-19,22.67321014404297
2019-06-20,22.998661041259766
2019-06-21,22.863056182861328
2019-06-24,23.107149124145508
2019-06-25,23.179468154907227
2019-06-26,23.179468154907227
2019-06-27,23.47779655456543
2019-06-28,23.703811645507812
2019-07-01,23.84845733642578
2019-07-02,23.902694702148438
2019-07-03,24.09255027770996
2019-07-05,24.04733657836914
2019-07-08,23.902694702148438
2019-07-09,23.676694869995117
2019-07-10,23.423561096191406
2019-07-11,23.333152770996094
2019-07-12,23.37836265563965
2019-07-15,23.65860939025879
2019-07-16,23.69476318359375
2019-07-17,23.423561096191406
2019-07-18,23.55012321472168
2019-07-19,23.532045364379883
2019-07-22,23.513959884643555
2019-07-23,23.58628273010254
2019-07-24,23.938859939575195
2019-07-25,23.794212341308594
2019-07-26,24.038305282592773
2019-07-29,23.857494354248047
2019-07-30,24.18294334411621
2019-07-31,23.631486892700195
2019-08-01,23.24275016784668
2019-08-02,22.808818817138672
2019-08-05,22.438156127929688
2019-08-06,20.88321876525879
2019-08-07,20.413116455078125
2019-08-08,20.76569366455078
2019-08-09,20.593929290771484
2019-08-12,19.961101531982422
2019-08-13,20.66625213623047
2019-08-14,20.422161102294922
2019-08-15,20.575851440429688
2019-08-16,21.198806762695312
2019-08-19,20.807748794555664
2019-08-20,20.416696548461914
2019-08-21,20.653146743774414
2019-08-22,20.53491973876953
2019-08-23,19.94379234313965
2019-08-26,20.480358123779297
2019-08-27,20.334840774536133
2019-08-28,20.96235466003418
2019-08-29,21.52620506286621
2019-08-30,21.862695693969727
2019-09-03,21.00782585144043
2019-09-04,21.116952896118164
2019-09-05,21.207901000976562
2019-09-06,21.207901000976562
2019-09-09,21.517108917236328
2019-09-10,21.835411071777344
2019-09-11,22.599323272705078
2019-09-12,22.644794464111328
2019-09-13,22.85396957397461
2019-09-16,22.517478942871094
2019-09-17,22.53565788269043
2019-09-18,22.608423233032227
2019-09-19,22.88125228881836
2019-09-20,22.790307998657227
2019-09-23,22.53565788269043
2019-09-24,22.690269470214844
2019-09-25,23.217742919921875
2019-09-26,22.917627334594727
2019-09-27,22.644794464111328
2019-09-30,22.35378074645996
2019-10-01,21.744462966918945
2019-10-02,21.389785766601562
2019-10-03,21.744462966918945
2019-10-04,21.889972686767578
2019-10-07,21.953630447387695
2019-10-08,21.93544578552246
2019-10-09,21.971820831298828
2019-10-10,22.080951690673828
2019-10-11,22.63570213317871
2019-10-14,22.74483299255371
2019-10-15,22.74483299255371
2019-10-16,24.108978271484375
2019-10-17,24.43637466430664
2019-10-18,24.963844299316406
2019-10-21,24.77286720275879
2019-10-22,25.72776985168457
2019-10-23,26.318897247314453
2019-10-24,26.209762573242188
2019-10-25,26.94639778137207
2019-10-28,26.437122344970703
2019-10-29,26.282516479492188
2019-10-30,26.537160873413086
2019-10-31,26.58262825012207
2019-11-01,27.164661407470703
2019-11-04,27.2556095123291
2019-11-05,26.118818283081055
2019-11-06,27.082813262939453
2019-11-07,26.555349349975586
2019-11-08,26.509878158569336
2019-11-11,26.828176498413086
2019-11-12,26.919116973876953
2019-11-13,26.695287704467773
2019-11-14,26.567386627197266
2019-11-15,26.238487243652344
2019-11-18,26.576519012451172
2019-11-19,26.67701530456543
2019-11-20,26.695287704467773
2019-11-21,26.50343132019043
2019-11-22,26.868877410888672
2019-11-25,27.152082443237305
2019-11-26,27.179500579833984
2019-11-27,27.30739974975586
2019-11-29,27.097272872924805
2019-12-02,26.512571334838867
2019-12-03,26.357254028320312
2019-12-04,26.494298934936523
2019-12-05,26.713558197021484
2019-12-06,26.30243682861328
2019-12-09,26.110584259033203
2019-12-10,26.201946258544922
2019-12-11,26.083179473876953
2019-12-12,26.476024627685547
2019-12-13,26.037500381469727
2019-12-16,26.046640396118164
2019-12-17,26.238487243652344
2019-12-18,26.3389835357666
2019-12-19,27.106407165527344
2019-12-20,27.06072998046875
2019-12-23,27.216039657592773
2019-12-24,27.188629150390625
2019-12-26,27.608882904052734
2019-12-27,27.343942642211914
2019-12-30,27.05158805847168
2019-12-31,27.106407165527344
2020-01-02,27.29826545715332
2020-01-03,27.179500579833984
2020-01-06,27.69110107421875
2020-01-07,27.49925422668457
2020-01-08,28.09309196472168
2020-01-09,28.33062744140625
2020-01-10,28.3580322265625
2020-01-13,28.385440826416016
2020-01-14,28.476802825927734
2020-01-15,28.77828598022461
2020-01-16,28.869644165039062
2020-01-17,29.125450134277344
2020-01-21,28.266674041748047
2020-01-22,28.458526611328125
2020-01-23,28.403717041015625
2020-01-24,28.385440826416016
2020-01-27,28.403717041015625
2020-01-28,28.60470199584961
2020-01-29,28.44939422607422
2020-01-30,28.166173934936523
2020-01-31,28.02913475036621
2020-02-03,28.485939025878906
2020-02-04,28.403717041015625
2020-02-05,29.015817642211914
2020-02-06,29.00668716430664
2020-02-07,29.088909149169922
2020-02-10,29.125450134277344
2020-02-11,30.221776962280273
2020-02-12,30.87042808532715
2020-02-13,30.815608978271484
2020-02-14,31.361539840698242
2020-02-18,30.57245635986328
2020-02-19,30.67339515686035
2020-02-20,31.141338348388672
2020-02-21,31.187210083007812
2020-02-24,30.269678115844727
2020-02-25,29.232852935791016
2020-02-26,28.260257720947266
2020-02-27,26.682083129882812
2020-02-28,26.104036331176758
2020-03-02,27.416120529174805
2020-03-03,26.709613800048828
2020-03-04,28.150148391723633
2020-03-05,26.663740158081055
2020-03-06,24.957111358642578
2020-03-09,21.74571990966797
2020-03-10,22.222835540771484
2020-03-11,20.185897827148438
2020-03-12,16.625839233398438
2020-03-13,19.00227165222168
2020-03-16,15.28622817993164
2020-03-17,15.249528884887695
2020-03-18,13.09330940246582
2020-03-19,14.63477611541748
2020-03-20,13.111656188964844
2020-03-23,12.84557056427002
2020-03-24,16.258817672729492
2020-03-25,17.102964401245117
2020-03-26,16.708419799804688
2020-03-27,16.139541625976562
2020-03-30,16.286348342895508
2020-03-31,15.763348579406738
2020-04-01,13.845691680908203
2020-04-02,13.4052734375
2020-04-03,12.717113494873047
2020-04-06,14.570548057556152
2020-04-07,14.625597953796387
2020-04-08,16.112016677856445
2020-04-09,16.8552303314209
2020-04-13,16.093669891357422
2020-04-14,16.295528411865234
2020-04-15,15.322928428649902
2020-04-16,14.955915451049805
2020-04-17,16.020261764526367
2020-04-20,15.332106590270996
2020-04-21,14.799934387207031
2020-04-22,15.07519817352295
2020-04-23,15.460567474365234
2020-04-24,16.121192932128906
2020-04-27,16.919458389282227
2020-04-28,17.84617042541504
2020-04-29,19.396812438964844
2020-04-30,18.35081672668457
2020-05-01,17.90121841430664
2020-05-04,17.992977142333984
2020-05-05,17.992977142333984
2020-05-06,18.644428253173828
2020-05-07,18.3599910736084
2020-05-08,20.09414291381836
2020-05-11,19.46103858947754
2020-05-12,18.60772705078125
2020-05-13,17.66265869140625
2020-05-14,17.750490188598633
2020-05-15,18.314435958862305
2020-05-18,20.135711669921875
2020-05-19,20.35759162902832
2020-05-20,21.134178161621094
2020-05-21,20.792110443115234
2020-05-22,21.356060028076172
2020-05-26,22.262073516845703
2020-05-27,22.909225463867188
2020-05-28,22.178869247436523
2020-05-29,21.82754898071289
2020-06-01,22.289806365966797
2020-06-02,23.19582176208496
2020-06-03,23.824481964111328
2020-06-04,23.648826599121094
2020-06-05,25.0170955657959
2020-06-08,24.933881759643555
2020-06-09,23.9354248046875
2020-06-10,23.269779205322266
2020-06-11,20.847576141357422
2020-06-12,21.291337966918945
2020-06-15,22.197357177734375
2020-06-16,22.61338233947754
2020-06-17,22.373016357421875
2020-06-18,22.160375595092773
2020-06-19,22.520933151245117
2020-06-22,22.872241973876953
2020-06-23,23.15884017944336
2020-06-24,22.086416244506836
2020-06-25,21.929248809814453
2020-06-26,21.966232299804688
2020-06-29,23.20507049560547
2020-06-30,23.713550567626953
2020-07-01,22.86299705505371
2020-07-02,23.55637550354004
2020-07-06,24.30522918701172
2020-07-07,24.12957000732422
2020-07-08,24.416168212890625
2020-07-09,23.889196395874023
2020-07-10,24.95237922668457
2020-07-13,24.739742279052734
2020-07-14,25.70122718811035
2020-07-15,26.598003387451172
2020-07-16,26.79214096069336
2020-07-17,27.43929672241211
2020-07-20,26.949308395385742
2020-07-21,26.884597778320312
2020-07-22,27.48552703857422
2020-07-23,27.651935577392578
2020-07-24,28.32682228088379
2020-07-27,29.658111572265625
2020-07-28,28.973976135253906
2020-07-29,29.815277099609375
2020-07-30,29.482452392578125
2020-07-31,29.27906036376953
2020-08-03,29.02944564819336
2020-08-04,28.53945541381836
2020-08-05,28.520971298217773
2020-08-06,27.993999481201172
2020-08-07,29.020200729370117
2020-08-10,28.567195892333984
2020-08-11,28.659643173217773
2020-08-12,29.33453369140625
2020-08-13,29.61780548095703
2020-08-14,29.729248046875
2020-08-17,30.351511001586914
2020-08-18,30.620849609375
2020-08-19,30.955198287963867
2020-08-20,30.620849609375
2020-08-21,31.131668090820312
2020-08-24,30.955198287963867
2020-08-25,30.332937240600586
2020-08-26,30.453676223754883
2020-08-27,30.63943099975586
2020-08-28,31.475297927856445
2020-08-31,30.59298324584961
2020-09-01,31.113086700439453
2020-09-02,31.280256271362305
2020-09-03,29.580652236938477
2020-09-04,29.3856201171875
2020-09-08,28.596179962158203
2020-09-09,29.79426383972168
2020-09-10,29.376325607299805
2020-09-11,29.1627140045166
2020-09-14,30.583702087402344
2020-09-15,30.2865047454834
2020-09-16,29.710678100585938
2020-09-17,29.571361541748047
2020-09-18,28.911954879760742
2020-09-21,27.67671012878418
2020-09-22,28.298974990844727
2020-09-23,27.333078384399414
2020-09-24,27.630277633666992
2020-09-25,27.658140182495117
2020-09-28,29.041976928710938
2020-09-29,28.103940963745117
2020-09-30,27.407379150390625
2020-10-01,27.704578399658203
2020-10-02,27.463102340698242
2020-10-05,28.13180160522461
2020-10-06,27.583847045898438
2020-10-07,29.3856201171875
2020-10-08,29.62708854675293
2020-10-09,29.432048797607422
2020-10-12,29.562076568603516
2020-10-13,28.7169189453125
2020-10-14,28.921239852905273
2020-10-15,28.57760238647461
2020-10-16,28.521873474121094
2020-10-19,28.549739837646484
2020-10-20,29.19986915588379
2020-10-21,29.19986915588379
2020-10-22,28.846939086914062
2020-10-23,28.9491024017334
2020-10-26,27.574554443359375
2020-10-27,26.599367141723633
2020-10-28,25.912090301513672
2020-10-29,26.265012741088867
2020-10-30,26.54364013671875
2020-11-02,27.741731643676758
2020-11-03,29.692100524902344
2020-11-04,29.1627140045166
2020-11-05,29.088411331176758
2020-11-06,27.9460506439209
2020-11-09,26.75724983215332
2020-11-10,28.029644012451172
2020-11-11,28.735490798950195
2020-11-12,27.779041290283203
2020-11-13,29.066747665405273
2020-11-16,30.22382164001465
2020-11-17,31.25958251953125
2020-11-18,31.08229637145996
2020-11-19,32.40732955932617
2020-11-20,31.688819885253906
2020-11-23,32.92987823486328
2020-11-24,32.659271240234375
2020-11-25,32.62193298339844
2020-11-27,31.576845169067383
2020-11-30,31.940771102905273
2020-12-01,32.06207275390625
2020-12-02,31.922094345092773
2020-12-03,33.8070068359375
2020-12-04,34.29222869873047
2020-12-07,34.5908317565918
2020-12-08,35.05738830566406
2020-12-09,35.97184371948242
2020-12-10,36.307769775390625
2020-12-11,37.100929260253906
2020-12-14,36.792991638183594
2020-12-15,35.80388259887695
2020-12-16,35.393314361572266
2020-12-17,36.23311996459961
2020-12-18,35.63592529296875
2020-12-21,35.65459060668945
2020-12-22,35.05738830566406
2020-12-23,35.7105827331543
2020-12-24,36.16781234741211
2020-12-28,34.9454231262207
2020-12-29,34.198917388916016
2020-12-30,35.029396057128906
2020-12-31,34.68413543701172
2021-01-04,34.4601936340332
2021-01-05,35.30000305175781
2021-01-06,37.24089431762695
2021-01-07,37.67012405395508
2021-01-08,35.85987854003906
2021-01-11,35.981178283691406
2021-01-12,35.122711181640625
2021-01-13,35.477291107177734
2021-01-14,35.84121322631836
2021-01-15,35.42131423950195
2021-01-19,35.64525604248047
2021-01-20,36.24245071411133
2021-01-21,36.876976013183594
2021-01-22,37.352874755859375
2021-01-25,37.894081115722656
2021-01-26,37.88474655151367
2021-01-27,35.69192123413086
2021-01-28,36.494407653808594
2021-01-29,35.467960357666016
2021-02-01,37.45551300048828
2021-02-02,37.427520751953125
2021-02-03,38.32331085205078
2021-02-04,38.59392547607422
2021-02-05,38.93918228149414
2021-02-08,39.331085205078125
2021-02-09,38.93918228149414
2021-02-10,39.331085205078125
2021-02-11,39.527042388916016
2021-02-12,40.60946273803711
2021-02-16,40.90806198120117
2021-02-17,42.30774688720703
2021-02-18,41.925167083740234
2021-02-19,44.28504180908203
2021-02-22,44.33186340332031
2021-02-23,42.34657287597656
2021-02-24,44.743900299072266
2021-02-25,44.19139862060547
2021-02-26,44.58470153808594
2021-03-01,45.90510559082031
2021-03-02,44.53788757324219
2021-03-03,44.21011734008789
2021-03-04,43.236202239990234
2021-03-05,45.352603912353516
2021-03-08,46.54189682006836
2021-03-09,46.76664733886719
2021-03-10,47.29106140136719
2021-03-11,48.54592514038086
2021-03-12,49.098426818847656
2021-03-15,51.02752685546875
2021-03-16,50.54993438720703
2021-03-17,51.51448059082031
2021-03-18,50.48439025878906
2021-03-19,50.46565246582031
2021-03-22,51.08371353149414
2021-03-23,48.32115936279297
2021-03-24,47.216148376464844
2021-03-25,50.297096252441406
2021-03-26,52.48839569091797
2021-03-29,50.456295013427734
2021-03-30,51.02752685546875
2021-03-31,51.93589401245117
2021-04-01,53.21883773803711
2021-04-05,55.840911865234375
2021-04-06,56.47771453857422
2021-04-07,56.252952575683594
2021-04-08,57.70446014404297
2021-04-09,57.68572998046875
2021-04-12,58.93122100830078
2021-04-13,59.36199188232422
2021-04-14,60.3265380859375
2021-04-15,61.21616744995117
2021-04-16,62.471031188964844
2021-04-19,63.20146179199219
2021-04-20,60.804134368896484
2021-04-21,59.46500778198242
2021-04-22,60.08307647705078
2021-04-23,63.304481506347656
2021-04-26,63.75397491455078
2021-04-27,66.0670166015625
2021-04-28,64.59676361083984
2021-04-29,63.922542572021484
2021-04-30,61.69375991821289
2021-05-03,62.8175163269043
2021-05-04,67.51853942871094
2021-05-05,65.32721710205078
2021-05-06,64.84027099609375
2021-05-07,68.10850524902344
2021-05-10,68.87638854980469
2021-05-11,65.72991180419922
2021-05-12,60.07370376586914
2021-05-13,61.60948181152344
2021-05-14,61.81600570678711
2021-05-17,60.651973724365234
2021-05-18,60.642581939697266
2021-05-19,61.32786560058594
2021-05-20,61.95683288574219
2021-05-21,61.15888214111328
2021-05-24,61.018089294433594
2021-05-25,60.77400588989258
2021-05-26,62.698421478271484
2021-05-27,63.88125991821289
2021-05-28,63.09269332885742
2021-06-01,64.66976928710938
2021-06-02,61.45928955078125
2021-06-03,60.961761474609375
2021-06-04,61.2152099609375
2021-06-07,58.37083435058594
2021-06-08,59.6005859375
2021-06-09,59.619354248046875
2021-06-10,56.239891052246094
2021-06-11,55.01953887939453
2021-06-14,54.87872314453125
2021-06-15,55.169734954833984
2021-06-16,54.55016326904297
2021-06-17,53.27348709106445
2021-06-18,52.344120025634766
2021-06-21,54.01508331298828
2021-06-22,54.47506332397461
2021-06-23,54.61587905883789
2021-06-24,55.49829864501953
2021-06-25,54.51261520385742
2021-06-28,54.34363555908203
2021-06-29,54.259151458740234
2021-06-30,56.59661865234375
2021-07-01,56.79375457763672
2021-07-02,56.699886322021484
2021-07-06,52.954307556152344
2021-07-07,54.690982818603516
2021-07-08,54.44690704345703
2021-07-09,56.22112274169922
2021-07-12,56.014591217041016
2021-07-13,53.817955017089844
2021-07-14,53.48000717163086
2021-07-15,51.93107223510742
2021-07-16,49.4997444152832
2021-07-19,48.1667366027832
2021-07-20,49.22750473022461
2021-07-21,50.936012268066406
2021-07-22,50.24134826660156
2021-07-23,50.45726013183594
2021-07-26,50.74827194213867
2021-07-27,50.964176177978516
2021-07-28,51.471107482910156
2021-07-29,52.73839569091797
2021-07-30,52.043731689453125
2021-08-02,50.69194412231445
2021-08-03,51.93107223510742
2021-08-04,51.949859619140625
2021-08-05,51.99679183959961
2021-08-06,53.45183563232422
2021-08-09,52.70790100097656
2021-08-10,54.45006561279297
2021-08-11,55.51420211791992
2021-08-12,56.90793991088867
2021-08-13,55.504791259765625
2021-08-16,54.459476470947266
2021-08-17,52.75497055053711
2021-08-18,54.05453872680664
2021-08-19,53.71552276611328
2021-08-20,55.033935546875
2021-08-23,55.90031051635742
2021-08-24,56.870269775390625
2021-08-25,58.87613296508789
2021-08-26,59.149234771728516
2021-08-27,61.042083740234375
2021-08-30,61.531761169433594
2021-08-31,59.74250411987305
2021-09-01,59.252811431884766
2021-09-02,59.6954231262207
2021-09-03,60.48646926879883
2021-09-07,59.59183120727539
2021-09-08,59.74250411987305
2021-09-09,58.90437698364258
2021-09-10,59.299903869628906
2021-09-13,58.30167770385742
2021-09-14,56.83260726928711
2021-09-15,57.265804290771484
2021-09-16,57.454132080078125
2021-09-17,57.48238754272461
2021-09-20,55.881465911865234
2021-09-21,55.40119552612305
2021-09-22,56.474754333496094
2021-09-23,58.094505310058594
2021-09-24,57.97208023071289
2021-09-27,60.04384994506836
2021-09-28,59.422325134277344
2021-09-29,60.0250244140625
2021-09-30,57.79315948486328
2021-10-01,58.91379928588867
2021-10-04,57.576560974121094
2021-10-05,58.17926025390625
2021-10-06,57.265804290771484
2021-10-07,58.46177673339844
2021-10-08,57.859073638916016
2021-10-11,60.156864166259766
2021-10-12,61.927284240722656
2021-10-13,62.84077453613281
2021-10-14,62.4828987121582
2021-10-15,62.5582389831543
2021-10-18,62.52055358886719
2021-10-19,60.37345504760742
2021-10-20,61.42818832397461
2021-10-21,61.11742401123047
2021-10-22,60.62771224975586
2021-10-25,62.209808349609375
2021-10-26,59.51649475097656
2021-10-27,56.92677307128906
2021-10-28,57.953243255615234
2021-10-29,55.495361328125
2021-11-01,56.719600677490234
2021-11-02,60.48646926879883
2021-11-03,63.283363342285156
2021-11-04,63.08561325073242
2021-11-05,62.0374755859375
2021-11-08,61.03657913208008
2021-11-09,61.4992561340332
2021-11-10,60.583335876464844
2021-11-11,62.028038024902344
2021-11-12,63.68048095703125
2021-11-15,63.08561325073242
2021-11-16,63.19890594482422
2021-11-17,63.2083625793457
2021-11-18,64.65308380126953
2021-11-19,66.10721588134766
2021-11-22,68.17514038085938
2021-11-23,66.77764129638672
2021-11-24,67.45750427246094
2021-11-26,65.24796295166016
2021-11-29,63.86935043334961
2021-11-30,61.70698928833008
2021-12-01,62.953407287597656
2021-12-02,66.5604476928711
2021-12-03,66.68321228027344
2021-12-06,67.52359008789062
2021-12-07,70.1297378540039
2021-12-08,70.26192474365234
2021-12-09,70.49800872802734
2021-12-10,73.07579803466797
2021-12-13,71.23451232910156
2021-12-14,69.60094451904297
2021-12-15,71.53667449951172
2021-12-16,71.40447998046875
2021-12-17,70.55463409423828
2021-12-20,67.95794677734375
2021-12-21,69.37432098388672
2021-12-22,72.03712463378906
2021-12-23,72.13155364990234
2021-12-27,74.48274993896484
2021-12-28,73.73677825927734
2021-12-29,74.32222747802734
2021-12-30,73.31187438964844
2021-12-31,73.9822769165039
2022-01-03,73.64234924316406
2022-01-04,72.61312866210938
2022-01-05,70.84736633300781
2022-01-06,70.91345977783203
2022-01-07,69.27991485595703
2022-01-10,69.34601593017578
2022-01-11,70.19583129882812
2022-01-12,72.4526138305664
2022-01-13,73.5573959350586
2022-01-14,71.38557434082031
2022-01-18,66.17330932617188
2022-01-19,64.67194366455078
2022-01-20,62.25465774536133
2022-01-21,60.60222244262695
2022-01-24,63.65216827392578
2022-01-25,62.46238708496094
2022-01-26,60.87605285644531
2022-01-27,59.412452697753906
2022-01-28,61.30097198486328
2022-01-31,62.736236572265625
2022-02-01,64.82303619384766
2022-02-02,66.29605865478516
2022-02-03,65.00243377685547
2022-02-04,64.32257080078125
2022-02-07,64.10539245605469
2022-02-08,66.6926498413086
2022-02-09,67.51414489746094
2022-02-10,64.78527069091797
2022-02-11,64.24702453613281
2022-02-14,64.039306640625
2022-02-15,65.24796295166016
2022-02-16,66.1449966430664
2022-02-17,64.19982147216797
2022-02-18,65.2762680053711
2022-02-22,64.21871948242188
2022-02-23,59.37468719482422
2022-02-24,62.47184753417969
2022-02-25,65.91091918945312
2022-02-28,68.16573333740234
2022-03-01,68.06153106689453
2022-03-02,69.2363052368164
2022-03-03,67.92887878417969
2022-03-04,65.78775787353516
2022-03-07,60.07490539550781
2022-03-08,58.35063552856445
2022-03-09,60.851783752441406
2022-03-10,62.026554107666016
2022-03-11,62.86026382446289
2022-03-14,61.44864273071289
2022-03-15,64.83086395263672
2022-03-16,66.37516021728516
2022-03-17,68.0046615600586
2022-03-18,68.87628173828125
2022-03-21,65.74040222167969
2022-03-22,64.75507354736328
2022-03-23,63.81717300415039
2022-03-24,62.064456939697266
2022-03-25,61.117061614990234
2022-03-28,62.557098388671875
2022-03-29,64.45191192626953
2022-03-30,62.50027084350586
2022-03-31,58.852760314941406
2022-04-01,58.47379684448242
2022-04-04,59.07065200805664
2022-04-05,58.2843132019043
2022-04-06,54.82628631591797
2022-04-07,54.48522186279297
2022-04-08,55.015769958496094
2022-04-11,56.20002365112305
2022-04-12,57.2421760559082
2022-04-13,58.416954040527344
2022-04-14,57.49796676635742
2022-04-18,57.90534973144531
2022-04-19,59.487518310546875
2022-04-20,63.00239944458008
2022-04-21,61.496028900146484
2022-04-22,60.37807846069336
2022-04-25,61.71391296386719
2022-04-26,60.07490539550781
2022-04-27,60.34965133666992
2022-04-28,63.04027557373047
2022-04-29,61.12652587890625
2022-05-02,62.58552169799805
2022-05-03,68.16573333740234
2022-05-04,73.80281066894531
2022-05-05,73.43331146240234
2022-05-06,70.19317626953125
2022-05-09,70.02265930175781
2022-05-10,69.41630554199219
2022-05-11,65.18765258789062
2022-05-12,65.1496353149414
2022-05-13,65.4537353515625
2022-05-16,64.62699890136719
2022-05-17,67.70585632324219
2022-05-18,63.63874435424805
2022-05-19,62.40340805053711
2022-05-20,60.721458435058594
2022-05-23,61.6526985168457
2022-05-24,60.39836883544922
2022-05-25,62.973567962646484
2022-05-26,66.14742279052734
2022-05-27,67.11669158935547
2022-05-31,65.62479400634766
2022-06-01,65.39672088623047
2022-06-02,68.2760009765625
2022-06-03,68.44705963134766
2022-06-06,70.50910186767578
2022-06-07,69.47332763671875
2022-06-08,66.96466064453125
2022-06-09,64.64601135253906
2022-06-10,61.47216796875
2022-06-13,57.50007629394531
2022-06-14,57.509586334228516
2022-06-15,56.81589889526367
2022-06-16,51.35191345214844
2022-06-17,51.475440979003906
2022-06-21,51.95057678222656
2022-06-22,50.810264587402344
2022-06-23,49.17582702636719
2022-06-24,49.95503616333008
2022-06-27,50.23061752319336
2022-06-28,48.70070266723633
2022-06-29,49.32786560058594
2022-06-30,49.80299758911133
2022-07-01,51.86505889892578
2022-07-05,51.67500686645508
2022-07-06,51.82704544067383
2022-07-07,53.832088470458984
2022-07-08,53.85110092163086
2022-07-11,54.07915496826172
2022-07-12,54.52577590942383
2022-07-13,54.75383758544922
2022-07-14,54.126670837402344
2022-07-15,54.934391021728516
2022-07-18,54.763343811035156
2022-07-19,56.8729133605957
2022-07-20,58.14625930786133
2022-07-21,58.5263671875
2022-07-22,58.5168571472168
2022-07-25,58.26029586791992
2022-07-26,57.33854293823242
2022-07-27,58.49784851074219
2022-07-28,59.780704498291016
2022-07-29,60.46488571166992
2022-08-01,61.7097282409668
2022-08-02,59.14402770996094
2022-08-03,58.820945739746094
2022-08-04,58.71641540527344
2022-08-05,58.326805114746094
2022-08-08,59.51463317871094
2022-08-09,54.677818298339844
2022-08-10,54.611297607421875
2022-08-11,56.530818939208984
2022-08-12,58.01322555541992
2022-08-15,56.758880615234375
2022-08-16,58.15576171875
2022-08-17,56.34375762939453
2022-08-18,57.90780258178711
2022-08-19,55.47590255737305
2022-08-22,54.5126838684082
2022-08-23,54.93230438232422
2022-08-24,54.360084533691406
2022-08-25,55.82876968383789
2022-08-26,53.320579528808594
2022-08-29,53.120296478271484
2022-08-30,52.261985778808594
2022-08-31,51.718379974365234
2022-09-01,50.984039306640625
2022-09-02,50.812374114990234
2022-09-06,50.640716552734375
2022-09-07,50.89821243286133
2022-09-08,51.14617156982422
2022-09-09,53.01539993286133
2022-09-12,53.50177764892578
2022-09-13,50.5167350769043
2022-09-14,50.688392639160156
2022-09-15,50.65025329589844
2022-09-16,50.08757400512695
2022-09-19,52.0903205871582
2022-09-20,50.011287689208984
2022-09-21,50.268775939941406
2022-09-22,48.56167984008789
2022-09-23,47.37911605834961
2022-09-26,46.15839767456055
2022-09-27,46.94041442871094
2022-09-28,49.276939392089844
2022-09-29,48.59028625488281
2022-09-30,48.819175720214844
2022-10-03,50.011287689208984
2022-10-04,52.567161560058594
2022-10-05,52.40503692626953
2022-10-06,52.567161560058594
2022-10-07,51.38460159301758
2022-10-10,52.061702728271484
2022-10-11,52.82465362548828
2022-10-12,51.84235382080078
2022-10-13,51.365516662597656
2022-10-14,50.65025329589844
2022-10-17,52.557621002197266
2022-10-18,53.64482116699219
2022-10-19,51.46088409423828
2022-10-20,50.40229415893555
2022-10-21,53.158451080322266
2022-10-24,53.56852340698242
2022-10-25,55.05628204345703
2022-10-26,55.29470443725586
2022-10-27,55.3614616394043
2022-10-28,56.553565979003906
2022-10-31,54.02629852294922
2022-11-01,53.845096588134766
2022-11-02,50.14480209350586
2022-11-03,49.353240966796875
2022-11-04,50.80283737182617
2022-11-07,52.3192024230957
2022-11-08,51.65850830078125
2022-11-09,50.28924560546875
2022-11-10,55.82374954223633
2022-11-11,57.43238830566406
2022-11-14,56.39825439453125
2022-11-15,60.82202911376953
2022-11-16,59.538944244384766
2022-11-17,58.715476989746094
2022-11-18,59.0410270690918
2022-11-21,59.768741607666016
2022-11-22,62.172142028808594
2022-11-23,60.726280212402344
2022-11-25,60.151763916015625
2022-11-28,59.00273132324219
2022-11-29,59.17509460449219
2022-11-30,61.09013366699219
2022-12-01,61.65507888793945
2022-12-02,61.26249313354492
2022-12-05,60.17091369628906
2022-12-06,60.17091369628906
2022-12-07,62.64133071899414
2022-12-08,63.24457550048828
2022-12-09,61.9040412902832
2022-12-12,62.191287994384766
2022-12-13,62.37321853637695
2022-12-14,61.2337646484375
2022-12-15,60.28580856323242
2022-12-16,59.222957611083984
2022-12-19,58.150535583496094
2022-12-20,57.690921783447266
2022-12-21,58.41864013671875
2022-12-22,57.384517669677734
2022-12-23,58.064353942871094
2022-12-27,57.74837875366211
2022-12-28,56.35038375854492
2022-12-29,57.4515380859375
2022-12-30,56.68552017211914
2023-01-03,56.848297119140625
2023-01-04,58.9261360168457
2023-01-05,58.04520034790039
2023-01-06,59.347434997558594
2023-01-09,58.42821502685547
2023-01-10,58.897403717041016
2023-01-11,61.827430725097656
2023-01-12,61.14759063720703
2023-01-13,60.9273567199707
2023-01-17,60.89863586425781
2023-01-18,60.4102897644043
2023-01-19,59.289981842041016
2023-01-20,60.22836685180664
2023-01-23,61.3869743347168
2023-01-24,61.35824966430664
2023-01-25,62.880714416503906
2023-01-26,64.26913452148438
2023-01-27,64.61383819580078
2023-01-30,63.407344818115234
2023-01-31,65.19791412353516
2023-02-01,67.50555419921875
2023-02-02,69.09504699707031
2023-02-03,67.6683349609375
2023-02-06,65.92565155029297
2023-02-07,65.51390075683594
2023-02-08,64.11590576171875
2023-02-09,63.359466552734375
2023-02-10,62.880714416503906
2023-02-13,64.30742645263672
2023-02-14,63.8190803527832
2023-02-15,64.06803894042969
2023-02-16,62.98603057861328
2023-02-17,62.04765701293945
2023-02-21,54.320430755615234
2023-02-22,55.40243148803711
2023-02-23,55.976951599121094
2023-02-24,55.37371063232422
2023-02-27,55.24923324584961
2023-02-28,56.024818420410156
2023-03-01,56.63764572143555
2023-03-02,57.643035888671875
2023-03-03,57.78667068481445
2023-03-06,56.19718551635742
2023-03-07,55.4311637878418
2023-03-08,55.56521224975586
2023-03-09,55.19023132324219
2023-03-10,53.69990158081055
2023-03-13,52.95954132080078
2023-03-14,53.46914291381836
2023-03-15,52.38264083862305
2023-03-16,53.497982025146484
2023-03-17,52.286495208740234
2023-03-20,53.853736877441406
2023-03-21,54.41141891479492
2023-03-22,52.901851654052734
2023-03-23,52.517250061035156
2023-03-24,52.77685546875
2023-03-27,53.065311431884766
2023-03-28,52.72877883911133
2023-03-29,52.66147994995117
2023-03-30,51.69035339355469
2023-03-31,52.1230354309082
2023-04-03,52.363407135009766
2023-04-04,50.64231872558594
2023-04-05,50.94038772583008
2023-04-06,51.92112350463867
2023-04-10,53.228759765625
2023-04-11,54.622947692871094
2023-04-12,54.44987487792969
2023-04-13,56.007503509521484
2023-04-14,56.75747299194336
2023-04-17,57.24784851074219
2023-04-18,57.382450103759766
2023-04-19,57.805511474609375
2023-04-20,59.43045425415039
2023-04-21,58.96893310546875
2023-04-24,58.526641845703125
2023-04-25,57.670902252197266
2023-04-26,55.51714324951172
2023-04-27,55.88250732421875
2023-04-28,57.44015121459961
2023-05-01,57.055545806884766
2023-05-02,57.372833251953125
2023-05-03,59.58428955078125
2023-05-04,58.093963623046875
2023-05-05,59.49775695800781
2023-05-08,60.757328033447266
2023-05-09,61.26691818237305
2023-05-10,61.11308670043945
2023-05-11,60.4664306640625
2023-05-12,60.36991882324219
2023-05-15,61.51844024658203
2023-05-16,60.66911315917969
2023-05-17,60.456783294677734
2023-05-18,61.132381439208984
2023-05-19,59.51093673706055
2023-05-22,59.17314147949219
2023-05-23,57.194583892822266
2023-05-24,56.38386154174805
2023-05-25,57.416568756103516
2023-05-26,57.09807586669922
2023-05-30,57.54203796386719
2023-05-31,56.48037338256836
2023-06-01,56.56724548339844
2023-06-02,58.72917175292969
2023-06-05,58.6905632019043
2023-06-06,60.707725524902344
2023-06-07,61.933448791503906
2023-06-08,61.34471893310547
2023-06-09,61.43157958984375
2023-06-12,61.66321563720703
2023-06-13,62.502899169921875
2023-06-14,60.755977630615234
2023-06-15,61.33505630493164
2023-06-16,61.42192459106445
2023-06-20,63.13024139404297
2023-06-21,65.6878662109375
2023-06-22,65.29215240478516
2023-06-23,65.48519897460938
2023-06-26,66.29591369628906
2023-06-27,68.3516845703125
2023-06-28,71.29537963867188
2023-06-29,72.41494750976562
2023-06-30,72.36670684814453
2023-07-03,71.99027252197266
2023-07-05,70.21442413330078
2023-07-06,68.57366943359375
2023-07-07,70.07928466796875
2023-07-10,72.057861328125
2023-07-11,72.13506317138672
2023-07-12,75.78330993652344
2023-07-13,75.6867904663086
2023-07-14,75.84123229980469
2023-07-17,75.86051177978516
2023-07-18,75.194580078125
2023-07-19,74.7313003540039
2023-07-20,72.84925842285156
2023-07-21,73.37043762207031
2023-07-24,73.01333618164062
2023-07-25,73.708251953125
2023-07-26,73.60208129882812
2023-07-27,73.28358459472656
2023-07-28,73.10020446777344
2023-07-31,73.47661590576172
2023-08-01,73.77580261230469
2023-08-02,65.09912872314453
2023-08-03,63.776885986328125
2023-08-04,62.78278350830078
2023-08-07,62.6959228515625
2023-08-08,61.624603271484375
2023-08-09,61.6439094543457
2023-08-10,61.73109817504883
2023-08-11,60.742942810058594
2023-08-14,61.87641906738281
2023-08-15,60.09385299682617
2023-08-16,59.435081481933594
2023-08-17,58.36941146850586
2023-08-18,57.468441009521484
2023-08-21,57.5653190612793
2023-08-22,57.69126510620117
2023-08-23,59.841976165771484
2023-08-24,58.6600456237793
2023-08-25,58.78599548339844
2023-08-28,59.6966552734375
2023-08-29,60.781700134277344
2023-08-30,60.66543960571289
2023-08-31,60.52980041503906
2023-09-01,62.27363204956055
2023-09-05,60.70418930053711
2023-09-06,59.6675910949707
2023-09-07,58.524417877197266
2023-09-08,58.078773498535156
2023-09-11,57.855960845947266
2023-09-12,57.76876449584961
2023-09-13,55.97650909423828
2023-09-14,57.40062713623047
2023-09-15,56.799983978271484
2023-09-18,56.228397369384766
2023-09-19,56.06370162963867
2023-09-20,55.821502685546875
2023-09-21,54.93022155761719
2023-09-22,53.91299819946289
2023-09-25,53.8258056640625
2023-09-26,53.36078643798828
2023-09-27,53.292972564697266
2023-09-28,54.33926010131836
2023-09-29,53.544857025146484
2023-10-02,53.71923828125
2023-10-03,52.26605987548828
2023-10-04,52.27574157714844
2023-10-05,52.10136413574219
2023-10-06,50.37691879272461
2023-10-09,50.53192901611328
2023-10-10,52.26605987548828
2023-10-11,52.498565673828125
2023-10-12,49.75689697265625
2023-10-13,50.783809661865234
2023-10-16,52.86669921875
2023-10-17,54.000186920166016
2023-10-18,53.2154655456543
2023-10-19,52.31449890136719
2023-10-20,51.78166198730469
2023-10-23,51.03569793701172
2023-10-24,50.88069534301758
2023-10-25,49.64064407348633
2023-10-26,49.28219223022461
2023-10-27,48.86560821533203
2023-10-30,49.63095474243164
2023-10-31,49.67939376831055
2023-11-01,52.44043731689453
2023-11-02,55.49211120605469
2023-11-03,57.33281326293945
2023-11-06,57.148738861083984
2023-11-07,56.867794036865234
2023-11-08,57.19717788696289
2023-11-09,55.83534240722656
2023-11-10,56.730262756347656
2023-11-13,56.37035369873047
2023-11-14,59.47339630126953
2023-11-15,59.39557647705078
2023-11-16,59.45393753051758
2023-11-17,59.317752838134766
2023-11-20,59.5025749206543
2023-11-21,58.56874465942383
2023-11-22,59.56093978881836
2023-11-24,59.78467559814453
2023-11-27,59.76521682739258
2023-11-28,59.76521682739258
2023-11-29,59.77494430541992
2023-11-30,59.327484130859375
2023-12-01,61.38969421386719
2023-12-04,61.866336822509766
2023-12-05,61.7398796081543
2023-12-06,61.13677978515625
2023-12-07,62.32353210449219
2023-12-08,62.060890197753906
2023-12-11,61.29241943359375
2023-12-12,60.1251335144043
2023-12-13,63.50054931640625
2023-12-14,67.51797485351562
2023-12-15,65.40711975097656
2023-12-18,65.33903503417969
2023-12-19,68.93816375732422
2023-12-20,67.6833267211914
2023-12-21,68.73388671875
2023-12-22,68.8895263671875
2023-12-26,69.19107818603516
2023-12-27,69.8817138671875
2023-12-28,69.52181243896484
2023-12-29,68.89926147460938
2024-01-02,67.8292465209961
2024-01-03,65.42657470703125
2024-01-04,65.19310760498047
2024-01-05,66.623046875
2024-01-08,68.00434112548828
2024-01-09,67.78060913085938
2024-01-10,67.51797485351562
2024-01-11,67.15806579589844
2024-01-12,67.12887573242188
2024-01-16,65.83512878417969
2024-01-17,65.67947387695312
2024-01-18,65.92266082763672
2024-01-19,65.8837661743164
2024-01-22,66.33121490478516
2024-01-23,63.91881561279297
2024-01-24,63.61727523803711
2024-01-25,64.67755889892578
2024-01-26,64.12310028076172
2024-01-29,65.4168472290039
2024-01-30,65.89348602294922
2024-01-31,64.7359390258789
2024-02-01,66.14640808105469
2024-02-02,64.20092010498047
2024-02-05,63.50054931640625
2024-02-06,63.77290344238281
2024-02-07,64.7845687866211
2024-02-08,67.2358627319336
2024-02-09,67.67359924316406
2024-02-12,68.99652862548828
2024-02-13,66.81758880615234
2024-02-14,68.21833038330078
2024-02-15,68.13079833984375
2024-02-16,66.67169189453125
2024-02-20,66.45767974853516
2024-02-21,65.99076080322266
2024-02-22,68.73468017578125
2024-02-23,69.82833862304688
2024-02-26,68.95926666259766
2024-02-27,70.91224670410156
2024-02-28,72.00589752197266
2024-02-29,72.2304916381836
2024-03-01,73.31438446044922
2024-03-04,73.76356506347656
2024-03-05,73.26556396484375
2024-03-06,73.54874420166016
2024-03-07,73.86121368408203
2024-03-08,75.09159088134766
2024-03-11,74.65216064453125
2024-03-12,74.76934814453125
2024-03-13,76.47817993164062
2024-03-14,74.53498840332031
2024-03-15,76.59537506103516
2024-03-18,75.68724060058594
2024-03-19,76.88832092285156
2024-03-20,78.7045669555664
2024-03-21,80.34506225585938
2024-03-22,80.46224212646484
2024-03-25,80.63801574707031
2024-03-26,80.4231948852539
2024-03-27,81.63402557373047
2024-03-28,81.9367446899414
2024-04-01,81.3117904663086
2024-04-02,79.57364654541016
2024-04-03,80.3548355102539
2024-04-04,78.78269958496094
2024-04-05,78.45068359375
2024-04-08,76.96643829345703
2024-04-09,77.90386199951172
2024-04-10,75.65795135498047
2024-04-11,76.27313995361328
2024-04-12,74.96464538574219
2024-04-15,73.49990844726562
2024-04-16,71.27354431152344
2024-04-17,71.03919219970703
2024-04-18,70.32633972167969
2024-04-19,70.41423034667969
2024-04-22,71.50789642333984
2024-04-23,72.15237426757812
2024-04-24,73.42179107666016
2024-04-25,73.06050109863281
2024-04-26,72.81637573242188
2024-04-29,72.41602325439453
2024-04-30,71.46883392333984
2024-05-01,71.15636444091797
2024-05-02,72.11331176757812
2024-05-03,72.552734375
2024-05-06,71.95709228515625
2024-05-07,71.25401306152344
2024-05-08,86.06726837158203
2024-05-09,84.92477416992188
2024-05-10,85.19818878173828
2024-05-13,86.06726837158203
2024-05-14,87.54176330566406
2024-05-15,89.87554931640625
2024-05-16,87.56127166748047
2024-05-17,88.29364776611328
2024-05-20,89.66072845458984
2024-05-21,90.3755874633789
2024-05-22,87.53573608398438
2024-05-23,86.6642074584961
2024-05-24,88.01556396484375
2024-05-28,87.78055572509766
2024-05-29,87.02652740478516
2024-05-30,88.84793853759766
2024-05-31,89.77823638916016
2024-06-03,89.84678649902344
2024-06-04,88.87731170654297
2024-06-05,89.74885559082031
2024-06-06,91.11002349853516
2024-06-07,88.1135025024414
2024-06-10,89.2396469116211
2024-06-11,90.16992950439453
2024-06-12,91.6681900024414
2024-06-13,91.67798614501953
2024-06-14,90.2188949584961
2024-06-17,87.04611206054688
2024-06-18,86.80128479003906
2024-06-20,84.83299255371094
2024-06-21,84.12792205810547
2024-06-24,83.7656021118164
2024-06-25,81.10202026367188
2024-06-26,80.95513153076172
2024-06-27,80.68093872070312
2024-06-28,80.62218475341797
2024-07-01,80.60260009765625
2024-07-02,80.16193389892578
2024-07-03,81.3860092163086
2024-07-05,78.56574249267578
2024-07-08,79.11412811279297
2024-07-09,78.39927673339844
2024-07-10,79.20226287841797
2024-07-11,82.42403411865234
2024-07-12,83.88311767578125
2024-07-15,84.87214660644531
2024-07-16,87.770751953125
2024-07-17,87.60427856445312
2024-07-18,87.0656967163086
2024-07-19,87.17341613769531
2024-07-22,89.79782104492188
2024-07-23,90.74769592285156
2024-07-24,88.4856185913086
2024-07-25,93.79317474365234
2024-07-26,95.57543182373047
2024-07-29,95.07601165771484
2024-07-30,96.66240692138672
2024-07-31,96.12380981445312
2024-08-01,94.71369171142578
2024-08-02,92.70621490478516
2024-08-05,89.9055404663086
2024-08-06,92.02073669433594
2024-08-07,92.94122314453125
2024-08-08,93.81277465820312
2024-08-09,93.39169311523438
2024-08-12,92.09906768798828
2024-08-13,93.10769653320312
2024-08-14,92.1284408569336
2024-08-15,93.54837036132812
2024-08-16,92.1284408569336
2024-08-19,91.65840148925781
2024-08-20,90.6666030883789
2024-08-21,92.11012268066406
2024-08-22,91.25578308105469
2024-08-23,95.42922973632812
2024-08-26,96.0184097290039
2024-08-27,95.3408432006836
2024-08-28,94.9775161743164
2024-08-29,95.93984985351562
2024-08-30,95.30155944824219
2024-09-03,92.552001953125
2024-09-04,92.4832763671875
2024-09-05,91.61912536621094
2024-09-06,90.49967193603516
2024-09-09,91.57984161376953
2024-09-10,92.54219055175781
2024-09-11,92.552001953125
2024-09-12,93.08229064941406
2024-09-13,96.15589141845703
2024-09-16,97.26554107666016
2024-09-17,98.96436309814453
2024-09-18,99.7106704711914
2024-09-19,102.26383209228516
2024-09-20,103.64844512939453
2024-09-23,104.55184936523438
2024-09-24,104.88572692871094
2024-09-25,103.35382843017578
2024-09-26,104.94464874267578
2024-09-27,105.2686996459961
2024-09-30,105.52401733398438
2024-10-01,106.44709777832031
2024-10-02,106.0150146484375
2024-10-03,104.65988159179688
2024-10-04,103.86447143554688
2024-10-07,106.26051330566406
2024-10-08,105.023193359375
2024-10-09,104.84645080566406
2024-10-10,102.16563415527344
2024-10-11,102.8137435913086
2024-10-14,102.01834106445312
2024-10-15,101.57645416259766
2024-10-16,102.7253646850586
2024-10-17,101.57645416259766
2024-10-18,103.26547241210938
2024-10-21,101.2131118774414
2024-10-22,97.84490203857422
2024-10-23,98.26715850830078
2024-10-24,101.7041015625
2024-10-25,98.95454406738281
2024-10-28,100.34896850585938
2024-10-29,96.25408935546875
2024-10-30,96.882568359375
2024-10-31,97.11824035644531
2024-11-01,98.6795883178711
2024-11-04,99.31787872314453
2024-11-05,106.54528045654297
2024-11-06,106.19175720214844
2024-11-07,106.85952758789062
2024-11-08,109.61888885498047
2024-11-11,110.29644775390625
2024-11-12,110.74818420410156
2024-11-13,109.442138671875
2024-11-14,110.414306640625
2024-11-15,109.95276641845703
2024-11-18,113.20313262939453
2024-11-19,109.64836120605469
2024-11-20,109.63851165771484
2024-11-21,112.60118865966797
2024-11-22,114.06776428222656
2024-11-25,118.32968139648438
2024-11-26,117.08948516845703
2024-11-27,114.80596160888672
2024-11-29,116.34142303466797
2024-12-02,115.48512268066406
2024-12-03,115.40636444091797
2024-12-04,115.89850616455078
2024-12-05,118.0737533569336
2024-12-06,118.3788833618164
2024-12-09,116.73513793945312
2024-12-10,114.7862777709961
2024-12-11,115.30794525146484
2024-12-12,113.61498260498047
2024-12-13,111.05587005615234
2024-12-16,111.88265991210938
2024-12-17,108.9396743774414
2024-12-18,102.40408325195312
2024-12-19,101.51823425292969
2024-12-20,102.7584228515625
2024-12-23,102.29581451416016
2024-12-24,103.43756866455078
2024-12-26,103.12259674072266
2024-12-27,101.7643051147461
2024-12-30,101.80366516113281
2024-12-31,101.92178344726562
2025-01-02,102.23675537109375
2025-01-03,105.20927429199219
2025-01-06,109.52040100097656
2025-01-07,105.67188262939453
2025-01-08,104.87461853027344
2025-01-10,103.43756866455078
2025-01-13,104.0379867553711
2025-01-14,107.48294067382812
2025-01-15,112.62086486816406
2025-01-16,113.73310089111328
2025-01-17,113.10316467285156
2025-01-21,115.79024505615234
2025-01-22,114.33351135253906
2025-01-23,113.68389129638672
2025-01-24,113.25080871582031
2025-01-27,113.15237426757812
2025-01-28,112.86692810058594
2025-01-29,112.97520446777344
2025-01-30,116.29222106933594
2025-01-31,115.13077545166016
2025-02-03,115.88866424560547
2025-02-04,114.7862777709961
2025-02-05,116.1740951538086
2025-02-06,115.86897277832031
2025-02-07,113.40828704833984
2025-02-10,112.70945739746094
2025-02-11,112.37480163574219
2025-02-12,108.98889923095703
2025-02-13,110.50467681884766
2025-02-14,110.59326934814453
2025-02-18,111.16414642333984
2025-02-19,99.9040298461914
2025-02-20,99.3036117553711
2025-02-21,97.15789031982422
2025-02-24,96.16377258300781
2025-02-25,99.26423645019531
2025-02-26,98.4472885131836
2025-02-27,98.22027587890625
2025-02-28,98.37820434570312
2025-03-03,96.7101058959961
2025-03-04,93.9562759399414
2025-03-05,94.92356872558594
2025-03-06,92.5447998046875
2025-03-07,91.6268539428711
2025-03-10,88.35974884033203
2025-03-11,88.39923858642578
2025-03-12,90.59046173095703
2025-03-13,88.21170806884766
2025-03-14,90.36344909667969
2025-03-17,92.36713409423828
2025-03-18,91.40969848632812
2025-03-19,92.87052154541016
2025-03-20,92.18946838378906
2025-03-21,91.51828002929688
2025-03-24,93.90691375732422
2025-03-25,93.9266586303711
2025-03-26,93.53184509277344
2025-03-27,92.2782974243164
2025-03-28,90.36344909667969
2025-03-31,90.78787994384766
2025-04-01,89.99823760986328
2025-04-02,92.47570037841797
2025-04-03,86.07969665527344
2025-04-04,84.98408508300781
2025-04-07,82.12165832519531
2025-04-08,80.10810852050781
2025-04-09,88.51768493652344
2025-04-10,84.53004455566406
2025-04-11,85.26043701171875
2025-04-14,85.64539337158203
2025-04-15,84.57939910888672
2025-04-16,82.74351501464844
2025-04-17,83.10869598388672
2025-04-21,81.29255676269531
2025-04-22,83.01986694335938
2025-04-23,83.46404266357422
2025-04-24,85.90202331542969
2025-04-25,85.40850830078125
2025-04-28,86.05008697509766
2025-04-29,85.33941650390625
2025-04-30,85.19135284423828
2025-05-01,85.39863586425781
2025-05-02,86.4054183959961
2025-05-05,86.39553833007812
2025-05-06,89.23822021484375
2025-05-07,88.55715942382812
2025-05-08,89.1888656616211
2025-05-09,89.43562316894531
2025-05-12,93.27520751953125
2025-05-13,92.72247314453125
2025-05-14,91.49853515625
2025-05-15,92.22895050048828
2025-05-16,94.24251556396484
2025-05-19,93.63054656982422
2025-05-20,91.16553497314453
2025-05-21,90.35377502441406
2025-05-22,90.5616683959961
2025-05-23,91.71001434326172
2025-05-27,93.383056640625
2025-05-28,88.80943298339844
2025-05-29,89.58159637451172
2025-05-30,89.16581726074219
2025-06-02,88.31446075439453
2025-06-03,90.244873046875
2025-06-04,91.31403350830078
2025-06-05,91.5417251586914
2025-06-06,90.78935241699219
2025-06-09,91.5417251586914
2025-06-10,89.8587875366211
2025-06-11,88.10655975341797
2025-06-12,89.5519027709961
2025-06-13,87.41358947753906
2025-06-16,87.64128112792969
2025-06-17,85.11688232421875
2025-06-18,85.6613540649414
2025-06-20,85.73065185546875
2025-06-23,86.92850494384766
2025-06-24,87.30469512939453
2025-06-25,86.63152313232422
2025-06-26,86.93840789794922
2025-06-27,86.82951354980469
2025-06-30,85.12677001953125
2025-07-01,90.36367797851562
2025-07-02,91.65061950683594
2025-07-03,90.84874725341797
2025-07-07,88.58174896240234
2025-07-08,89.00743103027344
2025-07-09,89.59150695800781
2025-07-10,95.51146697998047
2025-07-11,91.9773178100586
2025-07-14,90.0567855834961
2025-07-15,86.24543762207031
2025-07-16,86.46322631835938
2025-07-17,87.67097473144531
2025-07-18,86.53253173828125
2025-07-21,85.20597839355469
2025-07-22,87.99767303466797
2025-07-23,88.26496124267578
2025-07-24,87.59178161621094
2025-07-25,88.93812561035156
2025-07-28,88.56194305419922
2025-07-29,89.1064224243164
2025-07-30,89.90829467773438
2025-07-31,89.50241088867188
2025-08-01,89.57170104980469
2025-08-04,90.90815734863281
2025-08-05,94.00672912597656
2025-08-06,92.30400085449219
2025-08-07,91.61102294921875
2025-08-08,89.89838409423828
2025-08-11,89.13612365722656
2025-08-12,94.64030456542969
2025-08-13,101.71853637695312
2025-08-14,99.3624267578125
2025-08-15,98.78663635253906
2025-08-18,96.42393493652344
2025-08-19,97.78398132324219
2025-08-20,92.14527130126953
2025-08-21,91.75811004638672
2025-08-22,98.7568588256836
2025-08-25,98.3498306274414
2025-08-26,96.63240814208984
2025-08-27,95.47091674804688
2025-08-28,95.00433349609375
2025-08-29,94.41862487792969
2025-09-02,92.53243255615234
2025-09-03,92.35374450683594
2025-09-04,96.05663299560547
2025-09-05,98.3001937866211
2025-09-08,98.55831146240234
2025-09-09,95.0241928100586
2025-09-10,94.71644592285156
2025-09-11,97.02950286865234
2025-09-12,95.21280670166016
2025-09-15,94.2796401977539
2025-09-16,93.24720001220703
2025-09-17,89.68329620361328
2025-09-18,90.27893829345703
2025-09-19,87.65812683105469
2025-09-22,86.25837707519531
2025-09-23,85.46418762207031
2025-09-24,82.78382110595703
2025-09-25,82.78382110595703
2025-09-26,84.1041488647461
2025-09-29,84.58065795898438
2025-09-30,88.19419860839844
2025-10-01,89.52445983886719
2025-10-02,89.32592010498047
2025-10-03,89.75279235839844
2025-10-06,88.54165649414062
2025-10-07,89.24649810791016
2025-10-08,89.65351867675781
2025-10-09,89.44503784179688
2025-10-10,88.18427276611328
2025-10-13,89.0777359008789
2025-10-14,92.11548614501953
2025-10-15,92.34381103515625
2025-10-16,89.6038818359375
2025-10-17,89.48475646972656
2025-10-20,90.0903091430664
2025-10-21,91.97650909423828
2025-10-22,89.72300720214844
2025-10-23,90.10025024414062
2025-10-24,92.10556030273438
2025-10-27,92.13534545898438
2025-10-28,90.73558807373047
2025-10-29,88.4423828125
2025-10-30,87.5787124633789
2025-10-31,86.47677612304688
2025-11-03,85.4443359375
2025-11-04,84.709716796875
2025-11-05,77.61168670654297
2025-11-06,76.6586685180664
2025-11-07,77.92936706542969
2025-11-10,76.2715072631836
2025-11-11,77.15503692626953
2025-11-12,77.30394744873047
2025-11-13,75.3184814453125
2025-11-14,75.1391372680664
2025-11-17,74.33203887939453
2025-11-18,74.39183044433594
2025-11-19,74.72063446044922
2025-11-20,74.3818588256836
2025-11-21,77.4707260131836
2025-11-24,77.26148223876953
2025-11-25,81.08768463134766
2025-11-26,81.2072525024414
2025-11-28,81.71542358398438
2025-12-01,81.76524353027344
2025-12-02,81.54602813720703
2025-12-03,82.45276641845703
2025-12-04,81.89478302001953
2025-12-05,83.90752410888672
2025-12-08,84.2961196899414
2025-12-09,83.55877685546875
2025-12-10,86.80706787109375
2025-12-11,87.35509490966797
2025-12-12,86.35868072509766
2025-12-15,85.6014175415039
2025-12-16,84.1366958618164
2025-12-17,84.1366958618164
2025-12-18,84.9039306640625
2025-12-19,80.51972961425781
2025-12-22,82.14388275146484
2025-12-23,81.69549560546875
2025-12-24,82.25348663330078
2025-12-26,82.6719741821289
2025-12-29,81.62574768066406
2025-12-30,82.02430725097656
2025-12-31,80.46991729736328
2026-01-02,81.43643188476562
2026-01-05,83.58866882324219
2026-01-06,84.80429077148438
2026-01-07,78.8656997680664
2026-01-08,84.17655181884766
2026-01-09,91.7193603515625
2026-01-12,91.05176544189453
2026-01-13,91.01190948486328
2026-01-14,91.65957641601562
2026-01-15,93.37339782714844
2026-01-16,92.8054428100586
2026-01-20,91.58982849121094
2026-01-21,91.83892822265625
2026-01-22,92.27735137939453
2026-01-23,90.92223358154297
2026-01-26,90.28453063964844
2026-01-27,87.6938705444336
2026-01-28,88.11236572265625
2026-01-29,86.1295166015625
2026-01-30,83.439208984375
2026-02-02,84.45555114746094
2026-02-03,88.84970092773438
2026-02-04,93.85167694091797
2026-02-05,93.49296569824219
2026-02-06,96.62168884277344
2026-02-09,98.2159423828125
2026-02-10,96.24304962158203
2026-02-11,96.66154479980469
2026-02-12,93.55274963378906
2026-02-13,93.28372192382812
2026-02-17,88.54081726074219
2026-02-18,85.96012115478516
2026-02-19,84.9039306640625
2026-02-20,80.98804473876953
2026-02-23,81.10761260986328
2026-02-24,84.97367858886719
2026-02-25,82.0342788696289
2026-02-26,83.2199935913086
2026-02-27,84.73999786376953
2026-03-02,83.56999969482422
2026-03-03,82.66000366210938
2026-03-04,80.58999633789062
2026-03-05,80.45999908447266
2026-03-06,77.69999694824219
2026-03-09,77.66000366210938
2026-03-10,78.83999633789062
2026-03-11,77.02999877929688
2026-03-12,75.31999969482422
2026-03-13,75.80999755859375
2026-03-16,75.73999786376953
2026-03-17,77.08999633789062
2026-03-18,75.16000366210938
2026-03-19,72.25
2026-03-20,69.91999816894531
2026-03-23,72.63999938964844
2026-03-24,73.58999633789062
2026-03-25,74.41000366210938
2026-03-26,72.47000122070312
2026-03-27,71.29000091552734
2026-03-30,70.2699966430664
2026-03-31,72.75
2026-04-01,72.69999694824219
2026-04-02,70.80999755859375
2026-04-06,72.12999725341797
2026-04-07,69.88999938964844
2026-04-08,75.26000213623047
2026-04-09,76.0
2026-04-10,74.79000091552734
2026-04-13,75.5
2026-04-14,75.2300033569336
2026-04-15,73.80999755859375
2026-04-16,72.51000213623047
2026-04-17,76.97000122070312
2026-04-20,73.69999694824219
2026-04-21,70.70999908447266
2026-04-22,73.75
2026-04-23,74.69999694824219
2026-04-24,75.30999755859375
2026-04-27,76.5199966430664
2026-04-28,75.62999725341797
2026-04-29,72.08999633789062
2026-04-30,72.19000244140625
2026-05-01,71.26000213623047
2026-05-04,69.01000213623047
