date,close
2006-05-25,4.16672420501709
2006-05-26,4.069803714752197
2006-05-30,3.9855639934539795
2006-05-31,4.070709228515625
2006-06-01,4.303503036499023
2006-06-02,4.256399154663086
2006-06-05,4.452056884765625
2006-06-06,4.375060081481934
2006-06-07,4.311656475067139
2006-06-08,4.3225226402282715
2006-06-09,4.327960014343262
2006-06-12,4.252779483795166
2006-06-13,4.121434688568115
2006-06-14,4.087015628814697
2006-06-15,4.162195682525635
2006-06-16,4.077957630157471
2006-06-19,4.016360282897949
2006-06-20,3.9873743057250977
2006-06-21,4.1033196449279785
2006-06-22,4.221072196960449
2006-06-23,4.252779483795166
2006-06-26,4.30259895324707
2006-06-27,4.285384654998779
2006-06-28,4.2536845207214355
2006-06-29,4.347887992858887
2006-06-30,4.347887992858887
2006-07-03,4.284480094909668
2006-07-05,4.311656475067139
2006-07-06,4.239189147949219
2006-07-07,4.177595138549805
2006-07-10,4.211111545562744
2006-07-11,4.198429107666016
2006-07-12,4.125964164733887
2006-07-13,4.050780773162842
2006-07-14,3.98103404045105
2006-07-17,3.984656572341919
2006-07-18,3.976503610610962
2006-07-19,4.10150671005249
2006-07-20,4.125964164733887
2006-07-21,4.10150671005249
2006-07-24,4.076145172119141
2006-07-25,4.173973083496094
2006-07-26,4.228321075439453
2006-07-27,4.2138285636901855
2006-07-28,4.193898677825928
2006-07-31,4.15494966506958
2006-08-01,4.076145172119141
2006-08-02,4.5308613777160645
2006-08-03,4.528143405914307
2006-08-04,4.533577919006348
2006-08-07,4.628688812255859
2006-08-08,4.761841773986816
2006-08-09,4.787204742431641
2006-08-10,4.851517200469971
2006-08-11,4.862387657165527
2006-08-14,4.912205219268799
2006-08-15,4.935758113861084
2006-08-16,4.915828227996826
2006-08-17,4.8424601554870605
2006-08-18,4.841553211212158
2006-08-21,4.914924621582031
2006-08-22,5.002789497375488
2006-08-23,4.945719242095947
2006-08-24,5.040831089019775
2006-08-25,4.9819536209106445
2006-08-28,4.983764171600342
2006-08-29,5.013655185699463
2006-08-30,5.004600524902344
2006-08-31,5.063476085662842
2006-09-01,5.122354030609131
2006-09-05,5.149527072906494
2006-09-06,5.333409309387207
2006-09-07,5.4457292556762695
2006-09-08,5.412213325500488
2006-09-11,5.604244232177734
2006-09-12,5.625078201293945
2006-09-13,5.557141304016113
2006-09-14,5.687583923339844
2006-09-15,5.885045528411865
2006-09-18,5.898634910583496
2006-09-19,5.873271942138672
2006-09-20,6.028167724609375
2006-09-21,6.254616737365723
2006-09-22,5.972004413604736
2006-09-25,5.8334126472473145
2006-09-26,5.978343963623047
2006-09-27,6.145013809204102
2006-09-28,6.2183837890625
2006-09-29,6.372368812561035
2006-10-02,6.337046146392822
2006-10-03,6.31168270111084
2006-10-04,6.306246280670166
2006-10-05,6.583784580230713
2006-10-06,6.815971374511719
2006-10-09,6.602830410003662
2006-10-10,6.5221099853515625
2006-10-11,6.303526401519775
2006-10-12,6.38606071472168
2006-10-13,6.357037544250488
2006-10-16,6.46678352355957
2006-10-17,6.303526401519775
2006-10-18,6.38969087600708
2006-10-19,6.560202121734619
2006-10-20,6.459525108337402
2006-10-23,6.371549606323242
2006-10-24,6.457713603973389
2006-10-25,6.416897773742676
2006-10-26,6.548410415649414
2006-10-27,6.588319778442383
2006-10-30,6.579248428344727
2006-10-31,6.720738410949707
2006-11-01,7.715698719024658
2006-11-02,7.945166110992432
2006-11-03,8.11839771270752
2006-11-06,8.73424243927002
2006-11-07,8.389586448669434
2006-11-08,8.02135181427002
2006-11-09,7.999582767486572
2006-11-10,8.090276718139648
2006-11-13,8.756912231445312
2006-11-14,8.634475708007812
2006-11-15,8.643539428710938
2006-11-16,8.572795867919922
2006-11-17,8.597286224365234
2006-11-20,8.724262237548828
2006-11-21,9.124242782592773
2006-11-22,9.365497589111328
2006-11-24,9.566851615905762
2006-11-27,8.978217124938965
2006-11-28,9.13784408569336
2006-11-29,8.997262954711914
2006-11-30,9.228547096252441
2006-12-01,9.175939559936523
2006-12-04,9.077079772949219
2006-12-05,9.00179672241211
2006-12-06,8.990913391113281
2006-12-07,9.04079818725586
2006-12-08,9.078888893127441
2006-12-11,8.988194465637207
2006-12-12,8.684351921081543
2006-12-13,8.686164855957031
2006-12-14,8.670748710632324
2006-12-15,8.724262237548828
2006-12-18,8.425867080688477
2006-12-19,8.834009170532227
2006-12-20,8.843981742858887
2006-12-21,8.680723190307617
2006-12-22,8.738774299621582
2006-12-26,8.6290283203125
2006-12-27,9.012681007385254
2006-12-28,8.975496292114258
2006-12-29,8.932869911193848
2007-01-03,8.744214057922363
2007-01-04,9.173216819763184
2007-01-05,9.165964126586914
2007-01-08,9.16777515411377
2007-01-09,9.590433120727539
2007-01-10,9.507823944091797
2007-01-11,9.576812744140625
2007-01-12,9.554121971130371
2007-01-16,9.62220287322998
2007-01-17,9.898157119750977
2007-01-18,9.30357837677002
2007-01-19,9.534151077270508
2007-01-22,9.768350601196289
2007-01-23,9.840970993041992
2007-01-24,10.11421012878418
2007-01-25,9.791949272155762
2007-01-26,9.85095500946045
2007-01-29,9.961700439453125
2007-01-30,10.05338191986084
2007-01-31,10.126004219055176
2007-02-01,10.159592628479004
2007-02-02,10.072443962097168
2007-02-05,10.007996559143066
2007-02-06,10.03523063659668
2007-02-07,10.157777786254883
2007-02-08,10.415578842163086
2007-02-09,9.404339790344238
2007-02-12,9.266359329223633
2007-02-13,9.503288269042969
2007-02-14,9.805566787719727
2007-02-15,9.807381629943848
2007-02-16,9.832798957824707
2007-02-20,9.787412643432617
2007-02-21,9.739302635192871
2007-02-22,9.613122940063477
2007-02-23,9.492390632629395
2007-02-26,9.446099281311035
2007-02-27,9.349871635437012
2007-02-28,9.72931957244873
2007-03-01,9.64852237701416
2007-03-02,9.35531997680664
2007-03-05,9.162874221801758
2007-03-06,9.439742088317871
2007-03-07,9.052131652832031
2007-03-08,9.328089714050293
2007-03-09,9.291775703430176
2007-03-12,9.37256908416748
2007-03-13,9.42794418334961
2007-03-14,9.576812744140625
2007-03-15,9.55502986907959
2007-03-16,9.55593490600586
2007-03-19,9.70298957824707
2007-03-20,9.75745677947998
2007-03-21,10.048850059509277
2007-03-22,9.94627571105957
2007-03-23,9.97259521484375
2007-03-26,9.847326278686523
2007-03-27,9.735671043395996
2007-03-28,9.683930397033691
2007-03-29,9.730224609375
2007-03-30,9.643988609313965
2007-04-02,9.70934772491455
2007-04-03,9.851866722106934
2007-04-04,9.745512008666992
2007-04-05,9.818230628967285
2007-04-09,9.848227500915527
2007-04-10,10.00003433227539
2007-04-11,9.981849670410156
2007-04-12,9.98276138305664
2007-04-13,9.944581031799316
2007-04-16,9.944581031799316
2007-04-17,9.967312812805176
2007-04-18,9.9273099899292
2007-04-19,9.938222885131836
2007-04-20,10.008214950561523
2007-04-23,10.002761840820312
2007-04-24,9.826411247253418
2007-04-25,9.939126968383789
2007-04-26,9.868226051330566
2007-04-27,10.371816635131836
2007-04-30,10.151838302612305
2007-05-01,10.439990997314453
2007-05-02,11.485359191894531
2007-05-03,12.255288124084473
2007-05-04,12.240744590759277
2007-05-07,12.190753936767578
2007-05-08,12.457998275756836
2007-05-09,12.685251235961914
2007-05-10,12.61889362335205
2007-05-11,12.619799613952637
2007-05-14,12.303471565246582
2007-05-15,12.311649322509766
2007-05-16,12.379822731018066
2007-05-17,12.370738983154297
2007-05-18,12.54890251159668
2007-05-21,12.681617736816406
2007-05-22,12.610713958740234
2007-05-23,12.737977027893066
2007-05-24,12.633441925048828
2007-05-25,12.641620635986328
2007-05-29,13.095216751098633
2007-05-30,13.374279022216797
2007-05-31,13.594266891479492
2007-06-01,13.7351655960083
2007-06-04,13.74879264831543
2007-06-05,13.562448501586914
2007-06-06,13.364280700683594
2007-06-07,12.672527313232422
2007-06-08,13.051586151123047
2007-06-11,12.871597290039062
2007-06-12,13.208841323852539
2007-06-13,13.662439346313477
2007-06-14,13.661527633666992
2007-06-15,14.33056354522705
2007-06-18,14.96414566040039
2007-06-19,15.023228645324707
2007-06-20,14.858694076538086
2007-06-21,14.97050666809082
2007-06-22,15.31047534942627
2007-06-25,14.721439361572266
2007-06-26,14.709619522094727
2007-06-27,14.819613456726074
2007-06-28,14.97868824005127
2007-06-29,15.091504096984863
2007-07-02,15.11971378326416
2007-07-03,14.758505821228027
2007-07-05,14.713014602661133
2007-07-06,14.730302810668945
2007-07-09,14.668428421020508
2007-07-10,14.407306671142578
2007-07-11,14.225340843200684
2007-07-12,15.27347469329834
2007-07-13,15.395387649536133
2007-07-16,15.44089126586914
2007-07-17,15.398123741149902
2007-07-18,15.360811233520508
2007-07-19,15.233441352844238
2007-07-20,15.03782844543457
2007-07-23,15.248908996582031
2007-07-24,14.445523262023926
2007-07-25,14.657513618469238
2007-07-26,14.440971374511719
2007-07-27,14.014257431030273
2007-07-30,14.97504711151123
2007-07-31,14.630217552185059
2007-08-01,13.647588729858398
2007-08-02,12.976129531860352
2007-08-03,11.942550659179688
2007-08-06,12.521214485168457
2007-08-07,13.126254081726074
2007-08-08,13.467446327209473
2007-08-09,12.854207992553711
2007-08-10,12.592178344726562
2007-08-13,12.427498817443848
2007-08-14,12.148179054260254
2007-08-15,11.740568161010742
2007-08-16,11.827914237976074
2007-08-17,12.464802742004395
2007-08-20,12.546683311462402
2007-08-21,12.75230884552002
2007-08-22,13.176294326782227
2007-08-23,12.9461030960083
2007-08-24,12.722280502319336
2007-08-27,12.578529357910156
2007-08-28,12.02079963684082
2007-08-29,12.139083862304688
2007-08-30,12.052647590637207
2007-08-31,12.463886260986328
2007-09-04,12.577618598937988
2007-09-05,12.333786964416504
2007-09-06,12.261905670166016
2007-09-07,11.847023010253906
2007-09-10,11.801521301269531
2007-09-11,12.025346755981445
2007-09-12,12.449332237243652
2007-09-13,12.69225788116455
2007-09-14,12.542134284973145
2007-09-17,12.439325332641602
2007-09-18,13.26636791229248
2007-09-19,13.602104187011719
2007-09-20,13.603005409240723
2007-09-21,13.334609031677246
2007-09-24,12.943374633789062
2007-09-25,13.009790420532227
2007-09-26,12.997054100036621
2007-09-27,13.465622901916504
2007-09-28,13.46289348602295
2007-10-01,13.954207420349121
2007-10-02,13.918721199035645
2007-10-03,14.279022216796875
2007-10-04,14.698456764221191
2007-10-05,14.781249046325684
2007-10-08,14.772150993347168
2007-10-09,14.802175521850586
2007-10-10,14.995976448059082
2007-10-11,14.724838256835938
2007-10-12,14.849486351013184
2007-10-15,14.367277145385742
2007-10-16,14.157105445861816
2007-10-17,14.080597877502441
2007-10-18,13.999542236328125
2007-10-19,13.806471824645996
2007-10-22,13.350207328796387
2007-10-23,13.508672714233398
2007-10-24,13.414870262145996
2007-10-25,13.786437034606934
2007-10-26,14.300992965698242
2007-10-29,14.33013916015625
2007-10-30,14.311925888061523
2007-10-31,17.29544448852539
2007-11-01,17.256275177001953
2007-11-02,17.307275772094727
2007-11-05,16.932966232299805
2007-11-06,18.159709930419922
2007-11-07,18.1669921875
2007-11-08,17.434778213500977
2007-11-09,17.57684898376465
2007-11-12,16.564130783081055
2007-11-13,17.19525718688965
2007-11-14,17.00946807861328
2007-11-15,16.83734130859375
2007-11-16,16.83642578125
2007-11-19,16.56595230102539
2007-11-20,16.585979461669922
2007-11-21,16.476696014404297
2007-11-23,16.493085861206055
2007-11-26,16.503108978271484
2007-11-27,16.744441986083984
2007-11-28,17.813623428344727
2007-11-29,18.008522033691406
2007-11-30,18.27353858947754
2007-12-03,18.38555335998535
2007-12-04,17.830942153930664
2007-12-05,18.220712661743164
2007-12-06,18.76259422302246
2007-12-07,19.088634490966797
2007-12-10,19.622318267822266
2007-12-11,19.80811309814453
2007-12-12,19.480247497558594
2007-12-13,20.327213287353516
2007-12-14,19.72248649597168
2007-12-17,18.663328170776367
2007-12-18,18.375537872314453
2007-12-19,19.338178634643555
2007-12-20,18.829076766967773
2007-12-21,19.339080810546875
2007-12-24,19.318143844604492
2007-12-26,19.077701568603516
2007-12-27,19.127798080444336
2007-12-28,19.125062942504883
2007-12-31,19.5986385345459
2008-01-02,19.55127716064453
2008-01-03,19.318143844604492
2008-01-04,18.322723388671875
2008-01-07,18.26078987121582
2008-01-08,18.03221321105957
2008-01-09,17.916458129882812
2008-01-10,17.86267852783203
2008-01-11,16.329692840576172
2008-01-14,16.243114471435547
2008-01-15,15.94963264465332
2008-01-16,15.997945785522461
2008-01-17,16.120981216430664
2008-01-18,15.915002822875977
2008-01-22,16.603113174438477
2008-01-23,17.552804946899414
2008-01-24,17.478973388671875
2008-01-25,17.629364013671875
2008-01-28,17.225608825683594
2008-01-29,17.449817657470703
2008-01-30,17.225608825683594
2008-01-31,18.866140365600586
2008-02-01,19.633546829223633
2008-02-04,19.6864070892334
2008-02-05,18.846094131469727
2008-02-06,18.679302215576172
2008-02-07,18.30835723876953
2008-02-08,18.739463806152344
2008-02-11,18.785030364990234
2008-02-12,18.59272003173828
2008-02-13,18.661989212036133
2008-02-14,18.431398391723633
2008-02-15,18.774999618530273
2008-02-19,18.610950469970703
2008-02-20,18.977331161499023
2008-02-21,18.636463165283203
2008-02-22,18.545337677001953
2008-02-25,18.08689308166504
2008-02-26,17.852664947509766
2008-02-27,17.425209045410156
2008-02-28,17.74510383605957
2008-02-29,17.316747665405273
2008-03-03,17.185503005981445
2008-03-04,17.541866302490234
2008-03-05,17.40789031982422
2008-03-06,17.31584358215332
2008-03-07,17.545507431030273
2008-03-10,17.45345687866211
2008-03-11,17.849018096923828
2008-03-12,18.583599090576172
2008-03-13,19.114044189453125
2008-03-14,19.01652717590332
2008-03-17,18.366674423217773
2008-03-18,19.162349700927734
2008-03-19,18.99283218383789
2008-03-20,20.085607528686523
2008-03-24,19.731977462768555
2008-03-25,20.504846572875977
2008-03-26,20.310726165771484
2008-03-27,20.114763259887695
2008-03-28,19.832233428955078
2008-03-31,20.32347869873047
2008-04-01,20.925928115844727
2008-04-02,20.392751693725586
2008-04-03,21.076303482055664
2008-04-04,20.649763107299805
2008-04-07,20.634262084960938
2008-04-08,21.110326766967773
2008-04-09,20.862262725830078
2008-04-10,20.877775192260742
2008-04-11,20.848583221435547
2008-04-14,20.71177864074707
2008-04-15,20.491077423095703
2008-04-16,21.01913070678711
2008-04-17,21.021869659423828
2008-04-18,21.314611434936523
2008-04-21,21.52347183227539
2008-04-22,21.397611618041992
2008-04-23,21.33559226989746
2008-04-24,21.84723663330078
2008-04-25,21.650236129760742
2008-04-28,22.116275787353516
2008-04-29,24.987293243408203
2008-04-30,25.368507385253906
2008-05-01,26.80767059326172
2008-05-02,25.99597930908203
2008-05-05,26.521289825439453
2008-05-06,26.997365951538086
2008-05-07,26.540447235107422
2008-05-08,26.759336471557617
2008-05-09,26.161052703857422
2008-05-12,26.472042083740234
2008-05-13,26.33889389038086
2008-05-14,26.125478744506836
2008-05-15,26.153751373291016
2008-05-16,25.846399307250977
2008-05-19,25.536325454711914
2008-05-20,25.32199478149414
2008-05-21,25.413206100463867
2008-05-22,25.16240119934082
2008-05-23,24.917980194091797
2008-05-27,25.423233032226562
2008-05-28,26.164695739746094
2008-05-29,28.181161880493164
2008-05-30,28.149234771728516
2008-06-02,29.18437957763672
2008-06-03,28.035236358642578
2008-06-04,27.123231887817383
2008-06-05,27.922143936157227
2008-06-06,26.970916748046875
2008-06-09,26.57602310180664
2008-06-10,26.088090896606445
2008-06-11,25.46427345275879
2008-06-12,25.937612533569336
2008-06-13,26.672693252563477
2008-06-16,26.856006622314453
2008-06-17,26.64988899230957
2008-06-18,26.730154037475586
2008-06-19,26.685455322265625
2008-06-20,25.90203857421875
2008-06-23,25.76615333557129
2008-06-24,25.57006072998047
2008-06-25,26.42918586730957
2008-06-26,25.146894454956055
2008-06-27,24.781179428100586
2008-06-30,24.215730667114258
2008-07-01,24.017820358276367
2008-07-02,23.300983428955078
2008-07-03,23.141386032104492
2008-07-07,22.44460678100586
2008-07-08,24.099897384643555
2008-07-09,22.927309036254883
2008-07-10,23.105247497558594
2008-07-11,23.483951568603516
2008-07-14,23.49763298034668
2008-07-15,22.84700584411621
2008-07-16,24.7478084564209
2008-07-17,26.098344802856445
2008-07-18,25.629304885864258
2008-07-21,24.44666290283203
2008-07-22,24.989620208740234
2008-07-23,24.729557037353516
2008-07-24,23.587064743041992
2008-07-25,24.04971694946289
2008-07-28,23.150876998901367
2008-07-29,23.917400360107422
2008-07-30,24.704917907714844
2008-07-31,22.279407501220703
2008-08-01,21.65158462524414
2008-08-04,21.072126388549805
2008-08-05,21.636991500854492
2008-08-06,21.170686721801758
2008-08-07,20.53191566467285
2008-08-08,21.18254852294922
2008-08-11,21.4581298828125
2008-08-12,21.072126388549805
2008-08-13,21.307565689086914
2008-08-14,21.524747848510742
2008-08-15,21.804885864257812
2008-08-18,21.709989547729492
2008-08-19,21.77020835876465
2008-08-20,22.20366668701172
2008-08-21,22.01568031311035
2008-08-22,22.050357818603516
2008-08-25,21.371448516845703
2008-08-26,21.60413360595703
2008-08-27,21.624204635620117
2008-08-28,22.127017974853516
2008-08-29,22.13340950012207
2008-09-02,21.82770538330078
2008-09-03,20.95441436767578
2008-09-04,19.713380813598633
2008-09-05,20.20705223083496
2008-09-08,20.021814346313477
2008-09-09,18.861982345581055
2008-09-10,19.466081619262695
2008-09-11,20.586669921875
2008-09-12,20.42423439025879
2008-09-15,19.32464027404785
2008-09-16,19.602048873901367
2008-09-17,17.885581970214844
2008-09-18,19.028976440429688
2008-09-19,20.5483341217041
2008-09-22,18.4677791595459
2008-09-23,18.06809425354004
2008-09-24,17.735013961791992
2008-09-25,17.370920181274414
2008-09-26,16.888181686401367
2008-09-29,15.333233833312988
2008-09-30,16.181888580322266
2008-10-01,15.635281562805176
2008-10-02,14.61233901977539
2008-10-03,14.618725776672363
2008-10-06,15.276658058166504
2008-10-07,14.481844902038574
2008-10-08,14.937626838684082
2008-10-09,14.221528053283691
2008-10-10,13.857088088989258
2008-10-13,15.856502532958984
2008-10-14,15.899428367614746
2008-10-15,14.025145530700684
2008-10-16,14.31103801727295
2008-10-17,14.31743049621582
2008-10-20,13.713680267333984
2008-10-21,13.68079948425293
2008-10-22,12.872448921203613
2008-10-23,12.422139167785645
2008-10-24,11.930741310119629
2008-10-27,11.540721893310547
2008-10-28,12.423055648803711
2008-10-29,12.397482872009277
2008-10-30,12.792977333068848
2008-10-31,13.501769065856934
2008-11-03,13.14281177520752
2008-11-04,15.549596786499023
2008-11-05,14.237055778503418
2008-11-06,13.088920593261719
2008-11-07,13.493551254272461
2008-11-10,13.04781723022461
2008-11-11,12.924509048461914
2008-11-12,12.465072631835938
2008-11-13,13.425963401794434
2008-11-14,13.12363052368164
2008-11-17,12.398396492004395
2008-11-18,12.915374755859375
2008-11-19,11.832087516784668
2008-11-20,11.06027603149414
2008-11-21,11.558073043823242
2008-11-24,12.00837516784668
2008-11-25,12.701640129089355
2008-11-26,13.295344352722168
2008-11-28,13.271604537963867
2008-12-01,11.964529991149902
2008-12-02,12.23672103881836
2008-12-03,12.599343299865723
2008-12-04,12.172783851623535
2008-12-05,12.798460960388184
2008-12-08,13.454277038574219
2008-12-09,13.080697059631348
2008-12-10,13.244196891784668
2008-12-11,12.637702941894531
2008-12-12,12.67880630493164
2008-12-15,12.722643852233887
2008-12-16,13.527349472045898
2008-12-17,13.580323219299316
2008-12-18,13.592195510864258
2008-12-19,13.914630889892578
2008-12-22,13.262465476989746
2008-12-23,12.935466766357422
2008-12-24,12.991191864013672
2008-12-26,12.872448921203613
2008-12-29,12.727217674255371
2008-12-30,12.70438289642334
2008-12-31,13.05512523651123
2009-01-02,13.68079948425293
2009-01-05,13.998661994934082
2009-01-06,14.798789024353027
2009-01-07,13.902836799621582
2009-01-08,13.96774673461914
2009-01-09,13.717243194580078
2009-01-12,13.534398078918457
2009-01-13,13.753815650939941
2009-01-14,13.283899307250977
2009-01-15,11.912540435791016
2009-01-16,11.72237491607666
2009-01-20,10.895902633666992
2009-01-21,12.077101707458496
2009-01-22,11.779977798461914
2009-01-23,11.469130516052246
2009-01-26,11.25611400604248
2009-01-27,11.58889389038086
2009-01-28,12.219721794128418
2009-01-29,11.801916122436523
2009-01-30,12.41353988647461
2009-02-02,12.5232515335083
2009-02-03,12.771919250488281
2009-02-04,12.813065528869629
2009-02-05,14.613200187683105
2009-02-06,14.8563871383667
2009-02-09,14.81250286102295
2009-02-10,14.442237854003906
2009-02-11,14.991701126098633
2009-02-12,14.792388916015625
2009-02-13,14.801536560058594
2009-02-17,14.178937911987305
2009-02-18,14.540063858032227
2009-02-19,14.12956714630127
2009-02-20,14.445895195007324
2009-02-23,13.949464797973633
2009-02-24,14.743936538696289
2009-02-25,14.862791061401367
2009-02-26,14.234703063964844
2009-02-27,14.447722434997559
2009-03-02,13.771187782287598
2009-03-03,13.805926322937012
2009-03-04,13.757472038269043
2009-03-05,13.432004928588867
2009-03-06,13.022425651550293
2009-03-09,13.022425651550293
2009-03-10,13.574625015258789
2009-03-11,13.516112327575684
2009-03-12,14.35995864868164
2009-03-13,14.473320007324219
2009-03-16,14.050946235656738
2009-03-17,14.845419883728027
2009-03-18,14.604968070983887
2009-03-19,14.088424682617188
2009-03-20,14.21916675567627
2009-03-23,14.892041206359863
2009-03-24,14.891128540039062
2009-03-25,15.041973114013672
2009-03-26,15.53110122680664
2009-03-27,15.310768127441406
2009-03-30,14.906670570373535
2009-03-31,15.311676025390625
2009-04-01,14.635146141052246
2009-04-02,15.145286560058594
2009-04-03,15.912335395812988
2009-04-06,15.681951522827148
2009-04-07,15.15442943572998
2009-04-08,15.311820030212402
2009-04-09,15.78125286102295
2009-04-13,16.110675811767578
2009-04-14,15.199273109436035
2009-04-15,15.140705108642578
2009-04-16,14.79664134979248
2009-04-17,14.921088218688965
2009-04-20,13.89529800415039
2009-04-21,15.040962219238281
2009-04-22,14.711531639099121
2009-04-23,15.121485710144043
2009-04-24,15.838905334472656
2009-04-27,15.148944854736328
2009-04-28,15.331035614013672
2009-04-29,16.30741310119629
2009-04-30,16.786911010742188
2009-05-01,15.821512222290039
2009-05-04,16.378787994384766
2009-05-05,16.78325080871582
2009-05-06,16.78508186340332
2009-05-07,16.54258155822754
2009-05-08,16.936063766479492
2009-05-11,16.56089210510254
2009-05-12,16.306503295898438
2009-05-13,15.625692367553711
2009-05-14,15.862691879272461
2009-05-15,15.842561721801758
2009-05-18,15.867269515991211
2009-05-19,15.256918907165527
2009-05-20,15.522286415100098
2009-05-21,15.710797309875488
2009-05-22,15.406072616577148
2009-05-26,15.428949356079102
2009-05-27,15.316401481628418
2009-05-28,15.749224662780762
2009-05-29,16.135377883911133
2009-06-01,15.897461891174316
2009-06-02,15.408818244934082
2009-06-03,15.328289031982422
2009-06-04,15.409730911254883
2009-06-05,15.343846321105957
2009-06-08,15.187370300292969
2009-06-09,15.389592170715332
2009-06-10,15.88556957244873
2009-06-11,15.551572799682617
2009-06-12,15.287111282348633
2009-06-15,15.233128547668457
2009-06-16,14.966841697692871
2009-06-17,15.030890464782715
2009-06-18,14.951287269592285
2009-06-19,14.764610290527344
2009-06-22,14.346423149108887
2009-06-23,14.652976989746094
2009-06-24,14.738073348999023
2009-06-25,15.032722473144531
2009-06-26,15.456400871276855
2009-06-29,15.386857986450195
2009-06-30,15.309995651245117
2009-07-01,15.175480842590332
2009-07-02,15.215741157531738
2009-07-06,15.264243125915527
2009-07-07,14.732583999633789
2009-07-08,14.718850135803223
2009-07-09,14.911191940307617
2009-07-10,14.70602035522461
2009-07-13,15.16031551361084
2009-07-14,15.197868347167969
2009-07-15,15.787726402282715
2009-07-16,16.328109741210938
2009-07-17,16.471914291381836
2009-07-20,16.616636276245117
2009-07-21,16.57266616821289
2009-07-22,16.62213706970215
2009-07-23,17.024219512939453
2009-07-24,16.987577438354492
2009-07-27,17.322811126708984
2009-07-28,17.122222900390625
2009-07-29,17.269676208496094
2009-07-30,17.7789306640625
2009-07-31,17.77161407470703
2009-08-03,18.378864288330078
2009-08-04,18.602354049682617
2009-08-05,18.591360092163086
2009-08-06,18.453956604003906
2009-08-07,18.71592140197754
2009-08-10,18.532737731933594
2009-08-11,18.56479835510254
2009-08-12,18.714099884033203
2009-08-13,18.682029724121094
2009-08-14,18.557466506958008
2009-08-17,17.946552276611328
2009-08-18,18.150798797607422
2009-08-19,18.071121215820312
2009-08-20,18.595020294189453
2009-08-21,18.98246192932129
2009-08-24,18.705852508544922
2009-08-25,19.13633155822754
2009-08-26,18.931169509887695
2009-08-27,18.92292022705078
2009-08-28,18.645404815673828
2009-08-31,18.559297561645508
2009-09-01,18.37978172302246
2009-09-02,18.359615325927734
2009-09-03,18.629823684692383
2009-09-04,18.872549057006836
2009-09-08,19.000782012939453
2009-09-09,19.26272964477539
2009-09-10,19.380876541137695
2009-09-11,19.125341415405273
2009-09-14,19.05023193359375
2009-09-15,19.603445053100586
2009-09-16,20.128267288208008
2009-09-17,20.1685733795166
2009-09-18,20.477237701416016
2009-09-21,20.390228271484375
2009-09-22,20.569753646850586
2009-09-23,20.094383239746094
2009-09-24,19.68678855895996
2009-09-25,18.7488956451416
2009-09-28,19.063980102539062
2009-09-29,18.935747146606445
2009-09-30,18.515331268310547
2009-10-01,18.264381408691406
2009-10-02,18.290019989013672
2009-10-05,18.366958618164062
2009-10-06,18.387104034423828
2009-10-07,19.33121681213379
2009-10-08,19.33670997619629
2009-10-09,19.653854370117188
2009-10-12,19.79867935180664
2009-10-13,19.923336029052734
2009-10-14,20.117650985717773
2009-10-15,20.65662384033203
2009-10-16,20.520048141479492
2009-10-19,20.67861557006836
2009-10-20,20.623628616333008
2009-10-21,20.685039520263672
2009-10-22,21.015928268432617
2009-10-23,21.078264236450195
2009-10-26,20.234067916870117
2009-10-27,20.21573829650879
2009-10-28,20.21115493774414
2009-10-29,20.89127540588379
2009-10-30,20.07549476623535
2009-11-02,20.408222198486328
2009-11-03,20.09199333190918
2009-11-04,20.621789932250977
2009-11-05,21.104848861694336
2009-11-06,21.714384078979492
2009-11-09,22.19927215576172
2009-11-10,21.876632690429688
2009-11-11,21.806053161621094
2009-11-12,21.713472366333008
2009-11-13,21.514562606811523
2009-11-16,21.15526008605957
2009-11-17,21.17359161376953
2009-11-18,20.832612991333008
2009-11-19,21.090177536010742
2009-11-20,21.188257217407227
2009-11-23,21.64930534362793
2009-11-24,21.783126831054688
2009-11-25,21.983869552612305
2009-11-27,21.594310760498047
2009-11-30,22.077362060546875
2009-12-01,22.272600173950195
2009-12-02,22.220354080200195
2009-12-03,21.64655876159668
2009-12-04,22.120441436767578
2009-12-07,21.90137481689453
2009-12-08,21.871131896972656
2009-12-09,22.26801300048828
2009-12-10,22.376178741455078
2009-12-11,22.359670639038086
2009-12-14,22.684146881103516
2009-12-15,22.507253646850586
2009-12-16,22.58516502380371
2009-12-17,22.70889663696289
2009-12-18,23.3587703704834
2009-12-21,23.40643882751465
2009-12-22,23.430269241333008
2009-12-23,23.402769088745117
2009-12-24,23.411937713623047
2009-12-28,23.55493927001953
2009-12-29,23.68141746520996
2009-12-30,23.64659309387207
2009-12-31,23.463272094726562
2010-01-04,23.542097091674805
2010-01-05,23.472436904907227
2010-01-06,23.43849754333496
2010-01-07,23.28533363342285
2010-01-08,23.29360008239746
2010-01-11,22.910228729248047
2010-01-12,22.897384643554688
2010-01-13,23.492610931396484
2010-01-14,23.889734268188477
2010-01-15,24.088754653930664
2010-01-19,24.28135871887207
2010-01-20,24.156627655029297
2010-01-21,23.709056854248047
2010-01-22,23.09457778930664
2010-01-25,23.15326499938965
2010-01-26,22.801084518432617
2010-01-27,23.509122848510742
2010-01-28,22.87812614440918
2010-01-29,22.919397354125977
2010-02-01,23.242229461669922
2010-02-02,23.16335678100586
2010-02-03,22.70661735534668
2010-02-04,20.370656967163086
2010-02-05,20.24500846862793
2010-02-08,20.764102935791016
2010-02-09,20.493549346923828
2010-02-10,20.809974670410156
2010-02-11,21.0025691986084
2010-02-12,20.67973518371582
2010-02-16,20.66322898864746
2010-02-17,20.620121002197266
2010-02-18,20.360567092895508
2010-02-19,20.418357849121094
2010-02-22,20.566017150878906
2010-02-23,20.362403869628906
2010-02-24,20.337648391723633
2010-02-25,20.31379508972168
2010-02-26,20.577939987182617
2010-03-01,21.345577239990234
2010-03-02,21.260284423828125
2010-03-03,21.29146957397461
2010-03-04,21.369428634643555
2010-03-05,21.96924591064453
2010-03-08,22.525943756103516
2010-03-09,22.605731964111328
2010-03-10,22.891887664794922
2010-03-11,22.94598388671875
2010-03-12,22.925823211669922
2010-03-15,22.93590545654297
2010-03-16,22.868038177490234
2010-03-17,22.80475616455078
2010-03-18,22.589221954345703
2010-03-19,22.41129493713379
2010-03-22,22.660768508911133
2010-03-23,22.524105072021484
2010-03-24,22.440645217895508
2010-03-25,22.569965362548828
2010-03-26,22.58371925354004
2010-03-29,22.74605941772461
2010-03-30,23.14959716796875
2010-03-31,23.295425415039062
2010-04-01,23.289928436279297
2010-04-05,23.440336227416992
2010-04-06,23.731075286865234
2010-04-07,23.461271286010742
2010-04-08,23.573230743408203
2010-04-09,23.756759643554688
2010-04-12,23.820087432861328
2010-04-13,23.721893310546875
2010-04-14,24.14678192138672
2010-04-15,24.100893020629883
2010-04-16,23.813661575317383
2010-04-19,23.611770629882812
2010-04-20,23.987106323242188
2010-04-21,23.913686752319336
2010-04-22,24.006372451782227
2010-04-23,24.52210807800293
2010-04-26,24.38995361328125
2010-04-27,23.38694190979004
2010-04-28,23.2171688079834
2010-04-29,23.435575485229492
2010-04-30,22.762001037597656
2010-05-03,23.009775161743164
2010-05-04,23.05657958984375
2010-05-05,21.835147857666016
2010-05-06,21.13405418395996
2010-05-07,20.4724063873291
2010-05-10,21.134967803955078
2010-05-11,20.48616600036621
2010-05-12,21.346954345703125
2010-05-13,21.318506240844727
2010-05-14,19.495996475219727
2010-05-17,19.34549903869629
2010-05-18,18.61136245727539
2010-05-19,18.57832908630371
2010-05-20,18.858219146728516
2010-05-21,19.624481201171875
2010-05-24,19.256492614746094
2010-05-25,18.98393440246582
2010-05-26,18.81233024597168
2010-05-27,19.069286346435547
2010-05-28,18.51592254638672
2010-06-01,18.3892765045166
2010-06-02,18.447097778320312
2010-06-03,18.537029266357422
2010-06-04,18.04791259765625
2010-06-07,18.359914779663086
2010-06-08,18.127748489379883
2010-06-09,17.936874389648438
2010-06-10,18.823341369628906
2010-06-11,18.801321029663086
2010-06-14,18.73616600036621
2010-06-15,19.231712341308594
2010-06-16,19.328062057495117
2010-06-17,19.63823699951172
2010-06-18,19.662097930908203
2010-06-21,20.495349884033203
2010-06-22,20.275104522705078
2010-06-23,20.175079345703125
2010-06-24,19.719919204711914
2010-06-25,20.041105270385742
2010-06-28,19.410654067993164
2010-06-29,18.627878189086914
2010-06-30,18.31036949157715
2010-07-01,18.61526107788086
2010-07-02,18.621688842773438
2010-07-06,18.37005615234375
2010-07-07,19.0625057220459
2010-07-08,19.255367279052734
2010-07-09,19.7926025390625
2010-07-12,19.622711181640625
2010-07-13,19.71086311340332
2010-07-14,19.576784133911133
2010-07-15,19.45189094543457
2010-07-16,18.111997604370117
2010-07-19,17.98434066772461
2010-07-20,18.854045867919922
2010-07-21,18.50506019592285
2010-07-22,19.138736724853516
2010-07-23,19.555673599243164
2010-07-26,19.545570373535156
2010-07-27,19.67413902282715
2010-07-28,19.293930053710938
2010-07-29,19.13597297668457
2010-07-30,19.28934097290039
2010-08-02,18.598730087280273
2010-08-03,18.45087432861328
2010-08-04,18.854045867919922
2010-08-05,18.517000198364258
2010-08-06,19.048728942871094
2010-08-09,19.73475456237793
2010-08-10,19.86882781982422
2010-08-11,19.254440307617188
2010-08-12,19.4537296295166
2010-08-13,19.34444236755371
2010-08-16,19.326087951660156
2010-08-17,19.65576934814453
2010-08-18,19.548316955566406
2010-08-19,19.18373680114746
2010-08-20,18.952306747436523
2010-08-23,18.843936920166016
2010-08-24,18.597808837890625
2010-08-25,18.928428649902344
2010-08-26,18.658432006835938
2010-08-27,18.975263595581055
2010-08-30,18.61526107788086
2010-08-31,18.216691970825195
2010-09-01,18.466487884521484
2010-09-02,18.801692962646484
2010-09-03,19.008323669433594
2010-09-07,18.415061950683594
2010-09-08,17.853023529052734
2010-09-09,17.630775451660156
2010-09-10,18.196487426757812
2010-09-13,17.727201461791992
2010-09-14,18.344343185424805
2010-09-15,19.302204132080078
2010-09-16,19.31229019165039
2010-09-17,19.622711181640625
2010-09-20,20.08556365966797
2010-09-21,19.927597045898438
2010-09-22,20.114952087402344
2010-09-23,20.151695251464844
2010-09-24,20.34821128845215
2010-09-27,20.421689987182617
2010-09-28,20.479549407958984
2010-09-29,20.445571899414062
2010-09-30,20.57137680053711
2010-10-01,20.64301300048828
2010-10-04,20.44647979736328
2010-10-05,20.74587059020996
2010-10-06,20.507091522216797
2010-10-07,20.29665756225586
2010-10-08,20.45563507080078
2010-10-11,20.480438232421875
2010-10-12,20.413354873657227
2010-10-13,21.218393325805664
2010-10-14,21.381046295166016
2010-10-15,21.47662353515625
2010-10-18,21.6374454498291
2010-10-19,21.784486770629883
2010-10-20,22.103364944458008
2010-10-21,22.34873390197754
2010-10-22,22.298198699951172
2010-10-25,22.528850555419922
2010-10-26,22.37906837463379
2010-10-27,22.584909439086914
2010-10-28,22.01146697998047
2010-10-29,22.06109046936035
2010-11-01,21.962759017944336
2010-11-02,22.60513687133789
2010-11-03,23.14274024963379
2010-11-04,23.42394256591797
2010-11-05,23.55260467529297
2010-11-08,23.22820472717285
2010-11-09,23.114248275756836
2010-11-10,23.302637100219727
2010-11-11,23.164793014526367
2010-11-12,22.346899032592773
2010-11-15,22.324844360351562
2010-11-16,21.417804718017578
2010-11-17,21.55657958984375
2010-11-18,22.284420013427734
2010-11-19,22.41214942932129
2010-11-22,22.36895179748535
2010-11-23,21.655826568603516
2010-11-24,21.852487564086914
2010-11-26,21.60987663269043
2010-11-29,21.64754867553711
2010-11-30,21.782638549804688
2010-12-01,22.8082275390625
2010-12-02,22.900123596191406
2010-12-03,22.8900203704834
2010-12-06,23.264965057373047
2010-12-07,22.678647994995117
2010-12-08,23.03337860107422
2010-12-09,23.0866756439209
2010-12-10,23.41199493408203
2010-12-13,23.833812713623047
2010-12-14,23.35318374633789
2010-12-15,22.902883529663086
2010-12-16,20.53834342956543
2010-12-17,20.33340835571289
2010-12-20,20.54293441772461
2010-12-21,20.197402954101562
2010-12-22,19.978681564331055
2010-12-23,20.061384201049805
2010-12-27,20.644943237304688
2010-12-28,20.632999420166016
2010-12-29,20.71938133239746
2010-12-30,20.559476852416992
2010-12-31,20.595317840576172
2011-01-03,20.29573631286621
2011-01-04,20.557640075683594
2011-01-05,21.16324806213379
2011-01-06,21.253366470336914
2011-01-07,21.250600814819336
2011-01-10,21.168764114379883
2011-01-11,21.095197677612305
2011-01-12,21.410619735717773
2011-01-13,21.473140716552734
2011-01-14,21.785812377929688
2011-01-18,21.852014541625977
2011-01-19,21.643268585205078
2011-01-20,21.619367599487305
2011-01-21,21.474992752075195
2011-01-24,21.978004455566406
2011-01-25,22.211572647094727
2011-01-26,22.086505889892578
2011-01-27,21.988113403320312
2011-01-28,21.59821128845215
2011-01-31,21.7490234375
2011-02-01,21.89983367919922
2011-02-02,22.013858795166016
2011-02-03,22.565610885620117
2011-02-04,22.73573875427246
2011-02-07,22.987699508666992
2011-02-08,22.95366859436035
2011-02-09,22.851591110229492
2011-02-10,23.18541145324707
2011-02-11,23.310468673706055
2011-02-14,23.445646286010742
2011-02-15,23.550485610961914
2011-02-16,23.392316818237305
2011-02-17,23.15690040588379
2011-02-18,23.057584762573242
2011-02-22,22.748605728149414
2011-02-23,22.448827743530273
2011-02-24,22.4543399810791
2011-02-25,22.68699836730957
2011-02-28,22.121450424194336
2011-03-01,22.103065490722656
2011-03-02,22.638256072998047
2011-03-03,23.141263961791992
2011-03-04,22.96654510498047
2011-03-07,22.73849105834961
2011-03-08,22.897584915161133
2011-03-09,22.803783416748047
2011-03-10,22.3973331451416
2011-03-11,22.84425163269043
2011-03-14,22.88286781311035
2011-03-15,22.49756622314453
2011-03-16,22.465370178222656
2011-03-17,22.415721893310547
2011-03-18,22.22444725036621
2011-03-21,22.801937103271484
2011-03-22,22.69159698486328
2011-03-23,22.700788497924805
2011-03-24,23.201961517333984
2011-03-25,22.778030395507812
2011-03-28,23.207483291625977
2011-03-29,23.14678192138672
2011-03-30,23.326101303100586
2011-03-31,23.147708892822266
2011-04-01,23.31598472595215
2011-04-04,24.024063110351562
2011-04-05,24.178556442260742
2011-04-06,24.426986694335938
2011-04-07,24.398462295532227
2011-04-08,24.204317092895508
2011-04-11,24.530961990356445
2011-04-12,24.195112228393555
2011-04-13,24.82079315185547
2011-04-14,24.73890495300293
2011-04-15,24.62019920349121
2011-04-18,24.387413024902344
2011-04-19,24.572357177734375
2011-04-20,24.8447208404541
2011-04-21,25.144662857055664
2011-04-25,24.974451065063477
2011-04-26,25.428062438964844
2011-04-27,25.336048126220703
2011-04-28,25.27532386779785
2011-04-29,25.384815216064453
2011-05-02,25.329612731933594
2011-05-03,25.98196029663086
2011-05-04,25.98288345336914
2011-05-05,25.256927490234375
2011-05-06,25.233922958374023
2011-05-09,25.649808883666992
2011-05-10,25.86419677734375
2011-05-11,25.590925216674805
2011-05-12,25.956193923950195
2011-05-13,25.762975692749023
2011-05-16,25.684772491455078
2011-05-17,25.95159912109375
2011-05-18,25.887189865112305
2011-05-19,26.136547088623047
2011-05-20,25.53939437866211
2011-05-23,25.023216247558594
2011-05-24,24.85115623474121
2011-05-25,25.255081176757812
2011-05-26,25.956193923950195
2011-05-27,26.245113372802734
2011-05-31,26.411651611328125
2011-06-01,25.823713302612305
2011-06-02,26.016014099121094
2011-06-03,25.492467880249023
2011-06-06,25.01953125
2011-06-07,25.229312896728516
2011-06-08,24.842866897583008
2011-06-09,24.999286651611328
2011-06-10,24.569599151611328
2011-06-13,24.605484008789062
2011-06-14,25.22195816040039
2011-06-15,24.886119842529297
2011-06-16,24.537403106689453
2011-06-17,24.48310661315918
2011-06-20,24.838274002075195
2011-06-21,25.21367073059082
2011-06-22,24.947771072387695
2011-06-23,25.13086700439453
2011-06-24,25.229312896728516
2011-06-27,25.082109451293945
2011-06-28,25.600114822387695
2011-06-29,28.495697021484375
2011-06-30,27.72648811340332
2011-07-01,28.934585571289062
2011-07-05,29.071683883666992
2011-07-06,28.80380630493164
2011-07-07,29.367172241210938
2011-07-08,29.0238037109375
2011-07-11,28.303035736083984
2011-07-12,27.97623634338379
2011-07-13,28.158506393432617
2011-07-14,28.139169692993164
2011-07-15,28.31130599975586
2011-07-18,28.31130599975586
2011-07-19,28.664806365966797
2011-07-20,28.37759017944336
2011-07-21,28.5847110748291
2011-07-22,28.917951583862305
2011-07-25,29.121389389038086
2011-07-26,28.790916442871094
2011-07-27,27.9007511138916
2011-07-28,28.25147819519043
2011-07-29,27.915477752685547
2011-08-01,27.995563507080078
2011-08-02,27.47730255126953
2011-08-03,31.157634735107422
2011-08-04,29.69673728942871
2011-08-05,30.05942153930664
2011-08-08,26.876192092895508
2011-08-09,29.716066360473633
2011-08-10,27.957826614379883
2011-08-11,30.137666702270508
2011-08-12,30.20026969909668
2011-08-15,30.838199615478516
2011-08-16,30.838199615478516
2011-08-17,30.02997398376465
2011-08-18,28.06827735900879
2011-08-19,27.631031036376953
2011-08-22,28.16863250732422
2011-08-23,29.677396774291992
2011-08-24,29.93606948852539
2011-08-25,29.720672607421875
2011-08-26,29.948036193847656
2011-08-29,30.13582992553711
2011-08-30,30.353069305419922
2011-08-31,30.351228713989258
2011-09-01,30.383459091186523
2011-09-02,29.519987106323242
2011-09-06,29.733545303344727
2011-09-07,31.215620040893555
2011-09-08,31.10609245300293
2011-09-09,29.643335342407227
2011-09-12,29.64518165588379
2011-09-13,30.273000717163086
2011-09-14,31.043487548828125
2011-09-15,32.02936553955078
2011-09-16,31.938251495361328
2011-09-19,32.0330696105957
2011-09-20,32.566978454589844
2011-09-21,31.387758255004883
2011-09-22,30.466318130493164
2011-09-23,31.025074005126953
2011-09-26,30.782978057861328
2011-09-27,31.12447738647461
2011-09-28,30.361364364624023
2011-09-29,30.227888107299805
2011-09-30,29.19594955444336
2011-10-03,28.61785888671875
2011-10-04,28.321439743041992
2011-10-05,28.85745620727539
2011-10-06,29.12730598449707
2011-10-07,28.685232162475586
2011-10-10,30.006851196289062
2011-10-11,30.34762191772461
2011-10-12,30.207630157470703
2011-10-13,30.944429397583008
2011-10-14,31.45926284790039
2011-10-17,30.864303588867188
2011-10-18,31.303604125976562
2011-10-19,29.8189754486084
2011-10-20,29.994897842407227
2011-10-21,30.705888748168945
2011-10-24,31.377296447753906
2011-10-25,30.163427352905273
2011-10-26,30.30617904663086
2011-10-27,32.15644836425781
2011-10-28,32.656551361083984
2011-10-31,31.98055076599121
2011-11-01,30.788774490356445
2011-11-02,32.940216064453125
2011-11-03,33.76266860961914
2011-11-04,33.164024353027344
2011-11-07,33.70002746582031
2011-11-08,33.89897155761719
2011-11-09,32.91995620727539
2011-11-10,33.16586685180664
2011-11-11,34.09053039550781
2011-11-14,33.82529830932617
2011-11-15,34.19922637939453
2011-11-16,33.24782943725586
2011-11-17,33.09954833984375
2011-11-18,33.19441223144531
2011-11-21,32.4005126953125
2011-11-22,32.653778076171875
2011-11-23,31.963045120239258
2011-11-25,31.884777069091797
2011-11-28,33.08664321899414
2011-11-29,32.942047119140625
2011-11-30,34.495765686035156
2011-12-01,35.08612823486328
2011-12-02,34.848514556884766
2011-12-05,34.33829116821289
2011-12-06,34.19644546508789
2011-12-07,34.47734451293945
2011-12-08,34.01316833496094
2011-12-09,34.76009750366211
2011-12-12,34.19460678100586
2011-12-13,33.97910690307617
2011-12-14,33.258880615234375
2011-12-15,33.08298110961914
2011-12-16,33.35466384887695
2011-12-19,33.03968048095703
2011-12-20,34.436832427978516
2011-12-21,34.46169662475586
2011-12-22,34.19185256958008
2011-12-23,34.82733154296875
2011-12-27,34.51420211791992
2011-12-28,34.42484664916992
2011-12-29,34.8383903503418
2011-12-30,34.336448669433594
2012-01-03,33.926597595214844
2012-01-04,32.81034851074219
2012-01-05,32.47038269042969
2012-01-06,31.595975875854492
2012-01-09,31.863178253173828
2012-01-10,32.1405143737793
2012-01-11,31.46236801147461
2012-01-12,31.63099479675293
2012-01-13,31.24216651916504
2012-01-17,31.876998901367188
2012-01-18,32.46760940551758
2012-01-19,32.515525817871094
2012-01-20,31.387758255004883
2012-01-23,31.240331649780273
2012-01-24,31.573869705200195
2012-01-25,32.13498306274414
2012-01-26,32.04837417602539
2012-01-27,32.13682556152344
2012-01-30,32.4298210144043
2012-01-31,32.76152038574219
2012-02-01,32.950401306152344
2012-02-02,35.15711212158203
2012-02-03,35.96331024169922
2012-02-06,36.05454635620117
2012-02-07,36.201942443847656
2012-02-08,36.38622283935547
2012-02-09,36.523529052734375
2012-02-10,36.49956130981445
2012-02-13,36.546546936035156
2012-02-14,36.44521713256836
2012-02-15,36.20658493041992
2012-02-16,36.22405242919922
2012-02-17,36.48668670654297
2012-02-21,36.81376266479492
2012-02-22,37.48451232910156
2012-02-23,37.417259216308594
2012-02-24,38.29349136352539
2012-02-27,38.82695770263672
2012-02-28,39.06376266479492
2012-02-29,38.69797897338867
2012-03-01,38.73759841918945
2012-03-02,38.03273391723633
2012-03-05,38.47867965698242
2012-03-06,37.62364959716797
2012-03-07,37.936912536621094
2012-03-08,38.44552993774414
2012-03-09,38.65375900268555
2012-03-12,38.6850700378418
2012-03-13,38.99466323852539
2012-03-14,38.82881164550781
2012-03-15,38.656532287597656
2012-03-16,38.71364212036133
2012-03-19,39.166961669921875
2012-03-20,38.6039924621582
2012-03-21,38.5081672668457
2012-03-22,38.40681838989258
2012-03-23,39.06746292114258
2012-03-26,40.1427116394043
2012-03-27,39.68017578125
2012-03-28,39.39085388183594
2012-03-29,39.45534896850586
2012-03-30,38.747737884521484
2012-04-02,39.80824661254883
2012-04-03,40.35830307006836
2012-04-04,39.733192443847656
2012-04-05,40.5546989440918
2012-04-09,40.50306701660156
2012-04-10,39.160614013671875
2012-04-11,39.65019989013672
2012-04-12,40.01346206665039
2012-04-13,40.61093521118164
2012-04-16,39.89177322387695
2012-04-17,40.42376708984375
2012-04-18,40.26425552368164
2012-04-19,40.27533721923828
2012-04-20,40.60908126831055
2012-04-23,39.67049789428711
2012-04-24,39.674171447753906
2012-04-25,41.03506851196289
2012-04-26,41.85748291015625
2012-04-27,42.18941879272461
2012-04-30,41.6998405456543
2012-05-01,42.03451919555664
2012-05-02,41.62421798706055
2012-05-03,40.79257583618164
2012-05-04,40.53995132446289
2012-05-07,40.21076965332031
2012-05-08,39.79772186279297
2012-05-09,38.98543930053711
2012-05-10,38.9992561340332
2012-05-11,38.9457893371582
2012-05-14,38.211883544921875
2012-05-15,38.21461868286133
2012-05-16,37.74441146850586
2012-05-17,36.74955749511719
2012-05-18,36.37890625
2012-05-21,37.85597229003906
2012-05-22,38.11967468261719
2012-05-23,38.45619583129883
2012-05-24,38.70882797241211
2012-05-25,38.1676025390625
2012-05-29,38.36030960083008
2012-05-30,37.94816970825195
2012-05-31,37.4807014465332
2012-06-01,36.122562408447266
2012-06-04,36.90443801879883
2012-06-05,37.63651657104492
2012-06-06,38.722660064697266
2012-06-07,38.328941345214844
2012-06-08,38.40640640258789
2012-06-11,38.156532287597656
2012-06-12,38.51704406738281
2012-06-13,37.77943420410156
2012-06-14,38.636905670166016
2012-06-15,39.34132766723633
2012-06-18,39.24266815185547
2012-06-19,39.4224739074707
2012-06-20,39.53679656982422
2012-06-21,38.83237075805664
2012-06-22,40.11489486694336
2012-06-25,39.51005554199219
2012-06-26,39.851192474365234
2012-06-27,39.82355499267578
2012-06-28,38.8443603515625
2012-06-29,39.65664291381836
2012-07-02,40.559295654296875
2012-07-03,40.731712341308594
2012-07-05,40.96975326538086
2012-07-06,40.746498107910156
2012-07-09,39.79063415527344
2012-07-10,38.77389144897461
2012-07-11,38.74065399169922
2012-07-12,39.14293670654297
2012-07-13,39.63656234741211
2012-07-16,40.30915451049805
2012-07-17,40.1975212097168
2012-07-18,40.30268478393555
2012-07-19,39.48338317871094
2012-07-20,39.041439056396484
2012-07-23,38.379920959472656
2012-07-24,37.818031311035156
2012-07-25,38.04315185546875
2012-07-26,39.09864807128906
2012-07-27,40.29623031616211
2012-07-30,40.702186584472656
2012-07-31,40.279624938964844
2012-08-01,39.41511917114258
2012-08-02,39.067283630371094
2012-08-03,39.131866455078125
2012-08-06,38.73697280883789
2012-08-07,38.41867446899414
2012-08-08,39.1613883972168
2012-08-09,39.29887008666992
2012-08-10,39.307167053222656
2012-08-13,39.270259857177734
2012-08-14,39.49631118774414
2012-08-15,39.40495681762695
2012-08-16,39.53691101074219
2012-08-17,39.379146575927734
2012-08-20,39.41511917114258
2012-08-21,39.05621337890625
2012-08-22,38.86151885986328
2012-08-23,38.59672164916992
2012-08-24,38.976863861083984
2012-08-27,39.06635665893555
2012-08-28,39.17521286010742
2012-08-29,39.28779602050781
2012-08-30,38.83845901489258
2012-08-31,39.018375396728516
2012-09-04,39.15492630004883
2012-09-05,38.94457244873047
2012-09-06,39.9133415222168
2012-09-07,40.245487213134766
2012-09-10,40.36452102661133
2012-09-11,40.860897064208984
2012-09-12,41.18750762939453
2012-09-13,42.004032135009766
2012-09-14,41.904396057128906
2012-09-17,41.84163284301758
2012-09-18,41.79368591308594
2012-09-19,41.6931037902832
2012-09-20,41.904396057128906
2012-09-21,42.39707565307617
2012-09-24,42.00680160522461
2012-09-25,41.65898132324219
2012-09-26,41.134910583496094
2012-09-27,41.71894073486328
2012-09-28,41.65529251098633
2012-10-01,42.154415130615234
2012-10-02,42.224552154541016
2012-10-03,43.71091842651367
2012-10-04,43.814247131347656
2012-10-05,43.87794876098633
2012-10-08,43.56959915161133
2012-10-09,42.91873550415039
2012-10-10,42.661155700683594
2012-10-11,43.62868118286133
2012-10-12,43.70163345336914
2012-10-15,43.92873001098633
2012-10-16,44.22323989868164
2012-10-17,44.59162139892578
2012-10-18,43.92965316772461
2012-10-19,43.39695358276367
2012-10-22,43.10799789428711
2012-10-23,42.45526123046875
2012-10-24,41.964134216308594
2012-10-25,41.48588562011719
2012-10-26,41.820106506347656
2012-10-31,42.55405044555664
2012-11-01,43.27048873901367
2012-11-02,43.340641021728516
2012-11-05,42.98981857299805
2012-11-06,43.55575180053711
2012-11-07,42.9021110534668
2012-11-08,42.6343879699707
2012-11-09,42.89841842651367
2012-11-12,43.39142990112305
2012-11-13,43.5040397644043
2012-11-14,42.77378845214844
2012-11-15,42.20600128173828
2012-11-16,42.891944885253906
2012-11-19,44.192787170410156
2012-11-20,44.090301513671875
2012-11-21,44.26201629638672
2012-11-23,44.42913055419922
2012-11-26,44.317386627197266
2012-11-27,44.17523193359375
2012-11-28,44.45405197143555
2012-11-29,44.887962341308594
2012-11-30,45.11600112915039
2012-12-03,44.92859649658203
2012-12-04,44.63037872314453
2012-12-05,44.12998580932617
2012-12-06,44.3958854675293
2012-12-07,43.953651428222656
2012-12-10,44.277713775634766
2012-12-11,44.45496368408203
2012-12-12,44.63223648071289
2012-12-13,44.723636627197266
2012-12-14,44.52698516845703
2012-12-17,45.17508316040039
2012-12-18,45.50374984741211
2012-12-19,45.18156051635742
2012-12-20,46.0253791809082
2012-12-21,45.567447662353516
2012-12-24,45.70132064819336
2012-12-26,44.88704299926758
2012-12-27,45.04122543334961
2012-12-28,44.5989990234375
2012-12-31,45.35603713989258
2013-01-02,47.10922622680664
2013-01-03,47.17662048339844
2013-01-04,47.174800872802734
2013-01-07,47.99231719970703
2013-01-08,47.8343620300293
2013-01-09,49.180267333984375
2013-01-10,48.742393493652344
2013-01-11,48.83757400512695
2013-01-14,48.3599739074707
2013-01-15,48.29438400268555
2013-01-16,48.15489196777344
2013-01-17,48.3452033996582
2013-01-18,48.12812042236328
2013-01-22,48.01356506347656
2013-01-23,47.81033706665039
2013-01-24,48.244503021240234
2013-01-25,47.98216247558594
2013-01-28,47.4925537109375
2013-01-29,47.895320892333984
2013-01-30,47.666221618652344
2013-01-31,47.88793182373047
2013-02-01,47.91655349731445
2013-02-04,47.501792907714844
2013-02-05,48.09947204589844
2013-02-06,48.36366653442383
2013-02-07,47.99416732788086
2013-02-08,48.44865036010742
2013-02-11,48.1142463684082
2013-02-12,48.002479553222656
2013-02-13,47.9627571105957
2013-02-14,48.23525619506836
2013-02-15,48.32487869262695
2013-02-19,48.29990768432617
2013-02-20,47.38077926635742
2013-02-21,47.99784851074219
2013-02-22,48.3895263671875
2013-02-25,47.19511413574219
2013-02-26,47.08425521850586
2013-02-27,47.591400146484375
2013-02-28,47.8343620300293
2013-03-01,47.87870407104492
2013-03-04,48.165985107421875
2013-03-05,48.691585540771484
2013-03-06,48.73594284057617
2013-03-07,48.65188980102539
2013-03-08,48.888370513916016
2013-03-11,49.04170608520508
2013-03-12,48.327632904052734
2013-03-13,48.72670364379883
2013-03-14,48.69900131225586
2013-03-15,47.9775505065918
2013-03-18,47.574771881103516
2013-03-19,47.259769439697266
2013-03-20,47.90823745727539
2013-03-21,47.48239517211914
2013-03-22,47.80479431152344
2013-03-25,48.034812927246094
2013-03-26,49.46478271484375
2013-03-27,49.70127868652344
2013-03-28,49.987632751464844
2013-04-01,49.627384185791016
2013-04-02,49.93775939941406
2013-04-03,49.25972366333008
2013-04-04,49.349327087402344
2013-04-05,49.16251754760742
2013-04-08,49.418678283691406
2013-04-09,48.796295166015625
2013-04-10,49.42422103881836
2013-04-11,50.054046630859375
2013-04-12,49.29105758666992
2013-04-15,48.24789047241211
2013-04-16,49.16067123413086
2013-04-17,48.62242889404297
2013-04-18,48.182220458984375
2013-04-19,48.270999908447266
2013-04-22,48.28487777709961
2013-04-23,49.10702133178711
2013-04-24,49.20136260986328
2013-04-25,49.489891052246094
2013-04-26,49.507476806640625
2013-04-29,49.84779739379883
2013-04-30,51.135108947753906
2013-05-01,49.922698974609375
2013-05-02,50.45075225830078
2013-05-03,51.19245147705078
2013-05-06,50.654212951660156
2013-05-07,50.98067092895508
2013-05-08,51.20817565917969
2013-05-09,51.03801345825195
2013-05-10,51.33858108520508
2013-05-13,51.404239654541016
2013-05-14,52.68415451049805
2013-05-15,53.116973876953125
2013-05-16,52.726707458496094
2013-05-17,54.08061218261719
2013-05-20,53.947452545166016
2013-05-21,54.08708953857422
2013-05-22,53.33430099487305
2013-05-23,52.68878936767578
2013-05-24,52.84877395629883
2013-05-28,53.24458694458008
2013-05-29,52.992130279541016
2013-05-30,53.28343963623047
2013-05-31,52.73688507080078
2013-06-03,53.26032257080078
2013-06-04,52.54913330078125
2013-06-05,51.74917984008789
2013-06-06,52.2467155456543
2013-06-07,52.366947174072266
2013-06-10,52.32347869873047
2013-06-11,51.82963562011719
2013-06-12,51.6021614074707
2013-06-13,53.05778884887695
2013-06-14,52.82103729248047
2013-06-17,53.47117233276367
2013-06-18,54.04640579223633
2013-06-19,54.2276611328125
2013-06-20,52.96529006958008
2013-06-21,53.01802062988281
2013-06-24,52.02939987182617
2013-06-25,52.212486267089844
2013-06-26,52.71376037597656
2013-06-27,52.776634216308594
2013-06-28,53.12991714477539
2013-07-01,53.9354133605957
2013-07-02,53.92153549194336
2013-07-03,54.21006774902344
2013-07-05,55.08491134643555
2013-07-08,54.55353927612305
2013-07-09,54.95161056518555
2013-07-10,54.703514099121094
2013-07-11,55.639442443847656
2013-07-12,55.439476013183594
2013-07-15,55.162689208984375
2013-07-16,54.59981918334961
2013-07-17,54.92939758300781
2013-07-18,55.2598991394043
2013-07-19,54.927547454833984
2013-07-22,55.78572463989258
2013-07-23,55.359859466552734
2013-07-24,54.710914611816406
2013-07-25,55.45059585571289
2013-07-26,55.373741149902344
2013-07-29,55.269134521484375
2013-07-30,55.67647171020508
2013-07-31,56.527252197265625
2013-08-01,59.83864974975586
2013-08-02,59.7636604309082
2013-08-05,59.47483444213867
2013-08-06,60.54405212402344
2013-08-07,59.83311462402344
2013-08-08,59.788658142089844
2013-08-09,59.05915832519531
2013-08-12,58.388919830322266
2013-08-13,58.630558013916016
2013-08-14,58.3204345703125
2013-08-15,57.279876708984375
2013-08-16,57.2308235168457
2013-08-19,57.38633728027344
2013-08-20,57.619625091552734
2013-08-21,57.332645416259766
2013-08-22,57.496498107910156
2013-08-23,57.96213912963867
2013-08-26,56.950321197509766
2013-08-27,56.278221130371094
2013-08-28,56.527252197265625
2013-08-29,56.70869445800781
2013-08-30,56.10786819458008
2013-09-03,57.71591567993164
2013-09-04,57.71128845214844
2013-09-05,58.22968673706055
2013-09-06,58.93511199951172
2013-09-09,59.285057067871094
2013-09-10,60.31264877319336
2013-09-11,60.95694351196289
2013-09-12,61.79569625854492
2013-09-13,61.69292068481445
2013-09-16,62.11786651611328
2013-09-17,62.874176025390625
2013-09-18,63.658267974853516
2013-09-19,63.540706634521484
2013-09-20,63.48239517211914
2013-09-23,63.22782516479492
2013-09-24,63.448123931884766
2013-09-25,62.20486831665039
2013-09-26,62.72699737548828
2013-09-27,63.12228775024414
2013-09-30,62.282623291015625
2013-10-01,62.74641036987305
2013-10-02,62.60942459106445
2013-10-03,61.93824005126953
2013-10-04,62.333553314208984
2013-10-07,61.71645736694336
2013-10-08,60.586029052734375
2013-10-09,60.897342681884766
2013-10-10,62.87653350830078
2013-10-11,63.39447021484375
2013-10-14,63.85032272338867
2013-10-15,63.59926223754883
2013-10-16,64.44337463378906
2013-10-17,65.29025268554688
2013-10-18,66.26776123046875
2013-10-21,66.51332092285156
2013-10-22,66.59109497070312
2013-10-23,65.87677764892578
2013-10-24,67.14804077148438
2013-10-25,67.06371307373047
2013-10-28,67.63447570800781
2013-10-29,67.8661117553711
2013-10-30,67.23979187011719
2013-10-31,66.44477844238281
2013-11-01,68.33312225341797
2013-11-04,67.4917984008789
2013-11-05,68.23123931884766
2013-11-06,67.99861145019531
2013-11-07,66.83580780029297
2013-11-08,68.05422973632812
2013-11-11,68.67411041259766
2013-11-12,68.35167694091797
2013-11-13,68.14778900146484
2013-11-14,68.8936767578125
2013-11-15,69.70262145996094
2013-11-18,69.914794921875
2013-11-19,69.2105941772461
2013-11-20,69.11608123779297
2013-11-21,69.21519470214844
2013-11-22,69.905517578125
2013-11-25,70.09455108642578
2013-11-26,70.1455078125
2013-11-27,70.45684814453125
2013-11-29,70.4948501586914
2013-12-02,70.06024932861328
2013-12-03,69.8730697631836
2013-12-04,69.3236312866211
2013-12-05,69.63219451904297
2013-12-06,70.27801513671875
2013-12-09,70.31414794921875
2013-12-10,70.75428771972656
2013-12-11,73.2523193359375
2013-12-12,72.50828552246094
2013-12-13,73.01139068603516
2013-12-16,73.82494354248047
2013-12-17,73.93611907958984
2013-12-18,74.31696319580078
2013-12-19,74.62456512451172
2013-12-20,75.70587158203125
2013-12-23,75.52520751953125
2013-12-24,75.34915924072266
2013-12-26,76.15530395507812
2013-12-27,76.70845031738281
2013-12-30,77.21158599853516
2013-12-31,77.41167449951172
2014-01-02,77.28942108154297
2014-01-03,76.98086547851562
2014-01-06,76.59908294677734
2014-01-07,77.66606140136719
2014-01-08,77.64287567138672
2014-01-09,78.27010345458984
2014-01-10,77.4499282836914
2014-01-13,75.15266418457031
2014-01-14,76.2391357421875
2014-01-15,76.39314270019531
2014-01-16,76.59078979492188
2014-01-17,75.93388366699219
2014-01-21,75.93946075439453
2014-01-22,77.28662872314453
2014-01-23,76.41446685791016
2014-01-24,72.84242248535156
2014-01-27,70.55999755859375
2014-01-28,73.1393051147461
2014-01-29,72.09089660644531
2014-01-30,74.0021743774414
2014-01-31,70.2166976928711
2014-02-03,68.57447814941406
2014-02-04,67.8415298461914
2014-02-05,67.58171844482422
2014-02-06,69.49303436279297
2014-02-07,70.80122375488281
2014-02-10,70.83833312988281
2014-02-11,70.68991088867188
2014-02-12,70.48577880859375
2014-02-13,71.00530242919922
2014-02-14,71.80323791503906
2014-02-18,71.89604949951172
2014-02-19,71.11666870117188
2014-02-20,70.38372039794922
2014-02-21,70.2352523803711
2014-02-24,70.47649383544922
2014-02-25,71.20015716552734
2014-02-26,71.77546691894531
2014-02-27,72.14654541015625
2014-02-28,72.10942840576172
2014-03-03,71.19091033935547
2014-03-04,72.83313751220703
2014-03-05,72.55479431152344
2014-03-06,72.02595520019531
2014-03-07,72.31356048583984
2014-03-10,71.80323791503906
2014-03-11,72.27643585205078
2014-03-12,72.6846694946289
2014-03-13,71.0888671875
2014-03-14,70.82904052734375
2014-03-17,72.21150970458984
2014-03-18,73.22277069091797
2014-03-19,72.65684509277344
2014-03-20,72.74962615966797
2014-03-21,70.50431060791016
2014-03-24,71.80323791503906
2014-03-25,69.8455581665039
2014-03-26,68.38890838623047
2014-03-27,68.04560852050781
2014-03-28,67.93428802490234
2014-03-31,69.30742645263672
2014-04-01,69.40953063964844
2014-04-02,69.30742645263672
2014-04-03,69.14972686767578
2014-04-04,66.96935272216797
2014-04-07,66.28172302246094
2014-04-08,66.45829010009766
2014-04-09,68.35392761230469
2014-04-10,66.1330795288086
2014-04-11,63.81929397583008
2014-04-14,66.1423568725586
2014-04-15,67.043701171875
2014-04-16,68.69773864746094
2014-04-17,68.88358306884766
2014-04-21,69.05083465576172
2014-04-22,69.25526428222656
2014-04-23,68.16807556152344
2014-04-24,69.0879898071289
2014-04-25,65.6591567993164
2014-04-28,66.19807434082031
2014-04-29,66.93219757080078
2014-04-30,68.34459686279297
2014-05-01,68.96719360351562
2014-05-02,68.55834197998047
2014-05-05,69.52472686767578
2014-05-06,68.58622741699219
2014-05-07,68.64199829101562
2014-05-08,68.98577117919922
2014-05-09,69.11587524414062
2014-05-12,69.71058654785156
2014-05-13,69.5340576171875
2014-05-14,68.85568237304688
2014-05-15,67.90787506103516
2014-05-16,68.53045654296875
2014-05-19,68.63268280029297
2014-05-20,68.4375228881836
2014-05-21,70.27740478515625
2014-05-22,70.38893127441406
2014-05-23,71.03936004638672
2014-05-27,71.57832336425781
2014-05-28,71.48538208007812
2014-05-29,71.35533905029297
2014-05-30,71.03936004638672
2014-06-02,71.59695434570312
2014-06-03,70.94646453857422
2014-06-04,70.91857147216797
2014-06-05,71.40177154541016
2014-06-06,71.9871826171875
2014-06-09,71.42037200927734
2014-06-10,71.88501739501953
2014-06-11,71.42963409423828
2014-06-12,70.36103057861328
2014-06-13,70.5654525756836
2014-06-16,69.79421997070312
2014-06-17,69.6734390258789
2014-06-18,69.80354309082031
2014-06-19,69.01366424560547
2014-06-20,68.58622741699219
2014-06-23,68.89288330078125
2014-06-24,67.55479431152344
2014-06-25,67.87071990966797
2014-06-26,67.61981964111328
2014-06-27,68.20521545410156
2014-06-30,68.27029418945312
2014-07-01,70.18450164794922
2014-07-02,70.80706787109375
2014-07-03,71.30883026123047
2014-07-07,70.89010620117188
2014-07-08,70.43411254882812
2014-07-09,71.30886840820312
2014-07-10,70.2293930053711
2014-07-11,70.56439971923828
2014-07-14,71.96025085449219
2014-07-15,72.8814926147461
2014-07-16,72.87220764160156
2014-07-17,71.08551788330078
2014-07-18,72.11843872070312
2014-07-21,71.9788589477539
2014-07-22,72.83496856689453
2014-07-23,72.34176635742188
2014-07-24,72.18359375
2014-07-25,70.4899673461914
2014-07-28,70.89942169189453
2014-07-29,70.62025451660156
2014-07-30,70.63886260986328
2014-07-31,69.0010757446289
2014-08-01,69.77345275878906
2014-08-04,70.42481231689453
2014-08-05,69.97814178466797
2014-08-06,70.1270523071289
2014-08-07,68.91731262207031
2014-08-08,69.9502182006836
2014-08-11,70.37828826904297
2014-08-12,70.37828826904297
2014-08-13,71.00177001953125
2014-08-14,70.76914978027344
2014-08-15,69.98745727539062
2014-08-18,71.43913269042969
2014-08-19,71.09483337402344
2014-08-20,71.08551788330078
2014-08-21,71.64385986328125
2014-08-22,71.16928100585938
2014-08-25,71.12272644042969
2014-08-26,71.65313720703125
2014-08-27,71.31816101074219
2014-08-28,70.87149047851562
2014-08-29,70.54578399658203
2014-09-02,70.33177947998047
2014-09-03,70.66675567626953
2014-09-04,71.07621002197266
2014-09-05,71.52289581298828
2014-09-08,70.93663787841797
2014-09-09,70.7877426147461
2014-09-10,71.32744598388672
2014-09-11,70.36898040771484
2014-09-12,70.2293930053711
2014-09-15,70.015380859375
2014-09-16,71.2716293334961
2014-09-17,70.92730712890625
2014-09-18,72.39762115478516
2014-09-19,71.91374206542969
2014-09-22,70.87149047851562
2014-09-23,70.26661682128906
2014-09-24,71.6997299194336
2014-09-25,69.531494140625
2014-09-26,69.84786987304688
2014-09-29,69.34538269042969
2014-09-30,68.78703308105469
2014-10-01,68.22869110107422
2014-10-02,68.3217544555664
2014-10-03,69.1685562133789
2014-10-06,69.33607482910156
2014-10-07,67.97544860839844
2014-10-08,69.01919555664062
2014-10-09,66.94100189208984
2014-10-10,65.7015151977539
2014-10-13,65.0305404663086
2014-10-14,66.16746520996094
2014-10-15,66.44707489013672
2014-10-16,66.0370101928711
2014-10-17,66.68933868408203
2014-10-20,67.13671875
2014-10-21,69.11239624023438
2014-10-22,68.23638153076172
2014-10-23,69.04716491699219
2014-10-24,68.96330261230469
2014-10-27,69.0658187866211
2014-10-28,70.8271713256836
2014-10-29,70.81784057617188
2014-10-30,77.47186279296875
2014-10-31,78.04966735839844
2014-11-03,78.40381622314453
2014-11-04,78.27334594726562
2014-11-05,80.13719940185547
2014-11-06,79.9135513305664
2014-11-07,79.02820587158203
2014-11-10,79.07482147216797
2014-11-11,78.83246612548828
2014-11-12,78.60881805419922
2014-11-13,78.46906280517578
2014-11-14,78.32925415039062
2014-11-17,77.537109375
2014-11-18,78.18946838378906
2014-11-19,78.5435562133789
2014-11-20,78.8418197631836
2014-11-21,78.95367431640625
2014-11-24,79.20527648925781
2014-11-25,80.46337890625
2014-11-26,80.66841125488281
2014-11-28,81.34872436523438
2014-12-01,81.50716400146484
2014-12-02,81.72150421142578
2014-12-03,82.30862426757812
2014-12-04,82.7280044555664
2014-12-05,83.01691436767578
2014-12-08,82.04769897460938
2014-12-09,81.86129760742188
2014-12-10,80.45407104492188
2014-12-11,81.72150421142578
2014-12-12,78.40381622314453
2014-12-15,78.85112762451172
2014-12-16,77.01522064208984
2014-12-17,78.96298217773438
2014-12-18,81.00391387939453
2014-12-19,80.55658721923828
2014-12-22,80.92003631591797
2014-12-23,81.66558074951172
2014-12-24,81.79605102539062
2014-12-26,81.79605102539062
2014-12-29,81.71218872070312
2014-12-30,81.05049896240234
2014-12-31,80.29564666748047
2015-01-02,79.84829711914062
2015-01-05,77.60234832763672
2015-01-06,77.43457794189453
2015-01-07,78.63909912109375
2015-01-08,79.86228942871094
2015-01-09,78.84453582763672
2015-01-12,77.83610534667969
2015-01-13,78.01350402832031
2015-01-14,77.92949676513672
2015-01-15,76.79964447021484
2015-01-16,78.24694061279297
2015-01-20,78.67647552490234
2015-01-21,78.1722183227539
2015-01-22,78.78850555419922
2015-01-23,78.79788208007812
2015-01-26,78.0602035522461
2015-01-27,76.35149383544922
2015-01-28,75.3897476196289
2015-01-29,75.9873046875
2015-01-30,76.59424591064453
2015-02-02,77.4813003540039
2015-02-03,78.25627136230469
2015-02-04,78.60176849365234
2015-02-05,80.13309478759766
2015-02-06,78.58309936523438
2015-02-09,78.98458862304688
2015-02-10,78.64846801757812
2015-02-11,78.86318969726562
2015-02-12,81.72042083740234
2015-02-13,81.3656234741211
2015-02-17,81.72042083740234
2015-02-18,81.91654205322266
2015-02-19,83.28909301757812
2015-02-20,84.77375030517578
2015-02-23,85.08189392089844
2015-02-24,85.26860046386719
2015-02-25,86.5291748046875
2015-02-26,85.21261596679688
2015-02-27,84.1574935913086
2015-03-02,85.9222183227539
2015-03-03,84.94184112548828
2015-03-04,85.63278198242188
2015-03-05,86.65987396240234
2015-03-06,84.77375030517578
2015-03-09,85.08189392089844
2015-03-10,82.95296478271484
2015-03-11,81.20685577392578
2015-03-12,83.33578491210938
2015-03-13,81.93519592285156
2015-03-16,82.83157348632812
2015-03-17,82.14064025878906
2015-03-18,82.99032592773438
2015-03-19,83.12102508544922
2015-03-20,83.8680191040039
2015-03-23,83.41048431396484
2015-03-24,83.55989837646484
2015-03-25,81.58039855957031
2015-03-26,82.10324096679688
2015-03-27,81.46831512451172
2015-03-30,81.8604965209961
2015-03-31,80.6653060913086
2015-04-01,80.99212646484375
2015-04-02,81.26293182373047
2015-04-06,81.55238342285156
2015-04-07,82.24458312988281
2015-04-08,83.55423736572266
2015-04-09,83.31101989746094
2015-04-10,82.85262298583984
2015-04-13,82.55326843261719
2015-04-14,83.36712646484375
2015-04-15,83.48873138427734
2015-04-16,82.99298095703125
2015-04-17,81.31848907470703
2015-04-20,81.69269561767578
2015-04-21,82.10426330566406
2015-04-22,85.31288146972656
2015-04-23,85.01351928710938
2015-04-24,84.86382293701172
2015-04-27,83.95646667480469
2015-04-28,84.40548706054688
2015-04-29,84.42417907714844
2015-04-30,84.38676452636719
2015-05-01,85.35962677001953
2015-05-04,85.29417419433594
2015-05-05,84.91997528076172
2015-05-06,84.72350311279297
2015-05-07,86.10800170898438
2015-05-08,87.4737319946289
2015-05-11,86.5476303100586
2015-05-12,86.426025390625
2015-05-13,86.5476303100586
2015-05-14,87.7824478149414
2015-05-15,87.20247650146484
2015-05-18,87.0715103149414
2015-05-19,87.74504089355469
2015-05-20,87.2211685180664
2015-05-21,86.90311431884766
2015-05-22,86.7066879272461
2015-05-26,85.95832061767578
2015-05-27,86.6131362915039
2015-05-28,86.8282699584961
2015-05-29,86.30445098876953
2015-06-01,86.58505249023438
2015-06-02,87.15569305419922
2015-06-03,87.46441650390625
2015-06-04,86.59442901611328
2015-06-05,86.64122009277344
2015-06-08,85.96768951416016
2015-06-09,86.14542388916016
2015-06-10,88.09114837646484
2015-06-11,88.39984130859375
2015-06-12,87.71697998046875
2015-06-15,87.27730560302734
2015-06-16,88.07240295410156
2015-06-17,88.35308074951172
2015-06-18,89.84981536865234
2015-06-19,88.68984985351562
2015-06-22,89.26045989990234
2015-06-23,89.52236938476562
2015-06-24,89.34466552734375
2015-06-25,88.3624038696289
2015-06-26,88.40918731689453
2015-06-29,86.5476303100586
2015-06-30,87.4457015991211
2015-07-01,88.39984130859375
2015-07-02,88.15662384033203
2015-07-06,88.4185562133789
2015-07-07,87.97814178466797
2015-07-08,86.66630554199219
2015-07-09,87.18167877197266
2015-07-10,88.66217803955078
2015-07-13,89.48677825927734
2015-07-14,89.271240234375
2015-07-15,89.25250244140625
2015-07-16,89.78661346435547
2015-07-17,90.0302734375
2015-07-20,91.1359634399414
2015-07-21,90.62060546875
2015-07-22,90.77987670898438
2015-07-23,89.16818237304688
2015-07-24,89.7959976196289
2015-07-27,88.44668579101562
2015-07-28,89.16818237304688
2015-07-29,90.63932037353516
2015-07-30,92.21354675292969
2015-07-31,91.26715850830078
2015-08-03,91.30459594726562
2015-08-04,91.17344665527344
2015-08-05,92.08238220214844
2015-08-06,91.0422592163086
2015-08-07,91.61385345458984
2015-08-10,91.90434265136719
2015-08-11,91.07972717285156
2015-08-12,90.92981719970703
2015-08-13,91.10787200927734
2015-08-14,91.72628784179688
2015-08-17,91.69818115234375
2015-08-18,91.45453643798828
2015-08-19,90.51752471923828
2015-08-20,88.60595703125
2015-08-21,84.97028350830078
2015-08-24,82.29971313476562
2015-08-25,81.35330963134766
2015-08-26,85.93540954589844
2015-08-27,88.12806701660156
2015-08-28,88.15618133544922
2015-08-31,86.55382537841797
2015-09-01,83.44291687011719
2015-09-02,84.73600006103516
2015-09-03,85.8791732788086
2015-09-04,84.82970428466797
2015-09-08,87.05047607421875
2015-09-09,84.30496978759766
2015-09-10,84.03323364257812
2015-09-11,85.59806823730469
2015-09-14,85.21392059326172
2015-09-15,86.31024932861328
2015-09-16,86.89118194580078
2015-09-17,87.34097290039062
2015-09-18,86.34769439697266
2015-09-21,87.1910400390625
2015-09-22,86.2727279663086
2015-09-23,86.33834075927734
2015-09-24,85.38258361816406
2015-09-25,85.55122375488281
2015-09-28,82.7869644165039
2015-09-29,83.17115783691406
2015-09-30,84.44552612304688
2015-10-01,85.01714324951172
2015-10-02,86.2727279663086
2015-10-05,88.39044952392578
2015-10-06,88.0062484741211
2015-10-07,89.33912658691406
2015-10-08,89.98677062988281
2015-10-09,89.93982696533203
2015-10-12,90.70952606201172
2015-10-13,90.04307556152344
2015-10-14,89.19829559326172
2015-10-15,91.19760131835938
2015-10-16,91.64815521240234
2015-10-19,91.74200439453125
2015-10-20,91.67630004882812
2015-10-21,90.6719970703125
2015-10-22,92.00483703613281
2015-10-23,93.66621398925781
2015-10-26,93.51600646972656
2015-10-27,92.38969421386719
2015-10-28,93.94780731201172
2015-10-29,94.4171142578125
2015-10-30,92.91531372070312
2015-11-02,93.2813720703125
2015-11-03,93.97599792480469
2015-11-04,94.3514175415039
2015-11-05,94.51100158691406
2015-11-06,95.2712631225586
2015-11-09,94.30451202392578
2015-11-10,94.47341918945312
2015-11-11,94.68931579589844
2015-11-12,92.2488784790039
2015-11-13,90.91603088378906
2015-11-16,92.26763916015625
2015-11-17,92.05175018310547
2015-11-18,93.07485961914062
2015-11-19,92.8590087890625
2015-11-20,93.39401245117188
2015-11-23,93.27198028564453
2015-11-24,92.45537567138672
2015-11-25,92.13626098632812
2015-11-27,92.61492919921875
2015-11-30,91.91094970703125
2015-12-01,91.92037963867188
2015-12-02,91.14128875732422
2015-12-03,90.07122802734375
2015-12-04,92.64309692382812
2015-12-07,91.81710052490234
2015-12-08,92.155029296875
2015-12-09,91.81710052490234
2015-12-10,91.62000274658203
2015-12-11,89.01060485839844
2015-12-14,90.3904037475586
2015-12-15,92.38969421386719
2015-12-16,93.9008560180664
2015-12-17,93.23445892333984
2015-12-18,90.3810043334961
2015-12-21,91.08499145507812
2015-12-22,91.55428314208984
2015-12-23,92.6712417602539
2015-12-24,92.53986358642578
2015-12-28,92.48356628417969
2015-12-29,93.60051727294922
2015-12-30,92.80268859863281
2015-12-31,91.38534545898438
2016-01-04,88.99181365966797
2016-01-05,89.16078186035156
2016-01-06,87.79701232910156
2016-01-07,86.1887435913086
2016-01-08,84.54286193847656
2016-01-11,85.19178009033203
2016-01-12,86.0006332397461
2016-01-13,83.88448333740234
2016-01-14,85.31407928466797
2016-01-15,83.43305206298828
2016-01-19,81.09114837646484
2016-01-20,80.06600952148438
2016-01-21,80.99710083007812
2016-01-22,82.7652816772461
2016-01-25,81.60844421386719
2016-01-26,81.82476806640625
2016-01-27,79.76504516601562
2016-01-28,78.46711730957031
2016-01-29,83.73400115966797
2016-02-01,83.35780334472656
2016-02-02,80.81839752197266
2016-02-03,81.32630157470703
2016-02-04,81.19461059570312
2016-02-05,77.83699035644531
2016-02-08,75.85253143310547
2016-02-09,77.0939712524414
2016-02-10,78.35424041748047
2016-02-11,77.22563934326172
2016-02-12,79.84026336669922
2016-02-16,81.05353546142578
2016-02-17,82.02227020263672
2016-02-18,80.92189025878906
2016-02-19,81.62724304199219
2016-02-22,82.59599304199219
2016-02-23,81.08175659179688
2016-02-24,81.27928161621094
2016-02-25,82.21978759765625
2016-02-26,82.3608627319336
2016-02-29,81.74951171875
2016-03-01,84.7403564453125
2016-03-02,84.54286193847656
2016-03-03,84.40176391601562
2016-03-04,84.69335174560547
2016-03-07,83.04744720458984
2016-03-08,81.68367767333984
2016-03-09,81.99406433105469
2016-03-10,81.7213134765625
2016-03-11,83.31079864501953
2016-03-14,83.58351135253906
2016-03-15,84.04437255859375
2016-03-16,84.65569305419922
2016-03-17,85.9724349975586
2016-03-18,86.81888580322266
2016-03-21,86.85652160644531
2016-03-22,86.3016128540039
2016-03-23,86.64959716796875
2016-03-24,86.44270324707031
2016-03-28,85.8125228881836
2016-03-29,87.26095581054688
2016-03-30,88.22966766357422
2016-03-31,88.87864685058594
2016-04-01,90.1671371459961
2016-04-04,89.39591979980469
2016-04-05,88.73754119873047
2016-04-06,89.29357147216797
2016-04-07,88.125
2016-04-08,88.38884735107422
2016-04-11,88.08726501464844
2016-04-12,88.45484161376953
2016-04-13,90.23596954345703
2016-04-14,90.63179779052734
2016-04-15,91.1124267578125
2016-04-18,92.04539489746094
2016-04-19,91.64019775390625
2016-04-20,92.26216125488281
2016-04-21,91.92288208007812
2016-04-22,91.83807373046875
2016-04-25,91.3951416015625
2016-04-26,91.66844940185547
2016-04-27,92.71452331542969
2016-04-28,91.5836410522461
2016-04-29,91.4045639038086
2016-05-02,92.13965606689453
2016-05-03,90.89566802978516
2016-05-04,90.70718383789062
2016-05-05,90.65065002441406
2016-05-06,91.1124267578125
2016-05-09,91.15010833740234
2016-05-10,92.01715850830078
2016-05-11,90.85798645019531
2016-05-12,90.3302230834961
2016-05-13,89.86844635009766
2016-05-16,90.61295318603516
2016-05-17,90.09461975097656
2016-05-18,90.12289428710938
2016-05-19,89.24646759033203
2016-05-20,89.97210693359375
2016-05-23,89.60457611083984
2016-05-24,90.92395782470703
2016-05-25,90.89566802978516
2016-05-26,90.82972717285156
2016-05-27,91.5836410522461
2016-05-31,90.37734985351562
2016-06-01,90.85798645019531
2016-06-02,91.30089569091797
2016-06-03,90.49987030029297
2016-06-06,91.0747299194336
2016-06-07,91.1124267578125
2016-06-08,92.34698486328125
2016-06-09,91.43281555175781
2016-06-10,89.7270736694336
2016-06-13,88.76581573486328
2016-06-14,88.69046783447266
2016-06-15,87.96475982666016
2016-06-16,88.66217041015625
2016-06-17,87.91764831542969
2016-06-20,88.9166030883789
2016-06-21,89.63284301757812
2016-06-22,88.64330291748047
2016-06-23,90.19831085205078
2016-06-24,86.20242309570312
2016-06-27,83.94065856933594
2016-06-28,85.21292877197266
2016-06-29,86.82444763183594
2016-06-30,82.98882293701172
2016-07-01,83.73336791992188
2016-07-05,83.15845489501953
2016-07-06,82.00624084472656
2016-07-07,82.93180084228516
2016-07-08,83.64012908935547
2016-07-11,83.81956481933594
2016-07-12,85.00012969970703
2016-07-13,85.32122802734375
2016-07-14,86.36961364746094
2016-07-15,85.87844848632812
2016-07-18,86.51123809814453
2016-07-19,87.24793243408203
2016-07-20,88.11680603027344
2016-07-21,87.323486328125
2016-07-22,88.45683288574219
2016-07-25,87.83345794677734
2016-07-26,88.23958587646484
2016-07-27,88.54180145263672
2016-07-28,90.6762466430664
2016-07-29,89.94902038574219
2016-08-01,89.78846740722656
2016-08-02,89.95848083496094
2016-08-03,89.79792022705078
2016-08-04,90.58181762695312
2016-08-05,91.49791717529297
2016-08-08,91.40347290039062
2016-08-09,91.32792663574219
2016-08-10,90.9406967163086
2016-08-11,91.1673583984375
2016-08-12,90.78016662597656
2016-08-15,91.0823745727539
2016-08-16,90.30793762207031
2016-08-17,90.27960968017578
2016-08-18,89.97738647460938
2016-08-19,89.93012237548828
2016-08-22,90.46849060058594
2016-08-23,90.9406967163086
2016-08-24,90.22293090820312
2016-08-25,90.27960968017578
2016-08-26,91.11068725585938
2016-08-29,91.40347290039062
2016-08-30,91.6962661743164
2016-08-31,91.26181030273438
2016-09-01,92.19681549072266
2016-09-02,92.45182037353516
2016-09-06,93.30179595947266
2016-09-07,94.03849792480469
2016-09-08,94.42572021484375
2016-09-09,92.69737243652344
2016-09-12,94.54850769042969
2016-09-13,93.86849212646484
2016-09-14,93.22626495361328
2016-09-15,93.94404602050781
2016-09-16,93.84014129638672
2016-09-19,94.1423568725586
2016-09-20,94.90737915039062
2016-09-21,95.63459014892578
2016-09-22,96.44681549072266
2016-09-23,96.01240539550781
2016-09-26,95.54016876220703
2016-09-27,95.81401824951172
2016-09-28,95.87071228027344
2016-09-29,95.02069854736328
2016-09-30,96.11627197265625
2016-10-03,96.22015380859375
2016-10-04,95.5968246459961
2016-10-05,96.89314270019531
2016-10-06,97.40410614013672
2016-10-07,96.75120544433594
2016-10-10,97.12970733642578
2016-10-11,95.89962005615234
2016-10-12,95.90908813476562
2016-10-13,95.23726654052734
2016-10-14,95.45491027832031
2016-10-17,95.42650604248047
2016-10-18,96.2591781616211
2016-10-19,97.20539855957031
2016-10-20,97.03507232666016
2016-10-21,97.31893920898438
2016-10-24,97.64067077636719
2016-10-25,97.34733581542969
2016-10-26,97.66902160644531
2016-10-27,98.02860260009766
2016-10-28,101.15113067626953
2016-10-31,101.26470947265625
2016-11-01,99.31548309326172
2016-11-02,98.40709686279297
2016-11-03,98.19894409179688
2016-11-04,97.48925018310547
2016-11-07,100.26170349121094
2016-11-08,100.01566314697266
2016-11-09,100.47930908203125
2016-11-10,98.88021850585938
2016-11-11,98.99376678466797
2016-11-14,95.7009048461914
2016-11-15,96.96881866455078
2016-11-16,98.40709686279297
2016-11-17,98.8329086303711
2016-11-18,99.14514923095703
2016-11-21,100.24278259277344
2016-11-22,100.23331451416016
2016-11-23,98.93700408935547
2016-11-25,100.04408264160156
2016-11-28,97.80152893066406
2016-11-29,98.23676300048828
2016-11-30,96.70386505126953
2016-12-01,94.79252624511719
2016-12-02,95.66304016113281
2016-12-05,97.98130798339844
2016-12-06,96.51464080810547
2016-12-07,99.58988952636719
2016-12-08,99.18301391601562
2016-12-09,98.79505920410156
2016-12-12,97.72584533691406
2016-12-13,97.76366424560547
2016-12-14,97.72584533691406
2016-12-15,98.73827362060547
2016-12-16,97.86776733398438
2016-12-19,97.9718246459961
2016-12-20,98.91806030273438
2016-12-21,98.5679702758789
2016-12-22,98.70043182373047
2016-12-23,99.07891082763672
2016-12-27,99.16407012939453
2016-12-28,98.10430145263672
2016-12-29,98.18946075439453
2016-12-30,97.69742584228516
2017-01-03,99.72235870361328
2017-01-04,100.66856384277344
2017-01-05,101.446044921875
2017-01-06,102.17618560791016
2017-01-09,101.97705841064453
2017-01-10,101.75898742675781
2017-01-11,102.22359466552734
2017-01-12,103.07695770263672
2017-01-13,103.06744384765625
2017-01-17,102.78302001953125
2017-01-18,103.029541015625
2017-01-19,102.90628814697266
2017-01-20,104.26216125488281
2017-01-23,103.94927215576172
2017-01-24,104.2242431640625
2017-01-25,104.48027801513672
2017-01-26,103.71224212646484
2017-01-27,104.14839935302734
2017-01-30,103.6363754272461
2017-01-31,100.82028198242188
2017-02-01,99.55918884277344
2017-02-02,99.69196319580078
2017-02-03,101.05735778808594
2017-02-06,101.06678771972656
2017-02-07,101.07630157470703
2017-02-08,101.1900863647461
2017-02-09,101.74003601074219
2017-02-10,101.7115478515625
2017-02-13,102.66924285888672
2017-02-14,103.2381362915039
2017-02-15,103.97769927978516
2017-02-16,103.6363754272461
2017-02-17,103.75019073486328
2017-02-21,104.45182800292969
2017-02-22,103.76914978027344
2017-02-23,105.00177764892578
2017-02-24,105.24830627441406
2017-02-27,104.84056091308594
2017-02-28,104.73626708984375
2017-03-01,106.49040985107422
2017-03-02,105.56119537353516
2017-03-03,105.9499282836914
2017-03-06,105.58963012695312
2017-03-07,105.21038055419922
2017-03-08,105.22933959960938
2017-03-09,105.04917907714844
2017-03-10,105.44741821289062
2017-03-13,105.75081634521484
2017-03-14,104.76472473144531
2017-03-15,106.21542358398438
2017-03-16,106.83174896240234
2017-03-17,106.98348999023438
2017-03-20,106.58522033691406
2017-03-21,104.97332000732422
2017-03-22,105.67497253417969
2017-03-23,105.81719207763672
2017-03-24,106.17753601074219
2017-03-27,106.13959503173828
2017-03-28,106.64214324951172
2017-03-29,106.25334930419922
2017-03-30,106.83174896240234
2017-03-31,106.64214324951172
2017-04-03,106.42405700683594
2017-04-04,106.28181457519531
2017-04-05,106.47183227539062
2017-04-06,106.8138427734375
2017-04-07,106.6333236694336
2017-04-10,106.7093505859375
2017-04-11,106.50983428955078
2017-04-12,105.90181732177734
2017-04-13,105.66429901123047
2017-04-17,107.0418472290039
2017-04-18,106.89934539794922
2017-04-19,106.68083190917969
2017-04-20,108.8659439086914
2017-04-21,108.56193542480469
2017-04-24,109.92048645019531
2017-04-25,110.32901763916016
2017-04-26,110.36701202392578
2017-04-27,111.2505874633789
2017-04-28,110.50952911376953
2017-05-01,110.55702209472656
2017-05-02,112.21961975097656
2017-05-03,111.46907043457031
2017-05-04,112.02962493896484
2017-05-05,111.63060760498047
2017-05-08,110.78504943847656
2017-05-09,110.59506225585938
2017-05-10,110.82303619384766
2017-05-11,110.70903778076172
2017-05-12,111.2790298461914
2017-05-15,112.3051528930664
2017-05-16,112.57111358642578
2017-05-17,110.96554565429688
2017-05-18,110.43351745605469
2017-05-19,111.70657348632812
2017-05-22,113.05564880371094
2017-05-23,113.62567901611328
2017-05-24,114.67074584960938
2017-05-25,115.82979583740234
2017-05-26,115.55427551269531
2017-05-30,115.57327270507812
2017-05-31,116.74182891845703
2017-06-01,117.23584747314453
2017-06-02,118.9459457397461
2017-06-05,119.61097717285156
2017-06-06,118.98394012451172
2017-06-07,118.93643951416016
2017-06-08,118.5279541015625
2017-06-09,116.89385986328125
2017-06-12,114.72773742675781
2017-06-13,116.2098159790039
2017-06-14,116.38081359863281
2017-06-15,115.35478210449219
2017-06-16,115.8677978515625
2017-06-19,116.94134521484375
2017-06-20,116.78935241699219
2017-06-21,116.95085906982422
2017-06-22,117.14087677001953
2017-06-23,117.81539154052734
2017-06-26,117.349853515625
2017-06-27,116.60885620117188
2017-06-28,118.57542419433594
2017-06-29,115.44029235839844
2017-06-30,115.38328552246094
2017-07-03,114.74674224853516
2017-07-05,116.09827423095703
2017-07-06,114.97515869140625
2017-07-07,116.30767822265625
2017-07-10,116.81212615966797
2017-07-11,118.23977661132812
2017-07-12,119.23917388916016
2017-07-13,119.41998291015625
2017-07-14,120.8857192993164
2017-07-17,121.28548431396484
2017-07-18,121.57101440429688
2017-07-19,121.8660659790039
2017-07-20,122.27532958984375
2017-07-21,123.03675079345703
2017-07-24,123.27471160888672
2017-07-25,123.7125015258789
2017-07-26,124.6738510131836
2017-07-27,122.713134765625
2017-07-28,121.74234008789062
2017-07-31,121.63764190673828
2017-08-01,123.2461166381836
2017-08-02,124.31211853027344
2017-08-03,123.62686920166016
2017-08-04,123.56028747558594
2017-08-07,124.09323120117188
2017-08-08,123.5792465209961
2017-08-09,123.46508026123047
2017-08-10,121.51390075683594
2017-08-11,122.35149383544922
2017-08-14,124.76901245117188
2017-08-15,125.23536682128906
2017-08-16,125.98724365234375
2017-08-17,124.56912231445312
2017-08-18,124.81659698486328
2017-08-21,125.57804107666016
2017-08-22,127.3483657836914
2017-08-23,126.65353393554688
2017-08-24,126.54884338378906
2017-08-25,126.34895324707031
2017-08-28,127.39591979980469
2017-08-29,127.38638305664062
2017-08-30,127.3483657836914
2017-08-31,126.87244415283203
2017-09-01,126.81531524658203
2017-09-05,126.26331329345703
2017-09-06,126.48223114013672
2017-09-07,129.9466552734375
2017-09-08,130.6034393310547
2017-09-11,135.14344787597656
2017-09-12,135.5526123046875
2017-09-13,133.34461975097656
2017-09-14,134.6484832763672
2017-09-15,134.753173828125
2017-09-18,134.5818634033203
2017-09-19,135.61932373046875
2017-09-20,135.38137817382812
2017-09-21,134.8865203857422
2017-09-22,135.0482177734375
2017-09-25,131.88833618164062
2017-09-26,131.69793701171875
2017-09-27,132.935302734375
2017-09-28,133.439697265625
2017-09-29,134.39149475097656
2017-10-02,134.9816436767578
2017-10-03,136.1238250732422
2017-10-04,135.2385711669922
2017-10-05,137.03070068359375
2017-10-06,136.8114776611328
2017-10-09,137.79331970214844
2017-10-10,138.84194946289062
2017-10-11,139.98577880859375
2017-10-12,139.8809356689453
2017-10-13,140.45289611816406
2017-10-16,139.38531494140625
2017-10-17,139.10882568359375
2017-10-18,139.35667419433594
2017-10-19,138.2032012939453
2017-10-20,138.5845184326172
2017-10-23,138.756103515625
2017-10-24,138.98489379882812
2017-10-25,139.4043426513672
2017-10-26,139.7379913330078
2017-10-27,141.57774353027344
2017-10-30,141.9876251220703
2017-10-31,141.81602478027344
2017-11-01,141.93045043945312
2017-11-02,141.32037353515625
2017-11-03,142.31173706054688
2017-11-06,143.07435607910156
2017-11-07,142.9599609375
2017-11-08,142.9599609375
2017-11-09,142.31173706054688
2017-11-10,142.55007934570312
2017-11-13,142.6930694580078
2017-11-14,142.9408416748047
2017-11-15,141.39662170410156
2017-11-16,143.30313110351562
2017-11-17,142.0543975830078
2017-11-20,142.56912231445312
2017-11-21,145.3812255859375
2017-11-22,144.18017578125
2017-11-24,145.6005096435547
2017-11-27,145.81973266601562
2017-11-28,146.98272705078125
2017-11-29,141.4157257080078
2017-11-30,143.43655395507812
2017-12-01,142.6930694580078
2017-12-04,136.7256622314453
2017-12-05,138.34619140625
2017-12-06,140.52914428710938
2017-12-07,142.4642791748047
2017-12-08,142.88368225097656
2017-12-11,143.8274383544922
2017-12-12,145.3717041015625
2017-12-13,144.59959411621094
2017-12-14,144.82838439941406
2017-12-15,146.22967529296875
2017-12-18,145.96278381347656
2017-12-19,144.5900421142578
2017-12-20,144.37078857421875
2017-12-21,143.49375915527344
2017-12-22,143.79884338378906
2017-12-26,144.20877075195312
2017-12-27,144.32313537597656
2017-12-28,144.6758270263672
2017-12-29,144.2850341796875
2018-01-02,144.80929565429688
2018-01-03,146.6300506591797
2018-01-04,148.52700805664062
2018-01-05,151.60597229003906
2018-01-08,152.06430053710938
2018-01-09,152.2838897705078
2018-01-10,152.6276397705078
2018-01-11,153.63967895507812
2018-01-12,154.9858856201172
2018-01-16,154.9476776123047
2018-01-17,156.8858642578125
2018-01-18,157.9933319091797
2018-01-19,159.28228759765625
2018-01-22,160.66664123535156
2018-01-23,159.6259765625
2018-01-24,159.45411682128906
2018-01-25,160.96261596679688
2018-01-26,162.63348388671875
2018-01-29,160.92449951171875
2018-01-30,159.6259765625
2018-01-31,161.35411071777344
2018-02-01,165.10629272460938
2018-02-02,162.83392333984375
2018-02-05,157.14361572265625
2018-02-06,161.6214141845703
2018-02-07,161.09632873535156
2018-02-08,153.35321044921875
2018-02-09,157.72592163085938
2018-02-12,160.58078002929688
2018-02-13,162.42344665527344
2018-02-14,164.71487426757812
2018-02-15,166.78663635253906
2018-02-16,167.7032470703125
2018-02-20,167.4168243408203
2018-02-21,164.52386474609375
2018-02-22,165.12539672851562
2018-02-23,167.80828857421875
2018-02-26,169.8228302001953
2018-02-27,167.97055053710938
2018-02-28,167.80828857421875
2018-03-01,165.64093017578125
2018-03-02,167.10177612304688
2018-03-05,170.45291137695312
2018-03-06,169.4981689453125
2018-03-07,171.10218811035156
2018-03-08,171.140380859375
2018-03-09,174.94985961914062
2018-03-12,174.28152465820312
2018-03-13,172.82069396972656
2018-03-14,171.97097778320312
2018-03-15,172.76345825195312
2018-03-16,174.29107666015625
2018-03-19,172.41021728515625
2018-03-20,174.25283813476562
2018-03-21,172.5724639892578
2018-03-22,167.5791473388672
2018-03-23,164.05606079101562
2018-03-26,169.1544647216797
2018-03-27,164.71487426757812
2018-03-28,162.64303588867188
2018-03-29,167.23538208007812
2018-04-02,163.83645629882812
2018-04-03,164.66709899902344
2018-04-04,165.8319091796875
2018-04-05,167.846435546875
2018-04-06,162.253173828125
2018-04-09,162.8650665283203
2018-04-10,167.0528564453125
2018-04-11,164.79640197753906
2018-04-12,167.12936401367188
2018-04-13,166.62258911132812
2018-04-16,166.2401885986328
2018-04-17,170.5140380859375
2018-04-18,171.5849151611328
2018-04-19,171.1546173095703
2018-04-20,169.30929565429688
2018-04-23,167.7316436767578
2018-04-24,165.6378173828125
2018-04-25,164.901611328125
2018-04-26,170.34193420410156
2018-04-27,168.21932983398438
2018-04-30,170.44708251953125
2018-05-01,172.34019470214844
2018-05-02,177.66578674316406
2018-05-03,178.2967987060547
2018-05-04,179.91262817382812
2018-05-07,180.8018341064453
2018-05-08,182.16912841796875
2018-05-09,182.26466369628906
2018-05-10,184.5785369873047
2018-05-11,184.8653564453125
2018-05-14,183.68930053710938
2018-05-15,183.57461547851562
2018-05-16,183.93788146972656
2018-05-17,182.80963134765625
2018-05-18,182.04478454589844
2018-05-21,182.80963134765625
2018-05-22,183.21124267578125
2018-05-23,184.5211639404297
2018-05-24,183.48854064941406
2018-05-25,182.78099060058594
2018-05-29,181.21295166015625
2018-05-30,183.34512329101562
2018-05-31,181.77708435058594
2018-06-01,186.79669189453125
2018-06-04,189.0531463623047
2018-06-05,190.6116485595703
2018-06-06,194.29269409179688
2018-06-07,190.78370666503906
2018-06-08,191.26174926757812
2018-06-11,189.7798309326172
2018-06-12,191.34786987304688
2018-06-13,190.65940856933594
2018-06-14,190.56382751464844
2018-06-15,190.7741241455078
2018-06-18,192.30392456054688
2018-06-19,190.9271240234375
2018-06-20,192.6959228515625
2018-06-21,191.9692840576172
2018-06-22,192.63858032226562
2018-06-25,186.42379760742188
2018-06-26,187.8389129638672
2018-06-27,184.70286560058594
2018-06-28,188.4508056640625
2018-06-29,187.896240234375
2018-07-02,188.9957733154297
2018-07-03,187.67633056640625
2018-07-05,190.14309692382812
2018-07-06,191.0047149658203
2018-07-09,192.3545379638672
2018-07-10,192.91932678222656
2018-07-11,195.14035034179688
2018-07-12,198.91213989257812
2018-07-13,197.12200927734375
2018-07-16,195.3700714111328
2018-07-17,197.56234741210938
2018-07-18,199.46742248535156
2018-07-19,197.2655792236328
2018-07-20,197.88787841796875
2018-07-23,198.96963500976562
2018-07-24,200.63536071777344
2018-07-25,205.01991271972656
2018-07-26,198.51966857910156
2018-07-27,194.2787628173828
2018-07-30,189.42514038085938
2018-07-31,189.5496063232422
2018-08-01,192.61297607421875
2018-08-02,193.38844299316406
2018-08-03,192.61297607421875
2018-08-06,192.93844604492188
2018-08-07,193.97239685058594
2018-08-08,194.20213317871094
2018-08-09,194.91058349609375
2018-08-10,194.0010986328125
2018-08-13,193.67556762695312
2018-08-14,195.17861938476562
2018-08-15,191.69395446777344
2018-08-16,194.91058349609375
2018-08-17,194.53724670410156
2018-08-20,196.0115203857422
2018-08-21,194.42234802246094
2018-08-22,195.5902862548828
2018-08-23,196.46145629882812
2018-08-24,200.4630126953125
2018-08-27,202.5021209716797
2018-08-28,203.55519104003906
2018-08-29,205.4123992919922
2018-08-30,204.6752471923828
2018-08-31,206.36012268066406
2018-09-04,207.5663299560547
2018-09-05,202.14791870117188
2018-09-06,203.689208984375
2018-09-07,202.08091735839844
2018-09-10,202.63616943359375
2018-09-11,204.34014892578125
2018-09-12,204.89544677734375
2018-09-13,207.94932556152344
2018-09-14,208.65773010253906
2018-09-17,207.23129272460938
2018-09-18,210.65847778320312
2018-09-19,208.87783813476562
2018-09-20,211.94131469726562
2018-09-21,212.42953491210938
2018-09-24,211.9030303955078
2018-09-25,212.64015197753906
2018-09-26,212.77420043945312
2018-09-27,212.82203674316406
2018-09-28,213.10922241210938
2018-10-01,214.21974182128906
2018-10-02,212.8794708251953
2018-10-03,213.60702514648438
2018-10-04,206.9249267578125
2018-10-05,204.3946990966797
2018-10-08,199.60255432128906
2018-10-09,201.0402069091797
2018-10-10,188.51353454589844
2018-10-11,186.42413330078125
2018-10-12,195.7305145263672
2018-10-15,191.99258422851562
2018-10-16,199.14248657226562
2018-10-17,198.75918579101562
2018-10-18,195.15542602539062
2018-10-19,194.61875915527344
2018-10-22,195.9989013671875
2018-10-23,194.01490783691406
2018-10-24,187.5550537109375
2018-10-25,195.71136474609375
2018-10-26,189.28024291992188
2018-10-29,183.09840393066406
2018-10-30,179.926025390625
2018-10-31,189.4527587890625
2018-11-01,191.40802001953125
2018-11-02,189.50071716308594
2018-11-05,189.74990844726562
2018-11-06,190.87123107910156
2018-11-07,199.58340454101562
2018-11-08,200.1776123046875
2018-11-09,197.0723114013672
2018-11-12,190.86166381835938
2018-11-13,189.93199157714844
2018-11-14,189.36651611328125
2018-11-15,192.36639404296875
2018-11-16,190.7658233642578
2018-11-19,181.41152954101562
2018-11-20,179.2838134765625
2018-11-21,179.85890197753906
2018-11-23,175.00921630859375
2018-11-26,183.8746795654297
2018-11-27,184.95773315429688
2018-11-28,193.87115478515625
2018-11-29,188.48480224609375
2018-11-30,192.7115020751953
2018-12-03,201.135986328125
2018-12-04,192.15553283691406
2018-12-06,194.55162048339844
2018-12-07,188.3314208984375
2018-12-10,189.82655334472656
2018-12-11,189.51988220214844
2018-12-12,191.96389770507812
2018-12-13,190.68917846679688
2018-12-14,187.21006774902344
2018-12-17,182.53292846679688
2018-12-18,183.6446990966797
2018-12-19,179.34136962890625
2018-12-20,175.11473083496094
2018-12-21,167.9073028564453
2018-12-24,167.38975524902344
2018-12-26,178.6800079345703
2018-12-27,180.84609985351562
2018-12-28,178.42129516601562
2018-12-31,180.8077392578125
2019-01-02,181.85247802734375
2019-01-03,173.64825439453125
2019-01-04,181.87158203125
2019-01-07,183.2709197998047
2019-01-08,184.60545349121094
2019-01-09,187.95616149902344
2019-01-10,189.0890350341797
2019-01-11,188.08090209960938
2019-01-14,187.62966918945312
2019-01-15,188.67623901367188
2019-01-16,189.8763427734375
2019-01-17,191.35482788085938
2019-01-18,193.93743896484375
2019-01-22,191.4988250732422
2019-01-23,190.4331512451172
2019-01-24,191.815673828125
2019-01-25,194.83998107910156
2019-01-28,192.17092895507812
2019-01-29,191.2876434326172
2019-01-30,195.87686157226562
2019-01-31,202.70303344726562
2019-02-01,205.2377166748047
2019-02-04,206.33216857910156
2019-02-05,207.2442626953125
2019-02-06,206.70663452148438
2019-02-07,205.42970275878906
2019-02-08,207.93553161621094
2019-02-11,208.43479919433594
2019-02-12,210.17254638671875
2019-02-13,211.73751831054688
2019-02-14,211.03660583496094
2019-02-15,213.2448272705078
2019-02-19,211.7854766845703
2019-02-20,212.2847442626953
2019-02-21,210.5565643310547
2019-02-22,214.406494140625
2019-02-25,214.406494140625
2019-02-26,215.05935668945312
2019-02-27,215.60662841796875
2019-02-28,215.7986602783203
2019-03-01,218.17965698242188
2019-03-04,217.25796508789062
2019-03-05,217.19076538085938
2019-03-06,215.51065063476562
2019-03-07,213.5328369140625
2019-03-08,213.014404296875
2019-03-11,216.63389587402344
2019-03-12,217.88206481933594
2019-03-13,219.37977600097656
2019-03-14,220.34942626953125
2019-03-15,221.94314575195312
2019-03-18,221.19435119628906
2019-03-19,221.7895965576172
2019-03-20,220.71432495117188
2019-03-21,226.45558166503906
2019-03-22,221.54954528808594
2019-03-25,221.22312927246094
2019-03-26,223.97860717773438
2019-03-27,223.23934936523438
2019-03-28,225.4859161376953
2019-03-29,226.0524139404297
2019-04-01,229.50869750976562
2019-04-02,229.7102508544922
2019-04-03,229.39344787597656
2019-04-04,226.6380157470703
2019-04-05,227.18527221679688
2019-04-08,227.1564178466797
2019-04-09,226.810302734375
2019-04-10,227.9159393310547
2019-04-11,226.93528747558594
2019-04-12,229.61769104003906
2019-04-15,229.92532348632812
2019-04-16,230.8290557861328
2019-04-17,231.70396423339844
2019-04-18,231.5981903076172
2019-04-22,233.67491149902344
2019-04-23,234.0979461669922
2019-04-24,235.8284912109375
2019-04-25,236.13616943359375
2019-04-26,237.1648712158203
2019-04-29,237.59751892089844
2019-04-30,244.4332733154297
2019-05-01,239.155029296875
2019-05-02,237.6551971435547
2019-05-03,238.3858642578125
2019-05-06,239.04930114746094
2019-05-07,235.60740661621094
2019-05-08,235.86697387695312
2019-05-09,235.84768676757812
2019-05-10,237.8859405517578
2019-05-13,232.06932067871094
2019-05-14,236.4534454345703
2019-05-15,239.53956604003906
2019-05-16,243.64486694335938
2019-05-17,242.80848693847656
2019-05-20,243.7122039794922
2019-05-21,245.51004028320312
2019-05-22,246.99061584472656
2019-05-23,240.0972442626953
2019-05-24,241.7797393798828
2019-05-28,243.65447998046875
2019-05-29,243.7794952392578
2019-05-30,244.3851776123047
2019-05-31,241.7893524169922
2019-06-03,232.9154052734375
2019-06-04,239.5684356689453
2019-06-05,246.37533569335938
2019-06-06,247.884765625
2019-06-07,255.54733276367188
2019-06-10,255.8358154296875
2019-06-11,253.48985290527344
2019-06-12,253.6725616455078
2019-06-13,251.1248016357422
2019-06-14,250.06727600097656
2019-06-17,249.20196533203125
2019-06-18,248.82699584960938
2019-06-19,249.84608459472656
2019-06-20,256.4991455078125
2019-06-21,254.26866149902344
2019-06-24,255.06658935546875
2019-06-25,249.7115020751953
2019-06-26,251.22093200683594
2019-06-27,251.02865600585938
2019-06-28,254.32640075683594
2019-07-01,256.47991943359375
2019-07-02,260.1334228515625
2019-07-03,262.5466003417969
2019-07-05,261.64288330078125
2019-07-08,261.0844421386719
2019-07-09,263.1155700683594
2019-07-10,265.0792541503906
2019-07-11,267.9093017578125
2019-07-12,269.08367919921875
2019-07-15,268.92010498046875
2019-07-16,266.27294921875
2019-07-17,264.98297119140625
2019-07-18,266.42694091796875
2019-07-19,265.2911376953125
2019-07-22,268.1883850097656
2019-07-23,268.5349426269531
2019-07-24,269.76715087890625
2019-07-25,268.90081787109375
2019-07-26,271.51904296875
2019-07-29,270.91259765625
2019-07-30,267.7552490234375
2019-07-31,262.085693359375
2019-08-01,263.90484619140625
2019-08-02,259.37109375
2019-08-05,247.2327880859375
2019-08-06,254.7796173095703
2019-08-07,259.2362976074219
2019-08-08,267.6398010253906
2019-08-09,264.66534423828125
2019-08-12,259.9005126953125
2019-08-13,264.2610168457031
2019-08-14,257.1570739746094
2019-08-15,261.7198181152344
2019-08-16,264.097412109375
2019-08-19,267.66864013671875
2019-08-20,266.6771545410156
2019-08-21,271.46124267578125
2019-08-22,270.2676696777344
2019-08-23,261.7198181152344
2019-08-26,266.0899963378906
2019-08-27,266.2921447753906
2019-08-28,267.83221435546875
2019-08-29,270.8548278808594
2019-08-30,270.8452453613281
2019-09-03,269.6322937011719
2019-09-04,275.39825439453125
2019-09-05,281.154541015625
2019-09-06,280.4808654785156
2019-09-09,272.76080322265625
2019-09-10,262.14337158203125
2019-09-11,259.8523864746094
2019-09-12,266.0610656738281
2019-09-13,265.984130859375
2019-09-16,263.8278503417969
2019-09-17,265.916748046875
2019-09-18,264.8097839355469
2019-09-19,265.5894775390625
2019-09-20,261.0267333984375
2019-09-23,262.9327392578125
2019-09-24,260.9786682128906
2019-09-25,262.5477294921875
2019-09-26,263.6450500488281
2019-09-27,259.06298828125
2019-09-30,261.4117736816406
2019-10-01,260.80535888671875
2019-10-02,254.5869903564453
2019-10-03,258.2544250488281
2019-10-04,263.8087158203125
2019-10-07,262.0086364746094
2019-10-08,257.39215087890625
2019-10-09,262.3748474121094
2019-10-10,263.9072265625
2019-10-11,265.911865234375
2019-10-14,266.3647766113281
2019-10-15,268.4658203125
2019-10-16,268.1863098144531
2019-10-17,266.4900817871094
2019-10-18,260.8231201171875
2019-10-21,264.3600769042969
2019-10-22,251.7927703857422
2019-10-23,251.3975372314453
2019-10-24,259.0112609863281
2019-10-25,260.399169921875
2019-10-28,265.93109130859375
2019-10-29,264.35064697265625
2019-10-30,267.1069030761719
2019-10-31,266.7792663574219
2019-11-01,268.9380798339844
2019-11-04,266.3166809082031
2019-11-05,259.2523498535156
2019-11-06,260.0810241699219
2019-11-07,262.9049987792969
2019-11-08,264.9288330078125
2019-11-11,266.9623718261719
2019-11-12,267.0972900390625
2019-11-13,267.9936218261719
2019-11-14,269.4970397949219
2019-11-15,270.60528564453125
2019-11-18,270.6824645996094
2019-11-19,274.9712219238281
2019-11-20,275.03875732421875
2019-11-21,274.1424865722656
2019-11-22,272.3304748535156
2019-11-25,277.187744140625
2019-11-26,278.89373779296875
2019-11-27,281.1296691894531
2019-11-29,281.64044189453125
2019-12-02,276.0892028808594
2019-12-03,276.6866455078125
2019-12-04,276.4457092285156
2019-12-05,279.3466491699219
2019-12-06,279.8768005371094
2019-12-09,278.5853271484375
2019-12-10,278.1516418457031
2019-12-11,279.53948974609375
2019-12-12,281.6212158203125
2019-12-13,285.360595703125
2019-12-16,286.19903564453125
2019-12-17,285.2738952636719
2019-12-18,284.05950927734375
2019-12-19,286.7483215332031
2019-12-20,287.7507629394531
2019-12-23,286.4978332519531
2019-12-24,286.7001953125
2019-12-26,288.3578796386719
2019-12-27,289.84210205078125
2019-12-30,286.9314270019531
2019-12-31,287.77001953125
2020-01-02,292.39605712890625
2020-01-03,289.5433349609375
2020-01-06,290.3143005371094
2020-01-07,289.3312683105469
2020-01-08,294.43634033203125
2020-01-09,298.296630859375
2020-01-10,300.29425048828125
2020-01-13,304.19317626953125
2020-01-14,299.7827453613281
2020-01-15,303.2665710449219
2020-01-16,309.1051940917969
2020-01-17,312.34765625
2020-01-21,310.67816162109375
2020-01-22,312.9749755859375
2020-01-23,313.6214904785156
2020-01-24,312.357421875
2020-01-27,304.73345947265625
2020-01-28,309.076171875
2020-01-29,309.12445068359375
2020-01-30,313.1197509765625
2020-01-31,304.89752197265625
2020-02-03,313.1775817871094
2020-02-04,317.6168212890625
2020-02-05,316.8447570800781
2020-02-06,317.79058837890625
2020-02-07,315.5709533691406
2020-02-10,318.736328125
2020-02-11,319.3539733886719
2020-02-12,322.4807434082031
2020-02-13,324.1020202636719
2020-02-14,329.0332946777344
2020-02-18,329.3133239746094
2020-02-19,332.5172119140625
2020-02-20,332.4111328125
2020-02-21,327.8271179199219
2020-02-24,313.3224182128906
2020-02-25,292.3037109375
2020-02-26,287.62310791015625
2020-02-27,275.83026123046875
2020-02-28,280.1054382324219
2020-03-02,296.01910400390625
2020-03-03,281.7943420410156
2020-03-04,291.79217529296875
2020-03-05,280.56866455078125
2020-03-06,276.9786071777344
2020-03-09,252.85244750976562
2020-03-10,270.7637023925781
2020-03-11,260.33154296875
2020-03-12,233.05931091308594
2020-03-13,260.5728454589844
2020-03-16,227.4137725830078
2020-03-17,229.5658416748047
2020-03-18,219.96356201171875
2020-03-19,219.21083068847656
2020-03-20,204.03060913085938
2020-03-23,196.1944122314453
2020-03-24,228.78408813476562
2020-03-25,247.51571655273438
2020-03-26,253.98153686523438
2020-03-27,238.99432373046875
2020-03-30,244.39865112304688
2020-03-31,233.1171875
2020-04-01,220.61978149414062
2020-04-02,230.53089904785156
2020-04-03,228.7454833984375
2020-04-06,256.6451721191406
2020-04-07,250.02484130859375
2020-04-08,261.8843078613281
2020-04-09,260.3861083984375
2020-04-13,254.52890014648438
2020-04-14,261.6619873046875
2020-04-15,248.53640747070312
2020-04-16,238.50372314453125
2020-04-17,251.27171325683594
2020-04-20,243.30740356445312
2020-04-21,237.14089965820312
2020-04-22,248.31405639648438
2020-04-23,247.29920959472656
2020-04-24,250.1022186279297
2020-04-27,256.2493591308594
2020-04-28,255.74671936035156
2020-04-29,274.1980285644531
2020-04-30,265.76983642578125
2020-05-01,259.7483215332031
2020-05-04,260.2508850097656
2020-05-05,264.8129577636719
2020-05-06,263.3244323730469
2020-05-07,269.15264892578125
2020-05-08,272.9898986816406
2020-05-11,271.8203430175781
2020-05-12,263.0054626464844
2020-05-13,260.15423583984375
2020-05-14,268.0315246582031
2020-05-15,269.6069641113281
2020-05-18,280.2002868652344
2020-05-19,281.00250244140625
2020-05-20,288.802490234375
2020-05-21,284.41436767578125
2020-05-22,285.0426330566406
2020-05-26,293.1808776855469
2020-05-27,289.7399597167969
2020-05-28,292.1853942871094
2020-05-29,290.822509765625
2020-06-01,291.3153991699219
2020-06-02,293.43218994140625
2020-06-03,296.7957763671875
2020-06-04,291.2865295410156
2020-06-05,301.4447937011719
2020-06-08,300.0240478515625
2020-06-09,301.06787109375
2020-06-10,302.67230224609375
2020-06-11,281.505126953125
2020-06-12,287.82623291015625
2020-06-15,287.2270202636719
2020-06-16,294.29241943359375
2020-06-17,293.5965270996094
2020-06-18,294.6500244140625
2020-06-19,286.5793762207031
2020-06-22,294.2536926269531
2020-06-23,296.6121520996094
2020-06-24,284.1728210449219
2020-06-25,288.0389099121094
2020-06-26,279.65899658203125
2020-06-29,283.12884521484375
2020-06-30,285.8063049316406
2020-07-01,291.0931701660156
2020-07-02,292.30133056640625
2020-07-06,295.345947265625
2020-07-07,289.8753662109375
2020-07-08,290.4947204589844
2020-07-09,285.1136169433594
2020-07-10,286.1685485839844
2020-07-13,280.8453674316406
2020-07-14,289.3333740234375
2020-07-15,295.88555908203125
2020-07-16,289.72039794921875
2020-07-17,294.2789611816406
2020-07-20,301.9247741699219
2020-07-21,297.7051086425781
2020-07-22,303.2895202636719
2020-07-23,299.93121337890625
2020-07-24,297.0469970703125
2020-07-27,298.9245910644531
2020-07-28,296.47589111328125
2020-07-29,299.3504333496094
2020-07-30,299.05999755859375
2020-07-31,298.6051940917969
2020-08-03,302.53460693359375
2020-08-04,304.2767028808594
2020-08-05,317.4488220214844
2020-08-06,319.5200500488281
2020-08-07,317.4682312011719
2020-08-10,312.4935607910156
2020-08-11,317.9715881347656
2020-08-12,317.0907287597656
2020-08-13,315.69708251953125
2020-08-14,316.2874755859375
2020-08-17,319.6071472167969
2020-08-18,320.352294921875
2020-08-19,321.7073059082031
2020-08-20,326.4691467285156
2020-08-21,326.2561340332031
2020-08-24,332.58587646484375
2020-08-25,336.47650146484375
2020-08-26,339.7283020019531
2020-08-27,344.54815673828125
2020-08-28,354.3426208496094
2020-08-31,346.6677551269531
2020-09-01,345.4191589355469
2020-09-02,349.096923828125
2020-09-03,332.7793273925781
2020-09-04,324.2333984375
2020-09-08,319.2684020996094
2020-09-09,328.7144775390625
2020-09-10,322.17193603515625
2020-09-11,319.52972412109375
2020-09-14,327.7079162597656
2020-09-15,328.23052978515625
2020-09-16,330.8533935546875
2020-09-17,328.51129150390625
2020-09-18,324.475341796875
2020-09-21,317.30364990234375
2020-09-22,324.5237731933594
2020-09-23,314.0905456542969
2020-09-24,317.652099609375
2020-09-25,321.1072692871094
2020-09-28,327.50469970703125
2020-09-29,325.41412353515625
2020-09-30,327.291748046875
2020-10-01,332.324462890625
2020-10-02,327.930419921875
2020-10-05,332.2083435058594
2020-10-06,326.57550048828125
2020-10-07,332.8373718261719
2020-10-08,334.4361877441406
2020-10-09,341.4514465332031
2020-10-12,341.1123352050781
2020-10-13,335.1047668457031
2020-10-14,332.0622253417969
2020-10-15,328.0603942871094
2020-10-16,328.8646545410156
2020-10-19,321.3746337890625
2020-10-20,321.4231262207031
2020-10-21,323.0702819824219
2020-10-22,323.2447204589844
2020-10-23,319.3785095214844
2020-10-26,308.18707275390625
2020-10-27,307.2664794921875
2020-10-28,282.33526611328125
2020-10-29,284.0793762207031
2020-10-30,279.6802978515625
2020-11-02,280.968994140625
2020-11-03,286.2207336425781
2020-11-04,297.6642150878906
2020-11-05,306.7045593261719
2020-11-06,303.9043273925781
2020-11-09,333.864501953125
2020-11-10,324.3880310058594
2020-11-11,322.07232666015625
2020-11-12,318.09954833984375
2020-11-13,324.63037109375
2020-11-16,325.03729248046875
2020-11-17,326.0546875
2020-11-18,325.5121154785156
2020-11-19,323.5159912109375
2020-11-20,312.97369384765625
2020-11-23,321.7331237792969
2020-11-24,331.76190185546875
2020-11-25,330.72503662109375
2020-11-27,328.54486083984375
2020-11-30,326.0643615722656
2020-12-01,328.36090087890625
2020-12-02,329.6591796875
2020-12-03,324.7368469238281
2020-12-04,333.66107177734375
2020-12-07,330.37628173828125
2020-12-08,330.2115478515625
2020-12-09,326.3938903808594
2020-12-10,321.2292785644531
2020-12-11,317.256591796875
2020-12-14,320.8707580566406
2020-12-15,323.2931823730469
2020-12-16,321.791259765625
2020-12-17,326.44219970703125
2020-12-18,329.7657470703125
2020-12-21,323.9908142089844
2020-12-22,321.9268798828125
2020-12-23,319.0103759765625
2020-12-24,325.5702209472656
2020-12-28,333.77734375
2020-12-29,335.8992919921875
2020-12-30,344.5133056640625
2020-12-31,345.86016845703125
2021-01-04,340.5793151855469
2021-01-05,336.6357421875
2021-01-06,336.76165771484375
2021-01-07,339.4296875
2021-01-08,343.3006896972656
2021-01-11,337.8191833496094
2021-01-12,332.6965637207031
2021-01-13,336.0049743652344
2021-01-14,317.1832580566406
2021-01-15,313.6227111816406
2021-01-19,316.22283935546875
2021-01-20,324.9253845214844
2021-01-21,324.46942138671875
2021-01-22,319.1819152832031
2021-01-25,319.37591552734375
2021-01-26,317.9303894042969
2021-01-27,306.0843200683594
2021-01-28,314.6122741699219
2021-01-29,306.86053466796875
2021-02-01,311.973388671875
2021-02-02,324.4014587402344
2021-02-03,322.8977355957031
2021-02-04,330.66888427734375
2021-02-05,328.6509704589844
2021-02-08,326.9822082519531
2021-02-09,323.499267578125
2021-02-10,324.24627685546875
2021-02-11,332.6480407714844
2021-02-12,330.8338623046875
2021-02-16,331.03759765625
2021-02-17,327.2732238769531
2021-02-18,328.3695983886719
2021-02-19,323.23724365234375
2021-02-22,330.50396728515625
2021-02-23,339.9730224609375
2021-02-24,356.369140625
2021-02-25,343.999267578125
2021-02-26,343.3006896972656
2021-03-01,352.0809326171875
2021-03-02,352.0033264160156
2021-03-03,349.5099792480469
2021-03-04,339.0803527832031
2021-03-05,350.1211853027344
2021-03-08,360.25958251953125
2021-03-09,365.2948913574219
2021-03-10,370.3204345703125
2021-03-11,372.9205627441406
2021-03-12,371.3003845214844
2021-03-15,370.37860107421875
2021-03-16,370.9801330566406
2021-03-17,367.3905029296875
2021-03-18,356.0587158203125
2021-03-19,345.88140869140625
2021-03-22,347.7151184082031
2021-03-23,344.6783752441406
2021-03-24,348.9278259277344
2021-03-25,347.6762390136719
2021-03-26,355.2242736816406
2021-03-29,352.0906677246094
2021-03-30,347.52105712890625
2021-03-31,345.4351501464844
2021-04-01,352.468994140625
2021-04-05,357.3393859863281
2021-04-06,358.5521240234375
2021-04-07,360.01702880859375
2021-04-08,366.9136047363281
2021-04-09,369.1864929199219
2021-04-12,368.9533996582031
2021-04-13,367.2924499511719
2021-04-14,367.4770202636719
2021-04-15,375.4127502441406
2021-04-16,375.1019287109375
2021-04-19,371.2068786621094
2021-04-20,365.83538818359375
2021-04-21,372.11993408203125
2021-04-22,372.3724670410156
2021-04-23,375.9664306640625
2021-04-26,376.3647155761719
2021-04-27,377.9188232421875
2021-04-28,384.31024169921875
2021-04-29,377.80224609375
2021-04-30,371.1097106933594
2021-05-03,368.5260314941406
2021-05-04,365.1360168457031
2021-05-05,358.55999755859375
2021-05-06,364.7182922363281
2021-05-07,364.640625
2021-05-10,355.84027099609375
2021-05-11,357.0738220214844
2021-05-12,346.39886474609375
2021-05-13,349.7014465332031
2021-05-14,353.4798583984375
2021-05-17,352.887451171875
2021-05-18,352.6640625
2021-05-19,350.6338806152344
2021-05-20,357.16131591796875
2021-05-21,357.0641784667969
2021-05-24,361.70721435546875
2021-05-25,356.6951599121094
2021-05-26,352.256103515625
2021-05-27,351.62469482421875
2021-05-28,350.245361328125
2021-06-01,349.47802734375
2021-06-02,356.3356628417969
2021-06-03,351.4498291015625
2021-06-04,355.52947998046875
2021-06-07,353.64501953125
2021-06-08,354.7912902832031
2021-06-09,352.9165344238281
2021-06-10,353.85882568359375
2021-06-11,355.0244140625
2021-06-14,356.0151672363281
2021-06-15,357.5693054199219
2021-06-16,353.39251708984375
2021-06-17,356.7630615234375
2021-06-18,356.88934326171875
2021-06-21,362.3968200683594
2021-06-22,367.2049560546875
2021-06-23,364.3880920410156
2021-06-24,364.00921630859375
2021-06-25,368.7299499511719
2021-06-28,357.14190673828125
2021-06-29,357.45263671875
2021-06-30,354.62603759765625
2021-07-01,360.0851135253906
2021-07-02,364.28118896484375
2021-07-06,365.3399353027344
2021-07-07,363.20306396484375
2021-07-08,360.0035400390625
2021-07-09,362.67791748046875
2021-07-12,365.225830078125
2021-07-13,373.1515197753906
2021-07-14,380.04644775390625
2021-07-15,379.4920654296875
2021-07-16,376.4677734375
2021-07-19,355.39404296875
2021-07-20,364.0879821777344
2021-07-21,369.60198974609375
2021-07-22,371.64422607421875
2021-07-23,382.438720703125
2021-07-26,381.9914245605469
2021-07-27,379.5309753417969
2021-07-28,372.8890380859375
2021-07-29,378.1111755371094
2021-07-30,375.3201904296875
2021-08-02,364.9340515136719
2021-08-03,357.48492431640625
2021-08-04,357.883544921875
2021-08-05,361.7054138183594
2021-08-06,364.22418212890625
2021-08-09,360.4801025390625
2021-08-10,357.7182312011719
2021-08-11,354.2173156738281
2021-08-12,352.0194396972656
2021-08-13,352.768310546875
2021-08-16,353.5560302734375
2021-08-17,353.2350769042969
2021-08-18,351.017822265625
2021-08-19,347.4779357910156
2021-08-20,345.2218322753906
2021-08-23,351.0762023925781
2021-08-24,351.82501220703125
2021-08-25,349.2187805175781
2021-08-26,343.1504211425781
2021-08-27,345.94146728515625
2021-08-30,343.3351745605469
2021-08-31,336.702880859375
2021-09-01,339.95098876953125
2021-09-02,331.88909912109375
2021-09-03,330.86798095703125
2021-09-07,335.2247314453125
2021-09-08,341.38055419921875
2021-09-09,341.7403259277344
2021-09-10,337.8309326171875
2021-09-13,338.2491760253906
2021-09-14,336.2846374511719
2021-09-15,335.26361083984375
2021-09-16,336.7806396484375
2021-09-17,333.60064697265625
2021-09-20,330.3427734375
2021-09-21,328.0964050292969
2021-09-22,333.96051025390625
2021-09-23,344.32720947265625
2021-09-24,348.3046569824219
2021-09-27,346.9528503417969
2021-09-28,341.5166931152344
2021-09-29,343.4714050292969
2021-09-30,338.11297607421875
2021-10-01,350.26898193359375
2021-10-04,334.728759765625
2021-10-05,333.76593017578125
2021-10-06,339.0951843261719
2021-10-07,344.6064147949219
2021-10-08,345.6288146972656
2021-10-11,338.0241394042969
2021-10-12,336.26171875
2021-10-13,333.350341796875
2021-10-14,335.5216369628906
2021-10-15,346.64141845703125
2021-10-18,349.0173645019531
2021-10-19,352.5811462402344
2021-10-20,347.3912048339844
2021-10-21,346.8459777832031
2021-10-22,349.2413330078125
2021-10-25,351.3736572265625
2021-10-26,347.9267883300781
2021-10-27,326.89453125
2021-10-28,324.2752990722656
2021-10-29,326.6998596191406
2021-11-01,325.2684326171875
2021-11-02,319.8449401855469
2021-11-03,320.7699890136719
2021-11-04,326.6121826171875
2021-11-05,339.6209716796875
2021-11-08,340.4778747558594
2021-11-09,335.5897521972656
2021-11-10,348.5304870605469
2021-11-11,345.02508544921875
2021-11-12,353.9443359375
2021-11-15,351.8605651855469
2021-11-16,359.844970703125
2021-11-17,349.7281494140625
2021-11-18,339.0660095214844
2021-11-19,330.7894287109375
2021-11-22,312.8536682128906
2021-11-23,320.35125732421875
2021-11-24,331.06207275390625
2021-11-26,315.648193359375
2021-11-29,314.5186462402344
2021-11-30,306.64141845703125
2021-12-01,298.228515625
2021-12-02,311.7825012207031
2021-12-03,313.6423645019531
2021-12-06,324.5674133300781
2021-12-07,330.5849609375
2021-12-08,333.3405456542969
2021-12-09,335.46331787109375
2021-12-10,340.72125244140625
2021-12-13,336.2324523925781
2021-12-14,331.59759521484375
2021-12-15,337.2450866699219
2021-12-16,343.6424255371094
2021-12-17,340.1272888183594
2021-12-20,328.1604309082031
2021-12-21,341.5197448730469
2021-12-22,348.0825500488281
2021-12-23,351.10101318359375
2021-12-27,350.8381652832031
2021-12-28,351.2958679199219
2021-12-29,351.7923889160156
2021-12-30,351.5003356933594
2021-12-31,349.87420654296875
2022-01-03,361.1984558105469
2022-01-04,365.52166748046875
2022-01-05,364.0708312988281
2022-01-06,360.7462463378906
2022-01-07,360.405029296875
2022-01-10,354.8085021972656
2022-01-11,357.12896728515625
2022-01-12,358.12353515625
2022-01-13,360.27813720703125
2022-01-14,362.8326416015625
2022-01-18,357.13873291015625
2022-01-19,351.7080383300781
2022-01-20,354.896240234375
2022-01-21,346.1993713378906
2022-01-24,340.6809387207031
2022-01-25,330.2875671386719
2022-01-26,336.03997802734375
2022-01-27,341.7631530761719
2022-01-28,372.9433288574219
2022-01-31,376.716552734375
2022-02-01,382.2545166015625
2022-02-02,386.8271789550781
2022-02-03,380.31427001953125
2022-02-04,372.6410217285156
2022-02-07,366.722900390625
2022-02-08,365.00689697265625
2022-02-09,371.83184814453125
2022-02-10,365.0263977050781
2022-02-11,360.52197265625
2022-02-14,364.8021545410156
2022-02-15,371.9975280761719
2022-02-16,373.3528137207031
2022-02-17,364.3536682128906
2022-02-18,360.6974792480469
2022-02-22,359.0789489746094
2022-02-23,352.1955261230469
2022-02-24,360.1417541503906
2022-02-25,359.85894775390625
2022-02-28,351.79583740234375
2022-03-01,335.8644104003906
2022-03-02,335.4842529296875
2022-03-03,332.4617614746094
2022-03-04,322.48760986328125
2022-03-07,305.0938415527344
2022-03-08,306.4684753417969
2022-03-09,319.9233703613281
2022-03-10,316.4718933105469
2022-03-11,316.66693115234375
2022-03-14,320.3718566894531
2022-03-15,326.6215515136719
2022-03-16,336.0594482421875
2022-03-17,337.77545166015625
2022-03-18,341.33416748046875
2022-03-21,336.93695068359375
2022-03-22,340.7881774902344
2022-03-23,333.6219177246094
2022-03-24,340.6126403808594
2022-03-25,340.2908935546875
2022-03-28,341.7241516113281
2022-03-29,358.357421875
2022-03-30,353.1802673339844
2022-03-31,348.44183349609375
2022-04-01,354.8669738769531
2022-04-04,357.73345947265625
2022-04-05,354.2332763671875
2022-04-06,344.70758056640625
2022-04-07,341.2806396484375
2022-04-08,343.936279296875
2022-04-11,339.1521911621094
2022-04-12,337.61932373046875
2022-04-13,346.7384033203125
2022-04-14,349.3550109863281
2022-04-18,348.3591613769531
2022-04-19,355.2618408203125
2022-04-20,356.6482849121094
2022-04-21,355.8183898925781
2022-04-22,342.8721008300781
2022-04-25,346.211181640625
2022-04-26,335.9693908691406
2022-04-27,353.016357421875
2022-04-28,369.8678894042969
2022-04-29,354.7834777832031
2022-05-02,350.5461730957031
2022-05-03,349.3257141113281
2022-05-04,359.8018493652344
2022-05-05,345.0102844238281
2022-05-06,338.9081726074219
2022-05-09,320.23065185546875
2022-05-10,317.63360595703125
2022-05-11,318.1608581542969
2022-05-12,313.64031982421875
2022-05-13,324.9269104003906
2022-05-16,321.9295349121094
2022-05-17,330.84344482421875
2022-05-18,327.9535217285156
2022-05-19,324.3606262207031
2022-05-20,328.2269592285156
2022-05-23,340.1871337890625
2022-05-24,332.6302490234375
2022-05-25,336.60400390625
2022-05-26,341.6126403808594
2022-05-27,349.3159484863281
2022-05-31,349.4037780761719
2022-06-01,348.6129150390625
2022-06-02,354.49053955078125
2022-06-03,349.3550109863281
2022-06-06,351.62017822265625
2022-06-07,355.4083557128906
2022-06-08,353.75830078125
2022-06-09,340.74359130859375
2022-06-10,326.8307800292969
2022-06-13,312.17584228515625
2022-06-14,314.51904296875
2022-06-15,317.6922302246094
2022-06-16,301.47509765625
2022-06-17,303.3399658203125
2022-06-21,309.89117431640625
2022-06-22,308.67071533203125
2022-06-23,309.2663879394531
2022-06-24,322.6812744140625
2022-06-27,321.0508117675781
2022-06-28,310.7602233886719
2022-06-29,314.95843505859375
2022-06-30,308.0166015625
2022-07-01,310.7113342285156
2022-07-05,311.7072448730469
2022-07-06,312.5957336425781
2022-07-07,316.88848876953125
2022-07-08,315.90081787109375
2022-07-11,317.0057373046875
2022-07-12,315.7051696777344
2022-07-13,316.2038879394531
2022-07-14,317.8271789550781
2022-07-15,325.2001037597656
2022-07-18,323.67462158203125
2022-07-19,332.8369445800781
2022-07-20,333.70721435546875
2022-07-21,339.2320251464844
2022-07-22,336.2594299316406
2022-07-25,336.5820617675781
2022-07-26,333.7170104980469
2022-07-27,335.6629333496094
2022-07-28,344.6394958496094
2022-07-29,345.9498291015625
2022-08-01,342.7718505859375
2022-08-02,341.27569580078125
2022-08-03,346.2822570800781
2022-08-04,348.17926025390625
2022-08-05,349.58734130859375
2022-08-08,344.3558654785156
2022-08-09,338.8604736328125
2022-08-10,345.5488586425781
2022-08-11,342.8109436035156
2022-08-12,346.419189453125
2022-08-15,351.9732971191406
2022-08-16,351.2887268066406
2022-08-17,347.4556884765625
2022-08-18,349.44061279296875
2022-08-19,346.42889404296875
2022-08-22,337.85333251953125
2022-08-23,333.3356628417969
2022-08-24,332.1817932128906
2022-08-25,337.0318298339844
2022-08-26,324.6035461425781
2022-08-29,322.0514221191406
2022-08-30,320.5455017089844
2022-08-31,317.1817626953125
2022-09-01,318.0422668457031
2022-09-02,315.41192626953125
2022-09-06,316.89813232421875
2022-09-07,321.33758544921875
2022-09-08,322.75543212890625
2022-09-09,328.4073486328125
2022-09-12,330.92034912109375
2022-09-13,318.2280578613281
2022-09-14,318.6289978027344
2022-09-15,309.9359436035156
2022-09-16,308.146484375
2022-09-19,307.0708923339844
2022-09-20,306.3276672363281
2022-09-21,297.7521057128906
2022-09-22,291.7481384277344
2022-09-23,287.07403564453125
2022-09-26,283.6809997558594
2022-09-27,280.1314697265625
2022-09-28,283.74945068359375
2022-09-29,280.4150085449219
2022-09-30,278.038818359375
2022-10-03,284.0428161621094
2022-10-04,294.5936584472656
2022-10-05,297.45880126953125
2022-10-06,293.0709533691406
2022-10-07,288.89862060546875
2022-10-10,285.7743225097656
2022-10-11,280.1622314453125
2022-10-12,277.5472106933594
2022-10-13,287.9093933105469
2022-10-14,282.7478332519531
2022-10-17,288.9671630859375
2022-10-18,294.19720458984375
2022-10-19,291.6312255859375
2022-10-20,290.1816101074219
2022-10-21,296.1463317871094
2022-10-24,299.3098449707031
2022-10-25,305.00030517578125
2022-10-26,312.93353271484375
2022-10-27,312.7963562011719
2022-10-28,322.6885070800781
2022-10-31,321.4250793457031
2022-11-01,326.3319396972656
2022-11-02,313.23712158203125
2022-11-03,302.8063659667969
2022-11-04,311.8169250488281
2022-11-07,318.4378356933594
2022-11-08,319.0451354980469
2022-11-09,309.1431884765625
2022-11-10,330.32794189453125
2022-11-11,332.30633544921875
2022-11-14,332.38470458984375
2022-11-15,336.4395446777344
2022-11-16,335.70501708984375
2022-11-17,334.24560546875
2022-11-18,336.61578369140625
2022-11-21,331.287841796875
2022-11-22,337.85968017578125
2022-11-23,341.46392822265625
2022-11-25,344.0593566894531
2022-11-28,337.49725341796875
2022-11-29,336.06732177734375
2022-11-30,349.0641784667969
2022-12-01,353.3736572265625
2022-12-02,352.64886474609375
2022-12-05,348.7605285644531
2022-12-06,340.37677001953125
2022-12-07,340.26904296875
2022-12-08,343.94189453125
2022-12-09,341.6499938964844
2022-12-12,350.7977600097656
2022-12-13,349.7987365722656
2022-12-14,350.1513671875
2022-12-15,339.12310791015625
2022-12-16,338.7215576171875
2022-12-19,334.2358093261719
2022-12-20,335.8910827636719
2022-12-21,338.5745849609375
2022-12-22,334.4905090332031
2022-12-23,336.5276794433594
2022-12-27,339.034912109375
2022-12-28,334.91168212890625
2022-12-29,341.042724609375
2022-12-30,340.57269287109375
2023-01-03,339.6617736816406
2023-01-04,347.83990478515625
2023-01-05,344.5295104980469
2023-01-06,360.6866760253906
2023-01-09,363.9239807128906
2023-01-10,363.9632568359375
2023-01-11,370.68310546875
2023-01-12,372.59613037109375
2023-01-13,368.38751220703125
2023-01-17,367.8774719238281
2023-01-18,361.91290283203125
2023-01-19,360.9515075683594
2023-01-20,369.1331481933594
2023-01-23,371.379638671875
2023-01-24,372.79229736328125
2023-01-25,375.1271057128906
2023-01-26,370.074951171875
2023-01-27,366.92584228515625
2023-01-30,364.0711669921875
2023-01-31,363.5610656738281
2023-02-01,366.9749755859375
2023-02-02,367.8185729980469
2023-02-03,366.8081970214844
2023-02-06,365.8860168457031
2023-02-07,367.9363098144531
2023-02-08,363.3157653808594
2023-02-09,363.3844299316406
2023-02-10,359.86260986328125
2023-02-13,363.78668212890625
2023-02-14,362.93316650390625
2023-02-15,362.61920166015625
2023-02-16,360.5689392089844
2023-02-17,354.2708740234375
2023-02-21,349.19903564453125
2023-02-22,348.2278747558594
2023-02-23,348.7772216796875
2023-02-24,346.41302490234375
2023-02-27,348.728271484375
2023-02-28,348.5418701171875
2023-03-01,346.78582763671875
2023-03-02,348.8165588378906
2023-03-03,354.6338806152344
2023-03-06,359.960693359375
2023-03-07,353.1034851074219
2023-03-08,352.21075439453125
2023-03-09,347.7078857421875
2023-03-10,340.5171203613281
2023-03-13,338.1627502441406
2023-03-14,346.1187438964844
2023-03-15,341.4687805175781
2023-03-16,341.3902893066406
2023-03-17,343.0187072753906
2023-03-20,342.6852111816406
2023-03-21,347.83551025390625
2023-03-22,344.3627624511719
2023-03-23,347.6393127441406
2023-03-24,344.95135498046875
2023-03-27,347.8844909667969
2023-03-28,347.60003662109375
2023-03-29,352.7013244628906
2023-03-30,352.43646240234375
2023-03-31,356.5075988769531
2023-04-03,359.509521484375
2023-04-04,356.98828125
2023-04-05,357.44024658203125
2023-04-06,355.16070556640625
2023-04-10,353.8539733886719
2023-04-11,357.7742919921875
2023-04-12,355.4653015136719
2023-04-13,363.1979675292969
2023-04-14,365.929443359375
2023-04-17,366.2536926269531
2023-04-18,365.8213806152344
2023-04-19,366.29296875
2023-04-20,368.4546203613281
2023-04-21,368.69036865234375
2023-04-24,368.1893310546875
2023-04-25,362.0975341796875
2023-04-26,360.35845947265625
2023-04-27,367.14776611328125
2023-04-28,373.3967590332031
2023-05-01,373.2297058105469
2023-05-02,369.4666748046875
2023-05-03,368.3563232421875
2023-05-04,369.5550537109375
2023-05-05,377.9459228515625
2023-05-08,378.7811279296875
2023-05-09,376.2559814453125
2023-05-10,375.8630065917969
2023-05-11,376.69818115234375
2023-05-12,375.2538146972656
2023-05-15,376.71783447265625
2023-05-16,373.60308837890625
2023-05-17,380.2451171875
2023-05-18,385.1775207519531
2023-05-19,378.840087890625
2023-05-22,377.8182373046875
2023-05-23,367.22637939453125
2023-05-24,362.0680236816406
2023-05-25,363.5812072753906
2023-05-26,367.8355712890625
2023-05-30,361.08551025390625
2023-05-31,358.6487121582031
2023-06-01,364.406494140625
2023-06-02,367.2067565917969
2023-06-05,364.05279541015625
2023-06-06,373.32794189453125
2023-06-07,364.9075927734375
2023-06-08,361.1739501953125
2023-06-09,362.7754821777344
2023-06-12,368.7591857910156
2023-06-13,364.8977966308594
2023-06-14,368.2187805175781
2023-06-15,372.424072265625
2023-06-16,369.9578552246094
2023-06-20,368.0812683105469
2023-06-21,369.5747375488281
2023-06-22,371.2056884765625
2023-06-23,373.1806640625
2023-06-26,370.83233642578125
2023-06-27,375.1260681152344
2023-06-28,373.5932922363281
2023-06-29,380.9034118652344
2023-06-30,386.4351806640625
2023-07-03,387.0836181640625
2023-07-05,387.8401794433594
2023-07-06,386.8365783691406
2023-07-07,382.44805908203125
2023-07-10,385.8722839355469
2023-07-11,391.4217834472656
2023-07-12,394.2655334472656
2023-07-13,394.1376037597656
2023-07-14,396.05633544921875
2023-07-17,395.7513427734375
2023-07-18,391.776123046875
2023-07-19,391.88433837890625
2023-07-20,391.677734375
2023-07-21,391.1167907714844
2023-07-24,398.2998046875
2023-07-25,394.8460998535156
2023-07-26,395.9579772949219
2023-07-27,388.1748046875
2023-07-28,386.6594543457031
2023-07-31,387.9582824707031
2023-08-01,390.7035217285156
2023-08-02,383.76654052734375
2023-08-03,386.70867919921875
2023-08-04,385.0752868652344
2023-08-07,390.5068054199219
2023-08-08,386.8858337402344
2023-08-09,387.35809326171875
2023-08-10,390.7724609375
2023-08-11,388.6470642089844
2023-08-14,392.1893005371094
2023-08-15,388.1255798339844
2023-08-16,388.04681396484375
2023-08-17,386.3249206542969
2023-08-18,385.882080078125
2023-08-21,386.8955993652344
2023-08-22,391.4611511230469
2023-08-23,394.62957763671875
2023-08-24,391.2939453125
2023-08-25,396.43023681640625
2023-08-28,400.90728759765625
2023-08-29,405.04974365234375
2023-08-30,407.2735290527344
2023-08-31,406.02386474609375
2023-09-01,408.9069519042969
2023-09-05,404.9021911621094
2023-09-06,406.5552062988281
2023-09-07,407.97216796875
2023-09-08,408.1885986328125
2023-09-11,410.00897216796875
2023-09-12,409.5956726074219
2023-09-13,409.6252136230469
2023-09-14,406.7126770019531
2023-09-15,407.6671142578125
2023-09-18,410.4418640136719
2023-09-19,406.899658203125
2023-09-20,403.9379577636719
2023-09-21,396.892578125
2023-09-22,395.77099609375
2023-09-25,396.0366516113281
2023-09-26,389.0406799316406
2023-09-27,389.1390686035156
2023-09-28,393.0355529785156
2023-09-29,389.5621337890625
2023-10-02,389.50311279296875
2023-10-03,384.7898864746094
2023-10-04,387.44659423828125
2023-10-05,388.4418640136719
2023-10-06,392.15679931640625
2023-10-09,388.9739685058594
2023-10-10,394.5216979980469
2023-10-11,393.9698791503906
2023-10-12,394.0585632324219
2023-10-13,392.21588134765625
2023-10-16,395.3001403808594
2023-10-17,395.9012756347656
2023-10-18,387.4662780761719
2023-10-19,382.2043151855469
2023-10-20,378.7948913574219
2023-10-23,378.065673828125
2023-10-24,381.2584228515625
2023-10-25,380.6671447753906
2023-10-26,359.2644348144531
2023-10-27,358.7618713378906
2023-10-30,366.97998046875
2023-10-31,370.8525695800781
2023-11-01,372.3011169433594
2023-11-02,377.1000061035156
2023-11-03,380.4109191894531
2023-11-06,380.519287109375
2023-11-07,383.189697265625
2023-11-08,384.00762939453125
2023-11-09,382.2929992675781
2023-11-10,388.61920166015625
2023-11-13,388.5896911621094
2023-11-14,391.8414611816406
2023-11-15,391.0334167480469
2023-11-16,391.2994689941406
2023-11-17,394.4527893066406
2023-11-20,398.4928283691406
2023-11-21,402.9764099121094
2023-11-22,404.33624267578125
2023-11-24,406.47454833984375
2023-11-27,402.99609375
2023-11-28,403.0354919433594
2023-11-29,403.8337097167969
2023-11-30,407.7851257324219
2023-12-01,408.307373046875
2023-12-04,402.2669372558594
2023-12-05,402.7201843261719
2023-12-06,404.3854675292969
2023-12-07,407.11505126953125
2023-12-08,406.1395568847656
2023-12-11,409.6376037597656
2023-12-12,414.60406494140625
2023-12-13,418.4766845703125
2023-12-14,412.446044921875
2023-12-15,412.45587158203125
2023-12-18,418.2302551269531
2023-12-19,419.25506591796875
2023-12-20,413.32305908203125
2023-12-21,417.2547302246094
2023-12-22,417.90509033203125
2023-12-26,417.48138427734375
2023-12-27,418.1612548828125
2023-12-28,420.0927429199219
2023-12-29,420.2798767089844
2024-01-02,415.7274169921875
2024-01-03,412.6529541015625
2024-01-04,413.6383361816406
2024-01-05,413.2934875488281
2024-01-08,416.47149658203125
2024-01-09,417.0833435058594
2024-01-10,422.67926025390625
2024-01-11,421.1495666503906
2024-01-12,423.49853515625
2024-01-16,422.75830078125
2024-01-17,421.8404541015625
2024-01-18,425.0973815917969
2024-01-19,431.0782470703125
2024-01-22,434.00946044921875
2024-01-23,433.0324401855469
2024-01-24,432.97320556640625
2024-01-25,431.0979919433594
2024-01-26,432.8054504394531
2024-01-29,434.8286437988281
2024-01-30,439.37847900390625
2024-01-31,443.3657531738281
2024-02-01,454.9031677246094
2024-02-02,454.56756591796875
2024-02-05,450.79742431640625
2024-02-06,454.4886474609375
2024-02-07,455.8802185058594
2024-02-08,452.2778625488281
2024-02-09,451.9028015136719
2024-02-12,452.7219543457031
2024-02-13,454.44915771484375
2024-02-14,459.1174011230469
2024-02-15,465.12786865234375
2024-02-16,462.01898193359375
2024-02-20,445.8528747558594
2024-02-21,453.0574951171875
2024-02-22,465.4042053222656
2024-02-23,467.2398986816406
2024-02-26,468.3157043457031
2024-02-27,468.5525207519531
2024-02-28,472.59906005859375
2024-02-29,468.5624694824219
2024-03-01,470.4080810546875
2024-03-04,462.37432861328125
2024-03-05,461.41693115234375
2024-03-06,465.44366455078125
2024-03-07,461.43670654296875
2024-03-08,463.13421630859375
2024-03-11,463.03558349609375
2024-03-12,466.6971435546875
2024-03-13,469.4013366699219
2024-03-14,473.2208557128906
2024-03-15,469.6184997558594
2024-03-18,472.6385192871094
2024-03-19,477.6818542480469
2024-03-20,481.66912841796875
2024-03-21,482.2612609863281
2024-03-22,475.3822937011719
2024-03-25,469.8257141113281
2024-03-26,470.5758361816406
2024-03-27,471.7107849121094
2024-03-28,475.2835693359375
2024-04-01,472.15496826171875
2024-04-02,473.1714782714844
2024-04-03,471.187744140625
2024-04-04,463.6375732421875
2024-04-05,470.9212646484375
2024-04-08,473.2536315917969
2024-04-09,466.641845703125
2024-04-10,463.6867980957031
2024-04-11,462.8368225097656
2024-04-12,459.94110107421875
2024-04-15,454.41644287109375
2024-04-16,454.446044921875
2024-04-17,454.7820739746094
2024-04-18,449.3858947753906
2024-04-19,450.06787109375
2024-04-22,451.4118957519531
2024-04-23,457.4110412597656
2024-04-24,457.0947265625
2024-04-25,456.7092590332031
2024-04-26,457.01568603515625
2024-04-29,451.75787353515625
2024-04-30,445.9267883300781
2024-05-01,436.9034729003906
2024-05-02,435.9448547363281
2024-05-03,438.3957824707031
2024-05-06,444.1181945800781
2024-05-07,447.7651062011719
2024-05-08,449.455078125
2024-05-09,450.1666259765625
2024-05-10,451.6392517089844
2024-05-13,452.4101867675781
2024-05-14,448.8917541503906
2024-05-15,452.6473388671875
2024-05-16,453.5071105957031
2024-05-17,454.8907775878906
2024-05-20,454.28790283203125
2024-05-21,453.7344970703125
2024-05-22,451.1846008300781
2024-05-23,445.93670654296875
2024-05-24,445.9070129394531
2024-05-28,439.8783264160156
2024-05-29,437.29888916015625
2024-05-30,436.9331970214844
2024-05-31,441.8450927734375
2024-06-03,438.0104064941406
2024-06-04,439.5719299316406
2024-06-05,441.4398498535156
2024-06-06,443.43621826171875
2024-06-07,444.5332946777344
2024-06-10,443.99957275390625
2024-06-11,443.79205322265625
2024-06-12,437.8226318359375
2024-06-13,439.79925537109375
2024-06-14,439.43359375
2024-06-17,442.8729248046875
2024-06-18,444.8494873046875
2024-06-20,447.2214660644531
2024-06-21,449.5341796875
2024-06-24,451.6194763183594
2024-06-25,450.3247985839844
2024-06-26,447.0930480957031
2024-06-27,437.5755310058594
2024-06-28,436.0041809082031
2024-07-01,432.49560546875
2024-07-02,439.453369140625
2024-07-03,442.9421081542969
2024-07-05,444.2367858886719
2024-07-08,441.0247497558594
2024-07-09,440.15374755859375
2024-07-10,429.2068786621094
2024-07-11,431.9584045410156
2024-07-12,435.6106872558594
2024-07-15,439.4609375
2024-07-16,438.9957580566406
2024-07-17,446.5477294921875
2024-07-18,444.1326599121094
2024-07-19,439.15411376953125
2024-07-22,443.3606262207031
2024-07-23,437.2042236328125
2024-07-24,428.02899169921875
2024-07-25,425.2081298828125
2024-07-26,433.700439453125
2024-07-29,436.78851318359375
2024-07-30,442.8756408691406
2024-07-31,458.9694519042969
2024-08-01,457.6827392578125
2024-08-02,457.2966613769531
2024-08-05,437.48138427734375
2024-08-06,443.7169494628906
2024-08-07,445.2412109375
2024-08-08,450.9225158691406
2024-08-09,452.1102600097656
2024-08-12,451.03143310546875
2024-08-13,454.6638488769531
2024-08-14,455.4557189941406
2024-08-15,463.91827392578125
2024-08-16,464.0865783691406
2024-08-19,462.2060241699219
2024-08-20,464.3241271972656
2024-08-21,463.215576171875
2024-08-22,464.0272216796875
2024-08-23,461.6715393066406
2024-08-26,463.84906005859375
2024-08-27,470.13409423828125
2024-08-28,466.9766845703125
2024-08-29,475.88470458984375
2024-08-30,478.3987731933594
2024-09-03,477.1911926269531
2024-09-04,478.2007751464844
2024-09-05,472.4798889160156
2024-09-06,471.2525634765625
2024-09-09,482.11041259765625
2024-09-10,483.0309143066406
2024-09-11,483.18927001953125
2024-09-12,487.0791015625
2024-09-13,488.3162536621094
2024-09-16,492.621826171875
2024-09-17,495.8683166503906
2024-09-18,489.7019958496094
2024-09-19,487.9699401855469
2024-09-20,487.7026672363281
2024-09-23,492.0577087402344
2024-09-24,482.4271545410156
2024-09-25,484.4462890625
2024-09-26,486.2477111816406
2024-09-27,488.5934753417969
2024-09-30,488.7518005371094
2024-10-01,491.30548095703125
2024-10-02,490.50372314453125
2024-10-03,489.90985107421875
2024-10-04,492.6119384765625
2024-10-07,486.27734375
2024-10-08,491.9784851074219
2024-10-09,495.49688720703125
2024-10-10,493.5840759277344
2024-10-11,497.7862854003906
2024-10-14,502.1470947265625
2024-10-15,502.7120361328125
2024-10-16,509.4910583496094
2024-10-17,509.18389892578125
2024-10-18,511.7409362792969
2024-10-21,510.4227294921875
2024-10-22,508.450439453125
2024-10-23,509.1541442871094
2024-10-24,506.0718078613281
2024-10-25,502.8408508300781
2024-10-28,503.68328857421875
2024-10-29,501.7705078125
2024-10-30,509.1144714355469
2024-10-31,495.1400451660156
2024-11-01,503.5544738769531
2024-11-04,501.07672119140625
2024-11-05,501.0569152832031
2024-11-06,516.4881591796875
2024-11-07,513.2672119140625
2024-11-08,520.0859375
2024-11-11,525.398193359375
2024-11-12,524.4566040039062
2024-11-13,517.2315063476562
2024-11-14,515.7647094726562
2024-11-15,517.2415161132812
2024-11-18,516.9837036132812
2024-11-19,514.8331298828125
2024-11-20,507.97467041015625
2024-11-21,510.5118713378906
2024-11-22,516.2205810546875
2024-11-25,521.9095458984375
2024-11-26,523.772705078125
2024-11-27,527.6380004882812
2024-11-29,528.1930541992188
2024-12-02,526.6270141601562
2024-12-03,521.4932861328125
2024-12-04,516.4981689453125
2024-12-05,520.0957641601562
2024-12-06,523.8618774414062
2024-12-09,518.1632080078125
2024-12-10,524.2980346679688
2024-12-11,529.6896362304688
2024-12-12,527.667724609375
2024-12-13,524.2881469726562
2024-12-16,525.5864868164062
2024-12-17,526.2802124023438
2024-12-18,515.3287353515625
2024-12-19,518.619140625
2024-12-20,523.3267822265625
2024-12-23,524.24853515625
2024-12-24,530.9383544921875
2024-12-26,531.37451171875
2024-12-27,527.4596557617188
2024-12-30,520.8688354492188
2024-12-31,521.8796997070312
2025-01-02,517.7468872070312
2025-01-03,516.7161254882812
2025-01-06,507.3701477050781
2025-01-07,506.8448791503906
2025-01-08,511.8004150390625
2025-01-10,500.91204833984375
2025-01-13,501.1502380371094
2025-01-14,505.2296142578125
2025-01-15,518.4603271484375
2025-01-16,519.244384765625
2025-01-17,520.7929077148438
2025-01-21,524.1278686523438
2025-01-22,523.25439453125
2025-01-23,530.241943359375
2025-01-24,529.5173950195312
2025-01-27,543.5621337890625
2025-01-28,543.2841186523438
2025-01-29,544.71337890625
2025-01-30,561.7952270507812
2025-01-31,551.2940673828125
2025-02-03,559.7506713867188
2025-02-04,554.9465942382812
2025-02-05,562.0730590820312
2025-02-06,562.9367065429688
2025-02-07,558.5595092773438
2025-02-10,561.2791748046875
2025-02-11,560.4949951171875
2025-02-12,560.3958129882812
2025-02-13,562.0930786132812
2025-02-14,560.5545654296875
2025-02-18,564.3759155273438
2025-02-19,564.2667236328125
2025-02-20,559.0856323242188
2025-02-21,553.3585205078125
2025-02-24,554.83740234375
2025-02-25,559.830078125
2025-02-26,557.0905151367188
2025-02-27,560.6141357421875
2025-02-28,572.0185546875
2025-03-03,570.638916015625
2025-03-04,550.9367065429688
2025-03-05,554.1426391601562
2025-03-06,545.7258911132812
2025-03-07,542.698486328125
2025-03-10,533.1204223632812
2025-03-11,521.8845825195312
2025-03-12,520.7332763671875
2025-03-13,515.959228515625
2025-03-14,523.7110595703125
2025-03-17,528.028564453125
2025-03-18,526.2420043945312
2025-03-19,532.0980834960938
2025-03-20,532.3858642578125
2025-03-21,531.7010498046875
2025-03-24,539.62158203125
2025-03-25,541.1005249023438
2025-03-26,544.9813842773438
2025-03-27,553.4180908203125
2025-03-28,536.5844116210938
2025-03-31,544.0383911132812
2025-04-01,544.4255981445312
2025-04-02,543.3040161132812
2025-04-03,526.5992431640625
2025-04-04,486.1229553222656
2025-04-07,481.9045715332031
2025-04-08,476.3463134765625
2025-04-09,512.4033203125
2025-04-10,496.4078063964844
2025-04-11,506.7566833496094
2025-04-14,509.4507751464844
2025-04-15,514.3418579101562
2025-04-16,510.4150390625
2025-04-17,514.292236328125
2025-04-21,506.3292236328125
2025-04-22,524.2334594726562
2025-04-23,526.8977661132812
2025-04-24,532.3157348632812
2025-04-25,530.3472900390625
2025-04-28,531.3513793945312
2025-04-29,536.5108642578125
2025-04-30,544.841796875
2025-05-01,543.420166015625
2025-05-02,556.105224609375
2025-05-05,557.8250122070312
2025-05-06,555.70751953125
2025-05-07,563.00439453125
2025-05-08,563.789794921875
2025-05-09,565.3009033203125
2025-05-12,574.8743286132812
2025-05-13,573.2041625976562
2025-05-14,569.9136962890625
2025-05-15,578.78125
2025-05-16,579.8549194335938
2025-05-19,582.9664916992188
2025-05-20,577.6976928710938
2025-05-21,566.1954956054688
2025-05-22,566.7921142578125
2025-05-23,560.2705688476562
2025-05-27,571.1761474609375
2025-05-28,572.5381469726562
2025-05-29,574.3872680664062
2025-05-30,582.1612548828125
2025-06-02,577.8070068359375
2025-06-03,578.552490234375
2025-06-04,580.6998901367188
2025-06-05,582.002197265625
2025-06-06,586.6547241210938
2025-06-09,580.8988037109375
2025-06-10,586.078125
2025-06-11,587.2710571289062
2025-06-12,585.8197021484375
2025-06-13,558.729736328125
2025-06-16,565.3306884765625
2025-06-17,566.1061401367188
2025-06-18,535.5665283203125
2025-06-20,529.84033203125
2025-06-23,539.1652221679688
2025-06-24,554.2561645507812
2025-06-25,546.4720458984375
2025-06-26,542.6049194335938
2025-06-27,547.0884399414062
2025-06-30,558.6401977539062
2025-07-01,561.29443359375
2025-07-02,558.2227172851562
2025-07-03,565.8973999023438
2025-07-07,561.801513671875
2025-07-08,559.1372680664062
2025-07-09,562.5516967773438
2025-07-10,560.9689331054688
2025-07-11,547.6892700195312
2025-07-14,550.5165405273438
2025-07-15,547.8684692382812
2025-07-16,553.0051879882812
2025-07-17,553.0947265625
2025-07-18,550.1580810546875
2025-07-21,552.1390991210938
2025-07-22,556.23046875
2025-07-23,559.5454711914062
2025-07-24,560.9490356445312
2025-07-25,565.6476440429688
2025-07-28,565.7074584960938
2025-07-29,560.7698364257812
2025-07-30,556.578857421875
2025-07-31,563.9055786132812
2025-08-01,557.3554077148438
2025-08-04,567.23046875
2025-08-05,563.4775390625
2025-08-06,566.5535278320312
2025-08-07,558.6793212890625
2025-08-08,571.7200317382812
2025-08-11,570.9933471679688
2025-08-12,571.5806884765625
2025-08-13,575.2838134765625
2025-08-14,581.1173095703125
2025-08-15,579.066650390625
2025-08-18,581.4956665039062
2025-08-19,582.859375
2025-08-20,589.9968872070312
2025-08-21,589.2404174804688
2025-08-22,596.24853515625
2025-08-25,590.5245361328125
2025-08-26,588.9317016601562
2025-08-27,587.986083984375
2025-08-28,587.806884765625
2025-08-29,592.5950927734375
2025-09-02,589.1906127929688
2025-09-03,590.5941772460938
2025-09-04,592.9435424804688
2025-09-05,581.5751953125
2025-09-08,583.9444580078125
2025-09-09,581.356201171875
2025-09-10,576.7571411132812
2025-09-11,586.0648193359375
2025-09-12,577.7824096679688
2025-09-15,580.3209838867188
2025-09-16,583.7652587890625
2025-09-17,595.9199829101562
2025-09-18,583.3969116210938
2025-09-19,581.5154418945312
2025-09-22,581.843994140625
2025-09-23,567.3897094726562
2025-09-24,566.2349243164062
2025-09-25,564.7318725585938
2025-09-26,562.5716552734375
2025-09-29,565.5680541992188
2025-09-30,566.2349243164062
2025-10-01,571.1725463867188
2025-10-02,574.7163696289062
2025-10-03,577.822265625
2025-10-06,576.1897583007812
2025-10-07,577.2150268554688
2025-10-08,573.8304443359375
2025-10-09,562.7362060546875
2025-10-10,555.6889038085938
2025-10-13,557.4432983398438
2025-10-14,566.0953369140625
2025-10-15,561.0018310546875
2025-10-16,548.1133422851562
2025-10-17,559.1676635742188
2025-10-20,564.5404052734375
2025-10-21,570.1921997070312
2025-10-22,569.5243530273438
2025-10-23,571.9266357421875
2025-10-24,571.826904296875
2025-10-27,570.5211181640625
2025-10-28,564.1117553710938
2025-10-29,552.7982788085938
2025-10-30,551.901123046875
2025-10-31,550.216552734375
2025-11-03,542.322021484375
2025-11-04,550.97412109375
2025-11-05,551.5322875976562
2025-11-06,551.50244140625
2025-11-07,550.1965942382812
2025-11-10,551.1834716796875
2025-11-11,556.55615234375
2025-11-12,559.4268798828125
2025-11-13,553.7850952148438
2025-11-14,543.9766845703125
2025-11-17,535.1251831054688
2025-11-18,525.885009765625
2025-11-19,528.656005859375
2025-11-20,526.1840209960938
2025-11-21,538.6638793945312
2025-11-24,536.1219482421875
2025-11-25,544.7142333984375
2025-11-26,543.17919921875
2025-11-28,548.7612915039062
2025-12-01,542.2222900390625
2025-12-02,544.1560668945312
2025-12-03,551.950927734375
2025-12-04,540.5676879882812
2025-12-05,543.7673950195312
2025-12-08,538.7036743164062
2025-12-09,535.822998046875
2025-12-10,537.1287231445312
2025-12-11,561.5599975585938
2025-12-12,570.092529296875
2025-12-15,567.301513671875
2025-12-16,564.2014770507812
2025-12-17,563.6532592773438
2025-12-18,564.390869140625
2025-12-19,570.3914794921875
2025-12-22,573.8504028320312
2025-12-23,574.498291015625
2025-12-24,577.58837890625
2025-12-26,577.73779296875
2025-12-29,576.0433349609375
2025-12-30,575.5648803710938
2025-12-31,569.0458984375
2026-01-02,561.32080078125
2026-01-05,566.7432861328125
2026-01-06,578.4755249023438
2026-01-07,578.0567626953125
2026-01-08,578.2063598632812
2026-01-09,574.5526123046875
2026-01-12,565.3085327148438
2026-01-13,544.0550537109375
2026-01-14,545.8818969726562
2026-01-15,541.7191162109375
2026-01-16,538.564453125
2026-01-20,530.8277587890625
2026-01-21,526.6649169921875
2026-01-22,531.9458618164062
2026-01-23,523.8397827148438
2026-01-26,526.4552612304688
2026-01-27,519.5172119140625
2026-01-28,520.4755859375
2026-01-29,542.7971801757812
2026-01-30,537.8656616210938
2026-02-02,554.417236328125
2026-02-03,549.7752075195312
2026-02-04,552.5704345703125
2026-02-05,550.9432373046875
2026-02-06,547.798583984375
2026-02-09,534.41162109375
2026-02-10,539.4629516601562
2026-02-11,536.5379638671875
2026-02-12,526.5551147460938
2026-02-13,517.470703125
2026-02-17,521.0346069335938
2026-02-18,527.07421875
2026-02-19,519.3674926757812
2026-02-20,525.5068969726562
2026-02-23,495.1790466308594
2026-02-24,497.1456604003906
2026-02-25,508.5161437988281
2026-02-26,513.8869018554688
2026-02-27,516.32275390625
2026-03-02,520.106201171875
2026-03-03,523.4205322265625
2026-03-04,522.0228881835938
2026-03-05,523.7598876953125
2026-03-06,521.4439086914062
2026-03-09,516.831787109375
2026-03-10,513.8369750976562
2026-03-11,503.1353759765625
2026-03-12,496.45684814453125
2026-03-13,497.13568115234375
2026-03-16,507.6276550292969
2026-03-17,505.7109375
2026-03-18,487.63201904296875
2026-03-19,490.2974548339844
2026-03-20,495.4685363769531
2026-03-23,499.5215759277344
2026-03-24,498.0740661621094
2026-03-25,501.8974914550781
2026-03-26,499.89093017578125
2026-03-27,483.4092712402344
2026-03-30,493.15252685546875
2026-03-31,498.8028259277344
2026-04-01,490.8065490722656
2026-04-02,492.5934753417969
2026-04-06,500.6396484375
2026-04-07,497.4251708984375
2026-04-08,506.25
2026-04-09,503.57000732421875
2026-04-10,498.6600036621094
2026-04-13,508.5799865722656
2026-04-14,513.1599731445312
2026-04-15,519.9600219726562
2026-04-16,518.5399780273438
2026-04-17,521.2999877929688
2026-04-20,516.6500244140625
2026-04-21,511.3500061035156
2026-04-22,510.1600036621094
2026-04-23,502.3800048828125
2026-04-24,504.1700134277344
2026-04-27,506.42999267578125
2026-04-28,507.6199951171875
2026-04-29,525.22998046875
2026-04-30,502.9200134277344
2026-05-01,495.4599914550781
2026-05-04,504.739990234375
