date,close
2001-05-07,12.134185791015625
2001-05-08,12.060173034667969
2001-05-09,12.157556533813477
2001-05-10,12.091336250305176
2001-05-11,12.075757026672363
2001-05-14,12.044588088989258
2001-05-15,12.379597663879395
2001-05-16,12.455660820007324
2001-05-17,12.607803344726562
2001-05-18,12.740428924560547
2001-05-21,12.900373458862305
2001-05-22,12.736532211303711
2001-05-23,12.791145324707031
2001-05-24,12.736532211303711
2001-05-25,12.662415504455566
2001-05-29,12.77553939819336
2001-05-30,12.4829683303833
2001-05-31,12.514178276062012
2001-06-01,12.599997520446777
2001-06-04,12.678016662597656
2001-06-05,13.02910041809082
2001-06-06,13.09151554107666
2001-06-07,13.161730766296387
2001-06-08,13.021300315856934
2001-06-11,12.919876098632812
2001-06-12,12.639006614685059
2001-06-13,12.77553939819336
2001-06-14,12.588300704956055
2001-06-15,12.736532211303711
2001-06-18,12.7521333694458
2001-06-19,13.458203315734863
2001-06-20,13.352872848510742
2001-06-21,13.360681533813477
2001-06-22,13.380184173583984
2001-06-25,13.360681533813477
2001-06-26,13.224150657653809
2001-06-27,13.302162170410156
2001-06-28,13.341174125671387
2001-06-29,13.068109512329102
2001-07-02,13.263154983520508
2001-07-03,13.243646621704102
2001-07-05,13.142231941223145
2001-07-06,12.861366271972656
2001-07-09,12.927674293518066
2001-07-10,12.779438018798828
2001-07-11,12.705320358276367
2001-07-12,12.717023849487305
2001-07-13,12.564889907836914
2001-07-16,12.678016662597656
2001-07-17,12.678016662597656
2001-07-18,12.705320358276367
2001-07-19,12.479069709777832
2001-07-20,12.139688491821289
2001-07-23,12.038268089294434
2001-07-24,12.237214088439941
2001-07-25,12.619507789611816
2001-07-26,12.736532211303711
2001-07-27,12.560990333557129
2001-07-30,12.90427303314209
2001-07-31,12.9744873046875
2001-08-01,12.9315824508667
2001-08-02,12.970589637756348
2001-08-03,13.00179386138916
2001-08-06,13.107121467590332
2001-08-07,13.083714485168457
2001-08-08,13.107121467590332
2001-08-09,13.087613105773926
2001-08-10,13.25145435333252
2001-08-13,13.107121467590332
2001-08-14,13.212441444396973
2001-08-15,13.216347694396973
2001-08-16,13.280794143676758
2001-08-17,13.32376766204834
2001-08-20,13.491730690002441
2001-08-21,13.47610092163086
2001-08-22,13.444852828979492
2001-08-23,13.440947532653809
2001-08-24,13.604999542236328
2001-08-27,13.59719181060791
2001-08-28,13.452667236328125
2001-08-29,13.397980690002441
2001-08-30,13.397980690002441
2001-08-31,13.43313217163086
2001-09-04,13.495634078979492
2001-09-05,13.671404838562012
2001-09-06,13.456573486328125
2001-09-07,12.894087791442871
2001-09-10,13.562043190002441
2001-09-17,13.183138847351074
2001-09-18,13.440947532653809
2001-09-19,13.241741180419922
2001-09-20,13.085491180419922
2001-09-21,12.655818939208984
2001-09-24,13.175326347351074
2001-09-25,13.222207069396973
2001-09-26,13.47610092163086
2001-09-27,13.952653884887695
2001-09-28,14.452629089355469
2001-10-01,14.394038200378418
2001-10-02,13.651875495910645
2001-10-03,13.261268615722656
2001-10-04,12.886279106140137
2001-10-05,13.272987365722656
2001-10-08,13.046429634094238
2001-10-09,13.32376766204834
2001-10-10,13.729991912841797
2001-10-11,13.815936088562012
2001-10-12,13.851085662841797
2001-10-15,14.101079940795898
2001-10-16,14.335445404052734
2001-10-17,14.034676551818848
2001-10-18,14.214354515075684
2001-10-19,14.405756950378418
2001-10-22,14.24560832977295
2001-10-23,13.683126449584961
2001-10-24,13.784683227539062
2001-10-25,14.062024116516113
2001-10-26,14.042482376098633
2001-10-29,13.85889720916748
2001-10-30,13.687034606933594
2001-10-31,13.562043190002441
2001-11-01,13.86671257019043
2001-11-02,13.74953556060791
2001-11-05,13.690934181213379
2001-11-06,13.757345199584961
2001-11-07,13.85889720916748
2001-11-08,13.690934181213379
2001-11-09,13.65969181060791
2001-11-12,13.663594245910645
2001-11-13,13.952653884887695
2001-11-14,13.987805366516113
2001-11-15,13.812032699584961
2001-11-16,13.684921264648438
2001-11-19,13.493274688720703
2001-11-20,13.594959259033203
2001-11-21,13.59105396270752
2001-11-23,13.583229064941406
2001-11-26,13.759228706359863
2001-11-27,13.481545448303223
2001-11-28,13.211675643920898
2001-11-29,13.368124008178711
2001-11-30,13.559760093688965
2001-12-03,13.516735076904297
2001-12-04,14.06037425994873
2001-12-05,14.361536026000977
2001-12-06,14.138609886169434
2001-12-07,14.177715301513672
2001-12-10,13.946959495544434
2001-12-11,14.134688377380371
2001-12-12,14.165977478027344
2001-12-13,14.189446449279785
2001-12-14,14.381087303161621
2001-12-17,15.468371391296387
2001-12-18,15.409710884094238
2001-12-19,15.491846084594727
2001-12-20,15.448814392089844
2001-12-21,15.452733993530273
2001-12-24,15.699136734008789
2001-12-26,15.761706352233887
2001-12-27,15.992463111877441
2001-12-28,15.859482765197754
2001-12-31,15.589616775512695
2002-01-02,15.636561393737793
2002-01-03,15.667841911315918
2002-01-04,15.972915649414062
2002-01-07,15.72651195526123
2002-01-08,16.113712310791016
2002-01-09,15.773446083068848
2002-01-10,15.640459060668945
2002-01-11,15.605262756347656
2002-01-14,15.663926124572754
2002-01-15,15.616991996765137
2002-01-16,15.570075035095215
2002-01-17,15.613088607788086
2002-01-18,15.605262756347656
2002-01-22,15.542684555053711
2002-01-23,15.499666213989258
2002-01-24,15.640459060668945
2002-01-25,15.652191162109375
2002-01-28,15.241539001464844
2002-01-29,14.803488731384277
2002-01-30,14.623580932617188
2002-01-31,14.674422264099121
2002-02-01,14.772198677062988
2002-02-04,14.701802253723145
2002-02-05,15.718684196472168
2002-02-06,15.706951141357422
2002-02-07,15.331489562988281
2002-02-08,15.585709571838379
2002-02-11,15.53486442565918
2002-02-12,14.97558307647705
2002-02-13,14.869973182678223
2002-02-14,14.334157943725586
2002-02-15,14.545352935791016
2002-02-19,14.474952697753906
2002-02-20,14.838696479797363
2002-02-21,14.474952697753906
2002-02-22,14.764384269714355
2002-02-25,14.553178787231445
2002-02-26,14.551223754882812
2002-02-27,14.512059211730957
2002-02-28,14.488569259643555
2002-03-01,14.488569259643555
2002-03-04,14.50814151763916
2002-03-05,15.20908260345459
2002-03-06,15.279559135437012
2002-03-07,15.013288497924805
2002-03-08,15.538009643554688
2002-03-11,15.27174186706543
2002-03-12,15.23648738861084
2002-03-13,15.330472946166992
2002-03-14,15.702474594116211
2002-03-15,15.663325309753418
2002-03-18,15.585001945495605
2002-03-19,15.964841842651367
2002-03-20,15.616327285766602
2002-03-21,15.299149513244629
2002-03-22,15.27174186706543
2002-03-25,15.12292766571045
2002-03-26,15.310896873474121
2002-03-27,15.561501502990723
2002-03-28,16.094064712524414
2002-04-01,15.984417915344238
2002-04-02,16.074474334716797
2002-04-03,15.898265838623047
2002-04-04,15.866934776306152
2002-04-05,16.0157470703125
2002-04-08,15.996162414550781
2002-04-09,16.13321876525879
2002-04-10,16.097970962524414
2002-04-11,16.15280532836914
2002-04-12,16.07840347290039
2002-04-15,15.753381729125977
2002-04-16,16.054903030395508
2002-04-17,15.851279258728027
2002-04-18,16.07840347290039
2002-04-19,16.172374725341797
2002-04-22,16.097970962524414
2002-04-23,16.094064712524414
2002-04-24,16.595285415649414
2002-04-25,16.955547332763672
2002-04-26,16.975122451782227
2002-04-29,16.877227783203125
2002-04-30,17.065183639526367
2002-05-01,17.59773826599121
2002-05-02,17.73870277404785
2002-05-03,17.53118133544922
2002-05-06,18.47488784790039
2002-05-07,18.38873863220215
2002-05-08,18.91737174987793
2002-05-09,19.199310302734375
2002-05-10,19.132740020751953
2002-05-13,18.91737174987793
2002-05-14,18.987857818603516
2002-05-15,19.680957794189453
2002-05-16,19.71427345275879
2002-05-17,19.59670639038086
2002-05-20,19.341936111450195
2002-05-21,19.28706932067871
2002-05-22,19.290987014770508
2002-05-23,19.334102630615234
2002-05-24,19.185157775878906
2002-05-28,19.185157775878906
2002-05-29,18.722679138183594
2002-05-30,18.577659606933594
2002-05-31,18.875530242919922
2002-06-03,18.707002639770508
2002-06-04,18.81282615661621
2002-06-05,18.86378288269043
2002-06-06,18.61685562133789
2002-06-07,18.499279022216797
2002-06-10,18.577659606933594
2002-06-11,18.67173957824707
2002-06-12,19.518308639526367
2002-06-13,18.804988861083984
2002-06-14,18.695241928100586
2002-06-17,18.86378288269043
2002-06-18,19.306657791137695
2002-06-19,19.8475284576416
2002-06-20,20.215951919555664
2002-06-21,19.694671630859375
2002-06-24,19.377206802368164
2002-06-25,19.604528427124023
2002-06-26,19.33017349243164
2002-06-27,18.997039794921875
2002-06-28,19.498706817626953
2002-07-01,18.68740463256836
2002-07-02,18.902971267700195
2002-07-03,19.130300521850586
2002-07-05,19.490867614746094
2002-07-08,19.13812828063965
2002-07-09,18.965682983398438
2002-07-10,19.091093063354492
2002-07-11,18.675655364990234
2002-07-12,18.644290924072266
2002-07-15,18.518878936767578
2002-07-16,18.413055419921875
2002-07-17,18.150461196899414
2002-07-18,17.53903579711914
2002-07-19,16.469066619873047
2002-07-22,16.668949127197266
2002-07-23,17.99368667602539
2002-07-24,18.51495361328125
2002-07-25,18.997039794921875
2002-07-26,18.910810470581055
2002-07-29,19.592769622802734
2002-07-30,19.39680290222168
2002-07-31,19.439912796020508
2002-08-01,18.7148380279541
2002-08-02,18.64821434020996
2002-08-05,18.46401023864746
2002-08-06,18.362102508544922
2002-08-07,18.789302825927734
2002-08-08,19.181245803833008
2002-08-09,19.181245803833008
2002-08-12,19.130300521850586
2002-08-13,18.769712448120117
2002-08-14,19.412485122680664
2002-08-15,19.412485122680664
2002-08-16,19.386993408203125
2002-08-19,19.496829986572266
2002-08-20,19.920499801635742
2002-08-21,19.97541618347168
2002-08-22,19.579212188720703
2002-08-23,19.343839645385742
2002-08-26,19.061386108398438
2002-08-27,18.967227935791016
2002-08-28,19.22222328186035
2002-08-29,19.147693634033203
2002-08-30,18.95546531677246
2002-09-03,19.041770935058594
2002-09-04,19.214380264282227
2002-09-05,19.163373947143555
2002-09-06,19.194759368896484
2002-09-09,19.441909790039062
2002-09-10,19.49290657043457
2002-09-11,19.48114013671875
2002-09-12,19.16729736328125
2002-09-13,19.12023162841797
2002-09-16,19.516437530517578
2002-09-17,19.245759963989258
2002-09-18,19.308528900146484
2002-09-19,18.70439910888672
2002-09-20,18.916236877441406
2002-09-23,19.155532836914062
2002-09-24,18.39842414855957
2002-09-25,18.747554779052734
2002-09-26,19.124156951904297
2002-09-27,19.14376449584961
2002-09-30,19.02607536315918
2002-10-01,19.414447784423828
2002-10-02,19.3830623626709
2002-10-03,18.53571891784668
2002-10-04,16.766490936279297
2002-10-07,17.54714584350586
2002-10-08,18.080657958984375
2002-10-09,17.966894149780273
2002-10-10,18.284645080566406
2002-10-11,18.751480102539062
2002-10-14,18.916236877441406
2002-10-15,19.379140853881836
2002-10-16,19.29283905029297
2002-10-17,19.457592010498047
2002-10-18,19.02607536315918
2002-10-21,19.571352005004883
2002-10-22,19.66158676147461
2002-10-23,18.598491668701172
2002-10-24,18.04535675048828
2002-10-25,17.90020179748535
2002-10-28,17.613840103149414
2002-10-29,17.731517791748047
2002-10-30,18.151275634765625
2002-10-31,18.47687339782715
2002-11-01,18.44940757751465
2002-11-04,18.210105895996094
2002-11-05,18.37095832824707
2002-11-06,18.229724884033203
2002-11-07,17.864900588989258
2002-11-08,17.700136184692383
2002-11-11,17.139169692993164
2002-11-12,17.551069259643555
2002-11-13,17.174467086791992
2002-11-14,17.488304138183594
2002-11-15,17.052867889404297
2002-11-18,16.77994155883789
2002-11-19,17.160852432250977
2002-11-20,17.25902557373047
2002-11-21,16.9134521484375
2002-11-22,17.074447631835938
2002-11-25,17.30614471435547
2002-11-26,16.952720642089844
2002-11-27,17.49856948852539
2002-11-29,17.28651237487793
2002-12-02,17.321857452392578
2002-12-03,17.227619171142578
2002-12-04,17.20797348022461
2002-12-05,16.988067626953125
2002-12-06,17.243314743041992
2002-12-09,16.75636863708496
2002-12-10,16.693546295166016
2002-12-11,16.66998291015625
2002-12-12,16.57965660095215
2002-12-13,16.24586296081543
2002-12-16,16.536462783813477
2002-12-17,16.21052360534668
2002-12-18,15.790337562561035
2002-12-19,15.778560638427734
2002-12-20,16.689619064331055
2002-12-23,16.422578811645508
2002-12-24,16.473636627197266
2002-12-26,16.450071334838867
2002-12-27,16.347980499267578
2002-12-30,16.080934524536133
2002-12-31,16.214448928833008
2003-01-02,17.160852432250977
2003-01-03,17.192262649536133
2003-01-06,16.83883285522461
2003-01-07,16.7053279876709
2003-01-08,16.434349060058594
2003-01-09,15.959196090698242
2003-01-10,15.806047439575195
2003-01-13,16.41865348815918
2003-01-14,16.442211151123047
2003-01-15,16.446142196655273
2003-01-16,16.693546295166016
2003-01-17,16.611066818237305
2003-01-21,16.571800231933594
2003-01-22,16.41865348815918
2003-01-23,16.57965660095215
2003-01-24,16.10057258605957
2003-01-27,16.00632667541504
2003-01-28,16.24586296081543
2003-01-29,16.25765037536621
2003-01-30,16.10449981689453
2003-01-31,16.446142196655273
2003-02-03,16.846691131591797
2003-02-04,16.489337921142578
2003-02-05,16.90559196472168
2003-02-06,16.768150329589844
2003-02-07,16.62285041809082
2003-02-10,16.591440200805664
2003-02-11,16.399023056030273
2003-02-12,16.214448928833008
2003-02-13,16.226234436035156
2003-02-14,16.677841186523438
2003-02-18,16.848840713500977
2003-02-19,16.880287170410156
2003-02-20,16.557933807373047
2003-02-21,17.072917938232422
2003-02-24,16.707321166992188
2003-02-25,16.785940170288086
2003-02-26,16.74270248413086
2003-02-27,17.210498809814453
2003-02-28,17.33629608154297
2003-03-03,17.418855667114258
2003-03-04,17.19870376586914
2003-03-05,17.379535675048828
2003-03-06,17.273401260375977
2003-03-07,17.524991989135742
2003-03-10,17.206573486328125
2003-03-11,16.907808303833008
2003-03-12,17.48961067199707
2003-03-13,17.729415893554688
2003-03-14,18.165771484375
2003-03-17,18.633573532104492
2003-03-18,18.574604034423828
2003-03-19,18.849781036376953
2003-03-20,19.04634666442871
2003-03-21,19.341175079345703
2003-03-24,18.657161712646484
2003-03-25,18.582460403442383
2003-03-26,18.311216354370117
2003-03-27,18.118593215942383
2003-03-28,18.295495986938477
2003-03-31,18.173620223999023
2003-04-01,18.48811912536621
2003-04-02,18.590330123901367
2003-04-03,18.055702209472656
2003-04-04,18.307287216186523
2003-04-07,18.42523193359375
2003-04-08,18.71613883972168
2003-04-09,18.535295486450195
2003-04-10,18.665023803710938
2003-04-11,18.507780075073242
2003-04-14,18.861583709716797
2003-04-15,19.148550033569336
2003-04-16,19.030620574951172
2003-04-17,19.47877311706543
2003-04-21,19.301868438720703
2003-04-22,19.156414031982422
2003-04-23,18.727920532226562
2003-04-24,18.70826530456543
2003-04-25,18.65323257446289
2003-04-28,18.932340621948242
2003-04-29,19.132823944091797
2003-04-30,18.983455657958984
2003-05-01,19.121034622192383
2003-05-02,19.455175399780273
2003-05-05,19.148550033569336
2003-05-06,19.19965362548828
2003-05-07,19.254690170288086
2003-05-08,19.018827438354492
2003-05-09,19.258615493774414
2003-05-12,19.345102310180664
2003-05-13,19.4591121673584
2003-05-14,19.596710205078125
2003-05-15,19.938703536987305
2003-05-16,20.141338348388672
2003-05-19,20.137413024902344
2003-05-20,20.377416610717773
2003-05-21,20.46398162841797
2003-05-22,20.373485565185547
2003-05-23,20.385292053222656
2003-05-27,20.613500595092773
2003-05-28,20.79448127746582
2003-05-29,20.46398162841797
2003-05-30,20.51906967163086
2003-06-02,20.617431640625
2003-06-03,20.51119613647461
2003-06-04,20.5151309967041
2003-06-05,20.5308780670166
2003-06-06,20.656780242919922
2003-06-09,20.798431396484375
2003-06-10,20.971546173095703
2003-06-11,20.617431640625
2003-06-12,20.743337631225586
2003-06-13,20.99122428894043
2003-06-16,21.502716064453125
2003-06-17,21.30205535888672
2003-06-18,21.349271774291992
2003-06-19,20.853517532348633
2003-06-20,21.0581111907959
2003-06-23,20.774816513061523
2003-06-24,20.912527084350586
2003-06-25,20.707927703857422
2003-06-26,20.99122428894043
2003-06-27,20.774816513061523
2003-06-30,20.73941421508789
2003-07-01,20.782690048217773
2003-07-02,20.975481033325195
2003-07-03,21.22730255126953
2003-07-07,21.636503219604492
2003-07-08,22.226694107055664
2003-07-09,22.002418518066406
2003-07-10,21.876516342163086
2003-07-11,21.876516342163086
2003-07-14,21.94733428955078
2003-07-15,21.687646865844727
2003-07-16,21.215490341186523
2003-07-17,20.849571228027344
2003-07-18,20.84563636779785
2003-07-21,20.790557861328125
2003-07-22,20.763015747070312
2003-07-23,20.853517532348633
2003-07-24,20.546611785888672
2003-07-25,20.798431396484375
2003-07-28,20.770870208740234
2003-07-29,20.444305419921875
2003-07-30,20.267250061035156
2003-07-31,20.349878311157227
2003-08-01,20.105934143066406
2003-08-04,20.03510284423828
2003-08-05,19.86591339111328
2003-08-06,19.924945831298828
2003-08-07,19.936738967895508
2003-08-08,20.16495132446289
2003-08-11,20.28693199157715
2003-08-12,20.35774040222168
2003-08-13,20.271183013916016
2003-08-14,20.52299690246582
2003-08-15,20.566282272338867
2003-08-18,20.59581184387207
2003-08-19,20.52100372314453
2003-08-20,20.72183609008789
2003-08-21,20.607637405395508
2003-08-22,20.31622314453125
2003-08-25,20.202011108398438
2003-08-26,20.22957992553711
2003-08-27,20.237462997436523
2003-08-28,20.375280380249023
2003-08-29,20.422550201416016
2003-09-02,20.800596237182617
2003-09-03,21.001434326171875
2003-09-04,20.981752395629883
2003-09-05,20.76909828186035
2003-09-08,20.713958740234375
2003-09-09,20.324098587036133
2003-09-10,20.324098587036133
2003-09-11,20.3398494720459
2003-09-12,20.45010757446289
2003-09-15,20.45010757446289
2003-09-16,20.59581184387207
2003-09-17,20.741527557373047
2003-09-18,21.009309768676758
2003-09-19,21.324357986450195
2003-09-22,21.37554931640625
2003-09-23,21.43461036682129
2003-09-24,21.489748001098633
2003-09-25,21.481876373291016
2003-09-26,21.61970329284668
2003-09-29,21.761476516723633
2003-09-30,21.64726448059082
2003-10-01,22.048946380615234
2003-10-02,22.234025955200195
2003-10-03,22.399425506591797
2003-10-06,22.580575942993164
2003-10-07,22.789295196533203
2003-10-08,22.797168731689453
2003-10-09,23.09251594543457
2003-10-10,23.42724609375
2003-10-13,23.5020694732666
2003-10-14,22.31672477722168
2003-10-15,22.174962997436523
2003-10-16,22.332487106323242
2003-10-17,22.30492401123047
2003-10-20,22.32853889465332
2003-10-21,22.088315963745117
2003-10-22,22.092262268066406
2003-10-23,21.954423904418945
2003-10-24,21.997756958007812
2003-10-27,22.045007705688477
2003-10-28,22.808984756469727
2003-10-29,22.773536682128906
2003-10-30,22.781417846679688
2003-10-31,22.773536682128906
2003-11-03,22.95469093322754
2003-11-04,22.848356246948242
2003-11-05,22.79322624206543
2003-11-06,22.82473373413086
2003-11-07,22.745975494384766
2003-11-10,22.54513931274414
2003-11-11,22.36791229248047
2003-11-12,22.663280487060547
2003-11-13,22.682964324951172
2003-11-14,22.489999771118164
2003-11-17,22.51757049560547
2003-11-18,22.16089630126953
2003-11-19,22.192424774169922
2003-11-20,22.196365356445312
2003-11-21,22.361894607543945
2003-11-24,22.460426330566406
2003-11-25,22.68506622314453
2003-11-26,22.61805534362793
2003-11-28,22.574710845947266
2003-12-01,22.732362747192383
2003-12-02,22.633825302124023
2003-12-03,22.901826858520508
2003-12-04,22.6968936920166
2003-12-05,22.708715438842773
2003-12-08,22.708715438842773
2003-12-09,22.491945266723633
2003-12-10,22.629880905151367
2003-12-11,22.826950073242188
2003-12-12,22.929410934448242
2003-12-15,22.64565658569336
2003-12-16,22.94911766052246
2003-12-17,22.854536056518555
2003-12-18,22.93729019165039
2003-12-19,23.228939056396484
2003-12-22,23.713693618774414
2003-12-23,23.670339584350586
2003-12-24,23.658523559570312
2003-12-26,23.64669418334961
2003-12-29,23.725522994995117
2003-12-30,23.867403030395508
2003-12-31,23.86345672607422
2004-01-02,23.8437557220459
2004-01-05,23.898923873901367
2004-01-06,23.96198081970215
2004-01-07,23.74523162841797
2004-01-08,23.603357315063477
2004-01-09,23.64669418334961
2004-01-12,23.686115264892578
2004-01-13,23.784645080566406
2004-01-14,24.202390670776367
2004-01-15,24.00139808654785
2004-01-16,24.064456939697266
2004-01-20,23.91469383239746
2004-01-21,24.028989791870117
2004-01-22,24.324565887451172
2004-01-23,24.23786735534668
2004-01-26,24.403392791748047
2004-01-27,24.63198471069336
2004-01-28,24.60044288635254
2004-01-29,24.69896697998047
2004-01-30,25.179790496826172
2004-02-02,25.05367088317871
2004-02-03,24.986684799194336
2004-02-04,24.86844825744629
2004-02-05,24.474334716796875
2004-02-06,25.7749080657959
2004-02-09,25.301959991455078
2004-02-10,25.34926414489746
2004-02-11,25.79066276550293
2004-02-12,25.770952224731445
2004-02-13,25.62513542175293
2004-02-17,26.003490447998047
2004-02-18,25.748991012573242
2004-02-19,26.104103088378906
2004-02-20,25.839744567871094
2004-02-23,25.792396545410156
2004-02-24,25.638521194458008
2004-02-25,25.772666931152344
2004-02-26,25.752939224243164
2004-02-27,26.380290985107422
2004-03-01,26.238252639770508
2004-03-02,26.273759841918945
2004-03-03,26.238252639770508
2004-03-04,26.727497100830078
2004-03-05,27.28383445739746
2004-03-08,26.928735733032227
2004-03-09,26.928735733032227
2004-03-10,26.99974822998047
2004-03-11,26.790630340576172
2004-03-12,27.133895874023438
2004-03-15,26.58940315246582
2004-03-16,26.920825958251953
2004-03-17,27.102333068847656
2004-03-18,27.75335121154785
2004-03-19,27.496885299682617
2004-03-22,27.53635025024414
2004-03-23,27.587648391723633
2004-03-24,27.524524688720703
2004-03-25,27.44166374206543
2004-03-26,27.54424476623535
2004-03-29,27.706016540527344
2004-03-30,27.903278350830078
2004-03-31,27.934852600097656
2004-04-01,27.871732711791992
2004-04-02,27.185203552246094
2004-04-05,26.8300838470459
2004-04-06,27.275943756103516
2004-04-07,27.10626983642578
2004-04-08,27.386423110961914
2004-04-12,27.14179039001465
2004-04-13,26.55389976501465
2004-04-14,26.06859016418457
2004-04-15,26.139616012573242
2004-04-16,26.42368507385254
2004-04-19,26.269811630249023
2004-04-20,26.2895450592041
2004-04-21,25.804237365722656
2004-04-22,26.55389976501465
2004-04-23,26.210634231567383
2004-04-26,26.17118263244629
2004-04-27,26.51839256286621
2004-04-28,25.528038024902344
2004-04-29,25.25184440612793
2004-04-30,25.453081130981445
2004-05-03,25.997570037841797
2004-05-04,25.713476181030273
2004-05-05,25.70953941345215
2004-05-06,25.717426300048828
2004-05-07,24.648160934448242
2004-05-10,25.022998809814453
2004-05-11,24.98354148864746
2004-05-12,25.192657470703125
2004-05-13,24.96381950378418
2004-05-14,25.133485794067383
2004-05-17,25.086135864257812
2004-05-18,25.6372013092041
2004-05-19,25.708295822143555
2004-05-20,25.613496780395508
2004-05-21,25.261919021606445
2004-05-24,25.522640228271484
2004-05-25,25.9216251373291
2004-05-26,25.9453182220459
2004-05-27,25.850513458251953
2004-05-28,25.830753326416016
2004-06-01,25.775455474853516
2004-06-02,26.10333251953125
2004-06-03,25.791255950927734
2004-06-04,25.98482322692871
2004-06-07,25.949270248413086
2004-06-08,26.41539192199707
2004-06-09,26.194175720214844
2004-06-10,26.07172393798828
2004-06-14,25.712257385253906
2004-06-15,26.134931564331055
2004-06-16,26.186283111572266
2004-06-17,25.82285499572754
2004-06-18,25.88210678100586
2004-06-21,26.0322265625
2004-06-22,25.913715362548828
2004-06-23,25.88210678100586
2004-06-24,25.759641647338867
2004-06-25,25.613496780395508
2004-06-28,25.550289154052734
2004-06-29,25.597686767578125
2004-06-30,25.542394638061523
2004-07-01,26.028270721435547
2004-07-02,25.976924896240234
2004-07-06,25.779407501220703
2004-07-07,26.07172393798828
2004-07-08,26.028270721435547
2004-07-09,25.846555709838867
2004-07-12,25.803102493286133
2004-07-13,25.870262145996094
2004-07-14,25.75569725036621
2004-07-15,25.696447372436523
2004-07-16,25.775455474853516
2004-07-19,25.830753326416016
2004-07-20,26.166526794433594
2004-07-21,25.9216251373291
2004-07-22,25.98877716064453
2004-07-23,25.743852615356445
2004-07-26,25.668794631958008
2004-07-27,26.063827514648438
2004-07-28,26.028270721435547
2004-07-29,25.949270248413086
2004-07-30,26.901269912719727
2004-08-02,27.628131866455078
2004-08-03,27.509626388549805
2004-08-04,27.3042049407959
2004-08-05,26.51415252685547
2004-08-06,26.59710121154785
2004-08-09,26.502294540405273
2004-08-10,26.7235164642334
2004-08-11,26.73932647705078
2004-08-12,26.395654678344727
2004-08-13,26.269245147705078
2004-08-16,26.94472885131836
2004-08-17,26.573392868041992
2004-08-18,27.010395050048828
2004-08-19,27.010395050048828
2004-08-20,27.022253036499023
2004-08-23,26.860126495361328
2004-08-24,26.883852005004883
2004-08-25,26.891752243041992
2004-08-26,27.022253036499023
2004-08-27,27.0974063873291
2004-08-30,26.741477966308594
2004-08-31,27.11322021484375
2004-09-01,27.3584041595459
2004-09-02,27.504737854003906
2004-09-03,27.536367416381836
2004-09-07,27.56009292602539
2004-09-08,27.243728637695312
2004-09-09,27.204179763793945
2004-09-10,27.46123504638672
2004-09-13,27.967424392700195
2004-09-14,28.141429901123047
2004-09-15,28.1256103515625
2004-09-16,28.434083938598633
2004-09-17,28.078157424926758
2004-09-20,28.20075225830078
2004-09-21,28.60018539428711
2004-09-22,28.418258666992188
2004-09-23,28.51316261291504
2004-09-24,28.87701988220215
2004-09-27,29.185470581054688
2004-09-28,28.869096755981445
2004-09-29,28.754409790039062
2004-09-30,28.96796417236328
2004-10-01,29.42274284362793
2004-10-04,29.632354736328125
2004-10-05,29.61652183532715
2004-10-06,29.525571823120117
2004-10-07,29.114288330078125
2004-10-08,28.932363510131836
2004-10-11,28.98773193359375
2004-10-12,29.177568435668945
2004-10-13,28.481544494628906
2004-10-14,28.532957077026367
2004-10-15,28.786052703857422
2004-10-18,28.801851272583008
2004-10-19,28.71485710144043
2004-10-20,28.865148544311523
2004-10-21,28.869096755981445
2004-10-22,28.746492385864258
2004-10-25,29.17360496520996
2004-10-26,29.6600284576416
2004-10-27,30.363971710205078
2004-10-28,30.802927017211914
2004-10-29,30.771268844604492
2004-11-01,30.976940155029297
2004-11-02,31.186532974243164
2004-11-03,31.55036163330078
2004-11-04,31.558277130126953
2004-11-05,31.38820457458496
2004-11-08,31.546390533447266
2004-11-09,31.566171646118164
2004-11-10,31.479183197021484
2004-11-11,31.538494110107422
2004-11-12,31.756004333496094
2004-11-15,31.957687377929688
2004-11-16,32.11191177368164
2004-11-17,32.236610412597656
2004-11-18,32.13764572143555
2004-11-19,31.745773315429688
2004-11-22,31.884340286254883
2004-11-23,31.971412658691406
2004-11-24,32.224735260009766
2004-11-26,32.20097351074219
2004-11-29,31.864532470703125
2004-11-30,31.963485717773438
2004-12-01,32.790775299072266
2004-12-02,33.000572204589844
2004-12-03,32.8739013671875
2004-12-06,32.751190185546875
2004-12-07,32.28410339355469
2004-12-08,32.236610412597656
2004-12-09,32.7432746887207
2004-12-10,32.992645263671875
2004-12-13,33.03221893310547
2004-12-14,32.81453323364258
2004-12-15,33.24202346801758
2004-12-16,33.238075256347656
2004-12-17,33.3093147277832
2004-12-20,33.51515197753906
2004-12-21,33.724952697753906
2004-12-22,33.780357360839844
2004-12-23,33.665557861328125
2004-12-27,33.54682159423828
2004-12-28,33.78431701660156
2004-12-29,34.144527435302734
2004-12-30,34.516605377197266
2004-12-31,34.378074645996094
2005-01-03,33.60223388671875
2005-01-04,33.09555435180664
2005-01-05,32.95307540893555
2005-01-06,32.862022399902344
2005-01-07,32.85411071777344
2005-01-10,33.17078399658203
2005-01-11,32.881832122802734
2005-01-12,33.052024841308594
2005-01-13,32.91348648071289
2005-01-14,33.289527893066406
2005-01-18,33.3291130065918
2005-01-19,33.780357360839844
2005-01-20,33.78431701660156
2005-01-21,33.519107818603516
2005-01-24,33.024322509765625
2005-01-25,32.493892669677734
2005-01-26,32.8739013671875
2005-01-27,33.289527893066406
2005-01-28,33.21036148071289
2005-01-31,33.16287612915039
2005-02-01,33.45972442626953
2005-02-02,33.81597900390625
2005-02-03,34.152442932128906
2005-02-04,34.17223358154297
2005-02-07,33.962432861328125
2005-02-08,34.045562744140625
2005-02-09,33.59827423095703
2005-02-10,33.77243423461914
2005-02-11,34.13661193847656
2005-02-14,34.02974319458008
2005-02-15,35.03120040893555
2005-02-16,33.98493957519531
2005-02-17,33.79487991333008
2005-02-18,33.37511444091797
2005-02-22,33.078102111816406
2005-02-23,33.13749313354492
2005-02-24,33.133544921875
2005-02-25,33.78695297241211
2005-02-28,33.22858428955078
2005-03-01,33.897823333740234
2005-03-02,33.90575408935547
2005-03-03,33.98493957519531
2005-03-04,34.135433197021484
2005-03-07,34.09583282470703
2005-03-08,34.151275634765625
2005-03-09,33.35530471801758
2005-03-10,33.48994445800781
2005-03-11,33.37905502319336
2005-03-14,33.763187408447266
2005-03-15,33.84635925292969
2005-03-16,33.54142761230469
2005-03-17,33.204811096191406
2005-03-18,33.14542007446289
2005-03-21,32.85633850097656
2005-03-22,32.49992370605469
2005-03-23,32.060367584228516
2005-03-24,32.076210021972656
2005-03-28,32.19898986816406
2005-03-29,32.07225036621094
2005-03-30,32.37323760986328
2005-03-31,32.02077102661133
2005-04-01,31.854467391967773
2005-04-04,32.89593505859375
2005-04-05,32.9553337097168
2005-04-06,32.91179275512695
2005-04-07,32.983062744140625
2005-04-08,32.658329010009766
2005-04-11,32.555389404296875
2005-04-12,32.99098587036133
2005-04-13,32.2068977355957
2005-04-14,32.17523193359375
2005-04-15,31.850496292114258
2005-04-18,31.905916213989258
2005-04-19,32.2702522277832
2005-04-20,31.684165954589844
2005-04-21,32.353416442871094
2005-04-22,32.31381607055664
2005-04-25,32.93158721923828
2005-04-26,32.82862854003906
2005-04-27,33.2959098815918
2005-04-28,32.056419372558594
2005-04-29,32.52766036987305
2005-05-02,32.61874008178711
2005-05-03,32.82069778442383
2005-05-04,33.42265319824219
2005-05-05,33.660240173339844
2005-05-06,33.34342956542969
2005-05-09,33.53748321533203
2005-05-10,33.351341247558594
2005-05-11,33.347389221191406
2005-05-12,33.24441146850586
2005-05-13,32.55141830444336
2005-05-16,32.8721923828125
2005-05-17,33.25629425048828
2005-05-18,33.885948181152344
2005-05-19,34.04038619995117
2005-05-20,34.2225456237793
2005-05-23,34.56310272216797
2005-05-24,34.784873962402344
2005-05-25,34.20475387573242
2005-05-26,34.276092529296875
2005-05-27,34.66441345214844
2005-05-31,34.29193878173828
2005-06-01,34.497982025146484
2005-06-02,34.39494323730469
2005-06-03,34.28400802612305
2005-06-06,34.569313049316406
2005-06-07,34.79120635986328
2005-06-08,34.569313049316406
2005-06-09,34.93386459350586
2005-06-10,34.79914474487305
2005-06-13,34.74366760253906
2005-06-14,35.227115631103516
2005-06-15,35.42523956298828
2005-06-16,35.7739143371582
2005-06-17,36.54265213012695
2005-06-20,36.487186431884766
2005-06-21,36.930992126464844
2005-06-22,36.32868194580078
2005-06-23,35.4489860534668
2005-06-24,35.38560485839844
2005-06-27,35.41731262207031
2005-06-28,35.95621109008789
2005-06-29,35.861114501953125
2005-06-30,35.63128662109375
2005-07-01,35.8928108215332
2005-07-05,35.99582290649414
2005-07-06,35.66298294067383
2005-07-07,35.805633544921875
2005-07-08,36.39207458496094
2005-07-11,36.38417434692383
2005-07-12,36.76457214355469
2005-07-13,36.91515350341797
2005-07-14,36.930992126464844
2005-07-15,37.13703536987305
2005-07-18,36.891357421875
2005-07-19,37.46196365356445
2005-07-20,38.1356201171875
2005-07-21,37.84239196777344
2005-07-22,37.675960540771484
2005-07-25,37.78689956665039
2005-07-26,38.75377655029297
2005-07-27,38.51601028442383
2005-07-28,39.173805236816406
2005-07-29,37.49366760253906
2005-08-01,37.34309005737305
2005-08-02,37.32725524902344
2005-08-03,37.73936080932617
2005-08-04,37.72351837158203
2005-08-05,37.240074157714844
2005-08-08,36.72494888305664
2005-08-09,36.780399322509766
2005-08-10,36.81210708618164
2005-08-11,37.04193878173828
2005-08-12,36.986473083496094
2005-08-15,37.049869537353516
2005-08-16,36.923057556152344
2005-08-17,37.28409194946289
2005-08-18,37.31583786010742
2005-08-19,37.68083190917969
2005-08-22,38.57741165161133
2005-08-23,38.20448303222656
2005-08-24,38.22035598754883
2005-08-25,39.0376091003418
2005-08-26,38.704345703125
2005-08-29,38.77576446533203
2005-08-30,38.720218658447266
2005-08-31,38.96620559692383
2005-09-01,39.632694244384766
2005-09-02,39.9659309387207
2005-09-06,39.918338775634766
2005-09-07,39.44226837158203
2005-09-08,39.8865966796875
2005-09-09,40.79906463623047
2005-09-12,40.30712890625
2005-09-13,40.47374725341797
2005-09-14,41.005340576171875
2005-09-15,40.87047576904297
2005-09-16,40.20396041870117
2005-09-19,40.00559616088867
2005-09-20,39.2518424987793
2005-09-21,39.2121467590332
2005-09-22,39.14870071411133
2005-09-23,39.220096588134766
2005-09-26,39.25977325439453
2005-09-27,39.32325744628906
2005-09-28,39.4660758972168
2005-09-29,40.30712890625
2005-09-30,40.52930450439453
2005-10-03,40.71969985961914
2005-10-04,40.57689666748047
2005-10-05,40.4816780090332
2005-10-06,40.1960334777832
2005-10-07,40.47374725341797
2005-10-10,40.1563720703125
2005-10-11,39.8865966796875
2005-10-12,39.44226837158203
2005-10-13,39.60888671875
2005-10-14,39.68027877807617
2005-10-17,40.227787017822266
2005-10-18,40.54515075683594
2005-10-19,40.90219497680664
2005-10-20,40.44994354248047
2005-10-21,40.61655044555664
2005-10-24,40.957740783691406
2005-10-25,41.624237060546875
2005-10-26,42.95722961425781
2005-10-27,43.155609130859375
2005-10-28,41.98922348022461
2005-10-31,42.25899124145508
2005-11-01,41.6321907043457
2005-11-02,42.43355178833008
2005-11-03,42.27487564086914
2005-11-04,42.401817321777344
2005-11-07,42.98105239868164
2005-11-08,43.44123458862305
2005-11-09,43.092105865478516
2005-11-10,44.42512130737305
2005-11-11,44.34575653076172
2005-11-14,44.417179107666016
2005-11-15,44.52825164794922
2005-11-16,44.63548278808594
2005-11-17,46.37485122680664
2005-11-18,46.18421936035156
2005-11-21,46.779903411865234
2005-11-22,46.859317779541016
2005-11-23,46.930782318115234
2005-11-25,47.11347198486328
2005-11-28,48.01095962524414
2005-11-29,47.66943359375
2005-11-30,47.77268600463867
2005-12-01,47.77268600463867
2005-12-02,47.75678253173828
2005-12-05,47.69324493408203
2005-12-06,47.69324493408203
2005-12-07,47.38351058959961
2005-12-08,47.78855895996094
2005-12-09,48.15391159057617
2005-12-12,47.81239318847656
2005-12-13,48.68601989746094
2005-12-14,48.99577331542969
2005-12-15,48.81310272216797
2005-12-16,48.84488296508789
2005-12-19,48.78134536743164
2005-12-20,49.138736724853516
2005-12-21,49.48026657104492
2005-12-22,49.345237731933594
2005-12-23,49.337284088134766
2005-12-27,49.10698699951172
2005-12-28,49.14668655395508
2005-12-29,48.98784637451172
2005-12-30,48.78134536743164
2006-01-03,50.00444412231445
2006-01-04,49.94886016845703
2006-01-05,50.13151931762695
2006-01-06,50.38567352294922
2006-01-09,51.2037353515625
2006-01-10,51.64849853515625
2006-01-11,52.140899658203125
2006-01-12,51.65643310546875
2006-01-13,50.997222900390625
2006-01-17,50.107688903808594
2006-01-18,49.583499908447266
2006-01-19,49.66292190551758
2006-01-20,48.606605529785156
2006-01-23,49.98857879638672
2006-01-24,50.663658142089844
2006-01-25,50.060028076171875
2006-01-26,50.39363098144531
2006-01-27,50.766902923583984
2006-01-30,51.22755813598633
2006-01-31,50.29034423828125
2006-02-01,50.51275634765625
2006-02-02,50.79072952270508
2006-02-03,50.74306869506836
2006-02-06,50.83045196533203
2006-02-07,49.26581954956055
2006-02-08,50.012393951416016
2006-02-09,50.5604133605957
2006-02-10,50.90987014770508
2006-02-13,50.028282165527344
2006-02-14,51.148136138916016
2006-02-15,51.68082809448242
2006-02-16,51.760345458984375
2006-02-17,51.68880081176758
2006-02-21,51.72059631347656
2006-02-22,53.3743782043457
2006-02-23,53.47774887084961
2006-02-24,54.03430938720703
2006-02-27,54.32847213745117
2006-02-28,53.27100372314453
2006-03-01,54.376216888427734
2006-03-02,54.066097259521484
2006-03-03,53.78783416748047
2006-03-06,53.73217010498047
2006-03-07,53.35847091674805
2006-03-08,53.15174865722656
2006-03-09,53.15174865722656
2006-03-10,53.70832824707031
2006-03-13,53.70036315917969
2006-03-14,54.980464935302734
2006-03-15,55.55290985107422
2006-03-16,54.908897399902344
2006-03-17,55.53702163696289
2006-03-20,55.38595962524414
2006-03-21,54.82144546508789
2006-03-22,55.274627685546875
2006-03-23,55.433677673339844
2006-03-24,56.1094856262207
2006-03-27,56.02997970581055
2006-03-28,55.33031463623047
2006-03-29,56.57859802246094
2006-03-30,56.33211135864258
2006-03-31,56.817142486572266
2006-04-03,57.492942810058594
2006-04-04,57.604278564453125
2006-04-05,56.63423538208008
2006-04-06,56.451393127441406
2006-04-07,56.34800720214844
2006-04-10,55.97433090209961
2006-04-11,55.45751190185547
2006-04-12,55.38595962524414
2006-04-13,55.41777420043945
2006-04-17,56.05382537841797
2006-04-18,56.56267547607422
2006-04-19,56.355979919433594
2006-04-20,56.737613677978516
2006-04-21,56.42752456665039
2006-04-24,56.483184814453125
2006-04-25,55.99821472167969
2006-04-26,49.29557800292969
2006-04-27,49.29557800292969
2006-04-28,49.30351257324219
2006-05-01,47.64973068237305
2006-05-02,46.95800018310547
2006-05-03,46.711544036865234
2006-05-04,46.61611557006836
2006-05-05,46.59225845336914
2006-05-08,45.789215087890625
2006-05-09,44.095680236816406
2006-05-10,45.03388977050781
2006-05-11,44.668148040771484
2006-05-12,45.99595260620117
2006-05-15,46.63996887207031
2006-05-16,46.63996887207031
2006-05-17,45.4936637878418
2006-05-18,44.10856246948242
2006-05-19,43.336395263671875
2006-05-22,43.38417434692383
2006-05-23,43.0020866394043
2006-05-24,42.71550369262695
2006-05-25,42.922447204589844
2006-05-26,42.85082244873047
2006-05-30,41.83188247680664
2006-05-31,41.63288116455078
2006-06-01,41.89558029174805
2006-06-02,42.12642288208008
2006-06-05,41.258724212646484
2006-06-06,42.182151794433594
2006-06-07,41.354270935058594
2006-06-08,41.54532241821289
2006-06-09,41.991111755371094
2006-06-12,41.32243347167969
2006-06-13,40.14427947998047
2006-06-14,40.47861862182617
2006-06-15,41.49755096435547
2006-06-16,41.97518539428711
2006-06-19,41.90353012084961
2006-06-20,41.90353012084961
2006-06-21,42.245853424072266
2006-06-22,41.95130920410156
2006-06-23,42.4766845703125
2006-06-26,42.22196578979492
2006-06-27,42.0308952331543
2006-06-28,42.635902404785156
2006-06-29,42.99410629272461
2006-06-30,43.352317810058594
2006-07-03,43.90159606933594
2006-07-05,43.72648239135742
2006-07-06,43.63093948364258
2006-07-07,42.79509735107422
2006-07-10,42.80305862426758
2006-07-11,42.26173400878906
2006-07-12,41.314476013183594
2006-07-13,40.16023635864258
2006-07-14,40.06467819213867
2006-07-17,40.04081344604492
2006-07-18,40.6378288269043
2006-07-19,41.505531311035156
2006-07-20,40.68560791015625
2006-07-21,40.23185348510742
2006-07-24,41.354270935058594
2006-07-25,42.19011688232422
2006-07-26,43.59114074707031
2006-07-27,43.50358200073242
2006-07-28,44.64191436767578
2006-07-31,43.68666458129883
2006-08-01,43.07371139526367
2006-08-02,47.84996032714844
2006-08-03,47.28477096557617
2006-08-04,47.2131233215332
2006-08-07,47.10166549682617
2006-08-08,46.265846252441406
2006-08-09,45.89168167114258
2006-08-10,46.162349700927734
2006-08-11,45.533477783203125
2006-08-14,45.398162841796875
2006-08-15,47.08574676513672
2006-08-16,47.404544830322266
2006-08-17,47.68349075317383
2006-08-18,47.52410125732422
2006-08-21,47.285003662109375
2006-08-22,47.57987976074219
2006-08-23,47.173431396484375
2006-08-24,46.61553955078125
2006-08-25,47.02200698852539
2006-08-28,47.85883712768555
2006-08-29,48.36888885498047
2006-08-30,49.118072509765625
2006-08-31,48.75941848754883
2006-09-01,49.859256744384766
2006-09-05,50.04256057739258
2006-09-06,48.910850524902344
2006-09-07,48.28919219970703
2006-09-08,49.293399810791016
2006-09-11,49.54841613769531
2006-09-12,49.54841613769531
2006-09-13,50.50481414794922
2006-09-14,50.36932373046875
2006-09-15,51.54088592529297
2006-09-18,50.51279830932617
2006-09-19,49.994747161865234
2006-09-20,50.409175872802734
2006-09-21,50.568580627441406
2006-09-22,50.30556869506836
2006-09-25,50.751861572265625
2006-09-26,50.79172134399414
2006-09-27,50.560585021972656
2006-09-28,50.18601989746094
2006-09-29,52.10674285888672
2006-10-02,51.206172943115234
2006-10-03,49.23759460449219
2006-10-04,50.17007827758789
2006-10-05,50.20992660522461
2006-10-06,49.38904571533203
2006-10-09,48.54423141479492
2006-10-10,49.05429458618164
2006-10-11,48.950687408447266
2006-10-12,49.09416961669922
2006-10-13,50.018646240234375
2006-10-16,50.52074432373047
2006-10-17,50.090389251708984
2006-10-18,50.7439079284668
2006-10-19,52.25817108154297
2006-10-20,51.93939208984375
2006-10-23,52.7044792175293
2006-10-24,51.3495979309082
2006-10-25,51.899539947509766
2006-10-26,52.95952606201172
2006-10-27,52.537113189697266
2006-10-30,52.36177062988281
2006-10-31,52.8399772644043
2006-11-01,52.521175384521484
2006-11-02,52.24224090576172
2006-11-03,52.425537109375
2006-11-06,52.64869689941406
2006-11-07,52.6168098449707
2006-11-08,52.65667724609375
2006-11-09,52.73637390136719
2006-11-10,52.792152404785156
2006-11-13,54.170936584472656
2006-11-14,54.62519836425781
2006-11-15,54.82445526123047
2006-11-16,55.28715896606445
2006-11-17,54.95210647583008
2006-11-20,55.63819885253906
2006-11-21,55.39088439941406
2006-11-22,55.797760009765625
2006-11-24,55.630226135253906
2006-11-27,54.05858612060547
2006-11-28,54.64896011352539
2006-11-29,55.27123260498047
2006-11-30,55.430789947509766
2006-12-01,55.28715896606445
2006-12-04,55.9493408203125
2006-12-05,55.997222900390625
2006-12-06,57.03435516357422
2006-12-07,55.853599548339844
2006-12-08,55.414825439453125
2006-12-11,55.56640625
2006-12-12,55.51057434082031
2006-12-13,56.069007873535156
2006-12-14,55.941383361816406
2006-12-15,55.70200729370117
2006-12-18,55.59831619262695
2006-12-19,55.765869140625
2006-12-20,56.132816314697266
2006-12-21,56.22060775756836
2006-12-22,55.90945053100586
2006-12-26,56.100929260253906
2006-12-27,55.8775520324707
2006-12-28,55.885555267333984
2006-12-29,55.09569549560547
2007-01-03,56.100929260253906
2007-01-04,55.6940803527832
2007-01-05,54.872310638427734
2007-01-08,54.85638427734375
2007-01-09,54.409603118896484
2007-01-10,54.984012603759766
2007-01-11,55.6781005859375
2007-01-12,55.34302520751953
2007-01-16,55.33503341674805
2007-01-17,56.27645492553711
2007-01-18,56.38814163208008
2007-01-19,56.91469955444336
2007-01-22,57.241798400878906
2007-01-23,57.72843551635742
2007-01-24,57.74440002441406
2007-01-25,57.297607421875
2007-01-26,56.443973541259766
2007-01-29,56.83490753173828
2007-01-30,56.32430648803711
2007-01-31,57.09018325805664
2007-02-01,57.92787170410156
2007-02-02,57.816192626953125
2007-02-05,57.51303482055664
2007-02-06,57.92787170410156
2007-02-07,58.99689483642578
2007-02-08,59.706947326660156
2007-02-09,58.80547332763672
2007-02-12,57.30560302734375
2007-02-13,56.603546142578125
2007-02-14,57.18593215942383
2007-02-15,57.34568786621094
2007-02-16,58.04853439331055
2007-02-20,58.06446838378906
2007-02-21,56.87445068359375
2007-02-22,54.94162368774414
2007-02-23,53.85539245605469
2007-02-26,52.210113525390625
2007-02-27,51.81877517700195
2007-02-28,51.690975189208984
2007-03-01,52.83308029174805
2007-03-02,52.79315185546875
2007-03-05,51.51526641845703
2007-03-06,52.481666564941406
2007-03-07,51.92259216308594
2007-03-08,52.16221618652344
2007-03-09,51.7788200378418
2007-03-12,50.772464752197266
2007-03-13,47.569759368896484
2007-03-14,48.1048698425293
2007-03-15,50.72455978393555
2007-03-16,50.47697067260742
2007-03-19,51.33955764770508
2007-03-20,51.459346771240234
2007-03-21,53.008811950683594
2007-03-22,52.9848747253418
2007-03-23,52.369869232177734
2007-03-26,51.51526641845703
2007-03-27,50.26131820678711
2007-03-28,49.13516616821289
2007-03-29,49.59043884277344
2007-03-30,49.56647491455078
2007-04-02,48.94348907470703
2007-04-03,49.03133010864258
2007-04-04,48.759796142578125
2007-04-05,48.807708740234375
2007-04-09,49.342830657958984
2007-04-10,48.064937591552734
2007-04-11,48.40837860107422
2007-04-12,49.5345344543457
2007-04-13,50.15749740600586
2007-04-16,52.48966979980469
2007-04-17,54.63015365600586
2007-04-18,54.23079299926758
2007-04-19,54.29469299316406
2007-04-20,54.37455749511719
2007-04-23,53.58385467529297
2007-04-24,54.302696228027344
2007-04-25,54.67805099487305
2007-04-26,54.26276779174805
2007-04-27,53.59982681274414
2007-04-30,52.80913162231445
2007-05-01,52.289981842041016
2007-05-02,52.79315185546875
2007-05-03,53.00082015991211
2007-05-04,53.46405029296875
2007-05-07,52.36186218261719
2007-05-08,54.494361877441406
2007-05-09,54.78985595703125
2007-05-10,53.44807434082031
2007-05-11,54.39051818847656
2007-05-14,54.27871322631836
2007-05-15,53.416133880615234
2007-05-16,54.511634826660156
2007-05-17,53.66402053833008
2007-05-18,54.111820220947266
2007-05-21,54.583614349365234
2007-05-22,54.40768051147461
2007-05-23,57.66225051879883
2007-05-24,55.90303421020508
2007-05-25,55.839054107666016
2007-05-29,56.662654876708984
2007-05-30,58.02208709716797
2007-05-31,55.69510269165039
2007-06-01,55.27128601074219
2007-06-04,56.7906379699707
2007-06-05,56.26286315917969
2007-06-06,56.55874252319336
2007-06-07,54.927452087402344
2007-06-08,54.919464111328125
2007-06-11,54.73554611206055
2007-06-12,53.416133880615234
2007-06-13,53.43210983276367
2007-06-14,53.55206298828125
2007-06-15,54.111820220947266
2007-06-18,53.57606506347656
2007-06-19,53.57606506347656
2007-06-20,51.369056701660156
2007-06-21,51.16913604736328
2007-06-22,50.6733512878418
2007-06-25,48.87416076660156
2007-06-26,49.62583923339844
2007-06-27,50.03364944458008
2007-06-28,50.00166702270508
2007-06-29,49.7377815246582
2007-07-02,49.609832763671875
2007-07-03,48.69023513793945
2007-07-05,49.12204360961914
2007-07-06,49.80973434448242
2007-07-09,49.17802429199219
2007-07-10,48.29042053222656
2007-07-11,48.69023513793945
2007-07-12,48.922149658203125
2007-07-13,50.065616607666016
2007-07-16,48.87416076660156
2007-07-17,48.60227584838867
2007-07-18,47.626708984375
2007-07-19,47.562744140625
2007-07-20,46.955013275146484
2007-07-23,47.09896469116211
2007-07-24,44.73200607299805
2007-07-25,45.86750411987305
2007-07-26,44.23623275756836
2007-07-27,43.98834228515625
2007-07-30,43.604515075683594
2007-07-31,43.02077865600586
2007-08-01,44.292205810546875
2007-08-02,45.77953338623047
2007-08-03,42.58897399902344
2007-08-06,43.28464889526367
2007-08-07,44.67601776123047
2007-08-08,46.66714859008789
2007-08-09,45.379722595214844
2007-08-10,43.74045181274414
2007-08-13,41.909271240234375
2007-08-14,39.96614456176758
2007-08-15,39.326438903808594
2007-08-16,39.406517028808594
2007-08-17,40.03126525878906
2007-08-20,36.75538635253906
2007-08-21,37.476253509521484
2007-08-22,37.30805969238281
2007-08-23,37.03572463989258
2007-08-24,37.203922271728516
2007-08-27,36.9636344909668
2007-08-28,35.906394958496094
2007-08-29,36.875545501708984
2007-08-30,36.1146354675293
2007-08-31,36.72335433959961
2007-09-04,37.0277214050293
2007-09-05,36.002498626708984
2007-09-06,36.86752700805664
2007-09-07,35.465885162353516
2007-09-10,35.361751556396484
2007-09-11,35.658103942871094
2007-09-12,35.44985580444336
2007-09-13,35.882362365722656
2007-09-14,35.54595184326172
2007-09-17,34.336544036865234
2007-09-18,37.80462646484375
2007-09-19,39.00605392456055
2007-09-20,38.189090728759766
2007-09-21,38.71771240234375
2007-09-24,37.72454071044922
2007-09-25,36.899559020996094
2007-09-26,37.956809997558594
2007-09-27,40.343631744384766
2007-09-28,40.3676643371582
2007-10-01,42.1457633972168
2007-10-02,42.442108154296875
2007-10-03,43.18697738647461
2007-10-04,41.849403381347656
2007-10-05,42.2899284362793
2007-10-08,41.28073501586914
2007-10-09,41.408897399902344
2007-10-10,40.58390426635742
2007-10-11,39.37447738647461
2007-10-12,39.56670379638672
2007-10-15,38.613582611083984
2007-10-16,38.2691764831543
2007-10-17,37.88473129272461
2007-10-18,37.72454071044922
2007-10-19,37.131832122802734
2007-10-22,37.43618392944336
2007-10-23,37.94880676269531
2007-10-24,36.787418365478516
2007-10-25,34.70497512817383
2007-10-26,34.75304412841797
2007-10-29,34.67293167114258
2007-10-30,34.640899658203125
2007-10-31,35.01734924316406
2007-11-01,33.65574264526367
2007-11-02,32.878814697265625
2007-11-05,32.77469253540039
2007-11-06,32.91886520385742
2007-11-07,31.236873626708984
2007-11-08,30.467973709106445
2007-11-09,30.956546783447266
2007-11-12,31.717439651489258
2007-11-13,33.19117736816406
2007-11-14,31.877635955810547
2007-11-15,30.3157901763916
2007-11-16,30.588699340820312
2007-11-19,29.6254940032959
2007-11-20,29.42485809326172
2007-11-21,28.72657012939453
2007-11-23,29.89040184020996
2007-11-26,28.74261474609375
2007-11-27,28.405498504638672
2007-11-28,30.331851959228516
2007-11-29,29.344600677490234
2007-11-30,30.227497100830078
2007-12-03,29.400781631469727
2007-12-04,29.232219696044922
2007-12-05,30.436185836791992
2007-12-06,31.68027687072754
2007-12-07,32.04948043823242
2007-12-10,32.884239196777344
2007-12-11,31.46358871459961
2007-12-12,30.82145118713379
2007-12-13,30.86961555480957
2007-12-14,30.885665893554688
2007-12-17,29.99472999572754
2007-12-18,30.741199493408203
2007-12-19,30.508426666259766
2007-12-20,29.93053436279297
2007-12-21,29.818159103393555
2007-12-24,30.28368377685547
2007-12-26,29.48104476928711
2007-12-27,28.967357635498047
2007-12-28,28.782751083374023
2007-12-31,28.654321670532227
2008-01-02,28.1406307220459
2008-01-03,27.506547927856445
2008-01-04,26.679821014404297
2008-01-07,27.52260971069336
2008-01-08,26.727977752685547
2008-01-09,26.63166618347168
2008-01-10,28.01220703125
2008-01-11,28.100494384765625
2008-01-14,28.871034622192383
2008-01-15,28.702468872070312
2008-01-16,29.288410186767578
2008-01-17,27.988121032714844
2008-01-18,26.992855072021484
2008-01-22,27.578784942626953
2008-01-23,28.574054718017578
2008-01-24,29.408803939819336
2008-01-25,28.90313148498535
2008-01-28,28.38944435119629
2008-01-29,28.87905502319336
2008-01-30,28.12457275390625
2008-01-31,27.899831771850586
2008-02-01,28.87905502319336
2008-02-04,28.25299835205078
2008-02-05,27.257720947265625
2008-02-06,26.89653778076172
2008-02-07,29.6977481842041
2008-02-08,28.927228927612305
2008-02-11,29.159975051879883
2008-02-12,30.99000358581543
2008-02-13,31.72039794921875
2008-02-14,30.949871063232422
2008-02-15,31.215435028076172
2008-02-19,30.90159034729004
2008-02-20,31.456857681274414
2008-02-21,30.97402572631836
2008-02-22,30.821115493774414
2008-02-25,31.31200408935547
2008-02-26,34.04808044433594
2008-02-27,33.05825424194336
2008-02-28,32.59150695800781
2008-02-29,30.56360626220703
2008-03-03,30.169292449951172
2008-03-04,30.1451416015625
2008-03-05,30.249757766723633
2008-03-06,28.946096420288086
2008-03-07,28.946096420288086
2008-03-10,28.567886352539062
2008-03-11,28.31840705871582
2008-03-12,27.706819534301758
2008-03-13,27.875812530517578
2008-03-14,26.419254302978516
2008-03-17,25.799610137939453
2008-03-18,28.41497230529785
2008-03-19,27.079124450683594
2008-03-20,28.712718963623047
2008-03-24,29.501365661621094
2008-03-25,29.469175338745117
2008-03-26,29.67840003967285
2008-03-27,28.954147338867188
2008-03-28,28.189664840698242
2008-03-31,28.02870750427246
2008-04-01,29.791072845458984
2008-04-02,30.249757766723633
2008-04-03,29.903732299804688
2008-04-04,30.53946876525879
2008-04-07,30.772851943969727
2008-04-08,30.70844841003418
2008-04-09,29.95201301574707
2008-04-10,29.84739112854004
2008-04-11,28.712718963623047
2008-04-14,28.117218017578125
2008-04-15,28.58397102355957
2008-04-16,29.33236312866211
2008-04-17,30.129060745239258
2008-04-18,30.66018295288086
2008-04-21,30.064672470092773
2008-04-22,29.38064956665039
2008-04-23,30.1451416015625
2008-04-24,29.863489151000977
2008-04-25,30.072715759277344
2008-04-28,29.823272705078125
2008-04-29,30.49117660522461
2008-04-30,29.74278450012207
2008-05-01,31.05449867248535
2008-05-02,31.690227508544922
2008-05-05,31.295915603637695
2008-05-06,32.15696334838867
2008-05-07,32.092586517333984
2008-05-08,31.641923904418945
2008-05-09,31.73851203918457
2008-05-12,32.98584747314453
2008-05-13,34.386070251464844
2008-05-14,34.93327713012695
2008-05-15,35.88285446166992
2008-05-16,36.29420471191406
2008-05-19,36.91523361206055
2008-05-20,35.40700912475586
2008-05-21,29.76931381225586
2008-05-22,27.833621978759766
2008-05-23,27.551334381103516
2008-05-27,28.12397003173828
2008-05-28,29.196670532226562
2008-05-29,30.19676971435547
2008-05-30,29.906417846679688
2008-06-02,29.559608459472656
2008-06-03,31.011388778686523
2008-06-04,31.96309471130371
2008-06-05,33.37452697753906
2008-06-06,31.55982780456543
2008-06-09,30.737165451049805
2008-06-10,31.93083381652832
2008-06-11,31.011388778686523
2008-06-12,31.688861846923828
2008-06-13,32.043731689453125
2008-06-16,31.914701461791992
2008-06-17,30.737165451049805
2008-06-18,30.535518646240234
2008-06-19,31.051706314086914
2008-06-20,30.583913803100586
2008-06-23,29.454755783081055
2008-06-24,28.680484771728516
2008-06-25,29.478952407836914
2008-06-26,28.236886978149414
2008-06-27,28.011056900024414
2008-06-30,27.777158737182617
2008-07-01,27.365833282470703
2008-07-02,26.978687286376953
2008-07-03,27.373897552490234
2008-07-07,26.672210693359375
2008-07-08,26.978687286376953
2008-07-09,26.18021583557129
2008-07-10,26.551219940185547
2008-07-11,25.002668380737305
2008-07-14,25.139780044555664
2008-07-15,24.978473663330078
2008-07-16,26.801250457763672
2008-07-17,28.059452056884766
2008-07-18,28.341739654541016
2008-07-21,27.543258666992188
2008-07-22,28.801462173461914
2008-07-23,29.011150360107422
2008-07-24,27.591657638549805
2008-07-25,27.519071578979492
2008-07-28,27.059350967407227
2008-07-29,29.15633773803711
2008-07-30,28.422388076782227
2008-07-31,28.075584411621094
2008-08-01,28.72081184387207
2008-08-04,29.26119041442871
2008-08-05,30.64036750793457
2008-08-06,31.00330352783203
2008-08-07,30.535518646240234
2008-08-08,31.74532699584961
2008-08-11,32.5760612487793
2008-08-12,31.148500442504883
2008-08-13,30.86618995666504
2008-08-14,31.76146697998047
2008-08-15,32.28569412231445
2008-08-18,31.30734634399414
2008-08-19,30.385597229003906
2008-08-20,29.81960105895996
2008-08-21,30.167282104492188
2008-08-22,31.63077163696289
2008-08-25,30.74945068359375
2008-08-26,31.008161544799805
2008-08-27,31.978445053100586
2008-08-28,32.76275634765625
2008-08-29,32.875946044921875
2008-09-02,33.23172378540039
2008-09-03,33.353004455566406
2008-09-04,32.18870162963867
2008-09-05,31.695449829101562
2008-09-08,33.57130432128906
2008-09-09,31.986543655395508
2008-09-10,31.5499210357666
2008-09-11,31.711639404296875
2008-09-12,31.226499557495117
2008-09-15,29.269790649414062
2008-09-16,30.078359603881836
2008-09-17,27.579896926879883
2008-09-18,29.59321403503418
2008-09-19,29.221277236938477
2008-09-22,27.822463989257812
2008-09-23,27.74161148071289
2008-09-24,27.79012107849121
2008-09-25,27.410104751586914
2008-09-26,26.8441162109375
2008-09-29,25.081451416015625
2008-09-30,27.490947723388672
2008-10-01,25.873838424682617
2008-10-02,24.353757858276367
2008-10-03,24.25672149658203
2008-10-06,22.866008758544922
2008-10-07,22.300020217895508
2008-10-08,21.831052780151367
2008-10-09,19.340696334838867
2008-10-10,18.807050704956055
2008-10-13,20.068397521972656
2008-10-14,22.275754928588867
2008-10-15,19.74497413635254
2008-10-16,20.23011589050293
2008-10-17,20.181596755981445
2008-10-20,21.22463607788086
2008-10-21,19.647951126098633
2008-10-22,17.47293472290039
2008-10-23,17.0929012298584
2008-10-24,15.59708309173584
2008-10-27,14.52169132232666
2008-10-28,16.664369583129883
2008-10-29,17.020143508911133
2008-10-30,19.38112449645996
2008-10-31,20.699079513549805
2008-11-03,20.618227005004883
2008-11-04,20.513107299804688
2008-11-05,18.718109130859375
2008-11-06,18.305740356445312
2008-11-07,18.60491180419922
2008-11-10,17.31930160522461
2008-11-11,16.745229721069336
2008-11-12,15.451537132263184
2008-11-13,17.909549713134766
2008-11-14,15.629424095153809
2008-11-17,15.265571594238281
2008-11-18,15.533812522888184
2008-11-19,14.02188491821289
2008-11-20,12.705048561096191
2008-11-21,14.444576263427734
2008-11-24,16.257266998291016
2008-11-25,16.24100112915039
2008-11-26,17.313983917236328
2008-11-28,17.647260665893555
2008-12-01,15.306208610534668
2008-12-02,16.57427406311035
2008-12-03,17.444040298461914
2008-12-04,17.09451675415039
2008-12-05,17.988664627075195
2008-12-08,18.834033966064453
2008-12-09,18.05368423461914
2008-12-10,18.216264724731445
2008-12-11,17.20018196105957
2008-12-12,17.19205665588379
2008-12-15,16.38731575012207
2008-12-16,17.533456802368164
2008-12-17,17.809833526611328
2008-12-18,17.679771423339844
2008-12-19,18.712114334106445
2008-12-22,17.761062622070312
2008-12-23,17.013225555419922
2008-12-24,16.94818878173828
2008-12-26,16.712461471557617
2008-12-29,16.1272029876709
2008-12-30,16.31416130065918
2008-12-31,16.330415725708008
2009-01-02,18.013044357299805
2009-01-05,18.02117347717285
2009-01-06,18.679590225219727
2009-01-07,18.500762939453125
2009-01-08,18.411344528198242
2009-01-09,18.720239639282227
2009-01-12,18.68772315979004
2009-01-13,18.720239639282227
2009-01-14,19.34614372253418
2009-01-15,18.25690460205078
2009-01-16,17.387144088745117
2009-01-20,15.883331298828125
2009-01-21,16.83439064025879
2009-01-22,17.118894577026367
2009-01-23,17.28148078918457
2009-01-26,17.102645874023438
2009-01-27,17.915498733520508
2009-01-28,19.02911949157715
2009-01-29,17.866731643676758
2009-01-30,17.411523818969727
2009-02-02,17.50094223022461
2009-02-03,17.687902450561523
2009-02-04,17.980533599853516
2009-02-05,18.85028648376465
2009-02-06,20.19965362548828
2009-02-09,20.30531883239746
2009-02-10,20.118358612060547
2009-02-11,20.175260543823242
2009-02-12,19.476200103759766
2009-02-13,19.40304183959961
2009-02-17,18.614561080932617
2009-02-18,18.206348419189453
2009-02-19,18.018569946289062
2009-02-20,15.642766952514648
2009-02-23,14.605897903442383
2009-02-24,15.103924751281738
2009-02-25,14.752860069274902
2009-02-26,14.703873634338379
2009-02-27,14.654881477355957
2009-03-02,13.503724098205566
2009-03-03,13.177148818969727
2009-03-04,13.69966983795166
2009-03-05,13.356765747070312
2009-03-06,13.095507621765137
2009-03-09,13.168990135192871
2009-03-10,14.728364944458008
2009-03-11,14.597736358642578
2009-03-12,14.842668533325195
2009-03-13,14.907979965209961
2009-03-16,14.777353286743164
2009-03-17,15.397836685180664
2009-03-18,16.067304611206055
2009-03-19,15.561114311218262
2009-03-20,15.33252239227295
2009-03-23,16.859243392944336
2009-03-24,17.863447189331055
2009-03-25,18.157365798950195
2009-03-26,19.112585067749023
2009-03-27,19.022775650024414
2009-03-30,17.879777908325195
2009-03-31,18.7125301361084
2009-04-01,17.585859298706055
2009-04-02,18.075725555419922
2009-04-03,19.218717575073242
2009-04-06,18.834997177124023
2009-04-07,18.124710083007812
2009-04-08,18.565580368041992
2009-04-09,19.99432373046875
2009-04-13,20.78626251220703
2009-04-14,19.6922607421875
2009-04-15,19.880027770996094
2009-04-16,22.33748435974121
2009-04-17,23.39067268371582
2009-04-20,22.092546463012695
2009-04-21,22.557912826538086
2009-04-22,22.231340408325195
2009-04-23,22.77834701538086
2009-04-24,23.545785903930664
2009-04-27,24.18260955810547
2009-04-28,22.443614959716797
2009-04-29,23.504966735839844
2009-04-30,24.100961685180664
2009-05-01,24.08463478088379
2009-05-04,24.737775802612305
2009-05-05,25.472564697265625
2009-05-06,25.415407180786133
2009-05-07,24.1744384765625
2009-05-08,25.497047424316406
2009-05-11,25.35826301574707
2009-05-12,24.452030181884766
2009-05-13,22.762022018432617
2009-05-14,23.18655776977539
2009-05-15,23.18655776977539
2009-05-18,24.34178924560547
2009-05-19,24.07141876220703
2009-05-20,23.538869857788086
2009-05-21,23.030895233154297
2009-05-22,22.850645065307617
2009-05-26,23.702728271484375
2009-05-27,23.06366539001465
2009-05-28,22.031328201293945
2009-05-29,22.440980911254883
2009-06-01,23.391389846801758
2009-06-02,23.46513557434082
2009-06-03,23.55525779724121
2009-06-04,23.65357208251953
2009-06-05,23.710922241210938
2009-06-08,23.522485733032227
2009-06-09,24.03045654296875
2009-06-10,23.842016220092773
2009-06-11,23.448753356933594
2009-06-12,23.219335556030273
2009-06-15,21.69540786743164
2009-06-16,21.031770706176758
2009-06-17,21.662641525268555
2009-06-18,21.244794845581055
2009-06-19,21.334918975830078
2009-06-22,20.048585891723633
2009-06-23,20.5975341796875
2009-06-24,21.06454849243164
2009-06-25,21.023576736450195
2009-06-26,21.31033706665039
2009-06-29,21.69540786743164
2009-06-30,21.588903427124023
2009-07-01,22.055910110473633
2009-07-02,21.039968490600586
2009-07-06,21.662641525268555
2009-07-07,21.39226722717285
2009-07-08,21.719989776611328
2009-07-09,21.834693908691406
2009-07-10,21.556133270263672
2009-07-13,22.54749298095703
2009-07-14,22.90799903869629
2009-07-15,23.538869857788086
2009-07-16,23.809242248535156
2009-07-17,23.78466033935547
2009-07-20,23.43235969543457
2009-07-21,21.957603454589844
2009-07-22,21.728193283081055
2009-07-23,20.90887451171875
2009-07-24,21.244794845581055
2009-07-27,21.9166259765625
2009-07-28,22.629432678222656
2009-07-29,20.90887451171875
2009-07-30,19.647140502929688
2009-07-31,19.45049476623535
2009-08-03,19.720867156982422
2009-08-04,20.55656623840332
2009-08-05,20.22884750366211
2009-08-06,20.015823364257812
2009-08-07,20.900678634643555
2009-08-10,20.6630802154541
2009-08-11,20.196069717407227
2009-08-12,20.515600204467773
2009-08-13,20.35993003845215
2009-08-14,20.08955955505371
2009-08-17,19.368560791015625
2009-08-18,19.697675704956055
2009-08-19,20.586301803588867
2009-08-20,20.82491111755371
2009-08-21,21.433773040771484
2009-08-24,21.91922378540039
2009-08-25,22.050880432128906
2009-08-26,21.97681427001953
2009-08-27,22.610368728637695
2009-08-28,22.676197052001953
2009-08-31,22.412900924682617
2009-09-01,21.73822021484375
2009-09-02,21.47492218017578
2009-09-03,19.96097183227539
2009-09-04,20.092618942260742
2009-09-08,19.45907211303711
2009-09-09,20.199588775634766
2009-09-10,20.314781188964844
2009-09-11,20.767309188842773
2009-09-14,20.717947006225586
2009-09-15,20.652122497558594
2009-09-16,21.326807022094727
2009-09-17,19.821104049682617
2009-09-18,19.409706115722656
2009-09-21,18.298931121826172
2009-09-22,18.39766502380371
2009-09-23,16.859045028686523
2009-09-24,16.110301971435547
2009-09-25,15.509657859802246
2009-09-28,15.443848609924316
2009-09-29,17.122337341308594
2009-09-30,16.8343563079834
2009-10-01,16.776765823364258
2009-10-02,16.134990692138672
2009-10-05,16.472326278686523
2009-10-06,16.90018081665039
2009-10-07,17.147024154663086
2009-10-08,18.126148223876953
2009-10-09,18.389440536499023
2009-10-12,18.75147247314453
2009-10-13,18.578685760498047
2009-10-14,19.409706115722656
2009-10-15,19.714136123657227
2009-10-16,19.763513565063477
2009-10-19,19.74705696105957
2009-10-20,20.520479202270508
2009-10-21,20.660358428955078
2009-10-22,21.04706382751465
2009-10-23,20.594524383544922
2009-10-26,20.652122497558594
2009-10-27,20.717947006225586
2009-10-28,20.257183074951172
2009-10-29,19.969207763671875
2009-10-30,19.4837589263916
2009-11-02,19.00653839111328
2009-11-03,18.973613739013672
2009-11-04,19.24514389038086
2009-11-05,19.598947525024414
2009-11-06,19.631853103637695
2009-11-09,20.240732192993164
2009-11-10,19.5660400390625
2009-11-11,19.854013442993164
2009-11-12,19.524898529052734
2009-11-13,19.409706115722656
2009-11-16,19.730600357055664
2009-11-17,19.45907211303711
2009-11-18,19.566490173339844
2009-11-19,19.161603927612305
2009-11-20,18.963298797607422
2009-11-23,18.98809242248535
2009-11-24,19.475595474243164
2009-11-25,19.38470458984375
2009-11-27,18.955036163330078
2009-11-30,19.194656372070312
2009-12-01,19.335121154785156
2009-12-02,19.459074020385742
2009-12-03,19.450803756713867
2009-12-04,20.954652786254883
2009-12-07,20.69024658203125
2009-12-08,20.409299850463867
2009-12-09,20.615873336791992
2009-12-10,20.7811279296875
2009-12-11,22.05361557006836
2009-12-14,21.94620132446289
2009-12-15,21.475215911865234
2009-12-16,22.202354431152344
2009-12-17,22.400653839111328
2009-12-18,22.12797737121582
2009-12-21,22.441970825195312
2009-12-22,22.60722541809082
2009-12-23,22.60722541809082
2009-12-24,22.86337661743164
2009-12-28,22.43370819091797
2009-12-29,22.400653839111328
2009-12-30,22.46675682067871
2009-12-31,22.144512176513672
2010-01-04,22.532861709594727
2010-01-05,22.3015079498291
2010-01-06,21.830520629882812
2010-01-07,21.76441764831543
2010-01-08,22.17756462097168
2010-01-11,22.045352935791016
2010-01-12,22.161033630371094
2010-01-13,22.87163734436035
2010-01-14,22.954273223876953
2010-01-15,22.65679931640625
2010-01-19,22.888166427612305
2010-01-20,22.83032989501953
2010-01-21,22.574180603027344
2010-01-22,22.28497314453125
2010-01-25,21.756141662597656
2010-01-26,22.00403594970703
2010-01-27,23.821870803833008
2010-01-28,23.40045928955078
2010-01-29,22.797277450561523
2010-02-01,23.069955825805664
2010-02-02,23.441774368286133
2010-02-03,23.21868324279785
2010-02-04,21.805723190307617
2010-02-05,22.590702056884766
2010-02-08,21.880094528198242
2010-02-09,22.111461639404297
2010-02-10,22.02882957458496
2010-02-11,22.408912658691406
2010-02-12,22.293237686157227
2010-02-16,22.508079528808594
2010-02-17,22.454164505004883
2010-02-18,22.313148498535156
2010-02-19,22.47075843811035
2010-02-22,22.230201721191406
2010-02-23,22.16383171081543
2010-02-24,22.412677764892578
2010-02-25,22.279964447021484
2010-02-26,22.080886840820312
2010-03-01,22.537107467651367
2010-03-02,22.570289611816406
2010-03-03,22.545400619506836
2010-03-04,22.628339767456055
2010-03-05,23.31682014465332
2010-03-08,23.39977264404297
2010-03-09,23.258764266967773
2010-03-10,23.01820182800293
2010-03-11,23.44124412536621
2010-03-12,23.44124412536621
2010-03-15,23.723268508911133
2010-03-16,23.831106185913086
2010-03-17,23.839399337768555
2010-03-18,24.602523803710938
2010-03-19,24.602523803710938
2010-03-22,24.9011287689209
2010-03-23,25.149982452392578
2010-03-24,25.15827751159668
2010-03-25,25.30758285522461
2010-03-26,25.100215911865234
2010-03-29,25.332468032836914
2010-03-30,25.075328826904297
2010-03-31,24.67718505859375
2010-04-01,24.361968994140625
2010-04-05,24.494686126708984
2010-04-06,24.420034408569336
2010-04-07,24.337080001831055
2010-04-08,24.055055618286133
2010-04-09,23.94723129272461
2010-04-12,23.74815559387207
2010-04-13,23.74815559387207
2010-04-14,23.972116470336914
2010-04-15,24.59422492980957
2010-04-16,22.73619270324707
2010-04-19,22.429279327392578
2010-04-20,22.495628356933594
2010-04-21,21.309471130371094
2010-04-22,21.616378784179688
2010-04-23,21.765684127807617
2010-04-26,21.616378784179688
2010-04-27,20.612699508666992
2010-04-28,21.24311637878418
2010-04-29,20.919605255126953
2010-04-30,20.50486946105957
2010-05-03,20.927906036376953
2010-05-04,20.28919792175293
2010-05-05,20.38874626159668
2010-05-06,19.526073455810547
2010-05-07,19.376773834228516
2010-05-10,18.057886123657227
2010-05-11,18.049585342407227
2010-05-12,18.489219665527344
2010-05-13,17.99982452392578
2010-05-14,17.891990661621094
2010-05-17,17.88369369506836
2010-05-18,17.529438018798828
2010-05-19,17.929542541503906
2010-05-20,17.679471969604492
2010-05-21,18.35464096069336
2010-05-24,17.62946128845215
2010-05-25,17.704483032226562
2010-05-26,17.4044132232666
2010-05-27,17.4044132232666
2010-05-28,17.087656021118164
2010-06-01,16.0874080657959
2010-06-02,16.5875301361084
2010-06-03,16.412494659423828
2010-06-04,15.745656967163086
2010-06-07,15.628961563110352
2010-06-08,15.804001808166504
2010-06-09,15.662297248840332
2010-06-10,16.237455368041992
2010-06-11,16.40415382385254
2010-06-14,16.595869064331055
2010-06-15,17.69614028930664
2010-06-16,18.13792610168457
2010-06-17,17.354394912719727
2010-06-18,17.58778953552246
2010-06-21,17.679471969604492
2010-06-22,17.27937126159668
2010-06-23,17.6127986907959
2010-06-24,17.171010971069336
2010-06-25,18.346315383911133
2010-06-28,17.712820053100586
2010-06-29,16.679218292236328
2010-06-30,16.604202270507812
2010-07-01,16.50417137145996
2010-07-02,16.670881271362305
2010-07-06,16.454164505004883
2010-07-07,16.979305267333984
2010-07-08,17.754499435424805
2010-07-09,18.37132453918457
2010-07-12,18.346315383911133
2010-07-13,18.896455764770508
2010-07-14,18.663057327270508
2010-07-15,18.729740142822266
2010-07-16,18.287960052490234
2010-07-19,18.204605102539062
2010-07-20,18.604700088500977
2010-07-21,18.48801040649414
2010-07-22,18.71307373046875
2010-07-23,18.854772567749023
2010-07-26,19.246532440185547
2010-07-27,19.071502685546875
2010-07-28,18.871442794799805
2010-07-29,19.704984664916992
2010-07-30,19.62996482849121
2010-08-02,19.679973602294922
2010-08-03,19.9050350189209
2010-08-04,20.055076599121094
2010-08-05,19.880035400390625
2010-08-06,19.613298416137695
2010-08-09,19.704984664916992
2010-08-10,19.44658660888672
2010-08-11,18.604700088500977
2010-08-12,18.521347045898438
2010-08-13,18.25461769104004
2010-08-16,18.55469512939453
2010-08-17,18.538026809692383
2010-08-18,18.877214431762695
2010-08-19,18.441707611083984
2010-08-20,18.18208885192871
2010-08-23,18.006214141845703
2010-08-24,17.671218872070312
2010-08-25,17.78846549987793
2010-08-26,17.646093368530273
2010-08-27,17.955968856811523
2010-08-30,17.73821449279785
2010-08-31,17.70471954345703
2010-09-01,18.38309097290039
2010-09-02,19.120086669921875
2010-09-03,19.388086318969727
2010-09-07,18.63433837890625
2010-09-08,18.97771644592285
2010-09-09,19.739835739135742
2010-09-10,20.89558982849121
2010-09-13,21.230588912963867
2010-09-14,21.012836456298828
2010-09-15,20.795085906982422
2010-09-16,20.811832427978516
2010-09-17,20.937458038330078
2010-09-20,21.766586303710938
2010-09-21,21.398080825805664
2010-09-22,21.305959701538086
2010-09-23,20.677824020385742
2010-09-24,21.58233070373535
2010-09-27,21.021211624145508
2010-09-28,21.297590255737305
2010-09-29,21.063079833984375
2010-09-30,20.920711517333984
2010-10-01,21.130083084106445
2010-10-04,20.920711517333984
2010-10-05,21.414836883544922
2010-10-06,21.81682777404785
2010-10-07,22.176959991455078
2010-10-08,22.528703689575195
2010-10-11,23.089828491210938
2010-10-12,23.181955337524414
2010-10-13,23.349458694458008
2010-10-14,22.32770538330078
2010-10-15,22.193706512451172
2010-10-18,22.285837173461914
2010-10-19,22.14345932006836
2010-10-20,22.70457649230957
2010-10-21,22.620832443237305
2010-10-22,22.478464126586914
2010-10-25,22.176959991455078
2010-10-26,22.913959503173828
2010-10-27,22.721330642700195
2010-10-28,22.25233268737793
2010-10-29,22.662704467773438
2010-11-01,22.24396324157715
2010-11-02,22.386329650878906
2010-11-03,22.210458755493164
2010-11-04,23.483461380004883
2010-11-05,24.103206634521484
2010-11-08,23.508577346801758
2010-11-09,23.29083824157715
2010-11-10,23.801706314086914
2010-11-11,23.642581939697266
2010-11-12,23.21546173095703
2010-11-15,23.3662052154541
2010-11-16,22.738079071044922
2010-11-17,22.5321044921875
2010-11-18,22.98610496520996
2010-11-19,22.70024299621582
2010-11-22,22.616168975830078
2010-11-23,22.136934280395508
2010-11-24,22.422807693481445
2010-11-26,22.40598487854004
2010-11-29,22.464832305908203
2010-11-30,22.55731964111328
2010-12-01,22.64980125427246
2010-12-02,22.84317398071289
2010-12-03,22.73387336730957
2010-12-06,22.4564208984375
2010-12-07,22.464832305908203
2010-12-08,23.011323928833008
2010-12-09,22.82636260986328
2010-12-10,22.96928596496582
2010-12-13,22.910432815551758
2010-12-14,22.97769546508789
2010-12-15,22.64980125427246
2010-12-16,22.5321044921875
2010-12-17,22.15375518798828
2010-12-20,22.162174224853516
2010-12-21,22.086503982543945
2010-12-22,22.17898178100586
2010-12-23,22.136934280395508
2010-12-27,22.15375518798828
2010-12-28,22.23783302307129
2010-12-29,22.305097579956055
2010-12-30,22.271469116210938
2010-12-31,22.31351089477539
2011-01-03,22.607757568359375
2011-01-04,22.397571563720703
2011-01-05,22.96928596496582
2011-01-06,24.945051193237305
2011-01-07,24.625568389892578
2011-01-10,24.154747009277344
2011-01-11,24.112709045410156
2011-01-12,24.364931106567383
2011-01-13,24.339706420898438
2011-01-14,24.33130645751953
2011-01-18,24.818939208984375
2011-01-19,24.381742477416992
2011-01-20,24.415376663208008
2011-01-21,24.373342514038086
2011-01-24,24.474225997924805
2011-01-25,24.390153884887695
2011-01-26,24.58353042602539
2011-01-27,24.785301208496094
2011-01-28,24.406972885131836
2011-01-31,24.692819595336914
2011-02-01,24.852563858032227
2011-02-02,24.945051193237305
2011-02-03,25.037534713745117
2011-02-04,25.09638214111328
2011-02-07,25.247718811035156
2011-02-08,25.1972713470459
2011-02-09,25.390653610229492
2011-02-10,25.483121871948242
2011-02-11,25.609235763549805
2011-02-14,25.642871856689453
2011-02-15,25.72694969177246
2011-02-16,25.739608764648438
2011-02-17,25.722728729248047
2011-02-18,25.89995002746582
2011-02-22,25.663650512695312
2011-02-23,25.08979034423828
2011-02-24,25.115108489990234
2011-02-25,26.364110946655273
2011-02-28,26.92109489440918
2011-03-01,26.456941604614258
2011-03-02,26.507568359375
2011-03-03,26.980173110961914
2011-03-04,26.777629852294922
2011-03-07,26.85358238220215
2011-03-08,27.250228881835938
2011-03-09,27.334613800048828
2011-03-10,26.80295181274414
2011-03-11,27.309295654296875
2011-03-14,26.954858779907227
2011-03-15,26.73543930053711
2011-03-16,26.507568359375
2011-03-17,26.53289031982422
2011-03-18,27.224910736083984
2011-03-21,27.908491134643555
2011-03-22,27.165842056274414
2011-03-23,27.6384334564209
2011-03-24,27.537160873413086
2011-03-25,27.874727249145508
2011-03-28,28.170101165771484
2011-03-29,28.31357192993164
2011-03-30,29.073087692260742
2011-03-31,28.617380142211914
2011-04-01,29.17437171936035
2011-04-04,29.191238403320312
2011-04-05,29.50349998474121
2011-04-06,29.883262634277344
2011-04-07,30.524648666381836
2011-04-08,29.790433883666992
2011-04-11,29.95921516418457
2011-04-12,29.706039428710938
2011-04-13,30.01827621459961
2011-04-14,29.933895111083984
2011-04-15,30.263017654418945
2011-04-18,29.95921516418457
2011-04-19,29.883262634277344
2011-04-20,29.866384506225586
2011-04-21,30.237699508666992
2011-04-25,30.15331268310547
2011-04-26,30.305233001708984
2011-04-27,32.34749984741211
2011-04-28,32.701961517333984
2011-04-29,33.031089782714844
2011-05-02,32.896060943603516
2011-05-03,32.83698272705078
2011-05-04,32.32218933105469
2011-05-05,32.0437126159668
2011-05-06,31.95087242126465
2011-05-09,32.33063507080078
2011-05-10,32.48252487182617
2011-05-11,31.91712760925293
2011-05-12,32.00149917602539
2011-05-13,32.18714904785156
2011-05-16,32.21249008178711
2011-05-17,32.46566390991211
2011-05-18,32.83835220336914
2011-05-19,33.075504302978516
2011-05-20,32.77058410644531
2011-05-23,32.10144805908203
2011-05-24,31.95745277404785
2011-05-25,32.22003173828125
2011-05-26,32.939964294433594
2011-05-27,32.855289459228516
2011-05-31,33.80392074584961
2011-06-01,33.380409240722656
2011-06-02,33.61758804321289
2011-06-03,33.397377014160156
2011-06-06,32.81293869018555
2011-06-07,33.27030563354492
2011-06-08,33.397377014160156
2011-06-09,35.3624153137207
2011-06-10,34.8796272277832
2011-06-13,34.905033111572266
2011-06-14,35.25230026245117
2011-06-15,34.058048248291016
2011-06-16,32.41483688354492
2011-06-17,30.788591384887695
2011-06-20,31.584779739379883
2011-06-21,32.050628662109375
2011-06-22,32.02522277832031
2011-06-23,31.906631469726562
2011-06-24,31.381500244140625
2011-06-27,31.47466278076172
2011-06-28,31.677947998046875
2011-06-29,31.77959442138672
2011-06-30,32.48259353637695
2011-07-01,33.0416145324707
2011-07-05,32.92303466796875
2011-07-06,33.42278289794922
2011-07-07,33.69382095336914
2011-07-08,33.37196350097656
2011-07-11,31.847339630126953
2011-07-12,30.73777198791504
2011-07-13,31.042688369750977
2011-07-14,30.7631778717041
2011-07-15,30.873292922973633
2011-07-18,30.085569381713867
2011-07-19,31.076574325561523
2011-07-20,30.898704528808594
2011-07-21,31.47466278076172
2011-07-22,31.483125686645508
2011-07-25,31.661020278930664
2011-07-26,31.69489860534668
2011-07-27,30.026294708251953
2011-07-28,29.848432540893555
2011-07-29,30.161806106567383
2011-08-01,29.941585540771484
2011-08-02,29.06917953491211
2011-08-03,30.178754806518555
2011-08-04,28.42545509338379
2011-08-05,27.849485397338867
2011-08-08,25.240711212158203
2011-08-09,26.824613571166992
2011-08-10,24.690170288085938
2011-08-11,26.587453842163086
2011-08-12,26.985551834106445
2011-08-15,27.697040557861328
2011-08-16,26.519699096679688
2011-08-17,26.72388458251953
2011-08-18,23.76307487487793
2011-08-19,23.005859375
2011-08-22,22.937788009643555
2011-08-23,24.222511291503906
2011-08-24,25.430660247802734
2011-08-25,24.894649505615234
2011-08-26,25.32855987548828
2011-08-29,26.21339988708496
2011-08-30,26.145339965820312
2011-08-31,26.230417251586914
2011-09-01,25.770980834960938
2011-09-02,24.962718963623047
2011-09-06,24.715980529785156
2011-09-07,25.753965377807617
2011-09-08,25.592313766479492
2011-09-09,24.647920608520508
2011-09-12,25.09884262084961
2011-09-13,25.924131393432617
2011-09-14,26.928083419799805
2011-09-15,27.566190719604492
2011-09-16,27.974573135375977
2011-09-19,27.821441650390625
2011-09-20,27.966064453125
2011-09-21,27.021669387817383
2011-09-22,25.890094757080078
2011-09-23,25.839046478271484
2011-09-26,26.468645095825195
2011-09-27,26.791955947875977
2011-09-28,26.153850555419922
2011-09-29,26.332515716552734
2011-09-30,25.907106399536133
2011-10-03,24.622394561767578
2011-10-04,26.017715454101562
2011-10-05,25.779491424560547
2011-10-06,26.834497451782227
2011-10-07,26.230417251586914
2011-10-10,26.911062240600586
2011-10-11,26.70687484741211
2011-10-12,27.22585678100586
2011-10-13,26.860017776489258
2011-10-14,27.379013061523438
2011-10-17,26.84300422668457
2011-10-18,27.532142639160156
2011-10-19,27.276914596557617
2011-10-20,26.31550407409668
2011-10-21,26.698366165161133
2011-10-24,27.85546875
2011-10-25,27.302440643310547
2011-10-26,28.646713256835938
2011-10-27,31.267200469970703
2011-10-28,30.535512924194336
2011-10-31,30.195192337036133
2011-11-01,28.97001838684082
2011-11-02,29.56559181213379
2011-11-03,30.26323699951172
2011-11-04,30.16115379333496
2011-11-07,29.956951141357422
2011-11-08,30.348323822021484
2011-11-09,28.94449234008789
2011-11-10,29.072128295898438
2011-11-11,29.803808212280273
2011-11-14,28.697765350341797
2011-11-15,29.523040771484375
2011-11-16,28.198945999145508
2011-11-17,27.80599021911621
2011-11-18,28.019561767578125
2011-11-21,27.97684097290039
2011-11-22,27.968307495117188
2011-11-23,27.06279754638672
2011-11-25,27.020078659057617
2011-11-28,27.54971694946289
2011-11-29,27.310531616210938
2011-11-30,29.65117835998535
2011-12-01,29.719520568847656
2011-12-02,29.85620880126953
2011-12-05,30.360214233398438
2011-12-06,30.078306198120117
2011-12-07,30.13810920715332
2011-12-08,29.753686904907227
2011-12-09,30.25771141052246
2011-12-12,29.437623977661133
2011-12-13,28.626081466674805
2011-12-14,28.087892532348633
2011-12-15,27.635143280029297
2011-12-16,27.84870719909668
2011-12-19,27.66930389404297
2011-12-20,28.796926498413086
2011-12-21,28.822561264038086
2011-12-22,29.258230209350586
2011-12-23,29.505970001220703
2011-12-27,29.104461669921875
2011-12-28,28.634620666503906
2011-12-29,29.138628005981445
2011-12-30,28.77130126953125
2012-01-03,30.035600662231445
2012-01-04,29.958709716796875
2012-01-05,30.48835563659668
2012-01-06,30.607955932617188
2012-01-09,30.607955932617188
2012-01-10,31.035078048706055
2012-01-11,30.56524658203125
2012-01-12,31.368244171142578
2012-01-13,30.69338035583496
2012-01-17,30.172273635864258
2012-01-18,30.368762969970703
2012-01-19,31.223007202148438
2012-01-20,31.154678344726562
2012-01-23,31.39386558532715
2012-01-24,31.504919052124023
2012-01-25,32.683780670166016
2012-01-26,32.5129508972168
2012-01-27,32.171234130859375
2012-01-30,31.650135040283203
2012-01-31,31.803892135620117
2012-02-01,32.119972229003906
2012-02-02,32.00037384033203
2012-02-03,32.88880920410156
2012-02-06,33.00839614868164
2012-02-07,33.29885482788086
2012-02-08,32.72649383544922
2012-02-09,32.77775573730469
2012-02-10,32.837562561035156
2012-02-13,33.068206787109375
2012-02-14,33.0255012512207
2012-02-15,32.802459716796875
2012-02-16,32.98260498046875
2012-02-17,33.051231384277344
2012-02-21,33.14557647705078
2012-02-22,33.25711441040039
2012-02-23,33.58306884765625
2012-02-24,33.351470947265625
2012-02-27,33.65168380737305
2012-02-28,33.14557647705078
2012-02-29,33.11985397338867
2012-03-01,33.65168380737305
2012-03-02,33.40293502807617
2012-03-05,33.0598030090332
2012-03-06,32.03902053833008
2012-03-07,32.03902053833008
2012-03-08,33.051231384277344
2012-03-09,33.3171501159668
2012-03-12,34.35508346557617
2012-03-13,35.59891128540039
2012-03-14,35.61607360839844
2012-03-15,36.05353927612305
2012-03-16,36.542503356933594
2012-03-19,35.93345642089844
2012-03-20,35.65895080566406
2012-03-21,35.813358306884766
2012-03-22,35.57318115234375
2012-03-23,35.69326400756836
2012-03-26,36.30230712890625
2012-03-27,36.30230712890625
2012-03-28,36.04497528076172
2012-03-29,35.61607360839844
2012-03-30,36.113590240478516
2012-04-02,36.3194694519043
2012-04-03,36.85988998413086
2012-04-04,36.25084686279297
2012-04-05,36.30230712890625
2012-04-09,35.6846809387207
2012-04-10,34.97271728515625
2012-04-11,35.89913558959961
2012-04-12,36.808406829833984
2012-04-13,35.753299713134766
2012-04-16,35.70182418823242
2012-04-17,36.65400695800781
2012-04-18,36.24226379394531
2012-04-19,35.35872268676758
2012-04-20,35.69326400756836
2012-04-23,35.53029251098633
2012-04-24,35.70182418823242
2012-04-25,36.002079010009766
2012-04-26,35.69326400756836
2012-04-27,35.65895080566406
2012-04-30,35.127113342285156
2012-05-01,34.82688903808594
2012-05-02,34.43229675292969
2012-05-03,33.866146087646484
2012-05-04,33.462955474853516
2012-05-07,33.25711441040039
2012-05-08,33.23994064331055
2012-05-09,32.89681625366211
2012-05-10,32.88825607299805
2012-05-11,32.905399322509766
2012-05-14,32.493656158447266
2012-05-15,32.493656158447266
2012-05-16,31.95323944091797
2012-05-17,30.824678421020508
2012-05-18,30.652359008789062
2012-05-21,31.307111740112305
2012-05-22,31.25541877746582
2012-05-23,31.51386070251465
2012-05-24,32.0910758972168
2012-05-25,32.18584442138672
2012-05-29,32.47012710571289
2012-05-30,31.737857818603516
2012-05-31,31.52248764038086
2012-06-01,30.471437454223633
2012-06-04,30.376676559448242
2012-06-05,31.065885543823242
2012-06-06,31.651714324951172
2012-06-07,31.401874542236328
2012-06-08,31.272642135620117
2012-06-11,30.69544219970703
2012-06-12,31.091724395751953
2012-06-13,30.419748306274414
2012-06-14,30.221607208251953
2012-06-15,30.764362335205078
2012-06-18,31.048660278320312
2012-06-19,31.419113159179688
2012-06-20,31.057260513305664
2012-06-21,29.937314987182617
2012-06-22,30.178529739379883
2012-06-25,29.368715286254883
2012-06-26,29.911474227905273
2012-06-27,30.548969268798828
2012-06-28,30.62651824951172
2012-06-29,31.488012313842773
2012-07-02,31.50526237487793
2012-07-03,32.056602478027344
2012-07-05,31.617250442504883
2012-07-06,31.401874542236328
2012-07-09,31.69477081298828
2012-07-10,31.729246139526367
2012-07-11,31.755090713500977
2012-07-12,31.014198303222656
2012-07-13,31.591394424438477
2012-07-16,31.212345123291016
2012-07-17,31.324350357055664
2012-07-18,31.651714324951172
2012-07-19,31.867095947265625
2012-07-20,31.28125762939453
2012-07-23,30.84189224243164
2012-07-24,30.807435989379883
2012-07-25,31.057260513305664
2012-07-26,34.537757873535156
2012-07-27,35.24418640136719
2012-07-30,35.1494140625
2012-07-31,34.91681671142578
2012-08-01,34.76173400878906
2012-08-02,34.322357177734375
2012-08-03,35.02019500732422
2012-08-06,34.65837097167969
2012-08-07,35.18387222290039
2012-08-08,34.31375503540039
2012-08-09,34.1156120300293
2012-08-10,34.124237060546875
2012-08-13,33.814083099365234
2012-08-14,33.59009552001953
2012-08-15,33.62455368041992
2012-08-16,33.92732238769531
2012-08-17,34.3512077331543
2012-08-20,33.503456115722656
2012-08-21,33.356388092041016
2012-08-22,33.339080810546875
2012-08-23,33.11417007446289
2012-08-24,33.382347106933594
2012-08-27,33.321800231933594
2012-08-28,33.39099884033203
2012-08-29,33.69377136230469
2012-08-30,33.78890609741211
2012-08-31,34.25604248046875
2012-09-04,34.3598518371582
2012-09-05,34.50689697265625
2012-09-06,35.68338394165039
2012-09-07,35.70069122314453
2012-09-10,36.04670333862305
2012-09-11,36.76469421386719
2012-09-12,37.69028854370117
2012-09-13,37.84600067138672
2012-09-14,37.90654754638672
2012-09-17,38.520751953125
2012-09-18,38.711055755615234
2012-09-19,38.961910247802734
2012-09-20,39.26469039916992
2012-09-21,39.61936950683594
2012-09-24,39.30794143676758
2012-09-25,38.42559814453125
2012-09-26,38.12282943725586
2012-09-27,38.49480056762695
2012-09-28,38.20931625366211
2012-10-01,38.29583740234375
2012-10-02,38.43423843383789
2012-10-03,38.74567413330078
2012-10-04,39.13494110107422
2012-10-05,38.85811996459961
2012-10-08,38.408294677734375
2012-10-09,38.04496383666992
2012-10-10,38.06227493286133
2012-10-11,38.38235092163086
2012-10-12,38.373687744140625
2012-10-15,38.98788070678711
2012-10-16,39.359859466552734
2012-10-17,39.723167419433594
2012-10-18,40.29410934448242
2012-10-19,39.463653564453125
2012-10-22,39.342552185058594
2012-10-23,38.84945297241211
2012-10-24,39.0916748046875
2012-10-25,39.550148010253906
2012-10-26,41.427310943603516
2012-10-31,41.660884857177734
2012-11-01,42.31834030151367
2012-11-02,41.5397834777832
2012-11-05,40.31142044067383
2012-11-06,40.70933151245117
2012-11-07,40.02593994140625
2012-11-08,39.77507400512695
2012-11-09,39.67991638183594
2012-11-12,40.15569305419922
2012-11-13,39.870235443115234
2012-11-14,39.567466735839844
2012-11-15,39.83562088012695
2012-11-16,39.06304931640625
2012-11-19,40.11341857910156
2012-11-20,40.05263900756836
2012-11-21,40.08735656738281
2012-11-23,41.076961517333984
2012-11-26,41.12036895751953
2012-11-27,40.634254455566406
2012-11-28,41.111690521240234
2012-11-29,41.780094146728516
2012-11-30,42.17072677612305
2012-12-03,42.517948150634766
2012-12-04,42.50928497314453
2012-12-05,43.17769241333008
2012-12-06,42.89990234375
2012-12-07,42.84783172607422
2012-12-10,42.63948440551758
2012-12-11,42.67420196533203
2012-12-12,42.752342224121094
2012-12-13,42.023162841796875
2012-12-14,41.814815521240234
2012-12-17,43.11692810058594
2012-12-18,44.08915328979492
2012-12-19,44.74021911621094
2012-12-20,44.47111511230469
2012-12-21,43.62040328979492
2012-12-24,43.56831359863281
2012-12-26,43.533599853515625
2012-12-27,43.2818717956543
2012-12-28,42.94330978393555
2012-12-31,43.68115997314453
2013-01-02,44.939876556396484
2013-01-03,45.122161865234375
2013-01-04,45.80792999267578
2013-01-07,45.59960174560547
2013-01-08,45.84265899658203
2013-01-09,46.24197769165039
2013-01-10,46.077030181884766
2013-01-11,46.25063705444336
2013-01-14,46.215938568115234
2013-01-15,46.38953399658203
2013-01-16,46.0075798034668
2013-01-17,46.39822006225586
2013-01-18,46.52842712402344
2013-01-22,46.3114013671875
2013-01-23,46.554466247558594
2013-01-24,46.8409309387207
2013-01-25,47.17079544067383
2013-01-28,47.26627731323242
2013-01-29,47.73503494262695
2013-01-30,47.67428207397461
2013-01-31,47.58749008178711
2013-02-01,48.047550201416016
2013-02-04,42.92594528198242
2013-02-05,39.141170501708984
2013-02-06,41.224544525146484
2013-02-07,40.79050827026367
2013-02-08,37.64808654785156
2013-02-11,39.488399505615234
2013-02-12,40.009246826171875
2013-02-13,40.61688995361328
2013-02-14,40.52141189575195
2013-02-15,40.800384521484375
2013-02-19,42.34347152709961
2013-02-20,41.297298431396484
2013-02-21,41.38448715209961
2013-02-22,42.08192443847656
2013-02-25,40.721923828125
2013-02-26,41.41064453125
2013-02-27,42.19527816772461
2013-02-28,41.89884567260742
2013-03-01,42.657318115234375
2013-03-04,43.040916442871094
2013-03-05,43.6424560546875
2013-03-06,43.869117736816406
2013-03-07,43.79066467285156
2013-03-08,44.41835403442383
2013-03-11,44.74091720581055
2013-03-12,44.522972106933594
2013-03-13,45.072208404541016
2013-03-14,44.897857666015625
2013-03-15,44.99375915527344
2013-03-18,44.82810592651367
2013-03-19,44.174259185791016
2013-03-20,45.220420837402344
2013-03-21,44.74091720581055
2013-03-22,44.74091720581055
2013-03-25,45.51682662963867
2013-03-26,45.40350341796875
2013-03-27,45.769649505615234
2013-03-28,46.484519958496094
2013-04-01,46.005043029785156
2013-04-02,46.127079010009766
2013-04-03,45.534278869628906
2013-04-04,46.031192779541016
2013-04-05,45.68248748779297
2013-04-08,46.196834564208984
2013-04-09,46.127079010009766
2013-04-10,47.22555160522461
2013-04-11,47.391212463378906
2013-04-12,47.42609405517578
2013-04-15,46.60657501220703
2013-04-16,47.6265983581543
2013-04-17,47.63531494140625
2013-04-18,47.277870178222656
2013-04-19,47.8096809387207
2013-04-22,47.80095291137695
2013-04-23,48.01018524169922
2013-04-24,47.33890914916992
2013-04-25,47.99273681640625
2013-04-26,48.05377197265625
2013-04-29,52.03791427612305
2013-04-30,53.04920959472656
2013-05-01,53.0056266784668
2013-05-02,52.78766632080078
2013-05-03,54.705631256103516
2013-05-06,55.35948181152344
2013-05-07,55.9000129699707
2013-05-08,55.6558952331543
2013-05-09,55.943607330322266
2013-05-10,57.01591110229492
2013-05-13,56.75437927246094
2013-05-14,58.131805419921875
2013-05-15,58.733367919921875
2013-05-16,58.418556213378906
2013-05-17,59.380435943603516
2013-05-20,59.41539001464844
2013-05-21,60.00123977661133
2013-05-22,58.56723403930664
2013-05-23,58.208717346191406
2013-05-24,58.803314208984375
2013-05-28,59.135589599609375
2013-05-29,58.768348693847656
2013-05-30,59.1093635559082
2013-05-31,58.095069885253906
2013-06-03,57.56166458129883
2013-06-04,57.07197952270508
2013-06-05,55.62924575805664
2013-06-06,56.80095291137695
2013-06-07,57.482975006103516
2013-06-10,56.835906982421875
2013-06-11,55.541805267333984
2013-06-12,53.37330627441406
2013-06-13,54.96470642089844
2013-06-14,54.387596130371094
2013-06-17,54.37884521484375
2013-06-18,54.746116638183594
2013-06-19,53.34706497192383
2013-06-20,51.414642333984375
2013-06-21,51.484588623046875
2013-06-24,50.40034103393555
2013-06-25,51.09110641479492
2013-06-26,51.4321403503418
2013-06-27,53.18967056274414
2013-06-28,53.27710723876953
2013-07-01,53.600643157958984
2013-07-02,52.85739517211914
2013-07-03,52.4989013671875
2013-07-05,53.11098861694336
2013-07-08,53.56568145751953
2013-07-09,53.91542053222656
2013-07-10,52.49015808105469
2013-07-11,53.635623931884766
2013-07-12,53.37330627441406
2013-07-15,53.16343307495117
2013-07-16,52.75247573852539
2013-07-17,53.023536682128906
2013-07-18,53.99412536621094
2013-07-19,54.00286102294922
2013-07-22,54.116539001464844
2013-07-23,54.483787536621094
2013-07-24,56.55611038208008
2013-07-25,56.45117950439453
2013-07-26,56.28504943847656
2013-07-29,56.591068267822266
2013-07-30,58.19123840332031
2013-07-31,59.25800704956055
2013-08-01,60.254825592041016
2013-08-02,60.52587127685547
2013-08-05,60.53462600708008
2013-08-06,62.04732131958008
2013-08-07,60.92811584472656
2013-08-08,60.61329650878906
2013-08-09,60.84066390991211
2013-08-12,60.333518981933594
2013-08-13,60.333518981933594
2013-08-14,57.27312088012695
2013-08-15,56.267547607421875
2013-08-16,56.566017150878906
2013-08-19,56.17100143432617
2013-08-20,56.68014907836914
2013-08-21,55.4599723815918
2013-08-22,57.22438049316406
2013-08-23,57.21559143066406
2013-08-26,56.846923828125
2013-08-27,55.679420471191406
2013-08-28,55.93400573730469
2013-08-29,56.23243713378906
2013-08-30,55.79354476928711
2013-09-03,56.2412223815918
2013-09-04,56.276336669921875
2013-09-05,55.84621810913086
2013-09-06,57.742286682128906
2013-09-09,57.90906524658203
2013-09-10,58.98876953125
2013-09-11,59.46278762817383
2013-09-12,59.26089859008789
2013-09-13,59.16432189941406
2013-09-16,60.60394287109375
2013-09-17,61.77140426635742
2013-09-18,62.59654998779297
2013-09-19,62.754573822021484
2013-09-20,61.97330856323242
2013-09-23,62.052337646484375
2013-09-24,61.894325256347656
2013-09-25,61.65730285644531
2013-09-26,62.113765716552734
2013-09-27,61.753875732421875
2013-09-30,61.73630905151367
2013-10-01,62.535118103027344
2013-10-02,62.324432373046875
2013-10-03,61.464202880859375
2013-10-04,62.263004302978516
2013-10-07,62.026004791259766
2013-10-08,61.069190979003906
2013-10-09,61.41154098510742
2013-10-10,62.710689544677734
2013-10-11,62.728206634521484
2013-10-14,62.868690490722656
2013-10-15,61.97330856323242
2013-10-16,62.851131439208984
2013-10-17,63.1671257019043
2013-10-18,64.264404296875
2013-10-21,64.04493713378906
2013-10-22,64.12397003173828
2013-10-23,63.158363342285156
2013-10-24,64.25563049316406
2013-10-25,62.81602096557617
2013-10-28,61.85041046142578
2013-10-29,63.19346237182617
2013-10-30,62.52634048461914
2013-10-31,62.026004791259766
2013-11-01,62.491249084472656
2013-11-04,63.5709342956543
2013-11-05,63.298824310302734
2013-11-06,63.448055267333984
2013-11-07,62.658016204833984
2013-11-08,64.14152526855469
2013-11-11,64.47508239746094
2013-11-12,63.93085861206055
2013-11-13,64.36972045898438
2013-11-14,64.90518951416016
2013-11-15,65.87958526611328
2013-11-18,65.37753295898438
2013-11-19,65.65058135986328
2013-11-20,65.40397644042969
2013-11-21,65.44800567626953
2013-11-22,66.47850799560547
2013-11-25,65.60653686523438
2013-11-26,65.38634490966797
2013-11-27,65.37753295898438
2013-11-29,65.7298583984375
2013-12-02,65.81793212890625
2013-12-03,64.99002075195312
2013-12-04,64.48799133300781
2013-12-05,63.75700378417969
2013-12-06,65.1044921875
2013-12-09,64.66415405273438
2013-12-10,64.37350463867188
2013-12-11,63.66012191772461
2013-12-12,63.1580924987793
2013-12-13,63.26377868652344
2013-12-16,65.1044921875
2013-12-17,64.84910583496094
2013-12-18,66.16141510009766
2013-12-19,65.3510971069336
2013-12-20,68.0814437866211
2013-12-23,68.02854919433594
2013-12-24,68.1871337890625
2013-12-26,68.41609954833984
2013-12-27,68.2047348022461
2013-12-30,68.92697143554688
2013-12-31,69.11189270019531
2014-01-02,68.09906768798828
2014-01-03,68.54822540283203
2014-01-06,68.54822540283203
2014-01-07,68.60108184814453
2014-01-08,67.18305206298828
2014-01-09,67.42967224121094
2014-01-10,67.59698486328125
2014-01-13,66.12619018554688
2014-01-14,66.9628677368164
2014-01-15,67.34162902832031
2014-01-16,67.02455139160156
2014-01-17,66.71627044677734
2014-01-21,67.13024139404297
2014-01-22,67.45608520507812
2014-01-23,66.46968078613281
2014-01-24,64.26780700683594
2014-01-27,64.88433074951172
2014-01-28,65.79147338867188
2014-01-29,64.54962921142578
2014-01-30,66.20545196533203
2014-01-31,65.6858139038086
2014-02-03,63.98598098754883
2014-02-04,65.94120788574219
2014-02-05,65.65938568115234
2014-02-06,67.61465454101562
2014-02-07,70.47704315185547
2014-02-10,69.87812042236328
2014-02-11,70.01905822753906
2014-02-12,70.08953094482422
2014-02-13,69.97500610351562
2014-02-14,70.04549407958984
2014-02-18,70.19573974609375
2014-02-19,70.01013946533203
2014-02-20,69.76266479492188
2014-02-21,69.64775848388672
2014-02-24,69.61238861083984
2014-02-25,69.25000762939453
2014-02-26,69.73612976074219
2014-02-27,69.727294921875
2014-02-28,69.82449340820312
2014-03-03,69.52400207519531
2014-03-04,71.71597290039062
2014-03-05,72.48493194580078
2014-03-06,73.22737121582031
2014-03-07,73.16548919677734
2014-03-10,73.38645935058594
2014-03-11,73.51898956298828
2014-03-12,73.87259674072266
2014-03-13,70.23112487792969
2014-03-14,71.31822967529297
2014-03-17,72.19325256347656
2014-03-18,72.431884765625
2014-03-19,72.19325256347656
2014-03-20,71.53035736083984
2014-03-21,71.6717758178711
2014-03-24,70.96469116210938
2014-03-25,70.47859191894531
2014-03-26,69.54166412353516
2014-03-27,68.72855377197266
2014-03-28,68.56060791015625
2014-03-31,70.10734558105469
2014-04-01,71.41545867919922
2014-04-02,70.95587158203125
2014-04-03,70.87630462646484
2014-04-04,70.37252044677734
2014-04-07,68.91414642333984
2014-04-08,69.23235321044922
2014-04-09,70.42557525634766
2014-04-10,67.7032699584961
2014-04-11,65.83833312988281
2014-04-14,67.01385498046875
2014-04-15,66.73988342285156
2014-04-16,68.63134002685547
2014-04-17,69.69194030761719
2014-04-21,69.69194030761719
2014-04-22,70.42557525634766
2014-04-23,70.60230255126953
2014-04-24,70.39904022216797
2014-04-25,69.9394302368164
2014-04-28,69.25000762939453
2014-04-29,69.29420471191406
2014-04-30,69.38259887695312
2014-05-01,69.17048645019531
2014-05-02,69.45332336425781
2014-05-05,70.47859191894531
2014-05-06,71.87506103515625
2014-05-07,72.45841979980469
2014-05-08,72.31700134277344
2014-05-09,73.18318176269531
2014-05-12,74.12006378173828
2014-05-13,73.5720443725586
2014-05-14,73.4306640625
2014-05-15,71.65411376953125
2014-05-16,72.16852569580078
2014-05-19,72.25721740722656
2014-05-20,71.59202575683594
2014-05-21,72.29266357421875
2014-05-22,72.62969207763672
2014-05-23,73.17072296142578
2014-05-27,75.99114227294922
2014-05-28,76.23945617675781
2014-05-29,75.46783447265625
2014-05-30,75.86693572998047
2014-06-02,76.09756469726562
2014-06-03,75.53881072998047
2014-06-04,75.84923553466797
2014-06-05,76.55870819091797
2014-06-06,77.16187286376953
2014-06-09,77.4190673828125
2014-06-10,77.09088897705078
2014-06-11,76.81594848632812
2014-06-12,76.12415313720703
2014-06-13,76.06206512451172
2014-06-16,75.84923553466797
2014-06-17,76.12415313720703
2014-06-18,76.70951843261719
2014-06-19,76.00886535644531
2014-06-20,76.66519927978516
2014-06-23,77.14411163330078
2014-06-24,77.10865783691406
2014-06-25,76.94011688232422
2014-06-26,77.15298461914062
2014-06-27,77.96894073486328
2014-06-30,77.74720764160156
2014-07-01,79.86695098876953
2014-07-02,78.97116088867188
2014-07-03,79.84033203125
2014-07-07,79.45011138916016
2014-07-08,78.9889144897461
2014-07-09,78.74943542480469
2014-07-10,78.49224853515625
2014-07-11,79.09534454345703
2014-07-14,79.5920181274414
2014-07-15,79.94681549072266
2014-07-16,80.0000228881836
2014-07-17,79.06873321533203
2014-07-18,80.21287536621094
2014-07-21,80.1241455078125
2014-07-22,80.79824829101562
2014-07-23,81.25054931640625
2014-07-24,82.02217864990234
2014-07-25,81.25943756103516
2014-07-28,80.70952606201172
2014-07-29,79.93791961669922
2014-07-30,79.74279022216797
2014-07-31,77.16187286376953
2014-08-01,77.15298461914062
2014-08-04,78.22615814208984
2014-08-05,77.03768157958984
2014-08-06,77.45452117919922
2014-08-07,77.09977722167969
2014-08-08,77.96009063720703
2014-08-11,79.21064758300781
2014-08-12,79.5654067993164
2014-08-13,80.66516876220703
2014-08-14,81.33036804199219
2014-08-15,81.0288314819336
2014-08-18,81.22453308105469
2014-08-19,81.29572296142578
2014-08-20,81.75834655761719
2014-08-21,82.33660125732422
2014-08-22,81.74942779541016
2014-08-25,81.99851989746094
2014-08-26,82.56791687011719
2014-08-27,82.63015747070312
2014-08-28,82.49673461914062
2014-08-29,83.24401092529297
2014-09-02,82.91487884521484
2014-09-03,82.81700897216797
2014-09-04,83.72441101074219
2014-09-05,84.71195220947266
2014-09-08,84.9610595703125
2014-09-09,84.39164733886719
2014-09-10,85.13013458251953
2014-09-11,85.21012878417969
2014-09-12,84.52513885498047
2014-09-15,84.25823974609375
2014-09-16,85.02332305908203
2014-09-17,84.82762908935547
2014-09-18,84.73863983154297
2014-09-19,84.2760238647461
2014-09-22,83.65328216552734
2014-09-23,83.08389282226562
2014-09-24,83.9913330078125
2014-09-25,82.18535614013672
2014-09-26,83.35969543457031
2014-09-29,83.72441101074219
2014-09-30,84.0713882446289
2014-10-01,82.38998413085938
2014-10-02,82.22985076904297
2014-10-03,83.60877990722656
2014-10-06,84.0802993774414
2014-10-07,82.38107299804688
2014-10-08,85.619384765625
2014-10-09,84.22261810302734
2014-10-10,81.89179229736328
2014-10-13,81.2779312133789
2014-10-14,81.9896469116211
2014-10-15,81.16224670410156
2014-10-16,80.23703002929688
2014-10-17,81.42024993896484
2014-10-20,81.39358520507812
2014-10-21,83.76893615722656
2014-10-22,83.54652404785156
2014-10-23,84.11588287353516
2014-10-24,86.24215698242188
2014-10-27,86.05531311035156
2014-10-28,87.08731842041016
2014-10-29,86.82929992675781
2014-10-30,87.27410125732422
2014-10-31,88.2794189453125
2014-11-03,88.19046783447266
2014-11-04,88.1993637084961
2014-11-05,88.40396881103516
2014-11-06,88.06591033935547
2014-11-07,88.03032684326172
2014-11-10,88.35948181152344
2014-11-11,88.35059356689453
2014-11-12,89.03560638427734
2014-11-13,89.76513671875
2014-11-14,89.38258361816406
2014-11-17,89.45375061035156
2014-11-18,90.85438537597656
2014-11-19,89.74816131591797
2014-11-20,89.61432647705078
2014-11-21,90.05147552490234
2014-11-24,90.595703125
2014-11-25,89.09691619873047
2014-11-26,89.36455535888672
2014-11-28,90.11392974853516
2014-12-01,88.91847229003906
2014-12-02,89.68570709228516
2014-12-03,89.36455535888672
2014-12-04,88.29399108886719
2014-12-05,87.95497131347656
2014-12-08,86.98253631591797
2014-12-09,85.68899536132812
2014-12-10,85.19830322265625
2014-12-11,85.79602813720703
2014-12-12,83.38728332519531
2014-12-15,83.67273712158203
2014-12-16,82.41484832763672
2014-12-17,86.2420883178711
2014-12-18,87.20559692382812
2014-12-19,86.56324005126953
2014-12-22,87.76763153076172
2014-12-23,87.42861938476562
2014-12-24,87.68736267089844
2014-12-26,87.38402557373047
2014-12-29,87.03609466552734
2014-12-30,86.28668975830078
2014-12-31,85.47484588623047
2015-01-02,85.5462417602539
2015-01-05,83.86901092529297
2015-01-06,82.98582458496094
2015-01-07,84.25262451171875
2015-01-08,85.0733871459961
2015-01-09,83.69953155517578
2015-01-12,82.97688293457031
2015-01-13,84.2972640991211
2015-01-14,83.62814331054688
2015-01-15,82.67357635498047
2015-01-16,83.97611236572266
2015-01-20,84.02068328857422
2015-01-21,82.71817779541016
2015-01-22,84.1812744140625
2015-01-23,83.6638412475586
2015-01-26,84.06529235839844
2015-01-27,83.46756744384766
2015-01-28,80.84468078613281
2015-01-29,82.38807678222656
2015-01-30,81.4781265258789
2015-02-02,79.68492889404297
2015-02-03,82.69140625
2015-02-04,82.27212524414062
2015-02-05,83.20884704589844
2015-02-06,87.46430206298828
2015-02-09,87.33051300048828
2015-02-10,88.18692779541016
2015-02-11,86.80413818359375
2015-02-12,87.61598205566406
2015-02-13,87.6248779296875
2015-02-17,87.5
2015-02-18,87.93864440917969
2015-02-19,86.92704772949219
2015-02-20,86.96283721923828
2015-02-23,86.63160705566406
2015-02-24,86.99866485595703
2015-02-25,87.33885192871094
2015-02-26,86.72113800048828
2015-02-27,86.78382873535156
2015-03-02,86.63160705566406
2015-03-03,86.067626953125
2015-03-04,85.10971069335938
2015-03-05,86.04972839355469
2015-03-06,84.65316009521484
2015-03-09,86.32723236083984
2015-03-10,85.24398040771484
2015-03-11,85.94225311279297
2015-03-12,88.00135040283203
2015-03-13,86.94496154785156
2015-03-16,87.49102783203125
2015-03-17,90.14092254638672
2015-03-18,92.09253692626953
2015-03-19,91.7343978881836
2015-03-20,93.33692169189453
2015-03-23,92.67443084716797
2015-03-24,92.46852111816406
2015-03-25,91.04511260986328
2015-03-26,91.39427947998047
2015-03-27,91.7523422241211
2015-03-30,93.21157836914062
2015-03-31,92.9250717163086
2015-04-01,93.48912048339844
2015-04-02,93.73080444335938
2015-04-06,93.91880798339844
2015-04-07,93.6233901977539
2015-04-08,94.28584289550781
2015-04-09,94.76033020019531
2015-04-10,94.65288543701172
2015-04-13,94.37537384033203
2015-04-14,93.91880798339844
2015-04-15,94.61707305908203
2015-04-16,94.19632720947266
2015-04-17,93.46224212646484
2015-04-20,94.7782211303711
2015-04-21,94.88568115234375
2015-04-22,95.99574279785156
2015-04-23,96.47022247314453
2015-04-24,96.2374496459961
2015-04-27,96.09423065185547
2015-04-28,96.41648864746094
2015-04-29,96.19270324707031
2015-04-30,96.25537109375
2015-05-01,95.98677825927734
2015-05-04,97.04315948486328
2015-05-05,96.89997100830078
2015-05-06,95.45862579345703
2015-05-07,95.7988052368164
2015-05-08,96.57764434814453
2015-05-11,95.52124786376953
2015-05-12,95.33328247070312
2015-05-13,95.96888732910156
2015-05-14,97.33859252929688
2015-05-15,98.4576416015625
2015-05-18,98.2870101928711
2015-05-19,98.87071990966797
2015-05-20,99.02337646484375
2015-05-21,98.68213653564453
2015-05-22,98.87969207763672
2015-05-26,97.50574493408203
2015-05-27,98.08045196533203
2015-05-28,97.73023223876953
2015-05-29,97.07471466064453
2015-06-01,97.43392181396484
2015-06-02,97.35308837890625
2015-06-03,98.05352020263672
2015-06-04,96.67060089111328
2015-06-05,96.22159576416016
2015-06-08,94.80274200439453
2015-06-09,95.19783782958984
2015-06-10,96.56285858154297
2015-06-11,97.65838623046875
2015-06-12,97.6224594116211
2015-06-15,96.94003295898438
2015-06-16,97.01184844970703
2015-06-17,97.36206817626953
2015-06-18,98.7808837890625
2015-06-19,98.83477020263672
2015-06-22,99.51728820800781
2015-06-23,99.29277038574219
2015-06-24,98.73600769042969
2015-06-25,98.09843444824219
2015-06-26,99.27481842041016
2015-06-29,96.23954772949219
2015-06-30,96.94898223876953
2015-07-01,97.87390899658203
2015-07-02,97.6224594116211
2015-07-06,97.3890151977539
2015-07-07,98.29598999023438
2015-07-08,97.04776763916016
2015-07-09,97.32613372802734
2015-07-10,99.21196746826172
2015-07-13,99.8405532836914
2015-07-14,100.666748046875
2015-07-15,100.8732681274414
2015-07-16,101.25041961669922
2015-07-17,101.24142456054688
2015-07-20,101.38514709472656
2015-07-21,100.85531616210938
2015-07-22,100.90921020507812
2015-07-23,100.36141204833984
2015-07-24,100.41527557373047
2015-07-27,99.06826782226562
2015-07-28,98.5564193725586
2015-07-29,99.07728576660156
2015-07-30,100.15483856201172
2015-07-31,99.16704559326172
2015-08-03,99.33769226074219
2015-08-04,99.84955596923828
2015-08-05,100.39733123779297
2015-08-06,99.05931091308594
2015-08-07,98.61029815673828
2015-08-10,100.28055572509766
2015-08-11,99.26583099365234
2015-08-12,98.26904296875
2015-08-13,98.94256591796875
2015-08-14,99.50827026367188
2015-08-17,99.93035125732422
2015-08-18,99.96636962890625
2015-08-19,99.62409210205078
2015-08-20,96.89481353759766
2015-08-21,93.34579467773438
2015-08-24,89.59864807128906
2015-08-25,89.1212387084961
2015-08-26,92.345947265625
2015-08-27,94.1925048828125
2015-08-28,94.0303955078125
2015-08-31,92.15679168701172
2015-09-01,89.16629028320312
2015-09-02,90.58045196533203
2015-09-03,90.92276000976562
2015-09-04,89.35540771484375
2015-09-08,91.34611511230469
2015-09-09,90.22919464111328
2015-09-10,90.81465148925781
2015-09-11,91.48124694824219
2015-09-14,90.90473175048828
2015-09-15,92.26490020751953
2015-09-16,92.68824768066406
2015-09-17,92.15679168701172
2015-09-18,90.75163269042969
2015-09-21,91.67938995361328
2015-09-22,90.6435317993164
2015-09-23,91.08491516113281
2015-09-24,90.02198791503906
2015-09-25,90.45433807373047
2015-09-28,87.27466583251953
2015-09-29,87.85115814208984
2015-09-30,88.4546890258789
2015-10-01,87.81512451171875
2015-10-02,89.22032928466797
2015-10-05,91.04885864257812
2015-10-06,89.26535034179688
2015-10-07,89.57160949707031
2015-10-08,88.61679077148438
2015-10-09,89.06719207763672
2015-10-12,89.2113037109375
2015-10-13,88.35560607910156
2015-10-14,87.94123077392578
2015-10-15,90.1120834350586
2015-10-16,90.59847259521484
2015-10-19,89.9949951171875
2015-10-20,90.2111587524414
2015-10-21,88.03131103515625
2015-10-22,89.19331359863281
2015-10-23,90.52643585205078
2015-10-26,90.94976806640625
2015-10-27,89.54459381103516
2015-10-28,90.42733001708984
2015-10-29,91.45420837402344
2015-10-30,86.61710357666016
2015-11-02,86.87834930419922
2015-11-03,89.35540771484375
2015-11-04,89.74275207519531
2015-11-05,91.51725769042969
2015-11-06,92.37297058105469
2015-11-09,90.41832733154297
2015-11-10,90.16612243652344
2015-11-11,90.73359680175781
2015-11-12,89.53556060791016
2015-11-13,87.2836685180664
2015-11-16,88.35560607910156
2015-11-17,91.15696716308594
2015-11-18,93.27183532714844
2015-11-19,93.479736328125
2015-11-20,94.30216217041016
2015-11-23,94.14848327636719
2015-11-24,93.5339584350586
2015-11-25,92.98263549804688
2015-11-27,93.8050765991211
2015-11-30,93.19953155517578
2015-12-01,93.48876190185547
2015-12-02,93.00070190429688
2015-12-03,91.60884857177734
2015-12-04,94.012939453125
2015-12-07,94.04005432128906
2015-12-08,91.72634887695312
2015-12-09,89.78317260742188
2015-12-10,89.95490264892578
2015-12-11,86.5204849243164
2015-12-14,87.4694595336914
2015-12-15,89.16860961914062
2015-12-16,89.7651138305664
2015-12-17,88.46365356445312
2015-12-18,88.08403778076172
2015-12-21,89.66569519042969
2015-12-22,89.50300598144531
2015-12-23,90.24407958984375
2015-12-24,90.47911071777344
2015-12-28,90.9761734008789
2015-12-29,91.78961944580078
2015-12-30,91.3829116821289
2015-12-31,90.68700408935547
2016-01-04,87.86713409423828
2016-01-05,89.0872573852539
2016-01-06,87.49658966064453
2016-01-07,83.80003356933594
2016-01-08,81.41403198242188
2016-01-11,82.11898040771484
2016-01-12,82.39915466308594
2016-01-13,78.72974395751953
2016-01-14,79.64257049560547
2016-01-15,77.71749114990234
2016-01-19,78.1151351928711
2016-01-20,77.84403228759766
2016-01-21,77.54576110839844
2016-01-22,79.91371154785156
2016-01-25,78.40437316894531
2016-01-26,79.83236694335938
2016-01-27,79.54315948486328
2016-01-28,78.7477798461914
2016-01-29,80.56444549560547
2016-02-01,79.54315948486328
2016-02-02,77.39213562011719
2016-02-03,77.35594940185547
2016-02-04,78.72974395751953
2016-02-05,75.64778137207031
2016-02-08,71.74337768554688
2016-02-09,72.33086395263672
2016-02-10,72.36699676513672
2016-02-11,70.90284729003906
2016-02-12,74.39149475097656
2016-02-16,75.66588592529297
2016-02-17,77.81739044189453
2016-02-18,77.82647705078125
2016-02-19,77.7629165649414
2016-02-22,79.99613189697266
2016-02-23,78.93399047851562
2016-02-24,78.6616439819336
2016-02-25,80.46820831298828
2016-02-26,80.4318618774414
2016-02-29,80.6134262084961
2016-03-01,83.100830078125
2016-03-02,83.79075622558594
2016-03-03,86.11475372314453
2016-03-04,86.60497283935547
2016-03-07,85.75164031982422
2016-03-08,84.22650146484375
2016-03-09,84.4806900024414
2016-03-10,84.54423522949219
2016-03-11,85.7879409790039
2016-03-14,85.04354095458984
2016-03-15,84.97090911865234
2016-03-16,85.98765563964844
2016-03-17,88.51136016845703
2016-03-18,88.1119384765625
2016-03-21,87.09520721435547
2016-03-22,87.06796264648438
2016-03-23,85.57006072998047
2016-03-24,84.38085174560547
2016-03-28,84.40809631347656
2016-03-29,86.71392059326172
2016-03-30,87.02257537841797
2016-03-31,87.65802764892578
2016-04-01,88.56583404541016
2016-04-04,87.37661743164062
2016-04-05,85.12525939941406
2016-04-06,85.73348236083984
2016-04-07,84.29914093017578
2016-04-08,84.7076187133789
2016-04-11,85.30681610107422
2016-04-12,86.53234100341797
2016-04-13,88.928955078125
2016-04-14,88.95618438720703
2016-04-15,88.77466583251953
2016-04-18,89.5462875366211
2016-04-19,90.40868377685547
2016-04-20,91.47987365722656
2016-04-21,90.44499969482422
2016-04-22,89.67337036132812
2016-04-25,89.76412963867188
2016-04-26,90.49948120117188
2016-04-27,90.59934997558594
2016-04-28,89.96383666992188
2016-04-29,86.89549255371094
2016-05-02,87.15874481201172
2016-05-03,85.85151672363281
2016-05-04,85.03445434570312
2016-05-05,84.68948364257812
2016-05-06,85.75164031982422
2016-05-09,85.93317413330078
2016-05-10,87.41292572021484
2016-05-11,86.15105438232422
2016-05-12,86.00580596923828
2016-05-13,85.170654296875
2016-05-16,86.03305053710938
2016-05-17,85.06168365478516
2016-05-18,85.81817626953125
2016-05-19,84.82472229003906
2016-05-20,85.51738739013672
2016-05-23,85.40802764892578
2016-05-24,89.13566589355469
2016-05-25,89.42736053466797
2016-05-26,88.91695404052734
2016-05-27,89.98329162597656
2016-05-31,89.90129089355469
2016-06-01,90.10177612304688
2016-06-02,90.7671127319336
2016-06-03,90.0106430053711
2016-06-06,92.05217742919922
2016-06-07,91.31395721435547
2016-06-08,92.11598205566406
2016-06-09,92.11598205566406
2016-06-10,90.6303939819336
2016-06-13,89.60961151123047
2016-06-14,89.53671264648438
2016-06-15,89.63697052001953
2016-06-16,88.37923431396484
2016-06-17,88.12403869628906
2016-06-20,89.91039276123047
2016-06-21,89.746337890625
2016-06-22,89.554931640625
2016-06-23,92.69017028808594
2016-06-24,85.36245727539062
2016-06-27,80.09453582763672
2016-06-28,81.20642852783203
2016-06-29,83.46672058105469
2016-06-30,85.40802764892578
2016-07-01,85.74524688720703
2016-07-05,84.37812042236328
2016-07-06,84.73358154296875
2016-07-07,85.88195037841797
2016-07-08,88.16049194335938
2016-07-11,89.1812515258789
2016-07-12,91.29571533203125
2016-07-13,92.70844268798828
2016-07-14,93.88411712646484
2016-07-15,94.18487548828125
2016-07-18,94.7499771118164
2016-07-19,94.4127197265625
2016-07-20,94.99604797363281
2016-07-21,95.06893920898438
2016-07-22,95.96216583251953
2016-07-25,96.33580017089844
2016-07-26,96.78241729736328
2016-07-27,95.80719757080078
2016-07-28,96.7732925415039
2016-07-29,96.61834716796875
2016-08-01,95.94392395019531
2016-08-02,94.95958709716797
2016-08-03,95.32414245605469
2016-08-04,94.70438385009766
2016-08-05,95.7433853149414
2016-08-08,95.24213409423828
2016-08-09,95.00517272949219
2016-08-10,94.52210998535156
2016-08-11,95.2512435913086
2016-08-12,94.29428100585938
2016-08-15,95.76163482666016
2016-08-16,94.88666534423828
2016-08-17,94.92314147949219
2016-08-18,95.33473205566406
2016-08-19,95.65486145019531
2016-08-22,95.58169555664062
2016-08-23,96.61524200439453
2016-08-24,96.55120849609375
2016-08-25,96.67926025390625
2016-08-26,97.15489196777344
2016-08-29,98.01465606689453
2016-08-30,99.00250244140625
2016-08-31,99.41407775878906
2016-09-01,99.28604125976562
2016-09-02,100.0909423828125
2016-09-06,100.69463348388672
2016-09-07,100.74949645996094
2016-09-08,100.55742645263672
2016-09-09,97.52075958251953
2016-09-12,99.3409194946289
2016-09-13,98.16101837158203
2016-09-14,98.16101837158203
2016-09-15,99.42322540283203
2016-09-16,99.22203063964844
2016-09-19,99.22203063964844
2016-09-20,98.73723602294922
2016-09-21,100.11837768554688
2016-09-22,100.75865936279297
2016-09-23,99.944580078125
2016-09-26,99.6884765625
2016-09-27,100.60314178466797
2016-09-28,100.21900177001953
2016-09-29,98.5543441772461
2016-09-30,99.03910064697266
2016-10-03,99.9537582397461
2016-10-04,99.13056182861328
2016-10-05,99.23116302490234
2016-10-06,99.56957244873047
2016-10-07,99.02079010009766
2016-10-10,99.83484649658203
2016-10-11,98.3988265991211
2016-10-12,99.02079010009766
2016-10-13,97.51161193847656
2016-10-14,97.94149780273438
2016-10-17,97.59391021728516
2016-10-18,98.60005187988281
2016-10-19,99.14885711669922
2016-10-20,98.86529541015625
2016-10-21,93.5145492553711
2016-10-24,94.0633316040039
2016-10-25,93.99932861328125
2016-10-26,93.41394805908203
2016-10-27,93.4413833618164
2016-10-28,92.53585815429688
2016-10-31,91.94135284423828
2016-11-01,90.58765411376953
2016-11-02,89.59982299804688
2016-11-03,89.6912841796875
2016-11-04,89.27967834472656
2016-11-07,91.08155822753906
2016-11-08,91.17302703857422
2016-11-09,92.07853698730469
2016-11-10,91.71269226074219
2016-11-11,91.86817169189453
2016-11-14,91.52061462402344
2016-11-15,90.81632232666016
2016-11-16,90.25837707519531
2016-11-17,92.91167449951172
2016-11-18,92.32412719726562
2016-11-21,92.84742736816406
2016-11-22,93.33399963378906
2016-11-23,92.59953308105469
2016-11-25,92.74641418457031
2016-11-28,92.62706756591797
2016-11-29,92.81069946289062
2016-11-30,92.26904296875
2016-12-01,89.28516387939453
2016-12-02,89.62489318847656
2016-12-05,88.89958953857422
2016-12-06,88.97303771972656
2016-12-07,89.8819580078125
2016-12-08,90.03804779052734
2016-12-09,91.59878540039062
2016-12-12,90.22162628173828
2016-12-13,91.35090637207031
2016-12-14,89.46880340576172
2016-12-15,88.83534240722656
2016-12-16,88.569091796875
2016-12-19,88.06411743164062
2016-12-20,88.82613372802734
2016-12-21,88.58744049072266
2016-12-22,88.0090103149414
2016-12-23,87.60504150390625
2016-12-27,87.86212921142578
2016-12-28,86.93486022949219
2016-12-29,86.56758880615234
2016-12-30,86.54923248291016
2017-01-03,87.65099334716797
2017-01-04,89.13829803466797
2017-01-05,89.84523010253906
2017-01-06,90.24921417236328
2017-01-09,88.9271469116211
2017-01-10,86.91651153564453
2017-01-11,87.23782348632812
2017-01-12,88.59663391113281
2017-01-13,89.01895141601562
2017-01-17,91.0295639038086
2017-01-18,91.19483184814453
2017-01-19,91.77326202392578
2017-01-20,92.74641418457031
2017-01-23,93.43499755859375
2017-01-24,93.60025787353516
2017-01-25,95.2344970703125
2017-01-26,95.54662322998047
2017-01-27,95.46401977539062
2017-01-30,95.26203155517578
2017-01-31,95.17938995361328
2017-02-01,95.0692138671875
2017-02-02,95.86796569824219
2017-02-03,97.4746322631836
2017-02-06,98.01630401611328
2017-02-07,98.29173278808594
2017-02-08,98.07141876220703
2017-02-09,98.76915740966797
2017-02-10,99.15477752685547
2017-02-13,100.10041809082031
2017-02-14,100.31157684326172
2017-02-15,101.20521545410156
2017-02-16,101.54612731933594
2017-02-17,104.01519012451172
2017-02-21,103.9875717163086
2017-02-22,104.6232681274414
2017-02-23,104.3192367553711
2017-02-24,104.37452697753906
2017-02-27,103.23211669921875
2017-02-28,102.60560607910156
2017-03-01,104.29158782958984
2017-03-02,103.61904907226562
2017-03-03,103.75725555419922
2017-03-06,103.4347915649414
2017-03-07,103.79409790039062
2017-03-08,103.8125228881836
2017-03-09,103.62828063964844
2017-03-10,103.1215591430664
2017-03-13,103.32424926757812
2017-03-14,103.2873764038086
2017-03-15,104.0060043334961
2017-03-16,104.6048355102539
2017-03-17,103.1307601928711
2017-03-20,103.42557525634766
2017-03-21,102.15414428710938
2017-03-22,102.384521484375
2017-03-23,103.34263610839844
2017-03-24,103.61904907226562
2017-03-27,102.6424789428711
2017-03-28,102.50426483154297
2017-03-29,102.67930603027344
2017-03-30,102.8359146118164
2017-03-31,103.222900390625
2017-04-03,103.09391021728516
2017-04-04,102.61482238769531
2017-04-05,104.17182922363281
2017-04-06,104.42056274414062
2017-04-07,104.36530303955078
2017-04-10,104.05207061767578
2017-04-11,104.4574203491211
2017-04-12,104.08892822265625
2017-04-13,103.58219146728516
2017-04-17,105.27738189697266
2017-04-18,105.15763092041016
2017-04-19,105.37873077392578
2017-04-20,106.2816162109375
2017-04-21,105.96836853027344
2017-04-24,108.4374771118164
2017-04-25,108.77832794189453
2017-04-26,109.40483856201172
2017-04-27,110.03131866455078
2017-04-28,109.0086441040039
2017-05-01,108.62174224853516
2017-05-02,109.49695587158203
2017-05-03,109.3127212524414
2017-05-04,110.00369262695312
2017-05-05,108.92576599121094
2017-05-08,107.49771881103516
2017-05-09,107.5253677368164
2017-05-10,107.43323516845703
2017-05-11,106.47509002685547
2017-05-12,105.738037109375
2017-05-15,106.97260284423828
2017-05-16,106.16185760498047
2017-05-17,104.061279296875
2017-05-18,104.81929016113281
2017-05-19,106.07648468017578
2017-05-22,106.27987670898438
2017-05-23,106.20591735839844
2017-05-24,106.35382843017578
2017-05-25,107.73120880126953
2017-05-26,108.25811767578125
2017-05-30,107.93455505371094
2017-05-31,109.49681854248047
2017-06-01,110.0052719116211
2017-06-02,109.83885192871094
2017-06-05,109.87583923339844
2017-06-06,108.86822509765625
2017-06-07,108.77578735351562
2017-06-08,108.5077133178711
2017-06-09,107.99002075195312
2017-06-12,108.3320541381836
2017-06-13,109.9312973022461
2017-06-14,110.93892669677734
2017-06-15,111.92803955078125
2017-06-16,113.0096206665039
2017-06-19,112.94488525390625
2017-06-20,112.02970123291016
2017-06-21,109.94979095458984
2017-06-22,109.74642944335938
2017-06-23,110.9851303100586
2017-06-26,111.50281524658203
2017-06-27,111.31795501708984
2017-06-28,112.98185729980469
2017-06-29,112.19615173339844
2017-06-30,112.48269653320312
2017-07-03,112.79698944091797
2017-07-05,114.6088638305664
2017-07-06,112.93563079833984
2017-07-07,114.09115600585938
2017-07-10,113.73066711425781
2017-07-11,113.34239959716797
2017-07-12,114.88616943359375
2017-07-13,115.25591278076172
2017-07-14,115.6441650390625
2017-07-17,115.89378356933594
2017-07-18,116.33749389648438
2017-07-19,117.03080749511719
2017-07-20,117.55769348144531
2017-07-21,122.549560546875
2017-07-24,123.47393035888672
2017-07-25,122.7159423828125
2017-07-26,123.20589447021484
2017-07-27,121.92095184326172
2017-07-28,122.21674346923828
2017-07-31,121.6806411743164
2017-08-01,121.64362335205078
2017-08-02,119.59144592285156
2017-08-03,118.99055480957031
2017-08-04,119.51746368408203
2017-08-07,119.31410217285156
2017-08-08,118.04766082763672
2017-08-09,118.34349060058594
2017-08-10,117.3173828125
2017-08-11,118.1031265258789
2017-08-14,120.66374969482422
2017-08-15,122.20748901367188
2017-08-16,122.1058120727539
2017-08-17,120.37718200683594
2017-08-18,120.97978973388672
2017-08-21,121.2764892578125
2017-08-22,122.91744995117188
2017-08-23,122.3983154296875
2017-08-24,122.5651626586914
2017-08-25,122.7413330078125
2017-08-28,123.01016998291016
2017-08-29,123.33470153808594
2017-08-30,124.6419448852539
2017-08-31,124.26178741455078
2017-09-01,124.01150512695312
2017-09-05,123.36250305175781
2017-09-06,124.45651245117188
2017-09-07,124.4380111694336
2017-09-08,125.48560333251953
2017-09-11,125.82862854003906
2017-09-12,126.236572265625
2017-09-13,125.50415802001953
2017-09-14,125.12405395507812
2017-09-15,126.3941879272461
2017-09-18,126.79283142089844
2017-09-19,126.7742919921875
2017-09-20,126.80210876464844
2017-09-21,126.69081115722656
2017-09-22,127.97030639648438
2017-09-25,128.66563415527344
2017-09-26,128.26695251464844
2017-09-27,128.60073852539062
2017-09-28,128.50802612304688
2017-09-29,129.0642852783203
2017-10-02,129.9913787841797
2017-10-03,130.7238311767578
2017-10-04,131.38211059570312
2017-10-05,131.74365234375
2017-10-06,132.10525512695312
2017-10-09,131.6045684814453
2017-10-10,131.78073120117188
2017-10-11,132.160888671875
2017-10-12,133.4402618408203
2017-10-13,133.7276611328125
2017-10-16,134.20050048828125
2017-10-17,133.62570190429688
2017-10-18,134.61770629882812
2017-10-19,133.6813507080078
2017-10-20,135.044189453125
2017-10-23,135.4150390625
2017-10-24,136.28656005859375
2017-10-25,134.969970703125
2017-10-26,136.63885498046875
2017-10-27,135.7303009033203
2017-10-30,132.5594940185547
2017-10-31,132.03106689453125
2017-11-01,133.03236389160156
2017-11-02,133.0694580078125
2017-11-03,135.6282501220703
2017-11-06,133.9779815673828
2017-11-07,133.29196166992188
2017-11-08,134.36740112304688
2017-11-09,132.6614990234375
2017-11-10,131.8271484375
2017-11-13,131.79002380371094
2017-11-14,132.7078857421875
2017-11-15,131.61387634277344
2017-11-16,133.58863830566406
2017-11-17,136.09181213378906
2017-11-20,137.85792541503906
2017-11-21,138.92691040039062
2017-11-22,138.87109375
2017-11-24,139.64263916015625
2017-11-27,139.30799865722656
2017-11-28,140.24681091308594
2017-11-29,139.2801055908203
2017-11-30,141.12059020996094
2017-12-01,140.63723754882812
2017-12-04,141.05552673339844
2017-12-05,141.36228942871094
2017-12-06,141.53887939453125
2017-12-07,141.0369110107422
2017-12-08,141.65040588378906
2017-12-11,141.65040588378906
2017-12-12,141.8177032470703
2017-12-13,139.58692932128906
2017-12-14,138.96409606933594
2017-12-15,139.9586639404297
2017-12-18,139.86575317382812
2017-12-19,139.5683135986328
2017-12-20,138.00669860839844
2017-12-21,137.0864715576172
2017-12-22,136.63096618652344
2017-12-26,135.5898895263672
2017-12-27,136.29635620117188
2017-12-28,137.40249633789062
2017-12-29,137.207275390625
2018-01-02,135.8315887451172
2018-01-03,138.3691864013672
2018-01-04,140.91610717773438
2018-01-05,143.2584991455078
2018-01-08,144.1415252685547
2018-01-09,145.1175537109375
2018-01-10,143.89987182617188
2018-01-11,144.74575805664062
2018-01-12,146.1679229736328
2018-01-16,144.56910705566406
2018-01-17,146.31663513183594
2018-01-18,146.47462463378906
2018-01-19,147.96192932128906
2018-01-22,149.1609649658203
2018-01-23,149.50489807128906
2018-01-24,150.759765625
2018-01-25,151.3175048828125
2018-01-26,155.44461059570312
2018-01-29,150.3507843017578
2018-01-30,150.23924255371094
2018-01-31,150.38792419433594
2018-02-01,152.04251098632812
2018-02-02,147.4320831298828
2018-02-05,140.64649963378906
2018-02-06,146.80926513671875
2018-02-07,146.84649658203125
2018-02-08,141.41802978515625
2018-02-09,143.74185180664062
2018-02-12,148.05482482910156
2018-02-13,150.21133422851562
2018-02-14,152.02392578125
2018-02-15,155.2214813232422
2018-02-16,156.7686004638672
2018-02-20,156.69403076171875
2018-02-21,155.631591796875
2018-02-22,155.79931640625
2018-02-23,157.784423828125
2018-02-26,158.62322998046875
2018-02-27,156.91770935058594
2018-02-28,155.529052734375
2018-03-01,155.19354248046875
2018-03-02,155.58499145507812
2018-03-05,156.1068572998047
2018-03-06,154.7648468017578
2018-03-07,155.41722106933594
2018-03-08,156.91770935058594
2018-03-09,158.48345947265625
2018-03-12,158.30633544921875
2018-03-13,157.57940673828125
2018-03-14,155.35194396972656
2018-03-15,155.15625
2018-03-16,155.92050170898438
2018-03-19,154.140380859375
2018-03-20,156.06961059570312
2018-03-21,155.83660888671875
2018-03-22,149.9651336669922
2018-03-23,147.64443969726562
2018-03-26,152.19256591796875
2018-03-27,148.6883087158203
2018-03-28,148.12913513183594
2018-03-29,150.32858276367188
2018-04-02,147.8681182861328
2018-04-03,149.92784118652344
2018-04-04,151.2233428955078
2018-04-05,151.19534301757812
2018-04-06,148.1757354736328
2018-04-09,148.61373901367188
2018-04-10,151.5774383544922
2018-04-11,151.35379028320312
2018-04-12,152.79830932617188
2018-04-13,151.81044006347656
2018-04-16,153.1990966796875
2018-04-17,154.65301513671875
2018-04-18,155.14694213867188
2018-04-19,154.44796752929688
2018-04-20,152.8636016845703
2018-04-23,151.42837524414062
2018-04-24,149.5457305908203
2018-04-25,151.48422241210938
2018-04-26,153.47866821289062
2018-04-27,151.94090270996094
2018-04-30,151.16737365722656
2018-05-01,152.9940185546875
2018-05-02,151.6427459716797
2018-05-03,152.02476501464844
2018-05-04,154.997802734375
2018-05-07,156.0043487548828
2018-05-08,156.4703826904297
2018-05-09,158.94943237304688
2018-05-10,161.95970153808594
2018-05-11,162.21133422851562
2018-05-14,160.30079650878906
2018-05-15,159.26629638671875
2018-05-16,160.52450561523438
2018-05-17,159.8720703125
2018-05-18,161.19888305664062
2018-05-21,163.60025024414062
2018-05-22,162.91812133789062
2018-05-23,162.62847900390625
2018-05-24,162.53506469726562
2018-05-25,162.6097869873047
2018-05-29,159.6011199951172
2018-05-30,162.0398406982422
2018-05-31,159.37689208984375
2018-06-01,161.6100311279297
2018-06-04,163.7310791015625
2018-06-05,164.6561279296875
2018-06-06,166.60894775390625
2018-06-07,166.09498596191406
2018-06-08,167.44992065429688
2018-06-11,166.15113830566406
2018-06-12,166.36599731445312
2018-06-13,165.2634735107422
2018-06-14,164.38510131835938
2018-06-15,165.1980743408203
2018-06-18,163.6656951904297
2018-06-19,161.86231994628906
2018-06-20,162.08653259277344
2018-06-21,161.11476135253906
2018-06-22,161.09613037109375
2018-06-25,158.47055053710938
2018-06-26,158.3490447998047
2018-06-27,157.41465759277344
2018-06-28,159.38626098632812
2018-06-29,159.36746215820312
2018-07-02,159.7506103515625
2018-07-03,158.62002563476562
2018-07-05,159.83473205566406
2018-07-06,161.4698486328125
2018-07-09,163.9365997314453
2018-07-10,165.09524536132812
2018-07-11,166.34732055664062
2018-07-12,169.59890747070312
2018-07-13,170.0194854736328
2018-07-16,170.3557891845703
2018-07-17,170.70155334472656
2018-07-18,172.38339233398438
2018-07-19,170.38381958007812
2018-07-20,173.25234985351562
2018-07-23,173.90640258789062
2018-07-24,173.44854736328125
2018-07-25,174.74737548828125
2018-07-26,173.53269958496094
2018-07-27,165.01116943359375
2018-07-30,159.6011199951172
2018-07-31,159.89077758789062
2018-08-01,159.91880798339844
2018-08-02,160.6102294921875
2018-08-03,161.34840393066406
2018-08-06,160.31124877929688
2018-08-07,161.88099670410156
2018-08-08,161.273681640625
2018-08-09,160.7503662109375
2018-08-10,159.7693328857422
2018-08-13,158.255615234375
2018-08-14,159.70384216308594
2018-08-15,158.3490447998047
2018-08-16,160.31124877929688
2018-08-17,160.6578369140625
2018-08-20,160.3955841064453
2018-08-21,161.0419464111328
2018-08-22,160.95762634277344
2018-08-23,160.4799041748047
2018-08-24,162.2503662109375
2018-08-27,164.3019256591797
2018-08-28,165.1262664794922
2018-08-29,165.1731719970703
2018-08-30,165.575927734375
2018-08-31,166.76568603515625
2018-09-04,166.8687286376953
2018-09-05,164.96702575683594
2018-09-06,165.4822540283203
2018-09-07,165.622802734375
2018-09-10,165.96002197265625
2018-09-11,166.48460388183594
2018-09-12,167.5900115966797
2018-09-13,167.92724609375
2018-09-14,170.07252502441406
2018-09-17,165.72584533691406
2018-09-18,166.60647583007812
2018-09-19,166.55955505371094
2018-09-20,167.4495086669922
2018-09-21,163.55245971679688
2018-09-24,164.4518585205078
2018-09-25,161.9786834716797
2018-09-26,161.885009765625
2018-09-27,162.4939422607422
2018-09-28,156.6296844482422
2018-10-01,158.84046936035156
2018-10-02,156.0489044189453
2018-10-03,155.73036193847656
2018-10-04,152.73268127441406
2018-10-05,151.15887451171875
2018-10-08,151.43052673339844
2018-10-09,151.43052673339844
2018-10-10,146.17526245117188
2018-10-11,143.61785888671875
2018-10-12,146.0721435546875
2018-10-15,146.5686492919922
2018-10-16,149.59445190429688
2018-10-17,151.59921264648438
2018-10-18,148.26425170898438
2018-10-19,149.66940307617188
2018-10-22,149.36029052734375
2018-10-23,147.29002380371094
2018-10-24,144.282958984375
2018-10-25,145.26658630371094
2018-10-26,132.67623901367188
2018-10-29,132.32958984375
2018-10-30,132.2172088623047
2018-10-31,136.28285217285156
2018-11-01,140.46087646484375
2018-11-02,140.01124572753906
2018-11-05,141.4445037841797
2018-11-06,141.1072235107422
2018-11-07,143.7489471435547
2018-11-08,145.5194549560547
2018-11-09,143.79580688476562
2018-11-12,140.58267211914062
2018-11-13,138.69967651367188
2018-11-14,137.10716247558594
2018-11-15,138.13763427734375
2018-11-16,137.94088745117188
2018-11-19,138.82151794433594
2018-11-20,137.0362548828125
2018-11-21,141.64959716796875
2018-11-23,141.114013671875
2018-11-26,144.61865234375
2018-11-27,143.48179626464844
2018-11-28,149.11915588378906
2018-11-29,147.17428588867188
2018-11-30,149.45742797851562
2018-12-03,148.6399688720703
2018-12-04,143.23748779296875
2018-12-06,140.78521728515625
2018-12-07,136.97048950195312
2018-12-10,136.94232177734375
2018-12-11,136.62290954589844
2018-12-12,139.46038818359375
2018-12-13,139.948974609375
2018-12-14,136.72630310058594
2018-12-17,132.84579467773438
2018-12-18,133.60687255859375
2018-12-19,131.07003784179688
2018-12-20,128.4110565185547
2018-12-21,124.56818389892578
2018-12-24,121.53341674804688
2018-12-26,128.39224243164062
2018-12-27,131.4928436279297
2018-12-28,130.92910766601562
2018-12-31,131.57740783691406
2019-01-02,132.33848571777344
2019-01-03,127.95066833496094
2019-01-04,134.62161254882812
2019-01-07,135.11959838867188
2019-01-08,137.08328247070312
2019-01-09,137.54364013671875
2019-01-10,140.03355407714844
2019-01-11,139.9677734375
2019-01-14,140.20266723632812
2019-01-15,143.9703369140625
2019-01-16,146.0092010498047
2019-01-17,148.32058715820312
2019-01-18,149.76744079589844
2019-01-22,146.08433532714844
2019-01-23,145.45481872558594
2019-01-24,144.80653381347656
2019-01-25,147.0709228515625
2019-01-28,146.46018981933594
2019-01-29,145.76490783691406
2019-01-30,147.01458740234375
2019-01-31,148.93125915527344
2019-02-01,150.5191192626953
2019-02-04,150.9607696533203
2019-02-05,152.933837890625
2019-02-06,151.92848205566406
2019-02-07,151.04531860351562
2019-02-08,151.2990264892578
2019-02-11,152.02243041992188
2019-02-12,153.29087829589844
2019-02-13,154.66261291503906
2019-02-14,153.8358154296875
2019-02-15,159.03164672851562
2019-02-19,157.8101806640625
2019-02-20,159.21958923339844
2019-02-21,160.29067993164062
2019-02-22,162.74070739746094
2019-02-25,162.55224609375
2019-02-26,162.5428466796875
2019-02-27,163.58883666992188
2019-02-28,163.13648986816406
2019-03-01,165.53944396972656
2019-03-04,162.30726623535156
2019-03-05,161.19532775878906
2019-03-06,160.33775329589844
2019-03-07,159.5933380126953
2019-03-08,160.13990783691406
2019-03-11,161.64764404296875
2019-03-12,162.48629760742188
2019-03-13,163.55113220214844
2019-03-14,164.8892364501953
2019-03-15,166.5006103515625
2019-03-18,167.7068634033203
2019-03-19,168.3288116455078
2019-03-20,167.0283660888672
2019-03-21,171.4950714111328
2019-03-22,167.63143920898438
2019-03-25,167.17910766601562
2019-03-26,167.65036010742188
2019-03-27,167.5843048095703
2019-03-28,169.04493713378906
2019-03-29,170.64691162109375
2019-04-01,173.84136962890625
2019-04-02,174.37850952148438
2019-04-03,175.4811248779297
2019-04-04,176.05592346191406
2019-04-05,176.4421844482422
2019-04-08,176.3762969970703
2019-04-09,175.89566040039062
2019-04-10,174.59524536132812
2019-04-11,174.56695556640625
2019-04-12,176.31976318359375
2019-04-15,178.29861450195312
2019-04-16,179.55186462402344
2019-04-17,177.13015747070312
2019-04-18,178.1573028564453
2019-04-22,177.24322509765625
2019-04-23,177.76150512695312
2019-04-24,183.1610565185547
2019-04-25,182.08680725097656
2019-04-26,184.28244018554688
2019-04-29,183.4720458984375
2019-04-30,185.2812957763672
2019-05-01,182.71815490722656
2019-05-02,181.6533203125
2019-05-03,185.11175537109375
2019-05-06,185.86557006835938
2019-05-07,181.53082275390625
2019-05-08,180.9465789794922
2019-05-09,177.98765563964844
2019-05-10,178.09133911132812
2019-05-13,172.92730712890625
2019-05-14,175.9710693359375
2019-05-15,175.8862762451172
2019-05-16,178.35513305664062
2019-05-17,175.67185974121094
2019-05-20,174.57586669921875
2019-05-21,177.35369873046875
2019-05-22,179.3944854736328
2019-05-23,174.41526794433594
2019-05-24,174.88768005371094
2019-05-28,177.05133056640625
2019-05-29,175.955322265625
2019-05-30,176.96624755859375
2019-05-31,172.79010009765625
2019-06-03,171.0233154296875
2019-06-04,174.66090393066406
2019-06-05,176.53163146972656
2019-06-06,178.4875030517578
2019-06-07,179.4322967529297
2019-06-10,181.35972595214844
2019-06-11,179.40394592285156
2019-06-12,180.2920379638672
2019-06-13,181.74710083007812
2019-06-14,181.6904296875
2019-06-17,181.23690795898438
2019-06-18,183.3343963623047
2019-06-19,185.2429656982422
2019-06-20,186.4618377685547
2019-06-21,183.82571411132812
2019-06-24,184.34539794921875
2019-06-25,183.09815979003906
2019-06-26,183.19271850585938
2019-06-27,184.55325317382812
2019-06-28,184.53436279296875
2019-07-01,187.38772583007812
2019-07-02,189.2112579345703
2019-07-03,191.43162536621094
2019-07-05,190.31666564941406
2019-07-08,186.6790771484375
2019-07-09,187.12313842773438
2019-07-10,188.74827575683594
2019-07-11,190.5340118408203
2019-07-12,193.9826202392578
2019-07-15,193.68972778320312
2019-07-16,193.67086791992188
2019-07-17,191.582763671875
2019-07-18,193.00006103515625
2019-07-19,189.8064727783203
2019-07-22,191.11036682128906
2019-07-23,191.4693603515625
2019-07-24,191.82846069335938
2019-07-25,189.7781524658203
2019-07-26,192.17799377441406
2019-07-29,190.35450744628906
2019-07-30,191.08201599121094
2019-07-31,202.51443481445312
2019-08-01,204.13014221191406
2019-08-02,202.47662353515625
2019-08-05,191.50718688964844
2019-08-06,194.91798400878906
2019-08-07,196.76040649414062
2019-08-08,202.80728149414062
2019-08-09,202.3160400390625
2019-08-12,201.1821746826172
2019-08-13,201.7207794189453
2019-08-14,195.116455078125
2019-08-15,198.3666229248047
2019-08-16,202.46717834472656
2019-08-19,206.00909423828125
2019-08-20,205.1662139892578
2019-08-21,207.4390869140625
2019-08-22,205.28936767578125
2019-08-23,199.25672912597656
2019-08-26,201.01820373535156
2019-08-27,201.97474670410156
2019-08-28,203.0070037841797
2019-08-29,204.90106201171875
2019-08-30,204.162353515625
2019-09-03,201.85165405273438
2019-09-04,202.38197326660156
2019-09-05,207.95053100585938
2019-09-06,208.8596649169922
2019-09-09,205.85760498046875
2019-09-10,200.26058959960938
2019-09-11,201.8042755126953
2019-09-12,201.70010375976562
2019-09-13,201.03717041015625
2019-09-16,202.03155517578125
2019-09-17,206.605712890625
2019-09-18,205.2798614501953
2019-09-19,205.09994506835938
2019-09-20,202.74183654785156
2019-09-23,203.97299194335938
2019-09-24,199.42715454101562
2019-09-25,202.4103240966797
2019-09-26,201.8894805908203
2019-09-27,194.97608947753906
2019-09-30,193.98170471191406
2019-10-01,190.81866455078125
2019-10-02,186.38644409179688
2019-10-03,188.99078369140625
2019-10-04,192.7789764404297
2019-10-07,197.18275451660156
2019-10-08,194.8624725341797
2019-10-09,198.5464324951172
2019-10-10,199.8722686767578
2019-10-11,202.76080322265625
2019-10-14,203.11119079589844
2019-10-15,207.1077117919922
2019-10-16,205.6492462158203
2019-10-17,207.18341064453125
2019-10-18,205.7913055419922
2019-10-21,207.67588806152344
2019-10-22,201.908447265625
2019-10-23,200.7435760498047
2019-10-24,204.162353515625
2019-10-25,204.569580078125
2019-10-28,204.83477783203125
2019-10-29,208.72706604003906
2019-10-30,206.68150329589844
2019-10-31,209.00172424316406
2019-11-01,208.82183837890625
2019-11-04,206.45419311523438
2019-11-05,201.77586364746094
2019-11-06,204.37071228027344
2019-11-07,206.70989990234375
2019-11-08,206.57737731933594
2019-11-11,206.50160217285156
2019-11-12,205.9427947998047
2019-11-13,207.15504455566406
2019-11-14,207.2687225341797
2019-11-15,208.49034118652344
2019-11-18,209.6551971435547
2019-11-19,212.01332092285156
2019-11-20,212.52590942382812
2019-11-21,212.7441864013672
2019-11-22,211.6147003173828
2019-11-25,214.26283264160156
2019-11-26,215.2025146484375
2019-11-27,215.01266479492188
2019-11-29,215.14553833007812
2019-12-02,213.75025939941406
2019-12-03,213.37062072753906
2019-12-04,215.2689666748047
2019-12-05,217.6987762451172
2019-12-06,219.98622131347656
2019-12-09,218.82827758789062
2019-12-10,219.3028564453125
2019-12-11,221.39097595214844
2019-12-12,222.41610717773438
2019-12-13,223.12796020507812
2019-12-16,224.0961151123047
2019-12-17,223.3937225341797
2019-12-18,224.456787109375
2019-12-19,226.0893096923828
2019-12-20,226.0323944091797
2019-12-23,225.00732421875
2019-12-24,226.07034301757812
2019-12-26,226.9056396484375
2019-12-27,227.13340759277344
2019-12-30,225.57675170898438
2019-12-31,225.33950805664062
2020-01-02,229.4303741455078
2020-01-03,228.86087036132812
2020-01-06,229.57275390625
2020-01-07,228.74700927734375
2020-01-08,233.13209533691406
2020-01-09,236.19789123535156
2020-01-10,235.4195556640625
2020-01-13,238.70367431640625
2020-01-14,236.7483673095703
2020-01-15,240.1653594970703
2020-01-16,243.0317840576172
2020-01-17,244.5314483642578
2020-01-21,243.3070526123047
2020-01-22,244.37962341308594
2020-01-23,244.01890563964844
2020-01-24,242.62367248535156
2020-01-27,242.14910888671875
2020-01-28,246.96131896972656
2020-01-29,247.4169158935547
2020-01-30,250.39723205566406
2020-01-31,243.73416137695312
2020-02-03,247.7395782470703
2020-02-04,253.29220581054688
2020-02-05,250.9003143310547
2020-02-06,254.38369750976562
2020-02-07,253.89967346191406
2020-02-10,254.7823486328125
2020-02-11,257.2122497558594
2020-02-12,259.50909423828125
2020-02-13,258.90167236328125
2020-02-14,263.7044372558594
2020-02-18,266.40948486328125
2020-02-19,270.80413818359375
2020-02-20,264.69158935546875
2020-02-21,258.0094909667969
2020-02-24,253.24440002441406
2020-02-25,247.31893920898438
2020-02-26,248.2510223388672
2020-02-27,232.13914489746094
2020-02-28,228.296630859375
2020-03-02,246.83389282226562
2020-03-03,240.50897216796875
2020-03-04,256.402099609375
2020-03-05,240.2616729736328
2020-03-06,226.81288146972656
2020-03-09,200.5430145263672
2020-03-10,216.47421264648438
2020-03-11,200.9329833984375
2020-03-12,183.88893127441406
2020-03-13,202.6544952392578
2020-03-16,176.33709716796875
2020-03-17,192.2112579345703
2020-03-18,165.82725524902344
2020-03-19,169.21327209472656
2020-03-20,167.2063751220703
2020-03-23,157.0198974609375
2020-03-24,186.1811981201172
2020-03-25,197.00486755371094
2020-03-26,213.36407470703125
2020-03-27,209.4264678955078
2020-03-30,211.3572235107422
2020-03-31,201.16123962402344
2020-04-01,187.8931427001953
2020-04-02,196.61488342285156
2020-04-03,198.58372497558594
2020-04-06,217.9579620361328
2020-04-07,217.52996826171875
2020-04-08,215.44705200195312
2020-04-09,229.865966796875
2020-04-13,219.7936248779297
2020-04-14,226.1375274658203
2020-04-15,218.59519958496094
2020-04-16,223.23667907714844
2020-04-17,227.65933227539062
2020-04-20,227.76397705078125
2020-04-21,217.1019744873047
2020-04-22,228.10635375976562
2020-04-23,228.26806640625
2020-04-24,233.21385192871094
2020-04-27,242.11631774902344
2020-04-28,239.71005249023438
2020-04-29,242.51576232910156
2020-04-30,231.9774627685547
2020-05-01,230.0181884765625
2020-05-04,233.39459228515625
2020-05-05,238.22628784179688
2020-05-06,229.6852569580078
2020-05-07,235.58213806152344
2020-05-08,239.44369506835938
2020-05-11,240.68968200683594
2020-05-12,238.2453155517578
2020-05-13,235.6106719970703
2020-05-14,241.46005249023438
2020-05-15,239.0252227783203
2020-05-18,247.10964965820312
2020-05-19,242.029296875
2020-05-20,244.26922607421875
2020-05-21,241.88632202148438
2020-05-22,244.7935028076172
2020-05-26,247.53860473632812
2020-05-27,246.67123413085938
2020-05-28,252.39024353027344
2020-05-29,254.88758850097656
2020-06-01,264.066650390625
2020-06-02,263.4947509765625
2020-06-03,269.34716796875
2020-06-04,263.1039123535156
2020-06-05,266.592529296875
2020-06-08,268.6133117675781
2020-06-09,262.1031188964844
2020-06-10,263.83782958984375
2020-06-11,246.18515014648438
2020-06-12,254.47775268554688
2020-06-15,257.556396484375
2020-06-16,261.6932373046875
2020-06-17,262.1412353515625
2020-06-18,262.0173645019531
2020-06-19,262.3414611816406
2020-06-22,263.61865234375
2020-06-23,264.0570983886719
2020-06-24,253.0955352783203
2020-06-25,263.2373352050781
2020-06-26,256.3840637207031
2020-06-29,256.5079345703125
2020-06-30,261.8647766113281
2020-07-01,265.35345458984375
2020-07-02,264.99127197265625
2020-07-06,270.3670959472656
2020-07-07,272.0064697265625
2020-07-08,280.4611511230469
2020-07-09,280.50885009765625
2020-07-10,279.2030029296875
2020-07-13,272.3782653808594
2020-07-14,277.6016845703125
2020-07-15,279.7749328613281
2020-07-16,275.8287353515625
2020-07-17,278.812255859375
2020-07-20,280.1656494140625
2020-07-21,277.258544921875
2020-07-22,279.7558288574219
2020-07-23,274.62774658203125
2020-07-24,276.11468505859375
2020-07-27,275.9432067871094
2020-07-28,269.4234924316406
2020-07-29,277.7160339355469
2020-07-30,270.48150634765625
2020-07-31,268.1270751953125
2020-08-03,267.488525390625
2020-08-04,263.07537841796875
2020-08-05,264.6194763183594
2020-08-06,266.2398681640625
2020-08-07,262.6178283691406
2020-08-10,258.45245361328125
2020-08-11,261.6741943359375
2020-08-12,265.7823181152344
2020-08-13,268.7658386230469
2020-08-14,267.8887939453125
2020-08-17,270.3385314941406
2020-08-18,272.1209411621094
2020-08-19,269.0265808105469
2020-08-20,270.71697998046875
2020-08-21,271.68157958984375
2020-08-24,271.44287109375
2020-08-25,272.5507507324219
2020-08-26,278.8253173828125
2020-08-27,279.0259094238281
2020-08-28,281.15570068359375
2020-08-31,281.3944091796875
2020-09-01,282.76007080078125
2020-09-02,290.8016052246094
2020-09-03,278.15673828125
2020-09-04,269.7715148925781
2020-09-08,266.1709899902344
2020-09-09,275.4444885253906
2020-09-10,271.0226135253906
2020-09-11,272.1304931640625
2020-09-14,275.7023620605469
2020-09-15,274.05010986328125
2020-09-16,273.926025390625
2020-09-17,270.000732421875
2020-09-18,268.19573974609375
2020-09-21,267.45074462890625
2020-09-22,266.5816650390625
2020-09-23,261.3575134277344
2020-09-24,263.12445068359375
2020-09-25,267.8805236816406
2020-09-28,272.3406066894531
2020-09-29,272.8849182128906
2020-09-30,276.81976318359375
2020-10-01,280.3056640625
2020-10-02,280.7450256347656
2020-10-05,281.9101867675781
2020-10-06,274.9955749511719
2020-10-07,275.2917175292969
2020-10-08,279.0068054199219
2020-10-09,281.4803161621094
2020-10-12,280.143310546875
2020-10-13,280.21966552734375
2020-10-14,277.0680847167969
2020-10-15,277.4213562011719
2020-10-16,276.06524658203125
2020-10-19,271.7389221191406
2020-10-20,272.5602111816406
2020-10-21,264.7002258300781
2020-10-22,260.45977783203125
2020-10-23,259.6575622558594
2020-10-26,256.90704345703125
2020-10-27,254.22335815429688
2020-10-28,250.08804321289062
2020-10-29,251.1767578125
2020-10-30,251.081298828125
2020-11-02,253.97503662109375
2020-11-03,257.0789794921875
2020-11-04,272.7703552246094
2020-11-05,277.975341796875
2020-11-06,277.5647277832031
2020-11-09,263.0671081542969
2020-11-10,258.1772766113281
2020-11-11,267.65130615234375
2020-11-12,263.91705322265625
2020-11-13,263.0289001464844
2020-11-16,263.15301513671875
2020-11-17,262.3412170410156
2020-11-18,260.3643493652344
2020-11-19,261.796875
2020-11-20,261.2035827636719
2020-11-23,259.1938781738281
2020-11-24,259.9020080566406
2020-11-25,264.6774597167969
2020-11-27,265.29949951171875
2020-11-30,270.1993713378906
2020-12-01,267.19439697265625
2020-12-02,266.0172424316406
2020-12-03,267.84515380859375
2020-12-04,273.3765869140625
2020-12-07,270.9266357421875
2020-12-08,266.8211364746094
2020-12-09,263.4811706542969
2020-12-10,262.1988220214844
2020-12-11,262.83038330078125
2020-12-14,262.8113708496094
2020-12-15,265.4621887207031
2020-12-16,268.4862976074219
2020-12-17,268.0173645019531
2020-12-18,271.1850280761719
2020-12-21,266.86895751953125
2020-12-22,269.1753845214844
2020-12-23,263.84490966796875
2020-12-24,266.8881530761719
2020-12-28,266.0172424316406
2020-12-29,268.6585693359375
2020-12-30,273.2330322265625
2020-12-31,277.7596130371094
2021-01-04,279.44390869140625
2021-01-05,272.151611328125
2021-01-06,269.251953125
2021-01-07,269.2806091308594
2021-01-08,268.16094970703125
2021-01-11,264.4669189453125
2021-01-12,262.27532958984375
2021-01-13,262.4571838378906
2021-01-14,260.4571838378906
2021-01-15,255.1839599609375
2021-01-19,257.7104797363281
2021-01-20,263.68218994140625
2021-01-21,259.1268005371094
2021-01-22,255.23196411132812
2021-01-25,255.08827209472656
2021-01-26,257.1171569824219
2021-01-27,251.72926330566406
2021-01-28,258.4569091796875
2021-01-29,254.81080627441406
2021-02-01,259.10772705078125
2021-02-02,266.2851257324219
2021-02-03,262.1031494140625
2021-02-04,264.9454650878906
2021-02-05,265.0602722167969
2021-02-08,266.4192199707031
2021-02-09,270.18011474609375
2021-02-10,264.9645080566406
2021-02-11,266.67767333984375
2021-02-12,266.6871643066406
2021-02-16,268.294921875
2021-02-17,268.4862976074219
2021-02-18,266.7924499511719
2021-02-19,268.3619079589844
2021-02-22,265.11767578125
2021-02-23,264.17022705078125
2021-02-24,267.17236328125
2021-02-25,265.9638366699219
2021-02-26,263.66192626953125
2021-03-01,270.93231201171875
2021-03-02,269.64697265625
2021-03-03,266.64483642578125
2021-03-04,266.6544494628906
2021-03-05,275.6992492675781
2021-03-08,277.65594482421875
2021-03-09,278.1929931640625
2021-03-10,279.2386169433594
2021-03-11,279.6221923828125
2021-03-12,279.72772216796875
2021-03-15,285.21405029296875
2021-03-16,284.0822448730469
2021-03-17,281.13763427734375
2021-03-18,275.86236572265625
2021-03-19,276.0349426269531
2021-03-22,278.4328918457031
2021-03-23,278.9028625488281
2021-03-24,284.14935302734375
2021-03-25,283.68902587890625
2021-03-26,291.6979675292969
2021-03-29,294.43157958984375
2021-03-30,285.377197265625
2021-03-31,286.4129333496094
2021-04-01,293.7984924316406
2021-04-05,298.1913757324219
2021-04-06,296.85821533203125
2021-04-07,295.33319091796875
2021-04-08,300.3111877441406
2021-04-09,301.45263671875
2021-04-12,301.6348571777344
2021-04-13,302.29656982421875
2021-04-14,302.29656982421875
2021-04-15,305.5001525878906
2021-04-16,308.84765625
2021-04-19,307.61993408203125
2021-04-20,310.5357360839844
2021-04-21,311.7538146972656
2021-04-22,311.7730407714844
2021-04-23,314.3435974121094
2021-04-26,311.99365234375
2021-04-27,313.0679626464844
2021-04-28,306.96771240234375
2021-04-29,316.47296142578125
2021-04-30,313.3652648925781
2021-05-03,315.86865234375
2021-05-04,316.7222900390625
2021-05-05,315.2452392578125
2021-05-06,316.13714599609375
2021-05-07,320.83709716796875
2021-05-10,319.99298095703125
2021-05-11,315.3219299316406
2021-05-12,306.67041015625
2021-05-13,315.4082336425781
2021-05-14,320.39581298828125
2021-05-17,316.2236022949219
2021-05-18,310.5837097167969
2021-05-19,311.2660217285156
2021-05-20,314.2355041503906
2021-05-21,316.0517272949219
2021-05-24,318.9347839355469
2021-05-25,320.0302429199219
2021-05-26,318.2716064453125
2021-05-27,320.712646484375
2021-05-28,322.2693786621094
2021-06-01,318.01214599609375
2021-06-02,321.9330139160156
2021-06-03,321.2411193847656
2021-06-04,322.5576171875
2021-06-07,322.0003662109375
2021-06-08,323.8070373535156
2021-06-09,325.56561279296875
2021-06-10,326.69952392578125
2021-06-11,331.2930603027344
2021-06-14,334.1953125
2021-06-15,337.22247314453125
2021-06-16,333.368896484375
2021-06-17,341.4892883300781
2021-06-18,335.1563720703125
2021-06-21,341.777587890625
2021-06-22,345.4677429199219
2021-06-23,343.6515197753906
2021-06-24,347.8511047363281
2021-06-25,350.7532958984375
2021-06-28,351.48358154296875
2021-06-29,352.0506286621094
2021-06-30,348.23541259765625
2021-07-01,351.0607604980469
2021-07-02,353.4920959472656
2021-07-06,355.6062927246094
2021-07-07,362.04486083984375
2021-07-08,359.7962341308594
2021-07-09,360.93975830078125
2021-07-12,360.4112854003906
2021-07-13,360.3728332519531
2021-07-14,360.9493408203125
2021-07-15,360.1325988769531
2021-07-16,363.21728515625
2021-07-19,357.32647705078125
2021-07-20,362.5927429199219
2021-07-21,364.2167663574219
2021-07-22,366.3406066894531
2021-07-23,366.9652099609375
2021-07-26,364.9759521484375
2021-07-27,366.10992431640625
2021-07-28,363.8131103515625
2021-07-29,362.5927429199219
2021-07-30,361.3337707519531
2021-08-02,364.4282531738281
2021-08-03,364.3608703613281
2021-08-04,367.8301086425781
2021-08-05,371.7510070800781
2021-08-06,369.953857421875
2021-08-09,367.50335693359375
2021-08-10,365.51409912109375
2021-08-11,365.177734375
2021-08-12,364.1495361328125
2021-08-13,365.80242919921875
2021-08-16,369.4446105957031
2021-08-17,366.97479248046875
2021-08-18,359.33489990234375
2021-08-19,360.5285949707031
2021-08-20,362.3382263183594
2021-08-23,364.92755126953125
2021-08-24,362.2708740234375
2021-08-25,362.3189392089844
2021-08-26,361.3274841308594
2021-08-27,363.7146911621094
2021-08-30,366.83349609375
2021-08-31,366.5254821777344
2021-09-01,367.81536865234375
2021-09-02,371.26141357421875
2021-09-03,370.97265625
2021-09-07,367.48797607421875
2021-09-08,367.6515808105469
2021-09-09,368.1907653808594
2021-09-10,368.2196350097656
2021-09-13,364.9853210449219
2021-09-14,365.9286804199219
2021-09-15,365.6014099121094
2021-09-16,366.1019592285156
2021-09-17,356.1583557128906
2021-09-20,355.1283264160156
2021-09-21,355.6193542480469
2021-09-22,356.52410888671875
2021-09-23,362.8194885253906
2021-09-24,362.1937255859375
2021-09-27,354.4257507324219
2021-09-28,342.19122314453125
2021-09-29,345.9741516113281
2021-09-30,341.8254089355469
2021-10-01,345.81048583984375
2021-10-04,336.64666748046875
2021-10-05,342.0853271484375
2021-10-06,344.5591735839844
2021-10-07,349.4105529785156
2021-10-08,348.71759033203125
2021-10-11,346.5805358886719
2021-10-12,347.42767333984375
2021-10-13,347.94757080078125
2021-10-14,356.6300048828125
2021-10-15,357.2942199707031
2021-10-18,360.0088195800781
2021-10-19,364.7831726074219
2021-10-20,358.0257873535156
2021-10-21,362.1264953613281
2021-10-22,367.3822021484375
2021-10-25,370.6935119628906
2021-10-26,375.7374267578125
2021-10-27,377.951416015625
2021-10-28,391.4757385253906
2021-10-29,389.0308532714844
2021-11-01,379.635986328125
2021-11-02,376.08404541015625
2021-11-03,372.08917236328125
2021-11-04,374.4860534667969
2021-11-05,372.6282653808594
2021-11-08,372.7823791503906
2021-11-09,377.6241455078125
2021-11-10,373.18658447265625
2021-11-11,371.0303649902344
2021-11-12,373.5042419433594
2021-11-15,376.1609802246094
2021-11-16,386.6147766113281
2021-11-17,382.4178466796875
2021-11-18,380.2616271972656
2021-11-19,372.9267272949219
2021-11-22,370.7767028808594
2021-11-23,372.7434997558594
2021-11-24,378.4319152832031
2021-11-26,370.31390380859375
2021-11-29,383.02117919921875
2021-11-30,376.62896728515625
2021-12-01,366.6308288574219
2021-12-02,375.1924133300781
2021-12-03,370.9791564941406
2021-12-06,371.5865783691406
2021-12-07,384.110595703125
2021-12-08,383.7828369140625
2021-12-09,379.28997802734375
2021-12-10,383.4839172363281
2021-12-13,384.49627685546875
2021-12-14,377.8823547363281
2021-12-15,383.4646911621094
2021-12-16,381.71954345703125
2021-12-17,379.5213317871094
2021-12-20,373.0616455078125
2021-12-21,377.2459716796875
2021-12-22,380.8036804199219
2021-12-23,383.0115051269531
2021-12-27,385.1422424316406
2021-12-28,385.0941162109375
2021-12-29,383.7828369140625
2021-12-30,377.033935546875
2021-12-31,376.5710754394531
2022-01-03,369.831787109375
2022-01-04,372.41571044921875
2022-01-05,363.5263977050781
2022-01-06,361.18359375
2022-01-07,359.0431213378906
2022-01-10,348.81365966796875
2022-01-11,354.6659851074219
2022-01-12,359.5252685546875
2022-01-13,349.58502197265625
2022-01-14,340.8692321777344
2022-01-18,332.0667419433594
2022-01-19,334.1974792480469
2022-01-20,332.88623046875
2022-01-21,329.6082458496094
2022-01-24,331.7389221191406
2022-01-25,313.3721923828125
2022-01-26,312.8997802734375
2022-01-27,314.23028564453125
2022-01-28,324.44049072265625
2022-01-31,330.6976623535156
2022-02-01,331.5653076171875
2022-02-02,334.6023254394531
2022-02-03,328.15228271484375
2022-02-04,334.4385070800781
2022-02-07,324.44049072265625
2022-02-08,326.07940673828125
2022-02-09,330.9483337402344
2022-02-10,337.58160400390625
2022-02-11,320.37176513671875
2022-02-14,311.8680725097656
2022-02-15,317.99041748046875
2022-02-16,318.76171875
2022-02-17,311.5500183105469
2022-02-18,311.97418212890625
2022-02-22,311.46319580078125
2022-02-23,307.45245361328125
2022-02-24,311.1339111328125
2022-02-25,312.7764892578125
2022-02-28,311.1628112792969
2022-03-01,311.4720153808594
2022-03-02,314.9891662597656
2022-03-03,313.9360046386719
2022-03-04,314.8442077636719
2022-03-07,304.0704650878906
2022-03-08,303.40380859375
2022-03-09,312.3996887207031
2022-03-10,303.40380859375
2022-03-11,294.1954345703125
2022-03-14,291.1419372558594
2022-03-15,296.35980224609375
2022-03-16,304.23480224609375
2022-03-17,310.9696044921875
2022-03-18,320.0523376464844
2022-03-21,315.78155517578125
2022-03-22,319.8107604980469
2022-03-23,315.11480712890625
2022-03-24,318.3807373046875
2022-03-25,319.356689453125
2022-03-28,324.4295959472656
2022-03-29,328.1593017578125
2022-03-30,326.903076171875
2022-03-31,326.0238037109375
2022-04-01,328.84527587890625
2022-04-04,330.82611083984375
2022-04-05,330.9034118652344
2022-04-06,329.5989685058594
2022-04-07,331.7923583984375
2022-04-08,331.1256408691406
2022-04-11,323.08636474609375
2022-04-12,320.931640625
2022-04-13,322.40032958984375
2022-04-14,317.3178405761719
2022-04-18,317.1536560058594
2022-04-19,322.28436279296875
2022-04-20,323.73382568359375
2022-04-21,318.78662109375
2022-04-22,311.5396423339844
2022-04-25,314.52545166015625
2022-04-26,308.2350769042969
2022-04-27,308.70855712890625
2022-04-28,315.57867431640625
2022-04-29,305.80010986328125
2022-05-02,290.9681701660156
2022-05-03,298.9783630371094
2022-05-04,306.6986999511719
2022-05-05,293.7509460449219
2022-05-06,290.3013916015625
2022-05-09,275.99114990234375
2022-05-10,275.4211120605469
2022-05-11,272.6575927734375
2022-05-12,275.9525451660156
2022-05-13,279.2087707519531
2022-05-16,278.04931640625
2022-05-17,282.9771728515625
2022-05-18,271.1309509277344
2022-05-19,273.9013671875
2022-05-20,280.2073669433594
2022-05-23,285.9031066894531
2022-05-24,283.7042236328125
2022-05-25,282.8421630859375
2022-05-26,290.0587463378906
2022-05-27,297.8565368652344
2022-05-31,292.1219787597656
2022-06-01,273.5332336425781
2022-06-02,284.3726501464844
2022-06-03,276.3424072265625
2022-06-06,275.6158447265625
2022-06-07,280.3236083984375
2022-06-08,274.98626708984375
2022-06-09,270.68536376953125
2022-06-10,264.6698913574219
2022-06-13,257.0367431640625
2022-06-14,249.60702514648438
2022-06-15,254.08230590820312
2022-06-16,245.69361877441406
2022-06-17,247.8537139892578
2022-06-21,251.91249084472656
2022-06-22,254.92506408691406
2022-06-23,261.54107666015625
2022-06-24,268.80609130859375
2022-06-27,269.0967102050781
2022-06-28,262.1222839355469
2022-06-29,263.4203186035156
2022-06-30,263.4493408203125
2022-07-01,266.2972412109375
2022-07-05,271.2762451171875
2022-07-06,274.1241149902344
2022-07-07,276.0130310058594
2022-07-08,275.2283630371094
2022-07-11,274.75372314453125
2022-07-12,266.82037353515625
2022-07-13,267.08184814453125
2022-07-14,266.57818603515625
2022-07-15,272.78729248046875
2022-07-18,272.0511474609375
2022-07-19,280.0814514160156
2022-07-20,281.9122009277344
2022-07-21,286.6780700683594
2022-07-22,286.2033996582031
2022-07-25,281.4762878417969
2022-07-26,277.59197998046875
2022-07-27,284.42108154296875
2022-07-28,296.6845397949219
2022-07-29,300.53009033203125
2022-08-01,297.87591552734375
2022-08-02,297.87591552734375
2022-08-03,300.21044921875
2022-08-04,303.4748840332031
2022-08-05,301.32440185546875
2022-08-08,303.0486145019531
2022-08-09,300.7916259765625
2022-08-10,312.4350280761719
2022-08-11,307.6498107910156
2022-08-12,312.8516540527344
2022-08-15,312.2025451660156
2022-08-16,312.0960388183594
2022-08-17,311.4856872558594
2022-08-18,310.5149230957031
2022-08-19,301.80706787109375
2022-08-22,295.5357360839844
2022-08-23,289.8760986328125
2022-08-24,290.1188049316406
2022-08-25,297.10833740234375
2022-08-26,284.35235595703125
2022-08-29,281.6244812011719
2022-08-30,278.42083740234375
2022-08-31,276.2073974609375
2022-09-01,278.4013977050781
2022-09-02,276.0909423828125
2022-09-06,279.4887390136719
2022-09-07,285.827880859375
2022-09-08,287.45880126953125
2022-09-09,290.78857421875
2022-09-12,294.4678955078125
2022-09-13,282.2165832519531
2022-09-14,277.8480529785156
2022-09-15,274.0620422363281
2022-09-16,272.1010437011719
2022-09-19,270.3730773925781
2022-09-20,262.89794921875
2022-09-21,258.9080505371094
2022-09-22,247.84115600585938
2022-09-23,247.24896240234375
2022-09-26,243.00665283203125
2022-09-27,242.44358825683594
2022-09-28,244.6181640625
2022-09-29,239.35650634765625
2022-09-30,236.0072479248047
2022-10-03,243.54055786132812
2022-10-04,254.3259735107422
2022-10-05,254.20948791503906
2022-10-06,246.64707946777344
2022-10-07,238.2886199951172
2022-10-10,235.9684600830078
2022-10-11,233.84242248535156
2022-10-12,232.55128479003906
2022-10-13,234.76466369628906
2022-10-14,228.37693786621094
2022-10-17,235.95872497558594
2022-10-18,238.74488830566406
2022-10-19,234.813232421875
2022-10-20,230.47381591796875
2022-10-21,234.95884704589844
2022-10-24,237.8226318359375
2022-10-25,250.09335327148438
2022-10-26,249.4623260498047
2022-10-27,253.37461853027344
2022-10-28,261.228271484375
2022-10-31,257.13153076171875
2022-11-01,256.626708984375
2022-11-02,248.62745666503906
2022-11-03,247.18099975585938
2022-11-04,251.39425659179688
2022-11-07,256.6655578613281
2022-11-08,259.3352355957031
2022-11-09,254.81134033203125
2022-11-10,285.6628723144531
2022-11-11,301.3022155761719
2022-11-14,285.022216796875
2022-11-15,290.0119934082031
2022-11-16,288.07037353515625
2022-11-17,281.3331604003906
2022-11-18,283.78924560546875
2022-11-21,283.41070556640625
2022-11-22,286.4468078613281
2022-11-23,289.9499816894531
2022-11-25,292.9083557128906
2022-11-28,284.0432434082031
2022-11-29,281.74664306640625
2022-11-30,290.251708984375
2022-12-01,297.8516845703125
2022-12-02,293.6186828613281
2022-12-05,283.4690246582031
2022-12-06,284.7341003417969
2022-12-07,282.86572265625
2022-12-08,282.0677185058594
2022-12-09,280.2285461425781
2022-12-12,283.2160339355469
2022-12-13,293.5213317871094
2022-12-14,289.619140625
2022-12-15,279.1483459472656
2022-12-16,274.18548583984375
2022-12-19,270.8380126953125
2022-12-20,267.490478515625
2022-12-21,274.8278503417969
2022-12-22,271.6845703125
2022-12-23,271.3245544433594
2022-12-27,268.9306945800781
2022-12-28,265.6804504394531
2022-12-29,275.32403564453125
2022-12-30,271.1299133300781
2023-01-03,269.03778076171875
2023-01-04,276.4723205566406
2023-01-05,269.2518310546875
2023-01-06,281.91204833984375
2023-01-09,282.9728088378906
2023-01-10,289.25909423828125
2023-01-11,299.1654052734375
2023-01-12,304.00177001953125
2023-01-13,306.0744934082031
2023-01-17,305.15008544921875
2023-01-18,307.97216796875
2023-01-19,304.5467529296875
2023-01-20,311.8548278808594
2023-01-23,311.5823974609375
2023-01-24,306.8822937011719
2023-01-25,307.2423095703125
2023-01-26,309.65557861328125
2023-01-27,310.9888000488281
2023-01-30,305.75347900390625
2023-01-31,314.0735778808594
2023-02-01,314.5795593261719
2023-02-02,320.6323547363281
2023-02-03,315.6402893066406
2023-02-06,306.0648498535156
2023-02-07,309.3442687988281
2023-02-08,303.6028137207031
2023-02-09,298.7567443847656
2023-02-10,298.5231628417969
2023-02-13,305.1208801269531
2023-02-14,300.7613525390625
2023-02-15,302.1140441894531
2023-02-16,294.3679504394531
2023-02-17,293.34625244140625
2023-02-21,286.91387939453125
2023-02-22,286.4954528808594
2023-02-23,287.2759704589844
2023-02-24,282.2025146484375
2023-02-27,282.6610412597656
2023-02-28,283.0903015136719
2023-03-01,282.24151611328125
2023-03-02,283.2757263183594
2023-03-03,291.3542175292969
2023-03-06,296.09600830078125
2023-03-07,286.3490905761719
2023-03-08,286.9637756347656
2023-03-09,287.87109375
2023-03-10,278.1534729003906
2023-03-13,278.36810302734375
2023-03-14,285.8905029296875
2023-03-15,285.6661682128906
2023-03-16,290.7005920410156
2023-03-17,287.09063720703125
2023-03-20,284.3489990234375
2023-03-21,289.86151123046875
2023-03-22,283.7538146972656
2023-03-23,283.3050231933594
2023-03-24,285.6075744628906
2023-03-27,286.0466613769531
2023-03-28,286.8369445800781
2023-03-29,292.2616882324219
2023-03-30,293.6178283691406
2023-03-31,298.5741882324219
2023-04-03,296.89605712890625
2023-04-04,296.54486083984375
2023-04-05,295.4812927246094
2023-04-06,291.3542175292969
2023-04-10,288.46630859375
2023-04-11,292.0372619628906
2023-04-12,290.92498779296875
2023-04-13,296.5058288574219
2023-04-14,294.96429443359375
2023-04-17,295.9788818359375
2023-04-18,297.9010009765625
2023-04-19,295.7642822265625
2023-04-20,295.3642578125
2023-04-21,296.2033386230469
2023-04-24,295.2861633300781
2023-04-25,298.9937744140625
2023-04-26,297.50103759765625
2023-04-27,303.82330322265625
2023-04-28,305.5014953613281
2023-05-01,305.6575622558594
2023-05-02,298.330322265625
2023-05-03,292.9250793457031
2023-05-04,292.3591613769531
2023-05-05,297.2278137207031
2023-05-08,298.4961853027344
2023-05-09,298.4863586425781
2023-05-10,303.0233154296875
2023-05-11,301.4329528808594
2023-05-12,302.1744384765625
2023-05-15,303.5110778808594
2023-05-16,299.9499206542969
2023-05-17,301.9500427246094
2023-05-18,307.27093505859375
2023-05-19,308.13165283203125
2023-05-22,314.3425598144531
2023-05-23,305.9407043457031
2023-05-24,302.26300048828125
2023-05-25,302.88897705078125
2023-05-26,306.1460876464844
2023-05-30,306.67425537109375
2023-05-31,309.94110107421875
2023-06-01,316.58245849609375
2023-06-02,319.8297119140625
2023-06-05,321.6001281738281
2023-06-06,323.44873046875
2023-06-07,320.3089904785156
2023-06-08,325.9428405761719
2023-06-09,328.1338806152344
2023-06-12,328.2414245605469
2023-06-13,331.381103515625
2023-06-14,333.249267578125
2023-06-15,340.6828918457031
2023-06-16,334.36431884765625
2023-06-20,332.7406921386719
2023-06-21,331.1268615722656
2023-06-22,328.4859619140625
2023-06-23,329.89447021484375
2023-06-26,327.42962646484375
2023-06-27,331.4104919433594
2023-06-28,334.11004638671875
2023-06-29,336.907470703125
2023-06-30,340.1058349609375
2023-07-03,338.8049621582031
2023-07-05,339.3624267578125
2023-07-06,334.72625732421875
2023-07-07,332.1343078613281
2023-07-10,334.6088562011719
2023-07-11,331.8310852050781
2023-07-12,339.6069641113281
2023-07-13,342.8346862792969
2023-07-14,345.4168701171875
2023-07-17,348.60552978515625
2023-07-18,351.56915283203125
2023-07-19,351.6669616699219
2023-07-20,350.99212646484375
2023-07-21,349.9455261230469
2023-07-24,349.06524658203125
2023-07-25,353.7796325683594
2023-07-26,351.38330078125
2023-07-27,343.6954650878906
2023-07-28,345.7200927734375
2023-07-31,345.02569580078125
2023-08-01,344.6441650390625
2023-08-02,336.1445617675781
2023-08-03,330.6476135253906
2023-08-04,332.60382080078125
2023-08-07,334.912109375
2023-08-08,330.422607421875
2023-08-09,330.3834533691406
2023-08-10,331.8603820800781
2023-08-11,329.3271179199219
2023-08-14,331.3616027832031
2023-08-15,325.4538269042969
2023-08-16,324.2996826171875
2023-08-17,322.0545959472656
2023-08-18,320.6036376953125
2023-08-21,318.4075622558594
2023-08-22,320.5938720703125
2023-08-23,328.10357666015625
2023-08-24,324.5447998046875
2023-08-25,327.86822509765625
2023-08-28,328.16241455078125
2023-08-29,331.1623840332031
2023-08-30,332.181884765625
2023-08-31,330.1917419433594
2023-09-01,332.662353515625
2023-09-05,331.66229248046875
2023-09-06,333.9956359863281
2023-09-07,335.4073486328125
2023-09-08,333.1034851074219
2023-09-11,333.0937194824219
2023-09-12,332.554443359375
2023-09-13,336.4661865234375
2023-09-14,342.01513671875
2023-09-15,334.49560546875
2023-09-18,336.66229248046875
2023-09-19,334.0054626464844
2023-09-20,329.2604064941406
2023-09-21,317.9075927734375
2023-09-22,317.85858154296875
2023-09-25,316.47625732421875
2023-09-26,309.24102783203125
2023-09-27,308.339111328125
2023-09-28,312.2115783691406
2023-09-29,309.966552734375
2023-10-02,310.0155334472656
2023-10-03,301.7607727050781
2023-10-04,308.3194885253906
2023-10-05,307.8292541503906
2023-10-06,310.8880615234375
2023-10-09,312.12335205078125
2023-10-10,315.5546875
2023-10-11,319.1330261230469
2023-10-12,313.6527404785156
2023-10-13,311.1724853515625
2023-10-16,315.1135559082031
2023-10-17,315.0939025878906
2023-10-18,307.8586730957031
2023-10-19,305.4665832519531
2023-10-20,303.5254821777344
2023-10-23,302.98626708984375
2023-10-24,299.6137390136719
2023-10-25,308.0940246582031
2023-10-26,304.0058288574219
2023-10-27,296.0451354980469
2023-10-30,300.309814453125
2023-10-31,301.95684814453125
2023-11-01,306.7411193847656
2023-11-02,320.4173889160156
2023-11-03,324.9173278808594
2023-11-06,326.897705078125
2023-11-07,329.280029296875
2023-11-08,332.0838928222656
2023-11-09,333.2113342285156
2023-11-10,337.809326171875
2023-11-13,336.77008056640625
2023-11-14,344.27984619140625
2023-11-15,343.8190612792969
2023-11-16,346.6327209472656
2023-11-17,349.67193603515625
2023-11-20,354.02471923828125
2023-11-21,356.6619873046875
2023-11-22,358.1553649902344
2023-11-24,356.0234069824219
2023-11-27,354.96234130859375
2023-11-28,354.8443908691406
2023-11-29,355.5419616699219
2023-11-30,358.5581970214844
2023-12-01,364.54132080078125
2023-12-04,367.3805847167969
2023-12-05,369.0704650878906
2023-12-06,366.8795166015625
2023-12-07,366.0936584472656
2023-12-08,368.03887939453125
2023-12-11,370.96661376953125
2023-12-12,373.89434814453125
2023-12-13,383.9645690917969
2023-12-14,384.7505187988281
2023-12-15,382.23541259765625
2023-12-18,384.1315612792969
2023-12-19,383.6796569824219
2023-12-20,375.7413635253906
2023-12-21,379.3568115234375
2023-12-22,380.7813415527344
2023-12-26,381.5083923339844
2023-12-27,383.365234375
2023-12-28,383.7778625488281
2023-12-29,383.7091064453125
2024-01-02,375.1125793457031
2024-01-03,368.64801025390625
2024-01-04,367.9210510253906
2024-01-05,365.17010498046875
2024-01-08,369.1097717285156
2024-01-09,366.52593994140625
2024-01-10,369.984130859375
2024-01-11,370.1904296875
2024-01-12,373.1280212402344
2024-01-16,375.0340270996094
2024-01-17,374.59185791015625
2024-01-18,376.47821044921875
2024-01-19,380.0543518066406
2024-01-22,381.9701843261719
2024-01-23,382.98211669921875
2024-01-24,383.1000061035156
2024-01-25,385.71331787109375
2024-01-26,382.4613952636719
2024-01-29,384.4066467285156
2024-01-30,389.5547180175781
2024-01-31,385.16314697265625
2024-02-01,395.4789733886719
2024-02-02,392.59051513671875
2024-02-05,390.02630615234375
2024-02-06,391.0677185058594
2024-02-07,397.74847412109375
2024-02-08,391.01861572265625
2024-02-09,398.0628356933594
2024-02-12,394.05438232421875
2024-02-13,362.7532653808594
2024-02-14,360.051513671875
2024-02-15,366.69287109375
2024-02-16,364.2564392089844
2024-02-20,368.7364501953125
2024-02-21,369.2669677734375
2024-02-22,376.0514221191406
2024-02-23,379.606201171875
2024-02-26,374.2986755371094
2024-02-27,371.8861999511719
2024-02-28,374.0426330566406
2024-02-29,373.60943603515625
2024-03-01,376.1893615722656
2024-03-04,376.6422119140625
2024-03-05,376.6422119140625
2024-03-06,383.0722351074219
2024-03-07,385.5831604003906
2024-03-08,381.0831604003906
2024-03-11,378.9562683105469
2024-03-12,382.9737548828125
2024-03-13,383.0624084472656
2024-03-14,377.5382995605469
2024-03-15,378.27679443359375
2024-03-18,378.1980285644531
2024-03-19,381.270263671875
2024-03-20,384.2341613769531
2024-03-21,389.56134033203125
2024-03-22,381.7035827636719
2024-03-25,380.6498718261719
2024-03-26,384.933349609375
2024-03-27,384.263671875
2024-03-28,387.010986328125
2024-04-01,387.85784912109375
2024-04-02,385.2090148925781
2024-04-03,386.4300231933594
2024-04-04,385.5733642578125
2024-04-05,386.45953369140625
2024-04-08,390.0044250488281
2024-04-09,391.7966003417969
2024-04-10,378.5722351074219
2024-04-11,377.6761474609375
2024-04-12,371.3840026855469
2024-04-15,367.81951904296875
2024-04-16,365.0525207519531
2024-04-17,369.66082763671875
2024-04-18,368.8632507324219
2024-04-19,368.93218994140625
2024-04-22,373.4518737792969
2024-04-23,376.3172912597656
2024-04-24,375.37200927734375
2024-04-25,369.43438720703125
2024-04-26,370.369873046875
2024-04-29,368.8829345703125
2024-04-30,364.6585693359375
2024-05-01,367.1794128417969
2024-05-02,370.6356506347656
2024-05-03,374.73199462890625
2024-05-06,381.7626647949219
2024-05-07,387.93658447265625
2024-05-08,389.87640380859375
2024-05-09,395.38079833984375
2024-05-10,394.2188720703125
2024-05-13,391.3928527832031
2024-05-14,395.94207763671875
2024-05-15,403.62261962890625
2024-05-16,406.5531921386719
2024-05-17,408.42803955078125
2024-05-20,407.0959167480469
2024-05-21,407.4709167480469
2024-05-22,409.58251953125
2024-05-23,401.61956787109375
2024-05-24,405.1520690917969
2024-05-28,400.415771484375
2024-05-29,394.5743103027344
2024-05-30,390.2524108886719
2024-05-31,391.7226257324219
2024-06-03,396.3208312988281
2024-06-04,401.1064453125
2024-06-05,404.6685791015625
2024-06-06,401.4222412109375
2024-06-07,398.3436279296875
2024-06-10,396.5280456542969
2024-06-11,397.96868896484375
2024-06-12,406.59271240234375
2024-06-13,405.17181396484375
2024-06-14,402.7049865722656
2024-06-17,406.8393859863281
2024-06-18,414.50628662109375
2024-06-20,417.10137939453125
2024-06-21,416.2923278808594
2024-06-24,419.9925537109375
2024-06-25,421.8574523925781
2024-06-26,414.09185791015625
2024-06-27,413.8352966308594
2024-06-28,415.34503173828125
2024-07-01,415.8975830078125
2024-07-02,420.3576354980469
2024-07-03,420.337890625
2024-07-05,426.524658203125
2024-07-08,426.761474609375
2024-07-09,430.1657409667969
2024-07-10,431.4879150390625
2024-07-11,437.3688659667969
2024-07-12,440.0626525878906
2024-07-15,440.7731018066406
2024-07-16,446.3580017089844
2024-07-17,449.9990234375
2024-07-18,442.8747863769531
2024-07-19,436.2735900878906
2024-07-22,444.3844909667969
2024-07-23,445.8942565917969
2024-07-24,428.0541076660156
2024-07-25,431.40899658203125
2024-07-26,442.7958984375
2024-07-29,444.18719482421875
2024-07-30,451.98236083984375
2024-07-31,450.42333984375
2024-08-01,454.7649230957031
2024-08-02,454.47882080078125
2024-08-05,434.3297119140625
2024-08-06,443.06231689453125
2024-08-07,445.0653381347656
2024-08-08,453.6795654296875
2024-08-09,458.7611999511719
2024-08-12,454.46893310546875
2024-08-13,458.30731201171875
2024-08-14,459.9650573730469
2024-08-15,460.9221496582031
2024-08-16,461.3669738769531
2024-08-19,464.68841552734375
2024-08-20,468.1087341308594
2024-08-21,470.0166320800781
2024-08-22,474.4947204589844
2024-08-23,473.88177490234375
2024-08-26,474.306884765625
2024-08-27,478.6267395019531
2024-08-28,476.9956359863281
2024-08-29,477.51959228515625
2024-08-30,482.1459045410156
2024-09-03,476.4421081542969
2024-09-04,478.93316650390625
2024-09-05,478.3005065917969
2024-09-06,469.98699951171875
2024-09-09,476.7189025878906
2024-09-10,478.5872497558594
2024-09-11,473.100830078125
2024-09-12,473.259033203125
2024-09-13,471.4895324707031
2024-09-16,479.2791748046875
2024-09-17,477.1933898925781
2024-09-18,479.11114501953125
2024-09-19,484.4886779785156
2024-09-20,488.9865417480469
2024-09-23,473.50616455078125
2024-09-24,473.88177490234375
2024-09-25,470.6888427734375
2024-09-26,468.5931396484375
2024-09-27,468.0592956542969
2024-09-30,469.1466979980469
2024-10-01,465.9933166503906
2024-10-02,464.7972106933594
2024-10-03,462.2665710449219
2024-10-04,455.24798583984375
2024-10-07,452.27252197265625
2024-10-08,465.5978698730469
2024-10-09,467.6145324707031
2024-10-10,464.0162353515625
2024-10-11,469.6607666015625
2024-10-14,473.94110107421875
2024-10-15,481.5923156738281
2024-10-16,484.4195251464844
2024-10-17,480.53460693359375
2024-10-18,482.8576354980469
2024-10-21,481.3748474121094
2024-10-22,462.3654479980469
2024-10-23,463.482421875
2024-10-24,461.58447265625
2024-10-25,457.4919128417969
2024-10-28,456.83953857421875
2024-10-29,455.2183532714844
2024-10-30,453.6960144042969
2024-10-31,448.8324890136719
2024-11-01,451.12579345703125
2024-11-04,453.15234375
2024-11-05,456.8988342285156
2024-11-06,455.85101318359375
2024-11-07,460.23016357421875
2024-11-08,471.7070007324219
2024-11-11,472.96246337890625
2024-11-12,470.0265197753906
2024-11-13,473.92138671875
2024-11-14,476.5606994628906
2024-11-15,467.8814392089844
2024-11-18,466.5271301269531
2024-11-19,463.40338134765625
2024-11-20,469.1466979980469
2024-11-21,472.4385986328125
2024-11-22,475.99371337890625
2024-11-25,489.23388671875
2024-11-26,494.80926513671875
2024-11-27,496.01739501953125
2024-11-29,495.1261291503906
2024-12-02,492.5810852050781
2024-12-03,488.897216796875
2024-12-04,493.3634338378906
2024-12-05,486.3917236328125
2024-12-06,489.9568176269531
2024-12-09,485.7579040527344
2024-12-10,486.6888427734375
2024-12-11,492.6999206542969
2024-12-12,489.93701171875
2024-12-13,484.27252197265625
2024-12-16,484.4508056640625
2024-12-17,480.9154357910156
2024-12-18,465.52630615234375
2024-12-19,457.6039733886719
2024-12-20,461.8226318359375
2024-12-23,469.1606750488281
2024-12-24,475.7164306640625
2024-12-26,476.5185852050781
2024-12-27,472.1315612792969
2024-12-30,468.93292236328125
2024-12-31,468.7744445800781
2025-01-02,468.2496032714844
2025-01-03,474.49835205078125
2025-01-06,468.5467224121094
2025-01-07,459.49542236328125
2025-01-08,467.51678466796875
2025-01-10,448.4140625
2025-01-13,453.43487548828125
2025-01-14,458.08917236328125
2025-01-15,466.7740783691406
2025-01-16,474.3498229980469
2025-01-17,471.2303771972656
2025-01-21,480.04400634765625
2025-01-22,479.9251708984375
2025-01-23,481.4006652832031
2025-01-24,484.89642333984375
2025-01-27,491.27392578125
2025-01-28,488.2138977050781
2025-01-29,485.5599365234375
2025-01-30,494.35369873046875
2025-01-31,494.59136962890625
2025-02-03,491.65020751953125
2025-02-04,488.3426208496094
2025-02-05,491.02630615234375
2025-02-06,497.9583435058594
2025-02-07,498.4139099121094
2025-02-10,499.3348693847656
2025-02-11,507.6137390136719
2025-02-12,500.53314208984375
2025-02-13,522.359130859375
2025-02-14,517.76416015625
2025-02-18,514.5359497070312
2025-02-19,514.2289428710938
2025-02-20,506.6531066894531
2025-02-21,495.4232177734375
2025-02-24,496.08673095703125
2025-02-25,497.9618835449219
2025-02-26,494.4298095703125
2025-02-27,488.9828796386719
2025-02-28,499.98583984375
2025-03-03,498.0611267089844
2025-03-04,477.52349853515625
2025-03-05,478.3966064453125
2025-03-06,466.5404052734375
2025-03-07,457.8887939453125
2025-03-10,446.7568359375
2025-03-11,440.36737060546875
2025-03-12,438.65093994140625
2025-03-13,434.36480712890625
2025-03-14,443.3338928222656
2025-03-17,450.03094482421875
2025-03-18,446.5683288574219
2025-03-19,456.6982116699219
2025-03-20,456.1822814941406
2025-03-21,455.8846435546875
2025-03-24,465.4688415527344
2025-03-25,473.4953308105469
2025-03-26,466.4114074707031
2025-03-27,465.3001708984375
2025-03-28,457.75982666015625
2025-03-31,462.0359802246094
2025-04-01,465.10174560546875
2025-04-02,467.1951904296875
2025-04-03,438.9188232421875
2025-04-04,399.2723693847656
2025-04-07,394.87713623046875
2025-04-08,393.58734130859375
2025-04-09,435.1486511230469
2025-04-10,419.7107238769531
2025-04-11,425.0683288574219
2025-04-14,434.2358703613281
2025-04-15,431.6363830566406
2025-04-16,422.3498840332031
2025-04-17,421.5263671875
2025-04-21,410.05706787109375
2025-04-22,426.4970703125
2025-04-23,427.38995361328125
2025-04-24,436.130859375
2025-04-25,435.1784362792969
2025-04-28,436.3293151855469
2025-04-29,443.4926452636719
2025-04-30,449.56463623046875
2025-05-01,448.3144836425781
2025-05-02,461.1033630371094
2025-05-05,461.0339050292969
2025-05-06,459.2877197265625
2025-05-07,464.1988525390625
2025-05-08,467.9690856933594
2025-05-09,466.9769287109375
2025-05-12,483.23834228515625
2025-05-13,480.8968505859375
2025-05-14,475.2911682128906
2025-05-15,483.5061950683594
2025-05-16,486.0013122558594
2025-05-19,489.1823425292969
2025-05-20,484.1026611328125
2025-05-21,469.97686767578125
2025-05-22,468.96295166015625
2025-05-23,466.8654479980469
2025-05-27,478.3866882324219
2025-05-28,475.6729431152344
2025-05-29,478.78436279296875
2025-05-30,476.4781188964844
2025-06-02,477.0845031738281
2025-06-03,479.2118225097656
2025-06-04,482.641357421875
2025-06-05,484.6493835449219
2025-06-06,486.051025390625
2025-06-09,482.6711730957031
2025-06-10,482.144287109375
2025-06-11,480.6731262207031
2025-06-12,478.1580810546875
2025-06-13,469.0821838378906
2025-06-16,474.0923767089844
2025-06-17,468.4360656738281
2025-06-18,467.7203369140625
2025-06-20,467.21337890625
2025-06-23,473.4461975097656
2025-06-24,486.1007385253906
2025-06-25,478.7942810058594
2025-06-26,478.6849670410156
2025-06-27,485.1364440917969
2025-06-30,498.6160888671875
2025-07-01,499.50079345703125
2025-07-02,494.1725769042969
2025-07-03,502.06549072265625
2025-07-07,499.3914489746094
2025-07-08,496.0613098144531
2025-07-09,499.2423400878906
2025-07-10,502.7215881347656
2025-07-11,496.56829833984375
2025-07-14,500.4352111816406
2025-07-15,492.343505859375
2025-07-16,497.2641296386719
2025-07-17,499.4510498046875
2025-07-18,496.93609619140625
2025-07-21,497.1945495605469
2025-07-22,496.16070556640625
2025-07-23,504.8687744140625
2025-07-24,510.0478820800781
2025-07-25,509.90869140625
2025-07-28,504.49102783203125
2025-07-29,507.4732360839844
2025-07-30,509.5806579589844
2025-07-31,512.6722412109375
2025-08-01,498.3078918457031
2025-08-04,516.7677612304688
2025-08-05,512.79150390625
2025-08-06,514.411865234375
2025-08-07,511.0121154785156
2025-08-08,512.2348022460938
2025-08-11,508.6263427734375
2025-08-12,512.9902954101562
2025-08-13,518.0402221679688
2025-08-14,518.2290649414062
2025-08-15,514.3253173828125
2025-08-18,507.1152038574219
2025-08-19,509.88372802734375
2025-08-20,512.821533203125
2025-08-21,507.36419677734375
2025-08-22,513.8771362304688
2025-08-25,507.8919677734375
2025-08-26,509.2762451171875
2025-08-27,507.9617004394531
2025-08-28,507.3243408203125
2025-08-29,507.6529846191406
2025-09-02,496.43951416015625
2025-09-03,494.3880615234375
2025-09-04,497.6943054199219
2025-09-05,496.96734619140625
2025-09-08,505.53179931640625
2025-09-09,505.86041259765625
2025-09-10,503.9881591796875
2025-09-11,516.5560302734375
2025-09-12,510.19244384765625
2025-09-15,506.6571350097656
2025-09-16,505.9002685546875
2025-09-17,509.6546630859375
2025-09-18,480.3263854980469
2025-09-19,478.7528991699219
2025-09-22,486.271728515625
2025-09-23,474.8092956542969
2025-09-24,472.83746337890625
2025-09-25,470.7362060546875
2025-09-26,474.76947021484375
2025-09-29,478.83258056640625
2025-09-30,474.5105285644531
2025-10-01,477.83673095703125
2025-10-02,480.1770324707031
2025-10-03,483.03515625
2025-10-06,481.4517517089844
2025-10-07,486.4111328125
2025-10-08,488.06427001953125
2025-10-09,490.4244689941406
2025-10-10,482.09906005859375
2025-10-13,471.7619323730469
2025-10-14,479.26080322265625
2025-10-15,476.53216552734375
2025-10-16,466.6232604980469
2025-10-17,469.0930480957031
2025-10-20,472.4988708496094
2025-10-21,482.9156799316406
2025-10-22,470.8357849121094
2025-10-23,477.3188781738281
2025-10-24,488.7912902832031
2025-10-27,493.0336608886719
2025-10-28,488.73150634765625
2025-10-29,469.75030517578125
2025-10-30,476.990234375
2025-10-31,478.3147277832031
2025-11-03,483.94140625
2025-11-04,485.44512939453125
2025-11-05,484.44927978515625
2025-11-06,480.2168273925781
2025-11-07,485.9630126953125
2025-11-10,482.92559814453125
2025-11-11,490.9622497558594
2025-11-12,488.8111572265625
2025-11-13,488.741455078125
2025-11-14,477.4981384277344
2025-11-17,470.1685485839844
2025-11-18,468.2166748046875
2025-11-19,470.9054870605469
2025-11-20,472.5586242675781
2025-11-21,478.61553955078125
2025-11-24,477.7174987792969
2025-11-25,484.6225891113281
2025-11-26,486.0794372558594
2025-11-28,489.7215576171875
2025-12-01,486.1891784667969
2025-12-02,486.7878723144531
2025-12-03,490.94891357421875
2025-12-04,488.4243469238281
2025-12-05,495.42919921875
2025-12-08,486.0794372558594
2025-12-09,485.321044921875
2025-12-10,478.9548034667969
2025-12-11,484.4629211425781
2025-12-12,485.5505676269531
2025-12-15,486.4486083984375
2025-12-16,491.936767578125
2025-12-17,497.9437561035156
2025-12-18,496.61663818359375
2025-12-19,501.9949951171875
2025-12-22,508.55084228515625
2025-12-23,514.2785034179688
2025-12-24,516.1644287109375
2025-12-26,518.9183959960938
2025-12-29,517.9405517578125
2025-12-30,514.6376953125
2025-12-31,509.7482604980469
2026-01-02,497.90386962890625
2026-01-05,525.7437133789062
2026-01-06,531.750732421875
2026-01-07,530.2938842773438
2026-01-08,530.0244140625
2026-01-09,530.4635009765625
2026-01-12,533.9659423828125
2026-01-13,533.7463989257812
2026-01-14,534.8240356445312
2026-01-15,538.4462280273438
2026-01-16,537.7576904296875
2026-01-20,516.184326171875
2026-01-21,523.6881713867188
2026-01-22,529.096435546875
2026-01-23,522.9097900390625
2026-01-26,524.2868041992188
2026-01-27,517.7509765625
2026-01-28,515.5057983398438
2026-01-29,514.33837890625
2026-01-30,514.4481201171875
2026-02-02,515.9348754882812
2026-02-03,470.0340881347656
2026-02-04,460.2153015136719
2026-02-05,456.712890625
2026-02-06,451.5141296386719
2026-02-09,448.5006408691406
2026-02-10,418.0564270019531
2026-02-11,411.3409729003906
2026-02-12,414.1947937011719
2026-02-13,425.52032470703125
2026-02-17,422.3072509765625
2026-02-18,449.7878723144531
2026-02-19,448.321044921875
2026-02-20,446.8542175292969
2026-02-23,436.1672668457031
2026-02-24,451.5939636230469
2026-02-25,462.37066650390625
2026-02-26,478.4359436035156
2026-02-27,476.55999755859375
2026-03-02,466.1000061035156
2026-03-03,464.29998779296875
2026-03-04,471.010009765625
2026-03-05,470.04998779296875
2026-03-06,471.9700012207031
2026-03-09,462.69000244140625
2026-03-10,452.2300109863281
2026-03-11,445.92999267578125
2026-03-12,426.4700012207031
2026-03-13,430.010009765625
2026-03-16,432.69000244140625
2026-03-17,441.0299987792969
2026-03-18,438.6700134277344
2026-03-19,435.79998779296875
2026-03-20,435.1199951171875
2026-03-23,441.07000732421875
2026-03-24,428.4599914550781
2026-03-25,428.04998779296875
2026-03-26,432.2799987792969
2026-03-27,424.8399963378906
2026-03-30,432.04998779296875
2026-03-31,436.25
2026-04-01,438.7799987792969
2026-04-02,440.7900085449219
2026-04-06,444.1000061035156
2026-04-07,438.0
2026-04-08,447.6199951171875
2026-04-09,438.2200012207031
2026-04-10,427.4100036621094
2026-04-13,439.6099853515625
2026-04-14,438.05999755859375
2026-04-15,446.80999755859375
2026-04-16,448.4200134277344
2026-04-17,455.3500061035156
2026-04-20,459.9100036621094
2026-04-21,459.5899963378906
2026-04-22,466.7200012207031
2026-04-23,452.3500061035156
2026-04-24,456.04998779296875
2026-04-27,460.739990234375
2026-04-28,457.989990234375
2026-04-29,460.1099853515625
2026-04-30,461.8500061035156
2026-05-01,455.7699890136719
2026-05-04,449.55999755859375
