date,close
2001-05-07,6.552238941192627
2001-05-08,6.411291599273682
2001-05-09,6.439737796783447
2001-05-10,6.420340538024902
2001-05-11,6.403533458709717
2001-05-14,6.431978702545166
2001-05-15,6.448790550231934
2001-05-16,6.788882732391357
2001-05-17,6.944054126739502
2001-05-18,6.894915580749512
2001-05-21,6.963449478149414
2001-05-22,6.913020610809326
2001-05-23,6.48629093170166
2001-05-24,6.3712053298950195
2001-05-25,6.65956449508667
2001-05-29,6.834138870239258
2001-05-30,6.549654006958008
2001-05-31,6.623360633850098
2001-06-01,6.658276557922363
2001-06-04,6.703536510467529
2001-06-05,7.241470813751221
2001-06-06,6.982849597930908
2001-06-07,6.89621114730835
2001-06-08,6.7979326248168945
2001-06-11,6.724221229553223
2001-06-12,6.654399394989014
2001-06-13,6.601381301879883
2001-06-14,6.455255508422852
2001-06-15,6.523792743682861
2001-06-18,6.6440534591674805
2001-06-19,6.686723232269287
2001-06-20,6.721640110015869
2001-06-21,6.724221229553223
2001-06-22,6.594912052154541
2001-06-25,6.385426998138428
2001-06-26,6.232839584350586
2001-06-27,6.177034854888916
2001-06-28,6.24711799621582
2001-06-29,6.344440460205078
2001-07-02,6.349632263183594
2001-07-03,6.331462860107422
2001-07-05,6.324975967407227
2001-07-06,6.177034854888916
2001-07-09,6.297722339630127
2001-07-10,6.256199836730957
2001-07-11,6.228946208953857
2001-07-12,6.492376804351807
2001-07-13,6.645505428314209
2001-07-16,6.533902645111084
2001-07-17,6.5455827713012695
2001-07-18,6.837561130523682
2001-07-19,6.667568683624268
2001-07-20,6.501462936401367
2001-07-23,6.099176406860352
2001-07-24,5.997955799102783
2001-07-25,6.14459228515625
2001-07-26,6.205586910247803
2001-07-27,6.252305507659912
2001-07-30,6.267877101898193
2001-07-31,6.214671611785889
2001-08-01,6.295127868652344
2001-08-02,6.226344108581543
2001-08-03,6.3068060874938965
2001-08-06,6.241920471191406
2001-08-07,6.245819568634033
2001-08-08,6.191312313079834
2001-08-09,6.104367733001709
2001-08-10,6.1497883796691895
2001-08-13,6.251005172729492
2001-08-14,6.348334789276123
2001-08-15,6.215967655181885
2001-08-16,6.226344108581543
2001-08-17,6.263984203338623
2001-08-20,6.275663375854492
2001-08-21,6.318486213684082
2001-08-22,6.322380065917969
2001-08-23,6.392454147338867
2001-08-24,6.58711051940918
2001-08-27,6.524820327758789
2001-08-28,6.489782810211182
2001-08-29,6.352230072021484
2001-08-30,6.226344108581543
2001-08-31,6.3068060874938965
2001-09-04,6.437876224517822
2001-09-05,6.3755879402160645
2001-09-06,6.222457408905029
2001-09-07,5.949939727783203
2001-09-10,5.573609352111816
2001-09-17,4.931249141693115
2001-09-18,5.106439113616943
2001-09-19,4.801480293273926
2001-09-20,4.47705602645874
2001-09-21,4.612013816833496
2001-09-24,4.6846842765808105
2001-09-25,4.800180912017822
2001-09-26,4.843203544616699
2001-09-27,4.972264766693115
2001-09-28,5.175642967224121
2001-10-01,5.335996627807617
2001-10-02,5.4820098876953125
2001-10-03,5.796199321746826
2001-10-04,5.728404998779297
2001-10-05,5.311228275299072
2001-10-08,4.761068820953369
2001-10-09,4.985305309295654
2001-10-10,5.130014896392822
2001-10-11,5.246041774749756
2001-10-12,5.130014896392822
2001-10-15,5.071349143981934
2001-10-16,5.208234786987305
2001-10-17,5.298192024230957
2001-10-18,5.01920223236084
2001-10-19,5.098726272583008
2001-10-22,5.4520263671875
2001-10-23,5.5889129638671875
2001-10-24,5.556318759918213
2001-10-25,5.535460948944092
2001-10-26,5.674957752227783
2001-10-29,5.577176570892334
2001-10-30,5.441596031188965
2001-10-31,5.38423490524292
2001-11-01,5.38814640045166
2001-11-02,5.534156799316406
2001-11-05,5.686686992645264
2001-11-06,5.651489734649658
2001-11-07,5.604557514190674
2001-11-08,5.674957752227783
2001-11-09,5.81966495513916
2001-11-12,5.644970893859863
2001-11-13,5.809238433837891
2001-11-14,6.081709384918213
2001-11-15,6.081709384918213
2001-11-16,5.986537933349609
2001-11-19,6.037383079528809
2001-11-20,5.944822311401367
2001-11-21,6.085618019104004
2001-11-23,6.445438861846924
2001-11-26,6.296815872192383
2001-11-27,6.461083889007568
2001-11-28,6.397200584411621
2001-11-29,6.27073860168457
2001-11-30,6.450649738311768
2001-12-03,6.245968818664551
2001-12-04,6.494976043701172
2001-12-05,6.9773430824279785
2001-12-06,6.931714057922363
2001-12-07,6.866528511047363
2001-12-10,6.75180721282959
2001-12-11,6.7335524559021
2001-12-12,6.668365955352783
2001-12-13,6.398501396179199
2001-12-14,6.4571709632873535
2001-12-17,6.489758014678955
2001-12-18,6.68792200088501
2001-12-19,6.617523670196533
2001-12-20,6.6005730628967285
2001-12-21,6.680099964141846
2001-12-24,6.7974348068237305
2001-12-26,6.738574028015137
2001-12-27,6.970083713531494
2001-12-28,6.900760650634766
2001-12-31,6.926921367645264
2002-01-02,6.750346660614014
2002-01-03,6.798741340637207
2002-01-04,6.951770782470703
2002-01-07,7.04986572265625
2002-01-08,6.951770782470703
2002-01-09,6.830129146575928
2002-01-10,6.817051410675049
2002-01-11,6.890294551849365
2002-01-14,6.644402980804443
2002-01-15,6.56854248046875
2002-01-16,6.548921585083008
2002-01-17,6.633936405181885
2002-01-18,6.681024074554443
2002-01-22,6.690178871154785
2002-01-23,6.894222736358643
2002-01-24,6.912531852722168
2002-01-25,7.161044120788574
2002-01-28,7.363776206970215
2002-01-29,7.416092872619629
2002-01-30,7.482800006866455
2002-01-31,7.821560859680176
2002-02-01,7.4814910888671875
2002-02-04,7.017171859741211
2002-02-05,6.974006175994873
2002-02-06,7.159733295440674
2002-02-07,7.061639308929443
2002-02-08,7.161044120788574
2002-02-11,7.47495174407959
2002-02-12,7.45533561706543
2002-02-13,7.671145439147949
2002-02-14,7.546887397766113
2002-02-15,7.779703617095947
2002-02-19,7.4697160720825195
2002-02-20,7.648906707763672
2002-02-21,7.775781154632568
2002-02-22,7.669833183288574
2002-02-25,7.841181755065918
2002-02-26,7.845100402832031
2002-02-27,7.893498420715332
2002-02-28,7.389936447143555
2002-03-01,7.567814826965332
2002-03-04,7.866029739379883
2002-03-05,7.535121440887451
2002-03-06,7.843792915344238
2002-03-07,7.782319068908691
2002-03-08,7.728697776794434
2002-03-11,7.719539642333984
2002-03-12,7.638442516326904
2002-03-13,7.464487075805664
2002-03-14,7.56258487701416
2002-03-15,7.641060829162598
2002-03-18,7.592665672302246
2002-03-19,7.748316287994385
2002-03-20,7.726076126098633
2002-03-21,7.705150604248047
2002-03-22,7.729999542236328
2002-03-25,8.011211395263672
2002-03-26,8.180464744567871
2002-03-27,8.551765441894531
2002-03-28,8.428436279296875
2002-04-01,8.243440628051758
2002-04-02,8.138477325439453
2002-04-03,8.121421813964844
2002-04-04,7.97841215133667
2002-04-05,8.103052139282227
2002-04-08,8.114861488342285
2002-04-09,8.12404727935791
2002-04-10,8.497971534729004
2002-04-11,8.529465675354004
2002-04-12,8.324792861938477
2002-04-15,8.394326210021973
2002-04-16,8.467799186706543
2002-04-17,8.488786697387695
2002-04-18,8.298547744750977
2002-04-19,8.130606651306152
2002-04-22,7.878699779510498
2002-04-23,7.940364360809326
2002-04-24,7.866892337799072
2002-04-25,7.659592628479004
2002-04-26,7.794731616973877
2002-04-29,7.59661340713501
2002-04-30,7.668773651123047
2002-05-01,7.60054874420166
2002-05-02,7.831465244293213
2002-05-03,7.756678104400635
2002-05-06,7.638598442077637
2002-05-07,7.663524627685547
2002-05-08,7.870831489562988
2002-05-09,7.705509662628174
2002-05-10,7.734378337860107
2002-05-13,7.705509662628174
2002-05-14,7.878699779510498
2002-05-15,7.977100372314453
2002-05-16,8.020397186279297
2002-05-17,8.18702507019043
2002-05-20,8.10830020904541
2002-05-21,8.33397102355957
2002-05-22,8.406132698059082
2002-05-23,8.604246139526367
2002-05-24,8.606873512268066
2002-05-28,8.45729923248291
2002-05-29,8.593750953674316
2002-05-30,8.547833442687988
2002-05-31,8.747257232666016
2002-06-03,8.803674697875977
2002-06-04,8.785308837890625
2002-06-05,9.033283233642578
2002-06-06,9.072641372680664
2002-06-07,9.066078186035156
2002-06-10,8.9191312789917
2002-06-11,8.600311279296875
2002-06-12,8.433686256408691
2002-06-13,8.484853744506836
2002-06-14,8.396944046020508
2002-06-17,8.421876907348633
2002-06-18,8.844346046447754
2002-06-19,8.78268051147461
2002-06-20,8.794490814208984
2002-06-21,8.528149604797363
2002-06-24,8.643607139587402
2002-06-25,8.547833442687988
2002-06-26,8.482038497924805
2002-06-27,8.63468074798584
2002-06-28,8.558359146118164
2002-07-01,8.462297439575195
2002-07-02,8.342552185058594
2002-07-03,8.172812461853027
2002-07-05,8.441247940063477
2002-07-08,8.449136734008789
2002-07-09,8.454405784606934
2002-07-10,8.2214994430542
2002-07-11,8.197813987731934
2002-07-12,8.179390907287598
2002-07-15,8.021485328674316
2002-07-16,7.776737213134766
2002-07-17,7.947795867919922
2002-07-18,7.633306980133057
2002-07-19,7.263549327850342
2002-07-22,6.960901737213135
2002-07-23,6.8108930587768555
2002-07-24,7.224072456359863
2002-07-25,7.25697135925293
2002-07-26,7.305659294128418
2002-07-29,7.689889430999756
2002-07-30,7.237231731414795
2002-07-31,7.346449851989746
2002-08-01,7.26223611831665
2002-08-02,6.69641637802124
2002-08-05,6.283235549926758
2002-08-06,6.110856533050537
2002-08-07,6.449033260345459
2002-08-08,6.895108222961426
2002-08-09,6.966163635253906
2002-08-12,6.989850044250488
2002-08-13,6.760891437530518
2002-08-14,6.822735786437988
2002-08-15,6.900375843048096
2002-08-16,6.804314136505127
2002-08-19,7.096434116363525
2002-08-20,7.100384712219238
2002-08-21,7.1135430335998535
2002-08-22,6.768784523010254
2002-08-23,6.601672649383545
2002-08-26,6.6437788009643555
2002-08-27,6.797738075256348
2002-08-28,6.499034881591797
2002-08-29,6.279287815093994
2002-08-30,6.584566593170166
2002-09-03,6.2121758460998535
2002-09-04,6.37534236907959
2002-09-05,6.187176704406738
2002-09-06,6.387186527252197
2002-09-09,6.567459583282471
2002-09-10,6.737205505371094
2002-09-11,6.77405309677124
2002-09-12,6.8029985427856445
2002-09-13,6.858264446258545
2002-09-16,6.688520431518555
2002-09-17,6.433241844177246
2002-09-18,6.383240222930908
2002-09-19,6.480613708496094
2002-09-20,6.445087909698486
2002-09-23,5.2068586349487305
2002-09-24,5.1976494789123535
2002-09-25,5.294169902801514
2002-09-26,5.333835124969482
2002-09-27,5.257146835327148
2002-09-30,5.011218070983887
2002-10-01,5.253180980682373
2002-10-02,5.21748161315918
2002-10-03,5.304749011993408
2002-10-04,5.245249271392822
2002-10-07,5.103771686553955
2002-10-08,5.266404628753662
2002-10-09,5.057493209838867
2002-10-10,5.123605251312256
2002-10-11,5.257146835327148
2002-10-14,5.226738929748535
2002-10-15,5.775460720062256
2002-10-16,5.436968803405762
2002-10-17,5.031051158905029
2002-10-18,5.505725860595703
2002-10-21,5.825705051422119
2002-10-22,5.7080278396606445
2002-10-23,5.715959072113037
2002-10-24,5.607539176940918
2002-10-25,5.566548824310303
2002-10-28,5.542749404907227
2002-10-29,5.471350193023682
2002-10-30,5.540110111236572
2002-10-31,5.571837425231934
2002-11-01,5.882561206817627
2002-11-04,6.137749671936035
2002-11-05,5.955280780792236
2002-11-06,6.157583713531494
2002-11-07,5.951316833496094
2002-11-08,5.788680553436279
2002-11-11,5.659104824066162
2002-11-12,5.96982479095459
2002-11-13,5.809835433959961
2002-11-14,5.9909820556640625
2002-11-15,6.154934883117676
2002-11-18,5.987013339996338
2002-11-19,5.9129719734191895
2002-11-20,6.017427921295166
2002-11-21,6.246173858642578
2002-11-22,6.119237899780273
2002-11-25,6.172125816345215
2002-11-26,6.140391826629639
2002-11-27,6.55821418762207
2002-11-29,6.642838478088379
2002-12-02,6.714237213134766
2002-12-03,6.476238250732422
2002-12-04,6.320217132568359
2002-12-05,6.042551040649414
2002-12-06,5.9909820556640625
2002-12-09,5.714636325836182
2002-12-10,5.910327434539795
2002-12-11,5.916937351226807
2002-12-12,5.834956645965576
2002-12-13,5.633980751037598
2002-12-16,5.817770004272461
2002-12-17,5.718605041503906
2002-12-18,5.599603176116943
2002-12-19,5.645880222320557
2002-12-20,5.705382347106934
2002-12-23,5.649849891662598
2002-12-24,5.62605094909668
2002-12-26,5.631337642669678
2002-12-27,5.478601455688477
2002-12-30,5.454694747924805
2002-12-31,5.48524284362793
2003-01-02,5.611415863037109
2003-01-03,5.580870151519775
2003-01-06,5.680479526519775
2003-01-07,5.761495113372803
2003-01-08,5.616727828979492
2003-01-09,5.768135070800781
2003-01-10,5.875716686248779
2003-01-13,5.8438401222229
2003-01-14,5.970019340515137
2003-01-15,5.927513122558594
2003-01-16,5.6565728187561035
2003-01-17,5.669853210449219
2003-01-21,5.343132019042969
2003-01-22,5.299301624298096
2003-01-23,5.404226303100586
2003-01-24,5.313910961151123
2003-01-27,5.206333160400391
2003-01-28,5.206333160400391
2003-01-29,5.166487693786621
2003-01-30,5.121330261230469
2003-01-31,5.300631999969482
2003-02-03,5.327194690704346
2003-02-04,5.239535808563232
2003-02-05,4.778666973114014
2003-02-06,5.0615620613098145
2003-02-07,5.276721477508545
2003-02-10,5.319222450256348
2003-02-11,5.264770030975342
2003-02-12,5.299301624298096
2003-02-13,5.2461748123168945
2003-02-14,5.216958522796631
2003-02-18,5.39094352722168
2003-02-19,5.409538269042969
2003-02-20,5.39094352722168
2003-02-21,5.590167999267578
2003-02-24,5.560945987701416
2003-02-25,5.511803150177002
2003-02-26,5.487896919250488
2003-02-27,5.502508163452148
2003-02-28,5.525087356567383
2003-03-03,5.503835201263428
2003-03-04,5.4453959465026855
2003-03-05,5.440083980560303
2003-03-06,5.120001792907715
2003-03-07,5.337817192077637
2003-03-10,5.193051815032959
2003-03-11,5.098751068115234
2003-03-12,4.967266082763672
2003-03-13,5.118673324584961
2003-03-14,5.139925479888916
2003-03-17,5.275395393371582
2003-03-18,5.386960029602051
2003-03-19,5.304614067077637
2003-03-20,5.316565990447998
2003-03-21,5.566258430480957
2003-03-24,5.3603973388671875
2003-03-25,5.336490154266357
2003-03-26,5.179770469665527
2003-03-27,5.109012603759766
2003-03-28,5.197124481201172
2003-03-31,5.0956621170043945
2003-04-01,5.101001739501953
2003-04-02,5.234501361846924
2003-04-03,5.233168601989746
2003-04-04,5.262536525726318
2003-04-07,5.369335174560547
2003-04-08,5.326617240905762
2003-04-09,5.206468105316162
2003-04-10,5.194454193115234
2003-04-11,5.150400638580322
2003-04-14,5.273217678070068
2003-04-15,5.421401023864746
2003-04-16,5.428077220916748
2003-04-17,5.541552543640137
2003-04-21,5.597622871398926
2003-04-22,5.644346714019775
2003-04-23,5.51218318939209
2003-04-24,5.38802433013916
2003-04-25,5.318608283996582
2003-04-28,5.4467668533325195
2003-04-29,5.416062355041504
2003-04-30,5.453442573547363
2003-05-01,5.493490695953369
2003-05-02,5.602961540222168
2003-05-05,5.687066555023193
2003-05-06,5.781851768493652
2003-05-07,5.705755233764648
2003-05-08,5.528201580047607
2003-05-09,5.751147747039795
2003-05-12,5.791194438934326
2003-05-13,5.8766303062438965
2003-05-14,5.820565223693848
2003-05-15,5.916686534881592
2003-05-16,5.935373306274414
2003-05-19,5.914015293121338
2003-05-20,5.954066276550293
2003-05-21,5.927364826202393
2003-05-22,5.950055122375488
2003-05-23,6.0341620445251465
2003-05-27,6.183681011199951
2003-05-28,6.225066661834717
2003-05-29,6.147637367248535
2003-05-30,6.359897613525391
2003-06-02,6.545462608337402
2003-06-03,6.465363502502441
2003-06-04,6.461361885070801
2003-06-05,6.536118030548096
2003-06-06,6.578840255737305
2003-06-09,6.536118030548096
2003-06-10,6.576170444488525
2003-06-11,6.7350335121154785
2003-06-12,6.729696273803711
2003-06-13,6.576170444488525
2003-06-16,6.678960800170898
2003-06-17,6.819139003753662
2003-06-18,6.877878665924072
2003-06-19,6.853847026824951
2003-06-20,6.801784515380859
2003-06-23,6.660274028778076
2003-06-24,6.638913631439209
2003-06-25,6.561482906341553
2003-06-26,6.62314510345459
2003-06-27,6.5641655921936035
2003-06-30,6.548080921173096
2003-07-01,6.5628228187561035
2003-07-02,6.637890338897705
2003-07-03,6.627166748046875
2003-07-07,6.696868419647217
2003-07-08,6.631185531616211
2003-07-09,6.556123733520508
2003-07-10,6.501167297363281
2003-07-11,6.462290287017822
2003-07-14,6.542716026306152
2003-07-15,6.4756951332092285
2003-07-16,6.526633262634277
2003-07-17,6.521270751953125
2003-07-18,6.698212623596191
2003-07-21,6.651295185089111
2003-07-22,6.735743522644043
2003-07-23,6.779977321624756
2003-07-24,6.726358890533447
2003-07-25,6.424758434295654
2003-07-28,6.361758232116699
2003-07-29,6.447546005249023
2003-07-30,6.387224197387695
2003-07-31,6.611081123352051
2003-08-01,6.570867538452148
2003-08-04,6.582929611206055
2003-08-05,6.462290287017822
2003-08-06,6.336292743682861
2003-08-07,6.420738220214844
2003-08-08,6.568187236785889
2003-08-11,6.694190502166748
2003-08-12,6.710276126861572
2003-08-13,6.585612773895264
2003-08-14,6.832254886627197
2003-08-15,6.798741340637207
2003-08-18,6.883190155029297
2003-08-19,6.883190155029297
2003-08-20,6.8724684715271
2003-08-21,6.950216293334961
2003-08-22,6.9542341232299805
2003-08-25,6.8952531814575195
2003-08-26,6.868448257446289
2003-08-27,6.897937774658203
2003-08-28,6.904637813568115
2003-08-29,6.891235828399658
2003-09-02,6.90866231918335
2003-09-03,6.856381893157959
2003-09-04,6.789356708526611
2003-09-05,6.67676305770874
2003-09-08,6.74110221862793
2003-09-09,6.576229095458984
2003-09-10,6.427436828613281
2003-09-11,6.494460105895996
2003-09-12,6.582929611206055
2003-09-15,6.428781032562256
2003-09-16,6.486420631408691
2003-09-17,6.367118835449219
2003-09-18,6.432801723480225
2003-09-19,6.4756951332092285
2003-09-22,6.345672607421875
2003-09-23,6.439507484436035
2003-09-24,6.313500881195068
2003-09-25,6.124499320983887
2003-09-26,6.137960910797119
2003-09-29,6.189125061035156
2003-09-30,6.177006721496582
2003-10-01,6.2645182609558105
2003-10-02,6.294140338897705
2003-10-03,6.518978595733643
2003-10-06,6.516285419464111
2003-10-07,6.62264347076416
2003-10-08,6.492050647735596
2003-10-09,6.516285419464111
2003-10-10,6.623993396759033
2003-10-13,6.669764041900635
2003-10-14,6.890567302703857
2003-10-15,6.821905136108398
2003-10-16,6.959230899810791
2003-10-17,6.866332530975342
2003-10-20,6.848828315734863
2003-10-21,6.823248863220215
2003-10-22,6.730351448059082
2003-10-23,6.799015045166016
2003-10-24,6.867678165435791
2003-10-27,6.886528491973877
2003-10-28,7.092517852783203
2003-10-29,7.333507537841797
2003-10-30,7.4048662185668945
2003-10-31,7.3819804191589355
2003-11-03,7.233881950378418
2003-11-04,7.3240861892700195
2003-11-05,7.328127861022949
2003-11-06,7.391404628753662
2003-11-07,7.307929515838623
2003-11-10,7.1490654945373535
2003-11-11,7.2325358390808105
2003-11-12,7.293118476867676
2003-11-13,7.340243339538574
2003-11-14,7.423718452453613
2003-11-17,7.333507537841797
2003-11-18,7.29581356048584
2003-11-19,7.301199913024902
2003-11-20,7.130213260650635
2003-11-21,7.215032577514648
2003-11-24,7.4048662185668945
2003-11-25,7.538155555725098
2003-11-26,7.566425800323486
2003-11-28,7.554312705993652
2003-12-01,7.629702568054199
2003-12-02,7.089824676513672
2003-12-03,6.980771064758301
2003-12-04,7.027890682220459
2003-12-05,6.914803504943848
2003-12-08,7.018467903137207
2003-12-09,6.959230899810791
2003-12-10,7.108672142028809
2003-12-11,7.1490654945373535
2003-12-12,7.114057540893555
2003-12-15,7.170604705810547
2003-12-16,7.101944923400879
2003-12-17,7.44391393661499
2003-12-18,7.6808648109436035
2003-12-19,7.668750762939453
2003-12-22,7.795305252075195
2003-12-23,7.744145393371582
2003-12-24,7.451988220214844
2003-12-26,7.598740577697754
2003-12-29,7.789256572723389
2003-12-30,7.556853771209717
2003-12-31,7.566317081451416
2004-01-02,7.573070526123047
2004-01-05,7.73520565032959
2004-01-06,7.759525299072266
2004-01-07,7.492002487182617
2004-01-08,7.63252067565918
2004-01-09,7.620358467102051
2004-01-12,7.550100803375244
2004-01-13,7.4257988929748535
2004-01-14,7.4014763832092285
2004-01-15,7.2542033195495605
2004-01-16,7.464980602264404
2004-01-20,7.552802562713623
2004-01-21,7.546048641204834
2004-01-22,7.532536029815674
2004-01-23,7.2771735191345215
2004-01-26,7.206915378570557
2004-01-27,7.292037487030029
2004-01-28,7.260958671569824
2004-01-29,7.332571506500244
2004-01-30,7.608199119567871
2004-02-02,7.577123641967773
2004-02-03,7.444713592529297
2004-02-04,7.620358467102051
2004-02-05,7.704130172729492
2004-02-06,7.895991325378418
2004-02-09,8.006786346435547
2004-02-10,8.018940925598145
2004-02-11,8.216207504272461
2004-02-12,8.424281120300293
2004-02-13,8.252686500549316
2004-02-17,8.390503883361816
2004-02-18,8.53237533569336
2004-02-19,8.459406852722168
2004-02-20,8.277008056640625
2004-02-23,8.278360366821289
2004-02-24,8.282411575317383
2004-02-25,8.34996509552002
2004-02-26,8.421578407287598
2004-02-27,8.498594284057617
2004-03-01,8.847183227539062
2004-03-02,8.833671569824219
2004-03-03,8.73503589630127
2004-03-04,8.76206111907959
2004-03-05,8.363480567932129
2004-03-08,8.0837984085083
2004-03-09,7.944629192352295
2004-03-10,7.579824447631836
2004-03-11,7.58657693862915
2004-03-12,7.833837509155273
2004-03-15,7.602792739868164
2004-03-16,7.624414443969727
2004-03-17,7.855456352233887
2004-03-18,7.84735107421875
2004-03-19,8.412123680114746
2004-03-22,8.18918228149414
2004-03-23,8.38104248046875
2004-03-24,8.072985649108887
2004-03-25,8.29322338104248
2004-03-26,8.376991271972656
2004-03-29,8.421730995178223
2004-03-30,8.48680591583252
2004-03-31,8.3349609375
2004-04-01,8.227858543395996
2004-04-02,8.4054594039917
2004-04-05,8.46782398223877
2004-04-06,8.766080856323242
2004-04-07,8.825735092163086
2004-04-08,8.832513809204102
2004-04-12,8.9165678024292
2004-04-13,8.637290954589844
2004-04-14,8.565439224243164
2004-04-15,8.715923309326172
2004-04-16,8.818954467773438
2004-04-19,8.84335994720459
2004-04-20,8.629157066345215
2004-04-21,8.634581565856934
2004-04-22,9.022311210632324
2004-04-23,8.951814651489258
2004-04-26,8.854205131530762
2004-04-27,8.753883361816406
2004-04-28,8.332252502441406
2004-04-29,8.116694450378418
2004-04-30,8.052970886230469
2004-05-03,8.040773391723633
2004-05-04,8.290224075317383
2004-05-05,8.37834644317627
2004-05-06,8.211593627929688
2004-05-07,7.827923774719238
2004-05-10,7.910620212554932
2004-05-11,8.019079208374023
2004-05-12,8.040773391723633
2004-05-13,7.983833312988281
2004-05-14,7.846904754638672
2004-05-17,7.761496067047119
2004-05-18,8.263106346130371
2004-05-19,8.263106346130371
2004-05-20,8.252263069152832
2004-05-21,8.452912330627441
2004-05-24,8.61966323852539
2004-05-25,8.828445434570312
2004-05-26,8.757946968078613
2004-05-27,9.083320617675781
2004-05-28,8.927412986755371
2004-06-01,8.832513809204102
2004-06-02,8.652201652526855
2004-06-03,8.648133277893066
2004-06-04,8.687451362609863
2004-06-07,9.083320617675781
2004-06-08,9.042646408081055
2004-06-09,8.897588729858398
2004-06-10,9.205337524414062
2004-06-14,9.062982559204102
2004-06-15,9.427672386169434
2004-06-16,9.587645530700684
2004-06-17,9.584930419921875
2004-06-18,9.824901580810547
2004-06-21,9.888616561889648
2004-06-22,10.101466178894043
2004-06-23,10.357696533203125
2004-06-24,10.439037322998047
2004-06-25,10.28313159942627
2004-06-28,10.197484970092773
2004-06-29,10.416363716125488
2004-06-30,10.435395240783691
2004-07-01,10.159422874450684
2004-07-02,10.039789199829102
2004-07-06,10.034343719482422
2004-07-07,10.13902473449707
2004-07-08,9.92151165008545
2004-07-09,9.98948860168457
2004-07-12,10.080571174621582
2004-07-13,10.36198616027832
2004-07-14,10.62436580657959
2004-07-15,10.730401039123535
2004-07-16,10.807893753051758
2004-07-19,10.665148735046387
2004-07-20,10.603975296020508
2004-07-21,10.416363716125488
2004-07-22,10.602611541748047
2004-07-23,10.550956726074219
2004-07-26,10.42859935760498
2004-07-27,10.918012619018555
2004-07-28,11.270112037658691
2004-07-29,11.478116989135742
2004-07-30,11.372075080871582
2004-08-02,11.482199668884277
2004-08-03,11.387031555175781
2004-08-04,11.347610473632812
2004-08-05,10.97646713256836
2004-08-06,10.568625450134277
2004-08-09,10.782063484191895
2004-08-10,11.120574951171875
2004-08-11,11.158641815185547
2004-08-12,10.835087776184082
2004-08-13,10.801094055175781
2004-08-16,11.174955368041992
2004-08-17,11.25652027130127
2004-08-18,11.2864351272583
2004-08-19,11.320418357849121
2004-08-20,11.44820499420166
2004-08-23,11.062119483947754
2004-08-24,10.988704681396484
2004-08-25,10.864990234375
2004-08-26,10.707284927368164
2004-08-27,10.821487426757812
2004-08-30,10.610770225524902
2004-08-31,10.643393516540527
2004-09-01,10.658350944519043
2004-09-02,10.983264923095703
2004-09-03,11.039007186889648
2004-09-07,11.31090259552002
2004-09-08,11.188549041748047
2004-09-09,12.02191162109375
2004-09-10,12.119795799255371
2004-09-13,12.027350425720215
2004-09-14,12.020551681518555
2004-09-15,11.922667503356934
2004-09-16,11.977044105529785
2004-09-17,12.190488815307617
2004-09-20,12.208158493041992
2004-09-21,12.159221649169922
2004-09-22,12.144267082214355
2004-09-23,11.777203559875488
2004-09-24,11.729621887207031
2004-09-27,11.76633071899414
2004-09-28,12.340394020080566
2004-09-29,12.16994857788086
2004-09-30,12.459022521972656
2004-10-01,12.684014320373535
2004-10-04,13.199450492858887
2004-10-05,13.063097953796387
2004-10-06,13.384896278381348
2004-10-07,13.243084907531738
2004-10-08,12.876283645629883
2004-10-11,12.92673397064209
2004-10-12,12.694921493530273
2004-10-13,12.082681655883789
2004-10-14,12.034952163696289
2004-10-15,12.081311225891113
2004-10-18,11.944952964782715
2004-10-19,10.758646965026855
2004-10-20,10.976815223693848
2004-10-21,11.16498851776123
2004-10-22,10.954995155334473
2004-10-25,11.374979972839355
2004-10-26,11.83314323425293
2004-10-27,11.628599166870117
2004-10-28,11.181352615356445
2004-10-29,11.516791343688965
2004-11-01,11.694058418273926
2004-11-02,12.25858211517334
2004-11-03,12.686745643615723
2004-11-04,13.114904403686523
2004-11-05,12.913095474243164
2004-11-08,13.079458236694336
2004-11-09,13.308536529541016
2004-11-10,13.613972663879395
2004-11-11,13.483074188232422
2004-11-12,14.009414672851562
2004-11-15,14.074867248535156
2004-11-16,13.815789222717285
2004-11-17,14.009414672851562
2004-11-18,13.463991165161133
2004-11-19,13.491255760192871
2004-11-22,14.020322799682617
2004-11-23,13.788519859313965
2004-11-24,13.94941520690918
2004-11-26,14.7402982711792
2004-11-29,14.582123756408691
2004-11-30,14.426669120788574
2004-12-01,14.260316848754883
2004-12-02,13.725788116455078
2004-12-03,14.13759708404541
2004-12-06,13.856704711914062
2004-12-07,13.458528518676758
2004-12-08,13.25944709777832
2004-12-09,13.513070106506348
2004-12-10,13.633066177368164
2004-12-13,14.178498268127441
2004-12-14,14.088504791259766
2004-12-15,14.590301513671875
2004-12-16,14.38576889038086
2004-12-17,14.404858589172363
2004-12-20,14.331217765808105
2004-12-21,14.90665340423584
2004-12-22,14.718483924865723
2004-12-23,14.685748100280762
2004-12-27,14.713025093078613
2004-12-28,15.021196365356445
2004-12-29,14.999326705932617
2004-12-30,14.04529857635498
2004-12-31,14.307721138000488
2005-01-03,13.791069030761719
2005-01-04,13.700861930847168
2005-01-05,13.580580711364746
2005-01-06,13.449369430541992
2005-01-07,13.484904289245605
2005-01-10,13.646181106567383
2005-01-11,13.219748497009277
2005-01-12,13.457564353942871
2005-01-13,13.780134201049805
2005-01-14,14.296782493591309
2005-01-18,14.195643424987793
2005-01-19,14.097236633300781
2005-01-20,13.884011268615723
2005-01-21,14.10816764831543
2005-01-24,14.001555442810059
2005-01-25,14.529142379760742
2005-01-26,14.474469184875488
2005-01-27,14.85717487335205
2005-01-28,15.007528305053711
2005-01-31,15.351960182189941
2005-02-01,15.313692092895508
2005-02-02,15.4613037109375
2005-02-03,15.578850746154785
2005-02-04,15.458576202392578
2005-02-07,15.576120376586914
2005-02-08,15.589774131774902
2005-02-09,15.062201499938965
2005-02-10,15.453105926513672
2005-02-11,15.556978225708008
2005-02-14,15.726468086242676
2005-02-15,15.510509490966797
2005-02-16,16.314193725585938
2005-02-17,16.06543731689453
2005-02-18,16.47001075744629
2005-02-22,15.882279396057129
2005-02-23,16.182973861694336
2005-02-24,16.858179092407227
2005-02-25,17.328357696533203
2005-02-28,17.04133415222168
2005-03-01,16.48367691040039
2005-03-02,16.69415855407715
2005-03-03,16.565677642822266
2005-03-04,17.44864273071289
2005-03-07,16.912851333618164
2005-03-08,16.36067008972168
2005-03-09,16.09004020690918
2005-03-10,15.759267807006836
2005-03-11,17.098737716674805
2005-03-14,16.89644432067871
2005-03-15,17.213552474975586
2005-03-16,16.68049430847168
2005-03-17,16.948383331298828
2005-03-18,16.852712631225586
2005-03-21,17.31195640563965
2005-03-22,17.12061309814453
2005-03-23,16.72150421142578
2005-03-24,16.87458038330078
2005-03-28,16.48914909362793
2005-03-29,15.432324409484863
2005-03-30,15.72878360748291
2005-03-31,15.80014705657959
2005-04-01,16.030725479125977
2005-04-04,15.879756927490234
2005-04-05,15.871517181396484
2005-04-06,15.849563598632812
2005-04-07,15.72878360748291
2005-04-08,15.171549797058105
2005-04-11,15.19899845123291
2005-04-12,15.385659217834473
2005-04-13,14.367267608642578
2005-04-14,13.697489738464355
2005-04-15,13.39279556274414
2005-04-18,14.183353424072266
2005-04-19,14.622549057006836
2005-04-20,14.210801124572754
2005-04-21,14.713133811950684
2005-04-22,14.589608192443848
2005-04-25,14.644512176513672
2005-04-26,14.16413688659668
2005-04-27,13.829254150390625
2005-04-28,13.661806106567383
2005-04-29,14.026887893676758
2005-05-02,13.999436378479004
2005-05-03,14.04061222076416
2005-05-04,14.466090202331543
2005-05-05,14.359036445617676
2005-05-06,14.691166877746582
2005-05-09,14.726862907409668
2005-05-10,14.00493049621582
2005-05-11,14.24100112915039
2005-05-12,13.42573356628418
2005-05-13,13.164959907531738
2005-05-16,13.4531831741333
2005-05-17,13.834739685058594
2005-05-18,14.477068901062012
2005-05-19,14.29040813446045
2005-05-20,14.16688346862793
2005-05-23,14.339816093444824
2005-05-24,14.205303192138672
2005-05-25,14.026887893676758
2005-05-26,14.501769065856934
2005-05-27,14.762544631958008
2005-05-31,14.537458419799805
2005-06-01,14.883322715759277
2005-06-02,14.844897270202637
2005-06-03,14.770779609680176
2005-06-06,14.518240928649902
2005-06-07,14.457847595214844
2005-06-08,14.227272987365723
2005-06-09,14.122968673706055
2005-06-10,14.117469787597656
2005-06-13,14.17237377166748
2005-06-14,14.051595687866211
2005-06-15,14.573144912719727
2005-06-16,14.740589141845703
2005-06-17,14.921760559082031
2005-06-20,14.529217720031738
2005-06-21,13.911600112915039
2005-06-22,13.719449043273926
2005-06-23,13.038690567016602
2005-06-24,12.764193534851074
2005-06-27,12.783405303955078
2005-06-28,13.155982971191406
2005-06-29,12.990399360656738
2005-06-30,12.59022045135498
2005-07-01,12.811006546020508
2005-07-05,13.095270156860352
2005-07-06,13.208420753479004
2005-07-07,13.340886116027832
2005-07-08,13.567193984985352
2005-07-11,13.93700885772705
2005-07-12,13.799015998840332
2005-07-13,13.945286750793457
2005-07-14,13.674827575683594
2005-07-15,13.72449779510498
2005-07-18,13.771424293518066
2005-07-19,14.226788520812988
2005-07-20,14.861536026000977
2005-07-21,14.999529838562012
2005-07-22,15.267231941223145
2005-07-25,14.98572826385498
2005-07-26,15.327945709228516
2005-07-27,15.220314025878906
2005-07-28,15.510095596313477
2005-07-29,15.303107261657715
2005-08-01,15.363819122314453
2005-08-02,16.125520706176758
2005-08-03,15.841267585754395
2005-08-04,15.703283309936523
2005-08-05,15.468700408935547
2005-08-08,15.747441291809082
2005-08-09,15.728121757507324
2005-08-10,15.984780311584473
2005-08-11,16.144847869873047
2005-08-12,16.045488357543945
2005-08-15,16.161407470703125
2005-08-16,15.573572158813477
2005-08-17,15.642565727233887
2005-08-18,15.192708969116211
2005-08-19,15.184438705444336
2005-08-22,15.413498878479004
2005-08-23,15.04368782043457
2005-08-24,14.759424209594727
2005-08-25,14.994012832641602
2005-08-26,14.81186294555664
2005-08-29,15.355546951293945
2005-08-30,15.231350898742676
2005-08-31,15.587374687194824
2005-09-01,15.979263305664062
2005-09-02,16.004104614257812
2005-09-06,15.91026782989502
2005-09-07,16.158647537231445
2005-09-08,16.213850021362305
2005-09-09,16.633331298828125
2005-09-12,16.550540924072266
2005-09-13,16.409788131713867
2005-09-14,16.26628303527832
2005-09-15,16.2690372467041
2005-09-16,16.47602081298828
2005-09-19,16.423585891723633
2005-09-20,15.719842910766602
2005-09-21,16.0013370513916
2005-09-22,16.103452682495117
2005-09-23,16.434629440307617
2005-09-26,16.393230438232422
2005-09-27,16.095170974731445
2005-09-28,16.19243049621582
2005-09-29,16.050710678100586
2005-09-30,16.392513275146484
2005-10-03,16.28692054748535
2005-10-04,15.858964920043945
2005-10-05,15.253179550170898
2005-10-06,15.311532020568848
2005-10-07,15.567190170288086
2005-10-10,15.275411605834961
2005-10-11,15.344879150390625
2005-10-12,15.119791984558105
2005-10-13,14.80300235748291
2005-10-14,15.114234924316406
2005-10-17,15.330986022949219
2005-10-18,15.005857467651367
2005-10-19,15.42269229888916
2005-10-20,15.089221000671387
2005-10-21,15.797837257385254
2005-10-24,16.395292282104492
2005-10-25,16.42863655090332
2005-10-26,16.475875854492188
2005-10-27,16.025697708129883
2005-10-28,16.65094566345215
2005-10-31,16.631484985351562
2005-11-01,17.32065200805664
2005-11-02,17.60131072998047
2005-11-03,17.345661163330078
2005-11-04,17.287303924560547
2005-11-07,17.404016494750977
2005-11-08,17.35677146911621
2005-11-09,17.645780563354492
2005-11-10,17.5179443359375
2005-11-11,18.020919799804688
2005-11-14,17.65412139892578
2005-11-15,17.44291114807129
2005-11-16,17.590200424194336
2005-11-17,17.957012176513672
2005-11-18,17.60131072998047
2005-11-21,18.184877395629883
2005-11-22,17.923662185668945
2005-11-23,18.195987701416016
2005-11-25,18.298805236816406
2005-11-28,18.048707962036133
2005-11-29,18.518333435058594
2005-11-30,18.64061164855957
2005-12-01,19.10190200805664
2005-12-02,18.910165786743164
2005-12-05,19.085233688354492
2005-12-06,19.240842819213867
2005-12-07,19.10468292236328
2005-12-08,18.810129165649414
2005-12-09,18.604494094848633
2005-12-12,18.629493713378906
2005-12-13,18.585025787353516
2005-12-14,18.31825065612793
2005-12-15,18.334932327270508
2005-12-16,18.407180786132812
2005-12-19,18.215442657470703
2005-12-20,18.215442657470703
2005-12-21,18.86847686767578
2005-12-22,18.685073852539062
2005-12-23,18.896265029907227
2005-12-27,18.685073852539062
2005-12-28,18.864656448364258
2005-12-29,18.979707717895508
2005-12-30,18.7215518951416
2006-01-03,19.46233367919922
2006-01-04,19.768177032470703
2006-01-05,19.622278213500977
2006-01-06,20.189083099365234
2006-01-09,20.326580047607422
2006-01-10,20.228361129760742
2006-01-11,20.15822410583496
2006-01-12,19.63910675048828
2006-01-13,19.493209838867188
2006-01-17,19.796245574951172
2006-01-18,19.20699119567871
2006-01-19,19.782215118408203
2006-01-20,19.653135299682617
2006-01-23,20.315353393554688
2006-01-24,21.277803421020508
2006-01-25,21.701509475708008
2006-01-26,22.56576156616211
2006-01-27,23.991195678710938
2006-01-30,23.7386531829834
2006-01-31,23.63484001159668
2006-02-01,23.413156509399414
2006-02-02,22.79585075378418
2006-02-03,23.18587875366211
2006-02-06,24.63937759399414
2006-02-07,23.03715705871582
2006-02-08,22.467546463012695
2006-02-09,22.209402084350586
2006-02-10,22.56855583190918
2006-02-13,22.268321990966797
2006-02-14,23.20270347595215
2006-02-15,22.70326042175293
2006-02-16,23.500154495239258
2006-02-17,23.135364532470703
2006-02-21,23.603975296020508
2006-02-22,23.960330963134766
2006-02-23,24.224102020263672
2006-02-24,24.327917098999023
2006-02-27,24.403676986694336
2006-02-28,24.145523071289062
2006-03-01,24.555200576782227
2006-03-02,24.959247589111328
2006-03-03,24.622543334960938
2006-03-06,25.267921447753906
2006-03-07,24.656227111816406
2006-03-08,24.931201934814453
2006-03-09,25.281946182250977
2006-03-10,26.679330825805664
2006-03-13,26.02553367614746
2006-03-14,26.881366729736328
2006-03-15,27.27981185913086
2006-03-16,27.18160057067871
2006-03-17,27.678251266479492
2006-03-20,27.779281616210938
2006-03-21,27.389253616333008
2006-03-22,27.85224151611328
2006-03-23,28.508840560913086
2006-03-24,28.710861206054688
2006-03-27,29.272069931030273
2006-03-28,29.11774444580078
2006-03-29,29.83390998840332
2006-03-30,30.070755004882812
2006-03-31,29.546314239501953
2006-04-03,30.462671279907227
2006-04-04,30.428829193115234
2006-04-05,31.21266746520996
2006-04-06,31.25778579711914
2006-04-07,30.54726219177246
2006-04-10,30.620576858520508
2006-04-11,29.98052215576172
2006-04-12,30.22865104675293
2006-04-13,30.8884334564209
2006-04-17,31.6948299407959
2006-04-18,32.952362060546875
2006-04-19,33.49089050292969
2006-04-20,31.615869522094727
2006-04-21,32.00215148925781
2006-04-24,31.84708595275879
2006-04-25,31.565101623535156
2006-04-26,31.45233154296875
2006-04-27,30.09048843383789
2006-04-28,30.682600021362305
2006-05-01,32.38845443725586
2006-05-02,32.7267951965332
2006-05-03,33.05103302001953
2006-05-04,33.63751220703125
2006-05-05,33.003116607666016
2006-05-08,33.6205940246582
2006-05-09,32.96082305908203
2006-05-10,33.5388298034668
2006-05-11,31.886564254760742
2006-05-12,31.438249588012695
2006-05-15,31.201400756835938
2006-05-16,31.30007553100586
2006-05-17,29.718313217163086
2006-05-18,29.549129486083984
2006-05-19,29.5914249420166
2006-05-22,28.266223907470703
2006-05-23,28.849885940551758
2006-05-24,29.478649139404297
2006-05-25,30.710786819458008
2006-05-26,31.680734634399414
2006-05-30,29.932601928710938
2006-05-31,29.681655883789062
2006-06-01,30.101768493652344
2006-06-02,30.394996643066406
2006-06-05,28.426942825317383
2006-06-06,28.98522186279297
2006-06-07,27.022790908813477
2006-06-08,27.575424194335938
2006-06-09,27.77843475341797
2006-06-12,26.622417449951172
2006-06-13,26.06414031982422
2006-06-14,26.96076202392578
2006-06-15,28.725807189941406
2006-06-16,28.505889892578125
2006-06-19,27.417531967163086
2006-06-20,27.733314514160156
2006-06-21,28.629953384399414
2006-06-22,28.043472290039062
2006-06-23,28.968297958374023
2006-06-26,29.272809982299805
2006-06-27,29.317930221557617
2006-06-28,30.196491241455078
2006-06-29,31.29755401611328
2006-06-30,30.949546813964844
2006-07-03,31.9137020111084
2006-07-05,30.812620162963867
2006-07-06,30.476037979125977
2006-07-07,30.915325164794922
2006-07-10,31.360313415527344
2006-07-11,31.092178344726562
2006-07-12,30.926729202270508
2006-07-13,28.399425506591797
2006-07-14,28.74172592163086
2006-07-17,27.737642288208008
2006-07-18,28.399425506591797
2006-07-19,30.065284729003906
2006-07-20,28.60479164123535
2006-07-21,27.64066505432129
2006-07-24,28.633317947387695
2006-07-25,29.26658821105957
2006-07-26,29.437726974487305
2006-07-27,29.18099594116211
2006-07-28,29.979700088500977
2006-07-31,30.333406448364258
2006-08-01,29.420612335205078
2006-08-02,30.50457191467285
2006-08-03,30.15656852722168
2006-08-04,29.22093391418457
2006-08-07,29.780031204223633
2006-08-08,29.540422439575195
2006-08-09,29.563236236572266
2006-08-10,29.249454498291016
2006-08-11,27.823219299316406
2006-08-14,27.868858337402344
2006-08-15,28.81588363647461
2006-08-16,29.825664520263672
2006-08-17,28.969934463500977
2006-08-18,29.42631721496582
2006-08-21,29.295116424560547
2006-08-22,29.55753517150879
2006-08-23,28.684669494628906
2006-08-24,28.382305145263672
2006-08-25,28.268205642700195
2006-08-28,28.462177276611328
2006-08-29,28.524927139282227
2006-08-30,27.74905776977539
2006-08-31,27.880266189575195
2006-09-01,28.342369079589844
2006-09-05,29.51759910583496
2006-09-06,28.724607467651367
2006-09-07,28.388010025024414
2006-09-08,28.336658477783203
2006-09-11,26.454011917114258
2006-09-12,26.471139907836914
2006-09-13,27.224197387695312
2006-09-14,26.619462966918945
2006-09-15,26.676504135131836
2006-09-18,27.823219299316406
2006-09-19,27.46379852294922
2006-09-20,27.80610466003418
2006-09-21,27.19567108154297
2006-09-22,26.796323776245117
2006-09-25,26.910417556762695
2006-09-26,28.222562789916992
2006-09-27,28.37848663330078
2006-09-28,28.632591247558594
2006-09-29,28.580629348754883
2006-10-02,28.8347225189209
2006-10-03,27.922258377075195
2006-10-04,28.15326690673828
2006-10-05,30.01861000061035
2006-10-06,29.521942138671875
2006-10-09,30.41707992553711
2006-10-10,30.682727813720703
2006-10-11,30.370885848999023
2006-10-12,31.1909236907959
2006-10-13,31.6356201171875
2006-10-16,32.27086639404297
2006-10-17,31.676027297973633
2006-10-18,31.35841941833496
2006-10-19,31.58940315246582
2006-10-20,31.21404266357422
2006-10-23,31.826181411743164
2006-10-24,35.56263732910156
2006-10-25,34.165077209472656
2006-10-26,34.43650436401367
2006-10-27,33.703060150146484
2006-10-30,33.3392333984375
2006-10-31,33.73194885253906
2006-11-01,33.10246276855469
2006-11-02,33.16021728515625
2006-11-03,33.206417083740234
2006-11-06,34.40763473510742
2006-11-07,33.79545974731445
2006-11-08,33.321922302246094
2006-11-09,34.713706970214844
2006-11-10,33.90517807006836
2006-11-13,34.03224182128906
2006-11-14,33.674198150634766
2006-11-15,33.581790924072266
2006-11-16,31.87238883972168
2006-11-17,32.98117446899414
2006-11-20,33.189090728759766
2006-11-21,34.47693634033203
2006-11-22,34.2747917175293
2006-11-24,33.97450637817383
2006-11-27,33.8590087890625
2006-11-28,33.33347702026367
2006-11-29,34.65595245361328
2006-11-30,34.56355285644531
2006-12-01,33.864776611328125
2006-12-04,36.60792541503906
2006-12-05,36.706092834472656
2006-12-06,36.9659538269043
2006-12-07,38.02279281616211
2006-12-08,37.85531234741211
2006-12-11,37.162315368652344
2006-12-12,34.419166564941406
2006-12-13,34.517356872558594
2006-12-14,33.685760498046875
2006-12-15,34.2343635559082
2006-12-18,32.96964645385742
2006-12-19,33.21219253540039
2006-12-20,32.317073822021484
2006-12-21,32.13803482055664
2006-12-22,31.86083221435547
2006-12-26,32.07451629638672
2006-12-27,32.51237106323242
2006-12-28,32.27300262451172
2006-12-29,31.911039352416992
2007-01-03,31.817628860473633
2007-01-04,32.06281661987305
2007-01-05,31.95189666748047
2007-01-08,32.66416931152344
2007-01-09,32.489009857177734
2007-01-10,32.54157257080078
2007-01-11,32.67583465576172
2007-01-12,32.86848068237305
2007-01-16,32.640804290771484
2007-01-17,32.87431716918945
2007-01-18,32.3197021484375
2007-01-19,33.388084411621094
2007-01-22,33.22461700439453
2007-01-23,34.50316619873047
2007-01-24,34.56153106689453
2007-01-25,36.5756950378418
2007-01-26,35.89263153076172
2007-01-29,36.12614822387695
2007-01-30,37.21205139160156
2007-01-31,37.67908477783203
2007-02-01,37.842552185058594
2007-02-02,37.84838104248047
2007-02-05,37.089447021484375
2007-02-06,37.4864387512207
2007-02-07,37.49226379394531
2007-02-08,36.99603271484375
2007-02-09,35.99187469482422
2007-02-12,36.38887405395508
2007-02-13,37.37550354003906
2007-02-14,37.51561737060547
2007-02-15,38.122772216796875
2007-02-16,37.78417205810547
2007-02-20,37.696598052978516
2007-02-21,38.7474479675293
2007-02-22,38.187007904052734
2007-02-23,37.60318374633789
2007-02-26,37.43971252441406
2007-02-27,35.04609680175781
2007-02-28,35.536502838134766
2007-03-01,35.507293701171875
2007-03-02,34.29300308227539
2007-03-05,33.80259323120117
2007-03-06,35.05195236206055
2007-03-07,34.99940872192383
2007-03-08,36.85007858276367
2007-03-09,37.51561737060547
2007-03-12,36.89094161987305
2007-03-13,35.41973876953125
2007-03-14,36.96685028076172
2007-03-15,36.97850799560547
2007-03-16,35.997703552246094
2007-03-19,37.200374603271484
2007-03-20,37.188682556152344
2007-03-21,38.23952865600586
2007-03-22,37.772491455078125
2007-03-23,38.041046142578125
2007-03-26,38.27457809448242
2007-03-27,38.35630416870117
2007-03-28,38.21487045288086
2007-03-29,38.95737075805664
2007-03-30,38.379859924316406
2007-04-02,38.16773223876953
2007-04-03,38.43881607055664
2007-04-04,38.692195892333984
2007-04-05,39.19308853149414
2007-04-09,39.77648162841797
2007-04-10,39.511287689208984
2007-04-11,39.210777282714844
2007-04-12,39.30503463745117
2007-04-13,39.35808563232422
2007-04-16,39.76469421386719
2007-04-17,39.322731018066406
2007-04-18,38.76290512084961
2007-04-19,39.263790130615234
2007-04-20,39.888423919677734
2007-04-23,40.38932418823242
2007-04-24,39.31093978881836
2007-04-25,39.399322509765625
2007-04-26,38.99861526489258
2007-04-27,38.267906188964844
2007-04-30,37.395782470703125
2007-05-01,37.89665985107422
2007-05-02,38.10881042480469
2007-05-03,38.597904205322266
2007-05-04,38.52719497680664
2007-05-07,39.15183639526367
2007-05-08,38.851314544677734
2007-05-09,38.89257049560547
2007-05-10,38.185401916503906
2007-05-11,38.80415344238281
2007-05-14,38.89257049560547
2007-05-15,39.01630783081055
2007-05-16,39.110572814941406
2007-05-17,38.74522018432617
2007-05-18,39.26969528198242
2007-05-21,39.122371673583984
2007-05-22,38.73933792114258
2007-05-23,38.161834716796875
2007-05-24,37.66095733642578
2007-05-25,38.73344802856445
2007-05-29,38.88665771484375
2007-05-30,40.000404357910156
2007-05-31,39.800045013427734
2007-06-01,40.807716369628906
2007-06-04,40.28325653076172
2007-06-05,39.90020751953125
2007-06-06,39.511287689208984
2007-06-07,38.185401916503906
2007-06-08,39.25200653076172
2007-06-11,36.92436218261719
2007-06-12,35.52187728881836
2007-06-13,36.229007720947266
2007-06-14,36.871315002441406
2007-06-15,37.13648986816406
2007-06-18,36.88311004638672
2007-06-19,37.283817291259766
2007-06-20,36.27613830566406
2007-06-21,36.68864440917969
2007-06-22,36.27613830566406
2007-06-25,35.22722625732422
2007-06-26,34.2961540222168
2007-06-27,34.35570526123047
2007-06-28,34.65347671508789
2007-06-29,34.92741775512695
2007-07-02,35.540802001953125
2007-07-03,35.260902404785156
2007-07-05,35.46337890625
2007-07-06,36.32689666748047
2007-07-09,36.3804817199707
2007-07-10,35.77900695800781
2007-07-11,36.73780822753906
2007-07-12,37.61918258666992
2007-07-13,37.97648620605469
2007-07-16,37.09512710571289
2007-07-17,37.1546630859375
2007-07-18,37.11298370361328
2007-07-19,36.40431594848633
2007-07-20,36.06486511230469
2007-07-23,34.897640228271484
2007-07-24,33.92097091674805
2007-07-25,33.30760192871094
2007-07-26,31.247085571289062
2007-07-27,30.854040145874023
2007-07-30,31.258991241455078
2007-07-31,29.895252227783203
2007-08-01,30.127498626708984
2007-08-02,30.234691619873047
2007-08-03,30.59796905517578
2007-08-06,31.830707550048828
2007-08-07,31.92002296447754
2007-08-08,32.68824005126953
2007-08-09,31.324495315551758
2007-08-10,31.169673919677734
2007-08-13,30.204927444458008
2007-08-14,29.3890438079834
2007-08-15,27.6977596282959
2007-08-16,27.310693740844727
2007-08-17,29.54387664794922
2007-08-20,29.54387664794922
2007-08-21,29.776140213012695
2007-08-22,31.896209716796875
2007-08-23,30.687286376953125
2007-08-24,32.81925582885742
2007-08-27,31.842620849609375
2007-08-28,30.502674102783203
2007-08-29,31.43168830871582
2007-08-30,30.895729064941406
2007-08-31,31.503154754638672
2007-09-04,31.145828247070312
2007-09-05,31.532939910888672
2007-09-06,33.00981903076172
2007-09-07,32.080806732177734
2007-09-10,31.735414505004883
2007-09-11,31.884292602539062
2007-09-12,31.836654663085938
2007-09-13,33.52793502807617
2007-09-14,33.98649215698242
2007-09-17,33.259944915771484
2007-09-18,35.07627868652344
2007-09-19,34.998878479003906
2007-09-20,34.635616302490234
2007-09-21,35.433616638183594
2007-09-24,35.28473663330078
2007-09-25,35.51102828979492
2007-09-26,36.16084289550781
2007-09-27,36.42557907104492
2007-09-28,35.78178405761719
2007-10-01,35.240272521972656
2007-10-02,35.40272903442383
2007-10-03,34.397911071777344
2007-10-04,34.289615631103516
2007-10-05,34.92137908935547
2007-10-08,34.45808029174805
2007-10-09,35.36062240600586
2007-10-10,35.077816009521484
2007-10-11,34.054962158203125
2007-10-12,33.820316314697266
2007-10-15,33.525482177734375
2007-10-16,33.51346206665039
2007-10-17,34.385887145996094
2007-10-18,36.23905563354492
2007-10-19,35.577213287353516
2007-10-22,35.6915397644043
2007-10-23,37.26792907714844
2007-10-24,37.177677154541016
2007-10-25,37.466487884521484
2007-10-26,38.15839767456055
2007-10-29,38.236637115478516
2007-10-30,36.7745475769043
2007-10-31,37.316062927246094
2007-11-01,34.84315872192383
2007-11-02,34.84315872192383
2007-11-05,34.295654296875
2007-11-06,35.54712677001953
2007-11-07,33.84438705444336
2007-11-08,34.02488327026367
2007-11-09,32.96592330932617
2007-11-12,31.239116668701172
2007-11-13,32.06943130493164
2007-11-14,31.973175048828125
2007-11-15,30.673534393310547
2007-11-16,31.56402015686035
2007-11-19,30.456933975219727
2007-11-20,31.27522087097168
2007-11-21,31.299287796020508
2007-11-23,32.027305603027344
2007-11-26,31.154884338378906
2007-11-27,31.341398239135742
2007-11-28,33.020084381103516
2007-11-29,34.54233932495117
2007-11-30,35.625343322753906
2007-12-03,34.81306838989258
2007-12-04,34.85519790649414
2007-12-05,35.980342864990234
2007-12-06,36.84675216674805
2007-12-07,37.291988372802734
2007-12-10,37.135562896728516
2007-12-11,35.619319915771484
2007-12-12,36.93098831176758
2007-12-13,36.557952880859375
2007-12-14,36.05854034423828
2007-12-17,34.94544982910156
2007-12-18,35.432804107666016
2007-12-19,35.20417022705078
2007-12-20,35.54712677001953
2007-12-21,36.35940170288086
2007-12-24,36.47972869873047
2007-12-26,37.15962600708008
2007-12-27,36.78893280029297
2007-12-28,36.97731399536133
2007-12-31,35.98678207397461
2008-01-02,35.227203369140625
2008-01-03,34.54660415649414
2008-01-04,33.31300354003906
2008-01-07,32.60810852050781
2008-01-08,31.976118087768555
2008-01-09,31.866731643676758
2008-01-10,33.829524993896484
2008-01-11,32.76001739501953
2008-01-14,33.96929931640625
2008-01-15,32.595947265625
2008-01-16,32.23133850097656
2008-01-17,30.566307067871094
2008-01-18,31.12537956237793
2008-01-22,31.708742141723633
2008-01-23,31.872821807861328
2008-01-24,34.12730026245117
2008-01-25,33.40418243408203
2008-01-28,33.568233489990234
2008-01-29,34.02399444580078
2008-01-30,34.86259841918945
2008-01-31,35.148189544677734
2008-02-01,36.205570220947266
2008-02-04,35.452049255371094
2008-02-05,34.24275588989258
2008-02-06,34.01791000366211
2008-02-07,34.595218658447266
2008-02-08,36.46078872680664
2008-02-11,36.4304084777832
2008-02-12,36.54586410522461
2008-02-13,37.28725051879883
2008-02-14,37.77338790893555
2008-02-15,37.6822395324707
2008-02-19,38.82466125488281
2008-02-20,40.10079574584961
2008-02-21,38.98264694213867
2008-02-22,40.01572799682617
2008-02-25,40.580867767333984
2008-02-26,41.26754379272461
2008-02-27,41.37693405151367
2008-02-28,41.34047317504883
2008-02-29,39.237884521484375
2008-03-03,40.13727569580078
2008-03-04,40.52009582519531
2008-03-05,42.203372955322266
2008-03-06,41.626068115234375
2008-03-07,40.49580383300781
2008-03-10,38.46614456176758
2008-03-11,40.96977615356445
2008-03-12,41.01838302612305
2008-03-13,44.038570404052734
2008-03-14,43.26681137084961
2008-03-17,42.79279708862305
2008-03-18,45.24176025390625
2008-03-19,41.504547119140625
2008-03-20,41.905601501464844
2008-03-24,43.30326843261719
2008-03-25,44.29378890991211
2008-03-26,43.73069763183594
2008-03-27,42.35972595214844
2008-03-28,42.26791000366211
2008-03-31,41.46000671386719
2008-04-01,42.42705535888672
2008-04-02,42.971771240234375
2008-04-03,42.59841537475586
2008-04-04,43.17374038696289
2008-04-07,43.626651763916016
2008-04-08,43.68172836303711
2008-04-09,42.476036071777344
2008-04-10,43.85311508178711
2008-04-11,42.01084899902344
2008-04-14,41.68647766113281
2008-04-15,42.11491394042969
2008-04-16,44.440677642822266
2008-04-17,45.193485260009766
2008-04-18,45.242454528808594
2008-04-21,45.530120849609375
2008-04-22,45.676998138427734
2008-04-23,46.05035400390625
2008-04-24,44.954776763916016
2008-04-25,46.35026168823242
2008-04-28,47.1275520324707
2008-04-29,45.95242691040039
2008-04-30,46.20949172973633
2008-05-01,45.181251525878906
2008-05-02,45.475032806396484
2008-05-05,47.03575897216797
2008-05-06,48.357784271240234
2008-05-07,48.088462829589844
2008-05-08,50.10824203491211
2008-05-09,47.99052810668945
2008-05-12,49.7838249206543
2008-05-13,49.81444549560547
2008-05-14,48.95758056640625
2008-05-15,49.845035552978516
2008-05-16,50.23063278198242
2008-05-19,49.771610260009766
2008-05-20,48.86576461791992
2008-05-21,46.521629333496094
2008-05-22,45.5913200378418
2008-05-23,44.22645950317383
2008-05-27,44.35499954223633
2008-05-28,45.903465270996094
2008-05-29,44.618167877197266
2008-05-30,45.78105926513672
2008-06-02,45.83003616333008
2008-06-03,45.56683349609375
2008-06-04,45.37709426879883
2008-06-05,49.294212341308594
2008-06-06,47.86202621459961
2008-06-09,48.284324645996094
2008-06-10,46.57671356201172
2008-06-11,45.493412017822266
2008-06-12,45.242454528808594
2008-06-13,47.16428756713867
2008-06-16,47.80693817138672
2008-06-17,47.0908317565918
2008-06-18,46.77257537841797
2008-06-19,47.317283630371094
2008-06-20,46.246219635009766
2008-06-23,47.05412673950195
2008-06-24,47.20712661743164
2008-06-25,47.23773193359375
2008-06-26,45.518550872802734
2008-06-27,46.140907287597656
2008-06-30,46.01149368286133
2008-07-01,44.50796890258789
2008-07-02,38.16728591918945
2008-07-03,38.537010192871094
2008-07-07,40.712188720703125
2008-07-08,38.9190559387207
2008-07-09,40.416419982910156
2008-07-10,40.93402862548828
2008-07-11,40.28086471557617
2008-07-14,39.64002227783203
2008-07-15,39.3565559387207
2008-07-16,41.44544982910156
2008-07-17,36.85480499267578
2008-07-18,36.07838821411133
2008-07-21,37.60654830932617
2008-07-22,37.03965759277344
2008-07-23,36.10918045043945
2008-07-24,34.38999938964844
2008-07-25,34.562538146972656
2008-07-28,35.18490219116211
2008-07-29,36.478919982910156
2008-07-30,37.10743713378906
2008-07-31,35.25883102416992
2008-08-01,33.13911437988281
2008-08-04,31.666404724121094
2008-08-05,32.14088821411133
2008-08-06,33.126792907714844
2008-08-07,33.06516647338867
2008-08-08,31.795812606811523
2008-08-11,31.204256057739258
2008-08-12,30.674327850341797
2008-08-13,32.49828338623047
2008-08-14,31.339834213256836
2008-08-15,31.062528610229492
2008-08-18,30.65583610534668
2008-08-19,31.32135009765625
2008-08-20,32.368873596191406
2008-08-21,32.245643615722656
2008-08-22,31.795812606811523
2008-08-25,30.822206497192383
2008-08-26,31.296695709228516
2008-08-27,32.11008071899414
2008-08-28,32.54140853881836
2008-08-29,32.35039138793945
2008-09-02,30.236831665039062
2008-09-03,30.095108032226562
2008-09-04,29.195459365844727
2008-09-05,29.854782104492188
2008-09-08,28.757951736450195
2008-09-09,25.972745895385742
2008-09-10,27.266759872436523
2008-09-11,27.882963180541992
2008-09-12,30.433996200561523
2008-09-15,27.235944747924805
2008-09-16,29.189294815063477
2008-09-17,27.125024795532227
2008-09-18,28.012361526489258
2008-09-19,31.524688720703125
2008-09-22,29.090696334838867
2008-09-23,27.975393295288086
2008-09-24,27.839818954467773
2008-09-25,28.351253509521484
2008-09-26,27.647010803222656
2008-09-29,23.047470092773438
2008-09-30,24.61803436279297
2008-10-01,24.08829116821289
2008-10-02,21.377182006835938
2008-10-03,21.657655715942383
2008-10-06,21.028175354003906
2008-10-07,19.301788330078125
2008-10-08,20.19303321838379
2008-10-09,18.54143524169922
2008-10-10,19.164684295654297
2008-10-13,24.487167358398438
2008-10-14,21.31486701965332
2008-10-15,17.089292526245117
2008-10-16,19.812854766845703
2008-10-17,20.915983200073242
2008-10-20,23.116044998168945
2008-10-21,22.47409439086914
2008-10-22,21.414583206176758
2008-10-23,21.11542510986328
2008-10-24,21.81969451904297
2008-10-27,19.719362258911133
2008-10-28,22.499025344848633
2008-10-29,22.835575103759766
2008-10-30,24.24410057067871
2008-10-31,25.24752426147461
2008-11-03,23.577239990234375
2008-11-04,24.717756271362305
2008-11-05,22.12508773803711
2008-11-06,20.517118453979492
2008-11-07,21.682573318481445
2008-11-10,21.894474029541016
2008-11-11,21.33979034423828
2008-11-12,19.089885711669922
2008-11-13,21.83839225769043
2008-11-14,20.398700714111328
2008-11-17,19.868940353393555
2008-11-18,19.420211791992188
2008-11-19,17.662668228149414
2008-11-20,15.905123710632324
2008-11-21,17.625267028808594
2008-11-24,19.370351791381836
2008-11-25,20.11200523376465
2008-11-26,21.751134872436523
2008-11-28,22.237268447875977
2008-12-01,19.295560836791992
2008-12-02,20.367538452148438
2008-12-03,20.093307495117188
2008-12-04,21.078027725219727
2008-12-05,22.717153549194336
2008-12-08,25.372159957885742
2008-12-09,25.54043197631836
2008-12-10,27.297990798950195
2008-12-11,26.855478286743164
2008-12-12,27.447559356689453
2008-12-15,26.836780548095703
2008-12-16,28.450979232788086
2008-12-17,29.45439910888672
2008-12-18,26.793161392211914
2008-12-19,26.518936157226562
2008-12-22,25.9580135345459
2008-12-23,26.811857223510742
2008-12-24,27.22319984436035
2008-12-26,28.25153923034668
2008-12-29,27.92494010925293
2008-12-30,28.94244384765625
2008-12-31,29.017818450927734
2009-01-02,30.33679962158203
2009-01-05,29.721269607543945
2009-01-06,28.622106552124023
2009-01-07,27.466426849365234
2009-01-08,28.251537322998047
2009-01-09,27.460145950317383
2009-01-12,25.670074462890625
2009-01-13,26.511737823486328
2009-01-14,24.790769577026367
2009-01-15,25.61355972290039
2009-01-16,26.442636489868164
2009-01-20,25.15505027770996
2009-01-21,25.626121520996094
2009-01-22,24.765642166137695
2009-01-23,24.771926879882812
2009-01-26,23.528305053710938
2009-01-27,24.998035430908203
2009-01-28,27.981454849243164
2009-01-29,27.02676010131836
2009-01-30,25.61985206604004
2009-02-02,25.393733978271484
2009-02-03,26.781808853149414
2009-02-04,26.850902557373047
2009-02-05,27.79303550720215
2009-02-06,28.82310676574707
2009-02-09,28.49650001525879
2009-02-10,26.599660873413086
2009-02-11,27.0518798828125
2009-02-12,27.61090850830078
2009-02-13,27.52923583984375
2009-02-17,25.255552291870117
2009-02-18,24.30084800720215
2009-02-19,24.614883422851562
2009-02-20,25.11109161376953
2009-02-23,22.328641891479492
2009-02-24,23.71044158935547
2009-02-25,22.6175594329834
2009-02-26,22.064847946166992
2009-02-27,21.13526725769043
2009-03-02,19.307518005371094
2009-03-03,20.17429542541504
2009-03-04,21.8136043548584
2009-03-05,20.142885208129883
2009-03-06,20.31247329711914
2009-03-09,19.835119247436523
2009-03-10,22.969297409057617
2009-03-11,23.176576614379883
2009-03-12,23.214250564575195
2009-03-13,23.478055953979492
2009-03-16,23.207983016967773
2009-03-17,21.072460174560547
2009-03-18,22.303510665893555
2009-03-19,23.917713165283203
2009-03-20,23.53458023071289
2009-03-23,25.249269485473633
2009-03-24,25.349756240844727
2009-03-25,24.545806884765625
2009-03-26,25.80826187133789
2009-03-27,25.681568145751953
2009-03-30,24.129531860351562
2009-03-31,24.18020248413086
2009-04-01,25.35215187072754
2009-04-02,26.992883682250977
2009-04-03,27.683391571044922
2009-04-06,27.119579315185547
2009-04-07,25.719579696655273
2009-04-08,25.770254135131836
2009-04-09,27.087915420532227
2009-04-13,27.62003517150879
2009-04-14,27.04355812072754
2009-04-15,26.904203414916992
2009-04-16,27.544025421142578
2009-04-17,27.97479820251465
2009-04-20,26.416414260864258
2009-04-21,27.2779598236084
2009-04-22,27.917776107788086
2009-04-23,25.33948516845703
2009-04-24,25.681568145751953
2009-04-27,24.67432975769043
2009-04-28,23.755762100219727
2009-04-29,24.465274810791016
2009-04-30,25.776594161987305
2009-05-01,26.245372772216797
2009-05-04,28.4309024810791
2009-05-05,27.841773986816406
2009-05-06,28.0698184967041
2009-05-07,27.1005802154541
2009-05-08,27.613706588745117
2009-05-11,27.081571578979492
2009-05-12,27.068910598754883
2009-05-13,25.073413848876953
2009-05-14,24.959392547607422
2009-05-15,24.642650604248047
2009-05-18,25.60555648803711
2009-05-19,26.505111694335938
2009-05-20,25.725914001464844
2009-05-21,24.8580379486084
2009-05-22,25.396499633789062
2009-05-26,26.06800651550293
2009-05-27,26.460752487182617
2009-05-28,27.125911712646484
2009-05-29,27.816421508789062
2009-06-01,29.761219024658203
2009-06-02,30.014617919921875
2009-06-03,28.33586883544922
2009-06-04,29.3367862701416
2009-06-05,30.109642028808594
2009-06-08,29.621862411499023
2009-06-09,30.25535774230957
2009-06-10,30.027297973632812
2009-06-11,31.02187156677246
2009-06-12,30.090648651123047
2009-06-15,28.982032775878906
2009-06-16,29.68522071838379
2009-06-17,29.381139755249023
2009-06-18,29.45081901550293
2009-06-19,29.571189880371094
2009-06-22,27.506010055541992
2009-06-23,27.860767364501953
2009-06-24,27.987464904785156
2009-06-25,28.544931411743164
2009-06-26,28.825841903686523
2009-06-29,28.88968276977539
2009-06-30,28.366161346435547
2009-07-01,27.74688148498535
2009-07-02,26.9552059173584
2009-07-06,26.374208450317383
2009-07-07,26.01030921936035
2009-07-08,25.793231964111328
2009-07-09,26.45721435546875
2009-07-10,26.303983688354492
2009-07-13,27.18504524230957
2009-07-14,27.29357147216797
2009-07-15,27.8426456451416
2009-07-16,28.168254852294922
2009-07-17,28.47470474243164
2009-07-20,28.608774185180664
2009-07-21,28.4810791015625
2009-07-22,28.270395278930664
2009-07-23,28.315088272094727
2009-07-24,28.621551513671875
2009-07-27,28.79391860961914
2009-07-28,28.92161750793457
2009-07-29,27.587257385253906
2009-07-30,28.04694366455078
2009-07-31,28.391706466674805
2009-08-03,30.172962188720703
2009-08-04,30.00697898864746
2009-08-05,30.626262664794922
2009-08-06,31.175338745117188
2009-08-07,31.36686897277832
2009-08-10,30.070831298828125
2009-08-11,29.330217361450195
2009-08-12,29.764354705810547
2009-08-13,30.460269927978516
2009-08-14,29.872900009155273
2009-08-17,28.461946487426758
2009-08-18,29.291921615600586
2009-08-19,29.41960334777832
2009-08-20,29.757978439331055
2009-08-21,30.102746963500977
2009-08-24,29.86014747619629
2009-08-25,29.60474395751953
2009-08-26,28.908842086791992
2009-08-27,28.640697479248047
2009-08-28,29.279138565063477
2009-08-31,28.436386108398438
2009-09-01,27.880949020385742
2009-09-02,27.670259475708008
2009-09-03,28.13632583618164
2009-09-04,28.200172424316406
2009-09-08,28.97907829284668
2009-09-09,29.132301330566406
2009-09-10,30.026132583618164
2009-09-11,29.60474395751953
2009-09-14,29.88567352294922
2009-09-15,30.511348724365234
2009-09-16,30.715656280517578
2009-09-17,31.820173263549805
2009-09-18,31.730770111083984
2009-09-21,31.45624351501465
2009-09-22,31.743547439575195
2009-09-23,31.13702964782715
2009-09-24,30.536888122558594
2009-09-25,29.91119956970215
2009-09-28,30.483701705932617
2009-09-29,30.10417938232422
2009-09-30,30.2392635345459
2009-10-01,28.914175033569336
2009-10-02,28.534648895263672
2009-10-05,29.267959594726562
2009-10-06,29.12000274658203
2009-10-07,29.132875442504883
2009-10-08,29.28725814819336
2009-10-09,28.984912872314453
2009-10-12,28.830547332763672
2009-10-13,28.785524368286133
2009-10-14,29.505956649780273
2009-10-15,29.673206329345703
2009-10-16,29.094280242919922
2009-10-19,29.448062896728516
2009-10-20,29.370885848999023
2009-10-21,29.58958625793457
2009-10-22,28.41886329650879
2009-10-23,28.412433624267578
2009-10-26,27.839933395385742
2009-10-27,26.386188507080078
2009-10-28,25.69791030883789
2009-10-29,26.534137725830078
2009-10-30,25.633581161499023
2009-11-02,25.09967613220215
2009-11-03,25.112564086914062
2009-11-04,24.87454605102539
2009-11-05,25.588558197021484
2009-11-06,25.30552101135254
2009-11-09,26.617755889892578
2009-11-10,26.21250343322754
2009-11-11,26.669214248657227
2009-11-12,26.122453689575195
2009-11-13,26.26396942138672
2009-11-16,27.02301597595215
2009-11-17,27.164527893066406
2009-11-18,26.965110778808594
2009-11-19,26.514842987060547
2009-11-20,26.45694351196289
2009-11-23,26.849332809448242
2009-11-24,26.997276306152344
2009-11-25,27.711294174194336
2009-11-27,26.894359588623047
2009-11-30,27.280315399169922
2009-12-01,27.846363067626953
2009-12-02,28.341663360595703
2009-12-03,27.679121017456055
2009-12-04,27.7498722076416
2009-12-07,27.653396606445312
2009-12-08,27.215991973876953
2009-12-09,27.698421478271484
2009-12-10,27.04230308532715
2009-12-11,27.177392959594727
2009-12-14,27.550485610961914
2009-12-15,27.67268180847168
2009-12-16,27.73057746887207
2009-12-17,27.659832000732422
2009-12-18,28.1937255859375
2009-12-21,28.701892852783203
2009-12-22,29.165037155151367
2009-12-23,29.653905868530273
2009-12-24,30.29715347290039
2009-12-28,30.2006778717041
2009-12-29,29.85711097717285
2009-12-30,30.505342483520508
2009-12-31,30.23955535888672
2010-01-04,30.978548049926758
2010-01-05,31.192447662353516
2010-01-06,32.13237380981445
2010-01-07,31.911964416503906
2010-01-08,32.3657341003418
2010-01-11,32.1777458190918
2010-01-12,31.380435943603516
2010-01-13,31.393402099609375
2010-01-14,31.05632972717285
2010-01-15,30.74519157409668
2010-01-19,31.185958862304688
2010-01-20,30.537748336791992
2010-01-21,29.617277145385742
2010-01-22,28.644941329956055
2010-01-25,28.606037139892578
2010-01-26,28.236547470092773
2010-01-27,27.607784271240234
2010-01-28,26.836400985717773
2010-01-29,26.44746971130371
2010-02-01,27.205883026123047
2010-02-02,27.821704864501953
2010-02-03,27.18643569946289
2010-02-04,25.604778289794922
2010-02-05,26.227069854736328
2010-02-08,25.650156021118164
2010-02-09,26.227069854736328
2010-02-10,25.87702751159668
2010-02-11,26.674341201782227
2010-02-12,26.661376953125
2010-02-16,27.6726016998291
2010-02-17,27.510555267333984
2010-02-18,28.27545928955078
2010-02-19,28.748659133911133
2010-02-22,28.30138397216797
2010-02-23,27.225337982177734
2010-02-24,27.283674240112305
2010-02-25,27.14754867553711
2010-02-26,26.836400985717773
2010-03-01,27.465185165405273
2010-03-02,27.815221786499023
2010-03-03,27.97726821899414
2010-03-04,28.20414161682129
2010-03-05,28.884788513183594
2010-03-08,29.066287994384766
2010-03-09,29.124624252319336
2010-03-10,29.189451217651367
2010-03-11,29.176481246948242
2010-03-12,29.351505279541016
2010-03-15,29.247785568237305
2010-03-16,29.863601684570312
2010-03-17,29.241304397583008
2010-03-18,29.0014591217041
2010-03-19,28.774572372436523
2010-03-22,28.94960594177246
2010-03-23,30.032133102416992
2010-03-24,29.70153045654297
2010-03-25,29.09221839904785
2010-03-26,29.604307174682617
2010-03-29,30.081281661987305
2010-03-30,29.767648696899414
2010-03-31,29.650060653686523
2010-04-01,30.02246856689453
2010-04-05,31.054800033569336
2010-04-06,31.12666130065918
2010-04-07,31.107053756713867
2010-04-08,31.028656005859375
2010-04-09,30.969850540161133
2010-04-12,30.80651092529297
2010-04-13,30.70850944519043
2010-04-14,31.146265029907227
2010-04-15,30.479825973510742
2010-04-16,29.819917678833008
2010-04-19,29.74805450439453
2010-04-20,29.571645736694336
2010-04-21,29.473630905151367
2010-04-22,29.57818031311035
2010-04-23,30.09433937072754
2010-04-26,29.898317337036133
2010-04-27,29.153480529785156
2010-04-28,29.40829849243164
2010-04-29,29.832979202270508
2010-04-30,29.610836029052734
2010-05-03,30.0094051361084
2010-05-04,29.506303787231445
2010-05-05,29.904855728149414
2010-05-06,29.20574951171875
2010-05-07,29.336423873901367
2010-05-10,30.42754554748535
2010-05-11,30.048608779907227
2010-05-12,30.55824089050293
2010-05-13,30.270751953125
2010-05-14,29.98326301574707
2010-05-17,29.74805450439453
2010-05-18,29.081613540649414
2010-05-19,29.11427879333496
2010-05-20,27.905542373657227
2010-05-21,28.062345504760742
2010-05-24,27.604995727539062
2010-05-25,28.029680252075195
2010-05-26,27.73566246032715
2010-05-27,28.650381088256836
2010-05-28,28.127687454223633
2010-06-01,27.069229125976562
2010-06-02,27.938207626342773
2010-06-03,27.794466018676758
2010-06-04,26.742538452148438
2010-06-07,26.213302612304688
2010-06-08,26.75560188293457
2010-06-09,26.847070693969727
2010-06-10,27.722599029541016
2010-06-11,27.8532657623291
2010-06-14,27.722599029541016
2010-06-15,27.8663330078125
2010-06-16,27.552711486816406
2010-06-17,27.239099502563477
2010-06-18,27.108428955078125
2010-06-21,27.291362762451172
2010-06-22,26.840532302856445
2010-06-23,27.258699417114258
2010-06-24,26.48771858215332
2010-06-25,26.892805099487305
2010-06-28,26.457775115966797
2010-06-29,25.363615036010742
2010-06-30,25.23179054260254
2010-07-01,24.8890380859375
2010-07-02,24.599016189575195
2010-07-06,24.631969451904297
2010-07-07,25.752506256103516
2010-07-08,25.778879165649414
2010-07-09,26.108440399169922
2010-07-12,25.48885154724121
2010-07-13,25.84477996826172
2010-07-14,25.970016479492188
2010-07-15,25.88433837890625
2010-07-16,25.106548309326172
2010-07-19,25.343835830688477
2010-07-20,26.24686622619629
2010-07-21,25.778879165649414
2010-07-22,26.14798927307129
2010-07-23,26.260028839111328
2010-07-26,26.43800926208496
2010-07-27,26.233684539794922
2010-07-28,26.068889617919922
2010-07-29,25.811824798583984
2010-07-30,25.79865074157715
2010-08-02,26.543460845947266
2010-08-03,26.27322006225586
2010-08-04,26.563241958618164
2010-08-05,26.352312088012695
2010-08-06,26.358915328979492
2010-08-09,26.378684997558594
2010-08-10,26.167762756347656
2010-08-11,25.284515380859375
2010-08-12,25.41634750366211
2010-08-13,25.106548309326172
2010-08-16,25.324064254760742
2010-08-17,25.91728401184082
2010-08-18,25.930482864379883
2010-08-19,25.40315818786621
2010-08-20,25.291114807128906
2010-08-23,24.8890380859375
2010-08-24,24.177173614501953
2010-08-25,24.177173614501953
2010-08-26,23.97941780090332
2010-08-27,24.552867889404297
2010-08-30,24.16398048400879
2010-08-31,24.243083953857422
2010-09-01,25.020856857299805
2010-09-02,25.337247848510742
2010-09-03,25.495439529418945
2010-09-07,25.956844329833984
2010-09-08,26.385271072387695
2010-09-09,26.25345230102539
2010-09-10,26.42483139038086
2010-09-13,26.800537109375
2010-09-14,25.97661590576172
2010-09-15,25.88433837890625
2010-09-16,25.67340660095215
2010-09-17,25.534996032714844
2010-09-20,25.548185348510742
2010-09-21,25.093364715576172
2010-09-22,24.941762924194336
2010-09-23,24.38809585571289
2010-09-24,24.809938430786133
2010-09-27,24.7506160736084
2010-09-28,25.302995681762695
2010-09-29,25.549243927001953
2010-09-30,25.42279052734375
2010-10-01,25.868677139282227
2010-10-04,25.655723571777344
2010-10-05,26.307931900024414
2010-10-06,26.507585525512695
2010-10-07,25.94854736328125
2010-10-08,26.567474365234375
2010-10-11,26.673961639404297
2010-10-12,26.540855407714844
2010-10-13,26.720550537109375
2010-10-14,26.38113021850586
2010-10-15,26.1215877532959
2010-10-18,26.29462432861328
2010-10-19,25.635759353637695
2010-10-20,26.208105087280273
2010-10-21,25.216468811035156
2010-10-22,25.209823608398438
2010-10-25,25.46271324157715
2010-10-26,25.209823608398438
2010-10-27,25.00351333618164
2010-10-28,25.2630615234375
2010-10-29,25.436100006103516
2010-11-01,25.42279052734375
2010-11-02,25.78217124938965
2010-11-03,25.64906120300293
2010-11-04,26.221410751342773
2010-11-05,26.886930465698242
2010-11-08,26.80706024169922
2010-11-09,26.567474365234375
2010-11-10,26.953493118286133
2010-11-11,27.046661376953125
2010-11-12,26.66063690185547
2010-11-15,26.19478988647461
2010-11-16,25.269718170166016
2010-11-17,25.050098419189453
2010-11-18,25.169879913330078
2010-11-19,25.2630615234375
2010-11-22,25.46271324157715
2010-11-23,24.956928253173828
2010-11-24,25.2630615234375
2010-11-26,24.983549118041992
2010-11-29,25.036787033081055
2010-11-30,25.11665916442871
2010-12-01,26.101619720458984
2010-12-02,26.793746948242188
2010-12-03,26.560821533203125
2010-12-06,26.447690963745117
2010-12-07,27.50586700439453
2010-12-08,27.419336318969727
2010-12-09,27.579063415527344
2010-12-10,27.87189483642578
2010-12-13,28.424272537231445
2010-12-14,28.743717193603516
2010-12-15,28.856861114501953
2010-12-16,29.515727996826172
2010-12-17,29.66878318786621
2010-12-20,29.475788116455078
2010-12-21,29.662147521972656
2010-12-22,29.615549087524414
2010-12-23,29.662147521972656
2010-12-27,29.568965911865234
2010-12-28,29.655487060546875
2010-12-29,29.691057205200195
2010-12-30,29.831945419311523
2010-12-31,29.402515411376953
2011-01-03,29.664213180541992
2011-01-04,29.409223556518555
2011-01-05,29.738025665283203
2011-01-06,29.462907791137695
2011-01-07,29.5166015625
2011-01-10,29.355560302734375
2011-01-11,30.006418228149414
2011-01-12,30.013120651245117
2011-01-13,30.006418228149414
2011-01-14,29.657489776611328
2011-01-18,30.221126556396484
2011-01-19,29.38239860534668
2011-01-20,29.939315795898438
2011-01-21,29.892337799072266
2011-01-24,30.24124526977539
2011-01-25,30.154033660888672
2011-01-26,31.200761795043945
2011-01-27,30.46268081665039
2011-01-28,30.26136589050293
2011-01-31,30.80487823486328
2011-02-01,31.670452117919922
2011-02-02,32.086456298828125
2011-02-03,32.34814453125
2011-02-04,32.187110900878906
2011-02-07,32.200531005859375
2011-02-08,31.952255249023438
2011-02-09,31.569801330566406
2011-02-10,31.730838775634766
2011-02-11,32.07973861694336
2011-02-14,32.34814453125
2011-02-15,32.43537902832031
2011-02-16,32.609825134277344
2011-02-17,32.79770278930664
2011-02-18,32.703765869140625
2011-02-22,31.764408111572266
2011-02-23,31.46244239807129
2011-02-24,31.48257827758789
2011-02-25,31.48257827758789
2011-02-28,32.180397033691406
2011-03-01,31.27457618713379
2011-03-02,31.43560218811035
2011-03-03,32.187110900878906
2011-03-04,32.16697692871094
2011-03-07,31.455739974975586
2011-03-08,31.670452117919922
2011-03-09,31.059850692749023
2011-03-10,30.24124526977539
2011-03-11,31.596643447875977
2011-03-14,31.43560218811035
2011-03-15,31.247730255126953
2011-03-16,30.053388595581055
2011-03-17,30.355323791503906
2011-03-18,30.44254493713379
2011-03-21,30.63043212890625
2011-03-22,30.663970947265625
2011-03-23,30.905529022216797
2011-03-24,31.113529205322266
2011-03-25,31.24101448059082
2011-03-28,31.026308059692383
2011-03-29,31.528797149658203
2011-03-30,31.535554885864258
2011-03-31,31.12300682067871
2011-04-01,31.244747161865234
2011-04-04,31.69786262512207
2011-04-05,32.09688949584961
2011-04-06,32.218605041503906
2011-04-07,32.103641510009766
2011-04-08,31.393537521362305
2011-04-11,31.28532600402832
2011-04-12,30.575223922729492
2011-04-13,30.331762313842773
2011-04-14,30.41289710998535
2011-04-15,30.588747024536133
2011-04-18,30.28441047668457
2011-04-19,30.906597137451172
2011-04-20,31.434114456176758
2011-04-21,31.210922241210938
2011-04-25,30.500823974609375
2011-04-26,31.37324333190918
2011-04-27,31.298847198486328
2011-04-28,31.440872192382812
2011-04-29,31.75873565673828
2011-05-02,30.872779846191406
2011-05-03,31.17035484313965
2011-05-04,30.66990852355957
2011-05-05,30.23031234741211
2011-05-06,29.8989200592041
2011-05-09,30.399389266967773
2011-05-10,30.40614128112793
2011-05-11,29.93274688720703
2011-05-12,29.946264266967773
2011-05-13,29.053546905517578
2011-05-16,29.134714126586914
2011-05-17,28.783044815063477
2011-05-18,29.03326416015625
2011-05-19,28.972408294677734
2011-05-20,28.269052505493164
2011-05-23,28.09998893737793
2011-05-24,28.36374282836914
2011-05-25,28.25553321838379
2011-05-26,28.329919815063477
2011-05-27,28.465185165405273
2011-05-31,28.63424301147461
2011-06-01,27.68744468688965
2011-06-02,27.667150497436523
2011-06-03,27.322240829467773
2011-06-06,27.051727294921875
2011-06-07,27.078781127929688
2011-06-08,26.706825256347656
2011-06-09,26.828548431396484
2011-06-10,27.03819465637207
2011-06-13,26.686542510986328
2011-06-14,27.531902313232422
2011-06-15,26.916484832763672
2011-06-16,26.686542510986328
2011-06-17,26.67976951599121
2011-06-20,26.869123458862305
2011-06-21,27.268144607543945
2011-06-22,27.24785041809082
2011-06-23,27.051727294921875
2011-06-24,26.754159927368164
2011-06-27,26.700054168701172
2011-06-28,27.091171264648438
2011-06-29,27.466577529907227
2011-06-30,28.135494232177734
2011-07-01,28.3743953704834
2011-07-05,28.128677368164062
2011-07-06,27.862478256225586
2011-07-07,28.333446502685547
2011-07-08,27.937559127807617
2011-07-11,27.179901123046875
2011-07-12,27.06386947631836
2011-07-13,27.179901123046875
2011-07-14,26.777189254760742
2011-07-15,26.954666137695312
2011-07-18,26.565593719482422
2011-07-19,26.995603561401367
2011-07-20,27.166261672973633
2011-07-21,27.732778549194336
2011-07-22,28.053590774536133
2011-07-25,27.78057289123535
2011-07-26,27.104820251464844
2011-07-27,26.62019157409668
2011-07-28,26.565593719482422
2011-07-29,26.545108795166016
2011-08-01,26.25161361694336
2011-08-02,25.500782012939453
2011-08-03,25.48713493347168
2011-08-04,23.855791091918945
2011-08-05,23.855791091918945
2011-08-08,21.869518280029297
2011-08-09,23.173219680786133
2011-08-10,22.142545700073242
2011-08-11,23.22782325744629
2011-08-12,23.330217361450195
2011-08-15,23.74657440185547
2011-08-16,23.323383331298828
2011-08-17,23.139101028442383
2011-08-18,21.82856559753418
2011-08-19,21.507755279541016
2011-08-22,21.487272262573242
2011-08-23,22.258586883544922
2011-08-24,23.207347869873047
2011-08-25,22.68860626220703
2011-08-26,23.453079223632812
2011-08-29,24.374542236328125
2011-08-30,24.66122055053711
2011-08-31,24.62709617614746
2011-09-01,24.176599502563477
2011-09-02,23.255130767822266
2011-09-06,22.715900421142578
2011-09-07,23.71245574951172
2011-09-08,23.41211700439453
2011-09-09,22.620338439941406
2011-09-12,22.490652084350586
2011-09-13,22.97527503967285
2011-09-14,23.275604248046875
2011-09-15,23.944538116455078
2011-09-16,23.917226791381836
2011-09-19,23.473556518554688
2011-09-20,23.282432556152344
2011-09-21,22.470176696777344
2011-09-22,21.330286026000977
2011-09-23,21.5487060546875
2011-09-26,22.381444931030273
2011-09-27,22.831939697265625
2011-09-28,22.019742965698242
2011-09-29,22.399269104003906
2011-09-30,21.833425521850586
2011-10-03,21.32967758178711
2011-10-04,21.785118103027344
2011-10-05,22.82019805908203
2011-10-06,23.34464454650879
2011-10-07,22.68219757080078
2011-10-10,23.668975830078125
2011-10-11,23.93810272216797
2011-10-12,24.545352935791016
2011-10-13,24.434938430786133
2011-10-14,24.75926399230957
2011-10-17,23.85529327392578
2011-10-18,24.559152603149414
2011-10-19,24.076108932495117
2011-10-20,24.779970169067383
2011-10-21,25.394115447998047
2011-10-24,25.9461669921875
2011-10-25,25.2285099029541
2011-10-26,25.677043914794922
2011-10-27,27.181367874145508
2011-10-28,27.12616539001465
2011-10-31,26.070384979248047
2011-11-01,25.5942440032959
2011-11-02,26.11869239807129
2011-11-03,26.587919235229492
2011-11-04,26.91914176940918
2011-11-07,26.89844512939453
2011-11-08,27.312482833862305
2011-11-09,26.01517677307129
2011-11-10,26.484416961669922
2011-11-11,27.395282745361328
2011-11-14,27.098569869995117
2011-11-15,27.29177474975586
2011-11-16,26.85015296936035
2011-11-17,26.229095458984375
2011-11-18,26.332599639892578
2011-11-21,25.842653274536133
2011-11-22,25.670143127441406
2011-11-23,24.483243942260742
2011-11-25,24.545352935791016
2011-11-28,25.359619140625
2011-11-29,25.414823532104492
2011-11-30,27.20897102355957
2011-12-01,27.2365779876709
2011-12-02,27.82312774658203
2011-12-05,28.216445922851562
2011-12-06,28.395885467529297
2011-12-07,28.40967559814453
2011-12-08,27.312482833862305
2011-12-09,28.023239135742188
2011-12-12,27.491884231567383
2011-12-13,26.788042068481445
2011-12-14,26.719030380249023
2011-12-15,26.643129348754883
2011-12-16,26.905344009399414
2011-12-19,26.374006271362305
2011-12-20,27.395282745361328
2011-12-21,27.298690795898438
2011-12-22,27.67821502685547
2011-12-23,27.912822723388672
2011-12-27,27.947341918945312
2011-12-28,27.546951293945312
2011-12-29,27.567842483520508
2011-12-30,27.553909301757812
2012-01-03,28.215423583984375
2012-01-04,28.466106414794922
2012-01-05,28.51484489440918
2012-01-06,28.66804313659668
2012-01-09,28.60537338256836
2012-01-10,28.95353889465332
2012-01-11,29.322586059570312
2012-01-12,29.434005737304688
2012-01-13,29.14851188659668
2012-01-17,29.239032745361328
2012-01-18,29.677715301513672
2012-01-19,29.872684478759766
2012-01-20,29.851810455322266
2012-01-23,29.872684478759766
2012-01-24,30.081602096557617
2012-01-25,30.457616806030273
2012-01-26,30.729171752929688
2012-01-27,30.986825942993164
2012-01-30,31.056453704833984
2012-01-31,30.979856491088867
2012-02-01,31.209653854370117
2012-02-02,31.02861213684082
2012-02-03,31.6204891204834
2012-02-06,31.425518035888672
2012-02-07,31.564781188964844
2012-02-08,31.550859451293945
2012-02-09,31.6135311126709
2012-02-10,30.965944290161133
2012-02-13,30.58295440673828
2012-02-14,30.199975967407227
2012-02-15,30.05373764038086
2012-02-16,30.736146926879883
2012-02-17,30.57599449157715
2012-02-21,30.88934326171875
2012-02-22,30.339237213134766
2012-02-23,30.381027221679688
2012-02-24,30.541179656982422
2012-02-27,30.743114471435547
2012-02-28,30.6595401763916
2012-02-29,30.311382293701172
2012-03-01,30.52028465270996
2012-03-02,30.339237213134766
2012-03-05,29.60809898376465
2012-03-06,28.765522003173828
2012-03-07,28.863027572631836
2012-03-08,29.00228500366211
2012-03-09,29.420082092285156
2012-03-12,29.46881675720215
2012-03-13,30.360130310058594
2012-03-14,30.57599449157715
2012-03-15,30.255685806274414
2012-03-16,30.798818588256836
2012-03-19,31.19574737548828
2012-03-20,30.52028465270996
2012-03-21,30.346208572387695
2012-03-22,29.865726470947266
2012-03-23,30.04679298400879
2012-03-26,30.471542358398438
2012-03-27,30.269615173339844
2012-03-28,29.879871368408203
2012-03-29,30.062458038330078
2012-03-30,30.1607608795166
2012-04-02,30.53997039794922
2012-04-03,30.06947898864746
2012-04-04,29.56387710571289
2012-04-05,29.275957107543945
2012-04-09,28.875680923461914
2012-04-10,28.58075523376465
2012-04-11,28.896760940551758
2012-04-12,29.669208526611328
2012-04-13,29.19168472290039
2012-04-16,29.268932342529297
2012-04-17,29.718347549438477
2012-04-18,29.634092330932617
2012-04-19,28.152389526367188
2012-04-20,27.85745620727539
2012-04-23,27.330778121948242
2012-04-24,27.316720962524414
2012-04-25,27.625720977783203
2012-04-26,27.738059997558594
2012-04-27,27.618698120117188
2012-04-30,27.5344181060791
2012-05-01,27.695938110351562
2012-05-02,27.37993049621582
2012-05-03,27.09202003479004
2012-05-04,26.565349578857422
2012-05-07,26.368724822998047
2012-05-08,26.2282772064209
2012-05-09,26.165071487426758
2012-05-10,26.017608642578125
2012-05-11,25.905248641967773
2012-05-14,25.785871505737305
2012-05-15,25.132795333862305
2012-05-16,24.627199172973633
2012-05-17,24.430566787719727
2012-05-18,24.149681091308594
2012-05-21,24.648258209228516
2012-05-22,24.851911544799805
2012-05-23,25.20301628112793
2012-05-24,25.090665817260742
2012-05-25,25.35751724243164
2012-05-29,25.7086238861084
2012-05-30,25.21706199645996
2012-05-31,25.111732482910156
2012-06-01,25.118759155273438
2012-06-04,25.048538208007812
2012-06-05,25.076614379882812
2012-06-06,25.820985794067383
2012-06-07,26.19315528869629
2012-06-08,26.13698959350586
2012-06-11,25.37155532836914
2012-06-12,25.35751724243164
2012-06-13,25.322402954101562
2012-06-14,25.65245246887207
2012-06-15,26.410852432250977
2012-06-18,26.361703872680664
2012-06-19,26.986682891845703
2012-06-20,26.846233367919922
2012-06-21,26.235301971435547
2012-06-22,25.926313400268555
2012-06-25,25.322402954101562
2012-06-26,25.631385803222656
2012-06-27,26.0108699798584
2012-06-28,26.308788299560547
2012-06-29,26.88333511352539
2012-07-02,26.862056732177734
2012-07-03,27.592647552490234
2012-07-05,27.564285278320312
2012-07-06,27.20252227783203
2012-07-09,27.138687133789062
2012-07-10,26.74147605895996
2012-07-11,26.805313110351562
2012-07-12,26.74147605895996
2012-07-13,27.252185821533203
2012-07-16,26.97554588317871
2012-07-17,27.152877807617188
2012-07-18,27.457889556884766
2012-07-19,27.11741065979004
2012-07-20,26.925899505615234
2012-07-23,26.847877502441406
2012-07-24,26.330059051513672
2012-07-25,26.117265701293945
2012-07-26,26.45773696899414
2012-07-27,27.294740676879883
2012-07-30,27.308929443359375
2012-07-31,27.805456161499023
2012-08-01,27.67067527770996
2012-08-02,27.294740676879883
2012-08-03,27.97569465637207
2012-08-06,28.528963088989258
2012-08-07,28.84816551208496
2012-08-08,28.770143508911133
2012-08-09,28.855262756347656
2012-08-10,28.912006378173828
2012-08-13,28.47222328186035
2012-08-14,28.145936965942383
2012-08-15,28.060815811157227
2012-08-16,28.344526290893555
2012-08-17,28.35162353515625
2012-08-20,28.528963088989258
2012-08-21,28.614093780517578
2012-08-22,28.763044357299805
2012-08-23,27.762903213500977
2012-08-24,27.4508056640625
2012-08-27,27.308929443359375
2012-08-28,27.16706657409668
2012-08-29,27.124509811401367
2012-08-30,26.74147605895996
2012-08-31,26.70601463317871
2012-09-04,26.322975158691406
2012-09-05,26.244949340820312
2012-09-06,27.01810073852539
2012-09-07,27.947311401367188
2012-09-10,27.755807876586914
2012-09-11,27.862201690673828
2012-09-12,27.663589477539062
2012-09-13,28.706302642822266
2012-09-14,28.904905319213867
2012-09-17,28.266504287719727
2012-09-18,28.252336502075195
2012-09-19,28.075000762939453
2012-09-20,28.167213439941406
2012-09-21,28.01117515563965
2012-09-24,28.0537166595459
2012-09-25,27.238004684448242
2012-09-26,27.27737808227539
2012-09-27,27.463573455810547
2012-09-28,27.399126052856445
2012-10-01,27.406286239624023
2012-10-02,27.084026336669922
2012-10-03,27.1986083984375
2012-10-04,27.685588836669922
2012-10-05,27.628286361694336
2012-10-08,28.165393829345703
2012-10-09,28.28712272644043
2012-10-10,27.82880973815918
2012-10-11,27.936214447021484
2012-10-12,27.628286361694336
2012-10-15,27.96487045288086
2012-10-16,28.552104949951172
2012-10-17,28.938814163208008
2012-10-18,29.361328125
2012-10-19,29.024734497070312
2012-10-22,29.44725799560547
2012-10-23,28.9101619720459
2012-10-24,28.99610137939453
2012-10-25,28.809898376464844
2012-10-26,28.802738189697266
2012-10-31,28.738292694091797
2012-11-01,29.740873336791992
2012-11-02,29.10352897644043
2012-11-05,29.325511932373047
2012-11-06,29.70506477355957
2012-11-07,29.046232223510742
2012-11-08,28.673837661743164
2012-11-09,29.031906127929688
2012-11-12,28.93165397644043
2012-11-13,28.738292694091797
2012-11-14,28.322933197021484
2012-11-15,28.18686866760254
2012-11-16,28.236995697021484
2012-11-19,29.010419845581055
2012-11-20,28.881511688232422
2012-11-21,29.132171630859375
2012-11-23,29.46157455444336
2012-11-26,29.404296875
2012-11-27,28.98177719116211
2012-11-28,29.16796875
2012-11-29,29.389963150024414
2012-11-30,29.490238189697266
2012-12-03,28.845703125
2012-12-04,29.17513084411621
2012-12-05,29.22525978088379
2012-12-06,29.132171630859375
2012-12-07,29.160802841186523
2012-12-10,29.203781127929688
2012-12-11,29.898422241210938
2012-12-12,29.518863677978516
2012-12-13,29.497390747070312
2012-12-14,30.27797508239746
2012-12-17,30.62171173095703
2012-12-18,31.251914978027344
2012-12-19,31.115840911865234
2012-12-20,31.488231658935547
2012-12-21,31.165973663330078
2012-12-24,31.173124313354492
2012-12-26,31.323522567749023
2012-12-27,31.162471771240234
2012-12-28,30.649696350097656
2012-12-31,31.16969108581543
2013-01-02,32.339630126953125
2013-01-03,32.2746467590332
2013-01-04,32.70073699951172
2013-01-07,32.84517288208008
2013-01-08,32.50574493408203
2013-01-09,32.67906188964844
2013-01-10,32.837955474853516
2013-01-11,32.80906295776367
2013-01-14,32.88127517700195
2013-01-15,33.26404571533203
2013-01-16,33.15571975708008
2013-01-17,33.68290710449219
2013-01-18,34.31843185424805
2013-01-22,34.74452209472656
2013-01-23,34.65064239501953
2013-01-24,34.50620651245117
2013-01-25,34.43398666381836
2013-01-28,34.08011245727539
2013-01-29,33.97178268432617
2013-01-30,33.43735885620117
2013-01-31,33.22792053222656
2013-02-01,33.92844772338867
2013-02-04,33.307373046875
2013-02-05,33.386810302734375
2013-02-06,33.91401672363281
2013-02-07,33.42292785644531
2013-02-08,33.755130767822266
2013-02-11,33.849021911621094
2013-02-12,34.1162223815918
2013-02-13,34.28232192993164
2013-02-14,34.83119201660156
2013-02-15,34.751747131347656
2013-02-19,34.46287155151367
2013-02-20,33.18459701538086
2013-02-21,32.281856536865234
2013-02-22,32.62851333618164
2013-02-25,31.566892623901367
2013-02-26,31.667997360229492
2013-02-27,32.447967529296875
2013-02-28,32.53462600708008
2013-03-01,32.04353713989258
2013-03-04,32.51296615600586
2013-03-05,32.79461669921875
2013-03-06,33.574581146240234
2013-03-07,33.784019470214844
2013-03-08,34.41232681274414
2013-03-11,34.34733200073242
2013-03-12,34.18843460083008
2013-03-13,33.610694885253906
2013-03-14,33.53125762939453
2013-03-15,33.654022216796875
2013-03-18,33.40126037597656
2013-03-19,33.329036712646484
2013-03-20,33.776798248291016
2013-03-21,33.50958251953125
2013-03-22,33.329036712646484
2013-03-25,33.141265869140625
2013-03-26,33.48126220703125
2013-03-27,33.49580383300781
2013-03-28,33.59772872924805
2013-04-01,32.86244583129883
2013-04-02,31.777700424194336
2013-04-03,31.355451583862305
2013-04-04,31.668485641479492
2013-04-05,31.85779571533203
2013-04-08,31.98883056640625
2013-04-09,32.35283660888672
2013-04-10,32.745948791503906
2013-04-11,32.753238677978516
2013-04-12,32.25819778442383
2013-04-15,31.151615142822266
2013-04-16,31.58841896057129
2013-04-17,30.962329864501953
2013-04-18,30.743925094604492
2013-04-19,30.853139877319336
2013-04-22,30.816726684570312
2013-04-23,30.794876098632812
2013-04-24,31.79953956604004
2013-04-25,31.62482452392578
2013-04-26,31.151615142822266
2013-04-29,31.40640640258789
2013-04-30,31.755859375
2013-05-01,31.253538131713867
2013-05-02,31.5957088470459
2013-05-03,32.7022819519043
2013-05-06,32.505714416503906
2013-05-07,32.8041877746582
2013-05-08,33.393898010253906
2013-05-09,33.088130950927734
2013-05-10,33.015323638916016
2013-05-13,32.68043899536133
2013-05-14,33.00804901123047
2013-05-15,32.92796325683594
2013-05-16,32.753238677978516
2013-05-17,33.32108688354492
2013-05-20,33.59772872924805
2013-05-21,34.28934860229492
2013-05-22,33.56132888793945
2013-05-23,33.2701416015625
2013-05-24,32.920692443847656
2013-05-28,33.59772872924805
2013-05-29,33.29197692871094
2013-05-30,33.2264404296875
2013-05-31,32.40379333496094
2013-06-03,32.73139572143555
2013-06-04,32.87699890136719
2013-06-05,32.280033111572266
2013-06-06,32.381954193115234
2013-06-07,32.38922882080078
2013-06-10,32.3018684387207
2013-06-11,31.763151168823242
2013-06-12,31.974258422851562
2013-06-13,32.93523406982422
2013-06-14,32.54210662841797
2013-06-17,32.745948791503906
2013-06-18,32.66587448120117
2013-06-19,32.651329040527344
2013-06-20,32.032508850097656
2013-06-21,32.032508850097656
2013-06-24,31.39913558959961
2013-06-25,31.79953956604004
2013-06-26,32.05430221557617
2013-06-27,32.3626594543457
2013-06-28,31.804683685302734
2013-07-01,32.18645477294922
2013-07-02,32.15709686279297
2013-07-03,31.973541259765625
2013-07-05,32.193790435791016
2013-07-08,32.215824127197266
2013-07-09,32.8839225769043
2013-07-10,32.42139434814453
2013-07-11,33.493282318115234
2013-07-12,32.94999313354492
2013-07-15,33.243675231933594
2013-07-16,32.861900329589844
2013-07-17,33.25102233886719
2013-07-18,33.51531219482422
2013-07-19,33.50798416137695
2013-07-22,33.82366180419922
2013-07-23,34.13936996459961
2013-07-24,33.654815673828125
2013-07-25,34.21279525756836
2013-07-26,34.44039535522461
2013-07-29,34.366966247558594
2013-07-30,34.3522834777832
2013-07-31,34.344947814941406
2013-08-01,34.6092414855957
2013-08-02,34.645957946777344
2013-08-05,34.27886962890625
2013-08-06,34.13936996459961
2013-08-07,33.9558219909668
2013-08-08,34.74140167236328
2013-08-09,36.13634490966797
2013-08-12,35.71051788330078
2013-08-13,35.343421936035156
2013-08-14,35.035064697265625
2013-08-15,34.67531967163086
2013-08-16,34.44772720336914
2013-08-19,33.897098541259766
2013-08-20,34.12469482421875
2013-08-21,33.57405090332031
2013-08-22,34.11000061035156
2013-08-23,34.0072135925293
2013-08-26,33.9558219909668
2013-08-27,33.42721939086914
2013-08-28,33.522674560546875
2013-08-29,33.56670379638672
2013-08-30,33.39784622192383
2013-09-03,33.53734588623047
2013-09-04,34.02925109863281
2013-09-05,34.21279525756836
2013-09-06,34.22014236450195
2013-09-09,35.005706787109375
2013-09-10,35.2186279296875
2013-09-11,35.73988723754883
2013-09-12,35.49759292602539
2013-09-13,35.460899353027344
2013-09-16,36.0409049987793
2013-09-17,36.31990432739258
2013-09-18,37.347747802734375
2013-09-19,36.855838775634766
2013-09-20,36.980648040771484
2013-09-23,36.62089538574219
2013-09-24,36.929256439208984
2013-09-25,36.59495544433594
2013-09-26,36.476627349853516
2013-09-27,36.092041015625
2013-09-30,36.254756927490234
2013-10-01,36.21037673950195
2013-10-02,36.11423110961914
2013-10-03,35.82578659057617
2013-10-04,36.077247619628906
2013-10-07,35.899749755859375
2013-10-08,35.515174865722656
2013-10-09,35.18975067138672
2013-10-10,35.78141784667969
2013-10-11,36.18818664550781
2013-10-14,36.447044372558594
2013-10-15,36.59495544433594
2013-10-16,36.84641647338867
2013-10-17,37.563838958740234
2013-10-18,37.785709381103516
2013-10-21,37.51945495605469
2013-10-22,38.029762268066406
2013-10-23,37.8522834777832
2013-10-24,37.97800064086914
2013-10-25,38.01496887207031
2013-10-28,37.815284729003906
2013-10-29,38.12593078613281
2013-10-30,38.00018310546875
2013-10-31,38.288631439208984
2013-11-01,39.013427734375
2013-11-04,39.42019271850586
2013-11-05,39.58291244506836
2013-11-06,40.004486083984375
2013-11-07,39.57551956176758
2013-11-08,40.3964729309082
2013-11-11,40.2855339050293
2013-11-12,39.77520751953125
2013-11-13,38.74717330932617
2013-11-14,39.27227783203125
2013-11-15,39.649471282958984
2013-11-18,39.205718994140625
2013-11-19,39.3536376953125
2013-11-20,38.97645950317383
2013-11-21,39.23531723022461
2013-11-22,38.43655776977539
2013-11-25,38.2072639465332
2013-11-26,38.00018310546875
2013-11-27,37.69695281982422
2013-11-29,37.76351547241211
2013-12-02,37.43071365356445
2013-12-03,37.386329650878906
2013-12-04,38.066749572753906
2013-12-05,38.355186462402344
2013-12-06,38.614044189453125
2013-12-09,38.8359260559082
2013-12-10,39.10218048095703
2013-12-11,38.05195999145508
2013-12-12,37.8818473815918
2013-12-13,38.15549087524414
2013-12-16,38.49571228027344
2013-12-17,38.096317291259766
2013-12-18,38.19248580932617
2013-12-19,38.74717330932617
2013-12-20,38.451332092285156
2013-12-23,38.76936721801758
2013-12-24,39.434993743896484
2013-12-26,39.6790657043457
2013-12-27,40.215274810791016
2013-12-30,39.83545684814453
2013-12-31,39.75352478027344
2014-01-02,39.26945495605469
2014-01-03,39.306705474853516
2014-01-06,39.12051010131836
2014-01-07,39.31415557861328
2014-01-08,39.52266311645508
2014-01-09,39.27690887451172
2014-01-10,39.43330383300781
2014-01-13,38.38322830200195
2014-01-14,38.40557861328125
2014-01-15,38.38322830200195
2014-01-16,38.591766357421875
2014-01-17,38.264076232910156
2014-01-21,37.794898986816406
2014-01-22,37.75766372680664
2014-01-23,37.35551452636719
2014-01-24,36.31288528442383
2014-01-27,36.059688568115234
2014-01-28,36.48418426513672
2014-01-29,36.067142486572266
2014-01-30,36.18628692626953
2014-01-31,36.007537841796875
2014-02-03,34.719181060791016
2014-02-04,34.83833312988281
2014-02-05,35.14366912841797
2014-02-06,35.985206604003906
2014-02-07,36.082027435302734
2014-02-10,35.903289794921875
2014-02-11,36.41716384887695
2014-02-12,37.40764236450195
2014-02-13,37.645957946777344
2014-02-14,38.22684097290039
2014-02-18,38.22684097290039
2014-02-19,37.735321044921875
2014-02-20,38.0481071472168
2014-02-21,37.54913330078125
2014-02-24,37.012943267822266
2014-02-25,36.67035675048828
2014-02-26,36.90866470336914
2014-02-27,37.50445556640625
2014-02-28,37.41508102416992
2014-03-03,36.90866470336914
2014-03-04,37.67573928833008
2014-03-05,37.81724548339844
2014-03-06,37.67573928833008
2014-03-07,37.34806442260742
2014-03-10,36.92355728149414
2014-03-11,36.76716995239258
2014-03-12,36.45438766479492
2014-03-13,36.23097610473633
2014-03-14,36.1192626953125
2014-03-17,36.8416633605957
2014-03-18,37.15443801879883
2014-03-19,36.9161262512207
2014-03-20,37.072509765625
2014-03-21,38.15236282348633
2014-03-24,37.9140625
2014-03-25,38.219398498535156
2014-03-26,37.765098571777344
2014-03-27,37.6525764465332
2014-03-28,37.5550537109375
2014-03-31,37.9151496887207
2014-04-01,37.982662200927734
2014-04-02,38.350257873535156
2014-04-03,38.6728515625
2014-04-04,38.33525466918945
2014-04-07,38.155216217041016
2014-04-08,38.687862396240234
2014-04-09,39.39305114746094
2014-04-10,38.4102783203125
2014-04-11,38.027679443359375
2014-04-14,38.8829231262207
2014-04-15,38.7703742980957
2014-04-16,39.16798782348633
2014-04-17,39.11546325683594
2014-04-21,39.0479621887207
2014-04-22,39.190486907958984
2014-04-23,39.41555404663086
2014-04-24,38.62784194946289
2014-04-25,38.34275817871094
2014-04-28,38.05769348144531
2014-04-29,38.755367279052734
2014-04-30,38.82289505004883
2014-05-01,38.92791748046875
2014-05-02,39.273006439208984
2014-05-05,38.80038833618164
2014-05-06,38.5603141784668
2014-05-07,39.355525970458984
2014-05-08,39.03293991088867
2014-05-09,38.755367279052734
2014-05-12,39.88066482543945
2014-05-13,39.475563049316406
2014-05-14,39.723148345947266
2014-05-15,39.137969970703125
2014-05-16,39.11546325683594
2014-05-19,39.33302307128906
2014-05-20,38.48530960083008
2014-05-21,38.530311584472656
2014-05-22,38.215240478515625
2014-05-23,38.612823486328125
2014-05-27,38.94293212890625
2014-05-28,38.46280288696289
2014-05-29,38.78538513183594
2014-05-30,37.982662200927734
2014-06-02,37.80262756347656
2014-06-03,37.795127868652344
2014-06-04,37.66008377075195
2014-06-05,38.23773956298828
2014-06-06,38.43278884887695
2014-06-09,38.102699279785156
2014-06-10,38.027679443359375
2014-06-11,38.102699279785156
2014-06-12,37.73509216308594
2014-06-13,38.14021301269531
2014-06-16,37.80262756347656
2014-06-17,38.39529037475586
2014-06-18,38.98044204711914
2014-06-19,38.7703742980957
2014-06-20,37.900150299072266
2014-06-23,37.63007354736328
2014-06-24,37.427520751953125
2014-06-25,37.74260711669922
2014-06-26,37.67456817626953
2014-06-27,37.10020446777344
2014-06-30,37.22113037109375
2014-07-01,37.14554977416992
2014-07-02,37.5309944152832
2014-07-03,38.18850326538086
2014-07-07,37.54611587524414
2014-07-08,37.667030334472656
2014-07-09,37.93910217285156
2014-07-10,37.54611587524414
2014-07-11,37.349605560302734
2014-07-14,37.206024169921875
2014-07-15,37.485652923583984
2014-07-16,38.16581726074219
2014-07-17,37.63679885864258
2014-07-18,37.992008209228516
2014-07-21,38.1280403137207
2014-07-22,38.309425354003906
2014-07-23,38.54370880126953
2014-07-24,38.626834869384766
2014-07-25,38.79310607910156
2014-07-28,38.725093841552734
2014-07-29,38.55881881713867
2014-07-30,38.725093841552734
2014-07-31,37.954200744628906
2014-08-01,37.64435958862305
2014-08-04,37.931541442871094
2014-08-05,37.765281677246094
2014-08-06,38.26407241821289
2014-08-07,37.8559684753418
2014-08-08,38.596614837646484
2014-08-11,38.52103042602539
2014-08-12,38.57395553588867
2014-08-13,39.66979217529297
2014-08-14,39.443058013916016
2014-08-15,39.29946517944336
2014-08-18,40.546470642089844
2014-08-19,40.810997009277344
2014-08-20,40.8638916015625
2014-08-21,40.62204360961914
2014-08-22,40.62204360961914
2014-08-25,40.83365249633789
2014-08-26,41.08306121826172
2014-08-27,41.04526901245117
2014-08-28,40.78075408935547
2014-08-29,41.052825927734375
2014-09-02,40.75053024291992
2014-09-03,41.58185958862305
2014-09-04,42.16379928588867
2014-09-05,42.352725982666016
2014-09-08,41.891727447509766
2014-09-09,41.717899322509766
2014-09-10,41.4533805847168
2014-09-11,41.695228576660156
2014-09-12,41.53650665283203
2014-09-15,41.83126449584961
2014-09-16,42.035308837890625
2014-09-17,43.69041061401367
2014-09-18,43.90203857421875
2014-09-19,43.561946868896484
2014-09-22,43.04802322387695
2014-09-23,42.85154724121094
2014-09-24,42.45097732543945
2014-09-25,41.75568771362305
2014-09-26,42.0219841003418
2014-09-29,41.5121955871582
2014-09-30,41.299171447753906
2014-10-01,40.19594192504883
2014-10-02,39.853546142578125
2014-10-03,39.5491943359375
2014-10-06,39.145957946777344
2014-10-07,38.44596862792969
2014-10-08,39.069862365722656
2014-10-09,37.761199951171875
2014-10-10,37.06121063232422
2014-10-13,36.688385009765625
2014-10-14,37.289466857910156
2014-10-15,37.33512878417969
2014-10-16,37.70033264160156
2014-10-17,37.974239349365234
2014-10-20,38.40792465209961
2014-10-21,39.32855224609375
2014-10-22,39.34376907348633
2014-10-23,38.89486312866211
2014-10-24,40.16551208496094
2014-10-27,39.716590881347656
2014-10-28,40.64484405517578
2014-10-29,40.1274528503418
2014-10-30,40.378536224365234
2014-10-31,41.13179016113281
2014-11-03,40.591575622558594
2014-11-04,40.22637939453125
2014-11-05,40.37092590332031
2014-11-06,40.69048309326172
2014-11-07,41.22309494018555
2014-11-10,40.67527389526367
2014-11-11,40.57635498046875
2014-11-12,40.530704498291016
2014-11-13,40.599185943603516
2014-11-14,41.01765441894531
2014-11-17,41.19266128540039
2014-11-18,41.360050201416016
2014-11-19,40.85027313232422
2014-11-20,41.26112747192383
2014-11-21,41.390472412109375
2014-11-24,41.01765441894531
2014-11-25,41.5806884765625
2014-11-26,41.26112747192383
2014-11-28,40.804622650146484
2014-12-01,40.53832244873047
2014-12-02,40.43180465698242
2014-12-03,41.82416915893555
2014-12-04,41.94588851928711
2014-12-05,41.428524017333984
2014-12-08,41.10134506225586
2014-12-09,41.55786895751953
2014-12-10,40.52310562133789
2014-12-11,40.30244445800781
2014-12-12,39.47312927246094
2014-12-15,38.91769027709961
2014-12-16,37.1220817565918
2014-12-17,37.654685974121094
2014-12-18,37.57098388671875
2014-12-19,37.58619689941406
2014-12-22,37.23621368408203
2014-12-23,37.70033264160156
2014-12-24,37.5329475402832
2014-12-26,37.33512878417969
2014-12-29,37.73531723022461
2014-12-30,37.957645416259766
2014-12-31,37.604984283447266
2015-01-02,37.57431411743164
2015-01-05,36.14065170288086
2015-01-06,35.619319915771484
2015-01-07,35.94898986816406
2015-01-08,36.82297134399414
2015-01-09,36.631324768066406
2015-01-12,35.26665115356445
2015-01-13,35.005985260009766
2015-01-14,34.04765319824219
2015-01-15,33.894309997558594
2015-01-16,34.0553092956543
2015-01-20,33.80231857299805
2015-01-21,33.74100112915039
2015-01-22,34.38498306274414
2015-01-23,33.57999038696289
2015-01-26,33.986328125
2015-01-27,34.36199188232422
2015-01-28,33.763999938964844
2015-01-29,33.52632522583008
2015-01-30,33.46498107910156
2015-02-02,33.894309997558594
2015-02-03,35.05965042114258
2015-02-04,34.88331985473633
2015-02-05,36.516326904296875
2015-02-06,37.00698471069336
2015-02-09,36.838321685791016
2015-02-10,36.65432357788086
2015-02-11,36.577640533447266
2015-02-12,37.06831359863281
2015-02-13,37.489990234375
2015-02-17,37.32133865356445
2015-02-18,36.99164962768555
2015-02-19,36.907318115234375
2015-02-20,37.16799545288086
2015-02-23,36.79998016357422
2015-02-24,37.29832077026367
2015-02-25,36.577640533447266
2015-02-26,36.232643127441406
2015-02-27,36.05632019042969
2015-03-02,36.132991790771484
2015-03-03,36.14832305908203
2015-03-04,36.347652435302734
2015-03-05,36.52399826049805
2015-03-06,36.05632019042969
2015-03-09,36.178985595703125
2015-03-10,35.396976470947266
2015-03-11,35.63465881347656
2015-03-12,36.17132568359375
2015-03-13,35.872318267822266
2015-03-16,36.2633056640625
2015-03-17,36.347652435302734
2015-03-18,37.773643493652344
2015-03-19,35.34330749511719
2015-03-20,36.14065170288086
2015-03-23,36.52399826049805
2015-03-24,36.04865264892578
2015-03-25,35.84932327270508
2015-03-26,36.11765670776367
2015-03-27,35.93373107910156
2015-03-30,36.57512664794922
2015-03-31,36.729679107666016
2015-04-01,35.786903381347656
2015-04-02,36.52103805541992
2015-04-06,36.11919403076172
2015-04-07,36.327842712402344
2015-04-08,36.77604293823242
2015-04-09,36.930599212646484
2015-04-10,37.262901306152344
2015-04-13,36.59832000732422
2015-04-14,36.94606399536133
2015-04-15,37.49473571777344
2015-04-16,36.61377716064453
2015-04-17,35.86418533325195
2015-04-20,36.61377716064453
2015-04-21,36.17331314086914
2015-04-22,36.181034088134766
2015-04-23,37.417449951171875
2015-04-24,37.17789077758789
2015-04-27,37.556541442871094
2015-04-28,38.298404693603516
2015-04-29,38.01248550415039
2015-04-30,37.757469177246094
2015-05-01,37.865657806396484
2015-05-04,38.03565979003906
2015-05-05,37.78837585449219
2015-05-06,37.548828125
2015-05-07,37.60292434692383
2015-05-08,37.78837585449219
2015-05-11,37.81156921386719
2015-05-12,37.347904205322266
2015-05-13,37.6801872253418
2015-05-14,38.329315185546875
2015-05-15,38.112945556640625
2015-05-18,37.9042854309082
2015-05-19,37.05424880981445
2015-05-20,37.13925552368164
2015-05-21,36.91514587402344
2015-05-22,37.170162200927734
2015-05-26,36.46693801879883
2015-05-27,36.94606399536133
2015-05-28,36.76832962036133
2015-05-29,36.55195236206055
2015-06-01,36.77604293823242
2015-06-02,38.182498931884766
2015-06-03,38.460689544677734
2015-06-04,37.91202926635742
2015-06-05,37.8038330078125
2015-06-08,37.49473571777344
2015-06-09,37.33245086669922
2015-06-10,37.78837585449219
2015-06-11,37.78837585449219
2015-06-12,37.548828125
2015-06-15,36.70650100708008
2015-06-16,37.162437438964844
2015-06-17,37.18561935424805
2015-06-18,36.96924591064453
2015-06-19,36.70650100708008
2015-06-22,36.45149612426758
2015-06-23,37.170162200927734
2015-06-24,36.652400970458984
2015-06-25,36.55195236206055
2015-06-26,36.024635314941406
2015-06-29,35.058780670166016
2015-06-30,34.326602935791016
2015-07-01,34.65374755859375
2015-07-02,34.46680450439453
2015-07-06,33.991668701171875
2015-07-07,34.357749938964844
2015-07-08,33.33736801147461
2015-07-09,33.462005615234375
2015-07-10,33.765785217285156
2015-07-13,34.388919830322266
2015-07-14,34.412288665771484
2015-07-15,33.89820098876953
2015-07-16,33.695674896240234
2015-07-17,33.25170135498047
2015-07-20,32.854469299316406
2015-07-21,33.16602325439453
2015-07-22,32.854469299316406
2015-07-23,33.87483215332031
2015-07-24,33.21274948120117
2015-07-27,34.11629104614258
2015-07-28,34.66153335571289
2015-07-29,35.393707275390625
2015-07-30,34.93416213989258
2015-07-31,34.38111114501953
2015-08-03,34.68489456176758
2015-08-04,35.043190002441406
2015-08-05,35.43266296386719
2015-08-06,35.596229553222656
2015-08-07,35.160030364990234
2015-08-10,36.36733627319336
2015-08-11,35.26908493041992
2015-08-12,34.84846496582031
2015-08-13,35.40927505493164
2015-08-14,36.07136154174805
2015-08-17,36.57764434814453
2015-08-18,36.18820571899414
2015-08-19,35.86882781982422
2015-08-20,34.90299606323242
2015-08-21,33.75799560546875
2015-08-24,32.27804946899414
2015-08-25,31.577037811279297
2015-08-26,32.38711166381836
2015-08-27,33.594417572021484
2015-08-28,33.7346305847168
2015-08-31,33.71904373168945
2015-09-01,32.73762130737305
2015-09-02,33.33736801147461
2015-09-03,33.39970016479492
2015-09-04,32.45722961425781
2015-09-08,33.15043640136719
2015-09-09,32.36374282836914
2015-09-10,32.58183670043945
2015-09-11,32.80773162841797
2015-09-14,31.725034713745117
2015-09-15,31.857458114624023
2015-09-16,32.43385696411133
2015-09-17,32.207977294921875
2015-09-18,31.351146697998047
2015-09-21,31.382320404052734
2015-09-22,30.47878074645996
2015-09-23,29.956911087036133
2015-09-24,30.089326858520508
2015-09-25,29.99586296081543
2015-09-28,29.101579666137695
2015-09-29,29.227420806884766
2015-09-30,29.534164428710938
2015-10-01,29.58135223388672
2015-10-02,29.888103485107422
2015-10-05,31.319583892822266
2015-10-06,31.398244857788086
2015-10-07,31.91735076904297
2015-10-08,32.45218276977539
2015-10-09,32.617366790771484
2015-10-12,32.46791076660156
2015-10-13,32.664546966552734
2015-10-14,32.664546966552734
2015-10-15,33.17579650878906
2015-10-16,33.16006851196289
2015-10-19,32.3577995300293
2015-10-20,32.153316497802734
2015-10-21,31.69711685180664
2015-10-22,33.506126403808594
2015-10-23,34.214019775390625
2015-10-26,33.333091735839844
2015-10-27,33.34096145629883
2015-10-28,33.54545974731445
2015-10-29,33.27803039550781
2015-10-30,33.27018737792969
2015-11-02,34.2454833984375
2015-11-03,34.12749099731445
2015-11-04,33.600521087646484
2015-11-05,33.254459381103516
2015-11-06,33.11286926269531
2015-11-09,32.86117935180664
2015-11-10,32.81398391723633
2015-11-11,32.42072677612305
2015-11-12,31.547672271728516
2015-11-13,31.95667266845703
2015-11-16,32.32633590698242
2015-11-17,31.885883331298828
2015-11-18,33.167930603027344
2015-11-19,32.8847770690918
2015-11-20,32.49938201904297
2015-11-23,31.98027229309082
2015-11-24,33.16006851196289
2015-11-25,32.75107192993164
2015-11-27,32.83757019042969
2015-11-30,32.601627349853516
2015-12-01,33.16006851196289
2015-12-02,32.44432067871094
2015-12-03,32.153316497802734
2015-12-04,32.32633590698242
2015-12-07,31.69711685180664
2015-12-08,31.036420822143555
2015-12-09,31.461156845092773
2015-12-10,32.271278381347656
2015-12-11,31.45330047607422
2015-12-14,31.57127571105957
2015-12-15,31.594867706298828
2015-12-16,30.407209396362305
2015-12-17,30.25777816772461
2015-12-18,30.57238006591797
2015-12-21,31.248796463012695
2015-12-22,32.34206008911133
2015-12-23,32.27915573120117
2015-12-24,32.30274200439453
2015-12-28,31.94882583618164
2015-12-29,32.1353645324707
2015-12-30,32.02421951293945
2015-12-31,31.992462158203125
2016-01-04,31.397077560424805
2016-01-05,31.72255516052246
2016-01-06,31.246248245239258
2016-01-07,29.65058708190918
2016-01-08,28.928173065185547
2016-01-11,28.69002914428711
2016-01-12,28.809101104736328
2016-01-13,28.277217864990234
2016-01-14,28.75353240966797
2016-01-15,27.90410804748535
2016-01-19,27.999364852905273
2016-01-20,27.769145965576172
2016-01-21,27.79296112060547
2016-01-22,28.070819854736328
2016-01-25,27.67388343811035
2016-01-26,29.007566452026367
2016-01-27,28.340728759765625
2016-01-28,29.08695411682129
2016-01-29,31.016019821166992
2016-02-01,31.103342056274414
2016-02-02,30.555593490600586
2016-02-03,31.6828670501709
2016-02-04,32.12742233276367
2016-02-05,31.690805435180664
2016-02-08,31.270050048828125
2016-02-09,30.889005661010742
2016-02-10,30.920772552490234
2016-02-11,30.444440841674805
2016-02-12,31.77812385559082
2016-02-16,31.897216796875
2016-02-17,32.357643127441406
2016-02-18,31.77812385559082
2016-02-19,31.270050048828125
2016-02-22,31.56379508972168
2016-02-23,30.881071090698242
2016-02-24,30.976333618164062
2016-02-25,31.55584716796875
2016-02-26,31.72255516052246
2016-02-29,31.230365753173828
2016-03-01,32.516414642333984
2016-03-02,33.532562255859375
2016-03-03,33.93743133544922
2016-03-04,34.104129791259766
2016-03-07,35.5330810546875
2016-03-08,35.183773040771484
2016-03-09,34.564571380615234
2016-03-10,35.715660095214844
2016-03-11,36.025272369384766
2016-03-14,35.842681884765625
2016-03-15,35.76328659057617
2016-03-16,36.11260223388672
2016-03-17,37.03346633911133
2016-03-18,37.073158264160156
2016-03-21,36.84294509887695
2016-03-22,36.985836029052734
2016-03-23,36.557151794433594
2016-03-24,36.89851379394531
2016-03-28,37.2001838684082
2016-03-29,37.804378509521484
2016-03-30,38.66065216064453
2016-03-31,37.85239028930664
2016-04-01,38.028446197509766
2016-04-04,37.35622787475586
2016-04-05,37.43626022338867
2016-04-06,37.78837203979492
2016-04-07,37.26020812988281
2016-04-08,37.84439468383789
2016-04-11,38.14848327636719
2016-04-12,38.4846076965332
2016-04-13,39.28485107421875
2016-04-14,39.46091079711914
2016-04-15,39.620975494384766
2016-04-18,39.90106201171875
2016-04-19,40.381221771240234
2016-04-20,40.23717498779297
2016-04-21,39.61297607421875
2016-04-22,39.652984619140625
2016-04-25,39.308860778808594
2016-04-26,39.620975494384766
2016-04-27,40.50126647949219
2016-04-28,39.96508026123047
2016-04-29,39.83704376220703
2016-05-02,40.25318145751953
2016-05-03,38.99676513671875
2016-05-04,38.81270217895508
2016-05-05,38.78068923950195
2016-05-06,39.092796325683594
2016-05-09,37.19618225097656
2016-05-10,38.348548889160156
2016-05-11,38.10049057006836
2016-05-12,37.96443557739258
2016-05-13,37.660343170166016
2016-05-16,38.260520935058594
2016-05-17,37.26020812988281
2016-05-18,36.70002365112305
2016-05-19,37.24420166015625
2016-05-20,37.23618698120117
2016-05-23,37.47627258300781
2016-05-24,37.74034881591797
2016-05-25,38.72466278076172
2016-05-26,38.820716857910156
2016-05-27,38.72466278076172
2016-05-31,38.820716857910156
2016-06-01,39.052791595458984
2016-06-02,39.34088897705078
2016-06-03,39.91707229614258
2016-06-06,40.349212646484375
2016-06-07,40.3092041015625
2016-06-08,41.421566009521484
2016-06-09,40.4532356262207
2016-06-10,40.41323471069336
2016-06-13,39.997093200683594
2016-06-14,39.628963470458984
2016-06-15,40.37321853637695
2016-06-16,40.53326416015625
2016-06-17,40.29318618774414
2016-06-20,41.05344009399414
2016-06-21,40.00510025024414
2016-06-22,39.668983459472656
2016-06-23,40.41323471069336
2016-06-24,38.30854797363281
2016-06-27,37.060150146484375
2016-06-28,38.185611724853516
2016-06-29,38.661617279052734
2016-06-30,39.863746643066406
2016-07-01,40.315547943115234
2016-07-05,39.50069808959961
2016-07-06,41.21110916137695
2016-07-07,41.558013916015625
2016-07-08,42.91341781616211
2016-07-11,43.93805694580078
2016-07-12,45.45484161376953
2016-07-13,45.519378662109375
2016-07-14,45.81789779663086
2016-07-15,45.7210807800293
2016-07-18,45.90663146972656
2016-07-19,44.9465446472168
2016-07-20,43.63955307006836
2016-07-21,42.211517333984375
2016-07-22,42.53423309326172
2016-07-25,42.26799392700195
2016-07-26,43.332977294921875
2016-07-27,43.131256103515625
2016-07-28,43.41365432739258
2016-07-29,43.276493072509766
2016-08-01,42.98604965209961
2016-08-02,42.7601432800293
2016-08-03,43.17161560058594
2016-08-04,43.002174377441406
2016-08-05,43.20388412475586
2016-08-08,43.17161560058594
2016-08-09,42.5907096862793
2016-08-10,42.235721588134766
2016-08-11,42.235721588134766
2016-08-12,40.89644241333008
2016-08-15,41.60643005371094
2016-08-16,40.9287223815918
2016-08-17,40.75928497314453
2016-08-18,41.098140716552734
2016-08-19,40.38010025024414
2016-08-22,40.58985900878906
2016-08-23,40.363956451416016
2016-08-24,39.47648620605469
2016-08-25,39.444217681884766
2016-08-26,39.28285598754883
2016-08-29,39.88794708251953
2016-08-30,39.210243225097656
2016-08-31,39.13763427734375
2016-09-01,39.77500534057617
2016-09-02,39.55717086791992
2016-09-06,40.00090408325195
2016-09-07,40.315547943115234
2016-09-08,39.57330322265625
2016-09-09,37.78221130371094
2016-09-12,38.492191314697266
2016-09-13,37.12871170043945
2016-09-14,36.5881462097168
2016-09-15,36.80599594116211
2016-09-16,36.90281295776367
2016-09-19,37.11256790161133
2016-09-20,37.249725341796875
2016-09-21,38.61322021484375
2016-09-22,38.62128829956055
2016-09-23,39.379669189453125
2016-09-26,39.46841049194336
2016-09-27,39.589439392089844
2016-09-28,40.4308967590332
2016-09-29,39.72358322143555
2016-09-30,40.2032585144043
2016-10-03,39.69105911254883
2016-10-04,38.715450286865234
2016-10-05,39.06505584716797
2016-10-06,38.99187469482422
2016-10-07,38.528465270996094
2016-10-10,38.804874420166016
2016-10-11,38.53660202026367
2016-10-12,38.414642333984375
2016-10-13,37.837406158447266
2016-10-14,38.097572326660156
2016-10-17,38.048789978027344
2016-10-18,38.33334732055664
2016-10-19,39.04878234863281
2016-10-20,39.31708908081055
2016-10-21,38.9187126159668
2016-10-24,38.76423645019531
2016-10-25,38.21139144897461
2016-10-26,38.48781967163086
2016-10-27,38.000003814697266
2016-10-28,38.70730972290039
2016-10-31,39.71546173095703
2016-11-01,38.886173248291016
2016-11-02,39.146339416503906
2016-11-03,39.65854263305664
2016-11-04,40.60976791381836
2016-11-07,41.731719970703125
2016-11-08,41.76423263549805
2016-11-09,46.845523834228516
2016-11-10,48.0813102722168
2016-11-11,47.76424789428711
2016-11-14,48.455291748046875
2016-11-15,49.048797607421875
2016-11-16,48.658546447753906
2016-11-17,48.33333969116211
2016-11-18,47.837406158447266
2016-11-21,48.50407409667969
2016-11-22,50.65854263305664
2016-11-23,50.82114028930664
2016-11-25,51.09756851196289
2016-11-28,50.382118225097656
2016-11-29,50.10569763183594
2016-11-30,50.56098556518555
2016-12-01,50.36586380004883
2016-12-02,51.24391174316406
2016-12-05,52.92683410644531
2016-12-06,53.31708526611328
2016-12-07,54.2682991027832
2016-12-08,53.991878509521484
2016-12-09,53.14634704589844
2016-12-12,52.113826751708984
2016-12-13,51.569122314453125
2016-12-14,51.252037048339844
2016-12-15,51.113834381103516
2016-12-16,49.3089599609375
2016-12-19,49.211387634277344
2016-12-20,50.504066467285156
2016-12-21,50.52033233642578
2016-12-22,50.10569763183594
2016-12-23,49.99189376831055
2016-12-27,50.30081558227539
2016-12-28,49.83291244506836
2016-12-29,49.84110641479492
2016-12-30,48.687713623046875
2017-01-03,48.76133346557617
2017-01-04,50.10285186767578
2017-01-05,49.81657028198242
2017-01-06,49.317569732666016
2017-01-09,48.78586196899414
2017-01-10,50.07831954956055
2017-01-11,50.05377960205078
2017-01-12,49.57933807373047
2017-01-13,49.38301467895508
2017-01-17,49.19486999511719
2017-01-18,51.02720260620117
2017-01-19,49.20305633544922
2017-01-20,49.89018630981445
2017-01-23,49.12943649291992
2017-01-24,49.83291244506836
2017-01-25,48.8431282043457
2017-01-26,49.66114044189453
2017-01-27,49.90653610229492
2017-01-30,49.162147521972656
2017-01-31,47.51797103881836
2017-02-01,46.569091796875
2017-02-02,47.027164459228516
2017-02-03,46.912635803222656
2017-02-06,47.321624755859375
2017-02-07,47.15804672241211
2017-02-08,47.673377990722656
2017-02-09,49.873817443847656
2017-02-10,49.89018630981445
2017-02-13,52.01700210571289
2017-02-14,51.607994079589844
2017-02-15,52.246028900146484
2017-02-16,52.033355712890625
2017-02-17,52.27058029174805
2017-02-21,52.75320053100586
2017-02-22,51.73069381713867
2017-02-23,49.808380126953125
2017-02-24,49.78384017944336
2017-02-27,51.239891052246094
2017-02-28,51.18263626098633
2017-03-01,52.36056137084961
2017-03-02,51.239891052246094
2017-03-03,51.239891052246094
2017-03-06,51.37894821166992
2017-03-07,49.84110641479492
2017-03-08,49.873817443847656
2017-03-09,49.52207565307617
2017-03-10,49.587520599365234
2017-03-13,49.66114044189453
2017-03-14,49.677494049072266
2017-03-15,51.902469635009766
2017-03-16,52.84319305419922
2017-03-17,52.941349029541016
2017-03-20,52.90044403076172
2017-03-21,50.168304443359375
2017-03-22,50.83089065551758
2017-03-23,50.111045837402344
2017-03-24,48.884037017822266
2017-03-27,48.671356201171875
2017-03-28,49.25213623046875
2017-03-29,49.201107025146484
2017-03-30,49.472740173339844
2017-03-31,49.15993881225586
2017-04-03,49.56330108642578
2017-04-04,49.793785095214844
2017-04-05,49.15993881225586
2017-04-06,49.480979919433594
2017-04-07,50.02427291870117
2017-04-10,49.4562873840332
2017-04-11,49.802005767822266
2017-04-12,47.64529800415039
2017-04-13,46.88798141479492
2017-04-17,47.093788146972656
2017-04-18,47.19255065917969
2017-04-19,47.4312744140625
2017-04-20,49.67853546142578
2017-04-21,49.39042663574219
2017-04-24,50.36176681518555
2017-04-25,50.16421890258789
2017-04-26,51.036781311035156
2017-04-27,50.71574401855469
2017-04-28,50.48525619506836
2017-05-01,50.798065185546875
2017-05-02,50.78982925415039
2017-05-03,49.62091827392578
2017-05-04,50.28768539428711
2017-05-05,49.777320861816406
2017-05-08,49.28342819213867
2017-05-09,48.40262222290039
2017-05-10,47.916934967041016
2017-05-11,47.3571891784668
2017-05-12,47.184326171875
2017-05-15,47.423038482666016
2017-05-16,47.562984466552734
2017-05-17,46.19651412963867
2017-05-18,45.998966217041016
2017-05-19,46.64102554321289
2017-05-22,46.723350524902344
2017-05-23,48.27091598510742
2017-05-24,48.27915573120117
2017-05-25,48.04865646362305
2017-05-26,47.867557525634766
2017-05-30,48.01573944091797
2017-05-31,47.8264045715332
2017-06-01,48.6248779296875
2017-06-02,48.32030487060547
2017-06-05,48.54256820678711
2017-06-06,47.587677001953125
2017-06-07,47.093788146972656
2017-06-08,48.6824951171875
2017-06-09,49.21756362915039
2017-06-12,49.3081169128418
2017-06-13,49.793785095214844
2017-06-14,48.657806396484375
2017-06-15,44.94529342651367
2017-06-16,45.20870590209961
2017-06-19,45.933101654052734
2017-06-20,46.20474624633789
2017-06-21,46.07304382324219
2017-06-22,46.67395782470703
2017-06-23,47.332496643066406
2017-06-26,47.25840759277344
2017-06-27,46.8056640625
2017-06-28,48.204471588134766
2017-06-29,48.204471588134766
2017-06-30,47.95587921142578
2017-07-03,48.78456497192383
2017-07-05,49.024871826171875
2017-07-06,49.04973220825195
2017-07-07,48.229339599609375
2017-07-10,48.65196228027344
2017-07-11,48.56080627441406
2017-07-12,48.84257125854492
2017-07-13,50.13530731201172
2017-07-14,49.48893356323242
2017-07-17,49.82040786743164
2017-07-18,49.18231964111328
2017-07-19,50.26789855957031
2017-07-20,49.65467834472656
2017-07-21,49.91157531738281
2017-07-24,50.14359664916992
2017-07-25,50.48335647583008
2017-07-26,48.16303634643555
2017-07-27,48.61882781982422
2017-07-28,47.616119384765625
2017-07-31,47.790138244628906
2017-08-01,47.359222412109375
2017-08-02,47.135494232177734
2017-08-03,47.326072692871094
2017-08-04,47.632686614990234
2017-08-07,47.94758987426758
2017-08-08,47.690696716308594
2017-08-09,47.35093688964844
2017-08-10,46.85373306274414
2017-08-11,45.8841667175293
2017-08-14,46.1742057800293
2017-08-15,46.04989242553711
2017-08-16,47.011173248291016
2017-08-17,45.038917541503906
2017-08-18,44.84002685546875
2017-08-21,44.52513122558594
2017-08-22,45.28751754760742
2017-08-23,45.50297164916992
2017-08-24,45.237796783447266
2017-08-25,45.337242126464844
2017-08-28,45.22951126098633
2017-08-29,45.51955032348633
2017-08-30,46.14106369018555
2017-08-31,45.66871643066406
2017-09-01,45.99189376831055
2017-09-05,45.40353012084961
2017-09-06,45.834442138671875
2017-09-07,44.96432113647461
2017-09-08,45.20464324951172
2017-09-11,44.72401428222656
2017-09-12,44.317962646484375
2017-09-13,44.41740036010742
2017-09-14,44.715728759765625
2017-09-15,44.33453369140625
2017-09-18,44.97261428833008
2017-09-19,45.66871643066406
2017-09-20,46.3896598815918
2017-09-21,45.1714973449707
2017-09-22,45.18807601928711
2017-09-25,44.99748611450195
2017-09-26,44.823455810546875
2017-09-27,46.08304977416992
2017-09-28,46.29830551147461
2017-09-29,46.75720977783203
2017-10-02,46.76554870605469
2017-10-03,46.69045639038086
2017-10-04,46.81561279296875
2017-10-05,47.28285217285156
2017-10-06,46.8489875793457
2017-10-09,46.22322463989258
2017-10-10,46.198184967041016
2017-10-11,47.84186935424805
2017-10-12,47.908626556396484
2017-10-13,48.65119934082031
2017-10-16,47.73341369628906
2017-10-17,47.64996337890625
2017-10-18,47.79180145263672
2017-10-19,48.90985107421875
2017-10-20,50.06126022338867
2017-10-23,49.60235595703125
2017-10-24,49.877685546875
2017-10-25,49.21856689453125
2017-10-26,49.83598327636719
2017-10-27,49.63572692871094
2017-10-30,48.78468322753906
2017-10-31,48.250701904296875
2017-11-01,49.06000900268555
2017-11-02,48.768001556396484
2017-11-03,48.392547607421875
2017-11-06,48.3758544921875
2017-11-07,48.13389587402344
2017-11-08,48.14224624633789
2017-11-09,47.157691955566406
2017-11-10,46.58199691772461
2017-11-13,46.473533630371094
2017-11-14,45.772666931152344
2017-11-15,45.839420318603516
2017-11-16,45.71426010131836
2017-11-17,45.72261047363281
2017-11-20,46.356727600097656
2017-11-21,46.707149505615234
2017-11-22,46.8489875793457
2017-11-24,46.6654167175293
2017-11-27,46.59867477416992
2017-11-28,46.95744705200195
2017-11-29,47.858558654785156
2017-11-30,47.975372314453125
2017-12-01,47.808494567871094
2017-12-04,49.07671356201172
2017-12-05,48.09217834472656
2017-12-06,48.34247589111328
2017-12-07,48.88481140136719
2017-12-08,50.203094482421875
2017-12-11,51.120887756347656
2017-12-12,51.688236236572266
2017-12-13,51.60481262207031
2017-12-14,49.67745590209961
2017-12-15,50.15303421020508
2017-12-18,51.738304138183594
2017-12-19,52.0887336730957
2017-12-20,53.273502349853516
2017-12-21,53.84086227416992
2017-12-22,53.865909576416016
2017-12-26,54.00775146484375
2017-12-27,53.90761947631836
2017-12-28,53.999942779541016
2017-12-29,53.36208724975586
2018-01-02,55.82960510253906
2018-01-03,56.559783935546875
2018-01-04,56.41710662841797
2018-01-05,56.95424270629883
2018-01-08,57.2731819152832
2018-01-09,56.88710403442383
2018-01-10,57.860679626464844
2018-01-11,58.901405334472656
2018-01-12,57.927818298339844
2018-01-16,57.869075775146484
2018-01-17,58.129249572753906
2018-01-18,57.75996780395508
2018-01-19,57.67603302001953
2018-01-22,57.90263748168945
2018-01-23,57.894264221191406
2018-01-24,57.9194221496582
2018-01-25,57.2731819152832
2018-01-26,58.36425018310547
2018-01-29,57.944610595703125
2018-01-30,56.08139419555664
2018-01-31,56.19887924194336
2018-02-01,55.71208572387695
2018-02-02,53.9160270690918
2018-02-05,52.48922348022461
2018-02-06,53.37886428833008
2018-02-07,52.80815505981445
2018-02-08,50.676353454589844
2018-02-09,51.84296417236328
2018-02-12,53.24457550048828
2018-02-13,53.7817268371582
2018-02-14,54.71333694458008
2018-02-15,55.0406608581543
2018-02-16,57.52496337890625
2018-02-20,56.70245361328125
2018-02-21,56.1065673828125
2018-02-22,56.190486907958984
2018-02-23,56.18209457397461
2018-02-26,56.97102355957031
2018-02-27,56.47584533691406
2018-02-28,54.88959503173828
2018-03-01,56.677284240722656
2018-03-02,56.97102355957031
2018-03-05,56.95424270629883
2018-03-06,56.88710403442383
2018-03-07,58.31387710571289
2018-03-08,56.76120376586914
2018-03-09,56.36674880981445
2018-03-12,56.81156539916992
2018-03-13,56.677284240722656
2018-03-14,55.39316177368164
2018-03-15,55.54423141479492
2018-03-16,55.88835906982422
2018-03-19,54.830841064453125
2018-03-20,53.882442474365234
2018-03-21,54.84763717651367
2018-03-22,51.272247314453125
2018-03-23,49.88741683959961
2018-03-26,50.86099624633789
2018-03-27,50.55045700073242
2018-03-28,50.10279846191406
2018-03-29,51.5977897644043
2018-04-02,50.550453186035156
2018-04-03,51.34440612792969
2018-04-04,51.63157653808594
2018-04-05,53.295475006103516
2018-04-06,51.259944915771484
2018-04-09,51.13325119018555
2018-04-10,52.50152587890625
2018-04-11,51.50487518310547
2018-04-12,52.298824310302734
2018-04-13,52.05388259887695
2018-04-16,52.75491714477539
2018-04-17,54.16543197631836
2018-04-18,55.25498962402344
2018-04-19,55.01005172729492
2018-04-20,53.67555236816406
2018-04-23,53.109657287597656
2018-04-24,52.58599090576172
2018-04-25,53.3630485534668
2018-04-26,53.32925033569336
2018-04-27,52.39173126220703
2018-04-30,52.045440673828125
2018-05-01,50.981224060058594
2018-05-02,51.51333236694336
2018-05-03,51.70759963989258
2018-05-04,53.160335540771484
2018-05-07,53.075870513916016
2018-05-08,52.89005661010742
2018-05-09,52.966068267822266
2018-05-10,53.92893600463867
2018-05-11,53.312374114990234
2018-05-14,53.00830078125
2018-05-15,53.21100997924805
2018-05-16,54.883365631103516
2018-05-17,55.54217529296875
2018-05-18,55.356346130371094
2018-05-21,55.05229187011719
2018-05-22,54.9424934387207
2018-05-23,54.241451263427734
2018-05-24,54.57085418701172
2018-05-25,54.030296325683594
2018-05-29,52.974517822265625
2018-05-30,54.14009094238281
2018-05-31,54.21611022949219
2018-06-01,55.575958251953125
2018-06-04,55.4323616027832
2018-06-05,55.98136901855469
2018-06-06,56.81755065917969
2018-06-07,56.09115982055664
2018-06-08,56.46280288696289
2018-06-11,56.657066345214844
2018-06-12,56.64861297607422
2018-06-13,56.39522933959961
2018-06-14,57.88174819946289
2018-06-15,56.46280288696289
2018-06-18,56.378334045410156
2018-06-19,55.297237396240234
2018-06-20,55.643516540527344
2018-06-21,54.79045486450195
2018-06-22,55.91379165649414
2018-06-25,53.59954071044922
2018-06-26,54.15699005126953
2018-06-27,53.20256042480469
2018-06-28,53.27903366088867
2018-06-29,53.10909652709961
2018-07-02,53.4065055847168
2018-07-03,52.41230773925781
2018-07-05,53.533966064453125
2018-07-06,53.822879791259766
2018-07-09,54.52817153930664
2018-07-10,55.004024505615234
2018-07-11,54.31573486328125
2018-07-12,54.27323532104492
2018-07-13,54.485679626464844
2018-07-16,54.392208099365234
2018-07-17,54.91056442260742
2018-07-18,55.75179672241211
2018-07-19,54.95302963256836
2018-07-20,56.295650482177734
2018-07-23,56.69501876831055
2018-07-24,57.62974166870117
2018-07-25,57.76570510864258
2018-07-26,57.40879821777344
2018-07-27,57.451297760009766
2018-07-30,57.11140060424805
2018-07-31,56.87345504760742
2018-08-01,55.819786071777344
2018-08-02,54.84257125854492
2018-08-03,54.78309631347656
2018-08-06,54.392208099365234
2018-08-07,54.84257125854492
2018-08-08,54.75760269165039
2018-08-09,53.882354736328125
2018-08-10,53.91633987426758
2018-08-13,53.66993713378906
2018-08-14,54.009822845458984
2018-08-15,51.927955627441406
2018-08-16,52.480281829833984
2018-08-17,53.00712585449219
2018-08-20,53.151580810546875
2018-08-21,54.213768005371094
2018-08-22,54.20527267456055
2018-08-23,52.701210021972656
2018-08-24,53.12608337402344
2018-08-27,54.137290954589844
2018-08-28,54.2392578125
2018-08-29,54.46018981933594
2018-08-30,53.35552215576172
2018-08-31,53.10909652709961
2018-09-04,52.86266326904297
2018-09-05,54.06930160522461
2018-09-06,53.79738998413086
2018-09-07,53.73790740966797
2018-09-10,53.05811309814453
2018-09-11,53.27903366088867
2018-09-12,54.009822845458984
2018-09-13,53.958839416503906
2018-09-14,53.17707061767578
2018-09-17,53.57644271850586
2018-09-18,54.61314392089844
2018-09-19,55.097496032714844
2018-09-20,54.732120513916016
2018-09-21,54.70662307739258
2018-09-24,54.12028503417969
2018-09-25,54.944541931152344
2018-09-26,53.780399322509766
2018-09-27,53.917171478271484
2018-09-28,54.242027282714844
2018-10-01,54.96868133544922
2018-10-02,55.82355880737305
2018-10-03,55.90049743652344
2018-10-04,55.56708908081055
2018-10-05,54.960121154785156
2018-10-08,55.32771682739258
2018-10-09,54.45574188232422
2018-10-10,52.18177795410156
2018-10-11,51.68594741821289
2018-10-12,51.98515319824219
2018-10-15,50.24119186401367
2018-10-16,50.39507293701172
2018-10-17,50.51475524902344
2018-10-18,49.83939743041992
2018-10-19,49.91633605957031
2018-10-22,50.59170150756836
2018-10-23,50.11296081542969
2018-10-24,47.58251953125
2018-10-25,49.34357452392578
2018-10-26,47.98431396484375
2018-10-29,48.59983825683594
2018-10-30,49.506004333496094
2018-10-31,50.540409088134766
2018-11-01,51.30124282836914
2018-11-02,51.73722839355469
2018-11-05,52.4553337097168
2018-11-06,53.370052337646484
2018-11-07,54.89174270629883
2018-11-08,54.81480026245117
2018-11-09,53.669246673583984
2018-11-12,53.13923645019531
2018-11-13,53.92573165893555
2018-11-14,53.08794021606445
2018-11-15,53.72909927368164
2018-11-16,54.053951263427734
2018-11-19,53.122135162353516
2018-11-20,51.44658660888672
2018-11-21,51.85691833496094
2018-11-23,50.796878814697266
2018-11-26,50.77976989746094
2018-11-27,49.822303771972656
2018-11-28,50.993499755859375
2018-11-29,51.27558898925781
2018-11-30,51.64320373535156
2018-12-03,52.310001373291016
2018-12-04,51.00203323364258
2018-12-06,50.59170150756836
2018-12-07,49.1640510559082
2018-12-10,48.71096420288086
2018-12-11,48.26642990112305
2018-12-12,48.12964630126953
2018-12-13,47.616722106933594
2018-12-14,48.20658493041992
2018-12-17,46.86441421508789
2018-12-18,46.99266052246094
2018-12-19,45.838565826416016
2018-12-20,44.675941467285156
2018-12-21,44.39383316040039
2018-12-24,42.76955795288086
2018-12-26,44.71869659423828
2018-12-27,44.84690856933594
2018-12-28,44.709075927734375
2018-12-31,44.631553649902344
2019-01-02,44.976131439208984
2019-01-03,44.19221878051758
2019-01-04,46.37167739868164
2019-01-07,46.01848220825195
2019-01-08,47.603546142578125
2019-01-09,48.17210388183594
2019-01-10,48.66313171386719
2019-01-11,48.749271392822266
2019-01-14,48.464988708496094
2019-01-15,48.13764190673828
2019-01-16,48.990474700927734
2019-01-17,49.73994064331055
2019-01-18,50.59276580810547
2019-01-22,49.705474853515625
2019-01-23,49.34367370605469
2019-01-24,48.990474700927734
2019-01-25,50.05005645751953
2019-01-28,50.39463424682617
2019-01-29,51.798797607421875
2019-01-30,51.97970199584961
2019-01-31,52.7549934387207
2019-02-01,52.96173858642578
2019-02-04,53.4958381652832
2019-02-05,52.87559127807617
2019-02-06,52.06584548950195
2019-02-07,51.11824417114258
2019-02-08,51.53174591064453
2019-02-11,51.60066223144531
2019-02-12,53.04787826538086
2019-02-13,52.763607025146484
2019-02-14,51.45420455932617
2019-02-15,51.25608825683594
2019-02-19,51.59203338623047
2019-02-20,52.96173858642578
2019-02-21,52.59993362426758
2019-02-22,52.71192169189453
2019-02-25,52.94451904296875
2019-02-26,52.59993362426758
2019-02-27,52.46209716796875
2019-02-28,52.177825927734375
2019-03-01,52.00553894042969
2019-03-04,52.41903305053711
2019-03-05,52.00553894042969
2019-03-06,51.38528823852539
2019-03-07,50.83396530151367
2019-03-08,49.78300476074219
2019-03-11,50.79950714111328
2019-03-12,50.877044677734375
2019-03-13,51.25608825683594
2019-03-14,50.6702995300293
2019-03-15,50.42047119140625
2019-03-18,50.74782180786133
2019-03-19,50.79950714111328
2019-03-20,50.09312438964844
2019-03-21,50.6702995300293
2019-03-22,49.10246276855469
2019-03-25,48.99909210205078
2019-03-26,49.0507698059082
2019-03-27,49.60209655761719
2019-03-28,49.98379135131836
2019-03-29,50.61703872680664
2019-04-01,51.79681396484375
2019-04-02,51.6059684753418
2019-04-03,52.55150604248047
2019-04-04,52.65559768676758
2019-04-05,52.64692306518555
2019-04-08,52.46476364135742
2019-04-09,51.04210662841797
2019-04-10,50.51294708251953
2019-04-11,50.027164459228516
2019-04-12,50.781864166259766
2019-04-15,50.2266845703125
2019-04-16,50.504276275634766
2019-04-17,50.31343460083008
2019-04-18,49.879695892333984
2019-04-22,49.42860412597656
2019-04-23,50.85126495361328
2019-04-24,50.59101486206055
2019-04-25,49.79294204711914
2019-04-26,48.91679763793945
2019-04-29,49.341861724853516
2019-04-30,49.50668716430664
2019-05-01,48.448360443115234
2019-05-02,48.49174118041992
2019-05-03,50.00981903076172
2019-05-06,49.16836929321289
2019-05-07,48.7346305847168
2019-05-08,48.942813873291016
2019-05-09,49.064273834228516
2019-05-10,49.2724609375
2019-05-13,47.44209289550781
2019-05-14,47.867164611816406
2019-05-15,47.59823226928711
2019-05-16,47.69366455078125
2019-05-17,46.227630615234375
2019-05-20,45.64641571044922
2019-05-21,46.565940856933594
2019-05-22,45.87197494506836
2019-05-23,44.57943344116211
2019-05-24,44.37990951538086
2019-05-28,44.249786376953125
2019-05-29,44.03292465209961
2019-05-30,42.74906921386719
2019-05-31,41.63869857788086
2019-06-03,43.18280792236328
2019-06-04,43.50376510620117
2019-06-05,43.88545227050781
2019-06-06,43.73798370361328
2019-06-07,44.10231399536133
2019-06-10,44.18907928466797
2019-06-11,44.8830451965332
2019-06-12,44.35390090942383
2019-06-13,45.230045318603516
2019-06-14,44.84835433959961
2019-06-17,44.02425003051758
2019-06-18,45.64641571044922
2019-06-19,47.06040573120117
2019-06-20,46.678714752197266
2019-06-21,46.79148483276367
2019-06-24,46.61799240112305
2019-06-25,47.095096588134766
2019-06-26,47.81511688232422
2019-06-27,47.68404006958008
2019-06-28,48.147151947021484
2019-07-01,48.645225524902344
2019-07-02,48.182106018066406
2019-07-03,48.31318664550781
2019-07-05,48.33066177368164
2019-07-08,47.66655731201172
2019-07-09,47.640342712402344
2019-07-10,47.334510803222656
2019-07-11,47.273353576660156
2019-07-12,48.20832061767578
2019-07-15,48.2607421875
2019-07-16,48.549110412597656
2019-07-17,47.79763412475586
2019-07-18,47.788883209228516
2019-07-19,49.55400466918945
2019-07-22,49.16952896118164
2019-07-23,49.44040298461914
2019-07-24,49.44040298461914
2019-07-25,49.10835647583008
2019-07-26,49.07340621948242
2019-07-29,48.69766616821289
2019-07-30,49.15203857421875
2019-07-31,47.518009185791016
2019-08-01,46.36457443237305
2019-08-02,45.936405181884766
2019-08-05,44.34606170654297
2019-08-06,44.86161422729492
2019-08-07,44.782962799072266
2019-08-08,45.58687973022461
2019-08-09,44.61695098876953
2019-08-12,43.13146209716797
2019-08-13,43.83924865722656
2019-08-14,42.371246337890625
2019-08-15,41.689666748046875
2019-08-16,42.607173919677734
2019-08-19,43.61205291748047
2019-08-20,42.843101501464844
2019-08-21,42.982906341552734
2019-08-22,42.7557258605957
2019-08-23,41.02556610107422
2019-08-26,41.41878890991211
2019-08-27,40.72847366333008
2019-08-28,41.33140563964844
2019-08-29,42.65087127685547
2019-08-30,42.79941940307617
2019-09-03,42.43241500854492
2019-09-04,43.07902908325195
2019-09-05,43.99653244018555
2019-09-06,43.83051300048828
2019-09-09,44.76549530029297
2019-09-10,45.98882293701172
2019-09-11,46.53933334350586
2019-09-12,46.91507339477539
2019-09-13,46.83643341064453
2019-09-16,46.451961517333984
2019-09-17,46.39079284667969
2019-09-18,46.21602249145508
2019-09-19,46.067474365234375
2019-09-20,45.980098724365234
2019-09-23,46.1898193359375
2019-09-24,44.241207122802734
2019-09-25,45.15871047973633
2019-09-26,43.45029067993164
2019-09-27,44.040313720703125
2019-09-30,44.83287811279297
2019-10-01,44.39255905151367
2019-10-02,43.43267822265625
2019-10-03,43.65283203125
2019-10-04,44.101959228515625
2019-10-07,43.74971008300781
2019-10-08,42.842655181884766
2019-10-09,42.97475051879883
2019-10-10,44.216434478759766
2019-10-11,46.3915901184082
2019-10-14,45.554996490478516
2019-10-15,46.50608444213867
2019-10-16,45.370059967041016
2019-10-17,45.572608947753906
2019-10-18,45.51095199584961
2019-10-21,45.607826232910156
2019-10-22,46.796688079833984
2019-10-23,46.64698028564453
2019-10-24,46.41801071166992
2019-10-25,47.3955078125
2019-10-28,48.19688415527344
2019-10-29,48.10881805419922
2019-10-30,47.87105178833008
2019-10-31,47.421932220458984
2019-11-01,48.74287033081055
2019-11-04,49.23601531982422
2019-11-05,48.848548889160156
2019-11-06,48.55794906616211
2019-11-07,48.892578125
2019-11-08,48.92781066894531
2019-11-11,48.839752197265625
2019-11-12,48.69884490966797
2019-11-13,48.14404296875
2019-11-14,47.98554229736328
2019-11-15,48.390621185302734
2019-11-18,48.839752197265625
2019-11-19,48.25853729248047
2019-11-20,47.64209747314453
2019-11-21,47.765377044677734
2019-11-22,48.64601135253906
2019-11-25,49.244834899902344
2019-11-26,49.324100494384766
2019-11-27,49.667545318603516
2019-11-29,49.6323127746582
2019-12-02,49.87889099121094
2019-12-03,48.681236267089844
2019-12-04,49.16557693481445
2019-12-05,49.746788024902344
2019-12-06,50.733097076416016
2019-12-09,50.856388092041016
2019-12-10,50.84758377075195
2019-12-11,51.182220458984375
2019-12-12,51.17341232299805
2019-12-13,49.72918701171875
2019-12-16,49.746788024902344
2019-12-17,50.34562301635742
2019-12-18,50.23114776611328
2019-12-19,49.78201675415039
2019-12-20,50.09904861450195
2019-12-23,49.99336624145508
2019-12-24,49.8964958190918
2019-12-26,50.01978302001953
2019-12-27,49.914119720458984
2019-12-30,49.73939895629883
2019-12-31,49.916778564453125
2020-01-02,48.887939453125
2020-01-03,48.24047088623047
2020-01-06,47.832481384277344
2020-01-07,47.72603225708008
2020-01-08,47.61073684692383
2020-01-09,47.451087951660156
2020-01-10,46.80363464355469
2020-01-13,47.33578872680664
2020-01-14,47.89456558227539
2020-01-15,47.389015197753906
2020-01-16,47.31804656982422
2020-01-17,47.72603225708008
2020-01-21,46.43999481201172
2020-01-22,46.09408950805664
2020-01-23,45.898963928222656
2020-01-24,44.63951110839844
2020-01-27,43.61952590942383
2020-01-28,43.876739501953125
2020-01-29,42.62615966796875
2020-01-30,43.33571243286133
2020-01-31,42.12060546875
2020-02-03,42.51972961425781
2020-02-04,43.31796646118164
2020-02-05,43.92109298706055
2020-02-06,43.50422286987305
2020-02-07,42.50198745727539
2020-02-10,42.271385192871094
2020-02-11,42.87451171875
2020-02-12,42.90111541748047
2020-02-13,42.52860641479492
2020-02-14,41.81904220581055
2020-02-18,42.03191375732422
2020-02-19,42.31572341918945
2020-02-20,42.43989944458008
2020-02-21,43.07849884033203
2020-02-24,41.94321823120117
2020-02-25,39.88552474975586
2020-02-26,38.73251724243164
2020-02-27,37.08281326293945
2020-02-28,36.674808502197266
2020-03-02,37.87217712402344
2020-03-03,37.13602066040039
2020-03-04,38.30678176879883
2020-03-05,36.16039276123047
2020-03-06,35.13154220581055
2020-03-09,30.794422149658203
2020-03-10,32.931949615478516
2020-03-11,31.42415428161621
2020-03-12,28.177967071533203
2020-03-13,31.78780174255371
2020-03-16,27.175729751586914
2020-03-17,27.48615264892578
2020-03-18,26.031578063964844
2020-03-19,27.335376739501953
2020-03-20,27.16686248779297
2020-03-23,25.20673370361328
2020-03-24,28.364219665527344
2020-03-25,27.67241096496582
2020-03-26,29.747848510742188
2020-03-27,29.58819007873535
2020-03-30,31.350540161132812
2020-03-31,32.338104248046875
2020-04-01,32.230369567871094
2020-04-02,32.26627731323242
2020-04-03,32.00592041015625
2020-04-06,33.6757926940918
2020-04-07,33.50521469116211
2020-04-08,35.05837631225586
2020-04-09,35.399532318115234
2020-04-13,34.824954986572266
2020-04-14,34.45686721801758
2020-04-15,31.898193359375
2020-04-16,31.88023567199707
2020-04-17,33.51420211791992
2020-04-20,32.79597473144531
2020-04-21,32.365028381347656
2020-04-22,32.679264068603516
2020-04-23,33.86433792114258
2020-04-24,33.99898910522461
2020-04-27,36.36016845703125
2020-04-28,36.3511848449707
2020-04-29,38.155723571777344
2020-04-30,36.97963333129883
2020-05-01,36.80905532836914
2020-05-04,36.8629264831543
2020-05-05,36.58461380004883
2020-05-06,36.36016845703125
2020-05-07,36.72825241088867
2020-05-08,37.88639831542969
2020-05-11,36.476871490478516
2020-05-12,35.02246856689453
2020-05-13,33.50521469116211
2020-05-14,33.657840728759766
2020-05-15,34.17855453491211
2020-05-18,36.683372497558594
2020-05-19,36.279361724853516
2020-05-20,36.52176284790039
2020-05-21,35.9112663269043
2020-05-22,35.444427490234375
2020-05-26,37.26691818237305
2020-05-27,38.69438934326172
2020-05-28,38.200618743896484
2020-05-29,37.94026184082031
2020-06-01,38.119815826416016
2020-06-02,38.81111145019531
2020-06-03,39.59217834472656
2020-06-04,40.07698440551758
2020-06-05,40.82213592529297
2020-06-08,40.840110778808594
2020-06-09,39.72685241699219
2020-06-10,39.59217834472656
2020-06-11,35.60602951049805
2020-06-12,36.98860549926758
2020-06-15,37.635013580322266
2020-06-16,40.03209686279297
2020-06-17,39.50238800048828
2020-06-18,39.07146453857422
2020-06-19,38.33528518676758
2020-06-22,37.97616958618164
2020-06-23,37.90434646606445
2020-06-24,36.51277542114258
2020-06-25,37.18612289428711
2020-06-26,36.44994354248047
2020-06-29,37.087406158447266
2020-06-30,37.549861907958984
2020-07-01,36.615875244140625
2020-07-02,37.54080581665039
2020-07-06,37.76749038696289
2020-07-07,37.34130859375
2020-07-08,35.9630012512207
2020-07-09,35.18316650390625
2020-07-10,36.679351806640625
2020-07-13,36.216896057128906
2020-07-14,37.23249435424805
2020-07-15,37.79469680786133
2020-07-16,37.867244720458984
2020-07-17,37.413848876953125
2020-07-20,36.906044006347656
2020-07-21,37.98512268066406
2020-07-22,38.32062911987305
2020-07-23,38.619873046875
2020-07-24,38.85563278198242
2020-07-27,39.74427795410156
2020-07-28,38.69241714477539
2020-07-29,39.227420806884766
2020-07-30,38.71961212158203
2020-07-31,38.039527893066406
2020-08-03,38.86469650268555
2020-08-04,39.00072479248047
2020-08-05,39.426902770996094
2020-08-06,39.227420806884766
2020-08-07,40.20673370361328
2020-08-10,41.802669525146484
2020-08-11,41.176998138427734
2020-08-12,41.61225128173828
2020-08-13,41.258609771728516
2020-08-14,41.92962646484375
2020-08-17,42.04750061035156
2020-08-18,42.04750061035156
2020-08-19,41.52157211303711
2020-08-20,41.394630432128906
2020-08-21,40.52411651611328
2020-08-24,41.73013687133789
2020-08-25,41.32208251953125
2020-08-26,41.258609771728516
2020-08-27,41.303951263427734
2020-08-28,41.70292282104492
2020-08-31,41.22233581542969
2020-09-01,42.292327880859375
2020-09-02,43.035892486572266
2020-09-03,42.26514434814453
2020-09-04,42.528099060058594
2020-09-08,41.34022903442383
2020-09-09,41.76640319824219
2020-09-10,41.15885925292969
2020-09-11,41.64853286743164
2020-09-14,42.37394332885742
2020-09-15,42.42836380004883
2020-09-16,43.12657928466797
2020-09-17,44.4051399230957
2020-09-18,44.59556579589844
2020-09-21,41.5306396484375
2020-09-22,41.42182922363281
2020-09-23,40.5059814453125
2020-09-24,40.587589263916016
2020-09-25,41.03191375732422
2020-09-28,41.95683288574219
2020-09-29,40.9259033203125
2020-09-30,41.035675048828125
2020-10-01,41.209476470947266
2020-10-02,42.11508560180664
2020-10-05,43.24937057495117
2020-10-06,42.92920684814453
2020-10-07,44.502586364746094
2020-10-08,45.22522735595703
2020-10-09,44.69467544555664
2020-10-12,45.078880310058594
2020-10-13,44.5208740234375
2020-10-14,45.17033767700195
2020-10-15,45.060577392578125
2020-10-16,45.12461471557617
2020-10-19,44.795291900634766
2020-10-20,44.374515533447266
2020-10-21,44.31048583984375
2020-10-22,45.646018981933594
2020-10-23,45.911293029785156
2020-10-26,44.164127349853516
2020-10-27,44.109230041503906
2020-10-28,42.60904312133789
2020-10-29,43.85309600830078
2020-10-30,43.68844985961914
2020-11-02,44.703834533691406
2020-11-03,45.78323745727539
2020-11-04,42.947505950927734
2020-11-05,44.63978958129883
2020-11-06,44.29219055175781
2020-11-09,46.43270492553711
2020-11-10,47.365745544433594
2020-11-11,46.478450775146484
2020-11-12,45.3807373046875
2020-11-13,47.25597381591797
2020-11-16,49.670921325683594
2020-11-17,49.2684326171875
2020-11-18,48.40855407714844
2020-11-19,48.32623291015625
2020-11-20,48.07010269165039
2020-11-23,49.09463119506836
2020-11-24,51.61018371582031
2020-11-25,50.109989166259766
2020-11-27,50.375274658203125
2020-11-30,49.122074127197266
2020-12-01,50.24720764160156
2020-12-02,50.4027214050293
2020-12-03,50.12828826904297
2020-12-04,51.61018371582031
2020-12-07,51.171104431152344
2020-12-08,51.71995162963867
2020-12-09,51.61933898925781
2020-12-10,52.24135971069336
2020-12-11,51.811431884765625
2020-12-14,50.91496658325195
2020-12-15,51.74740219116211
2020-12-16,51.628482818603516
2020-12-17,50.72288131713867
2020-12-18,49.332462310791016
2020-12-21,49.52455139160156
2020-12-22,48.56406021118164
2020-12-23,48.08839797973633
2020-12-24,47.969482421875
2020-12-28,47.6676139831543
2020-12-29,47.64017105102539
2020-12-30,48.806396484375
2020-12-31,49.03688049316406
2021-01-04,48.40997314453125
2021-01-05,49.848167419433594
2021-01-06,52.56782913208008
2021-01-07,51.802635192871094
2021-01-08,51.645904541015625
2021-01-11,52.3650016784668
2021-01-12,53.56349182128906
2021-01-13,52.28203582763672
2021-01-14,52.254371643066406
2021-01-15,51.13885498046875
2021-01-19,51.516849517822266
2021-01-20,51.40620803833008
2021-01-21,50.17083740234375
2021-01-22,50.50273132324219
2021-01-25,50.263031005859375
2021-01-26,48.67732620239258
2021-01-27,47.322120666503906
2021-01-28,46.40019226074219
2021-01-29,44.92512893676758
2021-02-01,45.19247817993164
2021-02-02,46.529258728027344
2021-02-03,47.626346588134766
2021-02-04,47.9582405090332
2021-02-05,48.84327697753906
2021-02-08,49.507057189941406
2021-02-09,50.41053771972656
2021-02-10,50.66867446899414
2021-02-11,50.5672607421875
2021-02-12,51.940921783447266
2021-02-16,52.86284637451172
2021-02-17,52.54939270019531
2021-02-18,52.088436126708984
2021-02-19,53.5081901550293
2021-02-22,55.19529724121094
2021-02-23,56.10799026489258
2021-02-24,58.10856246948242
2021-02-25,56.707244873046875
2021-02-26,55.149200439453125
2021-03-01,56.716468811035156
2021-03-02,56.983829498291016
2021-03-03,57.43556213378906
2021-03-04,55.68392562866211
2021-03-05,58.00715255737305
2021-03-08,61.187767028808594
2021-03-09,60.717586517333984
2021-03-10,62.19266128540039
2021-03-11,62.53378677368164
2021-03-12,64.31309509277344
2021-03-15,64.07337188720703
2021-03-16,63.529449462890625
2021-03-17,64.7555923461914
2021-03-18,64.90311431884766
2021-03-19,65.75126647949219
2021-03-22,64.11946868896484
2021-03-23,62.238765716552734
2021-03-24,64.04574584960938
2021-03-25,67.13414764404297
2021-03-26,73.10818481445312
2021-03-29,72.60113525390625
2021-03-30,74.49620819091797
2021-03-31,74.385009765625
2021-04-01,74.02360534667969
2021-04-05,74.6073989868164
2021-04-06,73.98652648925781
2021-04-07,73.958740234375
2021-04-08,73.7641372680664
2021-04-09,74.40353393554688
2021-04-12,74.62592315673828
2021-04-13,72.54090118408203
2021-04-14,73.26371765136719
2021-04-15,73.11544799804688
2021-04-16,73.67146301269531
2021-04-19,73.61585998535156
2021-04-20,72.7354965209961
2021-04-21,74.30160522460938
2021-04-22,70.51146697998047
2021-04-23,72.12387084960938
2021-04-26,74.6908187866211
2021-04-27,74.77421569824219
2021-04-28,75.59898376464844
2021-04-29,76.36811065673828
2021-04-30,76.22911834716797
2021-05-03,79.4168930053711
2021-05-04,83.0865707397461
2021-05-05,86.02415466308594
2021-05-06,88.67446899414062
2021-05-07,91.51940155029297
2021-05-10,93.87318420410156
2021-05-11,94.50334930419922
2021-05-12,88.9524917602539
2021-05-13,93.40984344482422
2021-05-14,94.99449157714844
2021-05-17,98.52515411376953
2021-05-18,95.88409423828125
2021-05-19,94.08631896972656
2021-05-20,93.71565246582031
2021-05-21,94.64232635498047
2021-05-24,95.78215789794922
2021-05-25,92.71482849121094
2021-05-26,93.4561767578125
2021-05-27,93.64151000976562
2021-05-28,95.02227020263672
2021-06-01,102.62108612060547
2021-06-02,97.32971954345703
2021-06-03,99.22015380859375
2021-06-04,100.8047866821289
2021-06-07,99.49817657470703
2021-06-08,101.92609405517578
2021-06-09,99.6927719116211
2021-06-10,98.515869140625
2021-06-11,98.77534484863281
2021-06-14,95.1798095703125
2021-06-15,94.4477310180664
2021-06-16,92.6128921508789
2021-06-17,88.2667465209961
2021-06-18,86.20023345947266
2021-06-21,88.83202362060547
2021-06-22,88.66522216796875
2021-06-23,88.93394470214844
2021-06-24,90.70391845703125
2021-06-25,89.60116577148438
2021-06-28,88.13700103759766
2021-06-29,88.06719970703125
2021-06-30,89.27705383300781
2021-07-01,89.94710540771484
2021-07-02,89.82613372802734
2021-07-06,86.13146209716797
2021-07-07,89.05369567871094
2021-07-08,87.20170593261719
2021-07-09,90.4310531616211
2021-07-12,90.98013305664062
2021-07-13,88.69075012207031
2021-07-14,88.48599243164062
2021-07-15,88.80242156982422
2021-07-16,85.6568374633789
2021-07-19,83.79554748535156
2021-07-20,85.17288970947266
2021-07-21,86.45719146728516
2021-07-22,87.34130096435547
2021-07-23,87.78800964355469
2021-07-26,90.98013305664062
2021-07-27,91.55714416503906
2021-07-28,92.50639343261719
2021-07-29,96.27552795410156
2021-07-30,96.80597686767578
2021-08-02,95.00053405761719
2021-08-03,99.27220916748047
2021-08-04,97.62495422363281
2021-08-05,94.47008514404297
2021-08-06,97.07587432861328
2021-08-09,100.30523681640625
2021-08-10,109.90950775146484
2021-08-11,114.20909881591797
2021-08-12,116.55432891845703
2021-08-13,117.41983032226562
2021-08-16,115.66090393066406
2021-08-17,111.27757263183594
2021-08-18,112.39433288574219
2021-08-19,109.28598022460938
2021-08-20,108.34603881835938
2021-08-23,111.51954650878906
2021-08-24,114.70236206054688
2021-08-25,111.64051055908203
2021-08-26,109.87226867675781
2021-08-27,111.53814697265625
2021-08-30,112.64561462402344
2021-08-31,109.40697479248047
2021-09-01,108.1971206665039
2021-09-02,107.28508758544922
2021-09-03,106.1404037475586
2021-09-07,106.80116271972656
2021-09-08,104.40007781982422
2021-09-09,104.76303100585938
2021-09-10,104.46521759033203
2021-09-13,101.62675476074219
2021-09-14,98.83480072021484
2021-09-15,102.02692413330078
2021-09-16,102.2037582397461
2021-09-17,97.61563110351562
2021-09-20,90.1611557006836
2021-09-21,89.53765106201172
2021-09-22,90.44035339355469
2021-09-23,92.50639343261719
2021-09-24,93.92097473144531
2021-09-27,96.71292877197266
2021-09-28,95.78227996826172
2021-09-29,93.23625183105469
2021-09-30,92.02161407470703
2021-10-01,91.2367935180664
2021-10-04,90.4239501953125
2021-10-05,92.21781921386719
2021-10-06,89.68582153320312
2021-10-07,92.45140838623047
2021-10-08,91.53578186035156
2021-10-11,92.1430892944336
2021-10-12,93.0587158203125
2021-10-13,93.75011444091797
2021-10-14,94.5816650390625
2021-10-15,95.0955581665039
2021-10-18,95.7962875366211
2021-10-19,96.5157241821289
2021-10-20,98.2535629272461
2021-10-21,95.36650085449219
2021-10-22,95.60943603515625
2021-10-25,102.23377990722656
2021-10-26,104.11177825927734
2021-10-27,101.09391021728516
2021-10-28,102.20577239990234
2021-10-29,104.31732940673828
2021-11-01,102.04694366455078
2021-11-02,100.17829132080078
2021-11-03,103.00926971435547
2021-11-04,104.45748901367188
2021-11-05,104.83120727539062
2021-11-08,108.60588073730469
2021-11-09,105.95240020751953
2021-11-10,103.11205291748047
2021-11-11,105.92436981201172
2021-11-12,104.86858367919922
2021-11-15,102.73832702636719
2021-11-16,104.36405944824219
2021-11-17,101.94415283203125
2021-11-18,104.36405944824219
2021-11-19,105.43851470947266
2021-11-22,111.81060028076172
2021-11-23,111.53966522216797
2021-11-24,108.18544006347656
2021-11-26,106.49430847167969
2021-11-29,104.7097396850586
2021-11-30,99.28132629394531
2021-12-01,97.81442260742188
2021-12-02,100.49594116210938
2021-12-03,103.24287414550781
2021-12-06,102.99992370605469
2021-12-07,106.52233123779297
2021-12-08,105.40113830566406
2021-12-09,105.47587585449219
2021-12-10,105.7748794555664
2021-12-13,107.96121215820312
2021-12-14,110.64270782470703
2021-12-15,101.11257934570312
2021-12-16,106.41956329345703
2021-12-17,110.25029754638672
2021-12-20,103.83148193359375
2021-12-21,105.13018798828125
2021-12-22,106.17664337158203
2021-12-23,106.79328918457031
2021-12-27,108.98896789550781
2021-12-28,106.9334487915039
2021-12-29,107.34455108642578
2021-12-30,106.8377914428711
2021-12-31,107.11932373046875
2022-01-03,106.07769012451172
2022-01-04,109.8594741821289
2022-01-05,115.1614761352539
2022-01-06,109.41841125488281
2022-01-07,107.39146423339844
2022-01-10,104.97036743164062
2022-01-11,104.01318359375
2022-01-12,107.65422058105469
2022-01-13,105.77741241455078
2022-01-14,103.99442291259766
2022-01-18,100.12818145751953
2022-01-19,97.82907104492188
2022-01-20,94.1598892211914
2022-01-21,87.31890106201172
2022-01-24,89.439697265625
2022-01-25,88.38867950439453
2022-01-26,87.30951690673828
2022-01-27,90.78162384033203
2022-01-28,93.64376831054688
2022-01-31,95.15462493896484
2022-02-01,100.84136199951172
2022-02-02,105.0829849243164
2022-02-03,105.33635711669922
2022-02-04,104.40733337402344
2022-02-07,104.27593994140625
2022-02-08,108.45186614990234
2022-02-09,112.68409729003906
2022-02-10,114.1010971069336
2022-02-11,111.1169662475586
2022-02-14,110.12223052978516
2022-02-15,114.09170532226562
2022-02-16,115.10518646240234
2022-02-17,113.4911117553711
2022-02-18,115.35855102539062
2022-02-22,111.39846801757812
2022-02-23,110.71342468261719
2022-02-24,113.4535903930664
2022-02-25,122.04003143310547
2022-02-28,123.51332092285156
2022-03-01,122.9314956665039
2022-03-02,129.50973510742188
2022-03-03,129.059326171875
2022-03-04,130.176025390625
2022-03-07,123.77606201171875
2022-03-08,118.2019271850586
2022-03-09,122.00247955322266
2022-03-10,125.33380889892578
2022-03-11,126.91973876953125
2022-03-14,123.9168472290039
2022-03-15,127.1731185913086
2022-03-16,126.78836822509766
2022-03-17,126.61942291259766
2022-03-18,127.77368927001953
2022-03-21,133.95785522460938
2022-03-22,135.1308135986328
2022-03-23,138.07742309570312
2022-03-24,144.06448364257812
2022-03-25,147.9119415283203
2022-03-28,144.3741455078125
2022-03-29,141.23046875
2022-03-30,140.7314453125
2022-03-31,139.95938110351562
2022-04-01,140.53370666503906
2022-04-04,140.77853393554688
2022-04-05,140.1006317138672
2022-04-06,137.9257049560547
2022-04-07,142.08729553222656
2022-04-08,141.946044921875
2022-04-11,143.8667755126953
2022-04-12,148.04721069335938
2022-04-13,153.68701171875
2022-04-14,155.65481567382812
2022-04-18,160.3719024658203
2022-04-19,161.7842254638672
2022-04-20,159.35507202148438
2022-04-21,165.3243865966797
2022-04-22,151.63446044921875
2022-04-25,149.29002380371094
2022-04-26,147.84945678710938
2022-04-27,149.6948699951172
2022-04-28,151.25784301757812
2022-04-29,145.73101806640625
2022-05-02,141.22105407714844
2022-05-03,143.2642059326172
2022-05-04,145.49559020996094
2022-05-05,132.5872039794922
2022-05-06,128.56678771972656
2022-05-09,122.42796325683594
2022-05-10,121.95720672607422
2022-05-11,118.60533905029297
2022-05-12,117.35311126708984
2022-05-13,116.55280303955078
2022-05-16,112.74899291992188
2022-05-17,117.75798034667969
2022-05-18,112.21231079101562
2022-05-19,113.6528549194336
2022-05-20,112.95613098144531
2022-05-23,118.92546081542969
2022-05-24,116.95767211914062
2022-05-25,121.1380844116211
2022-05-26,125.29027557373047
2022-05-27,129.6872100830078
2022-05-31,124.7159423828125
2022-06-01,123.06822967529297
2022-06-02,123.9344711303711
2022-06-03,121.18516540527344
2022-06-06,121.90074157714844
2022-06-07,125.95874786376953
2022-06-08,122.26793670654297
2022-06-09,116.4303970336914
2022-06-10,113.14443969726562
2022-06-13,105.70630645751953
2022-06-14,107.07151794433594
2022-06-15,109.65133666992188
2022-06-16,105.98875427246094
2022-06-17,107.32573699951172
2022-06-21,105.69689178466797
2022-06-22,101.53528594970703
2022-06-23,99.84052276611328
2022-06-24,104.56702423095703
2022-06-27,103.62549591064453
2022-06-28,101.6576919555664
2022-06-29,100.50369262695312
2022-06-30,98.76319885253906
2022-07-01,99.9266586303711
2022-07-05,98.94292449951172
2022-07-06,100.18205261230469
2022-07-07,104.51437377929688
2022-07-08,103.1144027709961
2022-07-11,101.99823760986328
2022-07-12,103.2657470703125
2022-07-13,103.77655029296875
2022-07-14,102.50901794433594
2022-07-15,104.35356140136719
2022-07-18,108.27911376953125
2022-07-19,110.88983154296875
2022-07-20,111.38172149658203
2022-07-21,121.56924438476562
2022-07-22,113.37760162353516
2022-07-25,115.6288833618164
2022-07-26,116.64100646972656
2022-07-27,120.443603515625
2022-07-28,123.34757232666016
2022-07-29,128.4555206298828
2022-08-01,127.56632995605469
2022-08-02,124.99346923828125
2022-08-03,124.2934799194336
2022-08-04,126.9893798828125
2022-08-05,129.2500762939453
2022-08-08,129.16494750976562
2022-08-09,131.0946502685547
2022-08-10,133.83779907226562
2022-08-11,134.22560119628906
2022-08-12,135.16204833984375
2022-08-15,134.19723510742188
2022-08-16,134.93504333496094
2022-08-17,132.8729248046875
2022-08-18,134.8309783935547
2022-08-19,130.69740295410156
2022-08-22,128.0866241455078
2022-08-23,130.02572631835938
2022-08-24,130.6595001220703
2022-08-25,136.4106903076172
2022-08-26,132.91078186035156
2022-08-29,132.01214599609375
2022-08-30,127.887939453125
2022-08-31,125.7502212524414
2022-09-01,123.34757232666016
2022-09-02,123.70703125
2022-09-06,127.17852020263672
2022-09-07,128.2758026123047
2022-09-08,131.87973022460938
2022-09-09,135.7958526611328
2022-09-12,134.05535888671875
2022-09-13,128.7392578125
2022-09-14,114.18162536621094
2022-09-15,110.92766571044922
2022-09-16,110.74796295166016
2022-09-19,112.39384460449219
2022-09-20,107.3804931640625
2022-09-21,104.52383422851562
2022-09-22,102.96306610107422
2022-09-23,100.14423370361328
2022-09-26,97.79837036132812
2022-09-27,99.59559631347656
2022-09-28,101.13744354248047
2022-09-29,100.06353759765625
2022-09-30,101.67913818359375
2022-10-03,108.65479278564453
2022-10-04,113.38758087158203
2022-10-05,112.00007629394531
2022-10-06,111.9620590209961
2022-10-07,109.3010482788086
2022-10-10,112.20915222167969
2022-10-11,112.95994567871094
2022-10-12,113.38758087158203
2022-10-13,117.84480285644531
2022-10-14,112.81737518310547
2022-10-17,116.02960968017578
2022-10-18,118.28195190429688
2022-10-19,115.83951568603516
2022-10-20,118.71910858154297
2022-10-21,128.83096313476562
2022-10-24,128.06118774414062
2022-10-25,129.73382568359375
2022-10-26,130.21849060058594
2022-10-27,128.77392578125
2022-10-28,127.348388671875
2022-10-31,124.85848236083984
2022-11-01,127.82360076904297
2022-11-02,122.33049011230469
2022-11-03,122.37800598144531
2022-11-04,126.93021392822266
2022-11-07,127.65251159667969
2022-11-08,127.81409454345703
2022-11-09,124.56385040283203
2022-11-10,132.12872314453125
2022-11-11,131.8721160888672
2022-11-14,135.14138793945312
2022-11-15,136.89952087402344
2022-11-16,134.57115173339844
2022-11-17,135.04629516601562
2022-11-18,134.97979736328125
2022-11-21,141.64181518554688
2022-11-22,144.5974578857422
2022-11-23,142.297607421875
2022-11-25,141.7843780517578
2022-11-28,140.206787109375
2022-11-29,139.693603515625
2022-11-30,142.5066680908203
2022-12-01,141.8413848876953
2022-12-02,146.54566955566406
2022-12-05,143.51402282714844
2022-12-06,145.38626098632812
2022-12-07,142.36410522460938
2022-12-08,143.3619842529297
2022-12-09,139.76963806152344
2022-12-12,140.71046447753906
2022-12-13,142.03146362304688
2022-12-14,140.58692932128906
2022-12-15,127.4434585571289
2022-12-16,126.96827697753906
2022-12-19,125.21961212158203
2022-12-20,127.31991577148438
2022-12-21,130.62713623046875
2022-12-22,130.11392211914062
2022-12-23,129.3251495361328
2022-12-27,129.76229858398438
2022-12-28,127.52896881103516
2022-12-29,127.41448974609375
2022-12-30,125.7450180053711
2023-01-03,125.02951049804688
2023-01-04,130.69622802734375
2023-01-05,130.7439422607422
2023-01-06,137.30731201171875
2023-01-09,134.57891845703125
2023-01-10,144.20468139648438
2023-01-11,147.3909912109375
2023-01-12,148.5452880859375
2023-01-13,150.31016540527344
2023-01-17,147.99200439453125
2023-01-18,145.33993530273438
2023-01-19,143.8612518310547
2023-01-20,146.40838623046875
2023-01-23,146.77088928222656
2023-01-24,146.94264221191406
2023-01-25,149.4611053466797
2023-01-26,162.00608825683594
2023-01-27,159.19175720214844
2023-01-30,158.7147979736328
2023-01-31,161.24285888671875
2023-02-01,166.92860412597656
2023-02-02,168.5503692626953
2023-02-03,168.50271606445312
2023-02-06,162.05374145507812
2023-02-07,159.48753356933594
2023-02-08,158.65756225585938
2023-02-09,156.06271362304688
2023-02-10,156.5587921142578
2023-02-13,159.89772033691406
2023-02-14,163.3798065185547
2023-02-15,162.2541046142578
2023-02-16,162.00608825683594
2023-02-17,160.33656311035156
2023-02-21,156.01502990722656
2023-02-22,155.9482421875
2023-02-23,155.77650451660156
2023-02-24,155.05148315429688
2023-02-27,156.72097778320312
2023-02-28,159.73558044433594
2023-03-01,162.8837127685547
2023-03-02,167.69180297851562
2023-03-03,170.16262817382812
2023-03-06,167.46286010742188
2023-03-07,163.33209228515625
2023-03-08,165.31637573242188
2023-03-09,160.12667846679688
2023-03-10,151.56944274902344
2023-03-13,148.2781524658203
2023-03-14,149.05091857910156
2023-03-15,138.1468505859375
2023-03-16,138.72874450683594
2023-03-17,137.4886016845703
2023-03-20,141.06602478027344
2023-03-21,145.10140991210938
2023-03-22,140.76072692871094
2023-03-23,141.1900177001953
2023-03-24,141.81015014648438
2023-03-27,142.43028259277344
2023-03-28,141.41900634765625
2023-03-29,143.02171325683594
2023-03-30,144.8883056640625
2023-03-31,147.86538696289062
2023-04-03,147.84620666503906
2023-04-04,137.68028259277344
2023-04-05,137.335693359375
2023-04-06,139.30763244628906
2023-04-10,140.5615997314453
2023-04-11,142.36122131347656
2023-04-12,141.34652709960938
2023-04-13,140.55203247070312
2023-04-14,139.9393768310547
2023-04-17,141.35610961914062
2023-04-18,144.6203155517578
2023-04-19,141.29867553710938
2023-04-20,149.07151794433594
2023-04-21,146.88894653320312
2023-04-24,148.41099548339844
2023-04-25,141.62413024902344
2023-04-26,138.32168579101562
2023-04-27,141.94960021972656
2023-04-28,141.8442840576172
2023-05-01,141.68153381347656
2023-05-02,140.29356384277344
2023-05-03,139.9393768310547
2023-05-04,133.89920043945312
2023-05-05,136.23489379882812
2023-05-08,135.56480407714844
2023-05-09,134.17677307128906
2023-05-10,131.73580932617188
2023-05-11,131.63052368164062
2023-05-12,133.13340759277344
2023-05-15,134.47352600097656
2023-05-16,130.93173217773438
2023-05-17,133.66944885253906
2023-05-18,134.28208923339844
2023-05-19,132.74090576171875
2023-05-22,133.97576904296875
2023-05-23,131.0657501220703
2023-05-24,127.66752624511719
2023-05-25,128.93109130859375
2023-05-26,130.319091796875
2023-05-30,127.3228988647461
2023-05-31,126.41352844238281
2023-06-01,127.3420639038086
2023-06-02,135.2489013671875
2023-06-05,134.91387939453125
2023-06-06,137.3739776611328
2023-06-07,141.60501098632812
2023-06-08,140.5615997314453
2023-06-09,139.3267822265625
2023-06-12,142.13145446777344
2023-06-13,147.7696533203125
2023-06-14,144.1991424560547
2023-06-15,144.7160186767578
2023-06-16,144.93618774414062
2023-06-20,143.12701416015625
2023-06-21,145.40525817871094
2023-06-22,146.77410888671875
2023-06-23,147.21444702148438
2023-06-26,148.72686767578125
2023-06-27,153.89599609375
2023-06-28,154.23101806640625
2023-06-29,156.843017578125
2023-06-30,157.46717834472656
2023-07-03,159.03244018554688
2023-07-05,154.07736206054688
2023-07-06,153.76051330566406
2023-07-07,155.51780700683594
2023-07-10,157.63999938964844
2023-07-11,161.6540069580078
2023-07-12,162.9311981201172
2023-07-13,162.5374298095703
2023-07-14,160.14639282226562
2023-07-17,160.78016662597656
2023-07-18,164.47727966308594
2023-07-19,160.4824676513672
2023-07-20,159.42616271972656
2023-07-21,157.32315063476562
2023-07-24,160.03115844726562
2023-07-25,166.01370239257812
2023-07-26,162.20138549804688
2023-07-27,161.74044799804688
2023-07-28,162.23019409179688
2023-07-31,165.2550811767578
2023-08-01,166.12892150878906
2023-08-02,162.8543701171875
2023-08-03,164.95741271972656
2023-08-04,161.0970458984375
2023-08-07,162.5374298095703
2023-08-08,163.16168212890625
2023-08-09,162.65272521972656
2023-08-10,159.65663146972656
2023-08-11,159.90631103515625
2023-08-14,165.2070770263672
2023-08-15,162.5278778076172
2023-08-16,161.78842163085938
2023-08-17,161.26031494140625
2023-08-18,161.6540069580078
2023-08-21,161.0010223388672
2023-08-22,161.73085021972656
2023-08-23,160.37686157226562
2023-08-24,158.46585083007812
2023-08-25,158.83079528808594
2023-08-28,160.3096466064453
2023-08-29,164.89979553222656
2023-08-30,163.4977569580078
2023-08-31,165.26467895507812
2023-09-01,165.7256317138672
2023-09-05,163.47854614257812
2023-09-06,161.90371704101562
2023-09-07,162.1917724609375
2023-09-08,158.3890380859375
2023-09-11,156.68936157226562
2023-09-12,156.54534912109375
2023-09-13,154.7303924560547
2023-09-14,158.9556121826172
2023-09-15,149.24716186523438
2023-09-18,148.52696228027344
2023-09-19,151.90713500976562
2023-09-20,149.2183837890625
2023-09-21,145.52125549316406
2023-09-22,147.04812622070312
2023-09-25,149.08392333984375
2023-09-26,145.71331787109375
2023-09-27,149.525634765625
2023-09-28,151.99203491210938
2023-09-29,150.63360595703125
2023-10-02,149.12100219726562
2023-10-03,150.26751708984375
2023-10-04,151.1923828125
2023-10-05,150.71067810058594
2023-10-06,151.48143005371094
2023-10-09,149.96881103515625
2023-10-10,150.20005798339844
2023-10-11,149.1980743408203
2023-10-12,142.15533447265625
2023-10-13,141.6832733154297
2023-10-16,143.55235290527344
2023-10-17,144.0918731689453
2023-10-18,139.80453491210938
2023-10-19,138.49427795410156
2023-10-20,136.19166564941406
2023-10-23,135.35348510742188
2023-10-24,141.7892303466797
2023-10-25,139.31321716308594
2023-10-26,142.88755798339844
2023-10-27,142.6948699951172
2023-10-30,143.50416564941406
2023-10-31,142.3865509033203
2023-11-01,142.5792694091797
2023-11-02,145.72970581054688
2023-11-03,146.74130249023438
2023-11-06,147.53135681152344
2023-11-07,145.9031524658203
2023-11-08,147.36756896972656
2023-11-09,145.6333770751953
2023-11-10,147.0399932861328
2023-11-13,147.3482666015625
2023-11-14,149.3136749267578
2023-11-15,150.8455352783203
2023-11-16,149.2751922607422
2023-11-17,151.02862548828125
2023-11-20,151.3080291748047
2023-11-21,152.02098083496094
2023-11-22,151.64523315429688
2023-11-24,151.4139862060547
2023-11-27,155.3351593017578
2023-11-28,155.2677459716797
2023-11-29,157.79196166992188
2023-11-30,163.75564575195312
2023-12-01,164.17955017089844
2023-12-04,161.2796173095703
2023-12-05,159.6995391845703
2023-12-06,156.30824279785156
2023-12-07,157.25244140625
2023-12-08,156.16372680664062
2023-12-11,158.5626983642578
2023-12-12,157.77268981933594
2023-12-13,160.6244659423828
2023-12-14,164.6034698486328
2023-12-15,166.50144958496094
2023-12-18,167.8502655029297
2023-12-19,171.357177734375
2023-12-20,169.2665252685547
2023-12-21,170.16249084472656
2023-12-22,171.54983520507812
2023-12-26,171.73291015625
2023-12-27,171.36680603027344
2023-12-28,169.2987823486328
2023-12-29,168.18743896484375
2024-01-02,169.5306854248047
2024-01-03,170.6323699951172
2024-01-04,166.28370666503906
2024-01-05,164.83412170410156
2024-01-08,166.9407958984375
2024-01-09,161.49049377441406
2024-01-10,163.181640625
2024-01-11,162.53414916992188
2024-01-12,163.21060180664062
2024-01-16,165.056396484375
2024-01-17,163.365234375
2024-01-18,160.80435180664062
2024-01-19,161.1812286376953
2024-01-22,164.70849609375
2024-01-23,165.96478271484375
2024-01-24,166.82485961914062
2024-01-25,168.82521057128906
2024-01-26,169.21182250976562
2024-01-29,170.6999969482422
2024-01-30,182.5477294921875
2024-01-31,180.64395141601562
2024-02-01,179.37802124023438
2024-02-02,177.2230224609375
2024-02-05,176.17933654785156
2024-02-06,175.25160217285156
2024-02-07,179.94818115234375
2024-02-08,180.0255126953125
2024-02-09,180.26707458496094
2024-02-12,179.8418731689453
2024-02-13,173.4445037841797
2024-02-14,174.9713592529297
2024-02-15,180.0931396484375
2024-02-16,179.33935546875
2024-02-20,177.80284118652344
2024-02-21,178.16041564941406
2024-02-22,180.37338256835938
2024-02-23,183.60108947753906
2024-02-26,185.1472625732422
2024-02-27,186.62583923339844
2024-02-28,185.72711181640625
2024-02-29,185.83338928222656
2024-03-01,184.2871856689453
2024-03-04,180.8662567138672
2024-03-05,178.58560180664062
2024-03-06,178.4406280517578
2024-03-07,180.14146423339844
2024-03-08,179.57131958007812
2024-03-11,178.60494995117188
2024-03-12,176.7398223876953
2024-03-13,177.9091339111328
2024-03-14,175.96673583984375
2024-03-15,182.14186096191406
2024-03-18,183.41744995117188
2024-03-19,184.52879333496094
2024-03-20,186.99305725097656
2024-03-21,189.77618408203125
2024-03-22,187.90139770507812
2024-03-25,188.90646362304688
2024-03-26,187.53421020507812
2024-03-27,192.41831970214844
2024-03-28,191.7787322998047
2024-04-01,193.8137969970703
2024-04-02,192.23419189453125
2024-04-03,193.95912170410156
2024-04-04,192.94163513183594
2024-04-05,194.75375366210938
2024-04-08,194.6665496826172
2024-04-09,193.69747924804688
2024-04-10,192.05006408691406
2024-04-11,191.23605346679688
2024-04-12,188.51296997070312
2024-04-15,188.00904846191406
2024-04-16,186.16781616210938
2024-04-17,186.8170928955078
2024-04-18,184.8692626953125
2024-04-19,185.44102478027344
2024-04-22,185.70265197753906
2024-04-23,169.2382049560547
2024-04-24,167.41635131835938
2024-04-25,170.43984985351562
2024-04-26,169.99404907226562
2024-04-29,169.8196563720703
2024-04-30,163.3171844482422
2024-05-01,163.45286560058594
2024-05-02,165.24562072753906
2024-05-03,168.54043579101562
2024-05-06,165.7301483154297
2024-05-07,166.476318359375
2024-05-08,164.54791259765625
2024-05-09,168.9765167236328
2024-05-10,169.07345581054688
2024-05-13,168.3660430908203
2024-05-14,167.28065490722656
2024-05-15,170.75962829589844
2024-05-16,168.06561279296875
2024-05-17,166.796142578125
2024-05-20,165.64292907714844
2024-05-21,166.796142578125
2024-05-22,165.8076934814453
2024-05-23,166.22433471679688
2024-05-24,165.97242736816406
2024-05-28,163.1815185546875
2024-05-29,161.44688415527344
2024-05-30,161.51470947265625
2024-05-31,163.6272735595703
2024-06-03,161.65037536621094
2024-06-04,156.19451904296875
2024-06-05,156.6887664794922
2024-06-06,158.28770446777344
2024-06-07,156.02011108398438
2024-06-10,152.4442138671875
2024-06-11,150.6223602294922
2024-06-12,149.66299438476562
2024-06-13,149.35287475585938
2024-06-14,149.9052734375
2024-06-17,152.51205444335938
2024-06-18,150.8162078857422
2024-06-20,151.95965576171875
2024-06-21,152.7058563232422
2024-06-24,150.7483673095703
2024-06-25,146.79454040527344
2024-06-26,149.77928161621094
2024-06-27,149.92465209960938
2024-06-28,153.7269744873047
2024-07-01,152.67669677734375
2024-07-02,152.15159606933594
2024-07-03,152.11268615722656
2024-07-05,149.60372924804688
2024-07-08,148.27146911621094
2024-07-09,146.11257934570312
2024-07-10,149.13693237304688
2024-07-11,154.582763671875
2024-07-12,156.66383361816406
2024-07-15,160.32998657226562
2024-07-16,161.5650177001953
2024-07-17,159.48397827148438
2024-07-18,161.10797119140625
2024-07-19,158.02525329589844
2024-07-22,158.8421173095703
2024-07-23,157.10142517089844
2024-07-24,150.5275421142578
2024-07-25,152.69618225097656
2024-07-26,156.4595947265625
2024-07-29,155.02037048339844
2024-07-30,155.039794921875
2024-07-31,158.4531707763672
2024-08-01,151.49029541015625
2024-08-02,146.8905792236328
2024-08-05,146.37513732910156
2024-08-06,145.83059692382812
2024-08-07,141.19192504882812
2024-08-08,141.63925170898438
2024-08-09,141.14329528808594
2024-08-12,137.45765686035156
2024-08-13,138.94552612304688
2024-08-14,137.37013244628906
2024-08-15,141.22109985351562
2024-08-16,141.2308349609375
2024-08-19,140.10276794433594
2024-08-20,139.4512176513672
2024-08-21,142.42697143554688
2024-08-22,142.1935577392578
2024-08-23,143.66197204589844
2024-08-26,146.29736328125
2024-08-27,146.22927856445312
2024-08-28,143.96340942382812
2024-08-29,145.888916015625
2024-08-30,147.7268829345703
2024-09-03,140.4528350830078
2024-09-04,137.80775451660156
2024-09-05,135.755859375
2024-09-06,134.96812438964844
2024-09-09,137.0395050048828
2024-09-10,135.76559448242188
2024-09-11,133.97625732421875
2024-09-12,136.7283172607422
2024-09-13,139.635986328125
2024-09-16,139.02333068847656
2024-09-17,138.2648162841797
2024-09-18,139.04278564453125
2024-09-19,144.8970184326172
2024-09-20,142.2810821533203
2024-09-23,142.95208740234375
2024-09-24,146.46267700195312
2024-09-25,144.78033447265625
2024-09-26,146.44322204589844
2024-09-27,146.5213165283203
2024-09-30,146.72625732421875
2024-10-01,149.03929138183594
2024-10-02,147.8095703125
2024-10-03,147.65341186523438
2024-10-04,147.7998046875
2024-10-07,149.0783233642578
2024-10-08,144.54986572265625
2024-10-09,148.17066955566406
2024-10-10,147.27279663085938
2024-10-11,148.25851440429688
2024-10-14,149.16615295410156
2024-10-15,147.9949951171875
2024-10-16,150.56179809570312
2024-10-17,154.28994750976562
2024-10-18,154.43637084960938
2024-10-21,152.35757446289062
2024-10-22,142.5100860595703
2024-10-23,138.2548828125
2024-10-24,137.94256591796875
2024-10-25,138.06947326660156
2024-10-28,144.17898559570312
2024-10-29,143.66172790527344
2024-10-30,139.26991271972656
2024-10-31,138.43057250976562
2024-11-01,140.10922241210938
2024-11-04,139.17230224609375
2024-11-05,141.1339874267578
2024-11-06,163.70799255371094
2024-11-07,157.29591369628906
2024-11-08,155.02194213867188
2024-11-11,155.23663330078125
2024-11-12,150.19093322753906
2024-11-13,148.54151916503906
2024-11-14,142.8614501953125
2024-11-15,143.54461669921875
2024-11-18,143.71054077148438
2024-11-19,141.20230102539062
2024-11-20,144.60841369628906
2024-11-21,146.38465881347656
2024-11-22,148.26828002929688
2024-11-25,149.75173950195312
2024-11-26,150.29827880859375
2024-11-27,151.04977416992188
2024-11-29,150.97169494628906
2024-12-02,152.61129760742188
2024-12-03,151.2547149658203
2024-12-04,145.72100830078125
2024-12-05,142.07090759277344
2024-12-06,139.14305114746094
2024-12-09,141.10470581054688
2024-12-10,137.1813201904297
2024-12-11,135.1123046875
2024-12-12,128.2512664794922
2024-12-13,122.23934936523438
2024-12-16,121.17555236816406
2024-12-17,118.07198333740234
2024-12-18,115.12458038330078
2024-12-19,112.9969711303711
2024-12-20,113.77775573730469
2024-12-23,113.8070297241211
2024-12-24,114.6073226928711
2024-12-26,115.7882308959961
2024-12-27,114.4609146118164
2024-12-30,113.07505798339844
2024-12-31,114.44792175292969
2025-01-02,112.26113891601562
2025-01-03,113.21232604980469
2025-01-06,118.28214263916016
2025-01-07,118.92933654785156
2025-01-08,115.88941955566406
2025-01-10,115.86981201171875
2025-01-13,120.49832916259766
2025-01-14,119.39022827148438
2025-01-15,120.69445037841797
2025-01-16,120.96902465820312
2025-01-17,122.11634826660156
2025-01-21,122.64588165283203
2025-01-22,119.72364044189453
2025-01-23,119.69422149658203
2025-01-24,119.80208587646484
2025-01-27,119.60595703125
2025-01-28,124.09720611572266
2025-01-29,124.41100311279297
2025-01-30,126.18590545654297
2025-01-31,125.94075012207031
2025-02-03,128.75514221191406
2025-02-04,128.28445434570312
2025-02-05,130.63790893554688
2025-02-06,130.6182861328125
2025-02-07,127.73529815673828
2025-02-10,134.8643798828125
2025-02-11,135.4331512451172
2025-02-12,130.96151733398438
2025-02-13,132.9227752685547
2025-02-14,135.0997314453125
2025-02-18,139.75765991210938
2025-02-19,137.06097412109375
2025-02-20,137.2374725341797
2025-02-21,132.6089630126953
2025-02-24,133.54055786132812
2025-02-25,133.44248962402344
2025-02-26,131.96176147460938
2025-02-27,132.1970977783203
2025-02-28,134.8055419921875
2025-03-03,131.47145080566406
2025-03-04,126.99981689453125
2025-03-05,129.92205810546875
2025-03-06,129.4317626953125
2025-03-07,131.12823486328125
2025-03-10,124.2442855834961
2025-03-11,127.38225555419922
2025-03-12,128.3236541748047
2025-03-13,127.04884338378906
2025-03-14,129.52981567382812
2025-03-17,126.99002838134766
2025-03-18,127.29401397705078
2025-03-19,128.50999450683594
2025-03-20,126.99002838134766
2025-03-21,119.64519500732422
2025-03-24,124.93073272705078
2025-03-25,125.08761596679688
2025-03-26,124.83267211914062
2025-03-27,124.99937438964844
2025-03-28,119.58634948730469
2025-03-31,118.54218292236328
2025-04-01,117.87235260009766
2025-04-02,121.19200134277344
2025-04-03,108.1498031616211
2025-04-04,101.6779556274414
2025-04-07,103.40180969238281
2025-04-08,102.13108825683594
2025-04-09,113.77449035644531
2025-04-10,107.80502319335938
2025-04-11,109.57814025878906
2025-04-14,109.16441345214844
2025-04-15,108.8294906616211
2025-04-16,107.32234954833984
2025-04-17,108.84918975830078
2025-04-21,105.07640838623047
2025-04-22,107.98234558105469
2025-04-23,110.25782775878906
2025-04-24,113.567626953125
2025-04-25,113.9912109375
2025-04-28,114.8285140991211
2025-04-29,116.99564361572266
2025-04-30,117.5866928100586
2025-05-01,117.93144989013672
2025-05-02,121.13290405273438
2025-05-05,118.68994903564453
2025-05-06,115.10432434082031
2025-05-07,113.42972564697266
2025-05-08,113.7646484375
2025-05-09,113.4986801147461
2025-05-12,118.32547760009766
2025-05-13,117.18280029296875
2025-05-14,115.35059356689453
2025-05-15,113.73509216308594
2025-05-16,114.42463684082031
2025-05-19,114.08971405029297
2025-05-20,113.28196716308594
2025-05-21,110.05096435546875
2025-05-22,109.0363540649414
2025-05-23,106.86922454833984
2025-05-27,107.74592590332031
2025-05-28,107.2139892578125
2025-05-29,107.3125
2025-05-30,107.72622680664062
2025-06-02,118.6012954711914
2025-06-03,120.49260711669922
2025-06-04,120.03948974609375
2025-06-05,116.97594451904297
2025-06-06,119.75381469726562
2025-06-09,120.69947052001953
2025-06-10,122.8173599243164
2025-06-11,115.38013458251953
2025-06-12,116.68042755126953
2025-06-13,120.09857940673828
2025-06-16,119.8523178100586
2025-06-17,120.37439727783203
2025-06-18,124.2949447631836
2025-06-20,122.44303894042969
2025-06-23,124.10778045654297
2025-06-24,126.2847671508789
2025-06-25,126.29462432861328
2025-06-26,128.65875244140625
2025-06-27,129.4665069580078
2025-06-30,128.1409912109375
2025-07-01,132.66162109375
2025-07-02,137.36033630371094
2025-07-03,136.38101196289062
2025-07-07,135.470947265625
2025-07-08,138.22093200683594
2025-07-09,138.1912384033203
2025-07-10,141.76226806640625
2025-07-11,140.86207580566406
2025-07-14,140.0410614013672
2025-07-15,136.88551330566406
2025-07-16,136.3018798828125
2025-07-17,139.2299041748047
2025-07-18,139.11122131347656
2025-07-21,140.6147918701172
2025-07-22,142.21728515625
2025-07-23,143.43402099609375
2025-07-24,139.90257263183594
2025-07-25,144.25506591796875
2025-07-28,142.95921325683594
2025-07-29,139.12109375
2025-07-30,141.40615844726562
2025-07-31,141.52487182617188
2025-08-01,137.17237854003906
2025-08-04,135.50062561035156
2025-08-05,137.9439697265625
2025-08-06,137.0240020751953
2025-08-07,136.3018798828125
2025-08-08,137.47901916503906
2025-08-11,136.23263549804688
2025-08-12,139.90257263183594
2025-08-13,144.2649383544922
2025-08-14,142.79104614257812
2025-08-15,143.839599609375
2025-08-18,143.08778381347656
2025-08-19,144.33419799804688
2025-08-20,141.92054748535156
2025-08-21,141.70291137695312
2025-08-22,146.33236694335938
2025-08-25,147.93487548828125
2025-08-26,146.35214233398438
2025-08-27,148.7064666748047
2025-08-28,148.1821746826172
2025-08-29,147.1237335205078
2025-09-02,144.8188934326172
2025-09-03,143.64175415039062
2025-09-04,143.37466430664062
2025-09-05,145.6696014404297
2025-09-08,142.464599609375
2025-09-09,139.4969940185547
2025-09-10,140.34771728515625
2025-09-11,142.19752502441406
2025-09-12,139.82342529296875
2025-09-15,140.0410614013672
2025-09-16,141.38636779785156
2025-09-17,141.25778198242188
2025-09-18,132.84957885742188
2025-09-19,131.86038208007812
2025-09-22,133.2254638671875
2025-09-23,133.7991943359375
2025-09-24,134.92689514160156
2025-09-25,133.3046112060547
2025-09-26,136.63819885253906
2025-09-29,134.6103515625
2025-09-30,134.51101684570312
2025-10-01,134.47129821777344
2025-10-02,138.07667541503906
2025-10-03,137.10330200195312
2025-10-06,134.66993713378906
2025-10-07,134.87852478027344
2025-10-08,136.90467834472656
2025-10-09,137.23243713378906
2025-10-10,132.74310302734375
2025-10-13,136.0405731201172
2025-10-14,137.5701141357422
2025-10-15,135.83200073242188
2025-10-16,131.75982666015625
2025-10-17,130.8857879638672
2025-10-20,135.6830291748047
2025-10-21,139.56649780273438
2025-10-22,135.72274780273438
2025-10-23,137.51052856445312
2025-10-24,137.7588348388672
2025-10-27,143.18179321289062
2025-10-28,150.9586639404297
2025-10-29,153.38209533691406
2025-10-30,148.72393798828125
2025-10-31,149.03182983398438
2025-11-03,147.1149139404297
2025-11-04,143.31089782714844
2025-11-05,144.264404296875
2025-11-06,143.67840576171875
2025-11-07,143.3307647705078
2025-11-10,141.6919708251953
2025-11-11,143.06259155273438
2025-11-12,147.37315368652344
2025-11-13,144.82058715820312
2025-11-14,146.7772216796875
2025-11-17,147.66119384765625
2025-11-18,147.5022735595703
2025-11-19,147.57180786132812
2025-11-20,146.20115661621094
2025-11-21,151.31622314453125
2025-11-24,152.60739135742188
2025-11-25,155.18975830078125
2025-11-26,158.05020141601562
2025-11-28,158.4077606201172
2025-12-01,159.60955810546875
2025-12-02,159.9969024658203
2025-12-03,163.5923614501953
2025-12-04,161.4370574951172
2025-12-05,158.36802673339844
2025-12-08,158.2190704345703
2025-12-09,157.06692504882812
2025-12-10,163.2149200439453
2025-12-11,165.4397430419922
2025-12-12,163.98963928222656
2025-12-15,160.9206085205078
2025-12-16,161.15896606445312
2025-12-17,159.59962463378906
2025-12-18,156.759033203125
2025-12-19,158.070068359375
2025-12-22,163.1453857421875
2025-12-23,162.5792694091797
2025-12-24,164.36705017089844
2025-12-26,165.2212371826172
2025-12-29,164.35711669921875
2025-12-30,163.68174743652344
2025-12-31,162.55557250976562
2026-01-02,168.82418823242188
2026-01-05,167.5585174560547
2026-01-06,168.7743682861328
2026-01-07,164.2498016357422
2026-01-08,167.3093719482422
2026-01-09,163.2133331298828
2026-01-12,165.40585327148438
2026-01-13,168.90391540527344
2026-01-14,171.70436096191406
2026-01-15,174.19586181640625
2026-01-16,173.7972412109375
2026-01-20,173.8968963623047
2026-01-21,179.6173858642578
2026-01-22,179.65725708007812
2026-01-23,181.0325469970703
2026-01-26,177.05612182617188
2026-01-27,172.989990234375
2026-01-28,172.59133911132812
2026-01-29,179.29847717285156
2026-01-30,177.1159210205078
2026-02-02,180.34490966796875
2026-02-03,185.86607360839844
2026-02-04,189.30433654785156
2026-02-05,185.86607360839844
2026-02-06,192.1845245361328
2026-02-09,192.4237060546875
2026-02-10,191.33741760253906
2026-02-11,193.7591552734375
2026-02-12,188.168212890625
2026-02-13,182.607177734375
2026-02-17,183.0157928466797
2026-02-18,183.91273498535156
2026-02-19,179.4280242919922
2026-02-20,179.39813232421875
2026-02-23,178.24208068847656
2026-02-24,174.5546417236328
2026-02-25,174.88352966308594
2026-02-26,175.01309204101562
2026-02-27,176.27877807617188
2026-03-02,179.95623779296875
2026-03-03,176.7969970703125
2026-03-04,175.47152709960938
2026-03-05,171.51502990722656
2026-03-06,168.17640686035156
2026-03-09,168.8939666748047
2026-03-10,169.85069274902344
2026-03-11,171.2259979248047
2026-03-12,165.10687255859375
2026-03-13,162.92431640625
2026-03-16,162.1868438720703
2026-03-17,161.52908325195312
2026-03-18,160.61221313476562
2026-03-19,161.39952087402344
2026-03-20,158.0409698486328
2026-03-23,160.07403564453125
2026-03-24,162.1868438720703
2026-03-25,164.6085662841797
2026-03-26,165.44570922851562
2026-03-27,162.81468200683594
2026-03-30,164.19000244140625
2026-03-31,169.10000610351562
2026-04-01,173.72000122070312
2026-04-02,172.4600067138672
2026-04-06,169.58999633789062
2026-04-07,173.25999450683594
2026-04-08,182.16000366210938
2026-04-09,184.0
2026-04-10,186.1199951171875
2026-04-13,189.6699981689453
2026-04-14,190.0399932861328
2026-04-15,189.60000610351562
2026-04-16,191.85000610351562
2026-04-17,195.8699951171875
2026-04-20,202.25999450683594
2026-04-21,208.05999755859375
2026-04-22,214.25999450683594
2026-04-23,212.9499969482422
2026-04-24,214.2899932861328
2026-04-27,215.0
2026-04-28,225.11000061035156
2026-04-29,222.38999938964844
2026-04-30,225.2899932861328
2026-05-01,226.0399932861328
2026-05-04,225.80999755859375
