date,close
2001-05-07,0.3585013449192047
2001-05-08,0.33256375789642334
2001-05-09,0.3169782757759094
2001-05-10,0.30632078647613525
2001-05-11,0.2984895408153534
2001-05-14,0.30104926228523254
2001-05-15,0.31185993552207947
2001-05-16,0.32656610012054443
2001-05-17,0.3323344588279724
2001-05-18,0.32966020703315735
2001-05-21,0.34455806016921997
2001-05-22,0.35487180948257446
2001-05-23,0.35185468196868896
2001-05-24,0.3570491373538971
2001-05-25,0.3502877354621887
2001-05-29,0.335925430059433
2001-05-30,0.32966020703315735
2001-05-31,0.3270244598388672
2001-06-01,0.34513092041015625
2001-06-04,0.33978331089019775
2001-06-05,0.3576221168041229
2001-06-06,0.3591504693031311
2001-06-07,0.3794342279434204
2001-06-08,0.36957892775535583
2001-06-11,0.358768105506897
2001-06-12,0.37072479724884033
2001-06-13,0.3582722842693329
2001-06-14,0.3575076460838318
2001-06-15,0.36308521032333374
2001-06-18,0.348721981048584
2001-06-19,0.32966020703315735
2001-06-20,0.34383276104927063
2001-06-21,0.3503262996673584
2001-06-22,0.3487604856491089
2001-06-25,0.34807294607162476
2001-06-26,0.3581189811229706
2001-06-27,0.3470415472984314
2001-06-28,0.35112857818603516
2001-06-29,0.3542988896369934
2001-07-02,0.33859890699386597
2001-07-03,0.34291598200798035
2001-07-05,0.3180482089519501
2001-07-06,0.3082689344882965
2001-07-09,0.29818427562713623
2001-07-10,0.3006294369697571
2001-07-11,0.3000563681125641
2001-07-12,0.3157939016819
2001-07-13,0.3092617690563202
2001-07-16,0.28439393639564514
2001-07-17,0.30028554797172546
2001-07-18,0.2898946702480316
2001-07-19,0.29455557465553284
2001-07-20,0.28607532382011414
2001-07-23,0.25899168848991394
2001-07-24,0.27652508020401
2001-07-25,0.2738509476184845
2001-07-26,0.3017752766609192
2001-07-27,0.3094148635864258
2001-07-30,0.3020421266555786
2001-07-31,0.3090325891971588
2001-08-01,0.3279035687446594
2001-08-02,0.33569642901420593
2001-08-03,0.3330606520175934
2001-08-06,0.3431451618671417
2001-08-07,0.3380643427371979
2001-08-08,0.3294696807861328
2001-08-09,0.32370102405548096
2001-08-10,0.32331979274749756
2001-08-13,0.3368799686431885
2001-08-14,0.32794126868247986
2001-08-15,0.3283235430717468
2001-08-16,0.3421514630317688
2001-08-17,0.31999635696411133
2001-08-20,0.3177805542945862
2001-08-21,0.31109538674354553
2001-08-22,0.3238928020000458
2001-08-23,0.3167106807231903
2001-08-24,0.32576388120651245
2001-08-27,0.3370330333709717
2001-08-28,0.33263975381851196
2001-08-29,0.32194453477859497
2001-08-30,0.32091328501701355
2001-08-31,0.3235865533351898
2001-09-04,0.30108779668807983
2001-09-05,0.3075052499771118
2001-09-06,0.2949369549751282
2001-09-07,0.298031210899353
2001-09-10,0.28939884901046753
2001-09-17,0.2596794068813324
2001-09-18,0.2440178245306015
2001-09-19,0.24103836715221405
2001-09-20,0.22063985466957092
2001-09-21,0.20604734122753143
2001-09-24,0.22919625043869019
2001-09-25,0.22025761008262634
2001-09-26,0.2123117595911026
2001-09-27,0.20054666697978973
2001-09-28,0.20986762642860413
2001-10-01,0.19206641614437103
2001-10-02,0.18244022130966187
2001-10-03,0.21834790706634521
2001-10-04,0.24669115245342255
2001-10-05,0.25135210156440735
2001-10-08,0.2570050358772278
2001-10-09,0.24585138261318207
2001-10-10,0.2616659700870514
2001-10-11,0.29000934958457947
2001-10-12,0.30888041853904724
2001-10-15,0.3075052499771118
2001-10-16,0.3384466767311096
2001-10-17,0.3185826539993286
2001-10-18,0.33202919363975525
2001-10-19,0.3389050364494324
2001-10-22,0.34692704677581787
2001-10-23,0.3408147096633911
2001-10-24,0.35586559772491455
2001-10-25,0.3767225444316864
2001-10-26,0.3498294949531555
2001-10-29,0.32140907645225525
2001-10-30,0.32087472081184387
2001-10-31,0.3274453282356262
2001-11-01,0.3554072678089142
2001-11-02,0.3603724539279938
2001-11-05,0.3616715967655182
2001-11-06,0.38650083541870117
2001-11-07,0.3868071734905243
2001-11-08,0.380083292722702
2001-11-09,0.4064410626888275
2001-11-12,0.41736629605293274
2001-11-13,0.4139283299446106
2001-11-14,0.4023924469947815
2001-11-15,0.4045313894748688
2001-11-16,0.4010173976421356
2001-11-19,0.3922307789325714
2001-11-20,0.3812294006347656
2001-11-21,0.3763403296470642
2001-11-23,0.381611704826355
2001-11-26,0.40888601541519165
2001-11-27,0.4132406413555145
2001-11-28,0.3923839330673218
2001-11-29,0.4095735549926758
2001-11-30,0.4174423813819885
2001-12-03,0.4111018776893616
2001-12-04,0.44418224692344666
2001-12-05,0.4800129234790802
2001-12-06,0.4724496603012085
2001-12-07,0.4580100178718567
2001-12-10,0.46259400248527527
2001-12-11,0.4791732430458069
2001-12-12,0.4940709173679352
2001-12-13,0.479860782623291
2001-12-14,0.5014809966087341
2001-12-17,0.5195115804672241
2001-12-18,0.5061413645744324
2001-12-19,0.4923137426376343
2001-12-20,0.47290775179862976
2001-12-21,0.4933832585811615
2001-12-24,0.5056828856468201
2001-12-26,0.518059492111206
2001-12-27,0.5300546884536743
2001-12-28,0.5172959566116333
2001-12-31,0.5111075043678284
2002-01-02,0.5141631960868835
2002-01-03,0.5478547811508179
2002-01-04,0.5318884253501892
2002-01-07,0.5176010727882385
2002-01-08,0.5237134099006653
2002-01-09,0.5165321826934814
2002-01-10,0.5041556358337402
2002-01-11,0.4818464517593384
2002-01-14,0.45655882358551025
2002-01-15,0.4991893470287323
2002-01-16,0.4797075092792511
2002-01-17,0.4965151250362396
2002-01-18,0.4874243438243866
2002-01-22,0.47519978880882263
2002-01-23,0.4841386377811432
2002-01-24,0.5014809966087341
2002-01-25,0.5001821517944336
2002-01-28,0.5194348692893982
2002-01-29,0.493993878364563
2002-01-30,0.499953031539917
2002-01-31,0.502244770526886
2002-02-01,0.4899452328681946
2002-02-04,0.4668726623058319
2002-02-05,0.4622887372970581
2002-02-06,0.4738248288631439
2002-02-07,0.4584684669971466
2002-02-08,0.4409734606742859
2002-02-11,0.46534445881843567
2002-02-12,0.47519978880882263
2002-02-13,0.46908852458000183
2002-02-14,0.4748944640159607
2002-02-15,0.43814703822135925
2002-02-19,0.4091152250766754
2002-02-20,0.43050646781921387
2002-02-21,0.40109333395957947
2002-02-22,0.3813824951648712
2002-02-25,0.4112541079521179
2002-02-26,0.4201926589012146
2002-02-27,0.4060595631599426
2002-02-28,0.3897095322608948
2002-03-01,0.42737478017807007
2002-03-04,0.4512113332748413
2002-03-05,0.45006534457206726
2002-03-06,0.43593117594718933
2002-03-07,0.4324171841144562
2002-03-08,0.44532841444015503
2002-03-11,0.440132737159729
2002-03-12,0.4170609712600708
2002-03-13,0.40949746966362
2002-03-14,0.3868071734905243
2002-03-15,0.4031560719013214
2002-03-18,0.4031560719013214
2002-03-19,0.3945997953414917
2002-03-20,0.3554072678089142
2002-03-21,0.3742772936820984
2002-03-22,0.3710686266422272
2002-03-25,0.35189229249954224
2002-03-26,0.35907435417175293
2002-03-27,0.34761446714401245
2002-03-28,0.3389050364494324
2002-04-01,0.33332738280296326
2002-04-02,0.32461798191070557
2002-04-03,0.3307301104068756
2002-04-04,0.32912567257881165
2002-04-05,0.3216385245323181
2002-04-08,0.33241063356399536
2002-04-09,0.31140151619911194
2002-04-10,0.29421180486679077
2002-04-11,0.28129979968070984
2002-04-12,0.28023096919059753
2002-04-15,0.2915375530719757
2002-04-16,0.30421948432922363
2002-04-17,0.30781057476997375
2002-04-18,0.302692174911499
2002-04-19,0.28206437826156616
2002-04-22,0.2834395468235016
2002-04-23,0.27197983860969543
2002-04-24,0.24814334511756897
2002-04-25,0.25776955485343933
2002-04-26,0.23202259838581085
2002-04-29,0.270680695772171
2002-04-30,0.2659437358379364
2002-05-01,0.2707568407058716
2002-05-02,0.2598322927951813
2002-05-03,0.2502061724662781
2002-05-06,0.24065597355365753
2002-05-07,0.24669115245342255
2002-05-08,0.2750356197357178
2002-05-09,0.26327043771743774
2002-05-10,0.24355950951576233
2002-05-13,0.2583041191101074
2002-05-14,0.2839740216732025
2002-05-15,0.2895508408546448
2002-05-16,0.2900862693786621
2002-05-17,0.2992541790008545
2002-05-20,0.3024628460407257
2002-05-21,0.2793901860713959
2002-05-22,0.2906968593597412
2002-05-23,0.2729727029800415
2002-05-24,0.26762503385543823
2002-05-28,0.2570050358772278
2002-05-29,0.26670822501182556
2002-05-30,0.26281213760375977
2002-05-31,0.25562983751296997
2002-06-03,0.2405797839164734
2002-06-04,0.25272729992866516
2002-06-05,0.24906021356582642
2002-06-06,0.24913625419139862
2002-06-07,0.24676817655563354
2002-06-10,0.2447054237127304
2002-06-11,0.2337041199207306
2002-06-12,0.21353475749492645
2002-06-13,0.21131888031959534
2002-06-14,0.21529129147529602
2002-06-17,0.2172018438577652
2002-06-18,0.2160559743642807
2002-06-19,0.1822110116481781
2002-06-20,0.18053047358989716
2002-06-21,0.1731191873550415
2002-06-24,0.17632797360420227
2002-06-25,0.161736398935318
2002-06-26,0.15333226323127747
2002-06-27,0.13048876821994781
2002-06-28,0.13125339150428772
2002-07-01,0.13094712793827057
2002-07-02,0.12269607186317444
2002-07-03,0.13331615924835205
2002-07-05,0.14508119225502014
2002-07-08,0.1494358479976654
2002-07-09,0.14210161566734314
2002-07-10,0.13820533454418182
2002-07-11,0.1522623747587204
2002-07-12,0.15211020410060883
2002-07-15,0.16723716259002686
2002-07-16,0.16272930800914764
2002-07-17,0.14890147745609283
2002-07-18,0.14508119225502014
2002-07-19,0.1385105848312378
2002-07-22,0.13209310173988342
2002-07-23,0.1222376897931099
2002-07-24,0.1300303190946579
2002-07-25,0.11505651473999023
2002-07-26,0.11238222569227219
2002-07-29,0.11551488935947418
2002-07-30,0.12391906976699829
2002-07-31,0.0845734030008316
2002-08-01,0.07647544890642166
2002-08-02,0.07143312692642212
2002-08-05,0.06570324301719666
2002-08-06,0.06914117187261581
2002-08-07,0.06753679364919662
2002-08-08,0.07196762412786484
2002-08-09,0.07028717547655106
2002-08-12,0.07028717547655106
2002-08-13,0.06883496046066284
2002-08-14,0.07349591702222824
2002-08-15,0.07861427962779999
2002-08-16,0.08166994899511337
2002-08-19,0.09664469957351685
2002-08-20,0.09236606955528259
2002-08-21,0.09725528210401535
2002-08-22,0.09397044032812119
2002-08-23,0.08778214454650879
2002-08-26,0.08846971392631531
2002-08-27,0.08342744410037994
2002-08-28,0.07823200523853302
2002-08-29,0.0792258083820343
2002-08-30,0.07716301828622818
2002-09-03,0.07242599129676819
2002-09-04,0.07196762412786484
2002-09-05,0.0692172572016716
2002-09-06,0.07074550539255142
2002-09-09,0.07066851854324341
2002-09-10,0.0807531550526619
2002-09-11,0.0847264975309372
2002-09-12,0.08205223083496094
2002-09-13,0.0807531550526619
2002-09-16,0.07563474774360657
2002-09-17,0.07448875904083252
2002-09-18,0.07242599129676819
2002-09-19,0.06998094916343689
2002-09-20,0.07036324590444565
2002-09-23,0.06730759888887405
2002-09-24,0.06784209609031677
2002-09-25,0.07158531248569489
2002-09-26,0.067765973508358
2002-09-27,0.0653970018029213
2002-09-30,0.0653970018029213
2002-10-01,0.06891196221113205
2002-10-02,0.06883496046066284
2002-10-03,0.06547403335571289
2002-10-04,0.06218826770782471
2002-10-07,0.059132616966962814
2002-10-08,0.05737514793872833
2002-10-09,0.05630617216229439
2002-10-10,0.05920872092247009
2002-10-11,0.06730759888887405
2002-10-14,0.0653209239244461
2002-10-15,0.07212069630622864
2002-10-16,0.0660846084356308
2002-10-17,0.07112693786621094
2002-10-18,0.07181448489427567
2002-10-21,0.07830902934074402
2002-10-22,0.08090625703334808
2002-10-23,0.08419107645750046
2002-10-24,0.07991337031126022
2002-10-25,0.08480264246463776
2002-10-28,0.08526096493005753
2002-10-29,0.0815177783370018
2002-10-30,0.08587245643138885
2002-10-31,0.0909147784113884
2002-11-01,0.1077222153544426
2002-11-04,0.11948731541633606
2002-11-05,0.11475121974945068
2002-11-06,0.12361284345388412
2002-11-07,0.11116015166044235
2002-11-08,0.08678929507732391
2002-11-11,0.08006557822227478
2002-11-12,0.08717063814401627
2002-11-13,0.0899210050702095
2002-11-14,0.09588009864091873
2002-11-15,0.10290908813476562
2002-11-18,0.10672934353351593
2002-11-19,0.10825668275356293
2002-11-20,0.11368130147457123
2002-11-21,0.12330752611160278
2002-11-22,0.1200987920165062
2002-11-25,0.12445353716611862
2002-11-26,0.12109167873859406
2002-11-27,0.13048876821994781
2002-11-29,0.13087104260921478
2002-12-02,0.12987811863422394
2002-12-03,0.12132087349891663
2002-12-04,0.10680543631315231
2002-12-05,0.10779830068349838
2002-12-06,0.10795141011476517
2002-12-09,0.09931804239749908
2002-12-10,0.10764610022306442
2002-12-11,0.10703461617231369
2002-12-12,0.1052771583199501
2002-12-13,0.10115162283182144
2002-12-16,0.10711070150136948
2002-12-17,0.1069585382938385
2002-12-18,0.09878358989953995
2002-12-19,0.09664469957351685
2002-12-20,0.09794288128614426
2002-12-23,0.09863047301769257
2002-12-24,0.09664469957351685
2002-12-26,0.09488720446825027
2002-12-27,0.09129617363214493
2002-12-30,0.08808746188879013
2002-12-31,0.08793523907661438
2003-01-02,0.09404656291007996
2003-01-03,0.09404656291007996
2003-01-06,0.10168702900409698
2003-01-07,0.10138082504272461
2003-01-08,0.09129617363214493
2003-01-09,0.09290055930614471
2003-01-10,0.09450491517782211
2003-01-13,0.0937412679195404
2003-01-14,0.09442881494760513
2003-01-15,0.09152539074420929
2003-01-16,0.0853370726108551
2003-01-17,0.08212833851575851
2003-01-21,0.08006557822227478
2003-01-22,0.0801425576210022
2003-01-23,0.08235751837491989
2003-01-24,0.0776975005865097
2003-01-27,0.07655154913663864
2003-01-28,0.0793018788099289
2003-01-29,0.08090625703334808
2003-01-30,0.07762143015861511
2003-01-31,0.07884348928928375
2003-02-03,0.08037176728248596
2003-02-04,0.07678072899580002
2003-02-05,0.07746834307909012
2003-02-06,0.07807980477809906
2003-02-07,0.0745648518204689
2003-02-10,0.07548163831233978
2003-02-11,0.07410648465156555
2003-02-12,0.07448875904083252
2003-02-13,0.0754055455327034
2003-02-14,0.09198378026485443
2003-02-18,0.09725528210401535
2003-02-19,0.09817205369472504
2003-02-20,0.09817205369472504
2003-02-21,0.09824905544519424
2003-02-24,0.09947111457586288
2003-02-25,0.09885964542627335
2003-02-26,0.09404656291007996
2003-02-27,0.09603320807218552
2003-02-28,0.09641547501087189
2003-03-03,0.09481114894151688
2003-03-04,0.09404656291007996
2003-03-05,0.09557481855154037
2003-03-06,0.09397044032812119
2003-03-07,0.09542171657085419
2003-03-10,0.09274838119745255
2003-03-11,0.09343595802783966
2003-03-12,0.09603320807218552
2003-03-13,0.10558333992958069
2003-03-14,0.10252675414085388
2003-03-17,0.10848592966794968
2003-03-18,0.10764610022306442
2003-03-19,0.10818060487508774
2003-03-20,0.1091734915971756
2003-03-21,0.10818060487508774
2003-03-24,0.10413115471601486
2003-03-25,0.10711070150136948
2003-03-26,0.11009025573730469
2003-03-27,0.1069585382938385
2003-03-28,0.10260380059480667
2003-03-31,0.0984012633562088
2003-04-01,0.10130472481250763
2003-04-02,0.10504794120788574
2003-04-03,0.10642314702272415
2003-04-04,0.1022975966334343
2003-04-07,0.10336748510599136
2003-04-08,0.1023746132850647
2003-04-09,0.10183922201395035
2003-04-10,0.1023746132850647
2003-04-11,0.10122863203287125
2003-04-14,0.10298517346382141
2003-04-15,0.10245071351528168
2003-04-16,0.10245071351528168
2003-04-17,0.10428428649902344
2003-04-21,0.1069585382938385
2003-04-22,0.10833372920751572
2003-04-23,0.11077786237001419
2003-04-24,0.10749302804470062
2003-04-25,0.10352059453725815
2003-04-28,0.10665234178304672
2003-04-29,0.10993809252977371
2003-04-30,0.10947968065738678
2003-05-01,0.11016730219125748
2003-05-02,0.12147396802902222
2003-05-05,0.12445353716611862
2003-05-06,0.12460661679506302
2003-05-07,0.12261998653411865
2003-05-08,0.12269607186317444
2003-05-09,0.16326381266117096
2003-05-12,0.1586798131465912
2003-05-13,0.15570031106472015
2003-05-14,0.15554815530776978
2003-05-15,0.1608957052230835
2003-05-16,0.1624240279197693
2003-05-19,0.1532561182975769
2003-05-20,0.15432509779930115
2003-05-21,0.1597498059272766
2003-05-22,0.16028425097465515
2003-05-23,0.1594444215297699
2003-05-27,0.17357765138149261
2003-05-28,0.1731191873550415
2003-05-29,0.18496130406856537
2003-05-30,0.1999351680278778
2003-06-02,0.18885762989521027
2003-06-03,0.19275400042533875
2003-06-04,0.19733792543411255
2003-06-05,0.20299172401428223
2003-06-06,0.1968035101890564
2003-06-09,0.19443444907665253
2003-06-10,0.19726186990737915
2003-06-11,0.19741405546665192
2003-06-12,0.19443444907665253
2003-06-13,0.17930756509304047
2003-06-16,0.1831277459859848
2003-06-17,0.1874825358390808
2003-06-18,0.19466368854045868
2003-06-19,0.18282246589660645
2003-06-20,0.1809118688106537
2003-06-23,0.17449435591697693
2003-06-24,0.17411305010318756
2003-06-25,0.1752590537071228
2003-06-26,0.1754881888628006
2003-06-27,0.1723555326461792
2003-06-30,0.17502982914447784
2003-07-01,0.1822110116481781
2003-07-02,0.1816764920949936
2003-07-03,0.17961369454860687
2003-07-07,0.19137881696224213
2003-07-08,0.1892399787902832
2003-07-09,0.19359461963176727
2003-07-10,0.18564888834953308
2003-07-11,0.18664179742336273
2003-07-14,0.18519055843353271
2003-07-15,0.17915533483028412
2003-07-16,0.17693942785263062
2003-07-17,0.16807690262794495
2003-07-18,0.1624240279197693
2003-07-21,0.1599789410829544
2003-07-22,0.16265322268009186
2003-07-23,0.16479209065437317
2003-07-24,0.1583745926618576
2003-07-25,0.1608957052230835
2003-07-28,0.1559295505285263
2003-07-29,0.14569270610809326
2003-07-30,0.14408829808235168
2003-07-31,0.1458449363708496
2003-08-01,0.1506580114364624
2003-08-04,0.15631182491779327
2003-08-05,0.15585343539714813
2003-08-06,0.14951199293136597
2003-08-07,0.14744919538497925
2003-08-08,0.11841833591461182
2003-08-11,0.12483581900596619
2003-08-12,0.12735696136951447
2003-08-13,0.12819677591323853
2003-08-14,0.12376590073108673
2003-08-15,0.12338365614414215
2003-08-18,0.12705077230930328
2003-08-19,0.13675400614738464
2003-08-20,0.13484349846839905
2003-08-21,0.1385105848312378
2003-08-22,0.1395043581724167
2003-08-25,0.13873973488807678
2003-08-26,0.13652491569519043
2003-08-27,0.14065037667751312
2003-08-28,0.13698327541351318
2003-08-29,0.13881677389144897
2003-09-02,0.1375938206911087
2003-09-03,0.13492044806480408
2003-09-04,0.1362186223268509
2003-09-05,0.14271315932273865
2003-09-08,0.1492828130722046
2003-09-09,0.15845069289207458
2003-09-10,0.1476024091243744
2003-09-11,0.14569270610809326
2003-09-12,0.1478315144777298
2003-09-15,0.14538642764091492
2003-09-16,0.1498943716287613
2003-09-17,0.1516517847776413
2003-09-18,0.15279777348041534
2003-09-19,0.15157485008239746
2003-09-22,0.14561569690704346
2003-09-23,0.14699089527130127
2003-09-24,0.13583725690841675
2003-09-25,0.13392667472362518
2003-09-26,0.12880828976631165
2003-09-29,0.12185630947351456
2003-09-30,0.12200844287872314
2003-10-01,0.12300226092338562
2003-10-02,0.12491191923618317
2003-10-03,0.12819677591323853
2003-10-06,0.12720386683940887
2003-10-07,0.1283499002456665
2003-10-08,0.12384205311536789
2003-10-09,0.1255994737148285
2003-10-10,0.1278153508901596
2003-10-13,0.1291135549545288
2003-10-14,0.13148248195648193
2003-10-15,0.12980112433433533
2003-10-16,0.13140559196472168
2003-10-17,0.12728001177310944
2003-10-20,0.13010740280151367
2003-10-21,0.13407975435256958
2003-10-22,0.1317877620458603
2003-10-23,0.13117633759975433
2003-10-24,0.1307179182767868
2003-10-27,0.13140559196472168
2003-10-28,0.13965657353401184
2003-10-29,0.13965657353401184
2003-10-30,0.1370593160390854
2003-10-31,0.13507264852523804
2003-11-03,0.1375938206911087
2003-11-04,0.13805222511291504
2003-11-05,0.1385876089334488
2003-11-06,0.13881677389144897
2003-11-07,0.1661672294139862
2003-11-10,0.16570886969566345
2003-11-11,0.1615832895040512
2003-11-12,0.1637222021818161
2003-11-13,0.1637992113828659
2003-11-14,0.15409593284130096
2003-11-17,0.15249159932136536
2003-11-18,0.15027658641338348
2003-11-19,0.15447823703289032
2003-11-20,0.15035273134708405
2003-11-21,0.1509641408920288
2003-11-24,0.16005511581897736
2003-11-25,0.16280536353588104
2003-11-26,0.1629585474729538
2003-11-28,0.16219478845596313
2003-12-01,0.16448676586151123
2003-12-02,0.1637992113828659
2003-12-03,0.1621178239583969
2003-12-04,0.16127799451351166
2003-12-05,0.1560826301574707
2003-12-08,0.15722855925559998
2003-12-09,0.1490536332130432
2003-12-10,0.1523393988609314
2003-12-11,0.16005511581897736
2003-12-12,0.15921521186828613
2003-12-15,0.15600652992725372
2003-12-16,0.15814535319805145
2003-12-17,0.15508973598480225
2003-12-18,0.1586037576198578
2003-12-19,0.16097186505794525
2003-12-22,0.16120103001594543
2003-12-23,0.16777163743972778
2003-12-24,0.16654956340789795
2003-12-26,0.173730731010437
2003-12-29,0.18106499314308167
2003-12-30,0.18144728243350983
2003-12-31,0.17724475264549255
2004-01-02,0.17632797360420227
2004-01-05,0.18205790221691132
2004-01-06,0.1894691437482834
2004-01-07,0.19114963710308075
2004-01-08,0.19183722138404846
2004-01-09,0.1945875585079193
2004-01-12,0.1968035101890564
2004-01-13,0.18664179742336273
2004-01-14,0.1852666139602661
2004-01-15,0.1855727732181549
2004-01-16,0.1883992999792099
2004-01-20,0.19367077946662903
2004-01-21,0.18473213911056519
2004-01-22,0.18045349419116974
2004-01-23,0.17640496790409088
2004-01-26,0.18335695564746857
2004-01-27,0.17288997769355774
2004-01-28,0.17243154346942902
2004-01-29,0.16738930344581604
2004-01-30,0.1699874848127365
2004-02-02,0.17273785173892975
2004-02-03,0.17212632298469543
2004-02-04,0.16746632754802704
2004-02-05,0.1699874848127365
2004-02-06,0.173883855342865
2004-02-09,0.17266084253787994
2004-02-10,0.17900222539901733
2004-02-11,0.1852666139602661
2004-02-12,0.17968980967998505
2004-02-13,0.17800933122634888
2004-02-17,0.17999513447284698
2004-02-18,0.17999513447284698
2004-02-19,0.17991903424263
2004-02-20,0.18442684412002563
2004-02-23,0.17800933122634888
2004-02-24,0.170904278755188
2004-02-25,0.17189720273017883
2004-02-26,0.1730431169271469
2004-02-27,0.1699874848127365
2004-03-01,0.1725086271762848
2004-03-02,0.16929991543293
2004-03-03,0.16708403825759888
2004-03-04,0.1707511991262436
2004-03-05,0.16952909529209137
2004-03-08,0.16364608705043793
2004-03-09,0.16250009834766388
2004-03-10,0.1601320207118988
2004-03-11,0.15890908241271973
2004-03-12,0.16227087378501892
2004-03-15,0.1586037576198578
2004-03-16,0.1654035747051239
2004-03-17,0.16945207118988037
2004-03-18,0.17136265337467194
2004-03-19,0.16937600076198578
2004-03-22,0.16807690262794495
2004-03-23,0.16876444220542908
2004-03-24,0.17632797360420227
2004-03-25,0.18656569719314575
2004-03-26,0.18603120744228363
2004-03-29,0.19405311346054077
2004-03-30,0.1998591125011444
2004-03-31,0.20169265568256378
2004-04-01,0.19810166954994202
2004-04-02,0.2009289711713791
2004-04-05,0.20811010897159576
2004-04-06,0.19970592856407166
2004-04-07,0.19863702356815338
2004-04-08,0.20428991317749023
2004-04-12,0.20047059655189514
2004-04-13,0.19580963253974915
2004-04-14,0.1968035101890564
2004-04-15,0.18648959696292877
2004-04-16,0.18037743866443634
2004-04-19,0.18014821410179138
2004-04-20,0.1725086271762848
2004-04-21,0.17273785173892975
2004-04-22,0.173730731010437
2004-04-23,0.17755095660686493
2004-04-26,0.170598104596138
2004-04-27,0.1691468060016632
2004-04-28,0.1684592217206955
2004-04-29,0.1637992113828659
2004-04-30,0.1567702293395996
2004-05-03,0.15478354692459106
2004-05-04,0.16463899612426758
2004-05-05,0.16601411998271942
2004-05-06,0.16738930344581604
2004-05-07,0.16868841648101807
2004-05-10,0.1621178239583969
2004-05-11,0.1660911738872528
2004-05-12,0.1637992113828659
2004-05-13,0.16433359682559967
2004-05-14,0.16433359682559967
2004-05-17,0.161736398935318
2004-05-18,0.16433359682559967
2004-05-19,0.1639513224363327
2004-05-20,0.1615832895040512
2004-05-21,0.16196562349796295
2004-05-24,0.16143019497394562
2004-05-25,0.1684592217206955
2004-05-26,0.17189720273017883
2004-05-27,0.17243154346942902
2004-05-28,0.17915533483028412
2004-06-01,0.17900222539901733
2004-06-02,0.1776271015405655
2004-06-03,0.16907064616680145
2004-06-04,0.16738930344581604
2004-06-07,0.17143873870372772
2004-06-08,0.16838312149047852
2004-06-09,0.16051346063613892
2004-06-10,0.15890908241271973
2004-06-14,0.15394379198551178
2004-06-15,0.1562356799840927
2004-06-16,0.15379074215888977
2004-06-17,0.1507350206375122
2004-06-18,0.1509641408920288
2004-06-21,0.14828994870185852
2004-06-22,0.15249159932136536
2004-06-23,0.15508973598480225
2004-06-24,0.15371455252170563
2004-06-25,0.1547074317932129
2004-06-28,0.15340833365917206
2004-06-29,0.1586798131465912
2004-06-30,0.15638788044452667
2004-07-01,0.14920677244663239
2004-07-02,0.14714398980140686
2004-07-06,0.1385105848312378
2004-07-07,0.13919822871685028
2004-07-08,0.13492044806480408
2004-07-09,0.1291135549545288
2004-07-12,0.1261340081691742
2004-07-13,0.12590475380420685
2004-07-14,0.12032798677682877
2004-07-15,0.11948731541633606
2004-07-16,0.11597327142953873
2004-07-19,0.11727235466241837
2004-07-20,0.11964046955108643
2004-07-21,0.11238222569227219
2004-07-22,0.11475121974945068
2004-07-23,0.11169462651014328
2004-07-26,0.1085629090666771
2004-07-27,0.11215300112962723
2004-07-28,0.10932659357786179
2004-07-29,0.11650776118040085
2004-07-30,0.1178068071603775
2004-08-02,0.1193351075053215
2004-08-03,0.1131468340754509
2004-08-04,0.11436889320611954
2004-08-05,0.11123622953891754
2004-08-06,0.07204367965459824
2004-08-09,0.07525244355201721
2004-08-10,0.08121152967214584
2004-08-11,0.07884348928928375
2004-08-12,0.07700993865728378
2004-08-13,0.08021868020296097
2004-08-16,0.07945498824119568
2004-08-17,0.08380971103906631
2004-08-18,0.08938653022050858
2004-08-19,0.08908121287822723
2004-08-20,0.09435272961854935
2004-08-23,0.09641547501087189
2004-08-24,0.09282444417476654
2004-08-25,0.09679686278104782
2004-08-26,0.09702608734369278
2004-08-27,0.09885964542627335
2004-08-30,0.09557481855154037
2004-08-31,0.09519250690937042
2004-09-01,0.09702608734369278
2004-09-02,0.10099943727254868
2004-09-03,0.09794288128614426
2004-09-07,0.0961093157529831
2004-09-08,0.09412354230880737
2004-09-09,0.10352059453725815
2004-09-10,0.10749302804470062
2004-09-13,0.10955578088760376
2004-09-14,0.11001419275999069
2004-09-15,0.10390197485685349
2004-09-16,0.10779830068349838
2004-09-17,0.11223005503416061
2004-09-20,0.11207694560289383
2004-09-21,0.11505651473999023
2004-09-22,0.10970889031887054
2004-09-23,0.11070174723863602
2004-09-24,0.10733991116285324
2004-09-27,0.1054302528500557
2004-09-28,0.1069585382938385
2004-09-29,0.10955578088760376
2004-09-30,0.11093093454837799
2004-10-01,0.11551488935947418
2004-10-04,0.11879970878362656
2004-10-05,0.11612638086080551
2004-10-06,0.11658480763435364
2004-10-07,0.11727235466241837
2004-10-08,0.11085488647222519
2004-10-11,0.11100708693265915
2004-10-12,0.10940268635749817
2004-10-13,0.10871509462594986
2004-10-14,0.1054302528500557
2004-10-15,0.10252675414085388
2004-10-18,0.10436036437749863
2004-10-19,0.10367275774478912
2004-10-20,0.10489578545093536
2004-10-21,0.10726381838321686
2004-10-22,0.10145781934261322
2004-10-25,0.10191623121500015
2004-10-26,0.11070174723863602
2004-10-27,0.11375740170478821
2004-10-28,0.11253535002470016
2004-10-29,0.11054868251085281
2004-11-01,0.11291762441396713
2004-11-02,0.11452201008796692
2004-11-03,0.11559096723794937
2004-11-04,0.11773078888654709
2004-11-05,0.1347673535346985
2004-11-08,0.1362186223268509
2004-11-09,0.135378897190094
2004-11-10,0.135378897190094
2004-11-11,0.13805222511291504
2004-11-12,0.1382814198732376
2004-11-15,0.14034417271614075
2004-11-16,0.139885812997818
2004-11-17,0.1422547996044159
2004-11-18,0.14408829808235168
2004-11-19,0.14485198259353638
2004-11-22,0.14897751808166504
2004-11-23,0.14958901703357697
2004-11-24,0.15019962191581726
2004-11-26,0.15172787010669708
2004-11-29,0.14874830842018127
2004-11-30,0.1461510807275772
2004-12-01,0.14981818199157715
2004-12-02,0.15180400013923645
2004-12-03,0.1583745926618576
2004-12-06,0.16593804955482483
2004-12-07,0.17426526546478271
2004-12-08,0.17632797360420227
2004-12-09,0.17472364008426666
2004-12-10,0.17808543145656586
2004-12-13,0.17319625616073608
2004-12-14,0.17671024799346924
2004-12-15,0.178314670920372
2004-12-16,0.1806827038526535
2004-12-17,0.17617583274841309
2004-12-20,0.17426526546478271
2004-12-21,0.17556428909301758
2004-12-22,0.17579343914985657
2004-12-23,0.1762518733739853
2004-12-27,0.17472364008426666
2004-12-28,0.1738068163394928
2004-12-29,0.1753351241350174
2004-12-30,0.17464745044708252
2004-12-31,0.17999513447284698
2005-01-03,0.18014821410179138
2005-01-04,0.17166800796985626
2005-01-05,0.17327234148979187
2005-01-06,0.1715918779373169
2005-01-07,0.16830609738826752
2005-01-10,0.16868841648101807
2005-01-11,0.16349296271800995
2005-01-12,0.1621178239583969
2005-01-13,0.1637992113828659
2005-01-14,0.16433359682559967
2005-01-18,0.1669308990240097
2005-01-19,0.1631116420030594
2005-01-20,0.16349296271800995
2005-01-21,0.1637992113828659
2005-01-24,0.15722855925559998
2005-01-25,0.1599789410829544
2005-01-26,0.16204169392585754
2005-01-27,0.17502982914447784
2005-01-28,0.1748005747795105
2005-01-31,0.17510588467121124
2005-02-01,0.17839080095291138
2005-02-02,0.18832315504550934
2005-02-03,0.18633654713630676
2005-02-04,0.1970326155424118
2005-02-07,0.19466368854045868
2005-02-08,0.19657428562641144
2005-02-09,0.18969827890396118
2005-02-10,0.19412919878959656
2005-02-11,0.19978298246860504
2005-02-14,0.19558045268058777
2005-02-15,0.19733792543411255
2005-02-16,0.19665032625198364
2005-02-17,0.19489283859729767
2005-02-18,0.21597889065742493
2005-02-22,0.21872930228710175
2005-02-23,0.2116241604089737
2005-02-24,0.2172018438577652
2005-02-25,0.22033368051052094
2005-02-28,0.2214796543121338
2005-03-01,0.22094513475894928
2005-03-02,0.21445152163505554
2005-03-03,0.21154813468456268
2005-03-04,0.2106313705444336
2005-03-07,0.21277019381523132
2005-03-08,0.20199795067310333
2005-03-09,0.196726456284523
2005-03-10,0.19665032625198364
2005-03-11,0.1922195553779602
2005-03-14,0.1976432353258133
2005-03-15,0.19367077946662903
2005-03-16,0.19038590788841248
2005-03-17,0.1884753555059433
2005-03-18,0.18465600907802582
2005-03-21,0.19099648296833038
2005-03-22,0.18755857646465302
2005-03-23,0.1916080266237259
2005-03-24,0.19199033081531525
2005-03-28,0.18985062837600708
2005-03-29,0.18564888834953308
2005-03-30,0.18564888834953308
2005-03-31,0.1815234124660492
2005-04-01,0.17976590991020203
2005-04-04,0.1786969006061554
2005-04-05,0.17556428909301758
2005-04-06,0.17823852598667145
2005-04-07,0.1815234124660492
2005-04-08,0.17915533483028412
2005-04-11,0.17564034461975098
2005-04-12,0.1777801364660263
2005-04-13,0.17036890983581543
2005-04-14,0.1689937263727188
2005-04-15,0.1631116420030594
2005-04-18,0.16196562349796295
2005-04-19,0.1676184982061386
2005-04-20,0.16250009834766388
2005-04-21,0.17151489853858948
2005-04-22,0.1699105054140091
2005-04-25,0.17258474230766296
2005-04-26,0.17182104289531708
2005-04-27,0.1652505099773407
2005-04-28,0.16578496992588043
2005-04-29,0.16754236817359924
2005-05-02,0.1669308990240097
2005-05-03,0.16601411998271942
2005-05-04,0.17128564417362213
2005-05-05,0.17464745044708252
2005-05-06,0.17701555788516998
2005-05-09,0.18030133843421936
2005-05-10,0.17327234148979187
2005-05-11,0.17036890983581543
2005-05-12,0.17411305010318756
2005-05-13,0.19351768493652344
2005-05-16,0.19420525431632996
2005-05-17,0.1963450163602829
2005-05-18,0.1977963149547577
2005-05-19,0.19741405546665192
2005-05-20,0.2009289711713791
2005-05-23,0.20558905601501465
2005-05-24,0.20849250257015228
2005-05-25,0.20581817626953125
2005-05-26,0.2116241604089737
2005-05-27,0.21024902164936066
2005-05-31,0.20704026520252228
2005-06-01,0.20895081758499146
2005-06-02,0.21674349904060364
2005-06-03,0.21620814502239227
2005-06-06,0.21414531767368317
2005-06-07,0.20895081758499146
2005-06-08,0.20749862492084503
2005-06-09,0.21620814502239227
2005-06-10,0.21376393735408783
2005-06-13,0.21850013732910156
2005-06-14,0.20558905601501465
2005-06-15,0.20497749745845795
2005-06-16,0.20604734122753143
2005-06-17,0.20558905601501465
2005-06-20,0.20872163772583008
2005-06-21,0.21070744097232819
2005-06-22,0.21047824621200562
2005-06-23,0.21376393735408783
2005-06-24,0.2069641649723053
2005-06-27,0.20528368651866913
2005-06-28,0.20658189058303833
2005-06-29,0.20467223227024078
2005-06-30,0.2041376531124115
2005-07-01,0.20505446195602417
2005-07-05,0.20826326310634613
2005-07-06,0.21384012699127197
2005-07-07,0.2123117595911026
2005-07-08,0.21498605608940125
2005-07-11,0.21819476783275604
2005-07-12,0.2169727087020874
2005-07-13,0.21727797389030457
2005-07-14,0.20765171945095062
2005-07-15,0.20543590188026428
2005-07-18,0.20031748712062836
2005-07-19,0.2030678242444992
2005-07-20,0.2061234563589096
2005-07-21,0.20260944962501526
2005-07-22,0.19733792543411255
2005-07-25,0.1984839290380478
2005-07-26,0.20260944962501526
2005-07-27,0.20673497021198273
2005-07-28,0.20833934843540192
2005-07-29,0.20673497021198273
2005-08-01,0.20986762642860413
2005-08-02,0.21269407868385315
2005-08-03,0.21269407868385315
2005-08-04,0.21047824621200562
2005-08-05,0.21582671999931335
2005-08-08,0.21659041941165924
2005-08-09,0.2160559743642807
2005-08-10,0.21284718811511993
2005-08-11,0.21582671999931335
2005-08-12,0.22881388664245605
2005-08-15,0.2346208244562149
2005-08-16,0.23064753413200378
2005-08-17,0.23064753413200378
2005-08-18,0.22468838095664978
2005-08-19,0.22308401763439178
2005-08-22,0.22125039994716644
2005-08-23,0.22270263731479645
2005-08-24,0.22285479307174683
2005-08-25,0.22438310086727142
2005-08-26,0.22094513475894928
2005-08-29,0.22132743895053864
2005-08-30,0.22927232086658478
2005-08-31,0.23439161479473114
2005-09-01,0.23446761071681976
2005-09-02,0.23064753413200378
2005-09-06,0.23255807161331177
2005-09-07,0.23996835947036743
2005-09-08,0.24279479682445526
2005-09-09,0.24592748284339905
2005-09-12,0.24508678913116455
2005-09-13,0.2524980306625366
2005-09-14,0.24944160878658295
2005-09-15,0.2538733184337616
2005-09-16,0.25402551889419556
2005-09-19,0.250435471534729
2005-09-20,0.2553245723247528
2005-09-21,0.2531087398529053
2005-09-22,0.24630984663963318
2005-09-23,0.24989984929561615
2005-09-26,0.2519626319408417
2005-09-27,0.25280341506004333
2005-09-28,0.2543316185474396
2005-09-29,0.25960320234298706
2005-09-30,0.26189523935317993
2005-10-03,0.2690763771533966
2005-10-04,0.26556217670440674
2005-10-05,0.256775826215744
2005-10-06,0.25585901737213135
2005-10-07,0.25257420539855957
2005-10-10,0.24615687131881714
2005-10-11,0.24310116469860077
2005-10-12,0.24600361287593842
2005-10-13,0.2447054237127304
2005-10-14,0.2447054237127304
2005-10-17,0.24707351624965668
2005-10-18,0.2430240362882614
2005-10-19,0.24096131324768066
2005-10-20,0.24264270067214966
2005-10-21,0.2440178245306015
2005-10-24,0.25066450238227844
2005-10-25,0.25226891040802
2005-10-26,0.2453930526971817
2005-10-27,0.24027375876903534
2005-10-28,0.24768494069576263
2005-10-31,0.2563173770904541
2005-11-01,0.2531856894493103
2005-11-02,0.26785436272621155
2005-11-03,0.2647216022014618
2005-11-04,0.26021379232406616
2005-11-07,0.2590678036212921
2005-11-08,0.25425460934638977
2005-11-09,0.265714555978775
2005-11-10,0.25585901737213135
2005-11-11,0.2600615620613098
2005-11-14,0.26556217670440674
2005-11-15,0.2661728858947754
2005-11-16,0.2652560770511627
2005-11-17,0.27702203392982483
2005-11-18,0.27648666501045227
2005-11-21,0.28137680888175964
2005-11-22,0.28886324167251587
2005-11-23,0.28802353143692017
2005-11-25,0.2908500134944916
2005-11-28,0.28939884901046753
2005-11-29,0.2710629999637604
2005-11-30,0.2761814594268799
2005-12-01,0.2794662117958069
2005-12-02,0.2795431613922119
2005-12-05,0.2743479013442993
2005-12-06,0.27549389004707336
2005-12-07,0.2759522795677185
2005-12-08,0.2737363576889038
2005-12-09,0.27763262391090393
2005-12-12,0.2816821336746216
2005-12-13,0.2853492200374603
2005-12-14,0.28267502784729004
2005-12-15,0.2790849208831787
2005-12-16,0.2815290689468384
2005-12-19,0.2768690288066864
2005-12-20,0.2767159938812256
2005-12-21,0.2761814594268799
2005-12-22,0.2845856845378876
2005-12-23,0.28680065274238586
2005-12-27,0.28855806589126587
2005-12-28,0.29123231768608093
2005-12-29,0.28473782539367676
2005-12-30,0.2793140709400177
2006-01-03,0.29199597239494324
2006-01-04,0.3001708686351776
2006-01-05,0.3069697320461273
2006-01-06,0.3120121359825134
2006-01-09,0.3207215666770935
2006-01-10,0.32079869508743286
2006-01-11,0.33241063356399536
2006-01-12,0.32767438888549805
2006-01-13,0.32477113604545593
2006-01-17,0.32454174757003784
2006-01-18,0.32622230052948
2006-01-19,0.34432870149612427
2006-01-20,0.334702730178833
2006-01-23,0.33661308884620667
2006-01-24,0.3382936120033264
2006-01-25,0.3353140950202942
2006-01-26,0.3467739224433899
2006-01-27,0.3533443808555603
2006-01-30,0.3493711054325104
2006-01-31,0.3434889018535614
2006-02-01,0.3437182903289795
2006-02-02,0.33325135707855225
2006-02-03,0.33630695939064026
2006-02-06,0.3457808792591095
2006-02-07,0.33348044753074646
2006-02-08,0.3431066572666168
2006-02-09,0.33730077743530273
2006-02-10,0.33539021015167236
2006-02-13,0.33653607964515686
2006-02-14,0.33714765310287476
2006-02-15,0.34364116191864014
2006-02-16,0.3606017529964447
2006-02-17,0.36266449093818665
2006-02-21,0.35494887828826904
2006-02-22,0.35433730483055115
2006-02-23,0.34891268610954285
2006-02-24,0.3488366901874542
2006-02-27,0.3629707098007202
2006-02-28,0.3600672483444214
2006-03-01,0.3737429678440094
2006-03-02,0.3742772936820984
2006-03-03,0.3755764663219452
2006-03-06,0.37481194734573364
2006-03-07,0.3683944046497345
2006-03-08,0.3665609061717987
2006-03-09,0.3684714734554291
2006-03-10,0.36205393075942993
2006-03-13,0.36640867590904236
2006-03-14,0.37656930088996887
2006-03-15,0.38260453939437866
2006-03-16,0.3696173429489136
2006-03-17,0.3725969195365906
2006-03-20,0.36976951360702515
2006-03-21,0.38802921772003174
2006-03-22,0.3768746852874756
2006-03-23,0.3839036524295807
2006-03-24,0.3968917727470398
2006-03-27,0.4075869023799896
2006-03-28,0.413852334022522
2006-03-29,0.43608421087265015
2006-03-30,0.4390638768672943
2006-03-31,0.4374595284461975
2006-04-03,0.44234874844551086
2006-04-04,0.4630523920059204
2006-04-05,0.4667965769767761
2006-04-06,0.46771329641342163
2006-04-07,0.4664902985095978
2006-04-10,0.45839250087738037
2006-04-11,0.44723787903785706
2006-04-12,0.46526819467544556
2006-04-13,0.4522801339626312
2006-04-17,0.45350325107574463
2006-04-18,0.44280698895454407
2006-04-19,0.44555744528770447
2006-04-20,0.4449458122253418
2006-04-21,0.42890211939811707
2006-04-24,0.44204336404800415
2006-04-25,0.4417371451854706
2006-04-26,0.4386814832687378
2006-04-27,0.44571056962013245
2006-04-28,0.44647419452667236
2006-05-01,0.4721441864967346
2006-05-02,0.4715326726436615
2006-05-03,0.474589079618454
2006-05-04,0.4715326726436615
2006-05-05,0.47795018553733826
2006-05-08,0.4758111536502838
2006-05-09,0.46129587292671204
2006-05-10,0.45105814933776855
2006-05-11,0.4350143373012543
2006-05-12,0.4023154675960541
2006-05-15,0.40812233090400696
2006-05-16,0.3974262475967407
2006-05-17,0.3813824951648712
2006-05-18,0.3641166687011719
2006-05-19,0.37175610661506653
2006-05-22,0.36671391129493713
2006-05-23,0.3627414405345917
2006-05-24,0.3674776256084442
2006-05-25,0.36549195647239685
2006-05-26,0.3662554919719696
2006-05-30,0.3509754538536072
2006-05-31,0.35112857818603516
2006-06-01,0.36946427822113037
2006-06-02,0.3641166687011719
2006-06-05,0.3488366901874542
2006-06-06,0.33951568603515625
2006-06-07,0.3334043323993683
2006-06-08,0.32729217410087585
2006-06-09,0.32622230052948
2006-06-12,0.30819281935691833
2006-06-13,0.30345574021339417
2006-06-14,0.31231826543807983
2006-06-15,0.33966875076293945
2006-06-16,0.33095934987068176
2006-06-19,0.32102781534194946
2006-06-20,0.31598544120788574
2006-06-21,0.3194996118545532
2006-06-22,0.3101785480976105
2006-06-23,0.31033164262771606
2006-06-26,0.30742818117141724
2006-06-27,0.29764989018440247
2006-06-28,0.3141518831253052
2006-06-29,0.3283621072769165
2006-06-30,0.3253055512905121
2006-07-03,0.33004260063171387
2006-07-05,0.3152209222316742
2006-07-06,0.30544236302375793
2006-07-07,0.2959684133529663
2006-07-10,0.28313350677490234
2006-07-11,0.2926074266433716
2006-07-12,0.278549462556839
2006-07-13,0.2713683843612671
2006-07-14,0.2699931263923645
2006-07-17,0.272132009267807
2006-07-18,0.2869536280632019
2006-07-19,0.29948341846466064
2006-07-20,0.29352429509162903
2006-07-21,0.27152135968208313
2006-07-24,0.2988716959953308
2006-07-25,0.3094148635864258
2006-07-26,0.3094148635864258
2006-07-27,0.3138456642627716
2006-07-28,0.34639161825180054
2006-07-31,0.3382936120033264
2006-08-01,0.324694961309433
2006-08-02,0.349600225687027
2006-08-03,0.37160319089889526
2006-08-04,0.3665609061717987
2006-08-07,0.3622831106185913
2006-08-08,0.37190937995910645
2006-08-09,0.37175610661506653
2006-08-10,0.3691590130329132
2006-08-11,0.3575461208820343
2006-08-14,0.35571250319480896
2006-08-15,0.3899388313293457
2006-08-16,0.4179006814956665
2006-08-17,0.4113311171531677
2006-08-18,0.4180538058280945
2006-08-21,0.40262168645858765
2006-08-22,0.40201011300086975
2006-08-23,0.4017048478126526
2006-08-24,0.405830442905426
2006-08-25,0.4046074151992798
2006-08-28,0.418512225151062
2006-08-29,0.4374595284461975
2006-08-30,0.44647419452667236
2006-08-31,0.4447937309741974
2006-09-01,0.4261517822742462
2006-09-05,0.43547293543815613
2006-09-06,0.4136229455471039
2006-09-07,0.42187413573265076
2006-09-08,0.4232492744922638
2006-09-11,0.4298190474510193
2006-09-12,0.4411265552043915
2006-09-13,0.4446406066417694
2006-09-14,0.4429602026939392
2006-09-15,0.4516695737838745
2006-09-18,0.46878230571746826
2006-09-19,0.45655882358551025
2006-09-20,0.4732140600681305
2006-09-21,0.4693939685821533
2006-09-22,0.4554888904094696
2006-09-25,0.4718387722969055
2006-09-26,0.46190643310546875
2006-09-27,0.4605312943458557
2006-09-28,0.45182180404663086
2006-09-29,0.4521280527114868
2006-10-02,0.4406682550907135
2006-10-03,0.4324171841144562
2006-10-04,0.4748944640159607
2006-10-05,0.4614480137825012
2006-10-06,0.47260263562202454
2006-10-09,0.5030094385147095
2006-10-10,0.49154970049858093
2006-10-11,0.4942999482154846
2006-10-12,0.4962857663631439
2006-10-13,0.5159967541694641
2006-10-16,0.5150799751281738
2006-10-17,0.4953690469264984
2006-10-18,0.48222875595092773
2006-10-19,0.4913967549800873
2006-10-20,0.4857427477836609
2006-10-23,0.4825340509414673
2006-10-24,0.49659207463264465
2006-10-25,0.5011759996414185
2006-10-26,0.5170665979385376
2006-10-27,0.4947584271430969
2006-10-30,0.50071781873703
2006-10-31,0.5328049659729004
2006-11-01,0.4917020797729492
2006-11-02,0.48834094405174255
2006-11-03,0.4981195330619812
2006-11-06,0.5132464170455933
2006-11-07,0.5210390686988831
2006-11-08,0.5286796689033508
2006-11-09,0.5392224788665771
2006-11-10,0.5262344479560852
2006-11-13,0.5500712394714355
2006-11-14,0.5555714964866638
2006-11-15,0.5464036464691162
2006-11-16,0.5534328818321228
2006-11-17,0.5549598336219788
2006-11-20,0.5601553916931152
2006-11-21,0.5514460802078247
2006-11-22,0.5609193444252014
2006-11-24,0.5650449991226196
2006-11-27,0.5395280122756958
2006-11-28,0.5496124029159546
2006-11-29,0.5577103495597839
2006-11-30,0.5651979446411133
2006-12-01,0.5430418252944946
2006-12-04,0.5650449991226196
2006-12-05,0.559238851070404
2006-12-06,0.5584750175476074
2006-12-07,0.5450286865234375
2006-12-08,0.5431948304176331
2006-12-11,0.552515983581543
2006-12-12,0.546862006187439
2006-12-13,0.5532797574996948
2006-12-14,0.5630590319633484
2006-12-15,0.5729904770851135
2006-12-18,0.5829220414161682
2006-12-19,0.5913260579109192
2006-12-20,0.5846033096313477
2006-12-21,0.579561173915863
2006-12-22,0.5658091306686401
2006-12-26,0.5656564235687256
2006-12-27,0.5731436014175415
2006-12-28,0.5690183043479919
2006-12-29,0.5655031204223633
2007-01-03,0.5512929558753967
2007-01-04,0.5486958026885986
2007-01-05,0.5143164992332458
2007-01-08,0.5181365609169006
2007-01-09,0.5080519318580627
2007-01-10,0.5331104397773743
2007-01-11,0.5311234593391418
2007-01-12,0.5383058786392212
2007-01-16,0.5392224788665771
2007-01-17,0.5279146432876587
2007-01-18,0.48421555757522583
2007-01-19,0.487118124961853
2007-01-22,0.487118124961853
2007-01-23,0.48727133870124817
2007-01-24,0.502397894859314
2007-01-25,0.48482608795166016
2007-01-26,0.4808535873889923
2007-01-29,0.46114271879196167
2007-01-30,0.4700053036212921
2007-01-31,0.4683240056037903
2007-02-01,0.4742830693721771
2007-02-02,0.4866597652435303
2007-02-05,0.4946054220199585
2007-02-06,0.512177586555481
2007-02-07,0.5321936011314392
2007-02-08,0.5253177285194397
2007-02-09,0.4988841116428375
2007-02-12,0.5098854899406433
2007-02-13,0.5195115804672241
2007-02-14,0.5126356482505798
2007-02-15,0.5156911015510559
2007-02-16,0.499953031539917
2007-02-20,0.5043847560882568
2007-02-21,0.4968973994255066
2007-02-22,0.500106155872345
2007-02-23,0.4988841116428375
2007-02-26,0.4912436008453369
2007-02-27,0.47642290592193604
2007-02-28,0.47367238998413086
2007-03-01,0.467865526676178
2007-03-02,0.4548783302307129
2007-03-05,0.43944525718688965
2007-03-06,0.4654213488101959
2007-03-07,0.4522801339626312
2007-03-08,0.47092220187187195
2007-03-09,0.4661851227283478
2007-03-12,0.4634348154067993
2007-03-13,0.4438769221305847
2007-03-14,0.4417371451854706
2007-03-15,0.43730637431144714
2007-03-16,0.4331808388233185
2007-03-19,0.4353196918964386
2007-03-20,0.4331808388233185
2007-03-21,0.4579341411590576
2007-03-22,0.46801862120628357
2007-03-23,0.46282318234443665
2007-03-26,0.46373993158340454
2007-03-27,0.455030620098114
2007-03-28,0.44632112979888916
2007-03-29,0.438528448343277
2007-03-30,0.4397515058517456
2007-04-02,0.43929311633110046
2007-04-03,0.4376116096973419
2007-04-04,0.43669483065605164
2007-04-05,0.4721441864967346
2007-04-09,0.4635879099369049
2007-04-10,0.45885083079338074
2007-04-11,0.4505997598171234
2007-04-12,0.4634348154067993
2007-04-13,0.46725502610206604
2007-04-16,0.4648098051548004
2007-04-17,0.4692407548427582
2007-04-18,0.4750477373600006
2007-04-19,0.48161736130714417
2007-04-20,0.48727133870124817
2007-04-23,0.4793253540992737
2007-04-24,0.49735578894615173
2007-04-25,0.5059121251106262
2007-04-26,0.512177586555481
2007-04-27,0.5053014159202576
2007-04-30,0.502551257610321
2007-05-01,0.5078986883163452
2007-05-02,0.5019397735595703
2007-05-03,0.511413037776947
2007-05-04,0.5150799751281738
2007-05-07,0.5048431754112244
2007-05-08,0.5086623430252075
2007-05-09,0.5109544396400452
2007-05-10,0.5014809966087341
2007-05-11,0.5369306802749634
2007-05-14,0.5315821170806885
2007-05-15,0.5268458127975464
2007-05-16,0.5335686206817627
2007-05-17,0.524706244468689
2007-05-18,0.5350968241691589
2007-05-21,0.5367778539657593
2007-05-22,0.5396808981895447
2007-05-23,0.5253177285194397
2007-05-24,0.506370484828949
2007-05-25,0.5143164992332458
2007-05-29,0.519817054271698
2007-05-30,0.5210390686988831
2007-05-31,0.5292901992797852
2007-06-01,0.532957136631012
2007-06-04,0.5358608365058899
2007-06-05,0.5517513155937195
2007-06-06,0.5558768510818481
2007-06-07,0.5499178171157837
2007-06-08,0.5584750175476074
2007-06-11,0.5604610443115234
2007-06-12,0.5546550154685974
2007-06-13,0.567948043346405
2007-06-14,0.5780326128005981
2007-06-15,0.6043145656585693
2007-06-18,0.6046196818351746
2007-06-19,0.6084399819374084
2007-06-20,0.609050452709198
2007-06-21,0.6567233204841614
2007-06-22,0.6665027141571045
2007-06-25,0.6489303708076477
2007-06-26,0.6188297271728516
2007-06-27,0.6354849934577942
2007-06-28,0.6415963768959045
2007-06-29,0.6312065124511719
2007-07-02,0.6574879884719849
2007-07-03,0.6585569381713867
2007-07-05,0.665585458278656
2007-07-06,0.6687944531440735
2007-07-09,0.6881999969482422
2007-07-10,0.694922924041748
2007-07-11,0.6918673515319824
2007-07-12,0.7051606178283691
2007-07-13,0.700882077217102
2007-07-16,0.7135641574859619
2007-07-17,0.710508406162262
2007-07-18,0.6975201368331909
2007-07-19,0.6967564225196838
2007-07-20,0.6891171336174011
2007-07-23,0.6959925889968872
2007-07-24,0.6776570677757263
2007-07-25,0.6744484901428223
2007-07-26,0.6778091192245483
2007-07-27,0.6761286854743958
2007-07-30,0.6950761675834656
2007-07-31,0.6992013454437256
2007-08-01,0.6940061450004578
2007-08-02,0.6909503936767578
2007-08-03,0.6500003933906555
2007-08-06,0.655501127243042
2007-08-07,0.6658909320831299
2007-08-08,0.6966032981872559
2007-08-09,0.7048545479774475
2007-08-10,0.6721563935279846
2007-08-13,0.6648221015930176
2007-08-14,0.6906443238258362
2007-08-15,0.6614602208137512
2007-08-16,0.6504587531089783
2007-08-17,0.6888107657432556
2007-08-20,0.6860605478286743
2007-08-21,0.7231901288032532
2007-08-22,0.7396922707557678
2007-08-23,0.7334278225898743
2007-08-24,0.7372482419013977
2007-08-27,0.7539022564888
2007-08-28,0.7079108953475952
2007-08-29,0.7480963468551636
2007-08-30,0.7438178658485413
2007-08-31,0.7817121744155884
2007-09-04,0.8058539032936096
2007-09-05,0.7997416853904724
2007-09-06,0.8032568097114563
2007-09-07,0.7739194631576538
2007-09-10,0.7760584354400635
2007-09-11,0.7925605177879333
2007-09-12,0.7613898515701294
2007-09-13,0.7616186738014221
2007-09-14,0.7391578555107117
2007-09-17,0.7375532388687134
2007-09-18,0.8021866679191589
2007-09-19,0.7875182032585144
2007-09-20,0.7829341888427734
2007-09-21,0.7904977202415466
2007-09-24,0.8106668591499329
2007-09-25,0.8209807276725769
2007-09-26,0.8404624462127686
2007-09-27,0.8429835438728333
2007-09-28,0.8306068778038025
2007-10-01,0.8656740188598633
2007-10-02,0.8574230074882507
2007-10-03,0.8209807276725769
2007-10-04,0.8246476650238037
2007-10-05,0.8464214205741882
2007-10-08,0.8601734638214111
2007-10-09,0.8450465202331543
2007-10-10,0.845963180065155
2007-10-11,0.8083751201629639
2007-10-12,0.8280858993530273
2007-10-15,0.834044873714447
2007-10-16,0.8416083455085754
2007-10-17,0.9062418937683105
2007-10-18,0.9055542945861816
2007-10-19,0.8569644093513489
2007-10-22,0.8975324034690857
2007-10-23,0.9018868803977966
2007-10-24,0.8714037537574768
2007-10-25,0.7953108549118042
2007-10-26,0.7884348630905151
2007-10-29,0.769869863986969
2007-10-30,0.7980610728263855
2007-10-31,0.810896098613739
2007-11-01,0.810896098613739
2007-11-02,0.8420668840408325
2007-11-05,0.8420668840408325
2007-11-06,0.8686537146568298
2007-11-07,0.8273981809616089
2007-11-08,0.775600016117096
2007-11-09,0.764598548412323
2007-11-12,0.6882760524749756
2007-11-13,0.7490131258964539
2007-11-14,0.7373242378234863
2007-11-15,0.727468729019165
2007-11-16,0.7437416315078735
2007-11-19,0.6935478448867798
2007-11-20,0.6882760524749756
2007-11-21,0.6809418797492981
2007-11-23,0.6926309466362
2007-11-26,0.6765872240066528
2007-11-27,0.7056951522827148
2007-11-28,0.7529096007347107
2007-11-29,0.7590976357460022
2007-11-30,0.7228847742080688
2007-12-03,0.7334278225898743
2007-12-04,0.7327402234077454
2007-12-05,0.7707870006561279
2007-12-06,0.7863723039627075
2007-12-07,0.7765167951583862
2007-12-10,0.7849969267845154
2007-12-11,0.7859137654304504
2007-12-12,0.812958836555481
2007-12-13,0.7907270193099976
2007-12-14,0.8037909865379333
2007-12-17,0.7627649903297424
2007-12-18,0.7822466492652893
2007-12-19,0.7895809412002563
2007-12-20,0.8060829043388367
2007-12-21,0.8058539032936096
2007-12-24,0.8200643658638
2007-12-26,0.8310654163360596
2007-12-27,0.8053954839706421
2007-12-28,0.7973734736442566
2007-12-31,0.7797255516052246
2008-01-02,0.7565767168998718
2008-01-03,0.7506176233291626
2008-01-04,0.6875888109207153
2008-01-07,0.616537868976593
2008-01-08,0.629601776599884
2008-01-09,0.6621477603912354
2008-01-10,0.6483960747718811
2008-01-11,0.6199756860733032
2008-01-14,0.6612311601638794
2008-01-15,0.6126415729522705
2008-01-16,0.5434243083000183
2008-01-17,0.534027099609375
2008-01-18,0.5693234205245972
2008-01-22,0.5409030914306641
2008-01-23,0.5507587194442749
2008-01-24,0.5929303169250488
2008-01-25,0.5718444585800171
2008-01-28,0.5649687051773071
2008-01-29,0.5823875069618225
2008-01-30,0.5773453712463379
2008-01-31,0.5635935068130493
2008-02-01,0.6156211495399475
2008-02-04,0.5963685512542725
2008-02-05,0.5590094327926636
2008-02-06,0.5571759939193726
2008-02-07,0.5626765489578247
2008-02-08,0.5727612972259521
2008-02-11,0.5745948553085327
2008-02-12,0.5959100723266602
2008-02-13,0.6192880272865295
2008-02-14,0.5182124376296997
2008-02-15,0.5104199051856995
2008-02-19,0.5028565526008606
2008-02-20,0.4991893470287323
2008-02-21,0.487958699464798
2008-02-22,0.5115661025047302
2008-02-25,0.5113369226455688
2008-02-26,0.5156911015510559
2008-02-27,0.5237134099006653
2008-02-28,0.5040025115013123
2008-02-29,0.4902506470680237
2008-03-03,0.4845207929611206
2008-03-04,0.4797075092792511
2008-03-05,0.4852084219455719
2008-03-06,0.4547252058982849
2008-03-07,0.44807857275009155
2008-03-10,0.42240869998931885
2008-03-11,0.4363895356655121
2008-03-12,0.42447134852409363
2008-03-13,0.45151644945144653
2008-03-14,0.4198874831199646
2008-03-17,0.40934446454048157
2008-03-18,0.4347851574420929
2008-03-19,0.4047604501247406
2008-03-20,0.42447134852409363
2008-03-24,0.4590799808502197
2008-03-25,0.4657267928123474
2008-03-26,0.4508289694786072
2008-03-27,0.4444112777709961
2008-03-28,0.45105814933776855
2008-03-31,0.4535793364048004
2008-04-01,0.48131194710731506
2008-04-02,0.4666435718536377
2008-04-03,0.4579341411590576
2008-04-04,0.43043047189712524
2008-04-07,0.4407443106174469
2008-04-08,0.43822312355041504
2008-04-09,0.4469326436519623
2008-04-10,0.4556420147418976
2008-04-11,0.424700528383255
2008-04-14,0.41049036383628845
2008-04-15,0.41530343890190125
2008-04-16,0.43180564045906067
2008-04-17,0.4258466362953186
2008-04-18,0.43593117594718933
2008-04-21,0.45541295409202576
2008-04-22,0.4469326436519623
2008-04-23,0.46847692131996155
2008-04-24,0.4572463929653168
2008-04-25,0.46183037757873535
2008-04-28,0.4535793364048004
2008-04-29,0.46297621726989746
2008-04-30,0.4709981679916382
2008-05-01,0.49277180433273315
2008-05-02,0.5161498785018921
2008-05-05,0.5033147931098938
2008-05-06,0.5163793563842773
2008-05-07,0.5044607520103455
2008-05-08,0.5030856728553772
2008-05-09,0.5163793563842773
2008-05-12,0.5017106533050537
2008-05-13,0.4913967549800873
2008-05-14,0.5058358907699585
2008-05-15,0.5450286865234375
2008-05-16,0.5594679713249207
2008-05-19,0.5477789640426636
2008-05-20,0.5335686206817627
2008-05-21,0.5292139649391174
2008-05-22,0.54204922914505
2008-05-23,0.5296725630760193
2008-05-27,0.535402238368988
2008-05-28,0.540444552898407
2008-05-29,0.539069414138794
2008-05-30,0.5661144256591797
2008-06-02,0.5684064626693726
2008-06-03,0.5491540431976318
2008-06-04,0.5555714964866638
2008-06-05,0.5695527195930481
2008-06-06,0.5514460802078247
2008-06-09,0.5429660081863403
2008-06-10,0.5108785033226013
2008-06-11,0.4870418906211853
2008-06-12,0.49002137780189514
2008-06-13,0.488416850566864
2008-06-16,0.4817705452442169
2008-06-17,0.4700813889503479
2008-06-18,0.4563295543193817
2008-06-19,0.45518365502357483
2008-06-20,0.4528917670249939
2008-06-23,0.44349464774131775
2008-06-24,0.45816323161125183
2008-06-25,0.46068429946899414
2008-06-26,0.4370771050453186
2008-06-27,0.44189026951789856
2008-06-30,0.42905527353286743
2008-07-01,0.4297429621219635
2008-07-02,0.4132406413555145
2008-07-03,0.2862660586833954
2008-07-07,0.2773275077342987
2008-07-08,0.27572304010391235
2008-07-09,0.2709098160266876
2008-07-10,0.2702222764492035
2008-07-11,0.2674718201160431
2008-07-14,0.2553245723247528
2008-07-15,0.25807493925094604
2008-07-16,0.2594500780105591
2008-07-17,0.2603667676448822
2008-07-18,0.26495078206062317
2008-07-21,0.26655521988868713
2008-07-22,0.2608252465724945
2008-07-23,0.26861798763275146
2008-07-24,0.25280341506004333
2008-07-25,0.26495078206062317
2008-07-28,0.2642633020877838
2008-07-29,0.2670135498046875
2008-07-30,0.2631172239780426
2008-07-31,0.2622005045413971
2008-08-01,0.2484486997127533
2008-08-04,0.24248948693275452
2008-08-05,0.25647059082984924
2008-08-06,0.2633463740348816
2008-08-07,0.25922098755836487
2008-08-08,0.2521158456802368
2008-08-11,0.2573873698711395
2008-08-12,0.25372007489204407
2008-08-13,0.28099456429481506
2008-08-14,0.2979550361633301
2008-08-15,0.2970382869243622
2008-08-18,0.3029973804950714
2008-08-19,0.30758148431777954
2008-08-20,0.32270821928977966
2008-08-21,0.3121652603149414
2008-08-22,0.3119359314441681
2008-08-25,0.30735209584236145
2008-08-26,0.30001795291900635
2008-08-27,0.3023098409175873
2008-08-28,0.30116382241249084
2008-08-29,0.28970396518707275
2008-09-02,0.2823696732521057
2008-09-03,0.2672428488731384
2008-09-04,0.2635755240917206
2008-09-05,0.2674718201160431
2008-09-08,0.25647059082984924
2008-09-09,0.24776111543178558
2008-09-10,0.24799026548862457
2008-09-11,0.2360720932483673
2008-09-12,0.23355093598365784
2008-09-15,0.2131524533033371
2008-09-16,0.21979913115501404
2008-09-17,0.22919625043869019
2008-09-18,0.24959467351436615
2008-09-19,0.2615129351615906
2008-09-22,0.2560121417045593
2008-09-23,0.24867789447307587
2008-09-24,0.25784555077552795
2008-09-25,0.2628880441188812
2008-09-26,0.26793041825294495
2008-09-29,0.23148810863494873
2008-09-30,0.2454691380262375
2008-10-01,0.2385932207107544
2008-10-02,0.21384012699127197
2008-10-03,0.2069641649723053
2008-10-06,0.17991903424263
2008-10-07,0.16593804955482483
2008-10-08,0.16937600076198578
2008-10-09,0.1586037576198578
2008-10-10,0.1560826301574707
2008-10-13,0.1845029890537262
2008-10-14,0.18037743866443634
2008-10-15,0.1608957052230835
2008-10-16,0.17648103833198547
2008-10-17,0.1753351241350174
2008-10-20,0.17877306044101715
2008-10-21,0.16502130031585693
2008-10-22,0.15883299708366394
2008-10-23,0.1498943716287613
2008-10-24,0.1514986902475357
2008-10-27,0.1597498059272766
2008-10-28,0.18381531536579132
2008-10-29,0.18977440893650055
2008-10-30,0.1977963149547577
2008-10-31,0.2007758617401123
2008-11-03,0.19344159960746765
2008-11-04,0.20581817626953125
2008-11-05,0.19504594802856445
2008-11-06,0.17464745044708252
2008-11-07,0.1998591125011444
2008-11-10,0.1870240867137909
2008-11-11,0.17877306044101715
2008-11-12,0.16823002696037292
2008-11-13,0.18198174238204956
2008-11-14,0.16433359682559967
2008-11-17,0.1608957052230835
2008-11-18,0.1556241661310196
2008-11-19,0.14278924465179443
2008-11-20,0.13522577285766602
2008-11-21,0.146227166056633
2008-11-24,0.15585343539714813
2008-11-25,0.16020819544792175
2008-11-26,0.1744183450937271
2008-11-28,0.17120949923992157
2008-12-01,0.15654101967811584
2008-12-02,0.1652505099773407
2008-12-03,0.173730731010437
2008-12-04,0.16227087378501892
2008-12-05,0.16868841648101807
2008-12-08,0.1631876826286316
2008-12-09,0.17900222539901733
2008-12-10,0.19596275687217712
2008-12-11,0.187711700797081
2008-12-12,0.19710871577262878
2008-12-15,0.1906912475824356
2008-12-16,0.20352628827095032
2008-12-17,0.21361087262630463
2008-12-18,0.193900004029274
2008-12-19,0.19527515769004822
2008-12-22,0.18381531536579132
2008-12-23,0.18129421770572662
2008-12-24,0.17693942785263062
2008-12-26,0.17212632298469543
2008-12-29,0.1776271015405655
2008-12-30,0.18381531536579132
2008-12-31,0.18496130406856537
2009-01-02,0.19962987303733826
2009-01-05,0.20329701900482178
2009-01-06,0.21017292141914368
2009-01-07,0.1975671797990799
2009-01-08,0.19252482056617737
2009-01-09,0.1817525327205658
2009-01-12,0.1744183450937271
2009-01-13,0.1753351241350174
2009-01-14,0.16754236817359924
2009-01-15,0.17350153625011444
2009-01-16,0.1831277459859848
2009-01-20,0.1652505099773407
2009-01-21,0.17327234148979187
2009-01-22,0.1700635552406311
2009-01-23,0.17671024799346924
2009-01-26,0.18266934156417847
2009-01-27,0.19344159960746765
2009-01-28,0.2014634758234024
2009-01-29,0.18977440893650055
2009-01-30,0.1822110116481781
2009-02-02,0.19206641614437103
2009-02-03,0.19435839354991913
2009-02-04,0.1998591125011444
2009-02-05,0.21452763676643372
2009-02-06,0.2262166440486908
2009-02-09,0.22323709726333618
2009-02-10,0.21361087262630463
2009-02-11,0.18679486215114594
2009-02-12,0.1906912475824356
2009-02-13,0.19046202301979065
2009-02-17,0.17946060001850128
2009-02-18,0.18427379429340363
2009-02-19,0.1700635552406311
2009-02-20,0.1744183450937271
2009-02-23,0.166396364569664
2009-02-24,0.18129421770572662
2009-02-25,0.18335695564746857
2009-02-26,0.189316064119339
2009-02-27,0.18977440893650055
2009-03-02,0.173730731010437
2009-03-03,0.18060660362243652
2009-03-04,0.193900004029274
2009-03-05,0.189316064119339
2009-03-06,0.1922956109046936
2009-03-09,0.19023282825946808
2009-03-10,0.20742253959178925
2009-03-11,0.2131524533033371
2009-03-12,0.22575822472572327
2009-03-13,0.2246123105287552
2009-03-16,0.21590282022953033
2009-03-17,0.22667500376701355
2009-03-18,0.23378007113933563
2009-03-19,0.23102977871894836
2009-03-20,0.2184239625930786
2009-03-23,0.23423846065998077
2009-03-24,0.22415389120578766
2009-03-25,0.2278210073709488
2009-03-26,0.24203115701675415
2009-03-27,0.23973923921585083
2009-03-30,0.22438310086727142
2009-03-31,0.22598744928836823
2009-04-01,0.23171740770339966
2009-04-02,0.24248948693275452
2009-04-03,0.2594500780105591
2009-04-06,0.2601377069950104
2009-04-07,0.251198947429657
2009-04-08,0.2615129351615906
2009-04-09,0.2759522795677185
2009-04-13,0.2670135498046875
2009-04-14,0.26861798763275146
2009-04-15,0.26105451583862305
2009-04-16,0.267701119184494
2009-04-17,0.269534707069397
2009-04-20,0.25326165556907654
2009-04-21,0.25257420539855957
2009-04-22,0.2601377069950104
2009-04-23,0.2560121417045593
2009-04-24,0.26197129487991333
2009-04-27,0.25257420539855957
2009-04-28,0.25326165556907654
2009-04-29,0.24936553835868835
2009-04-30,0.2631172239780426
2009-05-01,0.2674718201160431
2009-05-04,0.28191137313842773
2009-05-05,0.27045154571533203
2009-05-06,0.26495078206062317
2009-05-07,0.24592748284339905
2009-05-08,0.21200649440288544
2009-05-11,0.2161320298910141
2009-05-12,0.20581817626953125
2009-05-13,0.19252482056617737
2009-05-14,0.19527515769004822
2009-05-15,0.20031748712062836
2009-05-18,0.21246488392353058
2009-05-19,0.21659041941165924
2009-05-20,0.2230079174041748
2009-05-21,0.2216326743364334
2009-05-22,0.22507070004940033
2009-05-26,0.23721815645694733
2009-05-27,0.2376765012741089
2009-05-28,0.24088527262210846
2009-05-29,0.2390516847372055
2009-06-01,0.25074049830436707
2009-06-02,0.24867789447307587
2009-06-03,0.24088527262210846
2009-06-04,0.24959467351436615
2009-06-05,0.24821950495243073
2009-06-08,0.24684439599514008
2009-06-09,0.2603667676448822
2009-06-10,0.26861798763275146
2009-06-11,0.26517999172210693
2009-06-12,0.2638048827648163
2009-06-15,0.2594500780105591
2009-06-16,0.2523449957370758
2009-06-17,0.2585332989692688
2009-06-18,0.2534911632537842
2009-06-19,0.2562413811683655
2009-06-22,0.24180202186107635
2009-06-23,0.24065597355365753
2009-06-24,0.24867789447307587
2009-06-25,0.26174208521842957
2009-06-26,0.26517999172210693
2009-06-29,0.26517999172210693
2009-06-30,0.25876253843307495
2009-07-01,0.259908527135849
2009-07-02,0.24982383847236633
2009-07-06,0.24180202186107635
2009-07-07,0.23125898838043213
2009-07-08,0.23171740770339966
2009-07-09,0.2367597073316574
2009-07-10,0.2376765012741089
2009-07-13,0.24042679369449615
2009-07-14,0.2454691380262375
2009-07-15,0.2555537521839142
2009-07-16,0.26884719729423523
2009-07-17,0.2766398787498474
2009-07-20,0.2800776958465576
2009-07-21,0.2743479013442993
2009-07-22,0.28122368454933167
2009-07-23,0.2979550361633301
2009-07-24,0.2970382869243622
2009-07-27,0.29841354489326477
2009-07-28,0.2988716959953308
2009-07-29,0.2929127514362335
2009-07-30,0.2952048182487488
2009-07-31,0.29635071754455566
2009-08-03,0.3043724298477173
2009-08-04,0.30643531680107117
2009-08-05,0.3071229159832001
2009-08-06,0.3007054626941681
2009-08-07,0.31422802805900574
2009-08-10,0.3039141595363617
2009-08-11,0.2968090772628784
2009-08-12,0.30781057476997375
2009-08-13,0.3169782757759094
2009-08-14,0.30758148431777954
2009-08-17,0.2947462797164917
2009-08-18,0.3055185079574585
2009-08-19,0.30208057165145874
2009-08-20,0.31399884819984436
2009-08-21,0.3192702829837799
2009-08-24,0.31033164262771606
2009-08-25,0.3130820393562317
2009-08-26,0.3167491853237152
2009-08-27,0.32110396027565
2009-08-28,0.3376060426235199
2009-08-31,0.332792729139328
2009-09-01,0.321562260389328
2009-09-02,0.3261462152004242
2009-09-03,0.3339388370513916
2009-09-04,0.3463154733181
2009-09-08,0.3559417128562927
2009-09-09,0.36579716205596924
2009-09-10,0.3774861693382263
2009-09-11,0.3740481734275818
2009-09-14,0.3678598999977112
2009-09-15,0.375423401594162
2009-09-16,0.36533868312835693
2009-09-17,0.34929490089416504
2009-09-18,0.3488366901874542
2009-09-21,0.3472321927547455
2009-09-22,0.3479197919368744
2009-09-23,0.34241899847984314
2009-09-24,0.3378352224826813
2009-09-25,0.3323344588279724
2009-09-28,0.3398979902267456
2009-09-29,0.3337097764015198
2009-09-30,0.3444819152355194
2009-10-01,0.3199578821659088
2009-10-02,0.3174367845058441
2009-10-05,0.31583231687545776
2009-10-06,0.32110396027565
2009-10-07,0.3185826539993286
2009-10-08,0.3206454813480377
2009-10-09,0.32477113604545593
2009-10-12,0.32110396027565
2009-10-13,0.3199578821659088
2009-10-14,0.3194996118545532
2009-10-15,0.3101024031639099
2009-10-16,0.3029973804950714
2009-10-19,0.31399884819984436
2009-10-20,0.31422802805900574
2009-10-21,0.30666452646255493
2009-10-22,0.3087272346019745
2009-10-23,0.3013930320739746
2009-10-26,0.29749661684036255
2009-10-27,0.28741198778152466
2009-10-28,0.27549389004707336
2009-10-29,0.2876411974430084
2009-10-30,0.2741186320781708
2009-11-02,0.2766398787498474
2009-11-03,0.2752646207809448
2009-11-04,0.2745770215988159
2009-11-05,0.28122368454933167
2009-11-06,0.3016221821308136
2009-11-09,0.3084980249404907
2009-11-10,0.3009345233440399
2009-11-11,0.3094148635864258
2009-11-12,0.3084980249404907
2009-11-13,0.3107900023460388
2009-11-16,0.31514492630958557
2009-11-17,0.31468647718429565
2009-11-18,0.3098733723163605
2009-11-19,0.29749661684036255
2009-11-20,0.2956630289554596
2009-11-23,0.2979550361633301
2009-11-24,0.29612141847610474
2009-11-25,0.2995595335960388
2009-11-27,0.2931419014930725
2009-11-30,0.2993301451206207
2009-12-01,0.30528929829597473
2009-12-02,0.31445711851119995
2009-12-03,0.3169782757759094
2009-12-04,0.32683372497558594
2009-12-07,0.3687766194343567
2009-12-08,0.350899338722229
2009-12-09,0.35960888862609863
2009-12-10,0.35319143533706665
2009-12-11,0.34860748052597046
2009-12-14,0.3591504693031311
2009-12-15,0.3586919903755188
2009-12-16,0.3875708281993866
2009-12-17,0.38573721051216125
2009-12-18,0.3855080008506775
2009-12-21,0.3992597460746765
2009-12-22,0.4098028540611267
2009-12-23,0.4155327081680298
2009-12-24,0.4146158993244171
2009-12-28,0.40796926617622375
2009-12-29,0.4130115807056427
2009-12-30,0.42790937423706055
2009-12-31,0.42813846468925476
2010-01-04,0.42378368973731995
2010-01-05,0.4299721121788025
2010-01-06,0.43272241950035095
2010-01-07,0.42424213886260986
2010-01-08,0.42515891790390015
2010-01-11,0.41919973492622375
2010-01-12,0.40498965978622437
2010-01-13,0.41049036383628845
2010-01-14,0.40407291054725647
2010-01-15,0.3921547532081604
2010-01-19,0.39948898553848267
2010-01-20,0.39788445830345154
2010-01-21,0.3907794952392578
2010-01-22,0.37725692987442017
2010-01-25,0.3836744427680969
2010-01-26,0.3715270757675171
2010-01-27,0.381611704826355
2010-01-28,0.3687766194343567
2010-01-29,0.3527330458164215
2010-02-01,0.37977802753448486
2010-02-02,0.3836744427680969
2010-02-03,0.3868831992149353
2010-02-04,0.3644220232963562
2010-02-05,0.37175610661506653
2010-02-08,0.3710686266422272
2010-02-09,0.36808910965919495
2010-02-10,0.3751941919326782
2010-02-11,0.3923839330673218
2010-02-12,0.3976554274559021
2010-02-16,0.40498965978622437
2010-02-17,0.40888601541519165
2010-02-18,0.3820701539516449
2010-02-19,0.3800072968006134
2010-02-22,0.3806949257850647
2010-02-23,0.3715270757675171
2010-02-24,0.3793197274208069
2010-02-25,0.37588176131248474
2010-02-26,0.37129777669906616
2010-03-01,0.3861955404281616
2010-03-02,0.38596639037132263
2010-03-03,0.3811531662940979
2010-03-04,0.3818408250808716
2010-03-05,0.39352983236312866
2010-03-08,0.387800008058548
2010-03-09,0.4022393226623535
2010-03-10,0.4031560719013214
2010-03-11,0.3939881920814514
2010-03-12,0.3953635096549988
2010-03-15,0.3933006525039673
2010-03-16,0.40705257654190063
2010-03-17,0.4148450791835785
2010-03-18,0.4001765251159668
2010-03-19,0.3953635096549988
2010-03-22,0.40178102254867554
2010-03-23,0.4100321829319
2010-03-24,0.3962802588939667
2010-03-25,0.3974262475967407
2010-03-26,0.3974262475967407
2010-03-29,0.4024685025215149
2010-03-30,0.40407291054725647
2010-03-31,0.39880141615867615
2010-04-01,0.3946758508682251
2010-04-05,0.4006349742412567
2010-04-06,0.3907794952392578
2010-04-07,0.3933006525039673
2010-04-08,0.3868831992149353
2010-04-09,0.38940441608428955
2010-04-12,0.39650946855545044
2010-04-13,0.4047604501247406
2010-04-14,0.4098028540611267
2010-04-15,0.41278234124183655
2010-04-16,0.39100879430770874
2010-04-19,0.3891751170158386
2010-04-20,0.39055031538009644
2010-04-21,0.38046565651893616
2010-04-22,0.3820701539516449
2010-04-23,0.3767985999584198
2010-04-26,0.38046565651893616
2010-04-27,0.3696935474872589
2010-04-28,0.37038111686706543
2010-04-29,0.381611704826355
2010-04-30,0.3600672483444214
2010-05-03,0.3561708629131317
2010-05-04,0.3380643427371979
2010-05-05,0.3323344588279724
2010-05-06,0.3254586160182953
2010-05-07,0.3199578821659088
2010-05-10,0.3337097764015198
2010-05-11,0.33004260063171387
2010-05-12,0.33646005392074585
2010-05-13,0.33577239513397217
2010-05-14,0.2970382869243622
2010-05-17,0.297726035118103
2010-05-18,0.28787049651145935
2010-05-19,0.292454332113266
2010-05-20,0.28557848930358887
2010-05-21,0.2917667031288147
2010-05-24,0.2832864820957184
2010-05-25,0.2908500134944916
2010-05-26,0.2922252118587494
2010-05-27,0.3094148635864258
2010-05-28,0.30116382241249084
2010-06-01,0.28832879662513733
2010-06-02,0.2915375530719757
2010-06-03,0.29107919335365295
2010-06-04,0.2773275077342987
2010-06-07,0.2635755240917206
2010-06-08,0.2562413811683655
2010-06-09,0.2500530779361725
2010-06-10,0.2601377069950104
2010-06-11,0.2660968005657196
2010-06-14,0.2603667676448822
2010-06-15,0.2732018232345581
2010-06-16,0.2697640061378479
2010-06-17,0.2800776958465576
2010-06-18,0.28191137313842773
2010-06-21,0.2752646207809448
2010-06-22,0.26495078206062317
2010-06-23,0.26793041825294495
2010-06-24,0.2546369135379791
2010-06-25,0.2539493441581726
2010-06-28,0.25440773367881775
2010-06-29,0.2401975840330124
2010-06-30,0.23400931060314178
2010-07-01,0.2379055768251419
2010-07-02,0.23492614924907684
2010-07-06,0.2324049025774002
2010-07-07,0.24363566935062408
2010-07-08,0.23630131781101227
2010-07-09,0.23721815645694733
2010-07-12,0.241572767496109
2010-07-13,0.25028228759765625
2010-07-14,0.25280341506004333
2010-07-15,0.24569837749004364
2010-07-16,0.23034214973449707
2010-07-19,0.23973923921585083
2010-07-20,0.24569837749004364
2010-07-21,0.2376765012741089
2010-07-22,0.241572767496109
2010-07-23,0.23744723200798035
2010-07-26,0.24180202186107635
2010-07-27,0.23973923921585083
2010-07-28,0.23217575252056122
2010-07-29,0.209256112575531
2010-07-30,0.2106313705444336
2010-08-02,0.21040208637714386
2010-08-03,0.20490142703056335
2010-08-04,0.21361087262630463
2010-08-05,0.21636120975017548
2010-08-06,0.21888235211372375
2010-08-09,0.22094513475894928
2010-08-10,0.21177731454372406
2010-08-11,0.20352628827095032
2010-08-12,0.2053598016500473
2010-08-13,0.21521523594856262
2010-08-16,0.20971451699733734
2010-08-17,0.21246488392353058
2010-08-18,0.21361087262630463
2010-08-19,0.22644588351249695
2010-08-20,0.2285085916519165
2010-08-23,0.22507070004940033
2010-08-24,0.22277872264385223
2010-08-25,0.22736260294914246
2010-08-26,0.2246123105287552
2010-08-27,0.23194654285907745
2010-08-30,0.22094513475894928
2010-08-31,0.21384012699127197
2010-09-01,0.2154444307088852
2010-09-02,0.2193407416343689
2010-09-03,0.2269042581319809
2010-09-07,0.2289670705795288
2010-09-08,0.23653046786785126
2010-09-09,0.23332178592681885
2010-09-10,0.2308005690574646
2010-09-13,0.24386483430862427
2010-09-14,0.241572767496109
2010-09-15,0.24203115701675415
2010-09-16,0.2422603964805603
2010-09-17,0.24180202186107635
2010-09-20,0.2454691380262375
2010-09-21,0.25876253843307495
2010-09-22,0.26105451583862305
2010-09-23,0.2663258910179138
2010-09-24,0.28099456429481506
2010-09-27,0.2750356197357178
2010-09-28,0.2743479013442993
2010-09-29,0.27228498458862305
2010-09-30,0.267701119184494
2010-10-01,0.2601377069950104
2010-10-04,0.2576165795326233
2010-10-05,0.2594500780105591
2010-10-06,0.24707351624965668
2010-10-07,0.2452399730682373
2010-10-08,0.24890707433223724
2010-10-11,0.24776111543178558
2010-10-12,0.25257420539855957
2010-10-13,0.259908527135849
2010-10-14,0.2557830512523651
2010-10-15,0.25876253843307495
2010-10-18,0.2603667676448822
2010-10-19,0.25876253843307495
2010-10-20,0.25876253843307495
2010-10-21,0.25417855381965637
2010-10-22,0.27045154571533203
2010-10-25,0.2729727029800415
2010-10-26,0.2720559537410736
2010-10-27,0.2759522795677185
2010-10-28,0.2761814594268799
2010-10-29,0.27549389004707336
2010-11-01,0.2759522795677185
2010-11-02,0.2816821336746216
2010-11-03,0.2837449610233307
2010-11-04,0.2842032313346863
2010-11-05,0.2890163064002991
2010-11-08,0.2901623845100403
2010-11-09,0.28855806589126587
2010-11-10,0.29199597239494324
2010-11-11,0.2890163064002991
2010-11-12,0.3039141595363617
2010-11-15,0.30024707317352295
2010-11-16,0.29130831360816956
2010-11-17,0.29612141847610474
2010-11-18,0.30528929829597473
2010-11-19,0.31514492630958557
2010-11-22,0.315373957157135
2010-11-23,0.30803975462913513
2010-11-24,0.31560325622558594
2010-11-26,0.31170687079429626
2010-11-29,0.31514492630958557
2010-11-30,0.3119359314441681
2010-12-01,0.32568779587745667
2010-12-02,0.32958418130874634
2010-12-03,0.3389812409877777
2010-12-06,0.33256375789642334
2010-12-07,0.3433360159397125
2010-12-08,0.3463154733181
2010-12-09,0.34058550000190735
2010-12-10,0.3426482677459717
2010-12-13,0.3339388370513916
2010-12-14,0.33439722657203674
2010-12-15,0.32706302404403687
2010-12-16,0.32752129435539246
2010-12-17,0.3293549418449402
2010-12-20,0.32797977328300476
2010-12-21,0.3408147096633911
2010-12-22,0.3444819152355194
2010-12-23,0.341960608959198
2010-12-27,0.34379440546035767
2010-12-28,0.34241899847984314
2010-12-29,0.34241899847984314
2010-12-30,0.34356507658958435
2010-12-31,0.35296207666397095
2011-01-03,0.36258843541145325
2011-01-04,0.3614423871040344
2011-01-05,0.3891751170158386
2011-01-06,0.443036288022995
2011-01-07,0.45541295409202576
2011-01-10,0.4728318154811859
2011-01-11,0.4654974639415741
2011-01-12,0.5351731777191162
2011-01-13,0.5360898971557617
2011-01-14,0.5406739115715027
2011-01-18,0.5280681252479553
2011-01-19,0.5136286616325378
2011-01-20,0.5140869617462158
2011-01-21,0.5092738270759583
2011-01-24,0.5668022036552429
2011-01-25,0.5493835210800171
2011-01-26,0.5624473690986633
2011-01-27,0.5608429312705994
2011-01-28,0.5445699691772461
2011-01-31,0.5482372641563416
2011-02-01,0.5608429312705994
2011-02-02,0.586283802986145
2011-02-03,0.5752823948860168
2011-02-04,0.5883464813232422
2011-02-07,0.5638227462768555
2011-02-08,0.5470913648605347
2011-02-09,0.5337980389595032
2011-02-10,0.5230258703231812
2011-02-11,0.5379236340522766
2011-02-14,0.5296725630760193
2011-02-15,0.5168374180793762
2011-02-16,0.5358608365058899
2011-02-17,0.5885759592056274
2011-02-18,0.5874297022819519
2011-02-22,0.531964123249054
2011-02-23,0.5067529082298279
2011-02-24,0.5191292762756348
2011-02-25,0.5299015641212463
2011-02-28,0.5193588137626648
2011-03-01,0.4962094724178314
2011-03-02,0.4755821228027344
2011-03-03,0.47833240032196045
2011-03-04,0.4758111536502838
2011-03-07,0.4691644310951233
2011-03-08,0.44807857275009155
2011-03-09,0.4386814832687378
2011-03-10,0.4107196033000946
2011-03-11,0.41369909048080444
2011-03-14,0.41713714599609375
2011-03-15,0.4047604501247406
2011-03-16,0.40178102254867554
2011-03-17,0.40934446454048157
2011-03-18,0.40384361147880554
2011-03-21,0.40705257654190063
2011-03-22,0.3999473452568054
2011-03-23,0.4081985354423523
2011-03-24,0.4407443106174469
2011-03-25,0.42699259519577026
2011-03-28,0.44280698895454407
2011-03-29,0.43936917185783386
2011-03-30,0.42286694049835205
2011-03-31,0.42309626936912537
2011-04-01,0.41713714599609375
2011-04-04,0.4022393226623535
2011-04-05,0.4029269516468048
2011-04-06,0.4001765251159668
2011-04-07,0.4148450791835785
2011-04-08,0.4022393226623535
2011-04-11,0.3969678580760956
2011-04-12,0.39811384677886963
2011-04-13,0.40705257654190063
2011-04-14,0.42424213886260986
2011-04-15,0.42882615327835083
2011-04-18,0.4146158993244171
2011-04-19,0.4130115807056427
2011-04-20,0.4256174564361572
2011-04-21,0.42447134852409363
2011-04-25,0.43111804127693176
2011-04-26,0.44234874844551086
2011-04-27,0.44234874844551086
2011-04-28,0.44716182351112366
2011-04-29,0.45839250087738037
2011-05-02,0.4522040784358978
2011-05-03,0.4306596517562866
2011-05-04,0.4274510145187378
2011-05-05,0.42768025398254395
2011-05-06,0.44280698895454407
2011-05-09,0.45266255736351013
2011-05-10,0.4533500075340271
2011-05-11,0.45541295409202576
2011-05-12,0.4698522984981537
2011-05-13,0.418512225151062
2011-05-16,0.4056771397590637
2011-05-17,0.40407291054725647
2011-05-18,0.41346994042396545
2011-05-19,0.4075109362602234
2011-05-20,0.4146158993244171
2011-05-23,0.41415759921073914
2011-05-24,0.4157620072364807
2011-05-25,0.4208041727542877
2011-05-26,0.4313472509384155
2011-05-27,0.4469326436519623
2011-05-31,0.45930907130241394
2011-06-01,0.4386814832687378
2011-06-02,0.43661874532699585
2011-06-03,0.42309626936912537
2011-06-06,0.41415759921073914
2011-06-07,0.4139283299446106
2011-06-08,0.40269774198532104
2011-06-09,0.39811384677886963
2011-06-10,0.3923839330673218
2011-06-13,0.38963353633880615
2011-06-14,0.39284223318099976
2011-06-15,0.38436195254325867
2011-06-16,0.3710686266422272
2011-06-17,0.3623591661453247
2011-06-20,0.35800445079803467
2011-06-21,0.36579716205596924
2011-06-22,0.3607548773288727
2011-06-23,0.3715270757675171
2011-06-24,0.3607548773288727
2011-06-27,0.35319143533706665
2011-06-28,0.355254203081131
2011-06-29,0.3607548773288727
2011-06-30,0.36533868312835693
2011-07-01,0.37015193700790405
2011-07-05,0.3639634847640991
2011-07-06,0.3591504693031311
2011-07-07,0.36052563786506653
2011-07-08,0.3536497950553894
2011-07-11,0.34127315878868103
2011-07-12,0.3366892635822296
2011-07-13,0.3360016942024231
2011-07-14,0.32270821928977966
2011-07-15,0.3231665790081024
2011-07-18,0.3162907063961029
2011-07-19,0.3259170949459076
2011-07-20,0.321791410446167
2011-07-21,0.336918443441391
2011-07-22,0.34379440546035767
2011-07-25,0.3382936120033264
2011-07-26,0.33004260063171387
2011-07-27,0.3176659941673279
2011-07-28,0.3169782757759094
2011-07-29,0.3169782757759094
2011-08-01,0.3339388370513916
2011-08-02,0.3305010199546814
2011-08-03,0.3394395411014557
2011-08-04,0.3071229159832001
2011-08-05,0.2968090772628784
2011-08-08,0.2734310030937195
2011-08-09,0.29635071754455566
2011-08-10,0.2828282117843628
2011-08-11,0.30735209584236145
2011-08-12,0.2952048182487488
2011-08-15,0.30643531680107117
2011-08-16,0.297726035118103
2011-08-17,0.29360026121139526
2011-08-18,0.27366021275520325
2011-08-19,0.26884719729423523
2011-08-22,0.27366021275520325
2011-08-23,0.3032264709472656
2011-08-24,0.2988716959953308
2011-08-25,0.28603672981262207
2011-08-26,0.29818427562713623
2011-08-29,0.30620619654655457
2011-08-30,0.3135404586791992
2011-08-31,0.30506014823913574
2011-09-01,0.3043724298477173
2011-09-02,0.29612141847610474
2011-09-06,0.30208057165145874
2011-09-07,0.32660454511642456
2011-09-08,0.32500019669532776
2011-09-09,0.3181244134902954
2011-09-12,0.32568779587745667
2011-09-13,0.3330220580101013
2011-09-14,0.3502117693424225
2011-09-15,0.355254203081131
2011-09-16,0.35433730483055115
2011-09-19,0.3470030725002289
2011-09-20,0.3380643427371979
2011-09-21,0.33164694905281067
2011-09-22,0.30964401364326477
2011-09-23,0.3160616159439087
2011-09-26,0.3167491853237152
2011-09-27,0.3172075152397156
2011-09-28,0.30758148431777954
2011-09-29,0.30001795291900635
2011-09-30,0.2867244482040405
2011-10-03,0.270680695772171
2011-10-04,0.2956630289554596
2011-10-05,0.30620619654655457
2011-10-06,0.3183535635471344
2011-10-07,0.32431259751319885
2011-10-10,0.33875200152397156
2011-10-11,0.3350847363471985
2011-10-12,0.3348555862903595
2011-10-13,0.35433730483055115
2011-10-14,0.36029642820358276
2011-10-17,0.34241899847984314
2011-10-18,0.3547956943511963
2011-10-19,0.3476904630661011
2011-10-20,0.33027175068855286
2011-10-21,0.33187609910964966
2011-10-24,0.34425264596939087
2011-10-25,0.3311885595321655
2011-10-26,0.3350847363471985
2011-10-27,0.34952425956726074
2011-10-28,0.3575461208820343
2011-10-31,0.339210569858551
2011-11-01,0.32224979996681213
2011-11-02,0.3167491853237152
2011-11-03,0.33577239513397217
2011-11-04,0.33966875076293945
2011-11-07,0.3378352224826813
2011-11-08,0.34562787413597107
2011-11-09,0.32820892333984375
2011-11-10,0.33164694905281067
2011-11-11,0.3433360159397125
2011-11-14,0.3366892635822296
2011-11-15,0.3410438597202301
2011-11-16,0.33416807651519775
2011-11-17,0.32224979996681213
2011-11-18,0.3192702829837799
2011-11-21,0.3353140950202942
2011-11-22,0.34562787413597107
2011-11-23,0.33095934987068176
2011-11-25,0.321791410446167
2011-11-28,0.3398979902267456
2011-11-29,0.3417314887046814
2011-11-30,0.35823366045951843
2011-12-01,0.36258843541145325
2011-12-02,0.36029642820358276
2011-12-05,0.3547956943511963
2011-12-06,0.3497534394264221
2011-12-07,0.3476904630661011
2011-12-08,0.3366892635822296
2011-12-09,0.3415023982524872
2011-12-12,0.3330220580101013
2011-12-13,0.3238542377948761
2011-12-14,0.3112483322620392
2011-12-15,0.3084980249404907
2011-12-16,0.30964401364326477
2011-12-19,0.3016221821308136
2011-12-20,0.3185826539993286
2011-12-21,0.31445711851119995
2011-12-22,0.32797977328300476
2011-12-23,0.32477113604545593
2011-12-27,0.32224979996681213
2011-12-28,0.31422802805900574
2011-12-29,0.3201870024204254
2011-12-30,0.3176659941673279
2012-01-03,0.321791410446167
2012-01-04,0.3254586160182953
2012-01-05,0.33714765310287476
2012-01-06,0.33325135707855225
2012-01-09,0.33325135707855225
2012-01-10,0.33187609910964966
2012-01-11,0.32522937655448914
2012-01-12,0.3231665790081024
2012-01-13,0.31468647718429565
2012-01-17,0.3098733723163605
2012-01-18,0.3204163908958435
2012-01-19,0.32889655232429504
2012-01-20,0.3259170949459076
2012-01-23,0.3348555862903595
2012-01-24,0.34241899847984314
2012-01-25,0.34035640954971313
2012-01-26,0.33714765310287476
2012-01-27,0.3417314887046814
2012-01-30,0.339210569858551
2012-01-31,0.33852288126945496
2012-02-01,0.3421899378299713
2012-02-02,0.35502490401268005
2012-02-03,0.36258843541145325
2012-02-06,0.35983806848526
2012-02-07,0.3607548773288727
2012-02-08,0.3738189935684204
2012-02-09,0.37358972430229187
2012-02-10,0.3644220232963562
2012-02-13,0.37015193700790405
2012-02-14,0.3722147047519684
2012-02-15,0.3706102669239044
2012-02-16,0.3770277500152588
2012-02-17,0.36327600479125977
2012-02-21,0.3651096522808075
2012-02-22,0.36258843541145325
2012-02-23,0.36465105414390564
2012-02-24,0.36190083622932434
2012-02-27,0.3545665442943573
2012-02-28,0.3513578474521637
2012-02-29,0.3472321927547455
2012-03-01,0.34952425956726074
2012-03-02,0.3525037467479706
2012-03-05,0.34058550000190735
2012-03-06,0.33737683296203613
2012-03-07,0.3394395411014557
2012-03-08,0.34058550000190735
2012-03-09,0.33966875076293945
2012-03-12,0.33439722657203674
2012-03-13,0.3389812409877777
2012-03-14,0.3293549418449402
2012-03-15,0.33416807651519775
2012-03-16,0.3346264362335205
2012-03-19,0.33554327487945557
2012-03-20,0.33004260063171387
2012-03-21,0.3314177393913269
2012-03-22,0.33095934987068176
2012-03-23,0.33348044753074646
2012-03-26,0.33737683296203613
2012-03-27,0.33966875076293945
2012-03-28,0.347461462020874
2012-03-29,0.3490658700466156
2012-03-30,0.35296207666397095
2012-04-02,0.3513578474521637
2012-04-03,0.34562787413597107
2012-04-04,0.33577239513397217
2012-04-05,0.3353140950202942
2012-04-09,0.33095934987068176
2012-04-10,0.32454174757003784
2012-04-11,0.32866719365119934
2012-04-12,0.33646005392074585
2012-04-13,0.32454174757003784
2012-04-16,0.3206454813480377
2012-04-17,0.3213330805301666
2012-04-18,0.3178951144218445
2012-04-19,0.3130820393562317
2012-04-20,0.3068937659263611
2012-04-23,0.3032264709472656
2012-04-24,0.2938295602798462
2012-04-25,0.2997887432575226
2012-04-26,0.30001795291900635
2012-04-27,0.29749661684036255
2012-04-30,0.2979550361633301
2012-05-01,0.3032264709472656
2012-05-02,0.2945172190666199
2012-05-03,0.2894747853279114
2012-05-04,0.28099456429481506
2012-05-07,0.28580769896507263
2012-05-08,0.28557848930358887
2012-05-09,0.2867244482040405
2012-05-10,0.2846617102622986
2012-05-11,0.30276811122894287
2012-05-14,0.3009345233440399
2012-05-15,0.2979550361633301
2012-05-16,0.29199597239494324
2012-05-17,0.2899332046508789
2012-05-18,0.2768690288066864
2012-05-21,0.2816821336746216
2012-05-22,0.27824410796165466
2012-05-23,0.2851201593875885
2012-05-24,0.27755656838417053
2012-05-25,0.2842032313346863
2012-05-29,0.2915375530719757
2012-05-30,0.2880997359752655
2012-05-31,0.28489094972610474
2012-06-01,0.2745770215988159
2012-06-04,0.26884719729423523
2012-06-05,0.2766398787498474
2012-06-06,0.2839740216732025
2012-06-07,0.27251434326171875
2012-06-08,0.2777857482433319
2012-06-11,0.28099456429481506
2012-06-12,0.2867244482040405
2012-06-13,0.2791610360145569
2012-06-14,0.27572304010391235
2012-06-15,0.2816821336746216
2012-06-18,0.2842032313346863
2012-06-19,0.30345574021339417
2012-06-20,0.3082689344882965
2012-06-21,0.2942879796028137
2012-06-22,0.2979550361633301
2012-06-25,0.28855806589126587
2012-06-26,0.2917667031288147
2012-06-27,0.30116382241249084
2012-06-28,0.30345574021339417
2012-06-29,0.3167491853237152
2012-07-02,0.3082689344882965
2012-07-03,0.3162907063961029
2012-07-05,0.3130820393562317
2012-07-06,0.3071229159832001
2012-07-09,0.3029973804950714
2012-07-10,0.2938295602798462
2012-07-11,0.2890163064002991
2012-07-12,0.2842032313346863
2012-07-13,0.28787049651145935
2012-07-16,0.2887871563434601
2012-07-17,0.2835156321525574
2012-07-18,0.2993301451206207
2012-07-19,0.3023098409175873
2012-07-20,0.29360026121139526
2012-07-23,0.29749661684036255
2012-07-24,0.2942879796028137
2012-07-25,0.30001795291900635
2012-07-26,0.3013930320739746
2012-07-27,0.30895647406578064
2012-07-30,0.3055185079574585
2012-07-31,0.31033164262771606
2012-08-01,0.3068937659263611
2012-08-02,0.30803975462913513
2012-08-03,0.31445711851119995
2012-08-06,0.32110396027565
2012-08-07,0.32431259751319885
2012-08-08,0.3261462152004242
2012-08-09,0.33714765310287476
2012-08-10,0.3350847363471985
2012-08-13,0.3394395411014557
2012-08-14,0.33439722657203674
2012-08-15,0.33187609910964966
2012-08-16,0.33875200152397156
2012-08-17,0.33577239513397217
2012-08-20,0.33577239513397217
2012-08-21,0.3348555862903595
2012-08-22,0.33554327487945557
2012-08-23,0.32797977328300476
2012-08-24,0.3346264362335205
2012-08-27,0.32889655232429504
2012-08-28,0.32752129435539246
2012-08-29,0.32820892333984375
2012-08-30,0.32202062010765076
2012-08-31,0.321562260389328
2012-09-04,0.3043724298477173
2012-09-05,0.30528929829597473
2012-09-06,0.31468647718429565
2012-09-07,0.3071229159832001
2012-09-10,0.3043724298477173
2012-09-11,0.30803975462913513
2012-09-12,0.3114776611328125
2012-09-13,0.3135404586791992
2012-09-14,0.3172075152397156
2012-09-17,0.3084980249404907
2012-09-18,0.31056076288223267
2012-09-19,0.31422802805900574
2012-09-20,0.3119359314441681
2012-09-21,0.3133111894130707
2012-09-24,0.3130820393562317
2012-09-25,0.30735209584236145
2012-09-26,0.30208057165145874
2012-09-27,0.3043724298477173
2012-09-28,0.30574774742126465
2012-10-01,0.3007054626941681
2012-10-02,0.30185142159461975
2012-10-03,0.2988716959953308
2012-10-04,0.3121652603149414
2012-10-05,0.304830938577652
2012-10-08,0.30185142159461975
2012-10-09,0.295433908700943
2012-10-10,0.29039159417152405
2012-10-11,0.29199597239494324
2012-10-12,0.2894747853279114
2012-10-15,0.2931419014930725
2012-10-16,0.3016221821308136
2012-10-17,0.2993301451206207
2012-10-18,0.2947462797164917
2012-10-19,0.27755656838417053
2012-10-22,0.2743479013442993
2012-10-23,0.28259897232055664
2012-10-24,0.27893173694610596
2012-10-25,0.2791610360145569
2012-10-26,0.2761814594268799
2012-10-31,0.2745770215988159
2012-11-01,0.2876411974430084
2012-11-02,0.2862660586833954
2012-11-05,0.29841354489326477
2012-11-06,0.29818427562713623
2012-11-07,0.2890163064002991
2012-11-08,0.2906207740306854
2012-11-09,0.2793901860713959
2012-11-12,0.2732018232345581
2012-11-13,0.2711390554904938
2012-11-14,0.2644924223423004
2012-11-15,0.2656383812427521
2012-11-16,0.2608252465724945
2012-11-19,0.26815950870513916
2012-11-20,0.2650454640388489
2012-11-21,0.2726576030254364
2012-11-23,0.27450326085090637
2012-11-26,0.2793472707271576
2012-11-27,0.280500590801239
2012-11-28,0.28280746936798096
2012-11-29,0.27773258090019226
2012-11-30,0.2761179804801941
2012-12-03,0.2710428833961487
2012-12-04,0.27911654114723206
2012-12-05,0.2758871912956238
2012-12-06,0.2763485014438629
2012-12-07,0.2758871912956238
2012-12-10,0.2851141095161438
2012-12-11,0.2918037474155426
2012-12-12,0.2888049781322479
2012-12-13,0.2890356481075287
2012-12-14,0.29041972756385803
2012-12-17,0.2892662584781647
2012-12-18,0.28972765803337097
2012-12-19,0.2918037474155426
2012-12-20,0.29157304763793945
2012-12-21,0.28488343954086304
2012-12-24,0.2825767397880554
2012-12-26,0.28234606981277466
2012-12-27,0.280500590801239
2012-12-28,0.27911654114723206
2012-12-31,0.28280746936798096
2013-01-02,0.29341834783554077
2013-01-03,0.29364916682243347
2013-01-04,0.3033374845981598
2013-01-07,0.2945719063282013
2013-01-08,0.2881128787994385
2013-01-09,0.28165408968925476
2013-01-10,0.28211531043052673
2013-01-11,0.28165408968925476
2013-01-14,0.2814233899116516
2013-01-15,0.2763485014438629
2013-01-16,0.27888599038124084
2013-01-17,0.2825767397880554
2013-01-18,0.28073135018348694
2013-01-22,0.2793472707271576
2013-01-23,0.2798086404800415
2013-01-24,0.28119269013404846
2013-01-25,0.28626760840415955
2013-01-28,0.2908809781074524
2013-01-29,0.28465285897254944
2013-01-30,0.2841915190219879
2013-01-31,0.28280746936798096
2013-02-01,0.2853447496891022
2013-02-04,0.280500590801239
2013-02-05,0.28695958852767944
2013-02-06,0.28465285897254944
2013-02-07,0.28349944949150085
2013-02-08,0.2853447496891022
2013-02-11,0.28857421875
2013-02-12,0.2867288589477539
2013-02-13,0.2853447496891022
2013-02-14,0.29364916682243347
2013-02-15,0.29364916682243347
2013-02-19,0.28972765803337097
2013-02-20,0.2855755686759949
2013-02-21,0.28349944949150085
2013-02-22,0.2888049781322479
2013-02-25,0.2837302088737488
2013-02-26,0.2870953381061554
2013-02-27,0.29243341088294983
2013-02-28,0.2938261032104492
2013-03-01,0.29498645663261414
2013-03-04,0.2938261032104492
2013-03-05,0.2970753312110901
2013-03-06,0.29684317111968994
2013-03-07,0.2961469292640686
2013-03-08,0.2975394129753113
2013-03-11,0.29475435614585876
2013-03-12,0.29568272829055786
2013-03-13,0.29568272829055786
2013-03-14,0.2959149181842804
2013-03-15,0.2933618128299713
2013-03-18,0.29127296805381775
2013-03-19,0.2894164025783539
2013-03-20,0.29289761185646057
2013-03-21,0.2882559299468994
2013-03-22,0.2896484136581421
2013-03-25,0.28802379965782166
2013-03-26,0.29011255502700806
2013-03-27,0.29359400272369385
2013-03-28,0.29777151346206665
2013-04-01,0.28802379965782166
2013-04-02,0.285006582736969
2013-04-03,0.28152525424957275
2013-04-04,0.28431031107902527
2013-04-05,0.2891842722892761
2013-04-08,0.28848791122436523
2013-04-09,0.2931297719478607
2013-04-10,0.29777151346206665
2013-04-11,0.29637911915779114
2013-04-12,0.3038058876991272
2013-04-15,0.2975394129753113
2013-04-16,0.3007887005805969
2013-04-17,0.29684317111968994
2013-04-18,0.29104089736938477
2013-04-19,0.29173722863197327
2013-04-22,0.2922014892101288
2013-04-23,0.29986029863357544
2013-04-24,0.3100723326206207
2013-04-25,0.3126252591609955
2013-04-26,0.31123265624046326
2013-04-29,0.31494611501693726
2013-04-30,0.3195880651473999
2013-05-01,0.31680285930633545
2013-05-02,0.3205163776874542
2013-05-03,0.32190895080566406
2013-05-06,0.32098057866096497
2013-05-07,0.31680285930633545
2013-05-08,0.3226051926612854
2013-05-09,0.32283738255500793
2013-05-10,0.337458997964859
2013-05-13,0.330496221780777
2013-05-14,0.335370272397995
2013-05-15,0.34117239713668823
2013-05-16,0.33954787254333496
2013-05-17,0.3451178967952728
2013-05-20,0.3444216847419739
2013-05-21,0.3480372428894043
2013-05-22,0.3359073996543884
2013-05-23,0.3412725329399109
2013-05-24,0.3391731381416321
2013-05-28,0.33893975615501404
2013-05-29,0.33684042096138
2013-05-30,0.3412725329399109
2013-05-31,0.33754023909568787
2013-06-03,0.3370737135410309
2013-06-04,0.33754023909568787
2013-06-05,0.33030885457992554
2013-06-06,0.33240824937820435
2013-06-07,0.3370737135410309
2013-06-10,0.33684042096138
2013-06-11,0.33054211735725403
2013-06-12,0.32774296402931213
2013-06-13,0.3352075219154358
2013-06-14,0.33474093675613403
2013-06-17,0.33800673484802246
2013-06-18,0.3359073996543884
2013-06-19,0.34617114067077637
2013-06-20,0.33684042096138
2013-06-21,0.3363739252090454
2013-06-24,0.32937586307525635
2013-06-25,0.33170852065086365
2013-06-26,0.3298422694206238
2013-06-27,0.32680991291999817
2013-06-28,0.3275095820426941
2013-07-01,0.3289091885089874
2013-07-02,0.32867613434791565
2013-07-03,0.32960909605026245
2013-07-05,0.33217504620552063
2013-07-08,0.33054211735725403
2013-07-09,0.33217504620552063
2013-07-10,0.3366072177886963
2013-07-11,0.3412725329399109
2013-07-12,0.34150582551956177
2013-07-15,0.34080594778060913
2013-07-16,0.3426721394062042
2013-07-17,0.34080594778060913
2013-07-18,0.33940640091896057
2013-07-19,0.33217504620552063
2013-07-22,0.3319418132305145
2013-07-23,0.33147522807121277
2013-07-24,0.33147522807121277
2013-07-25,0.3326416015625
2013-07-26,0.3312419354915619
2013-07-29,0.33054211735725403
2013-07-30,0.33614063262939453
2013-07-31,0.33684042096138
2013-08-01,0.34150582551956177
2013-08-02,0.3443050980567932
2013-08-05,0.34593793749809265
2013-08-06,0.34080594778060913
2013-08-07,0.34057268500328064
2013-08-08,0.3429054617881775
2013-08-09,0.33800673484802246
2013-08-12,0.3352075219154358
2013-08-13,0.3363739252090454
2013-08-14,0.35060325264930725
2013-08-15,0.3529359698295593
2013-08-16,0.3543356657028198
2013-08-19,0.34873709082603455
2013-08-20,0.35049542784690857
2013-08-21,0.3488544225692749
2013-08-22,0.35072991251945496
2013-08-23,0.35072991251945496
2013-08-26,0.3514331877231598
2013-08-27,0.3469788730144501
2013-08-28,0.3469788730144501
2013-08-29,0.3462754786014557
2013-08-30,0.3458065390586853
2013-09-03,0.3460410237312317
2013-09-04,0.34932324290275574
2013-09-05,0.3502611219882965
2013-09-06,0.3488544225692749
2013-09-09,0.3547155261039734
2013-09-10,0.3622177243232727
2013-09-11,0.36831343173980713
2013-09-12,0.36807891726493835
2013-09-13,0.37042340636253357
2013-09-16,0.370657742023468
2013-09-17,0.3718300461769104
2013-09-18,0.3751121759414673
2013-09-19,0.37347114086151123
2013-09-20,0.37018898129463196
2013-09-23,0.3666723966598511
2013-09-24,0.36807891726493835
2013-09-25,0.36854782700538635
2013-09-26,0.36737558245658875
2013-09-27,0.36526554822921753
2013-09-30,0.3647966682910919
2013-10-01,0.3645622432231903
2013-10-02,0.36432769894599915
2013-10-03,0.3605765700340271
2013-10-04,0.36549994349479675
2013-10-07,0.36549994349479675
2013-10-08,0.3624522089958191
2013-10-09,0.35682550072669983
2013-10-10,0.3608110845088959
2013-10-11,0.35776326060295105
2013-10-14,0.36315563321113586
2013-10-15,0.36128002405166626
2013-10-16,0.36573442816734314
2013-10-17,0.36643776297569275
2013-10-18,0.370657742023468
2013-10-21,0.3715955317020416
2013-10-22,0.3697200119495392
2013-10-23,0.36338987946510315
2013-10-24,0.3608110845088959
2013-10-25,0.3572945296764374
2013-10-28,0.35659101605415344
2013-10-29,0.35705989599227905
2013-10-30,0.35682550072669983
2013-10-31,0.3561221659183502
2013-11-01,0.35776326060295105
2013-11-04,0.34744778275489807
2013-11-05,0.3469788730144501
2013-11-06,0.34932324290275574
2013-11-07,0.341117799282074
2013-11-08,0.3647966682910919
2013-11-11,0.3678444027900696
2013-11-12,0.36854782700538635
2013-11-13,0.3786289095878601
2013-11-14,0.3802700638771057
2013-11-15,0.3790977895259857
2013-11-18,0.3699544668197632
2013-11-19,0.3639437258243561
2013-11-20,0.3585222661495209
2013-11-21,0.3613508641719818
2013-11-22,0.357815146446228
2013-11-25,0.3655937612056732
2013-11-26,0.3686582148075104
2013-11-27,0.3700723946094513
2013-11-29,0.36771512031555176
2013-12-02,0.3712508976459503
2013-12-03,0.37101516127586365
2013-12-04,0.3762008845806122
2013-12-05,0.3700723946094513
2013-12-06,0.3646508455276489
2013-12-09,0.3585222661495209
2013-12-10,0.36677226424217224
2013-12-11,0.36323654651641846
2013-12-12,0.35616520047187805
2013-12-13,0.3540436923503876
2013-12-16,0.3545151650905609
2013-12-17,0.35616520047187805
2013-12-18,0.36111509799957275
2013-12-19,0.36252933740615845
2013-12-20,0.3698365390300751
2013-12-23,0.3719579875469208
2013-12-24,0.3729008734226227
2013-12-26,0.3693651258945465
2013-12-27,0.371486634016037
2013-12-30,0.3764365017414093
2013-12-31,0.3776153326034546
2014-01-02,0.373843789100647
2014-01-03,0.3693651258945465
2014-01-06,0.3743151128292084
2014-01-07,0.3804436922073364
2014-01-08,0.38562944531440735
2014-01-09,0.3712508976459503
2014-01-10,0.3707793354988098
2014-01-13,0.3620578646659851
2014-01-14,0.37337231636047363
2014-01-15,0.377379447221756
2014-01-16,0.378557950258255
2014-01-17,0.37690800428390503
2014-01-21,0.37832239270210266
2014-01-22,0.3778509199619293
2014-01-23,0.3764365017414093
2014-01-24,0.36677226424217224
2014-01-27,0.3644151985645294
2014-01-28,0.3679509162902832
2014-01-29,0.3644151985645294
2014-01-30,0.3705437481403351
2014-01-31,0.3700723946094513
2014-02-03,0.3651224374771118
2014-02-04,0.3672436773777008
2014-02-05,0.3639437258243561
2014-02-06,0.3686582148075104
2014-02-07,0.3740794360637665
2014-02-10,0.37525802850723267
2014-02-11,0.38303661346435547
2014-02-12,0.3967081308364868
2014-02-13,0.4092009365558624
2014-02-14,0.4221653640270233
2014-02-18,0.42192956805229187
2014-02-19,0.42758670449256897
2014-02-20,0.4426724314689636
2014-02-21,0.4393724501132965
2014-02-24,0.4457366466522217
2014-02-25,0.4437240958213806
2014-02-26,0.4430137872695923
2014-02-27,0.4380413889884949
2014-02-28,0.43520012497901917
2014-03-03,0.43306902050971985
2014-03-04,0.43756797909736633
2014-03-05,0.4413563311100006
2014-03-06,0.43520012497901917
2014-03-07,0.4347264766693115
2014-03-10,0.4283334016799927
2014-03-11,0.432595431804657
2014-03-12,0.43377944827079773
2014-03-13,0.42004621028900146
2014-03-14,0.4219404458999634
2014-03-17,0.4219404458999634
2014-03-18,0.43188512325286865
2014-03-19,0.43946215510368347
2014-03-20,0.439698725938797
2014-03-21,0.4389885365962982
2014-03-24,0.43685755133628845
2014-03-25,0.43685755133628845
2014-03-26,0.42691275477409363
2014-03-27,0.4212302267551422
2014-03-28,0.4238347113132477
2014-03-31,0.4240714907646179
2014-04-01,0.44159314036369324
2014-04-02,0.43875178694725037
2014-04-03,0.44348737597465515
2014-04-04,0.42975425720214844
2014-04-07,0.4311748743057251
2014-04-08,0.44656550884246826
2014-04-09,0.44609180092811584
2014-04-10,0.43520012497901917
2014-04-11,0.42904388904571533
2014-04-14,0.43377944827079773
2014-04-15,0.43685755133628845
2014-04-16,0.43780460953712463
2014-04-17,0.43946215510368347
2014-04-21,0.4430137872695923
2014-04-22,0.4468022882938385
2014-04-23,0.45201149582862854
2014-04-24,0.4560367465019226
2014-04-25,0.44348737597465515
2014-04-28,0.44159314036369324
2014-04-29,0.4425402879714966
2014-04-30,0.43733102083206177
2014-05-01,0.439698725938797
2014-05-02,0.4363839626312256
2014-05-05,0.441119521856308
2014-05-06,0.4321219325065613
2014-05-07,0.432595431804657
2014-05-08,0.4380413889884949
2014-05-09,0.42738649249076843
2014-05-12,0.43993574380874634
2014-05-13,0.43283241987228394
2014-05-14,0.4285702109336853
2014-05-15,0.4262025058269501
2014-05-16,0.42525532841682434
2014-05-19,0.4389885365962982
2014-05-20,0.43387433886528015
2014-05-21,0.43387433886528015
2014-05-22,0.43577736616134644
2014-05-23,0.43982115387916565
2014-05-27,0.4476708173751831
2014-05-28,0.45147669315338135
2014-05-29,0.4507630467414856
2014-05-30,0.45195236802101135
2014-06-02,0.4505252242088318
2014-06-03,0.4486222565174103
2014-06-04,0.4490981101989746
2014-06-05,0.45100095868110657
2014-06-06,0.4526660442352295
2014-06-09,0.45314183831214905
2014-06-10,0.4555206000804901
2014-06-11,0.46146726608276367
2014-06-12,0.46432173252105713
2014-06-13,0.4647974967956543
2014-06-16,0.4633701741695404
2014-06-17,0.4664624333381653
2014-06-18,0.46598681807518005
2014-06-19,0.45528265833854675
2014-06-20,0.4502873420715332
2014-06-23,0.445054292678833
2014-06-24,0.43815603852272034
2014-06-25,0.44267553091049194
2014-06-26,0.43672871589660645
2014-06-27,0.4372045695781708
2014-06-30,0.4410104751586914
2014-07-01,0.4460057318210602
2014-07-02,0.44434067606925964
2014-07-03,0.4483844041824341
2014-07-07,0.4448162317276001
2014-07-08,0.4412483274936676
2014-07-09,0.4545690417289734
2014-07-10,0.4521903693675995
2014-07-11,0.45314183831214905
2014-07-14,0.4588507115840912
2014-07-15,0.4607536494731903
2014-07-16,0.46027785539627075
2014-07-17,0.459088534116745
2014-07-18,0.4386317729949951
2014-07-21,0.4412483274936676
2014-07-22,0.4393453896045685
2014-07-23,0.43006837368011475
2014-07-24,0.4307820200920105
2014-07-25,0.42317020893096924
2014-07-28,0.4215050935745239
2014-07-29,0.4229324460029602
2014-07-30,0.43006837368011475
2014-07-31,0.41627201437950134
2014-08-01,0.42079150676727295
2014-08-04,0.4198400378227234
2014-08-05,0.4200778901576996
2014-08-06,0.4196021854877472
2014-08-07,0.415320485830307
2014-08-08,0.45195236802101135
2014-08-11,0.449573814868927
2014-08-12,0.449573814868927
2014-08-13,0.4521903693675995
2014-08-14,0.44719502329826355
2014-08-15,0.4529039263725281
2014-08-18,0.459088534116745
2014-08-19,0.4627918004989624
2014-08-20,0.4599248468875885
2014-08-21,0.45562422275543213
2014-08-22,0.4558631181716919
2014-08-25,0.4565798342227936
2014-08-26,0.4647032916545868
2014-08-27,0.4594469964504242
2014-08-28,0.4632696807384491
2014-08-29,0.4647032916545868
2014-09-02,0.46589791774749756
2014-09-03,0.4701983332633972
2014-09-04,0.4785606265068054
2014-09-05,0.4771271347999573
2014-09-08,0.4728265106678009
2014-09-09,0.4668535590171814
2014-09-10,0.46852582693099976
2014-09-11,0.463747501373291
2014-09-12,0.45681875944137573
2014-09-15,0.4506068229675293
2014-09-16,0.4572966694831848
2014-09-17,0.45753568410873413
2014-09-18,0.46446430683135986
2014-09-19,0.4558631181716919
2014-09-22,0.45132362842559814
2014-09-23,0.4494122266769409
2014-09-24,0.4520404040813446
2014-09-25,0.4422444701194763
2014-09-26,0.44320014119148254
2014-09-29,0.4424833655357361
2014-09-30,0.44081100821495056
2014-10-01,0.4365103840827942
2014-10-02,0.4345990717411041
2014-10-03,0.43555474281311035
2014-10-06,0.4329265058040619
2014-10-07,0.42838701605796814
2014-10-08,0.4362715780735016
2014-10-09,0.42790937423706055
2014-10-10,0.40258345007896423
2014-10-13,0.4011499285697937
2014-10-14,0.4104679226875305
2014-10-15,0.4166799783706665
2014-10-16,0.4169187843799591
2014-10-17,0.41620197892189026
2014-10-20,0.4197859764099121
2014-10-21,0.43770506978034973
2014-10-22,0.42743149399757385
2014-10-23,0.4369882345199585
2014-10-24,0.4415278434753418
2014-10-27,0.4417666792869568
2014-10-28,0.4522792100906372
2014-10-29,0.4494122266769409
2014-10-30,0.4465451240539551
2014-10-31,0.4668535590171814
2014-11-03,0.47473806142807007
2014-11-04,0.48094993829727173
2014-11-05,0.48094993829727173
2014-11-06,0.48310020565986633
2014-11-07,0.4728265106678009
2014-11-10,0.47832179069519043
2014-11-11,0.472587525844574
2014-11-12,0.4694816768169403
2014-11-13,0.4670923352241516
2014-11-14,0.4728265106678009
2014-11-17,0.4706763029098511
2014-11-18,0.4819055199623108
2014-11-19,0.48010608553886414
2014-11-20,0.48802387714385986
2014-11-21,0.4906631410121918
2014-11-24,0.4937824606895447
2014-11-25,0.49354228377342224
2014-11-26,0.5019398927688599
2014-11-28,0.5031395554542542
2014-12-01,0.4937824606895447
2014-12-02,0.49450215697288513
2014-12-03,0.507218599319458
2014-12-04,0.502659797668457
2014-12-05,0.5055391192436218
2014-12-08,0.4990607798099518
2014-12-09,0.4973812699317932
2014-12-10,0.4863443076610565
2014-12-11,0.48610439896583557
2014-12-12,0.47098878026008606
2014-12-15,0.4695490002632141
2014-12-16,0.4642705023288727
2014-12-17,0.4832252562046051
2014-12-18,0.4851446747779846
2014-12-19,0.48994335532188416
2014-12-22,0.4985808730125427
2014-12-23,0.49546194076538086
2014-12-24,0.49354228377342224
2014-12-26,0.4940222501754761
2014-12-29,0.49330222606658936
2014-12-30,0.4887438416481018
2014-12-31,0.4810657799243927
2015-01-02,0.48298531770706177
2015-01-05,0.4748275578022003
2015-01-06,0.4604315459728241
2015-01-07,0.459231972694397
2015-01-08,0.4765070080757141
2015-01-09,0.4784265458583832
2015-01-12,0.47242823243141174
2015-01-13,0.4717084467411041
2015-01-14,0.47362783551216125
2015-01-15,0.47026878595352173
2015-01-16,0.47890645265579224
2015-01-20,0.4803459942340851
2015-01-21,0.4870642423629761
2015-01-22,0.49546194076538086
2015-01-23,0.49690142273902893
2015-01-26,0.4947420060634613
2015-01-27,0.47098878026008606
2015-01-28,0.4633108377456665
2015-01-29,0.4745875298976898
2015-01-30,0.4606713652610779
2015-02-02,0.47074857354164124
2015-02-03,0.4825054407119751
2015-02-04,0.4837050139904022
2015-02-05,0.4916227161884308
2015-02-06,0.4894633889198303
2015-02-09,0.48898378014564514
2015-02-10,0.502659797668457
2015-02-11,0.49930086731910706
2015-02-12,0.5350506901741028
2015-02-13,0.5352908372879028
2015-02-17,0.5369702577590942
2015-02-18,0.5307319164276123
2015-02-19,0.5321716666221619
2015-02-20,0.5360103845596313
2015-02-23,0.5316917896270752
2015-02-24,0.5373518466949463
2015-02-25,0.5332573652267456
2015-02-26,0.5347021818161011
2015-02-27,0.5313302874565125
2015-03-02,0.5443364977836609
2015-03-03,0.534220814704895
2015-03-04,0.540242075920105
2015-03-05,0.5505989789962769
2015-03-06,0.5431323647499084
2015-03-09,0.5445775985717773
2015-03-10,0.5539710521697998
2015-03-11,0.551080584526062
2015-03-12,0.5460225939750671
2015-03-13,0.5467454195022583
2015-03-16,0.5532484650611877
2015-03-17,0.5599924921989441
2015-03-18,0.550839900970459
2015-03-19,0.559269905090332
2015-03-20,0.5652910470962524
2015-03-23,0.5469859838485718
2015-03-24,0.539519727230072
2015-03-25,0.5067629218101501
2015-03-26,0.5050768852233887
2015-03-27,0.5149521231651306
2015-03-30,0.5171200037002563
2015-03-31,0.5041134357452393
2015-04-01,0.5060404539108276
2015-04-02,0.5072446465492249
2015-04-06,0.52193683385849
2015-04-07,0.5265132784843445
2015-04-08,0.5303670167922974
2015-04-09,0.5426505208015442
2015-04-10,0.5481902956962585
2015-04-13,0.5431323647499084
2015-04-14,0.5385562777519226
2015-04-15,0.545059323310852
2015-04-16,0.5416873097419739
2015-04-17,0.5347021818161011
2015-04-20,0.5320531129837036
2015-04-21,0.5313302874565125
2015-04-22,0.5373518466949463
2015-04-23,0.5351841449737549
2015-04-24,0.5306078195571899
2015-04-27,0.5347021818161011
2015-04-28,0.5373518466949463
2015-04-29,0.5332573652267456
2015-04-30,0.5347021818161011
2015-05-01,0.547949492931366
2015-05-04,0.5445775985717773
2015-05-05,0.5306078195571899
2015-05-06,0.5322939157485962
2015-05-07,0.5416873097419739
2015-05-08,0.5017049908638
2015-05-11,0.496887743473053
2015-05-12,0.5017049908638
2015-05-13,0.5045952796936035
2015-05-14,0.5127843022346497
2015-05-15,0.5130252838134766
2015-05-18,0.5123027563095093
2015-05-19,0.5091087222099304
2015-05-20,0.5091087222099304
2015-05-21,0.5054792165756226
2015-05-22,0.5047531127929688
2015-05-26,0.5016075968742371
2015-05-27,0.5284664630889893
2015-05-28,0.5357257127761841
2015-05-29,0.5354835391044617
2015-06-01,0.5415328145027161
2015-06-02,0.5308862328529358
2015-06-03,0.5250790119171143
2015-06-04,0.5345157384872437
2015-06-05,0.5386294722557068
2015-06-08,0.526288628578186
2015-06-09,0.5289503931999207
2015-06-10,0.5195136070251465
2015-06-11,0.5250790119171143
2015-06-12,0.5108024477958679
2015-06-15,0.5098346471786499
2015-06-16,0.5161257982254028
2015-06-17,0.5221752524375916
2015-06-18,0.5308862328529358
2015-06-19,0.529192328453064
2015-06-22,0.527014434337616
2015-06-23,0.513464093208313
2015-06-24,0.5083827376365662
2015-06-25,0.5122544169425964
2015-06-26,0.5018494725227356
2015-06-29,0.48684725165367126
2015-06-30,0.4866052269935608
2015-07-01,0.49362242221832275
2015-07-02,0.4941064119338989
2015-07-06,0.48805704712867737
2015-07-07,0.4788622260093689
2015-07-08,0.4754745662212372
2015-07-09,0.4696671962738037
2015-07-10,0.47789430618286133
2015-07-13,0.48103994131088257
2015-07-14,0.48128193616867065
2015-07-15,0.47789430618286133
2015-07-16,0.48854103684425354
2015-07-17,0.485637366771698
2015-07-20,0.4766845107078552
2015-07-21,0.4788622260093689
2015-07-22,0.4696671962738037
2015-07-23,0.4754745662212372
2015-07-24,0.4699092507362366
2015-07-27,0.46724754571914673
2015-07-28,0.47741034626960754
2015-07-29,0.48321768641471863
2015-07-30,0.4844275712966919
2015-07-31,0.4827336370944977
2015-08-03,0.4909607172012329
2015-08-04,0.4928967356681824
2015-08-05,0.4979780912399292
2015-08-06,0.4948323965072632
2015-08-07,0.5560512542724609
2015-08-10,0.5754088759422302
2015-08-11,0.5725054740905762
2015-08-12,0.5739569664001465
2015-08-13,0.5691177248954773
2015-08-14,0.5696015954017639
2015-08-17,0.5659720301628113
2015-08-18,0.5608208179473877
2015-08-19,0.5586338639259338
2015-08-20,0.538465678691864
2015-08-21,0.5216996669769287
2015-08-24,0.5032322406768799
2015-08-25,0.4927835166454315
2015-08-26,0.5299609303474426
2015-08-27,0.549886167049408
2015-08-28,0.5523161888122559
2015-08-31,0.5462412238121033
2015-09-01,0.5238862633705139
2015-09-02,0.539680540561676
2015-09-03,0.5411385893821716
2015-09-04,0.5285030007362366
2015-09-08,0.5511010885238647
2015-09-09,0.5401664972305298
2015-09-10,0.5486712455749512
2015-09-11,0.550372302532196
2015-09-14,0.5513442158699036
2015-09-15,0.5574186444282532
2015-09-16,0.5613065958023071
2015-09-17,0.5664095878601074
2015-09-18,0.5659231543540955
2015-09-21,0.5717552304267883
2015-09-22,0.556204080581665
2015-09-23,0.5588766932487488
2015-09-24,0.5695682168006897
2015-09-25,0.5736991763114929
2015-09-28,0.5661665201187134
2015-09-29,0.5761290192604065
2015-09-30,0.5989699959754944
2015-10-01,0.5873066782951355
2015-10-02,0.6026151180267334
2015-10-05,0.6176803112030029
2015-10-06,0.6256991028785706
2015-10-07,0.632259726524353
2015-10-08,0.6359046101570129
2015-10-09,0.6334747672080994
2015-10-12,0.6402784585952759
2015-10-13,0.6414934396743774
2015-10-14,0.6648203134536743
2015-10-15,0.666521430015564
2015-10-16,0.6769698858261108
2015-10-19,0.675754725933075
2015-10-20,0.6747828125953674
2015-10-21,0.6660354137420654
2015-10-22,0.6900911331176758
2015-10-23,0.6947082281112671
2015-10-26,0.6915490627288818
2015-10-27,0.6910633444786072
2015-10-28,0.6966521143913269
2015-10-29,0.6725959777832031
2015-10-30,0.6893622875213623
2015-11-02,0.6973806619644165
2015-11-03,0.6925209164619446
2015-11-04,0.681100606918335
2015-11-05,0.6733248233795166
2015-11-06,0.7666330933570862
2015-11-09,0.7632312774658203
2015-11-10,0.748651921749115
2015-11-11,0.7413621544837952
2015-11-12,0.7386892437934875
2015-11-13,0.7241100072860718
2015-11-16,0.7386892437934875
2015-11-17,0.7386892437934875
2015-11-18,0.7568607330322266
2015-11-19,0.7590559124946594
2015-11-20,0.7656415700912476
2015-11-23,0.7541777491569519
2015-11-24,0.7602753043174744
2015-11-25,0.7592999339103699
2015-11-27,0.7656415700912476
2015-11-30,0.7736908197402954
2015-12-01,0.7988136410713196
2015-12-02,0.792715847492218
2015-12-03,0.7910084128379822
2015-12-04,0.8232050538063049
2015-12-07,0.8075947761535645
2015-12-08,0.8185706734657288
2015-12-09,0.797838032245636
2015-12-10,0.8044235706329346
2015-12-11,0.7924720048904419
2015-12-14,0.7944232821464539
2015-12-15,0.8041796684265137
2015-12-16,0.8090581297874451
2015-12-17,0.7968623638153076
2015-12-18,0.7839349508285522
2015-12-21,0.8024724721908569
2015-12-22,0.8032041192054749
2015-12-23,0.8063751459121704
2015-12-24,0.8090581297874451
2015-12-28,0.8083263039588928
2015-12-29,0.8214976191520691
2015-12-30,0.8144242167472839
2015-12-31,0.8039360046386719
2016-01-04,0.7895451188087463
2016-01-05,0.8022284507751465
2016-01-06,0.7690563201904297
2016-01-07,0.7385672926902771
2016-01-08,0.7227129936218262
2016-01-11,0.7239323854446411
2016-01-12,0.7361282110214233
2016-01-13,0.7136881351470947
2016-01-14,0.6992973685264587
2016-01-15,0.6612468957901001
2016-01-19,0.6666132807731628
2016-01-20,0.6702719330787659
2016-01-21,0.6780771017074585
2016-01-22,0.6939314007759094
2016-01-25,0.6931995153427124
2016-01-26,0.7000288367271423
2016-01-27,0.6917361617088318
2016-01-28,0.6841747760772705
2016-01-29,0.714419960975647
2016-02-01,0.7146639823913574
2016-02-02,0.6844187378883362
2016-02-03,0.6878334879875183
2016-02-04,0.6880772709846497
2016-02-05,0.6446608901023865
2016-02-08,0.6151476502418518
2016-02-09,0.6217331290245056
2016-02-10,0.6202695369720459
2016-02-11,0.6170989871025085
2016-02-12,0.6275867819786072
2016-02-16,0.6583200097084045
2016-02-17,0.6746622323989868
2016-02-18,0.7327134609222412
2016-02-19,0.7424699664115906
2016-02-22,0.768812358379364
2016-02-23,0.7707638740539551
2016-02-24,0.7761297821998596
2016-02-25,0.7778371572494507
2016-02-26,0.7727150917053223
2016-02-29,0.7676968574523926
2016-03-01,0.8017240166664124
2016-03-02,0.8063752055168152
2016-03-03,0.7992759346961975
2016-03-04,0.7968279719352722
2016-03-07,0.7916871309280396
2016-03-08,0.7772438526153564
2016-03-09,0.7767542600631714
2016-03-10,0.7755301594734192
2016-03-11,0.7887495160102844
2016-03-14,0.7907077074050903
2016-03-15,0.7867909669876099
2016-03-16,0.8102919459342957
2016-03-17,0.8034377098083496
2016-03-18,0.8276728391647339
2016-03-21,0.8301208019256592
2016-03-22,0.8286519050598145
2016-03-23,0.8428506255149841
2016-03-24,0.8440747857093811
2016-03-28,0.852642834186554
2016-03-29,0.8663516044616699
2016-03-30,0.8754092454910278
2016-03-31,0.8722268342971802
2016-04-01,0.8849563598632812
2016-04-04,0.876388430595398
2016-04-05,0.8751643300056458
2016-04-06,0.876388430595398
2016-04-07,0.8673306703567505
2016-04-08,0.8729614019393921
2016-04-11,0.8783466815948486
2016-04-12,0.8773675560951233
2016-04-13,0.8993996977806091
2016-04-14,0.9018478393554688
2016-04-15,0.9089470505714417
2016-04-18,0.9050300717353821
2016-04-19,0.8888733386993408
2016-04-20,0.8923003673553467
2016-04-21,0.891321063041687
2016-04-22,0.8878940939903259
2016-04-25,0.8923003673553467
2016-04-26,0.893034815788269
2016-04-27,0.9133533835411072
2016-04-28,0.8861804604530334
2016-04-29,0.8697787523269653
2016-05-02,0.8812843561172485
2016-05-03,0.8707579970359802
2016-05-04,0.8509290218353271
2016-05-05,0.8560699820518494
2016-05-06,0.8648829460144043
2016-05-09,0.8636587858200073
2016-05-10,0.8803052306175232
2016-05-11,0.8827533721923828
2016-05-12,0.8707579970359802
2016-05-13,1.0031952857971191
2016-05-16,1.0328165292739868
2016-05-17,1.0350195169448853
2016-05-18,1.0614583492279053
2016-05-19,1.0661094188690186
2016-05-20,1.085203766822815
2016-05-23,1.0869171619415283
2016-05-24,1.1133018732070923
2016-05-25,1.1086382865905762
2016-05-26,1.1204195022583008
2016-05-27,1.1265554428100586
2016-05-31,1.1466811895370483
2016-06-01,1.1488906145095825
2016-06-02,1.1569899320602417
2016-06-03,1.1407908201217651
2016-06-06,1.1349002122879028
2016-06-07,1.1371088027954102
2016-06-08,1.1334275007247925
2016-06-09,1.1628799438476562
2016-06-10,1.1339185237884521
2016-06-13,1.1483994722366333
2016-06-14,1.1506080627441406
2016-06-15,1.1623893976211548
2016-06-16,1.1670528650283813
2016-06-17,1.1466811895370483
2016-06-20,1.167297601699829
2016-06-21,1.1601802110671997
2016-06-22,1.15919828414917
2016-06-23,1.190123438835144
2016-06-24,1.1223829984664917
2016-06-27,1.1103568077087402
2016-06-28,1.1265554428100586
2016-06-29,1.144963264465332
2016-06-30,1.1537988185882568
2016-07-01,1.1452088356018066
2016-07-05,1.1621438264846802
2016-07-06,1.1695066690444946
2016-07-07,1.1999411582946777
2016-07-08,1.248046875
2016-07-11,1.2767630815505981
2016-07-12,1.2959071397781372
2016-07-13,1.295415997505188
2016-07-14,1.3086693286895752
2016-07-15,1.2934527397155762
2016-07-18,1.300079345703125
2016-07-19,1.3135783672332764
2016-07-20,1.3307586908340454
2016-07-21,1.306215524673462
2016-07-22,1.341803789138794
2016-07-25,1.366592526435852
2016-07-26,1.3899091482162476
2016-07-27,1.375919222831726
2016-07-28,1.3788645267486572
2016-07-29,1.4014450311660767
2016-08-01,1.3923635482788086
2016-08-02,1.375428318977356
2016-08-03,1.3791098594665527
2016-08-04,1.4046354293823242
2016-08-05,1.4284430742263794
2016-08-08,1.441696286201477
2016-08-09,1.445378303527832
2016-08-10,1.436051368713379
2016-08-11,1.4652585983276367
2016-08-12,1.5472341775894165
2016-08-15,1.5457619428634644
2016-08-16,1.5364351272583008
2016-08-17,1.5008465051651
2016-08-18,1.5241631269454956
2016-08-19,1.5280901193618774
2016-08-22,1.5344716310501099
2016-08-23,1.5468895435333252
2016-08-24,1.5230377912521362
2016-08-25,1.5129560232162476
2016-08-26,1.525251030921936
2016-08-29,1.524267315864563
2016-08-30,1.515414834022522
2016-08-31,1.5082846879959106
2016-09-01,1.5527900457382202
2016-09-02,1.5375449657440186
2016-09-06,1.5520524978637695
2016-09-07,1.5291849374771118
2016-09-08,1.5402500629425049
2016-09-09,1.46353280544281
2016-09-12,1.493776559829712
2016-09-13,1.4721392393112183
2016-09-14,1.4851707220077515
2016-09-15,1.541479468345642
2016-09-16,1.5451674461364746
2016-09-19,1.5655763149261475
2016-09-20,1.5513150691986084
2016-09-21,1.5948370695114136
2016-09-22,1.5987716913223267
2016-09-23,1.5970505475997925
2016-09-26,1.5820512771606445
2016-09-27,1.6361467838287354
2016-09-28,1.6420483589172363
2016-09-29,1.6572930812835693
2016-09-30,1.6848329305648804
2016-10-03,1.6831119060516357
2016-10-04,1.679423213005066
2016-10-05,1.6777018308639526
2016-10-06,1.655818223953247
2016-10-07,1.6437695026397705
2016-10-10,1.6499168872833252
2016-10-11,1.6260651350021362
2016-10-12,1.6334415674209595
2016-10-13,1.6068862676620483
2016-10-14,1.6226228475570679
2016-10-17,1.613278865814209
2016-10-18,1.637868046760559
2016-10-19,1.6344257593154907
2016-10-20,1.6654070615768433
2016-10-21,1.6607357263565063
2016-10-24,1.7386821508407593
2016-10-25,1.7672055959701538
2016-10-26,1.774336814880371
2016-10-27,1.7379451990127563
2016-10-28,1.7349941730499268
2016-10-31,1.749747633934021
2016-11-01,1.6978647708892822
2016-11-02,1.6907345056533813
2016-11-03,1.6710631847381592
2016-11-04,1.6614737510681152
2016-11-07,1.7524523735046387
2016-11-08,1.749747633934021
2016-11-09,1.7202407121658325
2016-11-10,1.6663917303085327
2016-11-11,2.1630868911743164
2016-11-14,2.056617259979248
2016-11-15,2.1193199157714844
2016-11-16,2.2530832290649414
2016-11-17,2.2717702388763428
2016-11-18,2.295621633529663
2016-11-21,2.28627872467041
2016-11-22,2.3027524948120117
2016-11-23,2.3140804767608643
2016-11-25,2.3187592029571533
2016-11-28,2.3175277709960938
2016-11-29,2.2963502407073975
2016-11-30,2.2704927921295166
2016-12-01,2.1581990718841553
2016-12-02,2.1781463623046875
2016-12-05,2.26261305809021
2016-12-06,2.299797296524048
2016-12-07,2.3411691188812256
2016-12-08,2.302013874053955
2016-12-09,2.2611348628997803
2016-12-12,2.206219434738159
2016-12-13,2.2451281547546387
2016-12-14,2.375152349472046
2016-12-15,2.4308063983917236
2016-12-16,2.472670078277588
2016-12-19,2.502713680267334
2016-12-20,2.589888334274292
2016-12-21,2.6061418056488037
2016-12-22,2.637662887573242
2016-12-23,2.703413724899292
2016-12-27,2.8890910148620605
2016-12-28,2.690361499786377
2016-12-29,2.7440457344055176
2016-12-30,2.6285510063171387
2017-01-03,2.512071371078491
2017-01-04,2.570680618286133
2017-01-05,2.505422830581665
2017-01-06,2.5389132499694824
2017-01-09,2.6418492794036865
2017-01-10,2.6219024658203125
2017-01-11,2.5896425247192383
2017-01-12,2.5472865104675293
2017-01-13,2.5470402240753174
2017-01-17,2.4899072647094727
2017-01-18,2.5352203845977783
2017-01-19,2.5896425247192383
2017-01-20,2.5613229274749756
2017-01-23,2.587918281555176
2017-01-24,2.643079996109009
2017-01-25,2.6544077396392822
2017-01-26,2.700211763381958
2017-01-27,2.7524187564849854
2017-01-30,2.7093236446380615
2017-01-31,2.6886374950408936
2017-02-01,2.8061025142669678
2017-02-02,2.8415637016296387
2017-02-03,2.8166911602020264
2017-02-06,2.888845205307007
2017-02-07,2.9336631298065186
2017-02-08,2.920858383178711
2017-02-09,2.8659427165985107
2017-02-10,2.79797625541687
2017-02-13,2.668937921524048
2017-02-14,2.6787877082824707
2017-02-15,2.6842050552368164
2017-02-16,2.6411101818084717
2017-02-17,2.6406173706054688
2017-02-21,2.735180139541626
2017-02-22,2.7309885025024414
2017-02-23,2.4777629375457764
2017-02-24,2.501680850982666
2017-02-27,2.57441782951355
2017-02-28,2.5021729469299316
2017-03-01,2.5344736576080322
2017-03-02,2.4410245418548584
2017-03-03,2.426969528198242
2017-03-06,2.408231019973755
2017-03-07,2.4346141815185547
2017-03-08,2.430175304412842
2017-03-09,2.4296817779541016
2017-03-10,2.443983316421509
2017-03-13,2.5112967491149902
2017-03-14,2.5095715522766113
2017-03-15,2.5285563468933105
2017-03-16,2.5596230030059814
2017-03-17,2.6153476238250732
2017-03-20,2.698688268661499
2017-03-21,2.611403226852417
2017-03-22,2.6646625995635986
2017-03-23,2.6404976844787598
2017-03-24,2.649866819381714
2017-03-27,2.6691012382507324
2017-03-28,2.655292510986328
2017-03-29,2.6466622352600098
2017-03-30,2.697455406188965
2017-03-31,2.6858673095703125
2017-04-03,2.6723053455352783
2017-04-04,2.4849143028259277
2017-04-05,2.4664218425750732
2017-04-06,2.4844205379486084
2017-04-07,2.473818063735962
2017-04-10,2.4106972217559814
2017-04-11,2.4193270206451416
2017-04-12,2.3993546962738037
2017-04-13,2.3544790744781494
2017-04-17,2.4466965198516846
2017-04-18,2.4481747150421143
2017-04-19,2.4577910900115967
2017-04-20,2.496748924255371
2017-04-21,2.5071048736572266
2017-04-24,2.538419008255005
2017-04-25,2.5825552940368652
2017-04-26,2.5648016929626465
2017-04-27,2.604745864868164
2017-04-28,2.5717053413391113
2017-05-01,2.629401683807373
2017-05-02,2.5514864921569824
2017-05-03,2.5704729557037354
2017-05-04,2.560610055923462
2017-05-05,2.5608572959899902
2017-05-08,2.5339810848236084
2017-05-09,2.5381720066070557
2017-05-10,2.9906253814697266
2017-05-11,3.119086503982544
2017-05-12,3.153359889984131
2017-05-15,3.3116564750671387
2017-05-16,3.373298168182373
2017-05-17,3.1491684913635254
2017-05-18,3.2810823917388916
2017-05-19,3.356858730316162
2017-05-22,3.428438901901245
2017-05-23,3.382281541824341
2017-05-24,3.420292854309082
2017-05-25,3.4126412868499756
2017-05-26,3.5010058879852295
2017-05-30,3.5757951736450195
2017-05-31,3.562959909439087
2017-06-01,3.563206195831299
2017-06-02,3.5454342365264893
2017-06-05,3.6532981395721436
2017-06-06,3.636760950088501
2017-06-07,3.6806962490081787
2017-06-08,3.9477641582489014
2017-06-09,3.6925439834594727
2017-06-12,3.7016761302948
2017-06-13,3.7369730472564697
2017-06-14,3.7448713779449463
2017-06-15,3.760915517807007
2017-06-16,3.742403030395508
2017-06-19,3.8830950260162354
2017-06-20,3.877418041229248
2017-06-21,3.9361631870269775
2017-06-22,3.9090118408203125
2017-06-23,3.796952247619629
2017-06-26,3.7554855346679688
2017-06-27,3.618002414703369
2017-06-28,3.745612859725952
2017-06-29,3.6204702854156494
2017-06-30,3.568143367767334
2017-07-03,3.439051628112793
2017-07-05,3.530872106552124
2017-07-06,3.5414860248565674
2017-07-07,3.6224448680877686
2017-07-10,3.793743133544922
2017-07-11,3.8475520610809326
2017-07-12,4.0111985206604
2017-07-13,3.964794874191284
2017-07-14,4.071424961090088
2017-07-17,4.054146766662598
2017-07-18,4.09635591506958
2017-07-19,4.075127601623535
2017-07-20,4.134365081787109
2017-07-21,4.149176120758057
2017-07-24,4.101043224334717
2017-07-25,4.081298828125
2017-07-26,4.128442287445068
2017-07-27,3.9921927452087402
2017-07-28,4.0576019287109375
2017-07-31,4.0111985206604
2017-08-01,4.060070514678955
2017-08-02,4.0576019287109375
2017-08-03,4.109189987182617
2017-08-04,4.1272077560424805
2017-08-07,4.254077434539795
2017-08-08,4.203476905822754
2017-08-09,4.248153209686279
2017-08-10,4.06624174118042
2017-08-11,3.8495266437530518
2017-08-14,4.156580448150635
2017-08-15,4.121530532836914
2017-08-16,4.076361656188965
2017-08-17,3.9855284690856934
2017-08-18,3.986269474029541
2017-08-21,3.92826509475708
2017-08-22,4.015717506408691
2017-08-23,4.096009254455566
2017-08-24,4.08093786239624
2017-08-25,4.046847820281982
2017-08-28,4.075503826141357
2017-08-29,4.068833351135254
2017-08-30,4.093042850494385
2017-08-31,4.185931205749512
2017-09-01,4.211131572723389
2017-09-05,4.098724842071533
2017-09-06,4.096255779266357
2017-09-07,4.1152777671813965
2017-09-08,4.043880939483643
2017-09-11,4.175063133239746
2017-09-12,4.190133571624756
2017-09-13,4.208907604217529
2017-09-14,4.184945106506348
2017-09-15,4.449529647827148
2017-09-18,4.633332252502441
2017-09-19,4.628391742706299
2017-09-20,4.591085910797119
2017-09-21,4.465587615966797
2017-09-22,4.422107696533203
2017-09-25,4.224472999572754
2017-09-26,4.248187065124512
2017-09-27,4.341322898864746
2017-09-28,4.340089321136475
2017-09-29,4.416426658630371
2017-10-02,4.422107696533203
2017-10-03,4.431248188018799
2017-10-04,4.468306541442871
2017-10-05,4.465834140777588
2017-10-06,4.478928089141846
2017-10-09,4.57996940612793
2017-10-10,4.667423248291016
2017-10-11,4.7170796394348145
2017-10-12,4.719302177429199
2017-10-13,4.8072509765625
2017-10-16,4.889764308929443
2017-10-17,4.885317325592041
2017-10-18,4.88111686706543
2017-10-19,4.886552333831787
2017-10-20,4.864316940307617
2017-10-23,4.857401371002197
2017-10-24,4.908293724060059
2017-10-25,4.784274578094482
2017-10-26,4.834425449371338
2017-10-27,4.986853122711182
2017-10-30,5.0357666015625
2017-10-31,5.109140872955322
2017-11-01,5.118773937225342
2017-11-02,5.087647438049316
2017-11-03,5.155585289001465
2017-11-06,5.178806304931641
2017-11-07,5.23809814453125
2017-11-08,5.167194843292236
2017-11-09,5.072331428527832
2017-11-10,5.339633464813232
2017-11-13,5.252920627593994
2017-11-14,5.291213035583496
2017-11-15,5.1874542236328125
2017-11-16,5.227722644805908
2017-11-17,5.221545696258545
2017-11-20,5.288742542266846
2017-11-21,5.337411403656006
2017-11-22,5.313429355621338
2017-11-24,5.363615036010742
2017-11-27,5.293900489807129
2017-11-28,5.209102630615234
2017-11-29,4.855832576751709
2017-11-30,4.961887359619141
2017-12-01,4.886979103088379
2017-12-04,4.614548683166504
2017-12-05,4.641246318817139
2017-12-06,4.678824424743652
2017-12-07,4.746314525604248
2017-12-08,4.733954429626465
2017-12-11,4.81232213973999
2017-12-12,4.717885971069336
2017-12-13,4.602682113647461
2017-12-14,4.609852313995361
2017-12-15,4.735682487487793
2017-12-18,4.892420768737793
2017-12-19,4.848168849945068
2017-12-20,4.865224838256836
2017-12-21,4.842729568481445
2017-12-22,4.827402114868164
2017-12-26,4.881047248840332
2017-12-27,4.874372482299805
2017-12-28,4.880058765411377
2017-12-29,4.783642768859863
2018-01-02,4.9282660484313965
2018-01-03,5.252613544464111
2018-01-04,5.280300617218018
2018-01-05,5.32504940032959
2018-01-08,5.488212585449219
2018-01-09,5.486729145050049
2018-01-10,5.529745101928711
2018-01-11,5.539633750915527
2018-01-12,5.5124382972717285
2018-01-16,5.441489219665527
2018-01-17,5.555454730987549
2018-01-18,5.548533916473389
2018-01-19,5.688704490661621
2018-01-22,5.7772088050842285
2018-01-23,5.906257152557373
2018-01-24,5.829371452331543
2018-01-25,5.842967987060547
2018-01-26,6.015525817871094
2018-01-29,6.102546215057373
2018-01-30,6.00044584274292
2018-01-31,6.076587200164795
2018-02-01,5.945563316345215
2018-02-02,5.773005962371826
2018-02-05,5.283021926879883
2018-02-06,5.57671594619751
2018-02-07,5.656318187713623
2018-02-08,5.3774590492248535
2018-02-09,5.737407207489014
2018-02-12,5.6372833251953125
2018-02-13,5.751002311706543
2018-02-14,5.968307018280029
2018-02-15,6.093893527984619
2018-02-16,6.028134346008301
2018-02-20,6.157674789428711
2018-02-21,5.9705305099487305
2018-02-22,5.990074157714844
2018-02-23,6.083580017089844
2018-02-26,6.099659442901611
2018-02-27,6.086796760559082
2018-02-28,5.986363887786865
2018-03-01,5.7441887855529785
2018-03-02,5.8512983322143555
2018-03-05,5.829284191131592
2018-03-06,5.990321159362793
2018-03-07,5.982405662536621
2018-03-08,5.966080188751221
2018-03-09,6.0687384605407715
2018-03-12,6.178323268890381
2018-03-13,6.127613544464111
2018-03-14,6.153091907501221
2018-03-15,6.167934894561768
2018-03-16,6.196134090423584
2018-03-19,5.9616265296936035
2018-03-20,6.173870086669922
2018-03-21,6.14863920211792
2018-03-22,5.982652187347412
2018-03-23,5.762989521026611
2018-03-26,6.0477118492126465
2018-03-27,5.578699111938477
2018-03-28,5.47554349899292
2018-03-29,5.728851795196533
2018-04-02,5.468122482299805
2018-04-03,5.57449197769165
2018-04-04,5.596508026123047
2018-04-05,5.4762864112854
2018-04-06,5.299909591674805
2018-04-09,5.328606605529785
2018-04-10,5.637817859649658
2018-04-11,5.596508026123047
2018-04-12,5.803310394287109
2018-04-13,5.726625442504883
2018-04-16,5.72637939453125
2018-04-17,5.876036643981934
2018-04-18,5.847095489501953
2018-04-19,5.665772438049316
2018-04-20,5.657608509063721
2018-04-23,5.538128852844238
2018-04-24,5.4718337059021
2018-04-25,5.359528064727783
2018-04-26,5.571275234222412
2018-04-27,5.598733901977539
2018-04-30,5.563360214233398
2018-05-01,5.618772029876709
2018-05-02,5.598239898681641
2018-05-03,5.76348352432251
2018-05-04,5.913637161254883
2018-05-07,6.151607513427734
2018-05-08,6.194155693054199
2018-05-09,6.327240467071533
2018-05-10,6.434847354888916
2018-05-11,6.296319007873535
2018-05-14,6.316850185394287
2018-05-15,6.074427604675293
2018-05-16,6.085559844970703
2018-05-17,6.127613544464111
2018-05-18,6.083827018737793
2018-05-21,6.041776657104492
2018-05-22,6.003680229187012
2018-05-23,6.127193927764893
2018-05-24,6.1309075355529785
2018-05-25,6.170261859893799
2018-05-29,6.1531829833984375
2018-05-30,6.2620930671691895
2018-05-31,6.242293357849121
2018-06-01,6.376697540283203
2018-06-04,6.555657863616943
2018-06-05,6.561103343963623
2018-06-06,6.563083648681641
2018-06-07,6.50739049911499
2018-06-08,6.4920430183410645
2018-06-11,6.450953960418701
2018-06-12,6.499468803405762
2018-06-13,6.495014667510986
2018-06-14,6.606646537780762
2018-06-15,6.565805435180664
2018-06-18,6.5615973472595215
2018-06-19,6.439815998077393
2018-06-20,6.49278450012207
2018-06-21,6.364073753356934
2018-06-22,6.2115983963012695
2018-06-25,5.918778419494629
2018-06-26,5.989818572998047
2018-06-27,5.834622383117676
2018-06-28,5.961848735809326
2018-06-29,5.863828182220459
2018-07-02,5.996006011962891
2018-07-03,5.862342834472656
2018-07-05,6.008135795593262
2018-07-06,6.121995449066162
2018-07-09,6.169520378112793
2018-07-10,6.26853084564209
2018-07-11,6.126947402954102
2018-07-12,6.218530178070068
2018-07-13,6.171252250671387
2018-07-16,6.143528461456299
2018-07-17,6.279420852661133
2018-07-18,6.230164051055908
2018-07-19,6.238330841064453
2018-07-20,6.210114479064941
2018-07-23,6.173480987548828
2018-07-24,6.156155586242676
2018-07-25,6.234373092651367
2018-07-26,6.307885646820068
2018-07-27,6.23808479309082
2018-07-30,6.042788028717041
2018-07-31,6.060855865478516
2018-08-01,6.100709438323975
2018-08-02,6.203431129455566
2018-08-03,6.240063190460205
2018-08-06,6.28783655166626
2018-08-07,6.360113620758057
2018-08-08,6.39649772644043
2018-08-09,6.347984313964844
2018-08-10,6.306649208068848
2018-08-13,6.339569091796875
2018-08-14,6.471004009246826
2018-08-15,6.41283655166626
2018-08-16,6.37224006652832
2018-08-17,6.059867858886719
2018-08-20,6.13461971282959
2018-08-21,6.270263671875
2018-08-22,6.505410671234131
2018-08-23,6.604915142059326
2018-08-24,6.738081455230713
2018-08-27,6.8291707038879395
2018-08-28,6.791545867919922
2018-08-29,6.897050857543945
2018-08-30,6.880209445953369
2018-08-31,6.9512858390808105
2018-09-04,7.026080131530762
2018-09-05,6.895314693450928
2018-09-06,6.754150390625
2018-09-07,6.732851028442383
2018-09-10,6.803930282592773
2018-09-11,6.756133079528809
2018-09-12,6.642208576202393
2018-09-13,6.719973087310791
2018-09-14,6.846031665802002
2018-09-17,6.784117221832275
2018-09-18,6.712048053741455
2018-09-19,6.735823631286621
2018-09-20,6.594659328460693
2018-09-21,6.524569511413574
2018-09-24,6.580292701721191
2018-09-25,6.647408962249756
2018-09-26,6.610508441925049
2018-09-27,6.622395992279053
2018-09-28,6.959705829620361
2018-10-01,7.166253566741943
2018-10-02,7.094929218292236
2018-10-03,7.101120471954346
2018-10-04,6.916862487792969
2018-10-05,6.683320045471191
2018-10-08,6.582028388977051
2018-10-09,6.576331615447998
2018-10-10,6.084728240966797
2018-10-11,5.823200702667236
2018-10-12,6.10577917098999
2018-10-15,5.8293938636779785
2018-10-16,6.088194847106934
2018-10-17,6.019595146179199
2018-10-18,5.9321699142456055
2018-10-19,5.675596714019775
2018-10-22,5.726367473602295
2018-10-23,5.474745273590088
2018-10-24,4.938560962677002
2018-10-25,5.147339820861816
2018-10-26,4.910825729370117
2018-10-29,4.597041606903076
2018-10-30,5.027472972869873
2018-10-31,5.2213897705078125
2018-11-01,5.401686668395996
2018-11-02,5.322682857513428
2018-11-05,5.2446699142456055
2018-11-06,5.227087497711182
2018-11-07,5.294697284698486
2018-11-08,5.101523399353027
2018-11-09,5.09359884262085
2018-11-12,4.694124221801758
2018-11-13,4.936089038848877
2018-11-14,4.883584976196289
2018-11-15,5.0123677253723145
2018-11-16,4.0722527503967285
2018-11-19,3.583622694015503
2018-11-20,3.6920974254608154
2018-11-21,3.5838701725006104
2018-11-23,3.5910532474517822
2018-11-26,3.7904176712036133
2018-11-27,3.8072586059570312
2018-11-28,3.9642744064331055
2018-11-29,3.9010586738586426
2018-11-30,4.051536560058594
2018-12-03,4.215404033660889
2018-12-04,3.8948605060577393
2018-12-06,3.9241132736206055
2018-12-07,3.659348726272583
2018-12-10,3.764709234237671
2018-12-11,3.6737279891967773
2018-12-12,3.69132924079895
2018-12-13,3.6910810470581055
2018-12-14,3.630592107772827
2018-12-17,3.5594429969787598
2018-12-18,3.64274001121521
2018-12-19,3.433753490447998
2018-12-20,3.3492183685302734
2018-12-21,3.212125539779663
2018-12-24,3.150397300720215
2018-12-26,3.2996366024017334
2018-12-27,3.2517902851104736
2018-12-28,3.3132717609405518
2018-12-31,3.3095521926879883
2019-01-02,3.376983404159546
2019-01-03,3.1729559898376465
2019-01-04,3.3762400150299072
2019-01-07,3.554980516433716
2019-01-08,3.466478109359741
2019-01-09,3.5346522331237793
2019-01-10,3.6003470420837402
2019-01-11,3.689594268798828
2019-01-14,3.729506254196167
2019-01-15,3.715376615524292
2019-01-16,3.6898415088653564
2019-01-17,3.7612385749816895
2019-01-18,3.890397787094116
2019-01-22,3.6881065368652344
2019-01-23,3.700997829437256
2019-01-24,3.912956714630127
2019-01-25,3.9702236652374268
2019-01-28,3.421358823776245
2019-01-29,3.262451171875
2019-01-30,3.4059882164001465
2019-01-31,3.5636565685272217
2019-02-01,3.587951898574829
2019-02-04,3.698270082473755
2019-02-05,3.7173593044281006
2019-02-06,3.79297137260437
2019-02-07,3.6546390056610107
2019-02-08,3.673232316970825
2019-02-11,3.630592107772827
2019-02-12,3.747603416442871
2019-02-13,3.7899959087371826
2019-02-14,3.8309006690979004
2019-02-15,3.9005625247955322
2019-02-19,3.8832085132598877
2019-02-20,3.930558443069458
2019-02-21,3.861640453338623
2019-02-22,3.9464242458343506
2019-02-25,3.9340293407440186
2019-02-26,3.8946115970611572
2019-02-27,3.8527169227600098
2019-02-28,3.828148365020752
2019-03-01,3.882495641708374
2019-03-04,3.8906848430633545
2019-03-05,3.884232521057129
2019-03-06,3.7733044624328613
2019-03-07,3.7040677070617676
2019-03-08,3.738314151763916
2019-03-11,3.998883008956909
2019-03-12,4.033130645751953
2019-03-13,4.184508800506592
2019-03-14,4.1085710525512695
2019-03-15,4.214040756225586
2019-03-18,4.1926984786987305
2019-03-19,4.360456943511963
2019-03-20,4.327947616577148
2019-03-21,4.564692497253418
2019-03-22,4.404874801635742
2019-03-25,4.312560081481934
2019-03-26,4.389242172241211
2019-03-27,4.380060195922852
2019-03-28,4.398672580718994
2019-03-29,4.455997943878174
2019-04-01,4.52349853515625
2019-04-02,4.541365146636963
2019-04-03,4.680833339691162
2019-04-04,4.671899795532227
2019-04-05,4.738654136657715
2019-04-08,4.7595014572143555
2019-04-09,4.696714878082275
2019-04-10,4.76719331741333
2019-04-11,4.753296375274658
2019-04-12,4.715327262878418
2019-04-15,4.583552837371826
2019-04-16,4.670658111572266
2019-04-17,4.647829532623291
2019-04-18,4.623259544372559
2019-04-22,4.677111625671387
2019-04-23,4.731705665588379
2019-04-24,4.744114875793457
2019-04-25,4.638396739959717
2019-04-26,4.419517517089844
2019-04-29,4.450291156768799
2019-04-30,4.491734027862549
2019-05-01,4.478580951690674
2019-05-02,4.546082019805908
2019-05-03,4.541614532470703
2019-05-06,4.46319580078125
2019-05-07,4.295933723449707
2019-05-08,4.316033840179443
2019-05-09,4.223469257354736
2019-05-10,4.1894731521606445
2019-05-13,3.9321281909942627
2019-05-14,4.0212178230285645
2019-05-15,3.9601707458496094
2019-05-16,3.9753077030181885
2019-05-17,3.8844809532165527
2019-05-20,3.7658591270446777
2019-05-21,3.84800124168396
2019-05-22,3.777027130126953
2019-05-23,3.655923843383789
2019-05-24,3.6020734310150146
2019-05-28,3.5569069385528564
2019-05-29,3.4827065467834473
2019-05-30,3.456123113632202
2019-05-31,3.3654401302337646
2019-06-03,3.323702335357666
2019-06-04,3.552767753601074
2019-06-05,3.5100362300872803
2019-06-06,3.5721468925476074
2019-06-07,3.614879846572876
2019-06-10,3.687673807144165
2019-06-11,3.7453134059906006
2019-06-12,3.632270574569702
2019-06-13,3.683450698852539
2019-06-14,3.593512773513794
2019-06-17,3.6032025814056396
2019-06-18,3.798232078552246
2019-06-19,3.8041951656341553
2019-06-20,3.828542947769165
2019-06-21,3.7704060077667236
2019-06-24,3.792766809463501
2019-06-25,3.7634501457214355
2019-06-26,3.956739902496338
2019-06-27,4.0553741455078125
2019-06-28,4.080216884613037
2019-07-01,4.128417015075684
2019-07-02,4.030529499053955
2019-07-03,4.043447494506836
2019-07-05,3.980839729309082
2019-07-08,3.905808925628662
2019-07-09,3.9082934856414795
2019-07-10,3.976616144180298
2019-07-11,4.131147861480713
2019-07-12,4.164192199707031
2019-07-15,4.1557440757751465
2019-07-16,4.15102481842041
2019-07-17,4.216367244720459
2019-07-18,4.228042125701904
2019-07-19,4.184814453125
2019-07-22,4.2563652992248535
2019-07-23,4.364190101623535
2019-07-24,4.438723087310791
2019-07-25,4.3075456619262695
2019-07-26,4.349532127380371
2019-07-29,4.343321323394775
2019-07-30,4.358973026275635
2019-07-31,4.191769123077393
2019-08-01,4.097360610961914
2019-08-02,4.004689693450928
2019-08-05,3.746307611465454
2019-08-06,3.785064935684204
2019-08-07,3.8233253955841064
2019-08-08,3.9318954944610596
2019-08-09,3.8305301666259766
2019-08-12,3.762705087661743
2019-08-13,3.8769888877868652
2019-08-14,3.728419065475464
2019-08-15,3.6961214542388916
2019-08-16,3.9641942977905273
2019-08-19,4.242948055267334
2019-08-20,4.170652389526367
2019-08-21,4.254128456115723
2019-08-22,4.260341167449951
2019-08-23,4.035746097564697
2019-08-26,4.110527038574219
2019-08-27,4.019845962524414
2019-08-28,4.009400844573975
2019-08-29,4.153143405914307
2019-08-30,4.16582727432251
2019-09-03,4.082765102386475
2019-09-04,4.196914196014404
2019-09-05,4.469977855682373
2019-09-06,4.442869663238525
2019-09-09,4.4888763427734375
2019-09-10,4.555528163909912
2019-09-11,4.584125995635986
2019-09-12,4.582634925842285
2019-09-13,4.524689197540283
2019-09-16,4.481664657592773
2019-09-17,4.503052234649658
2019-09-18,4.475944995880127
2019-09-19,4.4003424644470215
2019-09-20,4.294649600982666
2019-09-23,4.348118782043457
2019-09-24,4.290670394897461
2019-09-25,4.4324259757995605
2019-09-26,4.4102911949157715
2019-09-27,4.271522045135498
2019-09-30,4.328969478607178
2019-10-01,4.327226638793945
2019-10-02,4.3033528327941895
2019-10-03,4.509022235870361
2019-10-04,4.525434970855713
2019-10-07,4.584125995635986
2019-10-08,4.40755558013916
2019-10-09,4.494098663330078
2019-10-10,4.5517964363098145
2019-10-11,4.6254096031188965
2019-10-14,4.638838768005371
2019-10-15,4.883550643920898
2019-10-16,4.829832077026367
2019-10-17,4.831823348999023
2019-10-18,4.737319469451904
2019-10-21,4.87459659576416
2019-10-22,4.864649295806885
2019-10-23,4.851718902587891
2019-10-24,4.895737171173096
2019-10-25,5.086731433868408
2019-10-28,5.142688274383545
2019-10-29,5.046442985534668
2019-10-30,5.048431873321533
2019-10-31,4.9991912841796875
2019-11-01,5.03823709487915
2019-11-04,5.234950542449951
2019-11-05,5.212817668914795
2019-11-06,5.163577079772949
2019-11-07,5.1812334060668945
2019-11-08,5.167307376861572
2019-11-11,5.177255153656006
2019-11-12,5.212817668914795
2019-11-13,5.186952590942383
2019-11-14,5.2172932624816895
2019-11-15,5.07802677154541
2019-11-18,5.2792181968688965
2019-11-19,5.172529220581055
2019-11-20,5.251861572265625
2019-11-21,5.226993083953857
2019-11-22,5.244650363922119
2019-11-25,5.5012993812561035
2019-11-26,5.396600246429443
2019-11-27,5.431443214416504
2019-11-29,5.3941121101379395
2019-12-02,5.207704067230225
2019-12-03,5.168134689331055
2019-12-04,5.211934566497803
2019-12-05,5.195012092590332
2019-12-06,5.280375957489014
2019-12-09,5.280375957489014
2019-12-10,5.3254218101501465
2019-12-11,5.409043312072754
2019-12-12,5.576537132263184
2019-12-13,5.574547290802002
2019-12-16,5.6034159660339355
2019-12-17,5.68156099319458
2019-12-18,5.7119245529174805
2019-12-19,5.8600053787231445
2019-12-20,5.957314968109131
2019-12-23,5.943626880645752
2019-12-24,5.938648700714111
2019-12-26,5.952836513519287
2019-12-27,5.895096778869629
2019-12-30,5.781858921051025
2019-12-31,5.85602331161499
2020-01-02,5.970754623413086
2020-01-03,5.875186443328857
2020-01-06,5.899825572967529
2020-01-07,5.97125244140625
2020-01-08,5.982451438903809
2020-01-09,6.048154830932617
2020-01-10,6.080509185791016
2020-01-13,6.271146774291992
2020-01-14,6.1541748046875
2020-01-15,6.111616611480713
2020-01-16,6.195240497589111
2020-01-17,6.203950881958008
2020-01-21,6.1706013679504395
2020-01-22,6.224607944488525
2020-01-23,6.29304838180542
2020-01-24,6.2338151931762695
2020-01-27,5.97797155380249
2020-01-28,6.171347618103027
2020-01-29,6.110870361328125
2020-01-30,6.117589950561523
2020-01-31,5.884145736694336
2020-02-03,5.981207370758057
2020-02-04,6.150441646575928
2020-02-05,6.24078369140625
2020-02-06,6.327641010284424
2020-02-07,6.261438846588135
2020-02-10,6.5446600914001465
2020-02-11,6.6671061515808105
2020-02-12,6.782833099365234
2020-02-13,6.7390313148498535
2020-02-14,7.212142467498779
2020-02-18,7.380880355834961
2020-02-19,7.832088947296143
2020-02-20,7.682763576507568
2020-02-21,7.318660259246826
2020-02-24,6.801249027252197
2020-02-25,6.521763324737549
2020-02-26,6.661132335662842
2020-02-27,6.2903361320495605
2020-02-28,6.7253804206848145
2020-03-02,6.883760452270508
2020-03-03,6.621289253234863
2020-03-04,7.084970951080322
2020-03-05,6.805567264556885
2020-03-06,6.62502384185791
2020-03-09,6.112035751342773
2020-03-10,6.501509666442871
2020-03-11,6.137685298919678
2020-03-12,5.386630535125732
2020-03-13,5.997486114501953
2020-03-16,4.8908233642578125
2020-03-17,5.410537242889404
2020-03-18,5.05069637298584
2020-03-19,5.303455352783203
2020-03-20,5.123661041259766
2020-03-23,5.296483039855957
2020-03-24,6.20517110824585
2020-03-25,6.116518020629883
2020-03-26,6.405884742736816
2020-03-27,6.293574333190918
2020-03-30,6.613818168640137
2020-03-31,6.564262390136719
2020-04-01,6.0530171394348145
2020-04-02,6.3618059158325195
2020-04-03,6.0739359855651855
2020-04-06,6.6837921142578125
2020-04-07,6.4504594802856445
2020-04-08,6.647686004638672
2020-04-09,6.548076152801514
2020-04-13,6.719902038574219
2020-04-14,7.071025848388672
2020-04-15,6.993580341339111
2020-04-16,7.33872652053833
2020-04-17,7.279459476470947
2020-04-20,7.148223400115967
2020-04-21,6.711434841156006
2020-04-22,7.1258111000061035
2020-04-23,7.072519302368164
2020-04-24,7.211475372314453
2020-04-27,7.397994041442871
2020-04-28,7.255550861358643
2020-04-29,7.43235969543457
2020-04-30,7.278462886810303
2020-05-01,7.04188871383667
2020-05-04,7.253808975219727
2020-05-05,7.314820289611816
2020-05-06,7.415674686431885
2020-05-07,7.591983318328857
2020-05-08,7.78198766708374
2020-05-11,8.034000396728516
2020-05-12,7.772027015686035
2020-05-13,7.74961519241333
2020-05-14,7.999138355255127
2020-05-15,8.457590103149414
2020-05-18,8.716073989868164
2020-05-19,8.771108627319336
2020-05-20,8.934966087341309
2020-05-21,8.740979194641113
2020-05-22,8.990997314453125
2020-05-26,8.68370246887207
2020-05-27,8.491955757141113
2020-05-28,8.453855514526367
2020-05-29,8.840835571289062
2020-06-01,8.771857261657715
2020-06-02,8.790783882141113
2020-06-03,8.735251426696777
2020-06-04,8.736247062683105
2020-06-05,8.889214515686035
2020-06-08,8.774615287780762
2020-06-09,9.014782905578613
2020-06-10,9.334424018859863
2020-06-11,8.765893936157227
2020-06-12,8.90167236328125
2020-06-15,9.14209270477295
2020-06-16,9.037205696105957
2020-06-17,9.204127311706543
2020-06-18,9.18619155883789
2020-06-19,9.229288101196289
2020-06-22,9.493873596191406
2020-06-23,9.417387962341309
2020-06-24,9.203628540039062
2020-06-25,9.457250595092773
2020-06-26,9.123406410217285
2020-06-29,9.16825008392334
2020-06-30,9.464973449707031
2020-07-01,9.497113227844238
2020-07-02,9.579079627990723
2020-07-06,9.80529499053955
2020-07-07,9.837685585021973
2020-07-08,10.180745124816895
2020-07-09,10.472734451293945
2020-07-10,10.443085670471191
2020-07-13,10.017557144165039
2020-07-14,10.341188430786133
2020-07-15,10.191956520080566
2020-07-16,10.099773406982422
2020-07-17,10.166296005249023
2020-07-20,10.474477767944336
2020-07-21,10.292856216430664
2020-07-22,10.402726173400879
2020-07-23,10.094797134399414
2020-07-24,10.159317016601562
2020-07-27,10.385537147521973
2020-07-28,10.180246353149414
2020-07-29,10.429384231567383
2020-07-30,10.577371597290039
2020-07-31,10.578120231628418
2020-08-03,10.97225284576416
2020-08-04,11.18900203704834
2020-08-05,11.24779987335205
2020-08-06,11.296381950378418
2020-08-07,11.160852432250977
2020-08-10,11.126469612121582
2020-08-11,10.812557220458984
2020-08-12,11.400771141052246
2020-08-13,11.403512001037598
2020-08-14,11.524089813232422
2020-08-17,12.294425010681152
2020-08-18,12.218440055847168
2020-08-19,12.096611022949219
2020-08-20,12.099102973937988
2020-08-21,12.639729499816895
2020-08-24,12.67635440826416
2020-08-25,12.706001281738281
2020-08-26,12.728922843933105
2020-08-27,12.58466911315918
2020-08-28,13.102377891540527
2020-08-31,13.328346252441406
2020-09-01,13.777423858642578
2020-09-02,14.301267623901367
2020-09-03,12.97446346282959
2020-09-04,12.5827054977417
2020-09-08,11.875443458557129
2020-09-09,12.674911499023438
2020-09-10,12.272932052612305
2020-09-11,12.126148223876953
2020-09-14,12.831666946411133
2020-09-15,12.950042724609375
2020-09-16,12.475045204162598
2020-09-17,12.424203872680664
2020-09-18,12.150819778442383
2020-09-21,12.477784156799316
2020-09-22,12.597905158996582
2020-09-23,12.085528373718262
2020-09-24,12.30906867980957
2020-09-25,12.833163261413574
2020-09-28,12.993903160095215
2020-09-29,13.184050559997559
2020-09-30,13.48784065246582
2020-10-01,13.571578979492188
2020-10-02,13.021068572998047
2020-10-05,13.599488258361816
2020-10-06,13.693193435668945
2020-10-07,13.919975280761719
2020-10-08,13.795120239257812
2020-10-09,13.71935749053955
2020-10-12,14.181148529052734
2020-10-13,14.203330039978027
2020-10-14,14.050810813903809
2020-10-15,13.92595386505127
2020-10-16,13.767955780029297
2020-10-19,13.455194473266602
2020-10-20,13.60247802734375
2020-10-21,13.482111930847168
2020-10-22,13.318875312805176
2020-10-23,13.547404289245605
2020-10-26,13.099818229675293
2020-10-27,13.354511260986328
2020-10-28,12.587188720703125
2020-10-29,12.982938766479492
2020-10-30,12.49448299407959
2020-11-02,12.541085243225098
2020-11-03,12.978450775146484
2020-11-04,13.750761032104492
2020-11-05,14.115357398986816
2020-11-06,14.516091346740723
2020-11-09,13.587774276733398
2020-11-10,12.729741096496582
2020-11-11,13.37569522857666
2020-11-12,13.414326667785645
2020-11-13,13.255077362060547
2020-11-16,13.472640991210938
2020-11-17,13.37993335723877
2020-11-18,13.38641357421875
2020-11-19,13.397876739501953
2020-11-20,13.04648494720459
2020-11-23,13.09857177734375
2020-11-24,12.916897773742676
2020-11-25,13.193024635314941
2020-11-27,13.219439506530762
2020-11-30,13.359247207641602
2020-12-01,13.347784042358398
2020-12-02,13.50179672241211
2020-12-03,13.357708930969238
2020-12-04,13.519498825073242
2020-12-07,13.567855834960938
2020-12-08,13.311842918395996
2020-12-09,12.893789291381836
2020-12-10,12.935169219970703
2020-12-11,12.976054191589355
2020-12-14,13.270709037780762
2020-12-15,13.322312355041504
2020-12-16,13.204649925231934
2020-12-17,13.303114891052246
2020-12-18,13.234064102172852
2020-12-21,13.29414176940918
2020-12-22,13.2402982711792
2020-12-23,12.972065925598145
2020-12-24,12.956611633300781
2020-12-28,12.863126754760742
2020-12-29,12.906254768371582
2020-12-30,13.108174324035645
2020-12-31,13.017685890197754
2021-01-04,13.076017379760742
2021-01-05,13.366436004638672
2021-01-06,12.57844352722168
2021-01-07,13.305858612060547
2021-01-08,13.238801002502441
2021-01-11,13.582566261291504
2021-01-12,13.446208000183105
2021-01-13,13.493073463439941
2021-01-14,13.162519454956055
2021-01-15,12.82274341583252
2021-01-19,12.988021850585938
2021-01-20,13.327548027038574
2021-01-21,13.827863693237305
2021-01-22,13.673303604125977
2021-01-25,13.614225387573242
2021-01-26,13.396848678588867
2021-01-27,12.880826950073242
2021-01-28,13.013694763183594
2021-01-29,12.952620506286621
2021-02-01,13.199164390563965
2021-02-02,13.518001556396484
2021-02-03,13.491826057434082
2021-02-04,13.625194549560547
2021-02-05,13.552151679992676
2021-02-08,14.397480010986328
2021-02-09,14.222481727600098
2021-02-10,14.722051620483398
2021-02-11,15.207159042358398
2021-02-12,14.918488502502441
2021-02-16,15.286431312561035
2021-02-17,14.863396644592285
2021-02-18,14.786612510681152
2021-02-19,14.88383674621582
2021-02-22,14.314716339111328
2021-02-23,14.101576805114746
2021-02-24,14.457558631896973
2021-02-25,13.269463539123535
2021-02-26,13.675300598144531
2021-03-01,13.802186012268066
2021-03-02,13.367931365966797
2021-03-03,12.76815128326416
2021-03-04,12.334893226623535
2021-03-05,12.425881385803223
2021-03-08,11.560112953186035
2021-03-09,12.48877239227295
2021-03-10,12.436903953552246
2021-03-11,12.960833549499512
2021-03-12,12.823678016662598
2021-03-15,13.158086776733398
2021-03-16,13.257835388183594
2021-03-17,13.307708740234375
2021-03-18,12.690513610839844
2021-03-19,12.813455581665039
2021-03-22,13.153096199035645
2021-03-23,13.03788948059082
2021-03-24,12.611213684082031
2021-03-25,12.50373363494873
2021-03-26,12.80696964263916
2021-03-29,12.915698051452637
2021-03-30,12.839388847351074
2021-03-31,13.314690589904785
2021-04-01,13.777026176452637
2021-04-05,13.952335357666016
2021-04-06,13.826650619506836
2021-04-07,14.10794448852539
2021-04-08,14.281003952026367
2021-04-09,14.363795280456543
2021-04-12,15.170761108398438
2021-04-13,15.640080451965332
2021-04-14,15.238593101501465
2021-04-15,16.0966796875
2021-04-16,15.8724946975708
2021-04-19,15.323127746582031
2021-04-20,15.133108139038086
2021-04-21,15.321883201599121
2021-04-22,14.81291389465332
2021-04-23,15.226872444152832
2021-04-26,15.439087867736816
2021-04-27,15.343079566955566
2021-04-28,15.23834228515625
2021-04-29,15.286221504211426
2021-04-30,14.97176456451416
2021-05-03,14.799449920654297
2021-05-04,14.315170288085938
2021-05-05,14.422148704528809
2021-05-06,14.486486434936523
2021-05-07,14.775009155273438
2021-05-10,14.22988510131836
2021-05-11,14.270283699035645
2021-05-12,13.723910331726074
2021-05-13,13.630894660949707
2021-05-14,14.207191467285156
2021-05-17,14.129887580871582
2021-05-18,13.980513572692871
2021-05-19,14.030387878417969
2021-05-20,14.575762748718262
2021-05-21,14.954057693481445
2021-05-24,15.57275104522705
2021-05-25,15.60841178894043
2021-05-26,15.660528182983398
2021-05-27,15.449061393737793
2021-05-28,16.203655242919922
2021-06-01,16.223608016967773
2021-06-02,16.736064910888672
2021-06-03,16.927082061767578
2021-06-04,17.534055709838867
2021-06-07,17.574705123901367
2021-06-08,17.413110733032227
2021-06-09,17.318578720092773
2021-06-10,17.385175704956055
2021-06-11,17.784507751464844
2021-06-14,17.977571487426758
2021-06-15,17.747840881347656
2021-06-16,17.769546508789062
2021-06-17,18.614608764648438
2021-06-18,18.59615707397461
2021-06-21,18.385129928588867
2021-06-22,18.843582153320312
2021-06-23,19.01369285583496
2021-06-24,19.161605834960938
2021-06-25,18.987504959106445
2021-06-28,19.9393253326416
2021-06-29,19.980979919433594
2021-06-30,19.956789016723633
2021-07-01,20.16580581665039
2021-07-02,20.440176010131836
2021-07-06,20.651193618774414
2021-07-07,20.3251895904541
2021-07-08,19.857261657714844
2021-07-09,20.00442123413086
2021-07-12,20.46562385559082
2021-07-13,20.20372200012207
2021-07-14,19.7961483001709
2021-07-15,18.92290496826172
2021-07-16,18.119491577148438
2021-07-19,18.73682975769043
2021-07-20,18.569461822509766
2021-07-21,19.365636825561523
2021-07-22,19.54922103881836
2021-07-23,19.513301849365234
2021-07-26,19.249902725219727
2021-07-27,19.16409683227539
2021-07-28,19.458425521850586
2021-07-29,19.6170654296875
2021-07-30,19.45443344116211
2021-08-02,19.70486068725586
2021-08-03,19.769712448120117
2021-08-04,20.227663040161133
2021-08-05,20.589834213256836
2021-08-06,20.31945037841797
2021-08-09,20.24861717224121
2021-08-10,19.890439987182617
2021-08-11,19.653982162475586
2021-08-12,19.85951042175293
2021-08-13,20.14185905456543
2021-08-16,19.904407501220703
2021-08-17,19.41352653503418
2021-08-18,18.99648666381836
2021-08-19,19.75275421142578
2021-08-20,20.76842498779297
2021-08-23,21.907817840576172
2021-08-24,21.743194580078125
2021-08-25,22.162235260009766
2021-08-26,22.017566680908203
2021-08-27,22.584266662597656
2021-08-30,22.636140823364258
2021-08-31,22.33777618408203
2021-09-01,22.39366340637207
2021-09-02,22.348758697509766
2021-09-03,22.794809341430664
2021-09-07,22.61418914794922
2021-09-08,22.29187774658203
2021-09-09,22.130218505859375
2021-09-10,22.430580139160156
2021-09-13,22.10527229309082
2021-09-14,22.19508171081543
2021-09-15,22.293867111206055
2021-09-16,22.19508171081543
2021-09-17,21.853803634643555
2021-09-20,21.06846809387207
2021-09-21,21.201181411743164
2021-09-22,21.894718170166016
2021-09-23,22.4345703125
2021-09-24,22.0344181060791
2021-09-27,21.614307403564453
2021-09-28,20.65533447265625
2021-09-29,20.47372055053711
2021-09-30,20.672298431396484
2021-10-01,20.698244094848633
2021-10-04,19.69037628173828
2021-10-05,20.407852172851562
2021-10-06,20.656328201293945
2021-10-07,21.030536651611328
2021-10-08,20.787057876586914
2021-10-11,20.651344299316406
2021-10-12,20.627391815185547
2021-10-13,20.894824981689453
2021-10-14,21.70012664794922
2021-10-15,21.815879821777344
2021-10-18,22.175121307373047
2021-10-19,22.242977142333984
2021-10-20,22.056371688842773
2021-10-21,22.644128799438477
2021-10-22,22.678054809570312
2021-10-25,23.11712646484375
2021-10-26,24.664857864379883
2021-10-27,24.399417877197266
2021-10-28,24.888383865356445
2021-10-29,25.513065338134766
2021-11-01,25.77251434326172
2021-11-02,26.345306396484375
2021-11-03,26.541887283325195
2021-11-04,29.738134384155273
2021-11-05,29.68923568725586
2021-11-08,30.739017486572266
2021-11-09,30.592327117919922
2021-11-10,29.39685821533203
2021-11-11,30.32588768005371
2021-11-12,30.32588768005371
2021-11-15,29.961660385131836
2021-11-16,30.139286041259766
2021-11-17,29.19927215576172
2021-11-18,31.608179092407227
2021-11-19,32.915409088134766
2021-11-22,31.88858985900879
2021-11-23,31.67903709411621
2021-11-24,32.605072021484375
2021-11-26,31.436540603637695
2021-11-29,33.30559539794922
2021-11-30,32.60706329345703
2021-12-01,31.372526168823242
2021-12-02,32.062156677246094
2021-12-03,30.632003784179688
2021-12-06,29.977304458618164
2021-12-07,32.362548828125
2021-12-08,31.762754440307617
2021-12-09,30.429405212402344
2021-12-10,30.13798713684082
2021-12-13,28.10503387451172
2021-12-14,28.280689239501953
2021-12-15,30.398473739624023
2021-12-16,28.330583572387695
2021-12-17,27.74574851989746
2021-12-20,27.663915634155273
2021-12-21,29.0172176361084
2021-12-22,29.341567993164062
2021-12-23,29.581092834472656
2021-12-27,30.883499145507812
2021-12-28,30.261741638183594
2021-12-29,29.941375732421875
2021-12-30,29.527202606201172
2021-12-31,29.352550506591797
2022-01-03,30.061141967773438
2022-01-04,29.231788635253906
2022-01-05,27.54914093017578
2022-01-06,28.12199592590332
2022-01-07,27.192846298217773
2022-01-10,27.345542907714844
2022-01-11,27.761716842651367
2022-01-12,27.943357467651367
2022-01-13,26.522188186645508
2022-01-14,26.88845443725586
2022-01-18,25.85152244567871
2022-01-19,25.01718521118164
2022-01-20,24.102005004882812
2022-01-21,23.327547073364258
2022-01-24,23.325550079345703
2022-01-25,22.279634475708008
2022-01-26,22.72673988342285
2022-01-27,21.900386810302734
2022-01-28,22.794607162475586
2022-01-31,24.437334060668945
2022-02-01,24.589033126831055
2022-02-02,25.191835403442383
2022-02-03,23.900407791137695
2022-02-04,24.27066421508789
2022-02-07,24.678855895996094
2022-02-08,25.0580997467041
2022-02-09,26.651926040649414
2022-02-10,25.772680282592773
2022-02-11,23.901403427124023
2022-02-14,24.218772888183594
2022-02-15,26.44234275817871
2022-02-16,26.458316802978516
2022-02-17,24.458297729492188
2022-02-18,23.595016479492188
2022-02-22,23.343517303466797
2022-02-23,22.34250831604004
2022-02-24,23.7007999420166
2022-02-25,24.108991622924805
2022-02-28,24.336538314819336
2022-03-01,23.430341720581055
2022-03-02,24.17598533630371
2022-03-03,23.67090606689453
2022-03-04,22.894319534301758
2022-03-07,21.313194274902344
2022-03-08,21.474903106689453
2022-03-09,22.97217559814453
2022-03-10,22.6168212890625
2022-03-11,22.059837341308594
2022-03-14,21.291236877441406
2022-03-15,22.931249618530273
2022-03-16,24.45148468017578
2022-03-17,24.720993041992188
2022-03-18,26.404926300048828
2022-03-21,26.68541717529297
2022-03-22,26.47579574584961
2022-03-23,25.587413787841797
2022-03-24,28.098840713500977
2022-03-25,27.641677856445312
2022-03-28,28.167715072631836
2022-03-29,28.603919982910156
2022-03-30,27.639678955078125
2022-03-31,27.23641014099121
2022-04-01,26.663455963134766
2022-04-04,27.310279846191406
2022-04-05,25.88387680053711
2022-04-06,24.362648010253906
2022-04-07,24.164003372192383
2022-04-08,23.07698631286621
2022-04-11,21.877166748046875
2022-04-12,21.464916229248047
2022-04-13,22.162649154663086
2022-04-14,21.219362258911133
2022-04-18,21.7434139251709
2022-04-19,22.157657623291016
2022-04-20,21.442960739135742
2022-04-21,20.146318435668945
2022-04-22,19.47953224182129
2022-04-25,19.86583137512207
2022-04-26,18.75385093688965
2022-04-27,18.381534576416016
2022-04-28,19.746047973632812
2022-04-29,18.513296127319336
2022-05-02,19.497501373291016
2022-05-03,19.56637191772461
2022-05-04,20.297046661376953
2022-05-05,18.80975341796875
2022-05-06,18.64105796813965
2022-05-09,16.91919708251953
2022-05-10,17.56302833557129
2022-05-11,16.599775314331055
2022-05-12,16.14560317993164
2022-05-13,17.6738224029541
2022-05-16,17.232627868652344
2022-05-17,18.143966674804688
2022-05-18,16.9072208404541
2022-05-19,17.092880249023438
2022-05-20,16.66366195678711
2022-05-23,16.867294311523438
2022-05-24,16.124643325805664
2022-05-25,16.94415283203125
2022-05-26,17.818559646606445
2022-05-27,18.776811599731445
2022-05-31,18.63806915283203
2022-06-01,18.286705017089844
2022-06-02,19.556394577026367
2022-06-03,18.685977935791016
2022-06-06,18.751855850219727
2022-06-07,18.891605377197266
2022-06-08,18.6180477142334
2022-06-09,18.019006729125977
2022-06-10,16.946735382080078
2022-06-13,15.621864318847656
2022-06-14,15.810563087463379
2022-06-15,16.500452041625977
2022-06-16,15.575939178466797
2022-06-17,15.85448932647705
2022-06-21,16.539392471313477
2022-06-22,16.333723068237305
2022-06-23,16.198938369750977
2022-06-24,17.09848976135254
2022-06-27,16.84190559387207
2022-06-28,15.956329345703125
2022-06-29,15.517033576965332
2022-06-30,15.134651184082031
2022-07-01,14.499669075012207
2022-07-05,14.939961433410645
2022-07-06,15.105696678161621
2022-07-07,15.832526206970215
2022-07-08,15.8125581741333
2022-07-11,15.127659797668457
2022-07-12,15.05777359008789
2022-07-13,15.139642715454102
2022-07-14,15.347306251525879
2022-07-15,15.736682891845703
2022-07-18,16.07513427734375
2022-07-19,16.964702606201172
2022-07-20,17.778396606445312
2022-07-21,18.021005630493164
2022-07-22,17.29118537902832
2022-07-25,16.996652603149414
2022-07-26,16.506444931030273
2022-07-27,17.761425018310547
2022-07-28,17.955116271972656
2022-07-29,18.133825302124023
2022-08-01,18.411375045776367
2022-08-02,18.496244430541992
2022-08-03,18.862651824951172
2022-08-04,19.184139251708984
2022-08-05,18.95849609375
2022-08-08,17.764415740966797
2022-08-09,17.058557510375977
2022-08-10,18.067928314208984
2022-08-11,17.91318130493164
2022-08-12,18.678945541381836
2022-08-15,19.001428604125977
2022-08-16,18.848674774169922
2022-08-17,18.30554962158203
2022-08-18,18.74285125732422
2022-08-19,17.820327758789062
2022-08-22,17.00663948059082
2022-08-23,17.15340232849121
2022-08-24,17.194339752197266
2022-08-25,17.884227752685547
2022-08-26,16.233882904052734
2022-08-29,15.775618553161621
2022-08-30,15.443155288696289
2022-08-31,15.069754600524902
2022-09-01,13.914612770080566
2022-09-02,13.625078201293945
2022-09-06,13.443370819091797
2022-09-07,13.696039199829102
2022-09-08,13.971678733825684
2022-09-09,14.368160247802734
2022-09-12,14.486003875732422
2022-09-13,13.113801956176758
2022-09-14,13.110809326171875
2022-09-15,12.912068367004395
2022-09-16,13.18071460723877
2022-09-19,13.36447525024414
2022-09-20,13.158743858337402
2022-09-21,13.243633270263672
2022-09-22,12.544550895690918
2022-09-23,12.499608993530273
2022-09-26,12.211987495422363
2022-09-27,12.396744728088379
2022-09-28,12.719320297241211
2022-09-29,12.203996658325195
2022-09-30,12.123101234436035
2022-10-03,12.495614051818848
2022-10-04,13.14975643157959
2022-10-05,13.191701889038086
2022-10-06,13.112804412841797
2022-10-07,12.060184478759766
2022-10-10,11.654715538024902
2022-10-11,11.57082748413086
2022-10-12,11.484940528869629
2022-10-13,11.944336891174316
2022-10-14,11.212297439575195
2022-10-17,11.872429847717285
2022-10-18,11.95132827758789
2022-10-19,12.035216331481934
2022-10-20,12.178030967712402
2022-10-21,12.449674606323242
2022-10-24,12.582500457763672
2022-10-25,13.243633270263672
2022-10-26,12.879111289978027
2022-10-27,13.158743858337402
2022-10-28,13.815882682800293
2022-10-31,13.479323387145996
2022-11-01,13.525264739990234
2022-11-02,13.201688766479492
2022-11-03,13.403423309326172
2022-11-04,14.13746166229248
2022-11-07,14.282271385192871
2022-11-08,14.58287525177002
2022-11-09,13.757959365844727
2022-11-10,15.72937297821045
2022-11-11,16.305620193481445
2022-11-14,16.27366065979004
2022-11-15,16.644174575805664
2022-11-16,15.889163970947266
2022-11-17,15.656466484069824
2022-11-18,15.388821601867676
2022-11-21,15.296940803527832
2022-11-22,16.016998291015625
2022-11-23,16.497364044189453
2022-11-25,16.248693466186523
2022-11-28,15.8062744140625
2022-11-29,15.61851978302002
2022-11-30,16.90515899658203
2022-12-01,17.116939544677734
2022-12-02,16.85820960998535
2022-12-05,16.59248924255371
2022-12-06,15.970147132873535
2022-12-07,16.103012084960938
2022-12-08,17.150903701782227
2022-12-09,16.98307991027832
2022-12-12,17.516515731811523
2022-12-13,18.05295181274414
2022-12-14,17.655370712280273
2022-12-15,16.93412971496582
2022-12-16,16.553531646728516
2022-12-19,16.23686408996582
2022-12-20,16.06804656982422
2022-12-21,16.483606338500977
2022-12-22,15.322832107543945
2022-12-23,15.189970016479492
2022-12-27,14.106115341186523
2022-12-28,14.021204948425293
2022-12-29,14.587607383728027
2022-12-30,14.59859561920166
2023-01-03,14.299909591674805
2023-01-04,14.733451843261719
2023-01-05,14.249963760375977
2023-01-06,14.84333610534668
2023-01-09,15.611527442932129
2023-01-10,15.892230033874512
2023-01-11,15.984131813049316
2023-01-12,16.49359703063965
2023-01-13,16.881189346313477
2023-01-17,17.68334197998047
2023-01-18,17.358684539794922
2023-01-19,16.747325897216797
2023-01-20,17.82019805908203
2023-01-23,19.17276382446289
2023-01-24,19.24468994140625
2023-01-25,19.30263328552246
2023-01-26,19.781124114990234
2023-01-27,20.34353256225586
2023-01-30,19.141803741455078
2023-01-31,19.516407012939453
2023-02-01,20.92092514038086
2023-02-02,21.686119079589844
2023-02-03,21.077756881713867
2023-02-06,21.0667724609375
2023-02-07,22.149625778198242
2023-02-08,22.181591033935547
2023-02-09,22.31345558166504
2023-02-10,21.242586135864258
2023-02-13,21.765031814575195
2023-02-14,22.9467830657959
2023-02-15,22.740001678466797
2023-02-16,21.978809356689453
2023-02-17,21.36545181274414
2023-02-21,20.63322639465332
2023-02-22,20.73212242126465
2023-02-23,23.639057159423828
2023-02-24,23.26145362854004
2023-02-27,23.47622299194336
2023-02-28,23.191526412963867
2023-03-01,22.674074172973633
2023-03-02,23.289424896240234
2023-03-03,23.864816665649414
2023-03-06,23.529172897338867
2023-03-07,23.26740264892578
2023-03-08,24.159616470336914
2023-03-09,23.415273666381836
2023-03-10,22.944684982299805
2023-03-13,22.9456844329834
2023-03-14,24.041715621948242
2023-03-15,24.206571578979492
2023-03-16,25.518407821655273
2023-03-17,25.70224952697754
2023-03-20,25.877090454101562
2023-03-21,26.175827026367188
2023-03-22,26.444589614868164
2023-03-23,27.166954040527344
2023-03-24,26.75531578063965
2023-03-27,26.507532119750977
2023-03-28,26.386646270751953
2023-03-29,26.960134506225586
2023-03-30,27.358779907226562
2023-03-31,27.7524356842041
2023-04-03,27.940265655517578
2023-04-04,27.4287166595459
2023-04-05,26.85722541809082
2023-04-06,27.01308822631836
2023-04-10,27.554603576660156
2023-04-11,27.144969940185547
2023-04-12,26.471567153930664
2023-04-13,26.439594268798828
2023-04-14,26.734331130981445
2023-04-17,26.978116989135742
2023-04-18,27.642534255981445
2023-04-19,27.906293869018555
2023-04-20,27.080028533935547
2023-04-21,27.095012664794922
2023-04-24,27.018081665039062
2023-04-25,26.21778678894043
2023-04-26,26.93215560913086
2023-04-27,27.201921463012695
2023-04-28,27.724458694458008
2023-05-01,28.884431838989258
2023-05-02,28.185049057006836
2023-05-03,27.77741050720215
2023-05-04,27.537620544433594
2023-05-05,28.654634475708008
2023-05-08,29.12521743774414
2023-05-09,28.545730590820312
2023-05-10,28.859453201293945
2023-05-11,28.552722930908203
2023-05-12,28.31493377685547
2023-05-15,28.927391052246094
2023-05-16,29.187162399291992
2023-05-17,30.151308059692383
2023-05-18,31.649980545043945
2023-05-19,31.236345291137695
2023-05-22,31.148427963256836
2023-05-23,30.660856246948242
2023-05-24,30.510990142822266
2023-05-25,37.946407318115234
2023-05-26,38.91155242919922
2023-05-30,40.07551574707031
2023-05-31,37.800533294677734
2023-06-01,39.73482894897461
2023-06-02,39.292213439941406
2023-06-05,39.136356353759766
2023-06-06,38.61981201171875
2023-06-07,37.44572448730469
2023-06-08,38.47991943359375
2023-06-09,38.739715576171875
2023-06-12,39.45116424560547
2023-06-13,40.989952087402344
2023-06-14,42.963417053222656
2023-06-15,42.61968994140625
2023-06-16,42.65864944458008
2023-06-20,43.773780822753906
2023-06-21,43.01137924194336
2023-06-22,42.991390228271484
2023-06-23,42.17603302001953
2023-06-26,40.60026168823242
2023-06-27,41.84328842163086
2023-06-28,41.08488464355469
2023-06-29,40.79011535644531
2023-06-30,42.26896286010742
2023-07-03,42.37986373901367
2023-07-05,42.28395080566406
2023-07-06,42.07011413574219
2023-07-07,42.469791412353516
2023-07-10,42.14704895019531
2023-07-11,42.37187576293945
2023-07-12,43.867706298828125
2023-07-13,45.94109344482422
2023-07-14,45.43348693847656
2023-07-17,46.424705505371094
2023-07-18,47.4568977355957
2023-07-19,47.04023361206055
2023-07-20,45.48444747924805
2023-07-21,44.274391174316406
2023-07-24,44.577152252197266
2023-07-25,45.6433219909668
2023-07-26,45.416500091552734
2023-07-27,45.86415100097656
2023-07-28,46.71348190307617
2023-07-31,46.692501068115234
2023-08-01,46.470672607421875
2023-08-02,44.23441696166992
2023-08-03,44.480228424072266
2023-08-04,44.645103454589844
2023-08-07,45.38153076171875
2023-08-08,44.629112243652344
2023-08-09,42.520755767822266
2023-08-10,42.35490036010742
2023-08-11,40.823081970214844
2023-08-14,43.71883010864258
2023-08-15,43.905677795410156
2023-08-16,43.45203399658203
2023-08-17,43.310142517089844
2023-08-18,43.26517868041992
2023-08-21,46.93031311035156
2023-08-22,45.63232421875
2023-08-23,47.07920455932617
2023-08-24,47.12615966796875
2023-08-25,45.9820556640625
2023-08-28,46.79841613769531
2023-08-29,48.745887756347656
2023-08-30,49.22551727294922
2023-08-31,49.31645584106445
2023-09-01,48.47111129760742
2023-09-05,48.51007843017578
2023-09-06,47.02811050415039
2023-09-07,46.20869064331055
2023-09-08,45.54015350341797
2023-09-11,45.14643478393555
2023-09-12,44.83863830566406
2023-09-13,45.45321273803711
2023-09-14,45.54914855957031
2023-09-15,43.86932373046875
2023-09-18,43.93527603149414
2023-09-19,43.489593505859375
2023-09-20,42.2094841003418
2023-09-21,40.98833084106445
2023-09-22,41.58092498779297
2023-09-25,42.19248962402344
2023-09-26,41.8817138671875
2023-09-27,42.43832778930664
2023-09-28,43.05889129638672
2023-09-29,43.46860122680664
2023-10-02,44.75070571899414
2023-10-03,43.48659133911133
2023-10-04,44.01022720336914
2023-10-05,44.656776428222656
2023-10-06,45.730018615722656
2023-10-09,45.241363525390625
2023-10-10,45.765995025634766
2023-10-11,46.77329635620117
2023-10-12,46.912200927734375
2023-10-13,45.42923355102539
2023-10-16,46.06278991699219
2023-10-17,43.90729904174805
2023-10-18,42.16651153564453
2023-10-19,42.07158279418945
2023-10-20,41.35808181762695
2023-10-23,42.944969177246094
2023-10-24,43.632484436035156
2023-10-25,41.74980163574219
2023-10-26,40.297821044921875
2023-10-27,40.47169876098633
2023-10-30,41.132240295410156
2023-10-31,40.751502990722656
2023-11-01,42.295433044433594
2023-11-02,43.4755973815918
2023-11-03,44.97355270385742
2023-11-06,45.719032287597656
2023-11-07,45.922889709472656
2023-11-08,46.54145812988281
2023-11-09,46.91719055175781
2023-11-10,48.30122375488281
2023-11-13,48.58602523803711
2023-11-14,49.62130355834961
2023-11-15,48.85383987426758
2023-11-16,49.4454231262207
2023-11-17,49.26355743408203
2023-11-20,50.373775482177734
2023-11-21,49.909095764160156
2023-11-22,48.68195724487305
2023-11-24,47.74261474609375
2023-11-27,48.20829391479492
2023-11-28,47.78758239746094
2023-11-29,48.106361389160156
2023-11-30,46.73732376098633
2023-12-01,46.73232650756836
2023-12-04,45.47820281982422
2023-12-05,46.53755569458008
2023-12-06,45.47520065307617
2023-12-07,46.56753158569336
2023-12-08,47.47697830200195
2023-12-11,46.59851837158203
2023-12-12,47.62788772583008
2023-12-13,48.058624267578125
2023-12-14,48.32046890258789
2023-12-15,48.86013412475586
2023-12-18,50.04640197753906
2023-12-19,49.57369613647461
2023-12-20,48.081607818603516
2023-12-21,48.9600715637207
2023-12-22,48.8001708984375
2023-12-26,49.24889373779297
2023-12-27,49.386810302734375
2023-12-28,49.49174880981445
2023-12-29,49.49174880981445
2024-01-02,48.13856887817383
2024-01-03,47.539939880371094
2024-01-04,47.96867752075195
2024-01-05,49.06700134277344
2024-01-08,52.22108459472656
2024-01-09,53.10753631591797
2024-01-10,54.316795349121094
2024-01-11,54.78850555419922
2024-01-12,54.676578521728516
2024-01-16,56.347557067871094
2024-01-17,56.018760681152344
2024-01-18,57.07211685180664
2024-01-19,59.454654693603516
2024-01-22,59.617557525634766
2024-01-23,59.836429595947266
2024-01-24,61.32450866699219
2024-01-25,61.57936477661133
2024-01-26,60.993717193603516
2024-01-29,62.42684555053711
2024-01-30,62.73564529418945
2024-01-31,61.48941421508789
2024-02-01,62.98849868774414
2024-02-02,66.11957550048828
2024-02-05,69.2896499633789
2024-02-06,68.18132019042969
2024-02-07,70.0561752319336
2024-02-08,69.59845733642578
2024-02-09,72.08894348144531
2024-02-12,72.20387268066406
2024-02-13,72.08394622802734
2024-02-14,73.8548583984375
2024-02-15,72.61360931396484
2024-02-16,72.56864166259766
2024-02-20,69.40957641601562
2024-02-21,67.4307861328125
2024-02-22,78.49002838134766
2024-02-23,78.76885986328125
2024-02-26,79.04368591308594
2024-02-27,78.65292358398438
2024-02-28,77.61554718017578
2024-02-29,79.06368255615234
2024-03-01,82.2287368774414
2024-03-04,85.18492126464844
2024-03-05,85.91551208496094
2024-03-06,88.64997863769531
2024-03-07,92.61672973632812
2024-03-08,87.47862243652344
2024-03-11,85.72561645507812
2024-03-12,91.86116790771484
2024-03-13,90.83673858642578
2024-03-14,87.89439392089844
2024-03-15,87.78746032714844
2024-03-18,88.40512084960938
2024-03-19,89.34758758544922
2024-03-20,90.32103729248047
2024-03-21,91.3834228515625
2024-03-22,94.23580932617188
2024-03-25,94.94841003417969
2024-03-26,92.50879669189453
2024-03-27,90.1990966796875
2024-03-28,90.30503845214844
2024-04-01,90.3120346069336
2024-04-02,89.40153503417969
2024-04-03,88.91382598876953
2024-04-04,85.8565444946289
2024-04-05,87.95836639404297
2024-04-08,87.08384704589844
2024-04-09,85.30584716796875
2024-04-10,86.98990631103516
2024-04-11,90.56488800048828
2024-04-12,88.13626098632812
2024-04-15,85.95249938964844
2024-04-16,87.36569213867188
2024-04-17,83.98760223388672
2024-04-18,84.62322998046875
2024-04-19,76.15702056884766
2024-04-22,79.47315216064453
2024-04-23,82.37651062011719
2024-04-24,79.63206481933594
2024-04-25,82.58540344238281
2024-04-26,87.68553161621094
2024-04-29,87.70750427246094
2024-04-30,86.35327911376953
2024-05-01,82.99415588378906
2024-05-02,85.76860046386719
2024-05-03,88.73892211914062
2024-05-06,92.08802795410156
2024-05-07,90.5029296875
2024-05-08,90.36100006103516
2024-05-09,88.69694519042969
2024-05-10,89.82730102539062
2024-05-13,90.3480224609375
2024-05-14,91.30448150634766
2024-05-15,94.57662963867188
2024-05-16,94.3057861328125
2024-05-17,92.42683410644531
2024-05-20,94.72654724121094
2024-05-21,95.33220672607422
2024-05-22,94.89643859863281
2024-05-23,103.74046325683594
2024-05-24,106.40894317626953
2024-05-28,113.83674621582031
2024-05-29,114.7602310180664
2024-05-30,110.43766784667969
2024-05-31,109.57115936279297
2024-06-03,114.93512725830078
2024-06-04,116.37132263183594
2024-06-05,122.3709487915039
2024-06-06,120.92975616455078
2024-06-07,120.81981658935547
2024-06-10,121.72130584716797
2024-06-11,120.85173797607422
2024-06-12,125.13966369628906
2024-06-13,129.5475311279297
2024-06-14,131.81643676757812
2024-06-17,130.9168701171875
2024-06-18,135.5146484375
2024-06-20,130.7169647216797
2024-06-21,126.50900268554688
2024-06-24,118.05307006835938
2024-06-25,126.02924346923828
2024-06-26,126.33908081054688
2024-06-27,123.93025207519531
2024-06-28,123.48046112060547
2024-07-01,124.24009704589844
2024-07-02,122.61088562011719
2024-07-03,128.21817016601562
2024-07-05,125.76936340332031
2024-07-08,128.13821411132812
2024-07-09,131.3166961669922
2024-07-10,134.84500122070312
2024-07-11,127.33860778808594
2024-07-12,129.177734375
2024-07-15,128.37811279296875
2024-07-16,126.29911041259766
2024-07-17,117.93312072753906
2024-07-18,121.0316390991211
2024-07-19,117.8731689453125
2024-07-22,123.48046112060547
2024-07-23,122.53091430664062
2024-07-24,114.19493865966797
2024-07-25,112.22589111328125
2024-07-26,113.0055160522461
2024-07-29,111.53620910644531
2024-07-30,103.68000793457031
2024-07-31,116.9636001586914
2024-08-01,109.15736389160156
2024-08-02,107.21829986572266
2024-08-05,100.4015884399414
2024-08-06,104.19976043701172
2024-08-07,98.8623275756836
2024-08-08,104.9194107055664
2024-08-09,104.69952392578125
2024-08-12,108.96746063232422
2024-08-13,116.08402252197266
2024-08-14,118.0230941772461
2024-08-15,122.80078887939453
2024-08-16,124.51996612548828
2024-08-19,129.93734741210938
2024-08-20,127.18868255615234
2024-08-21,128.4380645751953
2024-08-22,123.68035888671875
2024-08-23,129.30764770507812
2024-08-26,126.39905548095703
2024-08-27,128.23817443847656
2024-08-28,125.54946899414062
2024-08-29,117.5333251953125
2024-08-30,119.3124771118164
2024-09-03,107.94795227050781
2024-09-04,106.1588134765625
2024-09-05,107.15833282470703
2024-09-06,102.78044128417969
2024-09-09,106.41868591308594
2024-09-10,108.04788970947266
2024-09-11,116.8536605834961
2024-09-12,119.0927734375
2024-09-13,119.05278015136719
2024-09-16,116.73370361328125
2024-09-17,115.54417419433594
2024-09-18,113.32505798339844
2024-09-19,117.8232650756836
2024-09-20,115.95401000976562
2024-09-23,116.21391296386719
2024-09-24,120.82208251953125
2024-09-25,123.4610366821289
2024-09-26,123.99082946777344
2024-09-27,121.35187530517578
2024-09-30,121.39186096191406
2024-10-01,116.95361328125
2024-10-02,118.80288696289062
2024-10-03,122.80130004882812
2024-10-04,124.8704833984375
2024-10-07,127.66937255859375
2024-10-08,132.83731079101562
2024-10-09,132.597412109375
2024-10-10,134.75656127929688
2024-10-11,134.74656677246094
2024-10-14,138.01527404785156
2024-10-15,131.54783630371094
2024-10-16,135.66619873046875
2024-10-17,136.87571716308594
2024-10-18,137.94529724121094
2024-10-21,143.6530303955078
2024-10-22,143.53309631347656
2024-10-23,139.50466918945312
2024-10-24,140.35433959960938
2024-10-25,141.48388671875
2024-10-28,140.46429443359375
2024-10-29,141.19400024414062
2024-10-30,139.28475952148438
2024-10-31,132.70738220214844
2024-11-01,135.34632873535156
2024-11-04,135.99606323242188
2024-11-05,139.8545379638672
2024-11-06,145.55227661132812
2024-11-07,148.8209991455078
2024-11-08,147.5714569091797
2024-11-11,145.20240783691406
2024-11-12,148.23118591308594
2024-11-13,146.21200561523438
2024-11-14,146.70181274414062
2024-11-15,141.9237060546875
2024-11-18,140.09442138671875
2024-11-19,146.95172119140625
2024-11-20,145.83216857910156
2024-11-21,146.6118621826172
2024-11-22,141.89373779296875
2024-11-25,135.96609497070312
2024-11-26,136.86572265625
2024-11-27,135.2863311767578
2024-11-29,138.19520568847656
2024-12-02,138.57504272460938
2024-12-03,140.20440673828125
2024-12-04,145.0824737548828
2024-12-05,145.01248168945312
2024-12-06,142.3933563232422
2024-12-09,138.7645263671875
2024-12-10,135.0257568359375
2024-12-11,139.2643585205078
2024-12-12,137.29501342773438
2024-12-13,134.20602416992188
2024-12-16,131.95675659179688
2024-12-17,130.3472900390625
2024-12-18,128.86778259277344
2024-12-19,130.6371612548828
2024-12-20,134.65586853027344
2024-12-23,139.62423706054688
2024-12-24,140.174072265625
2024-12-26,139.88417053222656
2024-12-27,136.96511840820312
2024-12-30,137.4449462890625
2024-12-31,134.2460174560547
2025-01-02,138.2646942138672
2025-01-03,144.4226837158203
2025-01-06,149.38104248046875
2025-01-07,140.09408569335938
2025-01-08,140.06410217285156
2025-01-10,135.86549377441406
2025-01-13,133.1863555908203
2025-01-14,131.71682739257812
2025-01-15,136.1953887939453
2025-01-16,133.52626037597656
2025-01-17,137.66490173339844
2025-01-21,140.7838592529297
2025-01-22,147.02183532714844
2025-01-23,147.17178344726562
2025-01-24,142.5732879638672
2025-01-27,118.38121032714844
2025-01-28,128.94773864746094
2025-01-29,123.65947723388672
2025-01-30,124.60918426513672
2025-01-31,120.03067016601562
2025-02-03,116.62178802490234
2025-02-04,118.61112976074219
2025-02-05,124.78910827636719
2025-02-06,128.6378631591797
2025-02-07,129.79745483398438
2025-02-10,133.52626037597656
2025-02-11,132.7565155029297
2025-02-12,131.09706115722656
2025-02-13,135.24566650390625
2025-02-14,138.8045196533203
2025-02-18,139.35433959960938
2025-02-19,139.18438720703125
2025-02-20,140.06410217285156
2025-02-21,134.38595581054688
2025-02-24,130.23733520507812
2025-02-25,126.5885238647461
2025-02-26,131.23699951171875
2025-02-27,120.11064910888672
2025-02-28,124.87908172607422
2025-03-03,114.02263641357422
2025-03-04,115.9520034790039
2025-03-05,117.2615737915039
2025-03-06,110.53378295898438
2025-03-07,112.65309143066406
2025-03-10,106.94496154785156
2025-03-11,108.724365234375
2025-03-12,115.71273803710938
2025-03-13,115.55277252197266
2025-03-14,121.6413345336914
2025-03-17,119.50183868408203
2025-03-18,115.40280151367188
2025-03-19,117.4923095703125
2025-03-20,118.50206756591797
2025-03-21,117.6722640991211
2025-03-24,121.38140106201172
2025-03-25,120.66156768798828
2025-03-26,113.73320007324219
2025-03-27,111.40375518798828
2025-03-28,109.6441650390625
2025-03-31,108.35446166992188
2025-04-01,110.12405395507812
2025-04-02,110.39398193359375
2025-04-03,101.7760238647461
2025-04-04,94.28778076171875
2025-04-07,97.61699676513672
2025-04-08,96.27731323242188
2025-04-09,114.30306243896484
2025-04-10,107.5446548461914
2025-04-11,110.90386199951172
2025-04-14,110.68391418457031
2025-04-15,112.1735610961914
2025-04-16,104.46538543701172
2025-04-17,101.4660873413086
2025-04-21,96.88717651367188
2025-04-22,98.86669921875
2025-04-23,102.68579864501953
2025-04-24,106.40492248535156
2025-04-25,110.98385620117188
2025-04-28,108.70439147949219
2025-04-29,108.99431610107422
2025-04-30,108.89433288574219
2025-05-01,111.58370208740234
2025-05-02,114.47303009033203
2025-05-05,113.7931900024414
2025-05-06,113.51325988769531
2025-05-07,117.03242492675781
2025-05-08,117.34235382080078
2025-05-09,116.62252044677734
2025-05-12,122.97102355957031
2025-05-13,129.89938354492188
2025-05-14,135.30810546875
2025-05-15,134.79823303222656
2025-05-16,135.36810302734375
2025-05-19,135.53805541992188
2025-05-20,134.3483428955078
2025-05-21,131.76895141601562
2025-05-22,132.7987060546875
2025-05-23,131.25906372070312
2025-05-27,135.4680633544922
2025-05-28,134.7782440185547
2025-05-29,139.15721130371094
2025-05-30,135.09817504882812
2025-06-02,137.34764099121094
2025-06-03,141.1867218017578
2025-06-04,141.88656616210938
2025-06-05,139.95701599121094
2025-06-06,141.6865997314453
2025-06-09,142.59640502929688
2025-06-10,143.92608642578125
2025-06-11,142.80625915527344
2025-06-12,144.9759063720703
2025-06-13,141.94639587402344
2025-06-16,144.66595458984375
2025-06-17,144.09603881835938
2025-06-18,145.455810546875
2025-06-20,143.8260955810547
2025-06-23,144.1460418701172
2025-06-24,147.8754119873047
2025-06-25,154.28436279296875
2025-06-26,154.99423217773438
2025-06-27,157.72377014160156
2025-06-30,157.96376037597656
2025-07-01,153.2745361328125
2025-07-02,157.22386169433594
2025-07-03,159.3135223388672
2025-07-07,158.21371459960938
2025-07-08,159.97340393066406
2025-07-09,162.85293579101562
2025-07-10,164.07273864746094
2025-07-11,164.89259338378906
2025-07-14,164.04273986816406
2025-07-15,170.671630859375
2025-07-16,171.34152221679688
2025-07-17,172.97125244140625
2025-07-18,172.38134765625
2025-07-21,171.35153198242188
2025-07-22,167.00225830078125
2025-07-23,170.75161743164062
2025-07-24,173.7111358642578
2025-07-25,173.47117614746094
2025-07-28,176.7206268310547
2025-07-29,175.4808349609375
2025-07-30,179.24021911621094
2025-07-31,177.84043884277344
2025-08-01,173.69113159179688
2025-08-04,179.9700927734375
2025-08-05,178.23037719726562
2025-08-06,179.3901824951172
2025-08-07,180.73997497558594
2025-08-08,182.6696319580078
2025-08-11,182.0297393798828
2025-08-12,183.1295623779297
2025-08-13,181.55982971191406
2025-08-14,181.98974609375
2025-08-15,180.42001342773438
2025-08-18,181.979736328125
2025-08-19,175.61080932617188
2025-08-20,175.370849609375
2025-08-21,174.95091247558594
2025-08-22,177.96043395996094
2025-08-25,179.78012084960938
2025-08-26,181.7397918701172
2025-08-27,181.56982421875
2025-08-28,180.1400604248047
2025-08-29,174.1510467529297
2025-09-02,170.75161743164062
2025-09-03,170.59165954589844
2025-09-04,171.63148498535156
2025-09-05,166.9922637939453
2025-09-08,168.2820281982422
2025-09-09,170.7316131591797
2025-09-10,177.300537109375
2025-09-11,177.1505584716797
2025-09-12,177.80047607421875
2025-09-15,177.73049926757812
2025-09-16,174.86080932617188
2025-09-17,170.27130126953125
2025-09-18,176.2206573486328
2025-09-19,176.6505889892578
2025-09-22,183.58984375
2025-09-23,178.410400390625
2025-09-24,176.9505615234375
2025-09-25,177.67050170898438
2025-09-26,178.17044067382812
2025-09-29,181.83004760742188
2025-09-30,186.55950927734375
2025-10-01,187.21945190429688
2025-10-02,188.8692626953125
2025-10-03,187.5994110107422
2025-10-06,185.51962280273438
2025-10-07,185.01968383789062
2025-10-08,189.0892333984375
2025-10-09,192.54885864257812
2025-10-10,183.139892578125
2025-10-13,188.29933166503906
2025-10-14,180.01022338867188
2025-10-15,179.8102569580078
2025-10-16,181.7900390625
2025-10-17,183.19989013671875
2025-10-20,182.6199493408203
2025-10-21,181.14010620117188
2025-10-22,180.2602081298828
2025-10-23,182.13999938964844
2025-10-24,186.23953247070312
2025-10-27,191.46897888183594
2025-10-28,201.0079345703125
2025-10-29,207.01727294921875
2025-10-30,202.8677215576172
2025-10-31,202.4677734375
2025-11-03,206.85728454589844
2025-11-04,198.66818237304688
2025-11-05,195.18858337402344
2025-11-06,188.05935668945312
2025-11-07,188.1293487548828
2025-11-10,199.0281524658203
2025-11-11,193.1387939453125
2025-11-12,193.7787322998047
2025-11-13,186.8394775390625
2025-11-14,190.14910888671875
2025-11-17,186.5795135498047
2025-11-18,181.340087890625
2025-11-19,186.49952697753906
2025-11-20,180.6201629638672
2025-11-21,178.86036682128906
2025-11-24,182.52996826171875
2025-11-25,177.80047607421875
2025-11-26,180.24020385742188
2025-11-28,176.98056030273438
2025-12-01,179.90025329589844
2025-12-02,181.44007873535156
2025-12-03,179.57028198242188
2025-12-04,183.37008666992188
2025-12-05,182.40013122558594
2025-12-08,185.5399627685547
2025-12-09,184.95999145507812
2025-12-10,183.77005004882812
2025-12-11,180.92019653320312
2025-12-12,175.01052856445312
2025-12-15,176.28045654296875
2025-12-16,177.71038818359375
2025-12-17,170.93075561523438
2025-12-18,174.1305694580078
2025-12-19,180.98020935058594
2025-12-22,183.6800537109375
2025-12-23,189.19976806640625
2025-12-24,188.59979248046875
2025-12-26,190.51968383789062
2025-12-29,188.20980834960938
2025-12-30,187.52984619140625
2025-12-31,186.4899139404297
2026-01-02,188.83978271484375
2026-01-05,188.1098175048828
2026-01-06,187.22987365722656
2026-01-07,189.09976196289062
2026-01-08,185.0299835205078
2026-01-09,184.84999084472656
2026-01-12,184.92999267578125
2026-01-13,185.79994201660156
2026-01-14,183.1300811767578
2026-01-15,187.03988647460938
2026-01-16,186.21990966796875
2026-01-20,178.06036376953125
2026-01-21,183.31008911132812
2026-01-22,184.82998657226562
2026-01-23,187.6598358154297
2026-01-26,186.4599151611328
2026-01-27,188.50979614257812
2026-01-28,191.5096435546875
2026-01-29,192.49957275390625
2026-01-30,191.11965942382812
2026-02-02,185.59996032714844
2026-02-03,180.33023071289062
2026-02-04,174.18057250976562
2026-02-05,171.87069702148438
2026-02-06,185.39996337890625
2026-02-09,190.0297088623047
2026-02-10,188.52978515625
2026-02-11,190.0397186279297
2026-02-12,186.9298858642578
2026-02-13,182.80010986328125
2026-02-17,184.95999145507812
2026-02-18,187.96981811523438
2026-02-19,187.88983154296875
2026-02-20,189.8097381591797
2026-02-23,191.53964233398438
2026-02-24,192.83956909179688
2026-02-25,195.54940795898438
2026-02-26,184.87998962402344
2026-02-27,177.180419921875
2026-03-02,182.47012329101562
2026-03-03,180.04025268554688
2026-03-04,183.03009033203125
2026-03-05,183.330078125
2026-03-06,177.8103790283203
2026-03-09,182.64010620117188
2026-03-10,184.760009765625
2026-03-11,186.02999877929688
2026-03-12,183.13999938964844
2026-03-13,180.25
2026-03-16,183.22000122070312
2026-03-17,181.92999267578125
2026-03-18,180.39999389648438
2026-03-19,178.55999755859375
2026-03-20,172.6999969482422
2026-03-23,175.63999938964844
2026-03-24,175.1999969482422
2026-03-25,178.67999267578125
2026-03-26,171.24000549316406
2026-03-27,167.52000427246094
2026-03-30,165.1699981689453
2026-03-31,174.39999389648438
2026-04-01,175.75
2026-04-02,177.38999938964844
2026-04-06,177.63999938964844
2026-04-07,178.10000610351562
2026-04-08,182.0800018310547
2026-04-09,183.91000366210938
2026-04-10,188.6300048828125
2026-04-13,189.30999755859375
2026-04-14,196.50999450683594
2026-04-15,198.8699951171875
2026-04-16,198.35000610351562
2026-04-17,201.67999267578125
2026-04-20,202.05999755859375
2026-04-21,199.8800048828125
2026-04-22,202.5
2026-04-23,199.63999938964844
2026-04-24,208.27000427246094
2026-04-27,216.61000061035156
2026-04-28,213.1699981689453
2026-04-29,209.25
2026-04-30,199.57000732421875
2026-05-01,198.4499969482422
2026-05-04,198.47999572753906
