date,close
2001-05-07,30.90829849243164
2001-05-08,30.754486083984375
2001-05-09,30.322345733642578
2001-05-10,30.732521057128906
2001-05-11,30.761816024780273
2001-05-14,30.849699020385742
2001-05-15,30.161222457885742
2001-05-16,30.981538772583008
2001-05-17,30.966876983642578
2001-05-18,31.018171310424805
2001-05-21,31.084074020385742
2001-05-22,32.0508918762207
2001-05-23,31.464921951293945
2001-05-24,31.06942367553711
2001-05-25,30.92295265197754
2001-05-29,31.31113052368164
2001-05-30,30.896108627319336
2001-05-31,30.918128967285156
2001-06-01,30.66839027404785
2001-06-04,30.48472785949707
2001-06-05,30.80061149597168
2001-06-06,30.492080688476562
2001-06-07,30.962209701538086
2001-06-08,30.22028923034668
2001-06-11,30.352521896362305
2001-06-12,29.76485252380371
2001-06-13,29.669374465942383
2001-06-14,29.56650733947754
2001-06-15,28.281023025512695
2001-06-18,27.862316131591797
2001-06-19,29.603239059448242
2001-06-20,30.712446212768555
2001-06-21,30.88874053955078
2001-06-22,30.918128967285156
2001-06-25,31.12381935119629
2001-06-26,30.940174102783203
2001-06-27,30.998937606811523
2001-06-28,30.77121925354004
2001-06-29,30.85203742980957
2001-07-02,30.962209701538086
2001-07-03,31.263383865356445
2001-07-05,31.109132766723633
2001-07-06,30.04399871826172
2001-07-09,30.26435661315918
2001-07-10,30.058696746826172
2001-07-11,29.786893844604492
2001-07-12,30.337812423706055
2001-07-13,32.122840881347656
2001-07-16,32.45338821411133
2001-07-17,33.68013000488281
2001-07-18,33.68013000488281
2001-07-19,33.525875091552734
2001-07-20,33.907840728759766
2001-07-23,34.09147262573242
2001-07-24,34.01068115234375
2001-07-25,34.649742126464844
2001-07-26,34.75993347167969
2001-07-27,34.422054290771484
2001-07-30,34.275142669677734
2001-07-31,34.01068115234375
2001-08-01,34.34858322143555
2001-08-02,34.289817810058594
2001-08-03,34.96562576293945
2001-08-06,34.74525833129883
2001-08-07,34.524879455566406
2001-08-08,34.38532257080078
2001-08-09,33.60664749145508
2001-08-10,34.01068115234375
2001-08-13,33.22468948364258
2001-08-14,32.95289993286133
2001-08-15,31.79227066040039
2001-08-16,31.997974395751953
2001-08-17,32.504798889160156
2001-08-20,33.092464447021484
2001-08-21,32.99696731567383
2001-08-22,32.76190948486328
2001-08-23,32.83536911010742
2001-08-24,32.96759796142578
2001-08-27,32.61500549316406
2001-08-28,32.75455093383789
2001-08-29,32.24771499633789
2001-08-30,31.49999237060547
2001-08-31,31.492630004882812
2001-09-04,32.1556282043457
2001-09-05,32.12616729736328
2001-09-06,31.581005096435547
2001-09-07,30.763322830200195
2001-09-10,31.050630569458008
2001-09-17,29.31945037841797
2001-09-18,29.569923400878906
2001-09-19,29.650938034057617
2001-09-20,27.610363006591797
2001-09-21,28.7301082611084
2001-09-24,29.481510162353516
2001-09-25,28.030263900756836
2001-09-26,27.566162109375
2001-09-27,28.3249454498291
2001-09-28,28.752214431762695
2001-10-01,28.25864601135254
2001-10-02,28.25864601135254
2001-10-03,28.811159133911133
2001-10-04,29.51835823059082
2001-10-05,29.32679557800293
2001-10-08,28.825876235961914
2001-10-09,28.656448364257812
2001-10-10,29.3857479095459
2001-10-11,30.34341812133789
2001-10-12,30.019285202026367
2001-10-15,30.564414978027344
2001-10-16,30.932756423950195
2001-10-17,29.481510162353516
2001-10-18,29.80565071105957
2001-10-19,30.1887264251709
2001-10-22,30.785398483276367
2001-10-23,31.33055305480957
2001-10-24,31.06536865234375
2001-10-25,30.57179069519043
2001-10-26,31.220054626464844
2001-10-29,30.394973754882812
2001-10-30,29.54781723022461
2001-10-31,30.387611389160156
2001-11-01,30.063501358032227
2001-11-02,30.94012451171875
2001-11-05,31.212692260742188
2001-11-06,31.964092254638672
2001-11-07,31.853574752807617
2001-11-08,32.619712829589844
2001-11-09,32.442935943603516
2001-11-12,32.08195114135742
2001-11-13,32.76706314086914
2001-11-14,33.29010009765625
2001-11-15,33.45215606689453
2001-11-16,32.67866897583008
2001-11-19,33.29010009765625
2001-11-20,33.22379684448242
2001-11-21,33.113304138183594
2001-11-23,33.2606315612793
2001-11-26,33.51846694946289
2001-11-27,33.113304138183594
2001-11-28,33.0027961730957
2001-11-29,33.663963317871094
2001-11-30,33.57533645629883
2001-12-03,33.50144577026367
2001-12-04,33.68612289428711
2001-12-05,34.49873352050781
2001-12-06,32.9473991394043
2001-12-07,33.065589904785156
2001-12-10,32.76272964477539
2001-12-11,32.807037353515625
2001-12-12,32.57802200317383
2001-12-13,31.67677116394043
2001-12-14,31.085792541503906
2001-12-17,31.35912322998047
2001-12-18,31.780214309692383
2001-12-19,31.95011329650879
2001-12-20,31.61029815673828
2001-12-21,31.987035751342773
2001-12-24,32.282535552978516
2001-12-26,32.70359802246094
2001-12-27,32.75532913208008
2001-12-28,32.40074157714844
2001-12-31,31.95011329650879
2002-01-02,31.957496643066406
2002-01-03,32.14216613769531
2002-01-04,32.614967346191406
2002-01-07,32.65190887451172
2002-01-08,32.83659362792969
2002-01-09,32.474613189697266
2002-01-10,32.19388198852539
2002-01-11,32.282535552978516
2002-01-14,32.2308235168457
2002-01-15,32.9473991394043
2002-01-16,32.35640335083008
2002-01-17,32.105255126953125
2002-01-18,32.14957046508789
2002-01-22,32.26038360595703
2002-01-23,31.83928108215332
2002-01-24,31.979650497436523
2002-01-25,31.684165954589844
2002-01-28,31.876232147216797
2002-01-29,31.137510299682617
2002-01-30,30.94544219970703
2002-01-31,31.12273406982422
2002-02-01,30.91588592529297
2002-02-04,30.775531768798828
2002-02-05,30.960214614868164
2002-02-06,31.455171585083008
2002-02-07,32.03873825073242
2002-02-08,32.614967346191406
2002-02-11,33.235496520996094
2002-02-12,32.54109573364258
2002-02-13,32.9473991394043
2002-02-14,33.34630584716797
2002-02-15,33.19118881225586
2002-02-19,33.294593811035156
2002-02-20,34.277099609375
2002-02-21,32.65190887451172
2002-02-22,32.72578430175781
2002-02-25,32.72578430175781
2002-02-26,32.585418701171875
2002-02-27,32.32241439819336
2002-02-28,32.52244186401367
2002-03-01,33.078060150146484
2002-03-04,33.63368225097656
2002-03-05,33.93742752075195
2002-03-06,34.55232238769531
2002-03-07,34.6634521484375
2002-03-08,34.781982421875
2002-03-11,34.91531753540039
2002-03-12,34.7597541809082
2002-03-13,34.648624420166016
2002-03-14,34.53009796142578
2002-03-15,35.626522064208984
2002-03-18,35.61171340942383
2002-03-19,35.937686920166016
2002-03-20,35.5228157043457
2002-03-21,35.189430236816406
2002-03-22,35.389469146728516
2002-03-25,35.433902740478516
2002-03-26,35.189430236816406
2002-03-27,35.03384780883789
2002-03-28,35.45613098144531
2002-04-01,35.63392639160156
2002-04-02,34.967201232910156
2002-04-03,34.81902313232422
2002-04-04,34.98199462890625
2002-04-05,35.322776794433594
2002-04-08,35.270912170410156
2002-04-09,35.389469146728516
2002-04-10,35.54503631591797
2002-04-11,34.67085266113281
2002-04-12,34.744930267333984
2002-04-15,34.89310836791992
2002-04-16,34.52268981933594
2002-04-17,34.49306869506836
2002-04-18,34.93014144897461
2002-04-19,35.56726837158203
2002-04-22,35.23387908935547
2002-04-23,35.189430236816406
2002-04-24,35.31538391113281
2002-04-25,34.77457809448242
2002-04-26,34.7301139831543
2002-04-29,34.26339340209961
2002-04-30,34.49306869506836
2002-05-01,35.50798034667969
2002-05-02,35.36724090576172
2002-05-03,35.619110107421875
2002-05-06,35.189430236816406
2002-05-07,35.15237808227539
2002-05-08,35.54503631591797
2002-05-09,35.448707580566406
2002-05-10,35.01163101196289
2002-05-13,35.61171340942383
2002-05-14,36.34511947631836
2002-05-15,36.708106994628906
2002-05-16,37.70084762573242
2002-05-17,37.52305603027344
2002-05-20,36.88593673706055
2002-05-21,36.55997848510742
2002-05-22,36.69329833984375
2002-05-23,37.18224334716797
2002-05-24,37.004459381103516
2002-05-28,36.597015380859375
2002-05-29,36.81184768676758
2002-05-30,36.40699005126953
2002-05-31,37.342994689941406
2002-06-03,36.94929885864258
2002-06-04,36.741275787353516
2002-06-05,36.9715576171875
2002-06-06,36.510986328125
2002-06-07,36.63727569580078
2002-06-10,36.369873046875
2002-06-11,36.005859375
2002-06-12,35.693851470947266
2002-06-13,35.73101043701172
2002-06-14,36.36241912841797
2002-06-17,37.075557708740234
2002-06-18,37.72926330566406
2002-06-19,38.650390625
2002-06-20,39.214962005615234
2002-06-21,38.29384231567383
2002-06-24,37.67726135253906
2002-06-25,37.8852653503418
2002-06-26,37.58812713623047
2002-06-27,38.26412582397461
2002-06-28,38.25667953491211
2002-07-01,37.29099655151367
2002-07-02,36.6670036315918
2002-07-03,37.03097915649414
2002-07-05,38.538978576660156
2002-07-08,37.99669647216797
2002-07-09,37.17955017089844
2002-07-10,36.020713806152344
2002-07-11,35.768157958984375
2002-07-12,35.90928649902344
2002-07-15,35.90187072753906
2002-07-16,34.2750358581543
2002-07-17,33.94074630737305
2002-07-18,33.190460205078125
2002-07-19,31.89047622680664
2002-07-22,30.7613468170166
2002-07-23,29.699079513549805
2002-07-24,30.924774169921875
2002-07-25,32.462486267089844
2002-07-26,32.024192810058594
2002-07-29,33.27960205078125
2002-07-30,33.34645080566406
2002-07-31,33.6138916015625
2002-08-01,33.47275161743164
2002-08-02,32.21733474731445
2002-08-05,30.87276840209961
2002-08-06,31.979623794555664
2002-08-07,33.26475143432617
2002-08-08,33.88874816894531
2002-08-09,34.230445861816406
2002-08-12,33.807044982910156
2002-08-13,32.81161117553711
2002-08-14,34.36415481567383
2002-08-15,35.062442779541016
2002-08-16,35.21100997924805
2002-08-19,35.953861236572266
2002-08-20,35.18130111694336
2002-08-21,35.68645477294922
2002-08-22,35.775569915771484
2002-08-23,35.32244873046875
2002-08-26,35.931583404541016
2002-08-27,35.73841857910156
2002-08-28,35.18130111694336
2002-08-29,35.099578857421875
2002-08-30,35.162899017333984
2002-09-03,33.7027473449707
2002-09-04,34.432830810546875
2002-09-05,34.20188522338867
2002-09-06,35.20016098022461
2002-09-09,34.93940734863281
2002-09-10,35.61734390258789
2002-09-11,35.758880615234375
2002-09-12,35.758880615234375
2002-09-13,36.33251953125
2002-09-16,36.35487747192383
2002-09-17,35.87064743041992
2002-09-18,35.60988235473633
2002-09-19,33.58354187011719
2002-09-20,35.051170349121094
2002-09-23,34.21678924560547
2002-09-24,33.68040084838867
2002-09-25,34.462615966796875
2002-09-26,35.066070556640625
2002-09-27,34.30619430541992
2002-09-30,33.85919952392578
2002-10-01,34.86490249633789
2002-10-02,34.27637481689453
2002-10-03,34.32854080200195
2002-10-04,33.27811050415039
2002-10-07,31.885011672973633
2002-10-08,31.586999893188477
2002-10-09,31.005935668945312
2002-10-10,31.586999893188477
2002-10-11,33.08442306518555
2002-10-14,34.030548095703125
2002-10-15,35.364051818847656
2002-10-16,34.17953109741211
2002-10-17,35.535400390625
2002-10-18,35.81850814819336
2002-10-21,37.33078384399414
2002-10-22,37.17435836791992
2002-10-23,37.159427642822266
2002-10-24,36.421913146972656
2002-10-25,37.17435836791992
2002-10-28,36.83910369873047
2002-10-29,37.189239501953125
2002-10-30,37.21902847290039
2002-10-31,36.064327239990234
2002-11-01,36.69011688232422
2002-11-04,36.861454010009766
2002-11-05,36.44426345825195
2002-11-06,36.89870834350586
2002-11-07,36.47407150268555
2002-11-08,36.190982818603516
2002-11-11,35.453453063964844
2002-11-12,35.49814987182617
2002-11-13,35.088401794433594
2002-11-14,36.09412384033203
2002-11-15,36.481529235839844
2002-11-18,35.7886962890625
2002-11-19,35.55774688720703
2002-11-20,36.109039306640625
2002-11-21,36.466617584228516
2002-11-22,36.138824462890625
2002-11-25,35.274658203125
2002-11-26,34.85002517700195
2002-11-27,36.32562255859375
2002-11-29,35.89227294921875
2002-12-02,35.58594512939453
2002-12-03,34.95089340209961
2002-12-04,34.92845916748047
2002-12-05,34.988250732421875
2002-12-06,35.27214813232422
2002-12-09,34.14397048950195
2002-12-10,34.61468505859375
2002-12-11,34.93593978881836
2002-12-12,34.21120834350586
2002-12-13,34.009490966796875
2002-12-16,33.845115661621094
2002-12-17,33.845115661621094
2002-12-18,33.30719757080078
2002-12-19,33.30719757080078
2002-12-20,33.93478012084961
2002-12-23,33.792816162109375
2002-12-24,33.822715759277344
2002-12-26,34.03938674926758
2002-12-27,33.254886627197266
2002-12-30,34.14397048950195
2002-12-31,34.1663932800293
2003-01-02,35.20489501953125
2003-01-03,35.040531158447266
2003-01-06,35.795127868652344
2003-01-07,35.23479080200195
2003-01-08,34.681922912597656
2003-01-09,35.496280670166016
2003-01-10,35.34686279296875
2003-01-13,35.040531158447266
2003-01-14,34.98076629638672
2003-01-15,34.495140075683594
2003-01-16,34.532493591308594
2003-01-17,34.12903594970703
2003-01-21,33.96467208862305
2003-01-22,34.0244255065918
2003-01-23,35.040531158447266
2003-01-24,35.01811599731445
2003-01-27,34.6669807434082
2003-01-28,35.16754913330078
2003-01-29,35.189964294433594
2003-01-30,35.60088348388672
2003-01-31,36.48997497558594
2003-02-03,36.43019485473633
2003-02-04,36.00434494018555
2003-02-05,35.61582946777344
2003-02-06,35.36180114746094
2003-02-07,35.02558898925781
2003-02-10,35.04800796508789
2003-02-11,34.81639099121094
2003-02-12,34.32328796386719
2003-02-13,33.36695861816406
2003-02-14,33.97959899902344
2003-02-18,34.46524429321289
2003-02-19,34.12903594970703
2003-02-20,33.88248062133789
2003-02-21,34.86869430541992
2003-02-24,33.8376579284668
2003-02-25,34.45777130126953
2003-02-26,33.91984939575195
2003-02-27,34.38808822631836
2003-02-28,34.80765151977539
2003-03-03,34.13336181640625
2003-03-04,33.032047271728516
2003-03-05,33.31672286987305
2003-03-06,33.436607360839844
2003-03-07,33.848663330078125
2003-03-10,33.12194061279297
2003-03-11,32.77732467651367
2003-03-12,32.942134857177734
2003-03-13,34.38808822631836
2003-03-14,33.97601318359375
2003-03-17,34.7626953125
2003-03-18,33.98351287841797
2003-03-19,34.12587356567383
2003-03-20,34.24575424194336
2003-03-21,35.39950180053711
2003-03-24,34.19331741333008
2003-03-25,34.49296951293945
2003-03-26,33.83368682861328
2003-03-27,33.56398010253906
2003-03-28,33.12944412231445
2003-03-31,32.327796936035156
2003-04-01,32.7024040222168
2003-04-02,33.541500091552734
2003-04-03,33.30925750732422
2003-04-04,33.39164352416992
2003-04-07,33.58645248413086
2003-04-08,33.339229583740234
2003-04-09,32.35027313232422
2003-04-10,33.12944412231445
2003-04-11,33.47406005859375
2003-04-14,34.830116271972656
2003-04-15,34.77017593383789
2003-04-16,33.961036682128906
2003-04-17,34.45551300048828
2003-04-21,34.24575424194336
2003-04-22,34.665287017822266
2003-04-23,34.717742919921875
2003-04-24,34.2831916809082
2003-04-25,33.901092529296875
2003-04-28,34.5604133605957
2003-04-29,35.189727783203125
2003-04-30,34.74770736694336
2003-05-01,34.53042221069336
2003-05-02,34.934993743896484
2003-05-05,34.80014419555664
2003-05-06,34.837608337402344
2003-05-07,34.72522735595703
2003-05-08,34.26822280883789
2003-05-09,34.67277526855469
2003-05-12,34.665287017822266
2003-05-13,35.09232711791992
2003-05-14,34.785160064697266
2003-05-15,35.16724395751953
2003-05-16,34.72522735595703
2003-05-19,33.86365509033203
2003-05-20,34.11088562011719
2003-05-21,34.41056823730469
2003-05-22,34.80765151977539
2003-05-23,34.75518798828125
2003-05-27,35.09981155395508
2003-05-28,35.06235122680664
2003-05-29,35.3516845703125
2003-05-30,35.998008728027344
2003-06-02,35.674869537353516
2003-06-03,35.32164764404297
2003-06-04,35.3892707824707
2003-06-05,35.096195220947266
2003-06-06,34.8331413269043
2003-06-09,35.07361602783203
2003-06-10,35.50952911376953
2003-06-11,35.930381774902344
2003-06-12,35.704898834228516
2003-06-13,35.53205871582031
2003-06-16,36.46396255493164
2003-06-17,36.4789924621582
2003-06-18,34.292049407958984
2003-06-19,34.044044494628906
2003-06-20,34.22440719604492
2003-06-23,34.209381103515625
2003-06-24,34.675323486328125
2003-06-25,34.23945236206055
2003-06-26,34.4047737121582
2003-06-27,33.94635772705078
2003-06-30,34.19435119628906
2003-07-01,34.23193359375
2003-07-02,34.179325103759766
2003-07-03,34.0064697265625
2003-07-07,34.0064697265625
2003-07-08,33.803550720214844
2003-07-09,33.29252624511719
2003-07-10,33.11966323852539
2003-07-11,33.11216735839844
2003-07-14,32.999427795410156
2003-07-15,33.4052619934082
2003-07-16,33.49542999267578
2003-07-17,33.555545806884766
2003-07-18,33.81858825683594
2003-07-21,33.856170654296875
2003-07-22,34.22440719604492
2003-07-23,33.81858825683594
2003-07-24,33.73592758178711
2003-07-25,33.93883514404297
2003-07-28,33.630714416503906
2003-07-29,33.33761978149414
2003-07-30,33.33009719848633
2003-07-31,33.51799011230469
2003-08-01,33.18730926513672
2003-08-04,32.66877365112305
2003-08-05,32.593605041503906
2003-08-06,33.20234298706055
2003-08-07,33.33009719848633
2003-08-08,33.46538543701172
2003-08-11,33.4052619934082
2003-08-12,33.29252624511719
2003-08-13,33.412776947021484
2003-08-14,33.65325164794922
2003-08-15,33.66078186035156
2003-08-18,33.555545806884766
2003-08-19,33.630714416503906
2003-08-20,33.47289276123047
2003-08-21,33.46538543701172
2003-08-22,33.33761978149414
2003-08-25,33.052024841308594
2003-08-26,32.73640823364258
2003-08-27,32.54100799560547
2003-08-28,32.71821212768555
2003-08-29,33.47222900390625
2003-09-02,33.954830169677734
2003-09-03,34.22630310058594
2003-09-04,34.30170440673828
2003-09-05,33.67584991455078
2003-09-08,34.24137878417969
2003-09-09,33.932212829589844
2003-09-10,33.46470642089844
2003-09-11,33.8266487121582
2003-09-12,33.45716857910156
2003-09-15,33.0650520324707
2003-09-16,33.57027053833008
2003-09-17,32.326080322265625
2003-09-18,32.68803405761719
2003-09-19,33.10274887084961
2003-09-22,32.70311737060547
2003-09-23,32.90671157836914
2003-09-24,32.68803405761719
2003-09-25,33.28373718261719
2003-09-26,32.936866760253906
2003-09-29,32.90671157836914
2003-09-30,32.77098846435547
2003-10-01,33.0650520324707
2003-10-02,33.11030960083008
2003-10-03,33.38930892944336
2003-10-06,33.78141403198242
2003-10-07,33.404380798339844
2003-10-08,33.366695404052734
2003-10-09,34.0528678894043
2003-10-10,33.766319274902344
2003-10-13,33.90959548950195
2003-10-14,34.007606506347656
2003-10-15,34.4525260925293
2003-10-16,35.5081901550293
2003-10-17,35.22918701171875
2003-10-20,35.327213287353516
2003-10-21,35.43276596069336
2003-10-22,34.957725524902344
2003-10-23,35.05575180053711
2003-10-24,35.2442626953125
2003-10-27,35.2442626953125
2003-10-28,35.59112548828125
2003-10-29,35.50064468383789
2003-10-30,35.915374755859375
2003-10-31,35.83995819091797
2003-11-03,35.93045425415039
2003-11-04,35.99831008911133
2003-11-05,35.95307159423828
2003-11-06,35.96815872192383
2003-11-07,35.70424270629883
2003-11-10,35.402610778808594
2003-11-11,35.43276596069336
2003-11-12,35.53834915161133
2003-11-13,35.81733703613281
2003-11-14,35.90782928466797
2003-11-17,35.583587646484375
2003-11-18,35.28951644897461
2003-11-19,34.95018005371094
2003-11-20,34.52791213989258
2003-11-21,34.56562423706055
2003-11-24,34.44495391845703
2003-11-25,34.57316589355469
2003-11-26,34.6071891784668
2003-11-28,34.720672607421875
2003-12-01,34.79631423950195
2003-12-02,34.493736267089844
2003-12-03,34.697967529296875
2003-12-04,34.87196350097656
2003-12-05,34.70553970336914
2003-12-08,34.516441345214844
2003-12-09,34.26679992675781
2003-12-10,33.55574417114258
2003-12-11,33.85832977294922
2003-12-12,33.88858413696289
2003-12-15,34.00962829589844
2003-12-16,34.6828498840332
2003-12-17,34.89466094970703
2003-12-18,35.189666748046875
2003-12-19,34.8795280456543
2003-12-22,35.250179290771484
2003-12-23,35.666229248046875
2003-12-24,35.37118911743164
2003-12-26,35.49223709106445
2003-12-29,35.87044906616211
2003-12-30,36.00663375854492
2003-12-31,36.150352478027344
2004-01-02,35.70404815673828
2004-01-05,36.27894592285156
2004-01-06,35.779701232910156
2004-01-07,35.88557815551758
2004-01-08,36.27138137817383
2004-01-09,35.90828323364258
2004-01-12,35.50736999511719
2004-01-13,35.779701232910156
2004-01-14,35.80995178222656
2004-01-15,35.96880340576172
2004-01-16,36.316749572753906
2004-01-20,35.976348876953125
2004-01-21,35.83262634277344
2004-01-22,35.651100158691406
2004-01-23,35.48466873168945
2004-01-26,35.51493835449219
2004-01-27,35.855323791503906
2004-01-28,36.104957580566406
2004-01-29,36.75551223754883
2004-01-30,36.76303482055664
2004-02-02,36.61178207397461
2004-02-03,36.00663375854492
2004-02-04,35.55274200439453
2004-02-05,35.09130859375
2004-02-06,35.174537658691406
2004-02-09,35.764556884765625
2004-02-10,36.5512580871582
2004-02-11,37.163978576660156
2004-02-12,36.49830627441406
2004-02-13,36.24110794067383
2004-02-17,36.324310302734375
2004-02-18,36.30918502807617
2004-02-19,36.00663375854492
2004-02-20,35.54519271850586
2004-02-23,35.159420013427734
2004-02-24,35.3258171081543
2004-02-25,34.80385971069336
2004-02-26,34.89114761352539
2004-02-27,34.63314437866211
2004-03-01,35.12639236450195
2004-03-02,34.97460174560547
2004-03-03,34.90631866455078
2004-03-04,34.90631866455078
2004-03-05,34.982200622558594
2004-03-08,34.72419738769531
2004-03-09,34.731788635253906
2004-03-10,34.511741638183594
2004-03-11,34.238555908203125
2004-03-12,34.390316009521484
2004-03-15,34.1854248046875
2004-03-16,34.15508270263672
2004-03-17,34.253719329833984
2004-03-18,34.5041389465332
2004-03-19,34.238555908203125
2004-03-22,33.80601119995117
2004-03-23,33.7301139831543
2004-03-24,33.39624786376953
2004-03-25,33.69218444824219
2004-03-26,33.36589050292969
2004-03-29,33.57836151123047
2004-03-30,33.26723861694336
2004-03-31,33.5404167175293
2004-04-01,34.261314392089844
2004-04-02,34.74696731567383
2004-04-05,34.61794662475586
2004-04-06,34.48896408081055
2004-04-07,35.28573226928711
2004-04-08,35.71827697753906
2004-04-12,35.460262298583984
2004-04-13,35.566490173339844
2004-04-14,35.58927536010742
2004-04-15,35.28573226928711
2004-04-16,35.156742095947266
2004-04-19,35.16431427001953
2004-04-20,34.78489685058594
2004-04-21,34.98978805541992
2004-04-22,35.32367706298828
2004-04-23,35.28573226928711
2004-04-26,35.36162185668945
2004-04-27,35.293331146240234
2004-04-28,35.07326126098633
2004-04-29,34.70143127441406
2004-04-30,34.76215362548828
2004-05-03,34.58760070800781
2004-05-04,34.61794662475586
2004-05-05,34.686256408691406
2004-05-06,34.62554168701172
2004-05-07,34.31442642211914
2004-05-10,34.23095703125
2004-05-11,34.61794662475586
2004-05-12,34.71660614013672
2004-05-13,35.391971588134766
2004-05-14,35.232601165771484
2004-05-17,34.731788635253906
2004-05-18,35.20225143432617
2004-05-19,35.088443756103516
2004-05-20,35.19468307495117
2004-05-21,35.21744918823242
2004-05-24,35.0580940246582
2004-05-25,35.31607437133789
2004-05-26,35.33125686645508
2004-05-27,35.494956970214844
2004-05-28,35.50258255004883
2004-06-01,35.39597702026367
2004-06-02,35.4188117980957
2004-06-03,35.456878662109375
2004-06-04,35.74620819091797
2004-06-07,35.852806091308594
2004-06-08,35.76906204223633
2004-06-09,35.784278869628906
2004-06-10,35.517784118652344
2004-06-14,35.27417755126953
2004-06-15,35.14474868774414
2004-06-16,34.939144134521484
2004-06-17,34.939144134521484
2004-06-18,34.733577728271484
2004-06-21,34.45950698852539
2004-06-22,34.48995590209961
2004-06-23,34.56608581542969
2004-06-24,34.2082405090332
2004-06-25,34.22348403930664
2004-06-28,34.13212966918945
2004-06-29,34.06357955932617
2004-06-30,34.04075241088867
2004-07-01,33.9036979675293
2004-07-02,33.85040283203125
2004-07-06,33.69051742553711
2004-07-07,33.591548919677734
2004-07-08,33.332672119140625
2004-07-09,33.378353118896484
2004-07-12,33.317447662353516
2004-07-13,33.53825378417969
2004-07-14,32.73881530761719
2004-07-15,32.37334442138672
2004-07-16,32.35050582885742
2004-07-19,32.274375915527344
2004-07-20,32.28959655761719
2004-07-21,32.053585052490234
2004-07-22,31.916536331176758
2004-07-23,31.703351974487305
2004-07-26,31.55108070373535
2004-07-27,31.771865844726562
2004-07-28,31.749040603637695
2004-07-29,31.787107467651367
2004-07-30,31.67287826538086
2004-08-02,31.93936538696289
2004-08-03,31.83280372619629
2004-08-04,31.688119888305664
2004-08-05,31.459714889526367
2004-08-06,31.07904052734375
2004-08-09,31.18562126159668
2004-08-10,31.360727310180664
2004-08-11,31.573904037475586
2004-08-12,31.52825164794922
2004-08-13,31.452096939086914
2004-08-16,31.82516860961914
2004-08-17,31.985048294067383
2004-08-18,32.1601676940918
2004-08-19,32.023128509521484
2004-08-20,31.84039306640625
2004-08-23,31.657670974731445
2004-08-24,31.353118896484375
2004-08-25,31.208454132080078
2004-08-26,31.18562126159668
2004-08-27,31.20084571838379
2004-08-30,31.07475471496582
2004-08-31,31.04417610168457
2004-09-01,31.22759437561035
2004-09-02,31.319305419921875
2004-09-03,31.365171432495117
2004-09-07,31.411012649536133
2004-09-08,31.296354293823242
2004-09-09,31.158809661865234
2004-09-10,31.25052833557129
2004-09-13,31.33458709716797
2004-09-14,31.357498168945312
2004-09-15,31.082393646240234
2004-09-16,31.242868423461914
2004-09-17,31.181745529174805
2004-09-20,30.692617416381836
2004-09-21,30.45570182800293
2004-09-22,30.203500747680664
2004-09-23,29.9512882232666
2004-09-24,29.82900619506836
2004-09-27,29.59208869934082
2004-09-28,29.767845153808594
2004-09-29,29.68379020690918
2004-09-30,29.882492065429688
2004-10-01,30.310487747192383
2004-10-04,30.486270904541016
2004-10-05,30.341054916381836
2004-10-06,30.5321102142334
2004-10-07,30.287567138671875
2004-10-08,29.80606460571289
2004-10-11,29.92070960998535
2004-10-12,29.622638702392578
2004-10-13,29.767845153808594
2004-10-14,30.020069122314453
2004-10-15,30.065914154052734
2004-10-18,30.470975875854492
2004-10-19,30.264633178710938
2004-10-20,29.9283504486084
2004-10-21,29.981843948364258
2004-10-22,29.706722259521484
2004-10-25,29.65322494506836
2004-10-26,30.11176872253418
2004-10-27,30.501556396484375
2004-10-28,30.66204261779785
2004-10-29,30.608531951904297
2004-11-01,30.45570182800293
2004-11-02,30.616188049316406
2004-11-03,31.051815032958984
2004-11-04,31.326942443847656
2004-11-05,31.464509963989258
2004-11-08,31.655561447143555
2004-11-09,31.273456573486328
2004-11-10,31.15117835998535
2004-11-11,31.678516387939453
2004-11-12,31.732006072998047
2004-11-15,31.693782806396484
2004-11-16,31.42630386352539
2004-11-17,31.449230194091797
2004-11-18,31.655561447143555
2004-11-19,31.273456573486328
2004-11-22,31.52564239501953
2004-11-23,31.219953536987305
2004-11-24,31.357498168945312
2004-11-26,31.342235565185547
2004-11-29,31.36908531188965
2004-11-30,31.453454971313477
2004-12-01,31.499496459960938
2004-12-02,30.7553653717041
2004-12-03,30.448490142822266
2004-12-06,30.279722213745117
2004-12-07,30.17230796813965
2004-12-08,30.279722213745117
2004-12-09,30.47917938232422
2004-12-10,30.241361618041992
2004-12-13,30.4024658203125
2004-12-14,30.50986671447754
2004-12-15,30.387130737304688
2004-12-16,30.25670623779297
2004-12-17,31.10057258605957
2004-12-20,30.53288459777832
2004-12-21,31.21566390991211
2004-12-22,31.36908531188965
2004-12-23,31.16962432861328
2004-12-27,31.138944625854492
2004-12-28,31.26936912536621
2004-12-29,31.138944625854492
2004-12-30,31.20030975341797
2004-12-31,31.300039291381836
2005-01-03,30.954814910888672
2005-01-04,30.82440757751465
2005-01-05,30.916454315185547
2005-01-06,31.03153419494629
2005-01-07,31.10057258605957
2005-01-10,31.03921127319336
2005-01-11,30.947153091430664
2005-01-12,30.839744567871094
2005-01-13,30.35643768310547
2005-01-14,30.50986671447754
2005-01-18,30.786039352416992
2005-01-19,30.540555953979492
2005-01-20,30.21834945678711
2005-01-21,30.264366149902344
2005-01-24,30.30274772644043
2005-01-25,30.647947311401367
2005-01-26,30.24903106689453
2005-01-27,29.66599464416504
2005-01-28,29.735021591186523
2005-01-31,29.827091217041016
2005-02-01,29.704357147216797
2005-02-02,29.84244728088379
2005-02-03,29.66599464416504
2005-02-04,29.79641342163086
2005-02-07,29.765724182128906
2005-02-08,29.995872497558594
2005-02-09,29.84244728088379
2005-02-10,29.811750411987305
2005-02-11,30.226011276245117
2005-02-14,30.19533348083496
2005-02-15,29.804080963134766
2005-02-16,29.696683883666992
2005-02-17,29.343791961669922
2005-02-18,28.53827476501465
2005-02-22,28.553619384765625
2005-02-23,28.653339385986328
2005-02-24,28.653339385986328
2005-02-25,28.510822296142578
2005-02-28,28.24119758605957
2005-03-01,28.41838264465332
2005-03-02,28.510822296142578
2005-03-03,27.917659759521484
2005-03-04,28.194988250732422
2005-03-07,28.117952346801758
2005-03-08,28.033212661743164
2005-03-09,27.83292007446289
2005-03-10,27.994688034057617
2005-03-11,27.894556045532227
2005-03-14,28.194988250732422
2005-03-15,28.310537338256836
2005-03-16,27.933059692382812
2005-03-17,27.917659759521484
2005-03-18,27.88684844970703
2005-03-21,27.755876541137695
2005-03-22,27.493955612182617
2005-03-23,27.547889709472656
2005-03-24,27.393814086914062
2005-03-28,27.578702926635742
2005-03-29,27.740461349487305
2005-03-30,28.056324005126953
2005-03-31,28.179584503173828
2005-04-01,27.73277473449707
2005-04-04,27.578702926635742
2005-04-05,27.555587768554688
2005-04-06,27.478557586669922
2005-04-07,27.563295364379883
2005-04-08,27.40151023864746
2005-04-11,27.501663208007812
2005-04-12,27.478557586669922
2005-04-13,27.386098861694336
2005-04-14,27.000932693481445
2005-04-15,26.192058563232422
2005-04-18,26.11502456665039
2005-04-19,25.776071548461914
2005-04-20,25.537263870239258
2005-04-21,25.521854400634766
2005-04-22,25.206012725830078
2005-04-25,25.313858032226562
2005-04-26,25.36778450012207
2005-04-27,25.483339309692383
2005-04-28,25.2984561920166
2005-04-29,25.69903564453125
2005-05-02,25.537263870239258
2005-05-03,25.383188247680664
2005-05-04,25.70673370361328
2005-05-05,25.729856491088867
2005-05-06,25.675933837890625
2005-05-09,25.652816772460938
2005-05-10,25.514144897460938
2005-05-11,24.99800682067871
2005-05-12,25.182893753051758
2005-05-13,25.206012725830078
2005-05-16,25.360074996948242
2005-05-17,25.82999038696289
2005-05-18,25.64510726928711
2005-05-19,25.56037712097168
2005-05-20,25.26763916015625
2005-05-23,25.360074996948242
2005-05-24,25.05193519592285
2005-05-25,24.574312210083008
2005-05-26,24.37401580810547
2005-05-27,24.4708194732666
2005-05-31,24.29271697998047
2005-06-01,24.28496551513672
2005-06-02,24.137834548950195
2005-06-03,23.959726333618164
2005-06-06,23.944236755371094
2005-06-07,23.890033721923828
2005-06-08,23.828075408935547
2005-06-09,23.851308822631836
2005-06-10,23.851308822631836
2005-06-13,24.00619125366211
2005-06-14,23.982954025268555
2005-06-15,23.804847717285156
2005-06-16,24.896732330322266
2005-06-17,24.90448760986328
2005-06-20,24.865764617919922
2005-06-21,24.726381301879883
2005-06-22,24.70313835144043
2005-06-23,24.145587921142578
2005-06-24,24.068134307861328
2005-06-27,24.18429946899414
2005-06-28,24.176551818847656
2005-06-29,24.362403869628906
2005-06-30,24.122344970703125
2005-07-01,24.060396194458008
2005-07-05,23.936487197875977
2005-07-06,23.828075408935547
2005-07-07,23.789352416992188
2005-07-08,24.300458908081055
2005-07-11,24.478572845458984
2005-07-12,24.377901077270508
2005-07-13,24.25398826599121
2005-07-14,24.308197021484375
2005-07-15,24.16106605529785
2005-07-18,24.122344970703125
2005-07-19,24.42436408996582
2005-07-20,24.873516082763672
2005-07-21,24.463077545166016
2005-07-22,24.617961883544922
2005-07-25,24.950952529907227
2005-07-26,24.741859436035156
2005-07-27,24.586986541748047
2005-07-28,24.548259735107422
2005-07-29,24.408870697021484
2005-08-01,24.137834548950195
2005-08-02,24.02167510986328
2005-08-03,24.269481658935547
2005-08-04,24.70313835144043
2005-08-05,24.586986541748047
2005-08-08,24.548259735107422
2005-08-09,24.408870697021484
2005-08-10,24.308197021484375
2005-08-11,24.51728630065918
2005-08-12,24.315948486328125
2005-08-15,25.384611129760742
2005-08-16,24.927715301513672
2005-08-17,24.687654495239258
2005-08-18,24.865764617919922
2005-08-19,24.865764617919922
2005-08-22,25.322662353515625
2005-08-23,25.067102432250977
2005-08-24,24.64893913269043
2005-08-25,24.695396423339844
2005-08-26,24.525033950805664
2005-08-29,24.85028076171875
2005-08-30,24.651792526245117
2005-08-31,24.85417366027832
2005-09-01,25.07990264892578
2005-09-02,24.93979835510254
2005-09-06,25.07212257385254
2005-09-07,25.484664916992188
2005-09-08,25.632566452026367
2005-09-09,26.621131896972656
2005-09-12,26.924699783325195
2005-09-13,25.834945678710938
2005-09-14,25.57807731628418
2005-09-15,25.414608001708984
2005-09-16,25.25115394592285
2005-09-19,24.84638786315918
2005-09-20,25.009849548339844
2005-09-21,23.351865768432617
2005-09-22,23.60873794555664
2005-09-23,23.507545471191406
2005-09-26,23.484201431274414
2005-09-27,23.344078063964844
2005-09-28,23.421924591064453
2005-09-29,23.196184158325195
2005-09-30,23.157264709472656
2005-10-03,22.791427612304688
2005-10-04,22.550119400024414
2005-10-05,22.39443588256836
2005-10-06,22.417783737182617
2005-10-07,22.511198043823242
2005-10-10,22.223196029663086
2005-10-11,22.106433868408203
2005-10-12,21.81842803955078
2005-10-13,21.8028621673584
2005-10-14,21.950754165649414
2005-10-17,21.779504776000977
2005-10-18,21.60047149658203
2005-10-19,21.398090362548828
2005-10-20,21.296899795532227
2005-10-21,21.086729049682617
2005-10-24,21.250194549560547
2005-10-25,21.257986068725586
2005-10-26,21.211280822753906
2005-10-27,20.744234085083008
2005-10-28,21.2346248626709
2005-10-31,21.2034969329834
2005-11-01,21.195703506469727
2005-11-02,21.81842803955078
2005-11-03,22.075298309326172
2005-11-04,22.129789352416992
2005-11-07,22.301023483276367
2005-11-08,22.230974197387695
2005-11-09,22.40222930908203
2005-11-10,22.830339431762695
2005-11-11,22.744714736938477
2005-11-14,22.674663543701172
2005-11-15,22.192060470581055
2005-11-16,21.709455490112305
2005-11-17,21.87291145324707
2005-11-18,21.779504776000977
2005-11-21,21.795066833496094
2005-11-22,21.639392852783203
2005-11-23,21.717235565185547
2005-11-25,21.709455490112305
2005-11-28,21.75615882873535
2005-11-29,21.767900466918945
2005-11-30,21.532997131347656
2005-12-01,21.439035415649414
2005-12-02,21.19630241394043
2005-12-05,21.01620864868164
2005-12-06,20.836109161376953
2005-12-07,21.4625186920166
2005-12-08,21.243274688720703
2005-12-09,21.368568420410156
2005-12-12,21.493846893310547
2005-12-13,21.642620086669922
2005-12-14,21.619123458862305
2005-12-15,21.556480407714844
2005-12-16,21.337242126464844
2005-12-19,21.564315795898438
2005-12-20,21.337242126464844
2005-12-21,21.125825881958008
2005-12-22,20.640357971191406
2005-12-23,20.67167854309082
2005-12-27,20.499412536621094
2005-12-28,20.79695701599121
2005-12-29,20.702991485595703
2005-12-30,20.71082305908203
2006-01-03,21.227619171142578
2006-01-04,21.603456497192383
2006-01-05,21.532997131347656
2006-01-06,21.673940658569336
2006-01-09,22.0028018951416
2006-01-10,21.697429656982422
2006-01-11,21.548654556274414
2006-01-12,21.282434463500977
2006-01-13,21.548654556274414
2006-01-17,21.752239227294922
2006-01-18,21.337242126464844
2006-01-19,21.258935928344727
2006-01-20,20.91441535949707
2006-01-23,21.38422393798828
2006-01-24,22.018468856811523
2006-01-25,22.057619094848633
2006-01-26,22.34733009338379
2006-01-27,21.947996139526367
2006-01-30,21.91667366027832
2006-01-31,22.15940284729004
2006-02-01,22.214223861694336
2006-02-02,22.402143478393555
2006-02-03,21.91667366027832
2006-02-06,21.885358810424805
2006-02-07,21.861862182617188
2006-02-08,21.791383743286133
2006-02-09,21.775733947753906
2006-02-10,21.705259323120117
2006-02-13,21.775733947753906
2006-02-14,22.0028018951416
2006-02-15,22.041948318481445
2006-02-16,22.01064109802246
2006-02-17,22.073278427124023
2006-02-21,22.12026596069336
2006-02-22,22.5430908203125
2006-02-23,22.222049713134766
2006-02-24,22.441299438476562
2006-02-27,22.760250091552734
2006-02-28,22.224720001220703
2006-03-01,22.271974563598633
2006-03-02,22.208965301513672
2006-03-03,22.06720542907715
2006-03-06,21.697053909301758
2006-03-07,21.673423767089844
2006-03-08,21.45292091369629
2006-03-09,21.20877456665039
2006-03-10,21.555301666259766
2006-03-13,21.193025588989258
2006-03-14,20.822877883911133
2006-03-15,20.980388641357422
2006-03-16,20.972509384155273
2006-03-17,20.515727996826172
2006-03-20,20.468475341796875
2006-03-21,20.31096839904785
2006-03-22,19.925067901611328
2006-03-23,20.082582473754883
2006-03-24,19.995935440063477
2006-03-27,19.964445114135742
2006-03-28,19.93295669555664
2006-03-29,19.97232437133789
2006-03-30,19.925067901611328
2006-03-31,19.93295669555664
2006-04-03,20.019573211669922
2006-04-04,19.97232437133789
2006-04-05,19.925067901611328
2006-04-06,20.011693954467773
2006-04-07,19.625789642333984
2006-04-10,19.79118537902832
2006-04-11,19.79118537902832
2006-04-12,19.862064361572266
2006-04-13,19.72817611694336
2006-04-17,19.704553604125977
2006-04-18,19.956565856933594
2006-04-19,19.499792098999023
2006-04-20,19.413164138793945
2006-04-21,19.27927589416504
2006-04-24,19.271398544311523
2006-04-25,19.23989486694336
2006-04-26,19.39740562438965
2006-04-27,19.428905487060547
2006-04-28,19.52341079711914
2006-05-01,19.302902221679688
2006-05-02,19.271398544311523
2006-05-03,19.137514114379883
2006-05-04,19.090253829956055
2006-05-05,19.3422794342041
2006-05-08,20.240083694458008
2006-05-09,19.799062728881836
2006-05-10,19.79118537902832
2006-05-11,19.570669174194336
2006-05-12,19.688812255859375
2006-05-15,19.633670806884766
2006-05-16,19.736053466796875
2006-05-17,19.531286239624023
2006-05-18,19.334402084350586
2006-05-19,19.688812255859375
2006-05-22,19.799062728881836
2006-05-23,19.71242332458496
2006-05-24,19.405284881591797
2006-05-25,19.484039306640625
2006-05-26,19.263532638549805
2006-05-30,19.315088272094727
2006-05-31,19.16437339782715
2006-06-01,19.441999435424805
2006-06-02,19.196109771728516
2006-06-05,18.934335708618164
2006-06-06,19.029525756835938
2006-06-07,19.10884666442871
2006-06-08,19.069181442260742
2006-06-09,18.767757415771484
2006-06-12,18.561521530151367
2006-06-13,18.180767059326172
2006-06-14,18.1490421295166
2006-06-15,19.07712173461914
2006-06-16,18.839149475097656
2006-06-19,18.72016143798828
2006-06-20,18.569448471069336
2006-06-21,19.449932098388672
2006-06-22,19.283353805541992
2006-06-23,18.894676208496094
2006-06-26,19.013654708862305
2006-06-27,18.743959426879883
2006-06-28,18.823287963867188
2006-06-29,19.315088272094727
2006-06-30,19.46579933166504
2006-07-03,19.17230224609375
2006-07-05,19.275419235229492
2006-07-06,19.299213409423828
2006-07-07,19.307151794433594
2006-07-10,19.11678123474121
2006-07-11,19.330949783325195
2006-07-12,19.235755920410156
2006-07-13,18.966062545776367
2006-07-14,18.688432693481445
2006-07-17,18.387008666992188
2006-07-18,17.982454299926758
2006-07-19,17.62550926208496
2006-07-20,17.546188354492188
2006-07-21,17.435131072998047
2006-07-24,17.66517448425293
2006-07-25,17.633434295654297
2006-07-26,17.427204132080078
2006-07-27,17.332015991210938
2006-07-28,17.347877502441406
2006-07-31,17.585847854614258
2006-08-01,17.67310333251953
2006-08-02,17.546188354492188
2006-08-03,17.601707458496094
2006-08-04,17.83175277709961
2006-08-07,17.530323028564453
2006-08-08,17.47479820251465
2006-08-09,17.546188354492188
2006-08-10,17.83175277709961
2006-08-11,17.855546951293945
2006-08-14,17.792081832885742
2006-08-15,17.56998062133789
2006-08-16,17.324085235595703
2006-08-17,17.117843627929688
2006-08-18,17.363740921020508
2006-08-21,17.387540817260742
2006-08-22,17.165433883666992
2006-08-23,17.585847854614258
2006-08-24,17.633434295654297
2006-08-25,17.562049865722656
2006-08-28,17.506526947021484
2006-08-29,17.815879821777344
2006-08-30,18.283573150634766
2006-08-31,18.003751754760742
2006-09-01,18.139667510986328
2006-09-05,18.067718505859375
2006-09-06,17.89983367919922
2006-09-07,17.795894622802734
2006-09-08,17.659988403320312
2006-09-11,17.588041305541992
2006-09-12,17.811887741088867
2006-09-13,18.507415771484375
2006-09-14,18.427467346191406
2006-09-15,18.395488739013672
2006-09-18,18.403484344482422
2006-09-19,18.339521408081055
2006-09-20,18.2515926361084
2006-09-21,18.2515926361084
2006-09-22,17.42015266418457
2006-09-25,17.81987953186035
2006-09-26,18.099693298339844
2006-09-27,18.011749267578125
2006-09-28,18.21161460876465
2006-09-29,18.371503829956055
2006-10-02,18.035734176635742
2006-10-03,18.003751754760742
2006-10-04,18.059722900390625
2006-10-05,18.2196044921875
2006-10-06,18.20362091064453
2006-10-09,18.371503829956055
2006-10-10,18.563379287719727
2006-10-11,18.30755043029785
2006-10-12,19.07503318786621
2006-10-13,18.99507713317871
2006-10-16,18.747249603271484
2006-10-17,18.86716651916504
2006-10-18,18.587364196777344
2006-10-19,18.179636001586914
2006-10-20,18.179636001586914
2006-10-23,18.2196044921875
2006-10-24,18.243593215942383
2006-10-25,18.2995548248291
2006-10-26,18.88315773010254
2006-10-27,19.26689910888672
2006-10-30,19.234912872314453
2006-10-31,19.322853088378906
2006-11-01,19.099008560180664
2006-11-02,18.747249603271484
2006-11-03,18.82720184326172
2006-11-06,19.258899688720703
2006-11-07,19.314865112304688
2006-11-08,19.61066436767578
2006-11-09,19.130985260009766
2006-11-10,19.178958892822266
2006-11-13,19.882478713989258
2006-11-14,19.858495712280273
2006-11-15,19.71459197998047
2006-11-16,19.69060707092285
2006-11-17,19.626649856567383
2006-11-20,19.434783935546875
2006-11-21,19.48274803161621
2006-11-22,19.322853088378906
2006-11-24,19.394811630249023
2006-11-27,19.106996536254883
2006-11-28,18.555377960205078
2006-11-29,19.944915771484375
2006-11-30,19.44548988342285
2006-12-01,19.40522003173828
2006-12-04,19.70326042175293
2006-12-05,19.71131134033203
2006-12-06,19.332712173461914
2006-12-07,19.07494354248047
2006-12-08,19.107166290283203
2006-12-11,19.07494354248047
2006-12-12,19.115224838256836
2006-12-13,19.18772315979004
2006-12-14,19.07494354248047
2006-12-15,19.638816833496094
2006-12-18,19.413270950317383
2006-12-19,19.340778350830078
2006-12-20,19.260221481323242
2006-12-21,19.348827362060547
2006-12-22,19.24410629272461
2006-12-26,19.348827362060547
2006-12-27,19.558269500732422
2006-12-28,19.566322326660156
2006-12-29,19.622713088989258
2007-01-03,19.115224838256836
2007-01-04,18.801067352294922
2007-01-05,19.356884002685547
2007-01-08,19.20383071899414
2007-01-09,19.14744758605957
2007-01-10,19.24410629272461
2007-01-11,19.46160316467285
2007-01-12,19.372997283935547
2007-01-16,19.18772315979004
2007-01-17,19.058835983276367
2007-01-18,18.98633575439453
2007-01-19,19.042726516723633
2007-01-22,19.010501861572266
2007-01-23,19.20383071899414
2007-01-24,18.83328628540039
2007-01-25,18.478858947753906
2007-01-26,18.446638107299805
2007-01-29,18.567459106445312
2007-01-30,18.446638107299805
2007-01-31,18.599674224853516
2007-02-01,18.938005447387695
2007-02-02,19.46965980529785
2007-02-05,20.00935935974121
2007-02-06,20.15435791015625
2007-02-07,20.919607162475586
2007-02-08,20.508787155151367
2007-02-09,20.323518753051758
2007-02-12,20.291301727294922
2007-02-13,20.267127990722656
2007-02-14,20.742399215698242
2007-02-15,21.2659854888916
2007-02-16,21.000167846679688
2007-02-20,21.096824645996094
2007-02-21,21.04043960571289
2007-02-22,20.847110748291016
2007-02-23,20.967941284179688
2007-02-26,20.629627227783203
2007-02-27,19.928043365478516
2007-02-28,20.057817459106445
2007-03-01,20.252471923828125
2007-03-02,19.99292755126953
2007-03-05,19.611722946166992
2007-03-06,19.5711669921875
2007-03-07,19.441402435302734
2007-03-08,19.546842575073242
2007-03-09,19.465734481811523
2007-03-12,19.441402435302734
2007-03-13,19.181854248046875
2007-03-14,19.83882713317871
2007-03-15,19.863161087036133
2007-03-16,19.408960342407227
2007-03-19,19.42518424987793
2007-03-20,19.311620712280273
2007-03-21,18.914199829101562
2007-03-22,18.841203689575195
2007-03-23,19.295406341552734
2007-03-26,19.03586196899414
2007-03-27,19.400846481323242
2007-03-28,18.93853187561035
2007-03-29,19.10075569152832
2007-03-30,19.068307876586914
2007-04-02,19.011526107788086
2007-04-03,18.979087829589844
2007-04-04,19.10075569152832
2007-04-05,19.003419876098633
2007-04-09,19.222410202026367
2007-04-10,19.481950759887695
2007-04-11,19.38461685180664
2007-04-12,19.546842575073242
2007-04-13,19.757720947265625
2007-04-16,19.73338508605957
2007-04-17,19.846933364868164
2007-04-18,19.9199275970459
2007-04-19,19.38461685180664
2007-04-20,19.58739471435547
2007-04-23,19.449506759643555
2007-04-24,19.279190063476562
2007-04-25,19.068307876586914
2007-04-26,19.279190063476562
2007-04-27,19.043975830078125
2007-04-30,18.979087829589844
2007-05-01,19.9361515045166
2007-05-02,20.503910064697266
2007-05-03,20.73911476135254
2007-05-04,21.014877319335938
2007-05-07,20.966217041015625
2007-05-08,20.70667266845703
2007-05-09,20.771560668945312
2007-05-10,20.45524024963379
2007-05-11,20.398466110229492
2007-05-14,20.195697784423828
2007-05-15,20.114595413208008
2007-05-16,20.24435806274414
2007-05-17,19.887487411499023
2007-05-18,19.952381134033203
2007-05-21,19.952381134033203
2007-05-22,20.30113410949707
2007-05-23,20.14702606201172
2007-05-24,20.430908203125
2007-05-25,20.27680015563965
2007-05-29,20.65800666809082
2007-05-30,20.543420791625977
2007-05-31,20.551605224609375
2007-06-01,21.33733558654785
2007-06-04,21.24730110168457
2007-06-05,21.541946411132812
2007-06-06,21.288217544555664
2007-06-07,21.320964813232422
2007-06-08,21.73019790649414
2007-06-11,21.69745635986328
2007-06-12,21.484657287597656
2007-06-13,21.640161514282227
2007-06-14,21.181819915771484
2007-06-15,21.19818878173828
2007-06-18,21.140899658203125
2007-06-19,21.05905532836914
2007-06-20,20.846256256103516
2007-06-21,21.0917911529541
2007-06-22,20.829883575439453
2007-06-25,20.97720718383789
2007-06-26,20.969032287597656
2007-06-27,21.00994873046875
2007-06-28,20.82171058654785
2007-06-29,20.788963317871094
2007-07-02,20.175111770629883
2007-07-03,20.23240852355957
2007-07-05,20.19148826599121
2007-07-06,20.32244110107422
2007-07-09,20.248779296875
2007-07-10,19.79862403869629
2007-07-11,19.585824966430664
2007-07-12,19.880462646484375
2007-07-13,19.86409568786621
2007-07-16,19.528532028198242
2007-07-17,19.34027671813965
2007-07-18,19.389387130737305
2007-07-19,19.348464965820312
2007-07-20,18.988344192504883
2007-07-23,19.012901306152344
2007-07-24,19.004714965820312
2007-07-25,19.323915481567383
2007-07-26,18.669139862060547
2007-07-27,18.50544548034668
2007-07-30,18.43997573852539
2007-07-31,18.710067749023438
2007-08-01,18.750988006591797
2007-08-02,18.530010223388672
2007-08-03,18.292646408081055
2007-08-06,18.742801666259766
2007-08-07,18.644590377807617
2007-08-08,18.816463470458984
2007-08-09,18.58729362487793
2007-08-10,18.259904861450195
2007-08-13,18.137142181396484
2007-08-14,17.498735427856445
2007-08-15,17.924335479736328
2007-08-16,18.317197799682617
2007-08-17,17.96526336669922
2007-08-20,17.93252944946289
2007-08-21,18.006183624267578
2007-08-22,18.006183624267578
2007-08-23,18.169885635375977
2007-08-24,18.374496459960938
2007-08-27,18.088029861450195
2007-08-28,17.474185943603516
2007-08-29,17.777019500732422
2007-08-30,18.124446868896484
2007-08-31,18.182353973388672
2007-09-04,18.13272476196289
2007-09-05,18.190629959106445
2007-09-06,17.868009567260742
2007-09-07,17.586753845214844
2007-09-10,17.140056610107422
2007-09-11,16.817441940307617
2007-09-12,16.924976348876953
2007-09-13,16.74298858642578
2007-09-14,16.379003524780273
2007-09-17,16.25493049621582
2007-09-18,16.60236167907715
2007-09-19,16.610631942749023
2007-09-20,16.28801727294922
2007-09-21,16.387283325195312
2007-09-24,16.172204971313477
2007-09-25,16.147390365600586
2007-09-26,15.899218559265137
2007-09-27,15.92403793334961
2007-09-28,16.345928192138672
2007-10-01,16.784345626831055
2007-10-02,16.85053253173828
2007-10-03,16.395553588867188
2007-10-04,16.511367797851562
2007-10-05,16.544456481933594
2007-10-08,16.453453063964844
2007-10-09,16.453453063964844
2007-10-10,16.693349838256836
2007-10-11,16.436918258666992
2007-10-12,16.312828063964844
2007-10-15,15.990217208862305
2007-10-16,15.64278507232666
2007-10-17,15.287074089050293
2007-10-18,15.311895370483398
2007-10-19,15.038911819458008
2007-10-22,15.229170799255371
2007-10-23,16.726444244384766
2007-10-24,16.842254638671875
2007-10-25,17.082149505615234
2007-10-26,16.80916976928711
2007-10-29,16.958070755004883
2007-10-30,16.42864227294922
2007-10-31,16.180477142333984
2007-11-01,15.692413330078125
2007-11-02,15.609698295593262
2007-11-05,15.419425010681152
2007-11-06,15.121633529663086
2007-11-07,14.898279190063477
2007-11-08,15.146452903747559
2007-11-09,15.336715698242188
2007-11-12,15.287074089050293
2007-11-13,15.866138458251953
2007-11-14,15.758590698242188
2007-11-15,15.593155860900879
2007-11-16,15.560060501098633
2007-11-19,14.873465538024902
2007-11-20,14.683204650878906
2007-11-21,14.178597450256348
2007-11-23,14.277865409851074
2007-11-26,14.211690902709961
2007-11-27,13.922162055969238
2007-11-28,13.822892189025879
2007-11-29,14.082911491394043
2007-11-30,13.839662551879883
2007-12-03,13.79773235321045
2007-12-04,14.217113494873047
2007-12-05,14.024195671081543
2007-12-06,14.300990104675293
2007-12-07,14.082911491394043
2007-12-10,14.191950798034668
2007-12-11,13.931934356689453
2007-12-12,14.158392906188965
2007-12-13,14.242276191711426
2007-12-14,13.864834785461426
2007-12-17,13.906769752502441
2007-12-18,14.124849319458008
2007-12-19,14.267441749572754
2007-12-20,14.519063949584961
2007-12-21,14.804251670837402
2007-12-24,14.661664009094238
2007-12-26,14.703597068786621
2007-12-27,14.527461051940918
2007-12-28,14.535843849182129
2007-12-31,14.703597068786621
2008-01-02,14.636496543884277
2008-01-03,14.821025848388672
2008-01-04,14.250662803649902
2008-01-07,14.0745267868042
2008-01-08,13.504158020019531
2008-01-09,13.109940528869629
2008-01-10,13.546099662780762
2008-01-11,13.420284271240234
2008-01-14,13.235755920410156
2008-01-15,12.54796314239502
2008-01-16,12.975738525390625
2008-01-17,12.615066528320312
2008-01-18,12.489251136779785
2008-01-22,12.14535903930664
2008-01-23,12.531188011169434
2008-01-24,12.430535316467285
2008-01-25,12.296337127685547
2008-01-28,13.47900104522705
2008-01-29,13.470608711242676
2008-01-30,13.965483665466309
2008-01-31,14.040966033935547
2008-02-01,14.519063949584961
2008-02-04,14.27582836151123
2008-02-05,14.040966033935547
2008-02-06,13.915162086486816
2008-02-07,14.099687576293945
2008-02-08,14.0745267868042
2008-02-11,14.3932523727417
2008-02-12,14.879738807678223
2008-02-13,15.081047058105469
2008-02-14,15.802385330200195
2008-02-15,15.676569938659668
2008-02-19,16.60759925842285
2008-02-20,17.67283821105957
2008-02-21,16.515338897705078
2008-02-22,15.961743354797363
2008-02-25,16.431461334228516
2008-02-26,16.06240463256836
2008-02-27,15.676569938659668
2008-02-28,15.753003120422363
2008-02-29,15.820930480957031
2008-03-03,15.489740371704102
2008-03-04,15.634109497070312
2008-03-05,16.01625633239746
2008-03-06,14.920762062072754
2008-03-07,14.674493789672852
2008-03-10,14.623541831970215
2008-03-11,15.79545783996582
2008-03-12,16.474836349487305
2008-03-13,16.220062255859375
2008-03-14,15.710536003112793
2008-03-17,15.914346694946289
2008-03-18,16.092679977416992
2008-03-19,16.203086853027344
2008-03-20,16.542776107788086
2008-03-24,17.273096084594727
2008-03-25,17.40898323059082
2008-03-26,17.30707359313965
2008-03-27,16.194589614868164
2008-03-28,15.651093482971191
2008-03-31,16.033227920532227
2008-04-01,16.30498504638672
2008-04-02,16.50031280517578
2008-04-03,16.98436737060547
2008-04-04,16.381418228149414
2008-04-07,16.432369232177734
2008-04-08,16.415386199951172
2008-04-09,16.593727111816406
2008-04-10,16.695632934570312
2008-04-11,16.186098098754883
2008-04-14,16.186098098754883
2008-04-15,16.389911651611328
2008-04-16,16.559751510620117
2008-04-17,16.491819381713867
2008-04-18,16.296497344970703
2008-04-21,17.196672439575195
2008-04-22,16.653173446655273
2008-04-23,16.806026458740234
2008-04-24,17.476909637451172
2008-04-25,17.73167610168457
2008-04-28,17.247621536254883
2008-04-29,16.644678115844727
2008-04-30,16.559751510620117
2008-05-01,16.967384338378906
2008-05-02,16.78904914855957
2008-05-05,16.71261978149414
2008-05-06,16.81451988220215
2008-05-07,16.46634292602539
2008-05-08,16.542776107788086
2008-05-09,16.70412826538086
2008-05-12,16.619192123413086
2008-05-13,16.415386199951172
2008-05-14,16.56824493408203
2008-05-15,16.313478469848633
2008-05-16,15.685062408447266
2008-05-19,15.820930480957031
2008-05-20,15.523711204528809
2008-05-21,15.099096298217773
2008-05-22,15.167040824890137
2008-05-23,14.81886100769043
2008-05-27,14.85283088684082
2008-05-28,14.623541831970215
2008-05-29,15.088325500488281
2008-05-30,14.993648529052734
2008-06-02,14.718215942382812
2008-06-03,14.830111503601074
2008-06-04,14.864537239074707
2008-06-05,14.993648529052734
2008-06-06,14.477214813232422
2008-06-09,14.124323844909668
2008-06-10,14.434178352355957
2008-06-11,14.279257774353027
2008-06-12,14.236215591430664
2008-06-13,14.33950138092041
2008-06-16,14.262038230895996
2008-06-17,14.219002723693848
2008-06-18,13.909144401550293
2008-06-19,13.857502937316895
2008-06-20,13.676753044128418
2008-06-23,13.573466300964355
2008-06-24,13.427145004272461
2008-06-25,13.81446361541748
2008-06-26,13.60789680480957
2008-06-27,13.470176696777344
2008-06-30,13.2463960647583
2008-07-01,13.46157169342041
2008-07-02,13.117287635803223
2008-07-03,13.108677864074707
2008-07-07,12.807433128356934
2008-07-08,12.962360382080078
2008-07-09,12.058608055114746
2008-07-10,11.722931861877441
2008-07-11,11.748750686645508
2008-07-14,11.370036125183105
2008-07-15,11.060184478759766
2008-07-16,10.836393356323242
2008-07-17,11.43889331817627
2008-07-18,10.896645545959473
2008-07-21,11.309785842895508
2008-07-22,11.068785667419434
2008-07-23,11.361433029174805
2008-07-24,10.741714477539062
2008-07-25,10.672863006591797
2008-07-28,10.466287612915039
2008-07-29,10.836393356323242
2008-07-30,10.95689582824707
2008-07-31,10.836393356323242
2008-08-01,11.111825942993164
2008-08-04,11.1032133102417
2008-08-05,11.602431297302246
2008-08-06,11.619644165039062
2008-08-07,11.180678367614746
2008-08-08,11.533576011657715
2008-08-11,12.127466201782227
2008-08-12,11.395859718322754
2008-08-13,10.99131965637207
2008-08-14,11.688499450683594
2008-08-15,11.981141090393066
2008-08-18,11.895068168640137
2008-08-19,11.50775146484375
2008-08-20,11.17207145690918
2008-08-21,11.266752243041992
2008-08-22,11.370036125183105
2008-08-25,11.086002349853516
2008-08-26,10.896645545959473
2008-08-27,11.068785667419434
2008-08-28,11.314176559448242
2008-08-29,11.384286880493164
2008-09-02,11.49821662902832
2008-09-03,11.953937530517578
2008-09-04,11.673494338989258
2008-09-05,11.892595291137695
2008-09-08,12.488536834716797
2008-09-09,12.269442558288574
2008-09-10,12.234386444091797
2008-09-11,13.347394943237305
2008-09-12,13.36492919921875
2008-09-15,11.822484970092773
2008-09-16,12.260675430297852
2008-09-17,11.93641185760498
2008-09-18,13.36492919921875
2008-09-19,13.233468055725098
2008-09-22,12.707633018493652
2008-09-23,12.961784362792969
2008-09-24,12.655049324035645
2008-09-25,13.049421310424805
2008-09-26,13.075719833374023
2008-09-29,12.576178550720215
2008-09-30,12.523591041564941
2008-10-01,12.988080024719238
2008-10-02,12.146744728088379
2008-10-03,11.585856437683105
2008-10-06,11.436871528625488
2008-10-07,11.743608474731445
2008-10-08,11.620911598205566
2008-10-09,10.66565227508545
2008-10-10,11.91888427734375
2008-10-13,11.068787574768066
2008-10-14,11.410579681396484
2008-10-15,10.560481071472168
2008-10-16,10.981146812438965
2008-10-17,10.963622093200684
2008-10-20,11.46316146850586
2008-10-21,10.411493301391602
2008-10-22,9.359830856323242
2008-10-23,9.377357482910156
2008-10-24,8.369511604309082
2008-10-27,8.334451675415039
2008-10-28,8.833998680114746
2008-10-29,8.518495559692383
2008-10-30,8.70253849029541
2008-10-31,8.763885498046875
2008-11-03,8.66748046875
2008-11-04,9.009269714355469
2008-11-05,8.623665809631348
2008-11-06,8.264344215393066
2008-11-07,8.16794204711914
2008-11-10,7.607051849365234
2008-11-11,7.344135284423828
2008-11-12,6.748190402984619
2008-11-13,6.976053237915039
2008-11-14,6.432693004608154
2008-11-17,6.222358703613281
2008-11-18,6.204831600189209
2008-11-19,5.565067291259766
2008-11-20,5.012942790985107
2008-11-21,4.679915428161621
2008-11-24,5.819220542907715
2008-11-25,6.301234722137451
2008-11-26,6.407285213470459
2008-11-28,6.663576602935791
2008-12-01,6.1598310470581055
2008-12-02,6.3542609214782715
2008-12-03,6.84916877746582
2008-12-04,7.017082214355469
2008-12-05,6.751951694488525
2008-12-08,6.937544822692871
2008-12-09,6.495662212371826
2008-12-10,6.4426350593566895
2008-12-11,6.522176742553711
2008-12-12,6.54868745803833
2008-12-15,6.283559799194336
2008-12-16,6.3100714683532715
2008-12-17,6.124480724334717
2008-12-18,5.885864734649658
2008-12-19,5.832839488983154
2008-12-22,5.885864734649658
2008-12-23,5.594222545623779
2008-12-24,5.3025803565979
2008-12-26,6.186344146728516
2008-12-29,6.204020023345947
2008-12-30,6.204020023345947
2008-12-31,6.477987766265869
2009-01-02,6.707766056060791
2009-01-05,6.716602325439453
2009-01-06,6.80497932434082
2009-01-07,6.486824989318848
2009-01-08,6.469150066375732
2009-01-09,6.239368915557861
2009-01-12,5.965404510498047
2009-01-13,6.018430233001709
2009-01-14,5.532360553741455
2009-01-15,5.461658954620361
2009-01-16,5.664926052093506
2009-01-20,5.2230424880981445
2009-01-21,5.3025803565979
2009-01-22,4.931399822235107
2009-01-23,5.08164119720459
2009-01-26,5.055126667022705
2009-01-27,4.949077129364014
2009-01-28,5.284906387329102
2009-01-29,4.922563076019287
2009-01-30,4.392305850982666
2009-02-02,4.295089244842529
2009-02-03,4.507193565368652
2009-02-04,4.233227729797363
2009-02-05,4.330440998077393
2009-02-06,4.463006496429443
2009-02-09,4.171363830566406
2009-02-10,3.7383174896240234
2009-02-11,3.826695203781128
2009-02-12,3.8090195655822754
2009-02-13,3.5880801677703857
2009-02-17,3.3317883014678955
2009-02-18,3.2787630558013916
2009-02-19,3.1020100116729736
2009-02-20,3.5969178676605225
2009-02-23,3.5262160301208496
2009-02-24,3.49086594581604
2009-02-25,3.4997029304504395
2009-02-26,3.711806297302246
2009-02-27,3.6499440670013428
2009-03-02,3.5615668296813965
2009-03-03,3.614593744277954
2009-03-04,3.879723310470581
2009-03-05,3.6057543754577637
2009-03-06,3.5969178676605225
2009-03-09,3.446678400039673
2009-03-10,3.552729368209839
2009-03-11,3.4113271236419678
2009-03-12,3.667618989944458
2009-03-13,3.7559943199157715
2009-03-16,3.6322691440582275
2009-03-17,3.7383174896240234
2009-03-18,3.915071487426758
2009-03-19,3.976935386657715
2009-03-20,3.906233787536621
2009-03-23,4.197875499725342
2009-03-24,4.021125793457031
2009-03-25,4.038798809051514
2009-03-26,4.401142120361328
2009-03-27,4.480681419372559
2009-03-30,4.082985877990723
2009-03-31,3.994610071182251
2009-04-01,4.029961109161377
2009-04-02,4.38346529006958
2009-04-03,4.463006496429443
2009-04-06,4.64859676361084
2009-04-07,4.268579483032227
2009-04-08,4.277416706085205
2009-04-09,4.7811598777771
2009-04-13,4.683946132659912
2009-04-14,4.843024730682373
2009-04-15,5.0728020668029785
2009-04-16,5.231879711151123
2009-04-17,5.930054664611816
2009-04-20,5.170015335083008
2009-04-21,4.365790367126465
2009-04-22,4.365790367126465
2009-04-23,4.5337066650390625
2009-04-24,4.904888153076172
2009-04-27,4.551382064819336
2009-04-28,4.427654266357422
2009-04-29,4.7458109855651855
2009-04-30,4.754647731781006
2009-05-01,4.772320747375488
2009-05-04,5.27606725692749
2009-05-05,5.443982124328613
2009-05-06,5.576548099517822
2009-05-07,5.417470932006836
2009-05-08,5.72678804397583
2009-05-11,6.018430233001709
2009-05-12,6.177507400512695
2009-05-13,5.647248268127441
2009-05-14,5.585386276245117
2009-05-15,5.382119655609131
2009-05-18,5.71795129776001
2009-05-19,5.788651466369629
2009-05-20,5.991917133331299
2009-05-21,5.815164089202881
2009-05-22,5.974241733551025
2009-05-26,5.9388909339904785
2009-05-27,5.824000835418701
2009-05-28,5.956567764282227
2009-05-29,5.832839488983154
2009-06-01,6.062618732452393
2009-06-02,5.753302097320557
2009-06-03,5.585386276245117
2009-06-04,5.700274467468262
2009-06-05,5.735626697540283
2009-06-08,5.603059768676758
2009-06-09,5.5500359535217285
2009-06-10,5.408633708953857
2009-06-11,5.426307678222656
2009-06-12,5.558871269226074
2009-06-15,5.373281955718994
2009-06-16,5.337931156158447
2009-06-17,5.134664535522461
2009-06-18,4.957913875579834
2009-06-19,5.134664535522461
2009-06-22,4.683946132659912
2009-06-23,4.47184419631958
2009-06-24,4.542542457580566
2009-06-25,4.622084617614746
2009-06-26,4.789997577667236
2009-06-29,4.91372537612915
2009-06-30,4.869536876678467
2009-07-01,4.878375053405762
2009-07-02,4.763485908508301
2009-07-06,4.480681419372559
2009-07-07,4.38346529006958
2009-07-08,4.339278697967529
2009-07-09,4.242064952850342
2009-07-10,4.215551853179932
2009-07-13,4.374630451202393
2009-07-14,4.463006496429443
2009-07-15,4.825349807739258
2009-07-16,4.975588321685791
2009-07-17,4.896050930023193
2009-07-20,5.373281955718994
2009-07-21,5.67376184463501
2009-07-22,5.850512504577637
2009-07-23,5.744461536407471
2009-07-24,5.885864734649658
2009-07-27,6.813817977905273
2009-07-28,6.681253433227539
2009-07-29,6.645902633666992
2009-07-30,6.734278202056885
2009-07-31,6.9552178382873535
2009-08-03,7.405937194824219
2009-08-04,7.414776802062988
2009-08-05,7.158483982086182
2009-08-06,7.184998989105225
2009-08-07,7.193835735321045
2009-08-10,7.158483982086182
2009-08-11,7.034756660461426
2009-08-12,7.087782859802246
2009-08-13,7.131969451904297
2009-08-14,7.070107936859131
2009-08-17,6.698927879333496
2009-08-18,6.796139717102051
2009-08-19,6.964056491851807
2009-08-20,7.105458736419678
2009-08-21,7.123133659362793
2009-08-24,7.070107936859131
2009-08-25,7.078946590423584
2009-08-26,7.025920391082764
2009-08-27,7.025920391082764
2009-08-28,7.043595790863037
2009-08-31,6.7254414558410645
2009-09-01,6.451474189758301
2009-09-02,6.292396068572998
2009-09-03,6.3100714683532715
2009-09-04,6.3100714683532715
2009-09-08,6.363096714019775
2009-09-09,6.513336181640625
2009-09-10,6.8226542472839355
2009-09-11,6.8756794929504395
2009-09-14,6.831491470336914
2009-09-15,6.964056491851807
2009-09-16,7.794790267944336
2009-09-17,7.441289901733398
2009-09-18,7.388262748718262
2009-09-21,7.211508750915527
2009-09-22,7.397100925445557
2009-09-23,7.1761603355407715
2009-09-24,6.84916877746582
2009-09-25,6.8756794929504395
2009-09-28,7.061270236968994
2009-09-29,7.414776802062988
2009-09-30,7.1761603355407715
2009-10-01,6.84916877746582
2009-10-02,6.469150066375732
2009-10-05,6.902193546295166
2009-10-06,7.246860504150391
2009-10-07,7.096621990203857
2009-10-08,7.591527938842773
2009-10-09,7.494312763214111
2009-10-12,7.414776802062988
2009-10-13,7.344076156616211
2009-10-14,7.662228584289551
2009-10-15,7.662228584289551
2009-10-16,7.494312763214111
2009-10-19,7.874329566955566
2009-10-20,7.644552707672119
2009-10-21,7.732929706573486
2009-10-22,9.473947525024414
2009-10-23,9.491621971130371
2009-10-26,8.90833568572998
2009-10-27,8.581340789794922
2009-10-28,7.565013885498047
2009-10-29,7.768279552459717
2009-10-30,7.043595790863037
2009-11-02,6.8756794929504395
2009-11-03,7.052432060241699
2009-11-04,6.760792255401611
2009-11-05,7.2998881340026855
2009-11-06,7.220346450805664
2009-11-09,7.626878261566162
2009-11-10,7.662228584289551
2009-11-11,7.945035934448242
2009-11-12,7.874329566955566
2009-11-13,7.909684181213379
2009-11-16,8.439940452575684
2009-11-17,8.439940452575684
2009-11-18,8.174808502197266
2009-11-19,7.812467575073242
2009-11-20,7.644552707672119
2009-11-23,7.874329566955566
2009-11-24,7.84782075881958
2009-11-25,7.945035934448242
2009-11-27,7.741767406463623
2009-11-30,7.458963871002197
2009-12-01,7.600370407104492
2009-12-02,7.529665946960449
2009-12-03,7.556177616119385
2009-12-04,7.706418037414551
2009-12-07,7.865495681762695
2009-12-08,7.962712287902832
2009-12-09,7.918522834777832
2009-12-10,8.024575233459473
2009-12-11,8.12178897857666
2009-12-14,8.563668251037598
2009-12-15,8.926012992858887
2009-12-16,9.43859577178955
2009-12-17,9.058572769165039
2009-12-18,9.191137313842773
2009-12-21,9.535809516906738
2009-12-22,9.747913360595703
2009-12-23,10.693538665771484
2009-12-24,10.746563911437988
2009-12-28,10.799590110778809
2009-12-29,10.720054626464844
2009-12-30,11.161932945251465
2009-12-31,10.923317909240723
2010-01-04,11.5154390335083
2010-01-05,11.895455360412598
2010-01-06,12.160590171813965
2010-01-07,12.549443244934082
2010-01-08,12.469902038574219
2010-01-11,12.96480941772461
2010-01-12,12.248961448669434
2010-01-13,12.28431224822998
2010-01-14,12.328498840332031
2010-01-15,11.780570030212402
2010-01-19,12.107556343078613
2010-01-20,11.762892723083496
2010-01-21,11.232632637023926
2010-01-22,11.002857208251953
2010-01-25,11.055879592895508
2010-01-26,11.506604194641113
2010-01-27,11.69218921661377
2010-01-28,11.49776554107666
2010-01-29,11.418227195739746
2010-02-01,11.038203239440918
2010-02-02,11.214958190917969
2010-02-03,11.038203239440918
2010-02-04,10.631672859191895
2010-02-05,10.490274429321289
2010-02-08,10.260496139526367
2010-02-09,10.313519477844238
2010-02-10,9.38557243347168
2010-02-11,9.544641494750977
2010-02-12,9.403249740600586
2010-02-16,9.809776306152344
2010-02-17,9.853962898254395
2010-02-18,9.836285591125488
2010-02-19,9.739073753356934
2010-02-22,9.624183654785156
2010-02-23,9.500459671020508
2010-02-24,9.747913360595703
2010-02-25,9.66837215423584
2010-02-26,9.66837215423584
2010-03-01,10.384221076965332
2010-03-02,10.23398208618164
2010-03-03,10.127927780151367
2010-03-04,10.04839038848877
2010-03-05,10.401896476745605
2010-03-08,10.401896476745605
2010-03-09,10.340030670166016
2010-03-10,10.331195831298828
2010-03-11,10.180957794189453
2010-03-12,10.189793586730957
2010-03-15,9.845126152038574
2010-03-16,10.06606674194336
2010-03-17,10.092580795288086
2010-03-18,10.021873474121094
2010-03-19,9.765586853027344
2010-03-22,9.942338943481445
2010-03-23,9.915827751159668
2010-03-24,9.915827751159668
2010-03-25,9.818613052368164
2010-03-26,9.818613052368164
2010-03-29,9.889314651489258
2010-03-30,9.924665451049805
2010-03-31,9.836285591125488
2010-04-01,9.783263206481934
2010-04-05,9.977694511413574
2010-04-06,9.942338943481445
2010-04-07,9.968855857849121
2010-04-08,10.074905395507812
2010-04-09,10.384221076965332
2010-04-12,10.25165843963623
2010-04-13,10.419571876525879
2010-04-14,11.082395553588867
2010-04-15,11.232632637023926
2010-04-16,10.914482116699219
2010-04-19,10.702375411987305
2010-04-20,11.312170028686523
2010-04-21,11.25914478302002
2010-04-22,10.86145305633545
2010-04-23,10.260496139526367
2010-04-26,9.960015296936035
2010-04-27,9.235326766967773
2010-04-28,8.996716499328613
2010-04-29,9.102764129638672
2010-04-30,8.76693058013916
2010-05-03,8.987874031066895
2010-05-04,8.50180435180664
2010-05-05,8.537158966064453
2010-05-06,8.1394624710083
2010-05-07,7.900842189788818
2010-05-10,8.272026062011719
2010-05-11,8.298542022705078
2010-05-12,8.510642051696777
2010-05-13,8.325053215026855
2010-05-14,8.08643627166748
2010-05-17,8.183652877807617
2010-05-18,8.112953186035156
2010-05-19,8.051082611083984
2010-05-20,7.644552707672119
2010-05-21,7.945035934448242
2010-05-24,7.900842189788818
2010-05-25,7.909684181213379
2010-05-26,7.821306228637695
2010-05-27,8.219002723693848
2010-05-28,8.201321601867676
2010-06-01,7.732929706573486
2010-06-02,7.971550464630127
2010-06-03,7.892007827758789
2010-06-04,7.511988639831543
2010-06-07,7.388262748718262
2010-06-08,7.3794264793396
2010-06-09,7.388262748718262
2010-06-10,8.033408164978027
2010-06-11,8.112953186035156
2010-06-14,8.077597618103027
2010-06-15,8.625529289245605
2010-06-16,8.55483341217041
2010-06-17,8.740422248840332
2010-06-18,8.643204689025879
2010-06-21,8.952527046203613
2010-06-22,8.87298583984375
2010-06-23,8.50180435180664
2010-06-24,8.112953186035156
2010-06-25,8.30737590789795
2010-06-28,8.607856750488281
2010-06-29,7.95387077331543
2010-06-30,7.644552707672119
2010-07-01,7.635716915130615
2010-07-02,7.511988639831543
2010-07-06,7.573855876922607
2010-07-07,7.547337532043457
2010-07-08,7.900842189788818
2010-07-09,7.962712287902832
2010-07-12,8.298542022705078
2010-07-13,8.413433074951172
2010-07-14,8.47529125213623
2010-07-15,8.466455459594727
2010-07-16,7.7771196365356445
2010-07-19,7.84782075881958
2010-07-20,8.254351615905762
2010-07-21,7.998058319091797
2010-07-22,8.095274925231934
2010-07-23,8.174808502197266
2010-07-26,8.607856750488281
2010-07-27,8.625529289245605
2010-07-28,7.945035934448242
2010-07-29,7.697580814361572
2010-07-30,7.724092483520508
2010-08-02,8.236673355102539
2010-08-03,7.865495681762695
2010-08-04,7.989220142364502
2010-08-05,7.936196327209473
2010-08-06,7.715256214141846
2010-08-09,7.697580814361572
2010-08-10,7.467802047729492
2010-08-11,7.096621990203857
2010-08-12,6.937544822692871
2010-08-13,6.813817977905273
2010-08-16,6.884517669677734
2010-08-17,7.158483982086182
2010-08-18,7.361749172210693
2010-08-19,7.025920391082764
2010-08-20,6.8226542472839355
2010-08-23,6.681253433227539
2010-08-24,6.672414302825928
2010-08-25,6.813817977905273
2010-08-26,6.7254414558410645
2010-08-27,6.637064456939697
2010-08-30,6.4426350593566895
2010-08-31,6.345422744750977
2010-09-01,6.663576602935791
2010-09-02,6.866843223571777
2010-09-03,7.158483982086182
2010-09-07,6.858006477355957
2010-09-08,7.405937194824219
2010-09-09,7.273373603820801
2010-09-10,7.264538288116455
2010-09-13,7.43245267868042
2010-09-14,7.326399326324463
2010-09-15,7.264538288116455
2010-09-16,7.105458736419678
2010-09-17,7.105458736419678
2010-09-20,7.458963871002197
2010-09-21,7.043595790863037
2010-09-22,6.584037780761719
2010-09-23,6.866843223571777
2010-09-24,6.884517669677734
2010-09-27,6.858006477355957
2010-09-28,6.9110307693481445
2010-09-29,6.902193546295166
2010-09-30,6.840328693389893
2010-10-01,6.937544822692871
2010-10-04,6.84916877746582
2010-10-05,6.946381092071533
2010-10-06,6.866843223571777
2010-10-07,6.751951694488525
2010-10-08,7.087782859802246
2010-10-11,7.591527938842773
2010-10-12,7.485476970672607
2010-10-13,7.573855876922607
2010-10-14,7.50315523147583
2010-10-15,7.317563056945801
2010-10-18,7.105458736419678
2010-10-19,6.884517669677734
2010-10-20,6.7431159019470215
2010-10-21,6.787301540374756
2010-10-22,6.787301540374756
2010-10-25,6.84916877746582
2010-10-26,6.831491470336914
2010-10-27,6.7431159019470215
2010-10-28,6.813817977905273
2010-10-29,6.7784647941589355
2010-11-01,6.796139717102051
2010-11-02,6.716602325439453
2010-11-03,7.043595790863037
2010-11-04,7.626878261566162
2010-11-05,7.8831682205200195
2010-11-08,7.494312763214111
2010-11-09,7.335237979888916
2010-11-10,7.229187488555908
2010-11-11,7.4501237869262695
2010-11-12,7.220346450805664
2010-11-15,6.999405860900879
2010-11-16,6.8226542472839355
2010-11-17,6.919867992401123
2010-11-18,7.025920391082764
2010-11-19,7.229187488555908
2010-11-22,7.511988639831543
2010-11-23,7.865495681762695
2010-11-24,8.042251586914062
2010-11-26,7.962712287902832
2010-11-29,7.927361965179443
2010-11-30,7.945035934448242
2010-12-01,8.042251586914062
2010-12-02,8.015735626220703
2010-12-03,8.095274925231934
2010-12-06,8.289704322814941
2010-12-07,8.625529289245605
2010-12-08,8.563668251037598
2010-12-09,8.607856750488281
2010-12-10,8.492969512939453
2010-12-13,8.263191223144531
2010-12-14,8.210163116455078
2010-12-15,8.395750999450684
2010-12-16,8.466455459594727
2010-12-17,8.660881996154785
2010-12-20,8.73158073425293
2010-12-21,8.705072402954102
2010-12-22,8.83763313293457
2010-12-23,8.802284240722656
2010-12-27,8.652046203613281
2010-12-28,8.643204689025879
2010-12-29,8.634368896484375
2010-12-30,8.599017143249512
2010-12-31,8.660881996154785
2011-01-03,8.713908195495605
2011-01-04,8.864147186279297
2011-01-05,9.244169235229492
2011-01-06,9.111602783203125
2011-01-07,8.934849739074707
2011-01-10,8.961362838745117
2011-01-11,8.881824493408203
2011-01-12,9.164628028869629
2011-01-13,8.94368839263916
2011-01-14,9.040902137756348
2011-01-18,9.191137313842773
2011-01-19,8.90833568572998
2011-01-20,9.491621971130371
2011-01-21,9.146956443786621
2011-01-24,9.394405364990234
2011-01-25,9.270678520202637
2011-01-26,9.420917510986328
2011-01-27,9.553483009338379
2011-01-28,9.306032180786133
2011-01-31,8.934849739074707
2011-02-01,9.155789375305176
2011-02-02,9.491621971130371
2011-02-03,9.518134117126465
2011-02-04,9.376729965209961
2011-02-07,9.633026123046875
2011-02-08,9.553483009338379
2011-02-09,9.314868927001953
2011-02-10,9.367892265319824
2011-02-11,9.244169235229492
2011-02-14,9.111602783203125
2011-02-15,9.032064437866211
2011-02-16,9.155789375305176
2011-02-17,9.35905647277832
2011-02-18,9.43859577178955
2011-02-22,8.996716499328613
2011-02-23,8.749260902404785
2011-02-24,8.625529289245605
2011-02-25,8.90833568572998
2011-02-28,9.191137313842773
2011-03-01,8.94368839263916
2011-03-02,9.403249740600586
2011-03-03,9.597672462463379
2011-03-04,9.049736976623535
2011-03-07,8.634368896484375
2011-03-08,8.89950180053711
2011-03-09,8.73158073425293
2011-03-10,8.360404014587402
2011-03-11,8.272026062011719
2011-03-14,8.08643627166748
2011-03-15,7.971550464630127
2011-03-16,7.830142974853516
2011-03-17,7.856656551361084
2011-03-18,8.112953186035156
2011-03-21,8.563668251037598
2011-03-22,8.316215515136719
2011-03-23,8.192489624023438
2011-03-24,8.1394624710083
2011-03-25,8.201321601867676
2011-03-28,8.148298263549805
2011-03-29,8.30737590789795
2011-03-30,8.47529125213623
2011-03-31,8.369242668151855
2011-04-01,8.395750999450684
2011-04-04,8.413433074951172
2011-04-05,8.545992851257324
2011-04-06,8.422264099121094
2011-04-07,8.342727661132812
2011-04-08,8.37807559967041
2011-04-11,8.38691520690918
2011-04-12,8.192489624023438
2011-04-13,8.095274925231934
2011-04-14,7.7771196365356445
2011-04-15,7.830142974853516
2011-04-18,7.909684181213379
2011-04-19,7.95387077331543
2011-04-20,8.059922218322754
2011-04-21,7.8831682205200195
2011-04-25,7.644552707672119
2011-04-26,7.58268928527832
2011-04-27,7.609201908111572
2011-04-28,7.423612594604492
2011-04-29,7.184998989105225
2011-05-02,7.114296913146973
2011-05-03,7.070107936859131
2011-05-04,7.078946590423584
2011-05-05,7.273373603820801
2011-05-06,7.078946590423584
2011-05-09,6.893356800079346
2011-05-10,6.999405860900879
2011-05-11,6.902193546295166
2011-05-12,6.787301540374756
2011-05-13,6.619388580322266
2011-05-16,6.451474189758301
2011-05-17,6.3542609214782715
2011-05-18,6.946381092071533
2011-05-19,6.964056491851807
2011-05-20,6.796139717102051
2011-05-23,6.7254414558410645
2011-05-24,6.707766056060791
2011-05-25,6.787301540374756
2011-05-26,6.707766056060791
2011-05-27,6.893356800079346
2011-05-31,7.087782859802246
2011-06-01,6.813817977905273
2011-06-02,6.690091133117676
2011-06-03,7.123133659362793
2011-06-06,7.105458736419678
2011-06-07,7.1761603355407715
2011-06-08,7.025920391082764
2011-06-09,7.220346450805664
2011-06-10,6.937544822692871
2011-06-13,6.8756794929504395
2011-06-14,6.972894191741943
2011-06-15,6.866843223571777
2011-06-16,6.866843223571777
2011-06-17,7.229187488555908
2011-06-20,7.193835735321045
2011-06-21,7.388262748718262
2011-06-22,7.2998881340026855
2011-06-23,7.14080810546875
2011-06-24,7.052432060241699
2011-06-27,7.326399326324463
2011-06-28,7.467802047729492
2011-06-29,7.573855876922607
2011-06-30,7.706418037414551
2011-07-01,7.697580814361572
2011-07-05,7.8036298751831055
2011-07-06,7.865495681762695
2011-07-07,8.1394624710083
2011-07-08,7.936196327209473
2011-07-11,7.67990255355835
2011-07-12,7.759446620941162
2011-07-13,7.856656551361084
2011-07-14,7.43245267868042
2011-07-15,7.662228584289551
2011-07-18,7.441289901733398
2011-07-19,7.573855876922607
2011-07-20,7.927361965179443
2011-07-21,8.077597618103027
2011-07-22,7.998058319091797
2011-07-25,7.95387077331543
2011-07-26,7.962712287902832
2011-07-27,7.653390407562256
2011-07-28,7.653390407562256
2011-07-29,7.58268928527832
2011-08-01,7.573855876922607
2011-08-02,7.061270236968994
2011-08-03,7.246860504150391
2011-08-04,6.698927879333496
2011-08-05,6.690091133117676
2011-08-08,6.14215612411499
2011-08-09,6.769629001617432
2011-08-10,6.133319854736328
2011-08-11,6.575201034545898
2011-08-12,6.5044989585876465
2011-08-15,6.7784647941589355
2011-08-16,6.610551834106445
2011-08-17,6.433797359466553
2011-08-18,6.080295085906982
2011-08-19,5.859352111816406
2011-08-22,5.788651466369629
2011-08-23,6.186344146728516
2011-08-24,6.477987766265869
2011-08-25,6.2216949462890625
2011-08-26,6.460309028625488
2011-08-29,7.229187488555908
2011-08-30,7.317563056945801
2011-08-31,7.229187488555908
2011-09-01,7.017082214355469
2011-09-02,6.645902633666992
2011-09-06,6.486824989318848
2011-09-07,6.796139717102051
2011-09-08,6.566361904144287
2011-09-09,6.345422744750977
2011-09-12,6.230532169342041
2011-09-13,6.424961566925049
2011-09-14,6.416123867034912
2011-09-15,6.53101110458374
2011-09-16,6.407285213470459
2011-09-19,6.14215612411499
2011-09-20,5.868188381195068
2011-09-21,5.461658954620361
2011-09-22,5.090478897094727
2011-09-23,5.11699104309082
2011-09-26,5.2230424880981445
2011-09-27,5.373281955718994
2011-09-28,4.993264198303223
2011-09-29,5.435145854949951
2011-09-30,5.134664535522461
2011-10-03,5.010936737060547
2011-10-04,5.329095840454102
2011-10-05,5.293742656707764
2011-10-06,5.965404510498047
2011-10-07,5.691436767578125
2011-10-10,5.877027988433838
2011-10-11,5.974241733551025
2011-10-12,6.053778171539307
2011-10-13,6.018430233001709
2011-10-14,6.14215612411499
2011-10-17,5.877027988433838
2011-10-18,6.080295085906982
2011-10-19,5.762136936187744
2011-10-20,6.292396068572998
2011-10-21,6.371934413909912
2011-10-24,6.566361904144287
2011-10-25,6.3542609214782715
2011-10-26,6.477987766265869
2011-10-27,6.972894191741943
2011-10-28,6.919867992401123
2011-10-31,6.734278202056885
2011-11-01,6.327746868133545
2011-11-02,6.645902633666992
2011-11-03,6.716602325439453
2011-11-04,6.592875003814697
2011-11-07,6.495662212371826
2011-11-08,6.522176742553711
2011-11-09,6.097970008850098
2011-11-10,6.186344146728516
2011-11-11,6.345422744750977
2011-11-14,6.248208045959473
2011-11-15,6.301235198974609
2011-11-16,6.248208045959473
2011-11-17,6.336583614349365
2011-11-18,6.3542609214782715
2011-11-21,6.14215612411499
2011-11-22,6.133319854736328
2011-11-23,5.903539657592773
2011-11-25,5.753302097320557
2011-11-28,5.921215057373047
2011-11-29,5.832839488983154
2011-11-30,6.433797359466553
2011-12-01,6.575201034545898
2011-12-02,6.831491470336914
2011-12-05,6.98173189163208
2011-12-06,6.8756794929504395
2011-12-07,7.043595790863037
2011-12-08,6.53101110458374
2011-12-09,6.8756794929504395
2011-12-12,6.893356800079346
2011-12-13,6.637064456939697
2011-12-14,6.539850234985352
2011-12-15,6.6547393798828125
2011-12-16,6.5044989585876465
2011-12-19,6.3542609214782715
2011-12-20,6.7784647941589355
2011-12-21,6.884517669677734
2011-12-22,6.902193546295166
2011-12-23,6.884517669677734
2011-12-27,6.858006477355957
2011-12-28,6.7784647941589355
2011-12-29,6.884517669677734
2011-12-30,6.831491470336914
2012-01-03,6.866843223571777
2012-01-04,6.80497932434082
2012-01-05,6.84916877746582
2012-01-06,6.8756794929504395
2012-01-09,6.8226542472839355
2012-01-10,6.866843223571777
2012-01-11,6.8756794929504395
2012-01-12,7.052432060241699
2012-01-13,7.14080810546875
2012-01-17,7.025920391082764
2012-01-18,7.114296913146973
2012-01-19,6.990570068359375
2012-01-20,6.80497932434082
2012-01-23,6.84916877746582
2012-01-24,7.025920391082764
2012-01-25,7.043595790863037
2012-01-26,7.061270236968994
2012-01-27,6.98173189163208
2012-01-30,6.707766056060791
2012-01-31,6.584037780761719
2012-02-01,6.7784647941589355
2012-02-02,6.707766056060791
2012-02-03,6.840328693389893
2012-02-06,6.663576602935791
2012-02-07,6.619388580322266
2012-02-08,6.513336181640625
2012-02-09,6.610551834106445
2012-02-10,6.416123867034912
2012-02-13,6.539850234985352
2012-02-14,6.4426350593566895
2012-02-15,6.2216949462890625
2012-02-16,6.318910121917725
2012-02-17,6.4426350593566895
2012-02-21,6.204020023345947
2012-02-22,6.248208045959473
2012-02-23,6.460309028625488
2012-02-24,6.301235198974609
2012-02-27,6.186344146728516
2012-02-28,6.027266979217529
2012-02-29,5.824000835418701
2012-03-01,5.930054664611816
2012-03-02,5.788651466369629
2012-03-05,5.947727680206299
2012-03-06,5.788651466369629
2012-03-07,5.762136936187744
2012-03-08,5.841677188873291
2012-03-09,5.885864734649658
2012-03-12,5.744461536407471
2012-03-13,5.824000835418701
2012-03-14,5.815164089202881
2012-03-15,6.000754356384277
2012-03-16,6.0095930099487305
2012-03-19,6.07145357131958
2012-03-20,6.115643501281738
2012-03-21,6.027266979217529
2012-03-22,5.868188381195068
2012-03-23,6.062618732452393
2012-03-26,6.2216949462890625
2012-03-27,6.08912992477417
2012-03-28,5.983078479766846
2012-03-29,5.965404510498047
2012-03-30,6.000754356384277
2012-04-02,5.983078479766846
2012-04-03,5.8947014808654785
2012-04-04,5.850512504577637
2012-04-05,5.815164089202881
2012-04-09,5.656085014343262
2012-04-10,5.5500359535217285
2012-04-11,5.585386276245117
2012-04-12,5.67376184463501
2012-04-13,5.567709922790527
2012-04-16,5.479332447052002
2012-04-17,5.603059768676758
2012-04-18,5.399795055389404
2012-04-19,5.6384124755859375
2012-04-20,5.603059768676758
2012-04-23,5.656085014343262
2012-04-24,5.585386276245117
2012-04-25,5.71795129776001
2012-04-26,5.603059768676758
2012-04-27,5.603059768676758
2012-04-30,5.576548099517822
2012-05-01,5.532360553741455
2012-05-02,5.461658954620361
2012-05-03,5.355605125427246
2012-05-04,5.284906387329102
2012-05-07,5.311419486999512
2012-05-08,5.426307678222656
2012-05-09,5.603059768676758
2012-05-10,5.753302097320557
2012-05-11,5.682599067687988
2012-05-14,5.67376184463501
2012-05-15,5.647248268127441
2012-05-16,5.620736122131348
2012-05-17,5.585386276245117
2012-05-18,5.47049617767334
2012-05-21,5.532360553741455
2012-05-22,5.443982124328613
2012-05-23,5.576548099517822
2012-05-24,5.779811859130859
2012-05-25,5.788651466369629
2012-05-29,6.062618732452393
2012-05-30,5.912378787994385
2012-05-31,5.877027988433838
2012-06-01,5.620736122131348
2012-06-04,5.576548099517822
2012-06-05,5.744461536407471
2012-06-06,5.930054664611816
2012-06-07,5.841677188873291
2012-06-08,5.9388909339904785
2012-06-11,5.691436767578125
2012-06-12,5.788651466369629
2012-06-13,5.656085014343262
2012-06-14,5.788651466369629
2012-06-15,5.8947014808654785
2012-06-18,6.027266979217529
2012-06-19,6.1598310470581055
2012-06-20,6.14215612411499
2012-06-21,6.044942855834961
2012-06-22,6.08912992477417
2012-06-25,5.885864734649658
2012-06-26,6.062618732452393
2012-06-27,6.54868745803833
2012-06-28,6.769629001617432
2012-06-29,6.893356800079346
2012-07-02,7.034756660461426
2012-07-03,7.052432060241699
2012-07-05,6.884517669677734
2012-07-06,6.787301540374756
2012-07-09,6.80497932434082
2012-07-10,6.6547393798828125
2012-07-11,6.592875003814697
2012-07-12,6.54868745803833
2012-07-13,6.601713180541992
2012-07-16,6.592875003814697
2012-07-17,6.592875003814697
2012-07-18,6.690091133117676
2012-07-19,6.610551834106445
2012-07-20,6.54868745803833
2012-07-23,6.3100714683532715
2012-07-24,6.230532169342041
2012-07-25,6.230532169342041
2012-07-26,6.893356800079346
2012-07-27,6.990570068359375
2012-07-30,6.902193546295166
2012-07-31,6.84916877746582
2012-08-01,6.7431159019470215
2012-08-02,6.7254414558410645
2012-08-03,6.8756794929504395
2012-08-06,7.034756660461426
2012-08-07,7.14080810546875
2012-08-08,7.573855876922607
2012-08-09,7.8036298751831055
2012-08-10,7.865495681762695
2012-08-13,8.006898880004883
2012-08-14,8.033408164978027
2012-08-15,8.148298263549805
2012-08-16,8.298542022705078
2012-08-17,8.30737590789795
2012-08-20,8.272026062011719
2012-08-21,8.183652877807617
2012-08-22,8.130622863769531
2012-08-23,8.015735626220703
2012-08-24,8.148298263549805
2012-08-27,8.051082611083984
2012-08-28,8.112953186035156
2012-08-29,8.192489624023438
2012-08-30,8.095274925231934
2012-08-31,8.12178897857666
2012-09-04,8.254351615905762
2012-09-05,8.201321601867676
2012-09-06,8.422264099121094
2012-09-07,8.466455459594727
2012-09-10,8.395750999450684
2012-09-11,8.439940452575684
2012-09-12,8.422264099121094
2012-09-13,8.537158966064453
2012-09-14,8.660881996154785
2012-09-17,8.581340789794922
2012-09-18,8.395750999450684
2012-09-19,8.395750999450684
2012-09-20,8.413433074951172
2012-09-21,8.466455459594727
2012-09-24,8.47529125213623
2012-09-25,8.484129905700684
2012-09-26,8.484129905700684
2012-09-27,8.758096694946289
2012-09-28,8.625529289245605
2012-10-01,8.590178489685059
2012-10-02,8.599017143249512
2012-10-03,8.545992851257324
2012-10-04,8.846471786499023
2012-10-05,9.076251983642578
2012-10-08,8.89066219329834
2012-10-09,8.881824493408203
2012-10-10,8.81995964050293
2012-10-11,9.146956443786621
2012-10-12,9.173462867736816
2012-10-15,9.615345001220703
2012-10-16,9.465106010437012
2012-10-17,9.6065092086792
2012-10-18,9.571159362792969
2012-10-19,9.429757118225098
2012-10-22,9.597672462463379
2012-10-23,9.332544326782227
2012-10-24,9.412077903747559
2012-10-25,7.344076156616211
2012-10-26,7.238022804260254
2012-10-31,7.229187488555908
2012-11-01,7.7771196365356445
2012-11-02,7.759446620941162
2012-11-05,7.494312763214111
2012-11-06,7.67990255355835
2012-11-07,7.211508750915527
2012-11-08,7.255699157714844
2012-11-09,7.43245267868042
2012-11-12,7.246860504150391
2012-11-13,7.326399326324463
2012-11-14,7.043595790863037
2012-11-15,6.946381092071533
2012-11-16,7.123133659362793
2012-11-19,7.131969451904297
2012-11-20,7.14080810546875
2012-11-21,7.184998989105225
2012-11-23,7.229187488555908
2012-11-26,7.167323589324951
2012-11-27,7.105458736419678
2012-11-28,7.282212257385254
2012-11-29,7.397100925445557
2012-11-30,7.167323589324951
2012-12-03,7.1761603355407715
2012-12-04,7.123133659362793
2012-12-05,7.184998989105225
2012-12-06,7.317563056945801
2012-12-07,7.397100925445557
2012-12-10,7.423612594604492
2012-12-11,7.4501237869262695
2012-12-12,7.317563056945801
2012-12-13,7.2998881340026855
2012-12-14,7.335237979888916
2012-12-17,7.43245267868042
2012-12-18,7.6710686683654785
2012-12-19,7.8036298751831055
2012-12-20,7.768279552459717
2012-12-21,7.626878261566162
2012-12-24,7.494312763214111
2012-12-26,7.361749172210693
2012-12-27,7.3087239265441895
2012-12-28,7.282212257385254
2012-12-31,7.538501739501953
2013-01-02,7.706418037414551
2013-01-03,7.821306228637695
2013-01-04,7.6710686683654785
2013-01-07,7.635716915130615
2013-01-08,7.609201908111572
2013-01-09,7.635716915130615
2013-01-10,7.644552707672119
2013-01-11,7.511988639831543
2013-01-14,7.4501237869262695
2013-01-15,7.344076156616211
2013-01-16,7.344076156616211
2013-01-17,7.600370407104492
2013-01-18,7.600370407104492
2013-01-22,7.715256214141846
2013-01-23,7.732929706573486
2013-01-24,8.08643627166748
2013-01-25,8.006898880004883
2013-01-28,8.024575233459473
2013-01-29,7.865495681762695
2013-01-30,7.662228584289551
2013-01-31,7.830142974853516
2013-02-01,7.838982105255127
2013-02-04,7.370588302612305
2013-02-05,7.229187488555908
2013-02-06,7.282212257385254
2013-02-07,7.520826816558838
2013-02-08,7.662228584289551
2013-02-11,7.706418037414551
2013-02-12,7.706418037414551
2013-02-13,7.84782075881958
2013-02-14,7.936196327209473
2013-02-15,7.945035934448242
2013-02-19,8.015735626220703
2013-02-20,7.98038387298584
2013-02-21,7.865495681762695
2013-02-22,8.112953186035156
2013-02-25,8.06875991821289
2013-02-26,8.236673355102539
2013-02-27,8.528315544128418
2013-02-28,8.545992851257324
2013-03-01,8.45761489868164
2013-03-04,8.519479751586914
2013-03-05,8.537158966064453
2013-03-06,8.492969512939453
2013-03-07,8.510642051696777
2013-03-08,8.563668251037598
2013-03-11,8.616694450378418
2013-03-12,8.678557395935059
2013-03-13,8.828798294067383
2013-03-14,8.855308532714844
2013-03-15,8.802284240722656
2013-03-18,8.73158073425293
2013-03-19,8.76693058013916
2013-03-20,8.952527046203613
2013-03-21,8.81112289428711
2013-03-22,8.81995964050293
2013-03-25,8.81995964050293
2013-03-26,8.740422248840332
2013-03-27,8.775773048400879
2013-03-28,8.660881996154785
2013-04-01,8.38691520690918
2013-04-02,8.342727661132812
2013-04-03,8.148298263549805
2013-04-04,8.219002723693848
2013-04-05,8.157136917114258
2013-04-08,8.35156536102295
2013-04-09,8.227839469909668
2013-04-10,8.599017143249512
2013-04-11,8.83763313293457
2013-04-12,8.740422248840332
2013-04-15,8.165971755981445
2013-04-16,8.280861854553223
2013-04-17,7.830142974853516
2013-04-18,7.962712287902832
2013-04-19,7.892007827758789
2013-04-22,7.95387077331543
2013-04-23,7.927361965179443
2013-04-24,7.95387077331543
2013-04-25,8.35156536102295
2013-04-26,7.8831682205200195
2013-04-29,7.838982105255127
2013-04-30,7.830142974853516
2013-05-01,7.715256214141846
2013-05-02,7.874329566955566
2013-05-03,8.130622863769531
2013-05-06,8.104110717773438
2013-05-07,8.219002723693848
2013-05-08,8.30737590789795
2013-05-09,8.510642051696777
2013-05-10,8.705072402954102
2013-05-13,8.545992851257324
2013-05-14,8.599017143249512
2013-05-15,8.607856750488281
2013-05-16,8.581340789794922
2013-05-17,8.793445587158203
2013-05-20,8.855308532714844
2013-05-21,9.111602783203125
2013-05-22,8.652046203613281
2013-05-23,9.023222923278809
2013-05-24,9.155789375305176
2013-05-28,9.367892265319824
2013-05-29,9.456268310546875
2013-05-30,9.544641494750977
2013-05-31,9.341383934020996
2013-06-03,9.155789375305176
2013-06-04,9.102764129638672
2013-06-05,8.90833568572998
2013-06-06,9.032064437866211
2013-06-07,9.093927383422852
2013-06-10,9.120438575744629
2013-06-11,9.067413330078125
2013-06-12,8.961362838745117
2013-06-13,9.500459671020508
2013-06-14,9.35905647277832
2013-06-17,9.314868927001953
2013-06-18,9.32370662689209
2013-06-19,9.244169235229492
2013-06-20,9.2176513671875
2013-06-21,9.244169235229492
2013-06-24,9.120438575744629
2013-06-25,9.429757118225098
2013-06-26,9.588835716247559
2013-06-27,9.615345001220703
2013-06-28,9.774423599243164
2013-07-01,10.340030670166016
2013-07-02,10.322358131408691
2013-07-03,10.587485313415527
2013-07-05,10.826103210449219
2013-07-08,10.994017601013184
2013-07-09,11.188445091247559
2013-07-10,11.06472110748291
2013-07-11,11.12658405303955
2013-07-12,11.144259452819824
2013-07-15,11.179606437683105
2013-07-16,10.746563911437988
2013-07-17,10.781916618347168
2013-07-18,10.702375411987305
2013-07-19,10.658191680908203
2013-07-22,10.631672859191895
2013-07-23,10.658191680908203
2013-07-24,10.499109268188477
2013-07-25,10.560975074768066
2013-07-26,10.55213451385498
2013-07-29,10.454922676086426
2013-07-30,10.499109268188477
2013-07-31,10.764239311218262
2013-08-01,10.401896476745605
2013-08-02,10.543298721313477
2013-08-05,10.499109268188477
2013-08-06,10.675862312316895
2013-08-07,10.622838973999023
2013-08-08,10.622838973999023
2013-08-09,10.55213451385498
2013-08-12,10.64051342010498
2013-08-13,10.826103210449219
2013-08-14,10.631672859191895
2013-08-15,10.21630859375
2013-08-16,10.083744049072266
2013-08-19,10.16328239440918
2013-08-20,10.428406715393066
2013-08-21,10.348870277404785
2013-08-22,10.596324920654297
2013-08-23,10.55213451385498
2013-08-26,10.543298721313477
2013-08-27,10.23398208618164
2013-08-28,10.039555549621582
2013-08-29,10.172119140625
2013-08-30,9.853962898254395
2013-09-03,9.809776306152344
2013-09-04,9.871637344360352
2013-09-05,9.880476951599121
2013-09-06,9.774423599243164
2013-09-09,10.013044357299805
2013-09-10,10.092580795288086
2013-09-11,10.039555549621582
2013-09-12,9.906990051269531
2013-09-13,9.924665451049805
2013-09-16,10.074905395507812
2013-09-17,10.06606674194336
2013-09-18,10.11025333404541
2013-09-19,10.198628425598145
2013-09-20,10.304683685302734
2013-09-23,10.348870277404785
2013-09-24,10.384221076965332
2013-09-25,10.304683685302734
2013-09-26,10.86145305633545
2013-09-27,11.055879592895508
2013-09-30,11.108907699584961
2013-10-01,10.958664894104004
2013-10-02,10.86145305633545
2013-10-03,10.826103210449219
2013-10-04,10.86145305633545
2013-10-07,10.852588653564453
2013-10-08,10.772790908813477
2013-10-09,10.586589813232422
2013-10-10,10.737321853637695
2013-10-11,11.083114624023438
2013-10-14,11.20724868774414
2013-10-15,11.242711067199707
2013-10-16,11.446640014648438
2013-10-17,11.508710861206055
2013-10-18,11.952035903930664
2013-10-21,11.952035903930664
2013-10-22,12.244629859924316
2013-10-23,12.138226509094238
2013-10-24,12.085027694702148
2013-10-25,12.0140962600708
2013-10-28,12.022966384887695
2013-10-29,12.271224975585938
2013-10-30,12.191427230834961
2013-10-31,12.262361526489258
2013-11-01,12.155960083007812
2013-11-04,12.16482925415039
2013-11-05,11.987499237060547
2013-11-06,11.765835762023926
2013-11-07,11.428911209106445
2013-11-08,11.801301956176758
2013-11-11,11.801301956176758
2013-11-12,11.81016731262207
2013-11-13,12.005229949951172
2013-11-14,11.84563159942627
2013-11-15,12.067293167114258
2013-11-18,11.854500770568848
2013-11-19,11.90770149230957
2013-11-20,12.031827926635742
2013-11-21,12.297826766967773
2013-11-22,12.377626419067383
2013-11-25,12.182557106018066
2013-11-26,12.182557106018066
2013-11-27,12.218024253845215
2013-11-29,12.377626419067383
2013-12-02,12.40422534942627
2013-12-03,12.43968677520752
2013-12-04,12.218024253845215
2013-12-05,12.076163291931152
2013-12-06,12.155960083007812
2013-12-09,12.040699005126953
2013-12-10,11.987499237060547
2013-12-11,11.88996410369873
2013-12-12,12.0140962600708
2013-12-13,12.111627578735352
2013-12-16,12.421957015991211
2013-12-17,12.750018119812012
2013-12-18,12.84754753112793
2013-12-19,12.59041976928711
2013-12-20,12.962807655334473
2013-12-23,13.317473411560059
2013-12-24,13.44160270690918
2013-12-26,13.716463088989258
2013-12-27,13.663262367248535
2013-12-30,14.266185760498047
2013-12-31,14.071125984191895
2014-01-02,13.849461555480957
2014-01-03,13.831729888916016
2014-01-06,13.610067367553711
2014-01-07,13.760799407958984
2014-01-08,13.477066993713379
2014-01-09,13.40613842010498
2014-01-10,13.468201637268066
2014-01-13,13.139273643493652
2014-01-14,13.32596206665039
2014-01-15,13.788239479064941
2014-01-16,13.601553916931152
2014-01-17,13.53043270111084
2014-01-21,13.628219604492188
2014-01-22,13.708230018615723
2014-01-23,13.610441207885742
2014-01-24,12.863688468933105
2014-01-27,12.917030334472656
2014-01-28,12.988146781921387
2014-01-29,12.757013320922852
2014-01-30,12.917030334472656
2014-01-31,12.570320129394531
2014-02-03,12.294736862182617
2014-02-04,12.223616600036621
2014-02-05,12.30362319946289
2014-02-06,12.712560653686523
2014-02-07,12.819238662719727
2014-02-10,12.703673362731934
2014-02-11,12.677002906799316
2014-02-12,12.712560653686523
2014-02-13,12.801458358764648
2014-02-14,12.890358924865723
2014-02-18,13.148168563842773
2014-02-19,12.99703311920166
2014-02-20,13.103714942932129
2014-02-21,13.4682035446167
2014-02-24,14.019372940063477
2014-02-25,14.099384307861328
2014-02-26,13.983820915222168
2014-02-27,14.072715759277344
2014-02-28,14.597221374511719
2014-03-03,14.419424057006836
2014-03-04,14.615005493164062
2014-03-05,14.632781028747559
2014-03-06,14.695011138916016
2014-03-07,14.588330268859863
2014-03-10,14.943925857543945
2014-03-11,14.79279899597168
2014-03-12,14.534990310668945
2014-03-13,14.383862495422363
2014-03-14,14.695011138916016
2014-03-17,14.410531997680664
2014-03-18,14.623889923095703
2014-03-19,14.686121940612793
2014-03-20,14.570552825927734
2014-03-21,14.579439163208008
2014-03-24,14.330522537231445
2014-03-25,14.481648445129395
2014-03-26,14.392755508422852
2014-03-27,14.695011138916016
2014-03-28,14.846138954162598
2014-03-31,15.219508171081543
2014-04-01,15.343969345092773
2014-04-02,15.112831115722656
2014-04-03,14.490541458129883
2014-04-04,14.330522537231445
2014-04-07,14.072077751159668
2014-04-08,14.125545501708984
2014-04-09,14.428557395935059
2014-04-10,14.143373489379883
2014-04-11,13.982954025268555
2014-04-14,13.867096900939941
2014-04-15,14.517675399780273
2014-04-16,14.85633373260498
2014-04-17,14.802862167358398
2014-04-21,14.900890350341797
2014-04-22,15.15042495727539
2014-04-23,14.802862167358398
2014-04-24,14.998926162719727
2014-04-25,14.562234878540039
2014-04-28,14.214670181274414
2014-04-29,14.383994102478027
2014-04-30,14.330522537231445
2014-05-01,14.03642749786377
2014-05-02,13.840356826782227
2014-05-05,14.03642749786377
2014-05-06,13.804712295532227
2014-05-07,13.55517864227295
2014-05-08,13.528444290161133
2014-05-09,13.974045753479004
2014-05-12,14.437467575073242
2014-05-13,14.054250717163086
2014-05-14,13.421497344970703
2014-05-15,13.261082649230957
2014-05-16,13.350200653076172
2014-05-19,13.54626750946045
2014-05-20,13.145227432250977
2014-05-21,13.047196388244629
2014-05-22,13.100664138793945
2014-05-23,13.305643081665039
2014-05-27,13.483879089355469
2014-05-28,13.403675079345703
2014-05-29,13.243255615234375
2014-05-30,13.243255615234375
2014-06-02,13.305643081665039
2014-06-03,13.19869613647461
2014-06-04,13.216522216796875
2014-06-05,13.528444290161133
2014-06-06,13.51061725616455
2014-06-09,13.88492202758789
2014-06-10,14.000778198242188
2014-06-11,14.054250717163086
2014-06-12,13.88492202758789
2014-06-13,13.54626750946045
2014-06-16,13.590828895568848
2014-06-17,13.715597152709961
2014-06-18,13.688858985900879
2014-06-19,13.786890983581543
2014-06-20,13.76015567779541
2014-06-23,13.688858985900879
2014-06-24,13.653209686279297
2014-06-25,13.974045753479004
2014-06-26,13.368021965026855
2014-06-27,13.581912994384766
2014-06-30,13.55517864227295
2014-07-01,13.804712295532227
2014-07-02,13.483879089355469
2014-07-03,13.91165828704834
2014-07-07,13.51952838897705
2014-07-08,13.252171516418457
2014-07-09,13.448233604431152
2014-07-10,13.18978500366211
2014-07-11,12.860039710998535
2014-07-14,12.851129531860352
2014-07-15,12.654519081115723
2014-07-16,12.708139419555664
2014-07-17,12.591959953308105
2014-07-18,12.833256721496582
2014-07-21,12.708139419555664
2014-07-22,12.717073440551758
2014-07-23,12.448967933654785
2014-07-24,12.636642456054688
2014-07-25,12.261302947998047
2014-07-28,12.529403686523438
2014-07-29,11.519545555114746
2014-07-30,11.358681678771973
2014-07-31,11.16207504272461
2014-08-01,11.305062294006348
2014-08-04,11.322933197021484
2014-08-05,11.439112663269043
2014-08-06,11.519545555114746
2014-08-07,11.188885688781738
2014-08-08,11.171009063720703
2014-08-11,11.1531343460083
2014-08-12,10.956526756286621
2014-08-13,10.956526756286621
2014-08-14,10.96546459197998
2014-08-15,10.96546459197998
2014-08-18,11.063770294189453
2014-08-19,10.983338356018066
2014-08-20,10.983338356018066
2014-08-21,11.09057331085205
2014-08-22,11.063770294189453
2014-08-25,11.01014518737793
2014-08-26,11.07270622253418
2014-08-27,11.081644058227539
2014-08-28,11.036954879760742
2014-08-29,11.063770294189453
2014-09-02,11.019085884094238
2014-09-03,11.019085884094238
2014-09-04,11.036954879760742
2014-09-05,11.054828643798828
2014-09-08,11.045893669128418
2014-09-09,10.938652992248535
2014-09-10,10.90290355682373
2014-09-11,10.840348243713379
2014-09-12,10.706294059753418
2014-09-15,10.66161060333252
2014-09-16,10.66161060333252
2014-09-17,10.607993125915527
2014-09-18,10.724165916442871
2014-09-19,10.64373779296875
2014-09-22,10.49181079864502
2014-09-23,10.330948829650879
2014-09-24,10.322013854980469
2014-09-25,10.24158000946045
2014-09-26,10.295202255249023
2014-09-29,10.277329444885254
2014-09-30,10.027095794677734
2014-10-01,10.992273330688477
2014-10-02,11.689342498779297
2014-10-03,11.465921401977539
2014-10-06,11.223878860473633
2014-10-07,11.071474075317383
2014-10-08,11.223878860473633
2014-10-09,10.784603118896484
2014-10-10,10.63219928741455
2014-10-13,10.623238563537598
2014-10-14,10.838393211364746
2014-10-15,10.954933166503906
2014-10-16,11.19698429107666
2014-10-17,10.981825828552246
2014-10-20,11.17905044555664
2014-10-21,11.564536094665527
2014-10-22,11.313522338867188
2014-10-23,11.761763572692871
2014-10-24,11.573501586914062
2014-10-27,11.752795219421387
2014-10-28,12.201033592224121
2014-10-29,12.012773513793945
2014-10-30,11.421097755432129
2014-10-31,11.510747909545898
2014-11-03,11.600391387939453
2014-11-04,11.483854293823242
2014-11-05,11.465921401977539
2014-11-06,11.501781463623047
2014-11-07,11.43902587890625
2014-11-10,11.510747909545898
2014-11-11,11.618326187133789
2014-11-12,11.716938972473145
2014-11-13,11.537639617919922
2014-11-14,11.555570602416992
2014-11-17,11.376275062561035
2014-11-18,11.45695972442627
2014-11-19,11.340417861938477
2014-11-20,11.385241508483887
2014-11-21,11.385241508483887
2014-11-24,11.591425895690918
2014-11-25,11.510747909545898
2014-11-26,11.573501586914062
2014-11-28,11.376275062561035
2014-12-01,12.156209945678711
2014-12-02,11.967950820922852
2014-12-03,12.066560745239258
2014-12-04,11.573501586914062
2014-12-05,11.573501586914062
2014-12-08,11.20594596862793
2014-12-09,11.501781463623047
2014-12-10,11.519707679748535
2014-12-11,11.699009895324707
2014-12-12,11.627290725708008
2014-12-15,11.654183387756348
2014-12-16,11.779690742492676
2014-12-17,11.905200004577637
2014-12-18,11.761763572692871
2014-12-19,11.896230697631836
2014-12-22,11.869339942932129
2014-12-23,12.174135208129883
2014-12-24,12.021739959716797
2014-12-26,12.174135208129883
2014-12-29,12.075528144836426
2014-12-30,11.98587703704834
2014-12-31,11.851404190063477
2015-01-02,11.510747909545898
2015-01-05,11.376275062561035
2015-01-06,10.999757766723633
2015-01-07,11.16112232208252
2015-01-08,11.403172492980957
2015-01-09,11.43902587890625
2015-01-12,11.304136276245117
2015-01-13,11.466009140014648
2015-01-14,11.043341636657715
2015-01-15,10.809525489807129
2015-01-16,10.962403297424316
2015-01-20,10.818517684936523
2015-01-21,10.872476577758789
2015-01-22,11.636874198913574
2015-01-23,11.789752006530762
2015-01-26,11.861696243286133
2015-01-27,11.80774211883545
2015-01-28,11.618889808654785
2015-01-29,11.717809677124023
2015-01-30,11.322121620178223
2015-02-02,11.475000381469727
2015-02-03,12.347317695617676
2015-02-04,12.53616714477539
2015-02-05,12.635092735290527
2015-02-06,12.778980255126953
2015-02-09,12.599119186401367
2015-02-10,12.653076171875
2015-02-11,12.590127944946289
2015-02-12,12.743003845214844
2015-02-13,12.994810104370117
2015-02-17,12.823946952819824
2015-02-18,12.716029167175293
2015-02-19,12.743003845214844
2015-02-20,12.725021362304688
2015-02-23,12.707035064697266
2015-02-24,12.680057525634766
2015-02-25,12.671060562133789
2015-02-26,12.751999855041504
2015-02-27,12.581132888793945
2015-03-02,12.734012603759766
2015-03-03,12.47321891784668
2015-03-04,12.266380310058594
2015-03-05,12.167457580566406
2015-03-06,12.05055046081543
2015-03-09,11.996591567993164
2015-03-10,11.690834999084473
2015-03-11,12.05055046081543
2015-03-12,12.221415519714355
2015-03-13,12.140480041503906
2015-03-16,12.347317695617676
2015-03-17,12.158467292785645
2015-03-18,12.284368515014648
2015-03-19,12.356307983398438
2015-03-20,12.392281532287598
2015-03-23,12.2573881149292
2015-03-24,12.104509353637695
2015-03-25,11.879684448242188
2015-03-26,11.915653228759766
2015-03-27,12.05954360961914
2015-03-30,12.140480041503906
2015-03-31,12.37429428100586
2015-04-01,12.2304105758667
2015-04-02,12.185443878173828
2015-04-06,12.573284149169922
2015-04-07,12.22152328491211
2015-04-08,12.185442924499512
2015-04-09,12.176424026489258
2015-04-10,12.014071464538574
2015-04-13,12.122305870056152
2015-04-14,11.987011909484863
2015-04-15,11.93289566040039
2015-04-16,12.185442924499512
2015-04-17,11.716424942016602
2015-04-20,11.797597885131836
2015-04-21,11.869760513305664
2015-04-22,11.70740795135498
2015-04-23,11.860739707946777
2015-04-24,11.869760513305664
2015-04-27,11.635247230529785
2015-04-28,11.770543098449707
2015-04-29,11.55407428741455
2015-04-30,12.077210426330566
2015-05-01,12.266622543334961
2015-05-04,12.636422157287598
2015-05-05,12.266622543334961
2015-05-06,12.113286972045898
2015-05-07,12.347795486450195
2015-05-08,12.410932540893555
2015-05-11,12.609362602233887
2015-05-12,12.510149002075195
2015-05-13,12.483091354370117
2015-05-14,12.708578109741211
2015-05-15,12.573284149169922
2015-05-18,12.672502517700195
2015-05-19,12.735638618469238
2015-05-20,12.85289478302002
2015-05-21,12.780733108520508
2015-05-22,12.672502517700195
2015-05-26,12.663480758666992
2015-05-27,12.771716117858887
2015-05-28,12.789755821228027
2015-05-29,12.537210464477539
2015-06-01,12.744658470153809
2015-06-02,12.7626953125
2015-06-03,12.879950523376465
2015-06-04,12.834854125976562
2015-06-05,12.888973236083984
2015-06-08,12.7626953125
2015-06-09,12.537210464477539
2015-06-10,12.69956111907959
2015-06-11,12.600343704223633
2015-06-12,12.609362602233887
2015-06-15,12.564266204833984
2015-06-16,12.870933532714844
2015-06-17,12.798773765563965
2015-06-18,12.897989273071289
2015-06-19,12.879950523376465
2015-06-22,13.006223678588867
2015-06-23,13.042302131652832
2015-06-24,12.798773765563965
2015-06-25,12.843870162963867
2015-06-26,12.943090438842773
2015-06-29,12.248578071594238
2015-06-30,12.311718940734863
2015-07-01,12.4019136428833
2015-07-02,12.320737838745117
2015-07-06,11.869760513305664
2015-07-07,11.81563949584961
2015-07-08,11.725449562072754
2015-07-09,11.743485450744629
2015-07-10,11.950931549072266
2015-07-13,12.159012794494629
2015-07-14,12.168060302734375
2015-07-15,12.077591896057129
2015-07-16,12.086638450622559
2015-07-17,11.950935363769531
2015-07-20,12.077591896057129
2015-07-21,11.950935363769531
2015-07-22,12.032357215881348
2015-07-23,12.014262199401855
2015-07-24,12.005218505859375
2015-07-27,11.914748191833496
2015-07-28,11.905701637268066
2015-07-29,11.987119674682617
2015-07-30,11.941884994506836
2015-07-31,11.959982872009277
2015-08-03,11.85141658782959
2015-08-04,11.923796653747559
2015-08-05,11.932840347290039
2015-08-06,11.580013275146484
2015-08-07,11.932840347290039
2015-08-10,11.996170043945312
2015-08-11,11.779044151306152
2015-08-12,11.643338203430176
2015-08-13,11.652390480041504
2015-08-14,11.688576698303223
2015-08-17,11.860465049743652
2015-08-18,11.715717315673828
2015-08-19,11.444308280944824
2015-08-20,11.07338809967041
2015-08-21,11.091480255126953
2015-08-24,10.57580852508545
2015-08-25,10.593903541564941
2015-08-26,10.79293441772461
2015-08-27,10.865309715270996
2015-08-28,11.154810905456543
2015-08-31,11.001012802124023
2015-09-01,10.6934175491333
2015-09-02,10.75674819946289
2015-09-03,10.83816909790039
2015-09-04,10.75674819946289
2015-09-08,11.01910400390625
2015-09-09,10.874357223510742
2015-09-10,10.75674819946289
2015-09-11,10.747700691223145
2015-09-14,10.657230377197266
2015-09-15,10.865309715270996
2015-09-16,10.991966247558594
2015-09-17,10.92863655090332
2015-09-18,10.84721565246582
2015-09-21,10.874357223510742
2015-09-22,10.63009262084961
2015-09-23,10.584859848022461
2015-09-24,10.51247787475586
2015-09-25,10.539624214172363
2015-09-28,10.458198547363281
2015-09-29,10.494386672973633
2015-09-30,10.684372901916504
2015-10-01,10.675322532653809
2015-10-02,10.910541534423828
2015-10-05,11.246393203735352
2015-10-06,11.237317085266113
2015-10-07,11.42793083190918
2015-10-08,11.58224105834961
2015-10-09,11.691163063049316
2015-10-12,11.654854774475098
2015-10-13,11.364395141601562
2015-10-14,11.418856620788574
2015-10-15,11.700242042541504
2015-10-16,11.636704444885254
2015-10-19,11.71839427947998
2015-10-20,11.809164047241211
2015-10-21,11.473316192626953
2015-10-22,11.682085037231445
2015-10-23,11.82731819152832
2015-10-26,11.772859573364258
2015-10-27,11.545933723449707
2015-10-28,11.845475196838379
2015-10-29,12.027013778686523
2015-10-30,12.054243087768555
2015-11-02,12.58071231842041
2015-11-03,12.526247024536133
2015-11-04,12.390094757080078
2015-11-05,12.417323112487793
2015-11-06,12.371936798095703
2015-11-09,12.244861602783203
2015-11-10,12.326554298400879
2015-11-11,12.33563232421875
2015-11-12,11.972550392150879
2015-11-13,12.099630355834961
2015-11-16,12.253938674926758
2015-11-17,12.38101577758789
2015-11-18,12.65332317352295
2015-11-19,12.644247055053711
2015-11-20,12.635169982910156
2015-11-23,12.744094848632812
2015-11-24,12.843942642211914
2015-11-25,12.934714317321777
2015-11-27,12.816710472106934
2015-11-30,12.780403137207031
2015-12-01,12.907479286193848
2015-12-02,12.725940704345703
2015-12-03,12.371936798095703
2015-12-04,12.571634292602539
2015-12-07,12.46270751953125
2015-12-08,12.390094757080078
2015-12-09,12.226709365844727
2015-12-10,12.172243118286133
2015-12-11,12.017936706542969
2015-12-14,11.927164077758789
2015-12-15,12.172243118286133
2015-12-16,12.371936798095703
2015-12-17,12.145013809204102
2015-12-18,12.163169860839844
2015-12-21,12.163169860839844
2015-12-22,12.426398277282715
2015-12-23,12.499019622802734
2015-12-24,12.46270751953125
2015-12-28,12.417323112487793
2015-12-29,12.471783638000488
2015-12-30,12.344710350036621
2015-12-31,12.181323051452637
2016-01-04,11.809164047241211
2016-01-05,11.89993667602539
2016-01-06,11.800090789794922
2016-01-07,11.736550331115723
2016-01-08,11.58224105834961
2016-01-11,11.518498420715332
2016-01-12,11.518498420715332
2016-01-13,11.181598663330078
2016-01-14,11.6550874710083
2016-01-15,11.4638671875
2016-01-19,11.36370849609375
2016-01-20,11.218016624450684
2016-01-21,11.24533748626709
2016-01-22,11.609557151794434
2016-01-25,11.409235954284668
2016-01-26,11.864510536193848
2016-01-27,11.6550874710083
2016-01-28,11.682401657104492
2016-01-29,12.037513732910156
2016-02-01,11.80077075958252
2016-02-02,11.536712646484375
2016-02-03,11.627766609191895
2016-02-04,11.809880256652832
2016-02-05,11.36370849609375
2016-02-08,11.32728385925293
2016-02-09,11.154277801513672
2016-02-10,11.172492980957031
2016-02-11,11.154277801513672
2016-02-12,11.299969673156738
2016-02-16,11.645978927612305
2016-02-17,11.70971965789795
2016-02-18,11.673296928405762
2016-02-19,11.554923057556152
2016-02-22,11.6550874710083
2016-02-23,11.682401657104492
2016-02-24,11.336390495300293
2016-02-25,11.345497131347656
2016-02-26,11.427445411682129
2016-02-29,11.44565486907959
2016-03-01,11.591347694396973
2016-03-02,11.61866283416748
2016-03-03,11.746139526367188
2016-03-04,11.609557151794434
2016-03-07,11.645978927612305
2016-03-08,11.400132179260254
2016-03-09,11.4638671875
2016-03-10,11.491185188293457
2016-03-11,11.746139526367188
2016-03-14,11.645978927612305
2016-03-15,11.418338775634766
2016-03-16,11.564026832580566
2016-03-17,11.627766609191895
2016-03-18,11.60045337677002
2016-03-21,11.482081413269043
2016-03-22,11.436553955078125
2016-03-23,11.354602813720703
2016-03-24,11.409235954284668
2016-03-28,11.400132179260254
2016-03-29,11.536712646484375
2016-03-30,11.472975730895996
2016-03-31,11.345497131347656
2016-04-01,11.609557151794434
2016-04-04,11.499943733215332
2016-04-05,11.399471282958984
2016-04-06,11.408605575561523
2016-04-07,11.180251121520996
2016-04-08,11.262458801269531
2016-04-11,11.3446626663208
2016-04-12,11.408605575561523
2016-04-13,11.691764831542969
2016-04-14,11.60955810546875
2016-04-15,11.691764831542969
2016-04-18,11.700897216796875
2016-04-19,11.737434387207031
2016-04-20,11.64609432220459
2016-04-21,11.673498153686523
2016-04-22,11.764838218688965
2016-04-25,11.828777313232422
2016-04-26,11.965790748596191
2016-04-27,11.984057426452637
2016-04-28,11.77397346496582
2016-04-29,11.710033416748047
2016-05-02,11.764838218688965
2016-05-03,11.372064590454102
2016-05-04,11.262458801269531
2016-05-05,11.216788291931152
2016-05-06,11.390335083007812
2016-05-09,11.298992156982422
2016-05-10,11.335535049438477
2016-05-11,11.19852066040039
2016-05-12,11.116310119628906
2016-05-13,11.079771995544434
2016-05-16,11.225922584533691
2016-05-17,10.961029052734375
2016-05-18,10.970162391662598
2016-05-19,10.833151817321777
2016-05-20,11.04323673248291
2016-05-23,10.778345108032227
2016-05-24,10.970162391662598
2016-05-25,10.915356636047363
2016-05-26,10.924489974975586
2016-05-27,10.90622329711914
2016-05-31,11.04323673248291
2016-06-01,11.079771995544434
2016-06-02,11.061503410339355
2016-06-03,10.988430976867676
2016-06-06,11.098041534423828
2016-06-07,10.97929859161377
2016-06-08,11.034101486206055
2016-06-09,10.997568130493164
2016-06-10,10.824013710021973
2016-06-13,10.787479400634766
2016-06-14,10.851417541503906
2016-06-15,10.833151817321777
2016-06-16,10.787479400634766
2016-06-17,10.814881324768066
2016-06-20,10.924489974975586
2016-06-21,10.824013710021973
2016-06-22,10.796610832214355
2016-06-23,10.90622329711914
2016-06-24,10.787479400634766
2016-06-27,10.540857315063477
2016-06-28,10.650466918945312
2016-06-29,10.842287063598633
2016-06-30,11.05237102508545
2016-07-01,11.04323673248291
2016-07-05,10.878822326660156
2016-07-06,11.015837669372559
2016-07-07,11.05237102508545
2016-07-08,11.216788291931152
2016-07-11,11.354249954223633
2016-07-12,11.537525177001953
2016-07-13,11.620006561279297
2016-07-14,11.674989700317383
2016-07-15,11.76662826538086
2016-07-18,11.784957885742188
2016-07-19,11.757467269897461
2016-07-20,11.8032865524292
2016-07-21,11.7391357421875
2016-07-22,11.81245231628418
2016-07-25,11.81245231628418
2016-07-26,11.876595497131348
2016-07-27,11.720808982849121
2016-07-28,11.665826797485352
2016-07-29,11.894926071166992
2016-08-01,11.9315824508667
2016-08-02,11.711647033691406
2016-08-03,11.68415355682373
2016-08-04,11.674989700317383
2016-08-05,11.76662826538086
2016-08-08,11.702478408813477
2016-08-09,11.720808982849121
2016-08-10,11.638334274291992
2016-08-11,11.620006561279297
2016-08-12,11.711647033691406
2016-08-15,11.867432594299316
2016-08-16,11.821612358093262
2016-08-17,11.839940071105957
2016-08-18,11.858269691467285
2016-08-19,11.959074020385742
2016-08-22,12.0598783493042
2016-08-23,12.069042205810547
2016-08-24,11.977401733398438
2016-08-25,11.986564636230469
2016-08-26,11.949909210205078
2016-08-29,11.894926071166992
2016-08-30,11.9315824508667
2016-08-31,11.858269691467285
2016-09-01,11.849106788635254
2016-09-02,11.959074020385742
2016-09-06,11.922415733337402
2016-09-07,12.041549682617188
2016-09-08,11.922415733337402
2016-09-09,11.409229278564453
2016-09-12,11.528363227844238
2016-09-13,11.271768569946289
2016-09-14,11.225950241088867
2016-09-15,11.308429718017578
2016-09-16,11.25344467163086
2016-09-19,11.308429718017578
2016-09-20,11.25344467163086
2016-09-21,11.262608528137207
2016-09-22,11.381736755371094
2016-09-23,11.400066375732422
2016-09-26,11.308429718017578
2016-09-27,11.271768569946289
2016-09-28,11.042667388916016
2016-09-29,10.905211448669434
2016-09-30,10.951026916503906
2016-10-03,11.107340812683105
2016-10-04,10.9694185256958
2016-10-05,11.05217456817627
2016-10-06,11.00619888305664
2016-10-07,10.849885940551758
2016-10-10,10.895858764648438
2016-10-11,10.711963653564453
2016-10-12,10.75793743133545
2016-10-13,10.665990829467773
2016-10-14,10.620016098022461
2016-10-17,10.436118125915527
2016-10-18,10.574045181274414
2016-10-19,10.620016098022461
2016-10-20,10.620016098022461
2016-10-21,10.620016098022461
2016-10-24,10.574045181274414
2016-10-25,10.528067588806152
2016-10-26,10.482094764709473
2016-10-27,10.114301681518555
2016-10-28,10.160274505615234
2016-10-31,10.022355079650879
2016-11-01,10.022355079650879
2016-11-02,10.068326950073242
2016-11-03,9.930404663085938
2016-11-04,10.068326950073242
2016-11-07,10.206246376037598
2016-11-08,10.298196792602539
2016-11-09,10.574045181274414
2016-11-10,10.803909301757812
2016-11-11,11.263651847839355
2016-11-14,11.447545051574707
2016-11-15,11.263651847839355
2016-11-16,11.217679023742676
2016-11-17,11.309626579284668
2016-11-18,11.447545051574707
2016-11-21,11.447545051574707
2016-11-22,11.63144588470459
2016-11-23,11.81534194946289
2016-11-25,11.81534194946289
2016-11-28,11.86131477355957
2016-11-29,11.81534194946289
2016-11-30,11.953267097473145
2016-12-01,11.907289505004883
2016-12-02,11.769369125366211
2016-12-05,12.13715934753418
2016-12-06,12.091187477111816
2016-12-07,12.32105541229248
2016-12-08,12.826770782470703
2016-12-09,12.964695930480957
2016-12-12,12.688849449157715
2016-12-13,12.504953384399414
2016-12-14,12.367033004760742
2016-12-15,12.413005828857422
2016-12-16,12.504953384399414
2016-12-19,12.55093002319336
2016-12-20,12.55093002319336
2016-12-21,12.458979606628418
2016-12-22,12.458979606628418
2016-12-23,12.504953384399414
2016-12-27,12.55093002319336
2016-12-28,12.367033004760742
2016-12-29,12.32105541229248
2016-12-30,12.229110717773438
2017-01-03,12.367033004760742
2017-01-04,12.596904754638672
2017-01-05,12.504953384399414
2017-01-06,12.413005828857422
2017-01-09,12.357673645019531
2017-01-10,12.49600601196289
2017-01-11,12.54211711883545
2017-01-12,12.449896812438965
2017-01-13,12.54211711883545
2017-01-17,12.449896812438965
2017-01-18,12.49600601196289
2017-01-19,12.311559677124023
2017-01-20,12.311559677124023
2017-01-23,12.034897804260254
2017-01-24,12.081008911132812
2017-01-25,12.265451431274414
2017-01-26,12.265451431274414
2017-01-27,12.311559677124023
2017-01-30,12.265451431274414
2017-01-31,12.449896812438965
2017-02-01,12.49600601196289
2017-02-02,12.49600601196289
2017-02-03,13.233777046203613
2017-02-06,13.418220520019531
2017-02-07,13.510438919067383
2017-02-08,13.648770332336426
2017-02-09,13.602662086486816
2017-02-10,14.248209953308105
2017-02-13,14.985983848571777
2017-02-14,14.617097854614258
2017-02-15,14.70931625366211
2017-02-16,14.432653427124023
2017-02-17,14.248209953308105
2017-02-21,14.294323921203613
2017-02-22,13.879324913024902
2017-02-23,13.602662086486816
2017-02-24,13.69488525390625
2017-02-27,13.648770332336426
2017-02-28,13.279884338378906
2017-03-01,13.556550025939941
2017-03-02,13.46433162689209
2017-03-03,13.46433162689209
2017-03-06,13.418220520019531
2017-03-07,13.372110366821289
2017-03-08,13.325996398925781
2017-03-09,13.233777046203613
2017-03-10,13.510438919067383
2017-03-13,13.418220520019531
2017-03-14,13.418220520019531
2017-03-15,13.602662086486816
2017-03-16,13.510438919067383
2017-03-17,13.556550025939941
2017-03-20,13.372110366821289
2017-03-21,13.141557693481445
2017-03-22,13.141557693481445
2017-03-23,13.187665939331055
2017-03-24,13.141557693481445
2017-03-27,13.141557693481445
2017-03-28,13.279884338378906
2017-03-29,13.325996398925781
2017-03-30,13.418220520019531
2017-03-31,13.279884338378906
2017-04-03,13.131924629211426
2017-04-04,13.50183391571045
2017-04-05,13.316876411437988
2017-04-06,13.409355163574219
2017-04-07,13.363117218017578
2017-04-10,13.363117218017578
2017-04-11,13.50183391571045
2017-04-12,13.409355163574219
2017-04-13,13.178160667419434
2017-04-17,13.363117218017578
2017-04-18,13.409355163574219
2017-04-19,13.50183391571045
2017-04-20,13.686790466308594
2017-04-21,13.594313621520996
2017-04-24,13.733031272888184
2017-04-25,13.686790466308594
2017-04-26,13.733031272888184
2017-04-27,13.54806900024414
2017-04-28,13.363117218017578
2017-05-01,13.363117218017578
2017-05-02,13.22439956665039
2017-05-03,14.88901138305664
2017-05-04,15.490117073059082
2017-05-05,15.67507553100586
2017-05-08,15.721318244934082
2017-05-09,15.767553329467773
2017-05-10,15.906272888183594
2017-05-11,15.906272888183594
2017-05-12,15.906272888183594
2017-05-15,15.952509880065918
2017-05-16,15.81379222869873
2017-05-17,15.582596778869629
2017-05-18,15.582596778869629
2017-05-19,16.044984817504883
2017-05-22,16.09122657775879
2017-05-23,16.09122657775879
2017-05-24,16.137466430664062
2017-05-25,15.998750686645508
2017-05-26,15.952509880065918
2017-05-30,16.27618408203125
2017-05-31,16.27618408203125
2017-06-01,16.32242202758789
2017-06-02,16.27618408203125
2017-06-05,16.22994613647461
2017-06-06,16.044984817504883
2017-06-07,15.952509880065918
2017-06-08,16.27618408203125
2017-06-09,16.36866569519043
2017-06-12,16.41490364074707
2017-06-13,16.55362319946289
2017-06-14,16.507383346557617
2017-06-15,16.32242202758789
2017-06-16,16.36866569519043
2017-06-19,16.41490364074707
2017-06-20,16.18370246887207
2017-06-21,16.137466430664062
2017-06-22,16.09122657775879
2017-06-23,16.32242202758789
2017-06-26,16.044984817504883
2017-06-27,16.18370246887207
2017-06-28,16.646099090576172
2017-06-29,16.46114158630371
2017-06-30,16.36866569519043
2017-07-03,16.41490364074707
2017-07-05,16.41490364074707
2017-07-06,16.137466430664062
2017-07-07,16.22994613647461
2017-07-10,16.127986907958984
2017-07-11,16.26702308654785
2017-07-12,16.220672607421875
2017-07-13,16.26702308654785
2017-07-14,16.313365936279297
2017-07-17,16.313365936279297
2017-07-18,16.26702308654785
2017-07-19,16.452402114868164
2017-07-20,16.7304630279541
2017-07-21,16.77681541442871
2017-07-24,16.91584587097168
2017-07-25,17.054882049560547
2017-07-26,17.0085391998291
2017-07-27,18.4915771484375
2017-07-28,17.889089584350586
2017-07-31,17.61101722717285
2017-08-01,17.703706741333008
2017-08-02,17.703706741333008
2017-08-03,17.75005340576172
2017-08-04,17.75005340576172
2017-08-07,17.75005340576172
2017-08-08,17.61101722717285
2017-08-09,17.471986770629883
2017-08-10,17.240264892578125
2017-08-11,17.054882049560547
2017-08-14,16.96219253540039
2017-08-15,16.869504928588867
2017-08-16,16.77681541442871
2017-08-17,16.637779235839844
2017-08-18,17.0085391998291
2017-08-21,16.96219253540039
2017-08-22,17.054882049560547
2017-08-23,17.054882049560547
2017-08-24,16.823156356811523
2017-08-25,16.91584587097168
2017-08-28,17.0085391998291
2017-08-29,16.96219253540039
2017-08-30,17.101228713989258
2017-08-31,17.286609649658203
2017-09-01,17.471986770629883
2017-09-05,17.332956314086914
2017-09-06,17.379297256469727
2017-09-07,17.564672470092773
2017-09-08,17.65736198425293
2017-09-11,17.564672470092773
2017-09-12,17.75005340576172
2017-09-13,17.703706741333008
2017-09-14,17.75005340576172
2017-09-15,17.79640007019043
2017-09-18,17.935434341430664
2017-09-19,17.935434341430664
2017-09-20,17.98177719116211
2017-09-21,17.889089584350586
2017-09-22,18.02812385559082
2017-09-25,18.074466705322266
2017-09-26,18.02812385559082
2017-09-27,18.306188583374023
2017-09-28,18.2135009765625
2017-09-29,18.16716194152832
2017-10-02,18.445228576660156
2017-10-03,18.575254440307617
2017-10-04,18.38949966430664
2017-10-05,18.575254440307617
2017-10-06,18.25018310546875
2017-10-09,17.832244873046875
2017-10-10,17.878679275512695
2017-10-11,17.878679275512695
2017-10-12,17.785810470581055
2017-10-13,17.785810470581055
2017-10-16,17.832244873046875
2017-10-17,17.692928314208984
2017-10-18,17.785810470581055
2017-10-19,17.739368438720703
2017-10-20,18.064434051513672
2017-10-23,18.157310485839844
2017-10-24,18.25018310546875
2017-10-25,18.017993927001953
2017-10-26,17.9715518951416
2017-10-27,17.9715518951416
2017-10-30,17.832244873046875
2017-10-31,17.739368438720703
2017-11-01,16.717727661132812
2017-11-02,16.578414916992188
2017-11-03,16.206907272338867
2017-11-06,16.06759262084961
2017-11-07,15.881842613220215
2017-11-08,15.974716186523438
2017-11-09,16.160465240478516
2017-11-10,16.48553466796875
2017-11-13,16.206907272338867
2017-11-14,16.160465240478516
2017-11-15,16.021154403686523
2017-11-16,16.34622573852539
2017-11-17,16.392662048339844
2017-11-20,16.439102172851562
2017-11-21,16.81060218811035
2017-11-22,16.90347671508789
2017-11-24,16.949913024902344
2017-11-27,16.996360778808594
2017-11-28,17.321422576904297
2017-11-29,17.182109832763672
2017-11-30,17.460744857788086
2017-12-01,17.321422576904297
2017-12-04,17.367862701416016
2017-12-05,17.460744857788086
2017-12-06,17.321422576904297
2017-12-07,16.48553466796875
2017-12-08,16.48553466796875
2017-12-11,16.90347671508789
2017-12-12,16.717727661132812
2017-12-13,16.90347671508789
2017-12-14,16.81060218811035
2017-12-15,17.321422576904297
2017-12-18,17.274988174438477
2017-12-19,17.274988174438477
2017-12-20,17.182109832763672
2017-12-21,17.414302825927734
2017-12-22,17.182109832763672
2017-12-26,17.414302825927734
2017-12-27,17.321422576904297
2017-12-28,17.321422576904297
2017-12-29,17.182109832763672
2018-01-02,17.60005760192871
2018-01-03,17.228548049926758
2018-01-04,16.996360778808594
2018-01-05,17.414302825927734
2018-01-08,17.414302825927734
2018-01-09,18.056516647338867
2018-01-10,17.91690444946289
2018-01-11,18.10305404663086
2018-01-12,18.8476505279541
2018-01-16,18.475351333618164
2018-01-17,18.801115036010742
2018-01-18,18.801115036010742
2018-01-19,20.383384704589844
2018-01-22,20.476465225219727
2018-01-23,21.034908294677734
2018-01-24,20.709150314331055
2018-01-25,20.895292282104492
2018-01-26,21.360673904418945
2018-01-29,21.732973098754883
2018-01-30,21.91912269592285
2018-01-31,21.639894485473633
2018-02-01,22.151805877685547
2018-02-02,21.407215118408203
2018-02-05,20.569534301757812
2018-02-06,20.8487606048584
2018-02-07,20.616071701049805
2018-02-08,22.710256576538086
2018-02-09,22.431034088134766
2018-02-12,22.431034088134766
2018-02-13,22.477569580078125
2018-02-14,23.036022186279297
2018-02-15,23.454856872558594
2018-02-16,23.31524085998535
2018-02-20,23.501388549804688
2018-02-21,23.268707275390625
2018-02-22,23.4083194732666
2018-02-23,23.547924041748047
2018-02-26,23.594470977783203
2018-02-27,23.036022186279297
2018-02-28,22.431034088134766
2018-03-01,22.291419982910156
2018-03-02,22.896406173706055
2018-03-05,22.431034088134766
2018-03-06,22.710256576538086
2018-03-07,22.617177963256836
2018-03-08,22.384490966796875
2018-03-09,23.036022186279297
2018-03-12,23.454856872558594
2018-03-13,23.36178207397461
2018-03-14,22.942943572998047
2018-03-15,22.617177963256836
2018-03-16,22.291419982910156
2018-03-19,22.012191772460938
2018-03-20,22.012191772460938
2018-03-21,22.24488067626953
2018-03-22,21.50028419494629
2018-03-23,21.50028419494629
2018-03-26,21.965662002563477
2018-03-27,21.546817779541016
2018-03-28,21.826047897338867
2018-03-29,22.431034088134766
2018-04-02,21.872583389282227
2018-04-03,21.676794052124023
2018-04-04,21.630176544189453
2018-04-05,21.490325927734375
2018-04-06,22.00311279296875
2018-04-09,21.676794052124023
2018-04-10,21.35047149658203
2018-04-11,21.25724220275879
2018-04-12,21.3970947265625
2018-04-13,21.16400909423828
2018-04-16,21.35047149658203
2018-04-17,20.884309768676758
2018-04-18,21.25724220275879
2018-04-19,20.884309768676758
2018-04-20,20.744461059570312
2018-04-23,20.930919647216797
2018-04-24,20.744461059570312
2018-04-25,20.83769416809082
2018-04-26,20.884309768676758
2018-04-27,20.697839736938477
2018-04-30,21.863262176513672
2018-05-01,21.378446578979492
2018-05-02,21.443716049194336
2018-05-03,21.443716049194336
2018-05-04,21.25724220275879
2018-05-07,21.583559036254883
2018-05-08,21.25724220275879
2018-05-09,21.35047149658203
2018-05-10,21.024154663085938
2018-05-11,21.11739158630371
2018-05-14,21.16400909423828
2018-05-15,21.3970947265625
2018-05-16,21.7700252532959
2018-05-17,21.863262176513672
2018-05-18,22.37604331970215
2018-05-21,22.37604331970215
2018-05-22,21.676794052124023
2018-05-23,21.583559036254883
2018-05-24,21.443716049194336
2018-05-25,21.7700252532959
2018-05-29,21.30385971069336
2018-05-30,21.25724220275879
2018-05-31,21.21062469482422
2018-06-01,21.443716049194336
2018-06-04,21.443716049194336
2018-06-05,21.863262176513672
2018-06-06,21.816638946533203
2018-06-07,21.816638946533203
2018-06-08,21.863262176513672
2018-06-11,22.46927833557129
2018-06-12,22.236194610595703
2018-06-13,23.075298309326172
2018-06-14,23.261756896972656
2018-06-15,23.634700775146484
2018-06-18,23.261756896972656
2018-06-19,23.261756896972656
2018-06-20,23.541458129882812
2018-06-21,24.753501892089844
2018-06-22,24.80011749267578
2018-06-25,24.194103240966797
2018-06-26,24.240718841552734
2018-06-27,24.100866317749023
2018-06-28,24.240718841552734
2018-06-29,24.147476196289062
2018-07-02,24.47379493713379
2018-07-03,24.007633209228516
2018-07-05,24.28731918334961
2018-07-06,24.427183151245117
2018-07-09,24.52041244506836
2018-07-10,24.884586334228516
2018-07-11,24.697824478149414
2018-07-12,24.41770362854004
2018-07-13,23.904132843017578
2018-07-16,24.09088706970215
2018-07-17,24.137575149536133
2018-07-18,24.044200897216797
2018-07-19,24.044200897216797
2018-07-20,23.764074325561523
2018-07-23,23.250507354736328
2018-07-24,22.690258026123047
2018-07-25,22.970386505126953
2018-07-26,22.8303165435791
2018-07-27,22.41012954711914
2018-07-30,22.596878051757812
2018-07-31,23.15713119506836
2018-08-01,22.92369270324707
2018-08-02,22.8303165435791
2018-08-03,22.596878051757812
2018-08-06,22.8303165435791
2018-08-07,22.690258026123047
2018-08-08,21.196247100830078
2018-08-09,21.336307525634766
2018-08-10,21.149560928344727
2018-08-13,21.24293327331543
2018-08-14,21.709815979003906
2018-08-15,21.523059844970703
2018-08-16,21.616436004638672
2018-08-17,21.66312026977539
2018-08-20,21.943252563476562
2018-08-21,22.08330726623535
2018-08-22,21.98993682861328
2018-08-23,21.896556854248047
2018-08-24,22.176692962646484
2018-08-27,22.176692962646484
2018-08-28,22.363439559936523
2018-08-29,22.45681381225586
2018-08-30,21.47637176513672
2018-08-31,21.756494522094727
2018-09-04,21.849872589111328
2018-09-05,21.336307525634766
2018-09-06,21.28962516784668
2018-09-07,21.336307525634766
2018-09-10,20.54261589050293
2018-09-11,20.30918312072754
2018-09-12,20.6359920501709
2018-09-13,21.28962516784668
2018-09-14,20.776060104370117
2018-09-17,20.822742462158203
2018-09-18,20.822742462158203
2018-09-19,21.009496688842773
2018-09-20,21.66312026977539
2018-09-21,21.943252563476562
2018-09-24,21.47637176513672
2018-09-25,21.336307525634766
2018-09-26,21.149560928344727
2018-09-27,21.429683685302734
2018-09-28,21.616436004638672
2018-10-01,21.23359489440918
2018-10-02,21.50486183166504
2018-10-03,22.009981155395508
2018-10-04,22.49638557434082
2018-10-05,22.730239868164062
2018-10-08,23.684345245361328
2018-10-09,23.880779266357422
2018-10-10,23.19793701171875
2018-10-11,23.2353572845459
2018-10-12,23.375667572021484
2018-10-15,23.852710723876953
2018-10-16,24.311065673828125
2018-10-17,24.54491424560547
2018-10-18,24.601036071777344
2018-10-19,24.81618309020996
2018-10-22,25.096803665161133
2018-10-23,24.78812026977539
2018-10-24,23.394372940063477
2018-10-25,24.095922470092773
2018-10-26,23.27276611328125
2018-10-29,23.132455825805664
2018-10-30,24.264293670654297
2018-10-31,24.694578170776367
2018-11-01,26.406360626220703
2018-11-02,26.032197952270508
2018-11-05,26.181865692138672
2018-11-06,25.199697494506836
2018-11-07,25.873184204101562
2018-11-08,25.807701110839844
2018-11-09,25.71416473388672
2018-11-12,24.65716552734375
2018-11-13,24.385894775390625
2018-11-14,24.273653030395508
2018-11-15,24.78812026977539
2018-11-16,24.601036071777344
2018-11-19,23.974319458007812
2018-11-20,23.19793701171875
2018-11-21,23.74046516418457
2018-11-23,24.18010711669922
2018-11-26,24.591686248779297
2018-11-27,24.601036071777344
2018-11-28,25.021970748901367
2018-11-29,25.087448120117188
2018-11-30,25.096803665161133
2018-12-03,25.330652236938477
2018-12-04,24.750699996948242
2018-12-06,24.236236572265625
2018-12-07,23.4879093170166
2018-12-10,23.90884017944336
2018-12-11,24.0398006439209
2018-12-12,23.609514236450195
2018-12-13,23.36630630493164
2018-12-14,22.907968521118164
2018-12-17,21.785480499267578
2018-12-18,22.047391891479492
2018-12-19,21.663883209228516
2018-12-20,21.083938598632812
2018-12-21,20.700416564941406
2018-12-24,20.45721435546875
2018-12-26,21.214889526367188
2018-12-27,21.140056610107422
2018-12-28,20.952978134155273
2018-12-31,20.85008430480957
2019-01-02,20.438508987426758
2019-01-03,20.008222579956055
2019-01-04,21.018449783325195
2019-01-07,21.383258819580078
2019-01-08,21.92674446105957
2019-01-09,22.25470542907715
2019-01-10,22.273447036743164
2019-01-11,22.751338958740234
2019-01-14,23.00433921813965
2019-01-15,23.060556411743164
2019-01-16,23.566560745239258
2019-01-17,23.894529342651367
2019-01-18,23.594675064086914
2019-01-22,23.201122283935547
2019-01-23,23.229232788085938
2019-01-24,24.138160705566406
2019-01-25,24.45675277709961
2019-01-28,24.38178825378418
2019-01-29,24.531719207763672
2019-01-30,24.353679656982422
2019-01-31,24.091299057006836
2019-02-01,24.681642532348633
2019-02-04,25.19701385498047
2019-02-05,25.215749740600586
2019-02-06,27.820724487304688
2019-02-07,28.673429489135742
2019-02-08,29.385583877563477
2019-02-11,29.282514572143555
2019-02-12,29.44180679321289
2019-02-13,29.394956588745117
2019-02-14,29.947805404663086
2019-02-15,30.013402938842773
2019-02-19,29.947805404663086
2019-02-20,29.863473892211914
2019-02-21,30.107107162475586
2019-02-22,30.40695571899414
2019-02-25,30.397584915161133
2019-02-26,30.37884521484375
2019-02-27,31.194074630737305
2019-02-28,30.781766891479492
2019-03-01,31.222179412841797
2019-03-04,31.137849807739258
2019-03-05,31.503297805786133
2019-03-06,31.278417587280273
2019-03-07,31.156591415405273
2019-03-08,31.24091911315918
2019-03-11,31.84062385559082
2019-03-12,32.046775817871094
2019-03-13,32.31852722167969
2019-03-14,32.028038024902344
2019-03-15,32.093631744384766
2019-03-18,31.971813201904297
2019-03-19,31.84062385559082
2019-03-20,31.250293731689453
2019-03-21,31.596994400024414
2019-03-22,30.547513961791992
2019-03-25,30.528776168823242
2019-03-26,30.556880950927734
2019-03-27,30.67870330810547
2019-03-28,30.734926223754883
2019-03-29,30.781766891479492
2019-04-01,31.409595489501953
2019-04-02,31.447128295898438
2019-04-03,31.390819549560547
2019-04-04,31.494049072265625
2019-04-05,31.494049072265625
2019-04-08,31.50343894958496
2019-04-09,31.212514877319336
2019-04-10,31.719266891479492
2019-04-11,31.813121795654297
2019-04-12,31.916358947753906
2019-04-15,31.616044998168945
2019-04-16,31.860048294067383
2019-04-17,31.794355392456055
2019-04-18,31.569128036499023
2019-04-22,30.912220001220703
2019-04-23,30.987293243408203
2019-04-24,31.062362670898438
2019-04-25,30.527450561523438
2019-04-26,31.043596267700195
2019-04-29,31.10927963256836
2019-04-30,31.10927963256836
2019-05-01,31.19375228881836
2019-05-02,30.84652328491211
2019-05-03,31.55035972595215
2019-05-06,32.22602462768555
2019-05-07,30.827756881713867
2019-05-08,32.18850326538086
2019-05-09,32.657711029052734
2019-05-10,31.64419937133789
2019-05-13,30.658838272094727
2019-05-14,31.221908569335938
2019-05-15,31.70050811767578
2019-05-16,32.05711364746094
2019-05-17,32.310489654541016
2019-05-20,32.5732536315918
2019-05-21,32.470027923583984
2019-05-22,32.470027923583984
2019-05-23,31.925724029541016
2019-05-24,31.860048294067383
2019-05-28,31.456512451171875
2019-05-29,29.729785919189453
2019-05-30,30.2177734375
2019-05-31,29.86116600036621
2019-06-03,29.898704528808594
2019-06-04,30.818370819091797
2019-06-05,30.630693435668945
2019-06-06,31.03421401977539
2019-06-07,30.489917755126953
2019-06-10,30.236547470092773
2019-06-11,30.762062072753906
2019-06-12,31.024829864501953
2019-06-13,30.921602249145508
2019-06-14,30.611913681030273
2019-06-17,31.315746307373047
2019-06-18,31.606670379638672
2019-06-19,31.67234992980957
2019-06-20,31.69112777709961
2019-06-21,31.68174934387207
2019-06-24,31.353296279907227
2019-06-25,30.236547470092773
2019-06-26,29.701629638671875
2019-06-27,30.827756881713867
2019-06-28,30.611913681030273
2019-07-01,31.70989227294922
2019-07-02,31.935104370117188
2019-07-03,32.08526611328125
2019-07-05,32.545101165771484
2019-07-08,32.55449295043945
2019-07-09,32.601478576660156
2019-07-10,32.41352081298828
2019-07-11,32.7800407409668
2019-07-12,33.36271667480469
2019-07-15,32.9586067199707
2019-07-16,33.31572723388672
2019-07-17,32.9680061340332
2019-07-18,32.65786361694336
2019-07-19,32.563880920410156
2019-07-22,32.845829010009766
2019-07-23,32.35712814331055
2019-07-24,32.46990966796875
2019-07-25,32.61088562011719
2019-07-26,33.32512664794922
2019-07-29,33.372108459472656
2019-07-30,33.89839553833008
2019-07-31,33.531890869140625
2019-08-01,33.42850875854492
2019-08-02,33.5788688659668
2019-08-05,33.14655685424805
2019-08-06,33.437889099121094
2019-08-07,29.36858558654785
2019-08-08,28.635540008544922
2019-08-09,26.85932731628418
2019-08-12,26.69017219543457
2019-08-13,27.06608772277832
2019-08-14,26.079301834106445
2019-08-15,26.26725959777832
2019-08-16,26.47402000427246
2019-08-19,26.755956649780273
2019-08-20,26.746553421020508
2019-08-21,26.934518814086914
2019-08-22,27.301040649414062
2019-08-23,26.85932731628418
2019-08-26,27.648757934570312
2019-08-27,26.85932731628418
2019-08-28,27.06608772277832
2019-08-29,27.432607650756836
2019-08-30,27.442005157470703
2019-09-03,26.878124237060547
2019-09-04,27.911903381347656
2019-09-05,28.616748809814453
2019-09-06,28.522769927978516
2019-09-09,28.814105987548828
2019-09-10,28.36300277709961
2019-09-11,28.823511123657227
2019-09-12,28.17504119873047
2019-09-13,27.78972625732422
2019-09-16,27.39501953125
2019-09-17,27.498397827148438
2019-09-18,27.479597091674805
2019-09-19,26.85932731628418
2019-09-20,27.263446807861328
2019-09-23,27.78972625732422
2019-09-24,27.432607650756836
2019-09-25,27.55478286743164
2019-09-26,27.301040649414062
2019-09-27,27.169464111328125
2019-09-30,26.765356063842773
2019-10-01,26.671207427978516
2019-10-02,26.59589195251465
2019-10-03,26.369943618774414
2019-10-04,27.311391830444336
2019-10-07,27.330224990844727
2019-10-08,26.737112045288086
2019-10-09,26.51116180419922
2019-10-10,26.492334365844727
2019-10-11,26.953645706176758
2019-10-14,26.859498977661133
2019-10-15,27.010135650634766
2019-10-16,27.010135650634766
2019-10-17,27.81977081298828
2019-10-18,27.979816436767578
2019-10-21,27.960988998413086
2019-10-22,28.3846435546875
2019-10-23,28.77063751220703
2019-10-24,29.081317901611328
2019-10-25,29.354339599609375
2019-10-28,29.712080001831055
2019-10-29,29.69325828552246
2019-10-30,29.504961013793945
2019-10-31,29.09072494506836
2019-11-01,29.31667137145996
2019-11-04,29.975690841674805
2019-11-05,30.05100440979004
2019-11-06,28.893024444580078
2019-11-07,28.441131591796875
2019-11-08,29.1566219329834
2019-11-11,29.363750457763672
2019-11-12,29.005992889404297
2019-11-13,29.118968963623047
2019-11-14,29.33550262451172
2019-11-15,29.740327835083008
2019-11-18,29.872129440307617
2019-11-19,29.919198989868164
2019-11-20,29.401403427124023
2019-11-21,29.081317901611328
2019-11-22,29.410818099975586
2019-11-25,29.881546020507812
2019-11-26,30.28636360168457
2019-11-27,30.28636360168457
2019-11-29,30.36168098449707
2019-12-02,30.408754348754883
2019-12-03,29.401403427124023
2019-12-04,29.23194122314453
2019-12-05,29.975690841674805
2019-12-06,30.455827713012695
2019-12-09,30.38991928100586
2019-12-10,30.455827713012695
2019-12-11,30.455827713012695
2019-12-12,31.369028091430664
2019-12-13,30.804161071777344
2019-12-16,30.935964584350586
2019-12-17,31.058364868164062
2019-12-18,31.444351196289062
2019-12-19,31.284297943115234
2019-12-20,30.78533935546875
2019-12-23,30.775924682617188
2019-12-24,30.540557861328125
2019-12-26,30.728851318359375
2019-12-27,30.17339515686035
2019-12-30,30.267541885375977
2019-12-31,30.28636360168457
2020-01-02,30.681781768798828
2020-01-03,30.85123634338379
2020-01-06,30.898305892944336
2020-01-07,30.606016159057617
2020-01-08,30.68144416809082
2020-01-09,29.719703674316406
2020-01-10,29.465124130249023
2020-01-13,29.70083999633789
2020-01-14,31.06803321838379
2020-01-15,31.332029342651367
2020-01-16,31.718610763549805
2020-01-17,31.926048278808594
2020-01-21,31.746902465820312
2020-01-22,31.86946678161621
2020-01-23,31.633750915527344
2020-01-24,30.813447952270508
2020-01-27,30.8228816986084
2020-01-28,30.92659568786621
2020-01-29,30.342002868652344
2020-01-30,30.709726333618164
2020-01-31,30.181711196899414
2020-02-03,30.29486083984375
2020-02-04,31.82234001159668
2020-02-05,32.24662780761719
2020-02-06,36.348167419433594
2020-02-07,35.28272247314453
2020-02-10,35.914451599121094
2020-02-11,36.4518928527832
2020-02-12,36.7630500793457
2020-02-13,37.02705383300781
2020-02-14,37.03648376464844
2020-02-18,37.32877731323242
2020-02-19,37.404205322265625
2020-02-20,37.357059478759766
2020-02-21,36.9704704284668
2020-02-24,36.19730758666992
2020-02-25,35.19785690307617
2020-02-26,35.28272247314453
2020-02-27,34.962135314941406
2020-02-28,35.3204231262207
2020-03-02,35.14128494262695
2020-03-03,34.707557678222656
2020-03-04,35.99930953979492
2020-03-05,35.23556900024414
2020-03-06,35.33927917480469
2020-03-09,31.926048278808594
2020-03-10,33.44409942626953
2020-03-11,31.907190322875977
2020-03-12,29.870561599731445
2020-03-13,31.26603889465332
2020-03-16,29.135116577148438
2020-03-17,30.747438430786133
2020-03-18,26.83447265625
2020-03-19,27.65478515625
2020-03-20,27.522783279418945
2020-03-23,27.551063537597656
2020-03-24,29.974281311035156
2020-03-25,30.64372444152832
2020-03-26,30.99258804321289
2020-03-27,30.2760066986084
2020-03-30,30.106281280517578
2020-03-31,28.955968856811523
2020-04-01,26.81561851501465
2020-04-02,27.28706169128418
2020-04-03,26.994770050048828
2020-04-06,29.021968841552734
2020-04-07,29.447093963623047
2020-04-08,30.17452621459961
2020-04-09,29.031414031982422
2020-04-13,30.637453079223633
2020-04-14,30.439054489135742
2020-04-15,29.390411376953125
2020-04-16,29.37152099609375
2020-04-17,29.919458389282227
2020-04-20,29.324277877807617
2020-04-21,28.31342315673828
2020-04-22,27.77492904663086
2020-04-23,28.521268844604492
2020-04-24,28.908601760864258
2020-04-27,29.654939651489258
2020-04-28,29.947799682617188
2020-04-29,30.939760208129883
2020-04-30,30.722475051879883
2020-05-01,30.656347274780273
2020-05-04,30.599658966064453
2020-05-05,31.516042709350586
2020-05-06,32.88589096069336
2020-05-07,33.15986633300781
2020-05-08,33.81172180175781
2020-05-11,34.104583740234375
2020-05-12,35.08709716796875
2020-05-13,34.114036560058594
2020-05-14,34.40690612792969
2020-05-15,34.74700164794922
2020-05-18,35.49333572387695
2020-05-19,35.07765579223633
2020-05-20,34.586402893066406
2020-05-21,36.069618225097656
2020-05-22,36.192440032958984
2020-05-26,37.12771224975586
2020-05-27,37.259979248046875
2020-05-28,36.48530197143555
2020-05-29,37.06157302856445
2020-06-01,37.231632232666016
2020-06-02,37.666202545166016
2020-06-03,38.77154541015625
2020-06-04,38.27082443237305
2020-06-05,39.18721008300781
2020-06-08,38.478675842285156
2020-06-09,38.37474060058594
2020-06-10,39.092742919921875
2020-06-11,37.845703125
2020-06-12,38.31806564331055
2020-06-15,39.480079650878906
2020-06-16,39.66902542114258
2020-06-17,40.41535568237305
2020-06-18,40.19806671142578
2020-06-19,39.5839958190918
2020-06-22,39.9429931640625
2020-06-23,40.188629150390625
2020-06-24,39.404502868652344
2020-06-25,40.07525634765625
2020-06-26,39.480079650878906
2020-06-29,39.83906936645508
2020-06-30,39.70681381225586
2020-07-01,40.26420211791992
2020-07-02,39.49898147583008
2020-07-06,40.320884704589844
2020-07-07,40.443702697753906
2020-07-08,40.642093658447266
2020-07-09,40.320438385009766
2020-07-10,40.906982421875
2020-07-13,39.847412109375
2020-07-14,41.05835723876953
2020-07-15,41.75841522216797
2020-07-16,42.382808685302734
2020-07-17,43.27210998535156
2020-07-20,42.76123046875
2020-07-21,43.177490234375
2020-07-22,42.420658111572266
2020-07-23,41.90034103393555
2020-07-24,42.572025299072266
2020-07-27,43.366703033447266
2020-07-28,42.695011138916016
2020-07-29,43.3477783203125
2020-07-30,43.555908203125
2020-07-31,43.65052032470703
2020-08-03,43.42346954345703
2020-08-04,44.26545333862305
2020-08-05,44.8236083984375
2020-08-06,43.972164154052734
2020-08-07,43.14910888671875
2020-08-10,42.0989990234375
2020-08-11,41.190799713134766
2020-08-12,41.134033203125
2020-08-13,42.40172576904297
2020-08-14,42.108463287353516
2020-08-17,41.966552734375
2020-08-18,41.61650466918945
2020-08-19,41.635440826416016
2020-08-20,41.90034103393555
2020-08-21,41.228641510009766
2020-08-24,41.15296936035156
2020-08-25,40.679927825927734
2020-08-26,40.82184600830078
2020-08-27,41.02997589111328
2020-08-28,41.436771392822266
2020-08-31,40.992130279541016
2020-09-01,41.36109161376953
2020-09-02,41.294857025146484
2020-09-03,40.9259033203125
2020-09-04,40.992130279541016
2020-09-08,40.8313102722168
2020-09-09,41.521907806396484
2020-09-10,41.001583099365234
2020-09-11,41.05835723876953
2020-09-14,40.963741302490234
2020-09-15,39.73389434814453
2020-09-16,39.9420166015625
2020-09-17,40.008243560791016
2020-09-18,39.61090087890625
2020-09-21,39.95147705078125
2020-09-22,40.38665771484375
2020-09-23,39.31763458251953
2020-09-24,39.213565826416016
2020-09-25,39.28923797607422
2020-09-28,39.9609375
2020-09-29,39.714962005615234
2020-09-30,40.48126983642578
2020-10-01,41.502986907958984
2020-10-02,41.115108489990234
2020-10-05,43.4423828125
2020-10-06,43.1108283996582
2020-10-07,43.129783630371094
2020-10-08,43.15819549560547
2020-10-09,41.5193977355957
2020-10-12,40.591068267822266
2020-10-13,41.064697265625
2020-10-14,42.769813537597656
2020-10-15,43.167667388916016
2020-10-16,41.72779846191406
2020-10-19,41.50045394897461
2020-10-20,40.998390197753906
2020-10-21,41.8983154296875
2020-10-22,39.7858772277832
2020-10-23,39.89954376220703
2020-10-26,38.99962615966797
2020-10-27,39.07540512084961
2020-10-28,38.22285461425781
2020-10-29,38.00497817993164
2020-10-30,37.5692253112793
2020-11-02,38.336524963378906
2020-11-03,38.4312629699707
2020-11-04,39.26487731933594
2020-11-05,37.17137145996094
2020-11-06,37.47450256347656
2020-11-09,36.83982849121094
2020-11-10,36.27145004272461
2020-11-11,36.49879455566406
2020-11-12,36.782989501953125
2020-11-13,37.654483795166016
2020-11-16,38.81017303466797
2020-11-17,39.823760986328125
2020-11-18,37.82500457763672
2020-11-19,37.94813919067383
2020-11-20,38.41230773925781
2020-11-23,38.838584899902344
2020-11-24,39.018577575683594
2020-11-25,39.6153564453125
2020-11-27,39.88059997558594
2020-11-30,40.64790344238281
2020-12-01,42.40037536621094
2020-12-02,42.78874969482422
2020-12-03,43.878135681152344
2020-12-04,44.778045654296875
2020-12-07,44.275997161865234
2020-12-08,44.25703811645508
2020-12-09,47.61042022705078
2020-12-10,48.34931182861328
2020-12-11,48.159854888916016
2020-12-14,47.667266845703125
2020-12-15,47.44940185546875
2020-12-16,47.16520309448242
2020-12-17,47.20309829711914
2020-12-18,46.388431549072266
2020-12-21,45.96215057373047
2020-12-22,46.71997833251953
2020-12-23,47.58200454711914
2020-12-24,48.64296340942383
2020-12-28,48.89872360229492
2020-12-29,48.79453659057617
2020-12-30,48.87031173706055
2020-12-31,49.04082107543945
2021-01-04,46.60630798339844
2021-01-05,45.610443115234375
2021-01-06,45.8570442199707
2021-01-07,45.164676666259766
2021-01-08,45.563026428222656
2021-01-11,45.84755325317383
2021-01-12,44.557674407958984
2021-01-13,45.61993408203125
2021-01-14,46.577857971191406
2021-01-15,46.492496490478516
2021-01-19,45.89496994018555
2021-01-20,46.5399169921875
2021-01-21,47.393516540527344
2021-01-22,47.289188385009766
2021-01-25,50.62769317626953
2021-01-26,53.26435089111328
2021-01-27,52.164161682128906
2021-01-28,47.42195510864258
2021-01-29,47.033103942871094
2021-02-01,47.21331024169922
2021-02-02,48.07638931274414
2021-02-03,48.493709564208984
2021-02-04,49.015342712402344
2021-02-05,48.19020462036133
2021-02-08,47.981544494628906
2021-02-09,47.17536926269531
2021-02-10,46.672698974609375
2021-02-11,46.90981674194336
2021-02-12,46.38816833496094
2021-02-16,46.464046478271484
2021-02-17,47.11845779418945
2021-02-18,47.27021789550781
2021-02-19,48.36091995239258
2021-02-22,49.0722541809082
2021-02-23,49.859458923339844
2021-02-24,49.58441162109375
2021-02-25,49.25245666503906
2021-02-26,48.53164291381836
2021-03-01,52.173641204833984
2021-03-02,50.978607177734375
2021-03-03,49.46111297607422
2021-03-04,47.858245849609375
2021-03-05,48.10484313964844
2021-03-08,46.87186050415039
2021-03-09,47.9151496887207
2021-03-10,47.820308685302734
2021-03-11,48.692874908447266
2021-03-12,48.07638931274414
2021-03-15,47.49783706665039
2021-03-16,48.27555465698242
2021-03-17,47.61165237426758
2021-03-18,46.113121032714844
2021-03-19,47.35558319091797
2021-03-22,47.55474853515625
2021-03-23,45.771671295166016
2021-03-24,44.65251922607422
2021-03-25,45.78116226196289
2021-03-26,46.32177734375
2021-03-29,46.530433654785156
2021-03-30,47.18486022949219
2021-03-31,48.01000213623047
2021-04-01,47.88670349121094
2021-04-05,47.545265197753906
2021-04-06,47.070377349853516
2021-04-07,46.40554428100586
2021-04-08,45.91166305541992
2021-04-09,45.940162658691406
2021-04-12,45.62673568725586
2021-04-13,45.67422103881836
2021-04-14,45.645729064941406
2021-04-15,46.70947265625
2021-04-16,46.595497131347656
2021-04-19,46.70947265625
2021-04-20,46.04463577270508
2021-04-21,45.60773468017578
2021-04-22,45.930660247802734
2021-04-23,44.86692810058594
2021-04-26,44.857421875
2021-04-27,44.15460968017578
2021-04-28,43.537254333496094
2021-04-29,43.39478302001953
2021-04-30,43.12884521484375
2021-05-03,43.31880569458008
2021-05-04,42.596981048583984
2021-05-05,41.00137710571289
2021-05-06,42.07460021972656
2021-05-07,42.85342025756836
2021-05-10,42.50200653076172
2021-05-11,41.865665435791016
2021-05-12,40.441017150878906
2021-05-13,40.29854965209961
2021-05-14,40.782920837402344
2021-05-17,40.45051193237305
2021-05-18,40.27955627441406
2021-05-19,39.80467224121094
2021-05-20,40.896915435791016
2021-05-21,39.652713775634766
2021-05-24,40.23207473754883
2021-05-25,41.400264739990234
2021-05-26,40.41252136230469
2021-05-27,40.97288513183594
2021-05-28,40.66895294189453
2021-06-01,40.982383728027344
2021-06-02,40.820926666259766
2021-06-03,40.01361846923828
2021-06-04,39.70970153808594
2021-06-07,40.25107192993164
2021-06-08,39.66221237182617
2021-06-09,39.79518508911133
2021-06-10,39.747684478759766
2021-06-11,39.37727737426758
2021-06-14,38.65545654296875
2021-06-15,39.481754302978516
2021-06-16,38.0950813293457
2021-06-17,38.29454803466797
2021-06-18,38.864410400390625
2021-06-21,40.02312088012695
2021-06-22,40.50750732421875
2021-06-23,40.441017150878906
2021-06-24,40.75444030761719
2021-06-25,41.903656005859375
2021-06-28,42.122093200683594
2021-06-29,41.400264739990234
2021-06-30,41.36228561401367
2021-07-01,42.10310363769531
2021-07-02,41.761192321777344
2021-07-06,41.02037048339844
2021-07-07,40.83991241455078
2021-07-08,40.41252136230469
2021-07-09,41.1640739440918
2021-07-12,41.0594367980957
2021-07-13,40.88819122314453
2021-07-14,40.7359733581543
2021-07-15,40.726463317871094
2021-07-16,40.63134002685547
2021-07-19,40.612300872802734
2021-07-20,40.22225570678711
2021-07-21,40.0510139465332
2021-07-22,39.99394226074219
2021-07-23,41.11650466918945
2021-07-26,41.325801849365234
2021-07-27,41.62071228027344
2021-07-28,42.13444137573242
2021-07-29,41.7253532409668
2021-07-30,41.64925003051758
2021-08-02,41.344825744628906
2021-08-03,41.106990814208984
2021-08-04,44.255897521972656
2021-08-05,44.62690734863281
2021-08-06,45.45457458496094
2021-08-09,45.1311149597168
2021-08-10,45.28333282470703
2021-08-11,44.902801513671875
2021-08-12,46.02536392211914
2021-08-13,45.5782470703125
2021-08-16,45.96829605102539
2021-08-17,46.24418258666992
2021-08-18,46.291744232177734
2021-08-19,46.158565521240234
2021-08-20,47.38577651977539
2021-08-23,47.88998031616211
2021-08-24,48.18489456176758
2021-08-25,48.12781524658203
2021-08-26,48.00414276123047
2021-08-27,48.27051544189453
2021-08-30,48.061222076416016
2021-08-31,48.308563232421875
2021-09-01,48.945953369140625
2021-09-02,50.087562561035156
2021-09-03,49.20281219482422
2021-09-07,48.755699157714844
2021-09-08,48.39418029785156
2021-09-09,47.93754196166992
2021-09-10,48.089759826660156
2021-09-13,47.37626266479492
2021-09-14,47.06232833862305
2021-09-15,47.128910064697266
2021-09-16,46.32979965209961
2021-09-17,46.30125427246094
2021-09-20,46.32979965209961
2021-09-21,47.38577651977539
2021-09-22,47.737770080566406
2021-09-23,48.67007064819336
2021-09-24,48.85082244873047
2021-09-27,49.012550354003906
2021-09-28,47.77582931518555
2021-09-29,47.40480041503906
2021-09-30,46.87205505371094
2021-10-01,47.19550704956055
2021-10-04,46.8435173034668
2021-10-05,47.51896667480469
2021-10-06,49.10768127441406
2021-10-07,49.77452087402344
2021-10-08,50.50803756713867
2021-10-11,50.24130630493164
2021-10-12,49.7840461730957
2021-10-13,50.479469299316406
2021-10-14,51.75597381591797
2021-10-15,50.603294372558594
2021-10-18,51.41303253173828
2021-10-19,51.68928909301758
2021-10-20,51.851226806640625
2021-10-21,52.394229888916016
2021-10-22,52.394229888916016
2021-10-25,52.156070709228516
2021-10-26,52.394229888916016
2021-10-27,50.974822998046875
2021-10-28,51.508296966552734
2021-10-29,52.003658294677734
2021-11-01,52.42280960083008
2021-11-02,53.15632247924805
2021-11-03,48.06932830810547
2021-11-04,48.80283737182617
2021-11-05,47.764488220214844
2021-11-08,47.11670684814453
2021-11-09,46.678489685058594
2021-11-10,45.30672073364258
2021-11-11,45.802085876464844
2021-11-12,45.630611419677734
2021-11-15,45.99259948730469
2021-11-16,46.13550567626953
2021-11-17,45.42103576660156
2021-11-18,45.12572479248047
2021-11-19,44.50651550292969
2021-11-22,44.87804412841797
2021-11-23,43.83015823364258
2021-11-24,43.973052978515625
2021-11-26,45.10667037963867
2021-11-29,44.963775634765625
2021-11-30,45.24956512451172
2021-12-01,43.51579284667969
2021-12-02,44.792301177978516
2021-12-03,45.22098922729492
2021-12-06,44.36362075805664
2021-12-07,44.19215774536133
2021-12-08,44.601776123046875
2021-12-09,43.28715896606445
2021-12-10,42.82990646362305
2021-12-13,43.02043914794922
2021-12-14,42.52505874633789
2021-12-15,42.73463439941406
2021-12-16,43.010902404785156
2021-12-17,43.4586296081543
2021-12-20,43.1633186340332
2021-12-21,44.277889251708984
2021-12-22,44.43983840942383
2021-12-23,45.135250091552734
2021-12-27,45.382930755615234
2021-12-28,45.459136962890625
2021-12-29,45.468658447265625
2021-12-30,45.935455322265625
2021-12-31,46.01165771484375
2022-01-03,45.91640090942383
2022-01-04,44.98147964477539
2022-01-05,43.579078674316406
2022-01-06,45.62065887451172
2022-01-07,40.74568176269531
2022-01-10,40.54533386230469
2022-01-11,42.31978988647461
2022-01-12,42.195762634277344
2022-01-13,41.34669876098633
2022-01-14,41.06050109863281
2022-01-18,39.76305389404297
2022-01-19,39.7725944519043
2022-01-20,38.875823974609375
2022-01-21,37.950435638427734
2022-01-24,37.74055099487305
2022-01-25,36.500343322753906
2022-01-26,35.947021484375
2022-01-27,35.86116027832031
2022-01-28,36.93919372558594
2022-01-31,38.188941955566406
2022-02-01,39.362361907958984
2022-02-02,39.658111572265625
2022-02-03,39.66765213012695
2022-02-04,39.81074905395508
2022-02-07,38.828121185302734
2022-02-08,38.99029541015625
2022-02-09,40.49763870239258
2022-02-10,39.314659118652344
2022-02-11,39.78213119506836
2022-02-14,40.211429595947266
2022-02-15,41.155906677246094
2022-02-16,40.96509552001953
2022-02-17,39.705806732177734
2022-02-18,39.53408432006836
2022-02-22,39.60086441040039
2022-02-23,38.54191589355469
2022-02-24,40.7170524597168
2022-02-25,41.7664680480957
2022-02-28,41.96680450439453
2022-03-01,41.155906677246094
2022-03-02,42.3388786315918
2022-03-03,42.63460159301758
2022-03-04,43.9034423828125
2022-03-07,42.93035125732422
2022-03-08,43.8462028503418
2022-03-09,44.809749603271484
2022-03-10,44.647560119628906
2022-03-11,43.2737922668457
2022-03-14,41.5947380065918
2022-03-15,41.74737548828125
2022-03-16,43.092533111572266
2022-03-17,43.083003997802734
2022-03-18,42.93988800048828
2022-03-21,42.34840774536133
2022-03-22,42.443809509277344
2022-03-23,43.359657287597656
2022-03-24,44.189640045166016
2022-03-25,44.89561462402344
2022-03-28,44.8479118347168
2022-03-29,44.57125473022461
2022-03-30,44.61894607543945
2022-03-31,43.73172378540039
2022-04-01,43.93206787109375
2022-04-04,44.666648864746094
2022-04-05,44.10270309448242
2022-04-06,43.959320068359375
2022-04-07,43.25199890136719
2022-04-08,43.2424430847168
2022-04-11,43.16597366333008
2022-04-12,42.72628402709961
2022-04-13,43.17552947998047
2022-04-14,41.96160888671875
2022-04-18,41.76087951660156
2022-04-19,42.33439254760742
2022-04-20,41.80867385864258
2022-04-21,39.79183578491211
2022-04-22,38.69260787963867
2022-04-25,38.41541290283203
2022-04-26,37.421348571777344
2022-04-27,37.25885009765625
2022-04-28,38.157344818115234
2022-04-29,36.627986907958984
2022-05-02,38.252925872802734
2022-05-03,37.14413833618164
2022-05-04,37.7463264465332
2022-05-05,34.25749206542969
2022-05-06,32.84284591674805
2022-05-09,32.030372619628906
2022-05-10,31.734058380126953
2022-05-11,30.8355712890625
2022-05-12,31.29437828063965
2022-05-13,32.05904769897461
2022-05-16,31.791412353515625
2022-05-17,32.33625411987305
2022-05-18,31.877445220947266
2022-05-19,32.298011779785156
2022-05-20,32.785499572753906
2022-05-23,32.76637649536133
2022-05-24,31.112760543823242
2022-05-25,31.619367599487305
2022-05-26,31.74361801147461
2022-05-27,32.9193115234375
2022-05-31,32.967105865478516
2022-06-01,32.68990707397461
2022-06-02,33.15827560424805
2022-06-03,32.747257232666016
2022-06-06,32.833290100097656
2022-06-07,33.02444839477539
2022-06-08,32.76637649536133
2022-06-09,31.944339752197266
2022-06-10,31.31348419189453
2022-06-13,27.7099552154541
2022-06-14,27.47099494934082
2022-06-15,28.713592529296875
2022-06-16,28.149641036987305
2022-06-17,28.388601303100586
2022-06-21,27.805538177490234
2022-06-22,27.002628326416016
2022-06-23,27.977590560913086
2022-06-24,28.350372314453125
2022-06-27,28.254785537719727
2022-06-28,27.2702693939209
2022-06-29,27.193798065185547
2022-06-30,26.66808319091797
2022-07-01,27.33717155456543
2022-07-05,27.853330612182617
2022-07-06,27.910682678222656
2022-07-07,28.388601303100586
2022-07-08,28.283143997192383
2022-07-11,27.68871307373047
2022-07-12,27.976341247558594
2022-07-13,27.60243034362793
2022-07-14,27.34356689453125
2022-07-15,28.398193359375
2022-07-18,28.379018783569336
2022-07-19,29.35694122314453
2022-07-20,29.54869270324707
2022-07-21,29.491167068481445
2022-07-22,29.73085594177246
2022-07-25,29.510339736938477
2022-07-26,28.551593780517578
2022-07-27,30.286930084228516
2022-07-28,30.584142684936523
2022-07-29,30.632078170776367
2022-08-01,30.238990783691406
2022-08-02,29.85548973083496
2022-08-03,29.539104461669922
2022-08-04,29.57745361328125
2022-08-05,29.711679458618164
2022-08-08,29.692502975463867
2022-08-09,29.3377685546875
2022-08-10,30.3828067779541
2022-08-11,33.60420227050781
2022-08-12,32.34824752807617
2022-08-15,31.907215118408203
2022-08-16,31.638761520385742
2022-08-17,31.207324981689453
2022-08-18,31.13063621520996
2022-08-19,30.78548240661621
2022-08-22,30.210227966308594
2022-08-23,30.037656784057617
2022-08-24,29.826732635498047
2022-08-25,30.670427322387695
2022-08-26,29.86507797241211
2022-08-29,29.184368133544922
2022-08-30,29.31859016418457
2022-08-31,29.2323055267334
2022-09-01,29.692502975463867
2022-09-02,29.38570785522461
2022-09-06,28.50365447998047
2022-09-07,29.193950653076172
2022-09-08,29.299413681030273
2022-09-09,30.46908950805664
2022-09-12,30.430744171142578
2022-09-13,29.72126579284668
2022-09-14,29.31859016418457
2022-09-15,29.61580467224121
2022-09-16,28.685815811157227
2022-09-19,28.839218139648438
2022-09-20,28.369428634643555
2022-09-21,27.91881561279297
2022-09-22,27.525726318359375
2022-09-23,26.816253662109375
2022-09-26,26.777904510498047
2022-09-27,27.238101959228516
2022-09-28,27.985925674438477
2022-09-29,27.439441680908203
2022-09-30,27.564077377319336
2022-10-03,28.31190299987793
2022-10-04,29.12684440612793
2022-10-05,28.88715362548828
2022-10-06,28.896770477294922
2022-10-07,28.252483367919922
2022-10-10,28.03131103515625
2022-10-11,28.41595458984375
2022-10-12,27.95438003540039
2022-10-13,28.790990829467773
2022-10-14,28.252483367919922
2022-10-17,29.02178382873535
2022-10-18,29.28141975402832
2022-10-19,28.906387329101562
2022-10-20,28.319801330566406
2022-10-21,28.12746810913086
2022-10-24,27.540882110595703
2022-10-25,28.165939331054688
2022-10-26,28.17555046081543
2022-10-27,27.377403259277344
2022-10-28,27.877450942993164
2022-10-31,27.84859848022461
2022-11-01,28.021690368652344
2022-11-02,30.089181900024414
2022-11-03,31.531620025634766
2022-11-04,31.762405395507812
2022-11-07,32.560550689697266
2022-11-08,33.25292205810547
2022-11-09,32.58940505981445
2022-11-10,34.012603759765625
2022-11-11,34.95499038696289
2022-11-14,34.48379898071289
2022-11-15,35.070396423339844
2022-11-16,34.54149627685547
2022-11-17,34.493412017822266
2022-11-18,34.32032775878906
2022-11-21,33.45486068725586
2022-11-22,33.94528579711914
2022-11-23,33.84912872314453
2022-11-25,33.72412109375
2022-11-28,33.70487594604492
2022-11-29,33.810665130615234
2022-11-30,35.24348831176758
2022-12-01,34.62804412841797
2022-12-02,34.05106735229492
2022-12-05,33.68564987182617
2022-12-06,33.21446228027344
2022-12-07,33.185604095458984
2022-12-08,32.97405242919922
2022-12-09,33.50293731689453
2022-12-12,33.15675735473633
2022-12-13,33.25292205810547
2022-12-14,33.262535095214844
2022-12-15,32.175907135009766
2022-12-16,31.18543243408203
2022-12-19,30.82001495361328
2022-12-20,31.079652786254883
2022-12-21,31.18543243408203
2022-12-22,31.396991729736328
2022-12-23,31.772018432617188
2022-12-27,31.233510971069336
2022-12-28,30.82963752746582
2022-12-29,31.281597137451172
2022-12-30,31.214279174804688
2023-01-03,31.870006561279297
2023-01-04,32.303932189941406
2023-01-05,32.41000747680664
2023-01-06,32.59321975708008
2023-01-09,32.622154235839844
2023-01-10,33.24894332885742
2023-01-11,33.31644058227539
2023-01-12,32.90179443359375
2023-01-13,32.88250732421875
2023-01-17,32.872867584228516
2023-01-18,32.59321975708008
2023-01-19,31.638578414916992
2023-01-20,32.31357955932617
2023-01-23,33.104305267333984
2023-01-24,33.104305267333984
2023-01-25,33.20073318481445
2023-01-26,33.37430191040039
2023-01-27,33.422515869140625
2023-01-30,33.18144607543945
2023-01-31,33.59608840942383
2023-02-01,34.377174377441406
2023-02-02,35.40896987915039
2023-02-03,35.351112365722656
2023-02-06,35.061824798583984
2023-02-07,35.399330139160156
2023-02-08,39.66152572631836
2023-02-09,38.68758010864258
2023-02-10,38.07042694091797
2023-02-13,38.0029296875
2023-02-14,38.456146240234375
2023-02-15,38.43686294555664
2023-02-16,38.2150764465332
2023-02-17,38.95758056640625
2023-02-21,38.735782623291016
2023-02-22,38.542938232421875
2023-02-23,38.1572151184082
2023-02-24,37.65578842163086
2023-02-27,37.37614059448242
2023-02-28,37.12541961669922
2023-03-01,37.34720993041992
2023-03-02,37.62685775756836
2023-03-03,37.93543243408203
2023-03-06,37.27006149291992
2023-03-07,36.75897979736328
2023-03-08,36.180397033691406
2023-03-09,35.34147262573242
2023-03-10,35.17753982543945
2023-03-13,34.63753128051758
2023-03-14,34.878604888916016
2023-03-15,35.21611404418945
2023-03-16,35.6982536315918
2023-03-17,35.543968200683594
2023-03-20,36.53719711303711
2023-03-21,37.37614059448242
2023-03-22,36.382911682128906
2023-03-23,36.32504653930664
2023-03-24,35.65004348754883
2023-03-27,36.08397674560547
2023-03-28,36.1707649230957
2023-03-29,36.82648468017578
2023-03-30,36.53719711303711
2023-03-31,37.491844177246094
2023-04-03,37.27970504760742
2023-04-04,37.56014633178711
2023-04-05,37.569820404052734
2023-04-06,37.637508392333984
2023-04-10,38.25642395019531
2023-04-11,38.14037322998047
2023-04-12,37.90827941894531
2023-04-13,38.57554626464844
2023-04-14,38.56588363647461
2023-04-17,39.01072311401367
2023-04-18,38.33378982543945
2023-04-19,38.37247085571289
2023-04-20,38.31444549560547
2023-04-21,38.536865234375
2023-04-24,38.459510803222656
2023-04-25,37.90827941894531
2023-04-26,37.61817932128906
2023-04-27,37.898616790771484
2023-04-28,38.44017028808594
2023-05-01,38.78830337524414
2023-05-02,38.13071060180664
2023-05-03,38.217735290527344
2023-05-04,37.71488571166992
2023-05-05,38.643245697021484
2023-05-08,38.58522033691406
2023-05-09,37.888946533203125
2023-05-10,34.94911575317383
2023-05-11,34.9878044128418
2023-05-12,35.471317291259766
2023-05-15,35.432640075683594
2023-05-16,34.96846008300781
2023-05-17,35.49066925048828
2023-05-18,35.277915954589844
2023-05-19,34.842742919921875
2023-05-22,35.41330337524414
2023-05-23,35.161869049072266
2023-05-24,34.59130859375
2023-05-25,34.65900421142578
2023-05-26,34.736366271972656
2023-05-30,34.44625473022461
2023-05-31,34.252838134765625
2023-06-01,34.8040657043457
2023-06-02,35.6840705871582
2023-06-05,35.248905181884766
2023-06-06,35.364959716796875
2023-06-07,35.838809967041016
2023-06-08,35.819461822509766
2023-06-09,35.606712341308594
2023-06-12,35.87748718261719
2023-06-13,36.1676025390625
2023-06-14,35.7324333190918
2023-06-15,36.13859558105469
2023-06-16,36.380348205566406
2023-06-20,36.27397155761719
2023-06-21,36.438377380371094
2023-06-22,36.380348205566406
2023-06-23,36.35134506225586
2023-06-26,36.89289093017578
2023-06-27,37.61817932128906
2023-06-28,38.34346389770508
2023-06-29,38.35313034057617
2023-06-30,38.08235549926758
2023-07-03,38.49818801879883
2023-07-05,38.401485443115234
2023-07-06,38.411155700683594
2023-07-07,38.6239013671875
2023-07-10,39.39968490600586
2023-07-11,40.27241897583008
2023-07-12,40.718502044677734
2023-07-13,40.55364227294922
2023-07-14,40.24333572387695
2023-07-17,40.24333572387695
2023-07-18,41.3391227722168
2023-07-19,40.602134704589844
2023-07-20,40.650611877441406
2023-07-21,39.44816589355469
2023-07-24,38.866329193115234
2023-07-25,39.186344146728516
2023-07-26,39.525733947753906
2023-07-27,38.711177825927734
2023-07-28,39.00209045410156
2023-07-31,39.525733947753906
2023-08-01,39.215431213378906
2023-08-02,39.3317985534668
2023-08-03,38.846946716308594
2023-08-04,39.069976806640625
2023-08-07,39.583919525146484
2023-08-08,42.9488525390625
2023-08-09,42.56096267700195
2023-08-10,42.79369354248047
2023-08-11,43.00703430175781
2023-08-14,42.677330017089844
2023-08-15,41.659122467041016
2023-08-16,41.29063415527344
2023-08-17,40.73788833618164
2023-08-18,41.756099700927734
2023-08-21,41.232452392578125
2023-08-22,41.16456985473633
2023-08-23,41.630035400390625
2023-08-24,41.19365692138672
2023-08-25,41.31002426147461
2023-08-28,41.407005310058594
2023-08-29,41.794883728027344
2023-08-30,42.5706672668457
2023-08-31,42.9294548034668
2023-09-01,42.9488525390625
2023-09-05,42.502784729003906
2023-09-06,43.3270378112793
2023-09-07,43.2591667175293
2023-09-08,42.900367736816406
2023-09-11,42.91975402832031
2023-09-12,42.62884521484375
2023-09-13,42.03731918334961
2023-09-14,41.99853515625
2023-09-15,41.16456985473633
2023-09-18,40.99971389770508
2023-09-19,41.01910400390625
2023-09-20,40.28212356567383
2023-09-21,40.75728988647461
2023-09-22,40.107574462890625
2023-09-25,39.93302917480469
2023-09-26,39.22513198852539
2023-09-27,39.370582580566406
2023-09-28,39.80696105957031
2023-09-29,39.952415466308594
2023-10-02,40.029998779296875
2023-10-03,39.836055755615234
2023-10-04,40.650611877441406
2023-10-05,39.82636260986328
2023-10-06,39.89441680908203
2023-10-09,40.7111701965332
2023-10-10,41.2653923034668
2023-10-11,41.907127380371094
2023-10-12,41.2653923034668
2023-10-13,41.45985794067383
2023-10-16,41.80989074707031
2023-10-17,42.56830596923828
2023-10-18,41.197330474853516
2023-10-19,40.15694808959961
2023-10-20,40.63338851928711
2023-10-23,40.40974807739258
2023-10-24,40.643104553222656
2023-10-25,39.69023132324219
2023-10-26,39.077667236328125
2023-10-27,38.854034423828125
2023-10-30,39.40825653076172
2023-10-31,39.1943473815918
2023-11-01,39.46659851074219
2023-11-02,40.47780990600586
2023-11-03,40.847286224365234
2023-11-06,40.283348083496094
2023-11-07,40.45836639404297
2023-11-08,42.89889907836914
2023-11-09,41.916847229003906
2023-11-10,42.373836517333984
2023-11-13,42.22799301147461
2023-11-14,43.1128044128418
2023-11-15,43.1128044128418
2023-11-16,43.044742584228516
2023-11-17,43.433677673339844
2023-11-20,44.172637939453125
2023-11-21,43.880943298339844
2023-11-22,44.29903793334961
2023-11-24,44.201805114746094
2023-11-27,44.5712890625
2023-11-28,44.581016540527344
2023-11-29,45.290809631347656
2023-11-30,45.68946838378906
2023-12-01,46.05894470214844
2023-12-04,46.35063934326172
2023-12-05,46.15618133544922
2023-12-06,45.96171569824219
2023-12-07,46.01033401489258
2023-12-08,45.38804244995117
2023-12-11,45.23247528076172
2023-12-12,45.144962310791016
2023-12-13,45.922821044921875
2023-12-14,45.242191314697266
2023-12-15,44.33793640136719
2023-12-18,44.43516540527344
2023-12-19,44.92132568359375
2023-12-20,44.53240203857422
2023-12-21,44.61018371582031
2023-12-22,44.71713638305664
2023-12-26,44.83381652832031
2023-12-27,46.078399658203125
2023-12-28,47.18684005737305
2023-12-29,47.63411331176758
2024-01-02,46.64011001586914
2024-01-03,45.957950592041016
2024-01-04,45.49992752075195
2024-01-05,45.28554153442383
2024-01-08,46.18209457397461
2024-01-09,46.279544830322266
2024-01-10,46.971439361572266
2024-01-11,47.68283462524414
2024-01-12,47.8972282409668
2024-01-16,46.279544830322266
2024-01-17,46.065147399902344
2024-01-18,46.318519592285156
2024-01-19,46.77653503417969
2024-01-22,47.00067138671875
2024-01-23,47.42946243286133
2024-01-24,47.55615234375
2024-01-25,47.99467849731445
2024-01-26,47.93620681762695
2024-01-29,48.34550857543945
2024-01-30,48.28703308105469
2024-01-31,47.322261810302734
2024-02-01,47.76079177856445
2024-02-02,47.3904914855957
2024-02-05,46.44520568847656
2024-02-06,47.283287048339844
2024-02-07,43.814029693603516
2024-02-08,42.62512969970703
2024-02-09,42.78105163574219
2024-02-12,43.16110610961914
2024-02-13,43.04416275024414
2024-02-14,43.05391311645508
2024-02-15,43.35600280761719
2024-02-16,42.71282958984375
2024-02-20,42.12812423706055
2024-02-21,42.2158317565918
2024-02-22,42.07939910888672
2024-02-23,42.43996810913086
2024-02-26,42.420475006103516
2024-02-27,42.72257995605469
2024-02-28,42.67385482788086
2024-02-29,43.15135955810547
2024-03-01,42.0501594543457
2024-03-04,41.52392578125
2024-03-05,41.436214447021484
2024-03-06,41.913726806640625
2024-03-07,42.22557067871094
2024-03-08,42.18659591674805
2024-03-11,42.9077262878418
2024-03-12,42.586143493652344
2024-03-13,42.84925842285156
2024-03-14,42.49843978881836
2024-03-15,42.49843978881836
2024-03-18,42.16709899902344
2024-03-19,42.18659591674805
2024-03-20,42.332767486572266
2024-03-21,42.78105163574219
2024-03-22,42.55690383911133
2024-03-25,42.70308303833008
2024-03-26,42.566654205322266
2024-03-27,42.94671630859375
2024-03-28,42.118377685546875
2024-04-01,41.90333938598633
2024-04-02,42.118377685546875
2024-04-03,42.284542083740234
2024-04-04,42.04995346069336
2024-04-05,42.186798095703125
2024-04-08,42.24544906616211
2024-04-09,42.53867721557617
2024-04-10,42.558231353759766
2024-04-11,42.70484924316406
2024-04-12,41.463478088378906
2024-04-15,41.25822067260742
2024-04-16,41.238670349121094
2024-04-17,40.6717529296875
2024-04-18,40.828147888183594
2024-04-19,41.639427185058594
2024-04-22,42.177024841308594
2024-04-23,42.24544906616211
2024-04-24,42.32364273071289
2024-04-25,42.27477264404297
2024-04-26,42.196571350097656
2024-04-29,42.6755256652832
2024-04-30,42.059730529785156
2024-05-01,42.352962493896484
2024-05-02,43.44771194458008
2024-05-03,44.024410247802734
2024-05-06,45.148475646972656
2024-05-07,45.207122802734375
2024-05-08,46.66352462768555
2024-05-09,46.90789031982422
2024-05-10,46.89811325073242
2024-05-13,46.95676040649414
2024-05-14,47.005638122558594
2024-05-15,46.859012603759766
2024-05-16,47.73871994018555
2024-05-17,47.70939636230469
2024-05-20,47.9244384765625
2024-05-21,48.129703521728516
2024-05-22,48.38384246826172
2024-05-23,48.14925003051758
2024-05-24,48.765045166015625
2024-05-28,48.51090621948242
2024-05-29,48.65752029418945
2024-05-30,49.5274543762207
2024-05-31,50.045509338378906
2024-06-03,49.81092071533203
2024-06-04,49.41993713378906
2024-06-05,49.937984466552734
2024-06-06,49.75227355957031
2024-06-07,49.14624786376953
2024-06-10,49.58610534667969
2024-06-11,49.195125579833984
2024-06-12,49.29287338256836
2024-06-13,48.82368850708008
2024-06-14,48.56955337524414
2024-06-17,48.55000686645508
2024-06-18,48.78459930419922
2024-06-20,48.98008346557617
2024-06-21,49.771820068359375
2024-06-24,49.664306640625
2024-06-25,49.087608337402344
2024-06-26,49.31241989135742
2024-06-27,49.17557907104492
2024-06-28,50.05528259277344
2024-07-01,50.28009033203125
2024-07-02,50.807918548583984
2024-07-03,51.12070083618164
2024-07-05,51.09138107299805
2024-07-08,50.847015380859375
2024-07-09,50.86661148071289
2024-07-10,51.32716751098633
2024-07-11,51.5329475402832
2024-07-12,51.85631561279297
2024-07-15,52.5030517578125
2024-07-16,52.65983581542969
2024-07-17,52.21887969970703
2024-07-18,51.581939697265625
2024-07-19,51.336971282958984
2024-07-22,53.98270034790039
2024-07-23,54.178680419921875
2024-07-24,53.4339485168457
2024-07-25,52.31686782836914
2024-07-26,52.7872200012207
2024-07-29,52.4638557434082
2024-07-30,52.33646774291992
2024-07-31,52.51285171508789
2024-08-01,52.27767562866211
2024-08-02,50.974403381347656
2024-08-05,50.07289505004883
2024-08-06,51.08219528198242
2024-08-07,52.83621597290039
2024-08-08,52.630435943603516
2024-08-09,52.88521194458008
2024-08-12,52.74802780151367
2024-08-13,53.46335220336914
2024-08-14,53.46335220336914
2024-08-15,53.55154800415039
2024-08-16,53.1889762878418
2024-08-19,53.88471603393555
2024-08-20,53.58094024658203
2024-08-21,53.99250030517578
2024-08-22,53.4339485168457
2024-08-23,53.93370819091797
2024-08-26,54.01209259033203
2024-08-27,54.19827651977539
2024-08-28,54.06108856201172
2024-08-29,53.198787689208984
2024-08-30,53.82591247558594
2024-09-03,52.630435943603516
2024-09-04,52.8656120300293
2024-09-05,53.01259994506836
2024-09-06,51.9249153137207
2024-09-09,51.65053939819336
2024-09-10,51.63093185424805
2024-09-11,51.32716751098633
2024-09-12,51.68973159790039
2024-09-13,52.4638557434082
2024-09-16,53.27716827392578
2024-09-17,54.35506057739258
2024-09-18,53.95330047607422
2024-09-19,53.46335220336914
2024-09-20,53.39476013183594
2024-09-23,53.98270034790039
2024-09-24,53.972900390625
2024-09-25,53.89451217651367
2024-09-26,54.051292419433594
2024-09-27,54.20807647705078
2024-09-30,54.5510368347168
2024-10-01,54.100284576416016
2024-10-02,54.394248962402344
2024-10-03,53.62993621826172
2024-10-04,54.051292419433594
2024-10-07,53.42415237426758
2024-10-08,53.80631637573242
2024-10-09,54.3072509765625
2024-10-10,54.120628356933594
2024-10-11,54.454586029052734
2024-10-14,54.926048278808594
2024-10-15,54.38582992553711
2024-10-16,54.582271575927734
2024-10-17,54.513519287109375
2024-10-18,54.44476318359375
2024-10-21,54.07151794433594
2024-10-22,53.72773742675781
2024-10-23,53.48218536376953
2024-10-24,53.60004425048828
2024-10-25,54.44476318359375
2024-10-28,54.47422790527344
2024-10-29,55.02427673339844
2024-10-30,54.90641403198242
2024-10-31,54.84747314453125
2024-11-01,55.819881439208984
2024-11-04,51.517730712890625
2024-11-05,52.30351257324219
2024-11-06,54.94569778442383
2024-11-07,54.808189392089844
2024-11-08,55.27964782714844
2024-11-11,53.89471435546875
2024-11-12,54.19920349121094
2024-11-13,53.55093765258789
2024-11-14,53.25627517700195
2024-11-15,51.52755355834961
2024-11-18,51.586490631103516
2024-11-19,51.183780670166016
2024-11-20,51.08555221557617
2024-11-21,52.30351257324219
2024-11-22,53.19733810424805
2024-11-25,54.09115982055664
2024-11-26,53.68844985961914
2024-11-27,53.41342544555664
2024-11-29,53.29555892944336
2024-12-02,53.216976165771484
2024-12-03,52.98124313354492
2024-12-04,53.6295166015625
2024-12-05,53.835784912109375
2024-12-06,55.23054122924805
2024-12-09,55.790409088134766
2024-12-10,54.19920349121094
2024-12-11,54.18938446044922
2024-12-12,54.326900482177734
2024-12-13,54.09115982055664
2024-12-16,54.6019172668457
2024-12-17,53.60004425048828
2024-12-18,52.15617370605469
2024-12-19,52.323158264160156
2024-12-20,51.93026351928711
2024-12-23,51.9793815612793
2024-12-24,52.42137908935547
2024-12-26,52.627647399902344
2024-12-27,52.24457550048828
2024-12-30,51.52755355834961
2024-12-31,51.124839782714844
2025-01-02,51.380218505859375
2025-01-03,51.94990921020508
2025-01-06,51.73381805419922
2025-01-07,51.232887268066406
2025-01-08,51.026615142822266
2025-01-10,50.0222282409668
2025-01-13,50.13054656982422
2025-01-14,50.81983184814453
2025-01-15,51.30232620239258
2025-01-16,51.125083923339844
2025-01-17,51.066001892089844
2025-01-21,51.77497863769531
2025-01-22,52.18854522705078
2025-01-23,52.6808967590332
2025-01-24,52.85813903808594
2025-01-27,53.133853912353516
2025-01-28,53.42926025390625
2025-01-29,53.143699645996094
2025-01-30,53.24216842651367
2025-01-31,53.46864700317383
2025-02-03,54.02991485595703
2025-02-04,55.0343017578125
2025-02-05,48.47627258300781
2025-02-06,48.44672775268555
2025-02-07,48.09224319458008
2025-02-10,48.50581359863281
2025-02-11,48.80121994018555
2025-02-12,49.628360748291016
2025-02-13,49.97299575805664
2025-02-14,48.988311767578125
2025-02-18,48.436885833740234
2025-02-19,48.65351486206055
2025-02-20,48.01346206665039
2025-02-21,47.29464340209961
2025-02-24,47.30448913574219
2025-02-25,47.14693832397461
2025-02-26,47.00908660888672
2025-02-27,47.14693832397461
2025-02-28,47.35372543334961
2025-03-03,46.349334716796875
2025-03-04,46.181949615478516
2025-03-05,46.20163345336914
2025-03-06,46.644744873046875
2025-03-07,48.46642303466797
2025-03-10,48.94892120361328
2025-03-11,48.01346206665039
2025-03-12,47.17647933959961
2025-03-13,47.087860107421875
2025-03-14,48.141475677490234
2025-03-17,47.8165283203125
2025-03-18,47.98392868041992
2025-03-19,48.30887222290039
2025-03-20,47.85591125488281
2025-03-21,47.94453811645508
2025-03-24,47.875606536865234
2025-03-25,48.38764953613281
2025-03-26,48.574745178222656
2025-03-27,48.23009490966797
2025-03-28,48.23994827270508
2025-03-31,48.84060287475586
2025-04-01,49.56204605102539
2025-04-02,49.01849365234375
2025-04-03,48.17845916748047
2025-04-04,46.87393569946289
2025-04-07,45.33222198486328
2025-04-08,44.83808517456055
2025-04-09,47.81279754638672
2025-04-10,47.308773040771484
2025-04-11,47.911624908447266
2025-04-14,47.9215087890625
2025-04-15,48.18833923339844
2025-04-16,48.22787094116211
2025-04-17,48.69236373901367
2025-04-21,48.28717041015625
2025-04-22,49.53239440917969
2025-04-23,49.8486442565918
2025-04-24,50.01665115356445
2025-04-25,50.609619140625
2025-04-28,50.77762985229492
2025-04-29,51.01481246948242
2025-04-30,51.44965362548828
2025-05-01,51.15317153930664
2025-05-02,51.69672393798828
2025-05-05,51.65719223022461
2025-05-06,52.04262161254883
2025-05-07,52.022850036621094
2025-05-08,51.99320602416992
2025-05-09,52.97159957885742
2025-05-12,53.604095458984375
2025-05-13,54.0488166809082
2025-05-14,54.394718170166016
2025-05-15,54.898738861083984
2025-05-16,55.29404830932617
2025-05-19,54.61213684082031
2025-05-20,54.72084426879883
2025-05-21,54.147647857666016
2025-05-22,54.24647521972656
2025-05-23,54.760379791259766
2025-05-27,54.79991149902344
2025-05-28,54.7900276184082
2025-05-29,55.83760070800781
2025-05-30,56.4503288269043
2025-06-02,56.32185745239258
2025-06-03,55.39287567138672
2025-06-04,55.17545700073242
2025-06-05,55.09639358520508
2025-06-06,55.16557312011719
2025-06-09,54.98767852783203
2025-06-10,54.68132019042969
2025-06-11,55.07662582397461
2025-06-12,54.938270568847656
2025-06-13,54.96791458129883
2025-06-16,55.373111724853516
2025-06-17,53.16925048828125
2025-06-18,53.416324615478516
2025-06-20,53.851165771484375
2025-06-23,54.078468322753906
2025-06-24,54.11800003051758
2025-06-25,54.641788482666016
2025-06-26,55.21498489379883
2025-06-27,54.958038330078125
2025-06-30,55.323692321777344
2025-07-01,55.70912170410156
2025-07-02,55.877132415771484
2025-07-03,56.4503288269043
2025-07-07,55.83760070800781
2025-07-08,55.748661041259766
2025-07-09,55.361995697021484
2025-07-10,55.89737319946289
2025-07-11,55.4809684753418
2025-07-14,55.6990852355957
2025-07-15,53.904579162597656
2025-07-16,53.40885925292969
2025-07-17,53.38903045654297
2025-07-18,52.8437385559082
2025-07-21,52.813995361328125
2025-07-22,52.992454528808594
2025-07-23,52.357933044433594
2025-07-24,52.397586822509766
2025-07-25,52.1695556640625
2025-07-28,51.59452438354492
2025-07-29,51.554866790771484
2025-07-30,50.98974609375
2025-07-31,51.445804595947266
2025-08-01,51.842384338378906
2025-08-04,53.289886474609375
2025-08-05,53.1609992980957
2025-08-06,61.4196891784668
2025-08-07,57.69187927246094
2025-08-08,56.99787521362305
2025-08-11,57.11684036254883
2025-08-12,57.5134162902832
2025-08-13,60.10107421875
2025-08-14,59.615272521972656
2025-08-15,59.645015716552734
2025-08-18,58.772544860839844
2025-08-19,59.179039001464844
2025-08-20,59.397151947021484
2025-08-21,59.139381408691406
2025-08-22,59.27818298339844
2025-08-25,59.050148010253906
2025-08-26,58.94108963012695
2025-08-27,59.317840576171875
2025-08-28,59.228614807128906
2025-08-29,59.327754974365234
2025-09-02,58.62383270263672
2025-09-03,58.32640075683594
2025-09-04,58.683319091796875
2025-09-05,58.48503112792969
2025-09-08,58.32640075683594
2025-09-09,57.741451263427734
2025-09-10,57.07718276977539
2025-09-11,58.038883209228516
2025-09-12,58.42554473876953
2025-09-15,58.73289108276367
2025-09-16,57.810848236083984
2025-09-17,57.979393005371094
2025-09-18,57.979393005371094
2025-09-19,57.90999221801758
2025-09-22,57.26555633544922
2025-09-23,57.45393371582031
2025-09-24,56.89872741699219
2025-09-25,57.31513214111328
2025-09-26,57.69187927246094
2025-09-29,56.868980407714844
2025-09-30,56.90864181518555
2025-10-01,55.203365325927734
2025-10-02,55.124046325683594
2025-10-03,55.15379333496094
2025-10-06,55.08439254760742
2025-10-07,54.568843841552734
2025-10-08,54.97666549682617
2025-10-09,55.016456604003906
2025-10-10,54.369903564453125
2025-10-13,54.67825698852539
2025-10-14,54.648414611816406
2025-10-15,54.568843841552734
2025-10-16,55.354652404785156
2025-10-17,55.891780853271484
2025-10-20,55.77241897583008
2025-10-21,56.16035079956055
2025-10-22,56.717376708984375
2025-10-23,56.66764450073242
2025-10-24,56.707427978515625
2025-10-27,56.99589157104492
2025-10-28,57.11525344848633
2025-10-29,55.79231262207031
2025-10-30,56.518436431884766
2025-10-31,56.687538146972656
2025-11-03,56.757164001464844
2025-11-04,57.443504333496094
2025-11-05,57.30424499511719
2025-11-06,59.66166687011719
2025-11-07,61.02439498901367
2025-11-10,62.257816314697266
2025-11-11,62.69547653198242
2025-11-12,62.91431427001953
2025-11-13,64.14773559570312
2025-11-14,63.600650787353516
2025-11-17,62.63580322265625
2025-11-18,63.66033172607422
2025-11-19,63.411659240722656
2025-11-20,63.19282531738281
2025-11-21,63.75979995727539
2025-11-24,63.51112747192383
2025-11-25,64.2869873046875
2025-11-26,64.7146987915039
2025-11-28,64.15767669677734
2025-12-01,64.43618774414062
2025-12-02,63.76974868774414
2025-12-03,63.85926818847656
2025-12-04,63.70011901855469
2025-12-05,64.4063491821289
2025-12-08,64.91364288330078
2025-12-09,65.1026382446289
2025-12-10,67.34069061279297
2025-12-11,67.39043426513672
2025-12-12,67.60926818847656
2025-12-15,67.17160034179688
2025-12-16,66.94282531738281
2025-12-17,69.13114166259766
2025-12-18,70.25514221191406
2025-12-19,70.41429138183594
2025-12-22,70.14572143554688
2025-12-23,70.334716796875
2025-12-24,70.63313293457031
2025-12-26,69.78764343261719
2025-12-29,69.16098022460938
2025-12-30,69.37982177734375
2025-12-31,69.05156707763672
2026-01-02,69.44944763183594
2026-01-05,69.73790740966797
2026-01-06,69.19938659667969
2026-01-07,71.05428314208984
2026-01-08,71.45318603515625
2026-01-09,70.87477111816406
2026-01-12,70.33625793457031
2026-01-13,71.1141128540039
2026-01-14,71.55290985107422
2026-01-15,71.37339782714844
2026-01-16,71.29361724853516
2026-01-20,70.09691619873047
2026-01-21,70.69526672363281
2026-01-22,71.06425476074219
2026-01-23,72.06150817871094
2026-01-26,72.64988708496094
2026-01-27,72.61996459960938
2026-01-28,72.37065124511719
2026-01-29,73.08867645263672
2026-01-30,73.1086196899414
2026-02-02,73.49755096435547
2026-02-03,72.01164245605469
2026-02-04,67.44422149658203
2026-02-05,68.92015838623047
2026-02-06,67.92290496826172
2026-02-09,68.47139739990234
2026-02-10,70.5257339477539
2026-02-11,71.18392181396484
2026-02-12,72.10140228271484
2026-02-13,72.73963928222656
2026-02-17,73.82664489746094
2026-02-18,75.2926025390625
2026-02-19,75.28263092041016
2026-02-20,77.77576446533203
2026-02-23,75.08318328857422
2026-02-24,75.63166809082031
2026-02-25,77.16744232177734
2026-02-26,78.62342834472656
2026-02-27,79.5708236694336
2026-03-02,80.19908905029297
2026-03-03,81.1863784790039
2026-03-04,80.89717102050781
2026-03-05,81.72488403320312
2026-03-06,80.21903991699219
2026-03-09,80.58802032470703
2026-03-10,78.61346435546875
2026-03-11,78.0151138305664
2026-03-12,77.84557342529297
2026-03-13,79.0921401977539
2026-03-16,79.53092956542969
2026-03-17,80.00961303710938
2026-03-18,80.17914581298828
2026-03-19,81.05672454833984
2026-03-20,80.7475814819336
2026-03-23,82.46286010742188
2026-03-24,83.92881774902344
2026-03-25,84.93604278564453
2026-03-26,82.73211669921875
2026-03-27,82.56258392333984
2026-03-30,83.02131652832031
2026-03-31,83.5
2026-04-01,85.38999938964844
2026-04-02,85.69000244140625
2026-04-06,85.13999938964844
2026-04-07,85.86000061035156
2026-04-08,84.70999908447266
2026-04-09,82.4800033569336
2026-04-10,79.01000213623047
2026-04-13,79.33999633789062
2026-04-14,80.72000122070312
2026-04-15,81.0999984741211
2026-04-16,77.9000015258789
2026-04-17,79.4800033569336
2026-04-20,80.33999633789062
2026-04-21,81.62000274658203
2026-04-22,80.44999694824219
2026-04-23,80.43000030517578
2026-04-24,80.88999938964844
2026-04-27,79.61000061035156
2026-04-28,78.47000122070312
2026-04-29,79.02999877929688
2026-04-30,79.02999877929688
2026-05-01,78.72000122070312
2026-05-04,78.2300033569336
