date,close
2001-05-07,7.404601097106934
2001-05-08,7.4110331535339355
2001-05-09,7.4775285720825195
2001-05-10,7.346683025360107
2001-05-11,7.127890586853027
2001-05-14,7.183661460876465
2001-05-15,7.286620616912842
2001-05-16,7.252305030822754
2001-05-17,7.207257270812988
2001-05-18,7.207257270812988
2001-05-21,7.3681321144104
2001-05-22,7.518287658691406
2001-05-23,7.48611307144165
2001-05-24,7.507561206817627
2001-05-25,7.5290117263793945
2001-05-29,7.576200008392334
2001-05-30,7.561182975769043
2001-05-31,7.284475803375244
2001-06-01,7.4968342781066895
2001-06-04,7.610520362854004
2001-06-05,7.8571977615356445
2001-06-06,7.784265518188477
2001-06-07,7.730640411376953
2001-06-08,7.777829170227051
2001-06-11,7.466804027557373
2001-06-12,7.501123428344727
2001-06-13,7.220125675201416
2001-06-14,7.108585834503174
2001-06-15,7.110732555389404
2001-06-18,7.119311332702637
2001-06-19,7.239428997039795
2001-06-20,6.926260948181152
2001-06-21,6.711759090423584
2001-06-22,6.703178882598877
2001-06-25,6.921970367431641
2001-06-26,7.2544474601745605
2001-06-27,7.1858086585998535
2001-06-28,7.104295253753662
2001-06-29,7.3874406814575195
2001-07-02,7.057104110717773
2001-07-03,7.089284420013428
2001-07-05,7.207257270812988
2001-07-06,7.211545944213867
2001-07-09,7.348823547363281
2001-07-10,7.282332420349121
2001-07-11,7.293058395385742
2001-07-12,7.8571977615356445
2001-07-13,8.086718559265137
2001-07-16,7.992335796356201
2001-07-17,7.9987688064575195
2001-07-18,8.174661636352539
2001-07-19,8.277619361877441
2001-07-20,8.219707489013672
2001-07-23,8.247588157653809
2001-07-24,8.110310554504395
2001-07-25,8.022360801696777
2001-07-26,8.191819190979004
2001-07-27,8.279762268066406
2001-07-30,8.271183013916016
2001-07-31,8.42992115020752
2001-08-01,8.389159202575684
2001-08-02,8.37629222869873
2001-08-03,8.539313316345215
2001-08-06,8.481396675109863
2001-08-07,8.472814559936523
2001-08-08,8.472814559936523
2001-08-09,8.494267463684082
2001-08-10,8.485686302185059
2001-08-13,8.494267463684082
2001-08-14,8.616532325744629
2001-08-15,8.63369369506836
2001-08-16,8.62297248840332
2001-08-17,8.695898056030273
2001-08-20,8.665865898132324
2001-08-21,8.52644157409668
2001-08-22,8.558621406555176
2001-08-23,8.580072402954102
2001-08-24,8.631546974182129
2001-08-27,7.722062587738037
2001-08-28,7.6169538497924805
2001-08-29,7.722062587738037
2001-08-30,7.932274341583252
2001-08-31,8.133903503417969
2001-09-04,8.09743881225586
2001-09-05,7.859344005584717
2001-09-06,7.501123428344727
2001-09-07,7.100006103515625
2001-09-10,7.3359575271606445
2001-09-17,6.891939163208008
2001-09-18,6.663495063781738
2001-09-19,6.451139450073242
2001-09-20,6.4640092849731445
2001-09-21,6.531576156616211
2001-09-24,6.82115364074707
2001-09-25,6.740715980529785
2001-09-26,6.8050665855407715
2001-09-27,6.9176764488220215
2001-09-28,6.869416236877441
2001-10-01,6.724627494812012
2001-10-02,7.200827598571777
2001-10-03,7.020641803741455
2001-10-04,6.949853897094727
2001-10-05,7.223341941833496
2001-10-08,6.879067897796631
2001-10-09,6.7889790534973145
2001-10-10,6.9788126945495605
2001-10-11,7.8024983406066895
2001-10-12,7.232997894287109
2001-10-15,7.239428997039795
2001-10-16,7.4968342781066895
2001-10-17,7.078556060791016
2001-10-18,7.094642162322998
2001-10-19,7.210474014282227
2001-10-22,7.271606922149658
2001-10-23,7.54831600189209
2001-10-24,7.5290117263793945
2001-10-25,7.435703277587891
2001-10-26,7.512923240661621
2001-10-29,7.3584818840026855
2001-10-30,7.303779602050781
2001-10-31,7.4775285720825195
2001-11-01,7.4324846267700195
2001-11-02,7.609443664550781
2001-11-05,7.644842624664307
2001-11-06,7.561182975769043
2001-11-07,7.577269554138184
2001-11-08,7.574052810668945
2001-11-09,7.55474853515625
2001-11-12,7.480745315551758
2001-11-13,7.609443664550781
2001-11-14,7.8636298179626465
2001-11-15,8.04703140258789
2001-11-16,7.88293981552124
2001-11-19,8.25938606262207
2001-11-20,7.982683181762695
2001-11-21,8.056686401367188
2001-11-23,8.101730346679688
2001-11-26,8.201473236083984
2001-11-27,7.995548248291016
2001-11-28,8.005205154418945
2001-11-29,8.446006774902344
2001-11-30,8.304433822631836
2001-12-03,8.317300796508789
2001-12-04,8.32051944732666
2001-12-05,8.684100151062012
2001-12-06,8.960813522338867
2001-12-07,8.91254711151123
2001-12-10,9.105598449707031
2001-12-11,8.571490287780762
2001-12-12,8.478177070617676
2001-12-13,8.494267463684082
2001-12-14,8.62618637084961
2001-12-17,8.690535545349121
2001-12-18,8.68088150024414
2001-12-19,8.70340633392334
2001-12-20,8.52644157409668
2001-12-21,8.63261890411377
2001-12-24,8.915762901306152
2001-12-26,8.793502807617188
2001-12-27,8.777406692504883
2001-12-28,8.841760635375977
2001-12-31,8.832104682922363
2002-01-02,8.63261890411377
2002-01-03,8.59079360961914
2002-01-04,8.462092399597168
2002-01-07,8.613316535949707
2002-01-08,8.716275215148926
2002-01-09,8.671231269836426
2002-01-10,8.74845027923584
2002-01-11,8.57470703125
2002-01-14,8.516791343688965
2002-01-15,8.349479675292969
2002-01-16,8.45244312286377
2002-01-17,8.52966022491455
2002-01-18,8.349479675292969
2002-01-22,8.3140869140625
2002-01-23,8.639053344726562
2002-01-24,8.378437042236328
2002-01-25,8.474964141845703
2002-01-28,8.716275215148926
2002-01-29,8.651927947998047
2002-01-30,9.089513778686523
2002-01-31,9.131339073181152
2002-02-01,8.976899147033691
2002-02-04,9.073426246643066
2002-02-05,9.189254760742188
2002-02-06,9.105598449707031
2002-02-07,8.9479341506958
2002-02-08,9.121683120727539
2002-02-11,9.240730285644531
2002-02-12,9.379085540771484
2002-02-13,9.379085540771484
2002-02-14,9.401610374450684
2002-02-15,9.511004447937012
2002-02-19,9.511004447937012
2002-02-20,9.6397066116333
2002-02-21,9.575355529785156
2002-02-22,9.48205280303955
2002-02-25,9.494915962219238
2002-02-26,9.411264419555664
2002-02-27,9.57214069366455
2002-02-28,9.57214069366455
2002-03-01,9.659012794494629
2002-03-04,9.829543113708496
2002-03-05,9.835977554321289
2002-03-06,9.86171817779541
2002-03-07,10.263908386230469
2002-03-08,10.328258514404297
2002-03-11,10.328258514404297
2002-03-12,10.463393211364746
2002-03-13,10.514872550964355
2002-03-14,10.424784660339355
2002-03-15,10.553482055664062
2002-03-18,10.456955909729004
2002-03-19,10.733663558959961
2002-03-20,10.479479789733887
2002-03-21,10.463393211364746
2002-03-22,10.492347717285156
2002-03-25,10.582439422607422
2002-03-26,10.537399291992188
2002-03-27,10.617834091186523
2002-03-28,10.10303020477295
2002-04-01,9.697622299194336
2002-04-02,9.539960861206055
2002-04-03,9.523869514465332
2002-04-04,9.475613594055176
2002-04-05,9.49169921875
2002-04-08,9.700838088989258
2002-04-09,10.222074508666992
2002-04-10,10.678967475891113
2002-04-11,9.942150115966797
2002-04-12,10.492347717285156
2002-04-15,10.431217193603516
2002-04-16,10.122335433959961
2002-04-17,10.054764747619629
2002-04-18,10.1834716796875
2002-04-19,10.099812507629395
2002-04-22,10.30894947052002
2002-04-23,10.337909698486328
2002-04-24,10.376519203186035
2002-04-25,10.328258514404297
2002-04-26,10.376519203186035
2002-04-29,10.328258514404297
2002-04-30,10.19633674621582
2002-05-01,10.038677215576172
2002-05-02,10.167381286621094
2002-05-03,10.25747013092041
2002-05-06,10.151290893554688
2002-05-07,9.974326133728027
2002-05-08,9.974326133728027
2002-05-09,10.003287315368652
2002-05-10,9.633270263671875
2002-05-13,9.893891334533691
2002-05-14,9.57214069366455
2002-05-15,9.681536674499512
2002-05-16,9.604313850402832
2002-05-17,9.507790565490723
2002-05-20,9.34369945526123
2002-05-21,9.395173072814941
2002-05-22,9.539960861206055
2002-05-23,9.411264419555664
2002-05-24,9.340476989746094
2002-05-28,9.250382423400879
2002-05-29,9.173164367675781
2002-05-30,9.298648834228516
2002-05-31,9.414484024047852
2002-06-03,9.250382423400879
2002-06-04,9.182815551757812
2002-06-05,9.021943092346191
2002-06-06,8.532878875732422
2002-06-07,8.960813522338867
2002-06-10,9.00907039642334
2002-06-11,9.00907039642334
2002-06-12,9.018722534179688
2002-06-13,8.960813522338867
2002-06-14,9.025161743164062
2002-06-17,9.083072662353516
2002-06-18,9.089513778686523
2002-06-19,9.198906898498535
2002-06-20,9.311519622802734
2002-06-21,9.105598449707031
2002-06-24,9.182815551757812
2002-06-25,9.16994857788086
2002-06-26,9.021943092346191
2002-06-27,9.089513778686523
2002-06-28,8.931849479675293
2002-07-01,9.028376579284668
2002-07-02,8.996203422546387
2002-07-03,8.877154350280762
2002-07-05,9.16994857788086
2002-07-08,9.218209266662598
2002-07-09,9.00907039642334
2002-07-10,8.42992115020752
2002-07-11,8.639053344726562
2002-07-12,8.59079360961914
2002-07-15,8.433128356933594
2002-07-16,8.330171585083008
2002-07-17,8.497482299804688
2002-07-18,8.365564346313477
2002-07-19,7.7606706619262695
2002-07-22,8.043813705444336
2002-07-23,7.915113925933838
2002-07-24,8.362347602844238
2002-07-25,8.301215171813965
2002-07-26,8.043813705444336
2002-07-29,8.687320709228516
2002-07-30,8.436349868774414
2002-07-31,7.995548248291016
2002-08-01,8.130685806274414
2002-08-02,7.934418678283691
2002-08-05,7.722062587738037
2002-08-06,7.918327331542969
2002-08-07,7.96337366104126
2002-08-08,8.201473236083984
2002-08-09,8.301215171813965
2002-08-12,8.207907676696777
2002-08-13,8.088860511779785
2002-08-14,8.378437042236328
2002-08-15,8.838541984558105
2002-08-16,9.025161743164062
2002-08-19,8.709839820861816
2002-08-20,8.861063003540039
2002-08-21,8.999422073364258
2002-08-22,9.202123641967773
2002-08-23,8.922195434570312
2002-08-26,8.770976066589355
2002-08-27,8.597229957580566
2002-08-28,8.812801361083984
2002-08-29,8.957589149475098
2002-08-30,8.886804580688477
2002-09-03,8.603659629821777
2002-09-04,8.960813522338867
2002-09-05,8.799932479858398
2002-09-06,9.086291313171387
2002-09-09,9.340476989746094
2002-09-10,9.588220596313477
2002-09-11,9.202123641967773
2002-09-12,9.140995025634766
2002-09-13,9.21499252319336
2002-09-16,9.092729568481445
2002-09-17,8.40417766571045
2002-09-18,8.301215171813965
2002-09-19,8.069554328918457
2002-09-20,8.297999382019043
2002-09-23,8.371999740600586
2002-09-24,8.468526840209961
2002-09-25,8.639053344726562
2002-09-26,8.928632736206055
2002-09-27,8.635843276977539
2002-09-30,8.819238662719727
2002-10-01,9.276124954223633
2002-10-02,8.738798141479492
2002-10-03,8.59079360961914
2002-10-04,8.32051944732666
2002-10-07,8.140338897705078
2002-10-08,8.285128593444824
2002-10-09,8.349479675292969
2002-10-10,8.365564346313477
2002-10-11,8.471748352050781
2002-10-14,8.664799690246582
2002-10-15,8.272258758544922
2002-10-16,8.40417766571045
2002-10-17,8.828892707824707
2002-10-18,8.844978332519531
2002-10-21,9.00907039642334
2002-10-22,9.01229190826416
2002-10-23,9.134552001953125
2002-10-24,9.03481388092041
2002-10-25,9.166735649108887
2002-10-28,8.915762901306152
2002-10-29,8.902892112731934
2002-10-30,9.128116607666016
2002-10-31,9.16994857788086
2002-11-01,9.556046485900879
2002-11-04,9.967896461486816
2002-11-05,9.83919620513916
2002-11-06,9.961457252502441
2002-11-07,9.829543113708496
2002-11-08,9.826323509216309
2002-11-11,9.266472816467285
2002-11-12,9.340476989746094
2002-11-13,9.475613594055176
2002-11-14,9.456306457519531
2002-11-15,9.488486289978027
2002-11-18,9.208550453186035
2002-11-19,9.079854965209961
2002-11-20,9.10238265991211
2002-11-21,9.671883583068848
2002-11-22,9.46917724609375
2002-11-25,9.681536674499512
2002-11-26,9.713708877563477
2002-11-27,10.016154289245605
2002-11-29,10.138423919677734
2002-12-02,10.038677215576172
2002-12-03,9.95824146270752
2002-12-04,9.662230491638184
2002-12-05,9.700838088989258
2002-12-06,9.826323509216309
2002-12-09,9.636488914489746
2002-12-10,9.887453079223633
2002-12-11,9.961457252502441
2002-12-12,10.074074745178223
2002-12-13,9.900324821472168
2002-12-16,10.125555038452148
2002-12-17,10.045111656188965
2002-12-18,9.800583839416504
2002-12-19,9.733013153076172
2002-12-20,9.797365188598633
2002-12-23,9.581788063049316
2002-12-24,9.581788063049316
2002-12-26,9.530308723449707
2002-12-27,9.507790565490723
2002-12-30,9.356569290161133
2002-12-31,9.395173072814941
2003-01-02,9.716923713684082
2003-01-03,9.427350997924805
2003-01-06,9.565704345703125
2003-01-07,9.604313850402832
2003-01-08,9.443435668945312
2003-01-09,9.659012794494629
2003-01-10,9.807022094726562
2003-01-13,9.655797958374023
2003-01-14,9.498135566711426
2003-01-15,9.379085540771484
2003-01-16,9.395173072814941
2003-01-17,9.356569290161133
2003-01-21,9.166735649108887
2003-01-22,9.047680854797363
2003-01-23,9.015507698059082
2003-01-24,8.983333587646484
2003-01-27,8.896459579467773
2003-01-28,8.960813522338867
2003-01-29,8.980113983154297
2003-01-30,8.86428165435791
2003-01-31,8.922195434570312
2003-02-03,9.089513778686523
2003-02-04,8.902892112731934
2003-02-05,8.896459579467773
2003-02-06,8.71949577331543
2003-02-07,8.706624984741211
2003-02-10,8.671231269836426
2003-02-11,8.745233535766602
2003-02-12,8.687320709228516
2003-02-13,8.378437042236328
2003-02-14,8.684100151062012
2003-02-18,8.548966407775879
2003-02-19,8.45244312286377
2003-02-20,8.458873748779297
2003-02-21,8.5071382522583
2003-02-24,8.542531967163086
2003-02-25,8.828892707824707
2003-02-26,8.6422758102417
2003-02-27,8.754888534545898
2003-02-28,8.816020011901855
2003-03-03,8.687320709228516
2003-03-04,8.658358573913574
2003-03-05,8.58757209777832
2003-03-06,8.458873748779297
2003-03-07,8.474964141845703
2003-03-10,8.204689979553223
2003-03-11,8.272258758544922
2003-03-12,8.310868263244629
2003-03-13,8.65514087677002
2003-03-14,8.70340633392334
2003-03-17,9.00907039642334
2003-03-18,9.083072662353516
2003-03-19,8.992984771728516
2003-03-20,9.22464370727539
2003-03-21,9.46917724609375
2003-03-24,9.16351318359375
2003-03-25,9.427350997924805
2003-03-26,9.453095436096191
2003-03-27,9.543180465698242
2003-03-28,9.546401977539062
2003-03-31,9.559267044067383
2003-04-01,9.749102592468262
2003-04-02,10.019376754760742
2003-04-03,9.938934326171875
2003-04-04,9.765189170837402
2003-04-07,10.025808334350586
2003-04-08,9.82310676574707
2003-04-09,9.620399475097656
2003-04-10,9.588220596313477
2003-04-11,9.733013153076172
2003-04-14,9.942150115966797
2003-04-15,9.987197875976562
2003-04-16,9.942150115966797
2003-04-17,9.97754955291748
2003-04-21,9.909981727600098
2003-04-22,9.95824146270752
2003-04-23,9.668662071228027
2003-04-24,10.170598030090332
2003-04-25,9.84884262084961
2003-04-28,10.148079872131348
2003-04-29,10.495569229125977
2003-04-30,10.621052742004395
2003-05-01,10.353997230529785
2003-05-02,10.823752403259277
2003-05-05,10.859148025512695
2003-05-06,10.868799209594727
2003-05-07,10.646790504455566
2003-05-08,10.006500244140625
2003-05-09,10.10303020477295
2003-05-12,10.19955825805664
2003-05-13,10.077287673950195
2003-05-14,10.21885871887207
2003-05-15,10.18990421295166
2003-05-16,10.051545143127441
2003-05-19,9.877805709838867
2003-05-20,9.897109031677246
2003-05-21,9.913192749023438
2003-05-22,9.99685001373291
2003-05-23,10.003287315368652
2003-05-27,10.135207176208496
2003-05-28,10.202775001525879
2003-05-29,10.24460220336914
2003-05-30,10.36365032196045
2003-06-02,10.125555038452148
2003-06-03,10.125555038452148
2003-06-04,10.292865753173828
2003-06-05,10.341123580932617
2003-06-06,10.331475257873535
2003-06-09,10.305739402770996
2003-06-10,10.360433578491211
2003-06-11,10.469826698303223
2003-06-12,10.617834091186523
2003-06-13,10.556703567504883
2003-06-16,10.698273658752441
2003-06-17,10.807665824890137
2003-06-18,10.730449676513672
2003-06-19,10.839841842651367
2003-06-20,10.823752403259277
2003-06-23,10.521306037902832
2003-06-24,10.456955909729004
2003-06-25,10.617834091186523
2003-06-26,10.830191612243652
2003-06-27,11.065070152282715
2003-06-30,11.065070152282715
2003-07-01,10.756189346313477
2003-07-02,10.830191612243652
2003-07-03,10.769055366516113
2003-07-07,10.98463249206543
2003-07-08,11.032893180847168
2003-07-09,11.090810775756836
2003-07-10,11.003937721252441
2003-07-11,11.261341094970703
2003-07-14,11.743973731994629
2003-07-15,11.550919532775879
2003-07-16,11.715010643005371
2003-07-17,11.41578197479248
2003-07-18,11.51230525970459
2003-07-21,11.544483184814453
2003-07-22,11.473698616027832
2003-07-23,11.567002296447754
2003-07-24,12.21051025390625
2003-07-25,12.316686630249023
2003-07-28,12.226595878601074
2003-07-29,12.348865509033203
2003-07-30,12.303820610046387
2003-07-31,12.474347114562988
2003-08-01,12.271638870239258
2003-08-04,12.226595878601074
2003-08-05,12.097894668579102
2003-08-06,12.027107238769531
2003-08-07,12.0753755569458
2003-08-08,12.220163345336914
2003-08-11,12.371382713317871
2003-08-12,12.516176223754883
2003-08-13,12.619135856628418
2003-08-14,12.46790885925293
2003-08-15,12.516176223754883
2003-08-18,12.54835033416748
2003-08-19,13.08245849609375
2003-08-20,12.96019172668457
2003-08-21,13.156461715698242
2003-08-22,12.995582580566406
2003-08-25,12.937668800354004
2003-08-26,12.850796699523926
2003-08-27,12.953754425048828
2003-08-28,13.095324516296387
2003-08-29,13.18542194366455
2003-09-02,13.352731704711914
2003-09-03,13.317337036132812
2003-09-04,13.513601303100586
2003-09-05,13.610133171081543
2003-09-08,13.713091850280762
2003-09-09,13.700225830078125
2003-09-10,13.75491714477539
2003-09-11,13.674480438232422
2003-09-12,13.645522117614746
2003-09-15,13.735618591308594
2003-09-16,13.952801704406738
2003-09-17,14.155506134033203
2003-09-18,14.237553596496582
2003-09-19,13.894886016845703
2003-09-22,13.832137107849121
2003-09-23,14.044498443603516
2003-09-24,13.73078727722168
2003-09-25,13.571525573730469
2003-09-26,13.417082786560059
2003-09-29,13.610133171081543
2003-09-30,13.431562423706055
2003-10-01,13.783878326416016
2003-10-02,13.7742280960083
2003-10-03,14.295469284057617
2003-10-06,14.47885799407959
2003-10-07,14.47885799407959
2003-10-08,14.208592414855957
2003-10-09,14.459554672241211
2003-10-10,14.48369026184082
2003-10-13,14.488510131835938
2003-10-14,14.768442153930664
2003-10-15,14.768442153930664
2003-10-16,14.956666946411133
2003-10-17,14.88909912109375
2003-10-20,15.009754180908203
2003-10-21,14.893919944763184
2003-10-22,16.28389549255371
2003-10-23,16.534854888916016
2003-10-24,16.39490509033203
2003-10-27,16.781007766723633
2003-10-28,17.722126007080078
2003-10-29,17.90552520751953
2003-10-30,17.31671714782715
2003-10-31,16.93062400817871
2003-11-03,16.988534927368164
2003-11-04,17.17193031311035
2003-11-05,17.688343048095703
2003-11-06,17.702817916870117
2003-11-07,17.495296478271484
2003-11-10,17.393953323364258
2003-11-11,17.10919189453125
2003-11-12,17.37464141845703
2003-11-13,17.253978729248047
2003-11-14,17.15262794494629
2003-11-17,16.983707427978516
2003-11-18,16.48177719116211
2003-11-19,16.752044677734375
2003-11-20,16.7906551361084
2003-11-21,17.012662887573242
2003-11-24,17.53873634338379
2003-11-25,17.514602661132812
2003-11-26,17.36498260498047
2003-11-28,17.28775978088379
2003-12-01,17.55803680419922
2003-12-02,17.37464141845703
2003-12-03,16.916139602661133
2003-12-04,16.81961441040039
2003-12-05,16.650693893432617
2003-12-08,16.964399337768555
2003-12-09,16.390079498291016
2003-12-10,15.492383003234863
2003-12-11,15.999146461486816
2003-12-12,15.92674732208252
2003-12-15,15.613041877746582
2003-12-16,15.366903305053711
2003-12-17,15.545473098754883
2003-12-18,15.666136741638184
2003-12-19,15.994319915771484
2003-12-22,16.09566879272461
2003-12-23,16.332151412963867
2003-12-24,16.168062210083008
2003-12-26,16.308019638061523
2003-12-29,16.264585494995117
2003-12-30,16.172893524169922
2003-12-31,15.772309303283691
2004-01-02,15.92674732208252
2004-01-05,16.148765563964844
2004-01-06,15.95087718963623
2004-01-07,16.7906551361084
2004-01-08,16.549339294433594
2004-01-09,16.53003692626953
2004-01-12,16.2163143157959
2004-01-13,16.43351173400879
2004-01-14,16.409381866455078
2004-01-15,16.346630096435547
2004-01-16,16.476951599121094
2004-01-20,15.752999305725098
2004-01-21,15.78195571899414
2004-01-22,15.892962455749512
2004-01-23,16.197023391723633
2004-01-26,16.476951599121094
2004-01-27,16.071542739868164
2004-01-28,15.391035079956055
2004-01-29,15.362080574035645
2004-01-30,15.468255996704102
2004-02-02,15.656481742858887
2004-02-03,15.598569869995117
2004-02-04,15.062845230102539
2004-02-05,15.077330589294434
2004-02-06,15.849531173706055
2004-02-09,15.685441970825195
2004-02-10,16.047407150268555
2004-02-11,15.892962455749512
2004-02-12,15.55512809753418
2004-02-13,15.313809394836426
2004-02-17,15.77713680267334
2004-02-18,15.516514778137207
2004-02-19,15.92674732208252
2004-02-20,15.748184204101562
2004-02-23,16.057064056396484
2004-02-24,16.168062210083008
2004-02-25,17.18158721923828
2004-02-26,17.326377868652344
2004-02-27,17.495296478271484
2004-03-01,17.746265411376953
2004-03-02,17.673864364624023
2004-03-03,17.77039337158203
2004-03-04,17.82347869873047
2004-03-05,17.953798294067383
2004-03-08,17.8138370513916
2004-03-09,17.427732467651367
2004-03-10,17.519428253173828
2004-03-11,17.114015579223633
2004-03-12,17.615949630737305
2004-03-15,16.983707427978516
2004-03-16,16.84375
2004-03-17,17.225027084350586
2004-03-18,16.858232498168945
2004-03-19,16.882360458374023
2004-03-22,16.375593185424805
2004-03-23,16.520389556884766
2004-03-24,16.71343231201172
2004-03-25,17.38429069519043
2004-03-26,17.282928466796875
2004-03-29,17.389122009277344
2004-03-30,17.65454864501953
2004-03-31,17.982751846313477
2004-04-01,17.76556396484375
2004-04-02,18.219240188598633
2004-04-05,18.84665298461914
2004-04-06,18.53294563293457
2004-04-07,19.049362182617188
2004-04-08,18.66326332092285
2004-04-12,18.653606414794922
2004-04-13,18.199935913085938
2004-04-14,18.726003646850586
2004-04-15,18.20476722717285
2004-04-16,18.24818992614746
2004-04-19,18.57638931274414
2004-04-20,18.39781379699707
2004-04-21,18.6777286529541
2004-04-22,19.464420318603516
2004-04-23,19.18931770324707
2004-04-26,19.406511306762695
2004-04-27,19.54647445678711
2004-04-28,19.551292419433594
2004-04-29,19.223102569580078
2004-04-30,19.406511306762695
2004-05-03,19.556116104125977
2004-05-04,19.35824203491211
2004-05-05,19.725038528442383
2004-05-06,19.483728408813477
2004-05-07,18.880441665649414
2004-05-10,19.179670333862305
2004-05-11,19.459592819213867
2004-05-12,19.319631576538086
2004-05-13,19.05418586730957
2004-05-14,18.880441665649414
2004-05-17,18.716344833374023
2004-05-18,18.85630989074707
2004-05-19,18.841827392578125
2004-05-20,18.909574508666992
2004-05-21,19.136991500854492
2004-05-24,19.732147216796875
2004-05-25,20.332151412963867
2004-05-26,19.91117286682129
2004-05-27,19.78053092956543
2004-05-28,19.475696563720703
2004-06-01,19.68376350402832
2004-06-02,20.056337356567383
2004-06-03,19.451499938964844
2004-06-04,19.88698387145996
2004-06-07,20.22570037841797
2004-06-08,20.317636489868164
2004-06-09,20.249889373779297
2004-06-10,20.516014099121094
2004-06-14,20.801498413085938
2004-06-15,21.241817474365234
2004-06-16,21.24665069580078
2004-06-17,21.30471420288086
2004-06-18,21.106325149536133
2004-06-21,20.903108596801758
2004-06-22,21.17891502380371
2004-06-23,21.05794906616211
2004-06-24,21.48859214782715
2004-06-25,21.46439552307129
2004-06-28,21.319244384765625
2004-06-29,21.783742904663086
2004-06-30,21.77406883239746
2004-07-01,21.967618942260742
2004-07-02,21.803104400634766
2004-07-06,21.93859100341797
2004-07-07,21.807941436767578
2004-07-08,21.875682830810547
2004-07-09,22.34019660949707
2004-07-12,22.136974334716797
2004-07-13,22.02568244934082
2004-07-14,21.706321716308594
2004-07-15,21.812782287597656
2004-07-16,21.624074935913086
2004-07-19,20.840208053588867
2004-07-20,21.522457122802734
2004-07-21,20.9998836517334
2004-07-22,20.74343490600586
2004-07-23,20.186983108520508
2004-07-26,19.920856475830078
2004-07-27,19.925697326660156
2004-07-28,19.853113174438477
2004-07-29,19.90150260925293
2004-07-30,19.949892044067383
2004-08-02,20.424076080322266
2004-08-03,19.77569580078125
2004-08-04,20.235361099243164
2004-08-05,19.28215980529785
2004-08-06,19.262802124023438
2004-08-09,19.340213775634766
2004-08-10,19.93537139892578
2004-08-11,20.109560012817383
2004-08-12,19.82891082763672
2004-08-13,19.877309799194336
2004-08-16,20.12408447265625
2004-08-17,20.322473526000977
2004-08-18,20.312803268432617
2004-08-19,20.196380615234375
2004-08-20,21.074291229248047
2004-08-23,21.064571380615234
2004-08-24,21.27313232421875
2004-08-25,21.549606323242188
2004-08-26,21.50594711303711
2004-08-27,21.651445388793945
2004-08-30,20.516496658325195
2004-08-31,20.4631404876709
2004-09-01,20.875415802001953
2004-09-02,21.307092666625977
2004-09-03,21.336185455322266
2004-09-07,21.821212768554688
2004-09-08,21.350740432739258
2004-09-09,21.190683364868164
2004-09-10,21.248891830444336
2004-09-13,21.20765495300293
2004-09-14,20.807514190673828
2004-09-15,20.240036010742188
2004-09-16,20.298246383666992
2004-09-17,19.81079864501953
2004-09-20,19.890823364257812
2004-09-21,20.138181686401367
2004-09-22,19.548866271972656
2004-09-23,19.512496948242188
2004-09-24,19.825345993041992
2004-09-27,19.396093368530273
2004-09-28,19.221485137939453
2004-09-29,19.64345932006836
2004-09-30,19.45429801940918
2004-10-01,19.49794578552246
2004-10-04,19.774417877197266
2004-10-05,19.7380313873291
2004-10-06,19.541608810424805
2004-10-07,19.257863998413086
2004-10-08,19.032325744628906
2004-10-11,18.90137481689453
2004-10-12,18.734031677246094
2004-10-13,18.915925979614258
2004-10-14,18.835895538330078
2004-10-15,19.33789825439453
2004-10-18,19.650737762451172
2004-10-19,19.665285110473633
2004-10-20,19.58525848388672
2004-10-21,20.46556854248047
2004-10-22,20.378271102905273
2004-10-25,21.083967208862305
2004-10-26,20.931188583374023
2004-10-27,21.22948455810547
2004-10-28,21.535051345825195
2004-10-29,21.236766815185547
2004-11-01,21.68054962158203
2004-11-02,21.491395950317383
2004-11-03,22.08797264099121
2004-11-04,22.24803352355957
2004-11-05,22.524494171142578
2004-11-08,22.429916381835938
2004-11-09,22.378995895385742
2004-11-10,22.975566864013672
2004-11-11,23.375707626342773
2004-11-12,23.521228790283203
2004-11-15,23.361162185668945
2004-11-16,22.873714447021484
2004-11-17,23.33933448791504
2004-11-18,23.186222076416016
2004-11-19,22.50813102722168
2004-11-22,22.94561004638672
2004-11-23,22.734167098999023
2004-11-24,23.244544982910156
2004-11-26,22.96748161315918
2004-11-29,23.332048416137695
2004-11-30,22.98935890197754
2004-12-01,23.324745178222656
2004-12-02,23.324745178222656
2004-12-03,23.259132385253906
2004-12-06,23.069551467895508
2004-12-07,22.704992294311523
2004-12-08,23.003936767578125
2004-12-09,22.7414493560791
2004-12-10,23.033100128173828
2004-12-13,23.40496253967285
2004-12-14,23.273717880249023
2004-12-15,23.237258911132812
2004-12-16,22.94561004638672
2004-12-17,22.566463470458984
2004-12-20,22.48625946044922
2004-12-21,23.164339065551758
2004-12-22,23.193504333496094
2004-12-23,23.310176849365234
2004-12-27,22.894563674926758
2004-12-28,23.45599937438965
2004-12-29,23.40496253967285
2004-12-30,23.368494033813477
2004-12-31,23.259132385253906
2005-01-03,23.324745178222656
2005-01-04,22.734167098999023
2005-01-05,21.859207153320312
2005-01-06,21.757131576538086
2005-01-07,21.69151496887207
2005-01-10,22.077943801879883
2005-01-11,22.099821090698242
2005-01-12,22.180021286010742
2005-01-13,22.23836898803711
2005-01-14,22.223777770996094
2005-01-18,22.34772491455078
2005-01-19,21.655054092407227
2005-01-20,21.516529083251953
2005-01-21,21.450897216796875
2005-01-24,21.19570541381836
2005-01-25,21.246742248535156
2005-01-26,21.779010772705078
2005-01-27,21.545682907104492
2005-01-28,21.33423614501953
2005-01-31,21.669641494750977
2005-02-01,22.056072235107422
2005-02-02,22.588336944580078
2005-02-03,22.57375144958496
2005-02-04,22.807071685791016
2005-02-07,23.14975929260254
2005-02-08,23.485158920288086
2005-02-09,23.14975929260254
2005-02-10,23.193504333496094
2005-02-11,23.281002044677734
2005-02-14,22.97476577758789
2005-02-15,22.91645050048828
2005-02-16,23.288297653198242
2005-02-17,23.288297653198242
2005-02-18,24.6080265045166
2005-02-22,24.097623825073242
2005-02-23,24.33823585510254
2005-02-24,24.601274490356445
2005-02-25,25.346548080444336
2005-02-28,24.871618270874023
2005-03-01,24.92277717590332
2005-03-02,24.740102767944336
2005-03-03,24.623210906982422
2005-03-04,24.88623809814453
2005-03-07,25.03236198425293
2005-03-08,24.645118713378906
2005-03-09,24.111730575561523
2005-03-10,24.14826202392578
2005-03-11,24.367464065551758
2005-03-14,24.374771118164062
2005-03-15,24.031362533569336
2005-03-16,23.89984703063965
2005-03-17,23.74641227722168
2005-03-18,23.841392517089844
2005-03-21,23.731792449951172
2005-03-22,23.07419776916504
2005-03-23,23.088815689086914
2005-03-24,23.315319061279297
2005-03-28,23.73910140991211
2005-03-29,23.00113296508789
2005-03-30,23.73910140991211
2005-03-31,23.278783798217773
2005-04-01,23.23494529724121
2005-04-04,23.154565811157227
2005-04-05,23.227638244628906
2005-04-06,23.110733032226562
2005-04-07,23.13996696472168
2005-04-08,22.723487854003906
2005-04-11,23.052274703979492
2005-04-12,23.2714786529541
2005-04-13,22.862316131591797
2005-04-14,22.88422966003418
2005-04-15,22.212024688720703
2005-04-18,23.052274703979492
2005-04-19,23.629501342773438
2005-04-20,23.249557495117188
2005-04-21,23.921772003173828
2005-04-22,23.782943725585938
2005-04-25,24.25056266784668
2005-04-26,24.440536499023438
2005-04-27,24.228633880615234
2005-04-28,24.111730575561523
2005-04-29,23.804855346679688
2005-05-02,23.92906951904297
2005-05-03,24.045974731445312
2005-05-04,24.74740219116211
2005-05-05,24.783939361572266
2005-05-06,24.637802124023438
2005-05-09,25.236955642700195
2005-05-10,24.520910263061523
2005-05-11,25.03236198425293
2005-05-12,24.791248321533203
2005-05-13,24.360158920288086
2005-05-16,24.67433738708496
2005-05-17,24.981225967407227
2005-05-18,25.77033233642578
2005-05-19,26.524829864501953
2005-05-20,25.916839599609375
2005-05-23,25.711721420288086
2005-05-24,25.99741554260254
2005-05-25,25.601850509643555
2005-05-26,25.74103355407715
2005-05-27,26.26844024658203
2005-05-31,26.246479034423828
2005-06-01,26.546812057495117
2005-06-02,26.51017951965332
2005-06-03,26.407625198364258
2005-06-06,25.960779190063477
2005-06-07,25.79231071472168
2005-06-08,25.45534896850586
2005-06-09,25.389415740966797
2005-06-10,25.052465438842773
2005-06-13,25.2429141998291
2005-06-14,25.45534896850586
2005-06-15,25.909513473510742
2005-06-16,26.942371368408203
2005-06-17,26.51017951965332
2005-06-20,26.50286102294922
2005-06-21,26.136592864990234
2005-06-22,26.173221588134766
2005-06-23,25.323488235473633
2005-06-24,24.832693099975586
2005-06-27,25.162328720092773
2005-06-28,25.682430267333984
2005-06-29,25.53591537475586
2005-06-30,25.704408645629883
2005-07-01,25.990097045898438
2005-07-05,25.931495666503906
2005-07-06,25.799623489379883
2005-07-07,25.916839599609375
2005-07-08,26.0779972076416
2005-07-11,26.378326416015625
2005-07-12,26.107295989990234
2005-07-13,26.0779972076416
2005-07-14,26.026714324951172
2005-07-15,26.68599510192871
2005-07-18,26.385648727416992
2005-07-19,26.554141998291016
2005-07-20,27.037599563598633
2005-07-21,26.92038917541504
2005-07-22,26.957019805908203
2005-07-25,26.495519638061523
2005-07-26,26.312400817871094
2005-07-27,26.458904266357422
2005-07-28,26.73725128173828
2005-07-29,26.693307876586914
2005-08-01,26.612741470336914
2005-08-02,26.664024353027344
2005-08-03,26.488208770751953
2005-08-04,26.385648727416992
2005-08-05,26.297752380371094
2005-08-08,26.26844024658203
2005-08-09,26.356353759765625
2005-08-10,26.53215980529785
2005-08-11,26.554141998291016
2005-08-12,26.334375381469727
2005-08-15,26.312400817871094
2005-08-16,26.23914337158203
2005-08-17,25.880210876464844
2005-08-18,25.61583709716797
2005-08-19,25.32206153869629
2005-08-22,25.160491943359375
2005-08-23,25.182533264160156
2005-08-24,25.366134643554688
2005-08-25,26.18132209777832
2005-08-26,25.336750030517578
2005-08-29,25.968332290649414
2005-08-30,26.328189849853516
2005-08-31,26.878982543945312
2005-09-01,26.26209831237793
2005-09-02,26.335525512695312
2005-09-06,26.577882766723633
2005-09-07,26.489768981933594
2005-09-08,26.453039169311523
2005-09-09,26.21802520751953
2005-09-12,26.423667907714844
2005-09-13,26.10787582397461
2005-09-14,25.454259872436523
2005-09-15,25.64519691467285
2005-09-16,25.586456298828125
2005-09-19,25.557077407836914
2005-09-20,25.05768394470215
2005-09-21,25.065027236938477
2005-09-22,24.947526931762695
2005-09-23,25.145814895629883
2005-09-26,25.2633113861084
2005-09-27,25.3441104888916
2005-09-28,25.241287231445312
2005-09-29,25.674577713012695
2005-09-30,25.652542114257812
2005-10-03,25.770055770874023
2005-10-04,25.278003692626953
2005-10-05,24.976896286010742
2005-10-06,25.336750030517578
2005-10-07,25.439571380615234
2005-10-10,24.8961124420166
2005-10-11,24.697824478149414
2005-10-12,24.53626251220703
2005-10-13,24.462820053100586
2005-10-14,23.86795425415039
2005-10-17,23.926706314086914
2005-10-18,23.86795425415039
2005-10-19,23.904680252075195
2005-10-20,25.065027236938477
2005-10-21,25.278003692626953
2005-10-24,25.84348487854004
2005-10-25,25.858179092407227
2005-10-26,26.063812255859375
2005-10-27,25.681922912597656
2005-10-28,26.328189849853516
2005-10-31,26.41632843017578
2005-11-01,26.73212242126465
2005-11-02,27.459182739257812
2005-11-03,27.74557876586914
2005-11-04,27.951217651367188
2005-11-07,28.083410263061523
2005-11-08,28.120128631591797
2005-11-09,27.958568572998047
2005-11-10,28.303722381591797
2005-11-11,28.9353084564209
2005-11-14,28.612171173095703
2005-11-15,28.40654182434082
2005-11-16,28.024658203125
2005-11-17,28.35591697692871
2005-11-18,28.370643615722656
2005-11-21,28.34119987487793
2005-11-22,28.930097579956055
2005-11-23,29.09205436706543
2005-11-25,29.276086807250977
2005-11-28,28.88593101501465
2005-11-29,28.856496810913086
2005-11-30,28.657733917236328
2005-12-01,28.48842430114746
2005-12-02,28.70925521850586
2005-12-05,28.62828254699707
2005-12-06,28.289653778076172
2005-12-07,28.12034797668457
2005-12-08,28.090909957885742
2005-12-09,28.35591697692871
2005-12-12,28.370643615722656
2005-12-13,28.70925521850586
2005-12-14,28.687177658081055
2005-12-15,28.687177658081055
2005-12-16,28.47369956970215
2005-12-19,28.23077392578125
2005-12-20,28.31174087524414
2005-12-21,28.149803161621094
2005-12-22,27.92160415649414
2005-12-23,27.943674087524414
2005-12-27,27.612417221069336
2005-12-28,27.52410125732422
2005-12-29,27.244356155395508
2005-12-30,27.398937225341797
2006-01-03,26.971981048583984
2006-01-04,26.82475471496582
2006-01-05,26.51557731628418
2006-01-06,26.94990348815918
2006-01-09,26.898380279541016
2006-01-10,27.811161041259766
2006-01-11,27.23700714111328
2006-01-12,26.88364601135254
2006-01-13,27.04559326171875
2006-01-17,27.185470581054688
2006-01-18,27.016143798828125
2006-01-19,27.38422393798828
2006-01-20,27.612417221069336
2006-01-23,27.936311721801758
2006-01-24,28.157146453857422
2006-01-25,28.716617584228516
2006-01-26,29.327611923217773
2006-01-27,29.85027313232422
2006-01-30,29.334964752197266
2006-01-31,29.35706329345703
2006-02-01,29.519006729125977
2006-02-02,28.856496810913086
2006-02-03,29.276086807250977
2006-02-06,28.790231704711914
2006-02-07,28.35591697692871
2006-02-08,28.554662704467773
2006-02-09,28.856496810913086
2006-02-10,29.24663543701172
2006-02-13,29.12885856628418
2006-02-14,30.29195213317871
2006-02-15,31.418231964111328
2006-02-16,31.54338264465332
2006-02-17,32.198524475097656
2006-02-21,31.786304473876953
2006-02-22,32.11019515991211
2006-02-23,31.888900756835938
2006-02-24,32.32413864135742
2006-02-27,32.36837387084961
2006-02-28,32.06594467163086
2006-03-01,32.4568977355957
2006-03-02,32.34624481201172
2006-03-03,31.94792366027832
2006-03-06,31.571712493896484
2006-03-07,32.06594467163086
2006-03-08,32.03643035888672
2006-03-09,32.84786605834961
2006-03-10,32.98801040649414
2006-03-13,32.8699836730957
2006-03-14,32.41262435913086
2006-03-15,33.5265007019043
2006-03-16,33.828941345214844
2006-03-17,33.806819915771484
2006-03-20,34.286293029785156
2006-03-21,33.666656494140625
2006-03-22,34.27891159057617
2006-03-23,34.45595932006836
2006-03-24,34.500205993652344
2006-03-27,34.59611129760742
2006-03-28,34.5592155456543
2006-03-29,34.005985260009766
2006-03-30,34.30104446411133
2006-03-31,34.60348129272461
2006-04-03,35.56243896484375
2006-04-04,35.79111099243164
2006-04-05,36.30746078491211
2006-04-06,35.975528717041016
2006-04-07,35.960777282714844
2006-04-10,35.9681396484375
2006-04-11,35.70258712768555
2006-04-12,35.32638931274414
2006-04-13,35.038700103759766
2006-04-17,34.90592575073242
2006-04-18,35.62145233154297
2006-04-19,36.72793960571289
2006-04-20,36.14518356323242
2006-04-21,35.156734466552734
2006-04-24,34.891178131103516
2006-04-25,35.134586334228516
2006-04-26,34.891178131103516
2006-04-27,34.514976501464844
2006-04-28,34.46332550048828
2006-05-01,34.45595932006836
2006-05-02,34.10189437866211
2006-05-03,34.68461990356445
2006-05-04,34.315792083740234
2006-05-05,34.4854621887207
2006-05-08,33.858463287353516
2006-05-09,34.323177337646484
2006-05-10,34.005985260009766
2006-05-11,33.150299072265625
2006-05-12,32.38315200805664
2006-05-15,32.64869689941406
2006-05-16,32.538047790527344
2006-05-17,31.5127010345459
2006-05-18,31.597742080688477
2006-05-19,32.137550354003906
2006-05-22,32.27805709838867
2006-05-23,32.75132369995117
2006-05-24,31.723459243774414
2006-05-25,32.048828125
2006-05-26,32.21889114379883
2006-05-30,32.18193054199219
2006-05-31,31.937904357910156
2006-06-01,32.3593864440918
2006-06-02,33.20241165161133
2006-06-05,32.81047821044922
2006-06-06,30.473730087280273
2006-06-07,30.399784088134766
2006-06-08,30.13357925415039
2006-06-09,30.96919059753418
2006-06-12,30.200122833251953
2006-06-13,29.786043167114258
2006-06-14,30.362817764282227
2006-06-15,31.139265060424805
2006-06-16,31.146656036376953
2006-06-19,30.540281295776367
2006-06-20,30.05223846435547
2006-06-21,31.25018310546875
2006-06-22,31.05792236328125
2006-06-23,30.680782318115234
2006-06-26,30.92482566833496
2006-06-27,30.48853874206543
2006-06-28,30.784318923950195
2006-06-29,31.826990127563477
2006-06-30,32.26326370239258
2006-07-03,32.35200500488281
2006-07-05,33.416847229003906
2006-07-06,33.971458435058594
2006-07-07,34.08976745605469
2006-07-10,33.793975830078125
2006-07-11,32.64779281616211
2006-07-12,31.834373474121094
2006-07-13,30.95440673828125
2006-07-14,30.214921951293945
2006-07-17,30.030057907104492
2006-07-18,29.660316467285156
2006-07-19,30.732559204101562
2006-07-20,28.491962432861328
2006-07-21,28.247915267944336
2006-07-24,28.92084312438965
2006-07-25,29.482837677001953
2006-07-26,29.231420516967773
2006-07-27,28.543712615966797
2006-07-28,28.551101684570312
2006-07-31,28.787742614746094
2006-08-01,28.76555633544922
2006-08-02,29.20925521850586
2006-08-03,29.88215446472168
2006-08-04,29.719467163085938
2006-08-07,29.482837677001953
2006-08-08,29.253610610961914
2006-08-09,27.99649429321289
2006-08-10,28.203556060791016
2006-08-11,28.23313331604004
2006-08-14,28.018692016601562
2006-08-15,28.87647247314453
2006-08-16,29.830394744873047
2006-08-17,29.98238754272461
2006-08-18,28.914762496948242
2006-08-21,28.1214599609375
2006-08-22,28.26974105834961
2006-08-23,28.084383010864258
2006-08-24,26.779525756835938
2006-08-25,26.705381393432617
2006-08-28,27.30591583251953
2006-08-29,27.380062103271484
2006-08-30,28.076976776123047
2006-08-31,28.225263595581055
2006-09-01,28.173351287841797
2006-09-05,28.188188552856445
2006-09-06,28.210437774658203
2006-09-07,28.14370346069336
2006-09-08,28.462501525878906
2006-09-11,28.521812438964844
2006-09-12,29.804439544677734
2006-09-13,29.685827255249023
2006-09-14,29.730302810668945
2006-09-15,29.759971618652344
2006-09-18,29.96013832092285
2006-09-19,29.989797592163086
2006-09-20,30.316015243530273
2006-09-21,30.049110412597656
2006-09-22,29.663572311401367
2006-09-25,29.6932373046875
2006-09-26,28.848052978515625
2006-09-27,28.536651611328125
2006-09-28,28.447673797607422
2006-09-29,28.544057846069336
2006-10-02,28.46992301940918
2006-10-03,28.380937576293945
2006-10-04,28.766489028930664
2006-10-05,28.855453491210938
2006-10-06,28.68490982055664
2006-10-09,28.536651611328125
2006-10-10,28.78130340576172
2006-10-11,28.848052978515625
2006-10-12,29.307708740234375
2006-10-13,29.745128631591797
2006-10-16,30.538434982299805
2006-10-17,29.78961753845215
2006-10-18,30.582929611206055
2006-10-19,29.05562973022461
2006-10-20,28.899934768676758
2006-10-23,30.03428840637207
2006-10-24,31.1538143157959
2006-10-25,30.723796844482422
2006-10-26,30.990676879882812
2006-10-27,30.330839157104492
2006-10-30,30.582929611206055
2006-10-31,30.38274383544922
2006-11-01,29.730302810668945
2006-11-02,29.62651252746582
2006-11-03,29.648754119873047
2006-11-06,30.523603439331055
2006-11-07,30.249292373657227
2006-11-08,30.50879669189453
2006-11-09,29.878591537475586
2006-11-10,30.05652618408203
2006-11-13,30.197399139404297
2006-11-14,30.56809425354004
2006-11-15,31.176034927368164
2006-11-16,31.227933883666992
2006-11-17,31.420705795288086
2006-11-20,31.14638900756836
2006-11-21,31.16121482849121
2006-11-22,31.551422119140625
2006-11-24,31.254125595092773
2006-11-27,30.540597915649414
2006-11-28,30.421682357788086
2006-11-29,30.213565826416016
2006-11-30,30.451406478881836
2006-12-01,29.893953323364258
2006-12-04,30.131805419921875
2006-12-05,29.730443954467773
2006-12-06,29.6561279296875
2006-12-07,29.33652114868164
2006-12-08,28.84596061706543
2006-12-11,29.04664421081543
2006-12-12,28.66756248474121
2006-12-13,28.972328186035156
2006-12-14,28.897977828979492
2006-12-15,28.54865074157715
2006-12-18,28.622968673706055
2006-12-19,28.697307586669922
2006-12-20,28.97974967956543
2006-12-21,28.600688934326172
2006-12-22,28.660137176513672
2006-12-26,28.66756248474121
2006-12-27,29.04664421081543
2006-12-28,29.19528579711914
2006-12-29,29.1135311126709
2007-01-03,29.42569923400879
2007-01-04,29.7081356048584
2007-01-05,29.559484481811523
2007-01-08,29.529748916625977
2007-01-09,29.618946075439453
2007-01-10,29.67097282409668
2007-01-11,30.161529541015625
2007-01-12,27.01754379272461
2007-01-16,27.14388656616211
2007-01-17,27.03240394592285
2007-01-18,27.322267532348633
2007-01-19,27.10672950744629
2007-01-22,27.099287033081055
2007-01-23,27.14388656616211
2007-01-24,27.292539596557617
2007-01-25,26.95062828063965
2007-01-26,26.839160919189453
2007-01-29,26.831729888916016
2007-01-30,26.846576690673828
2007-01-31,27.203357696533203
2007-02-01,27.2628173828125
2007-02-02,28.496627807617188
2007-02-05,28.072982788085938
2007-02-06,28.191898345947266
2007-02-07,28.392580032348633
2007-02-08,27.87228012084961
2007-02-09,27.38173484802246
2007-02-12,27.27767562866211
2007-02-13,26.935779571533203
2007-02-14,27.039840698242188
2007-02-15,27.35200309753418
2007-02-16,27.181060791015625
2007-02-20,26.943218231201172
2007-02-21,27.076993942260742
2007-02-22,26.995248794555664
2007-02-23,26.668201446533203
2007-02-26,26.749963760375977
2007-02-27,26.081022262573242
2007-02-28,26.088455200195312
2007-03-01,26.025102615356445
2007-03-02,26.077281951904297
2007-03-05,25.987817764282227
2007-03-06,26.338197708129883
2007-03-07,26.32328987121582
2007-03-08,26.122005462646484
2007-03-09,26.122005462646484
2007-03-12,26.032550811767578
2007-03-13,25.704530715942383
2007-03-14,25.71199607849121
2007-03-15,25.875995635986328
2007-03-16,25.421255111694336
2007-03-19,25.615070343017578
2007-03-20,25.71199607849121
2007-03-21,25.629987716674805
2007-03-22,25.875995635986328
2007-03-23,26.763141632080078
2007-03-26,26.382923126220703
2007-03-27,26.32328987121582
2007-03-28,26.15928077697754
2007-03-29,26.792932510375977
2007-03-30,26.688583374023438
2007-04-02,26.912233352661133
2007-04-03,27.106048583984375
2007-04-04,26.919687271118164
2007-04-05,27.29242706298828
2007-04-09,26.994234085083008
2007-04-10,26.912233352661133
2007-04-11,26.87494468688965
2007-04-12,26.860048294067383
2007-04-13,26.837677001953125
2007-04-16,26.87494468688965
2007-04-17,26.69603729248047
2007-04-18,26.822772979736328
2007-04-19,28.209392547607422
2007-04-20,29.439443588256836
2007-04-23,28.529956817626953
2007-04-24,28.61195182800293
2007-04-25,28.597043991088867
2007-04-26,29.521453857421875
2007-04-27,29.193418502807617
2007-04-30,29.916580200195312
2007-05-01,29.73016357421875
2007-05-02,30.095481872558594
2007-05-03,28.828134536743164
2007-05-04,28.828134536743164
2007-05-07,28.597043991088867
2007-05-08,28.21683120727539
2007-05-09,28.31376075744629
2007-05-10,28.462848663330078
2007-05-11,28.649234771728516
2007-05-14,28.96978759765625
2007-05-15,29.20088768005371
2007-05-16,29.01449966430664
2007-05-17,29.35102653503418
2007-05-18,29.56039810180664
2007-05-21,29.934303283691406
2007-05-22,30.203502655029297
2007-05-23,30.48019790649414
2007-05-24,30.517580032348633
2007-05-25,30.57740020751953
2007-05-29,30.532546997070312
2007-05-30,30.66713523864746
2007-05-31,30.62226104736328
2007-06-01,30.532546997070312
2007-06-04,30.93635368347168
2007-06-05,31.093395233154297
2007-06-06,30.92140007019043
2007-06-07,30.846609115600586
2007-06-08,30.898963928222656
2007-06-11,31.018596649169922
2007-06-12,30.614795684814453
2007-06-13,30.719505310058594
2007-06-14,31.183116912841797
2007-06-15,31.691638946533203
2007-06-18,31.392515182495117
2007-06-19,31.370071411132812
2007-06-20,30.981204986572266
2007-06-21,30.95128631591797
2007-06-22,30.046466827392578
2007-06-25,29.73238754272461
2007-06-26,29.642658233642578
2007-06-27,29.896909713745117
2007-06-28,29.47066879272461
2007-06-29,29.186498641967773
2007-07-02,28.19940757751465
2007-07-03,26.150453567504883
2007-07-05,26.277563095092773
2007-07-06,26.599132537841797
2007-07-09,26.64399528503418
2007-07-10,26.479480743408203
2007-07-11,26.56174087524414
2007-07-12,26.830936431884766
2007-07-13,26.86084747314453
2007-07-16,26.673912048339844
2007-07-17,26.210275650024414
2007-07-18,26.202796936035156
2007-07-19,25.701766967773438
2007-07-20,25.574649810791016
2007-07-23,25.38021469116211
2007-07-24,25.230667114257812
2007-07-25,25.484907150268555
2007-07-26,25.11849021911621
2007-07-27,25.305444717407227
2007-07-30,25.1259708404541
2007-07-31,25.133447647094727
2007-08-01,25.395177841186523
2007-08-02,25.709247589111328
2007-08-03,25.612022399902344
2007-08-06,25.52977752685547
2007-08-07,26.539308547973633
2007-08-08,26.97303581237793
2007-08-09,27.324493408203125
2007-08-10,26.187843322753906
2007-08-13,25.686817169189453
2007-08-14,25.07362174987793
2007-08-15,24.96893882751465
2007-08-16,25.749441146850586
2007-08-17,25.61435890197754
2007-08-20,26.507442474365234
2007-08-21,25.892040252685547
2007-08-22,25.471755981445312
2007-08-23,25.081510543823242
2007-08-24,25.013957977294922
2007-08-27,24.878873825073242
2007-08-28,24.72876739501953
2007-08-29,24.661230087280273
2007-08-30,24.563655853271484
2007-08-31,24.50362205505371
2007-09-04,24.090856552124023
2007-09-05,24.030811309814453
2007-09-06,23.865707397460938
2007-09-07,23.310335159301758
2007-09-10,22.132062911987305
2007-09-11,22.61988067626953
2007-09-12,22.357213973999023
2007-09-13,21.61422348022461
2007-09-14,21.62172508239746
2007-09-17,20.833703994750977
2007-09-18,21.268991470336914
2007-09-19,21.644245147705078
2007-09-20,21.081369400024414
2007-09-21,18.61225128173828
2007-09-24,18.432119369506836
2007-09-25,18.61225128173828
2007-09-26,18.59724235534668
2007-09-27,18.589733123779297
2007-09-28,18.74734115600586
2007-10-01,18.90494155883789
2007-10-02,19.903100967407227
2007-10-03,19.850561141967773
2007-10-04,19.903100967407227
2007-10-05,20.20330047607422
2007-10-08,20.128250122070312
2007-10-09,20.413433074951172
2007-10-10,20.285850524902344
2007-10-11,20.023176193237305
2007-10-12,20.210796356201172
2007-10-15,19.858070373535156
2007-10-16,19.19013214111328
2007-10-17,19.05504035949707
2007-10-18,18.50718116760254
2007-10-19,18.146947860717773
2007-10-22,17.554048538208008
2007-10-23,18.267017364501953
2007-10-24,18.019365310668945
2007-10-25,18.034364700317383
2007-10-26,17.786705017089844
2007-10-29,18.004344940185547
2007-10-30,17.72667121887207
2007-10-31,17.69664764404297
2007-11-01,17.238840103149414
2007-11-02,17.388946533203125
2007-11-05,16.99117660522461
2007-11-06,16.893613815307617
2007-11-07,16.34575843811035
2007-11-08,16.203157424926758
2007-11-09,16.450824737548828
2007-11-12,16.630949020385742
2007-11-13,16.630949020385742
2007-11-14,16.19565773010254
2007-11-15,16.218175888061523
2007-11-16,16.11309814453125
2007-11-19,15.587761878967285
2007-11-20,15.445159912109375
2007-11-21,15.588590621948242
2007-11-23,16.147214889526367
2007-11-26,16.064178466796875
2007-11-27,15.769763946533203
2007-11-28,16.086828231811523
2007-11-29,15.943398475646973
2007-11-30,16.094383239746094
2007-12-03,15.747126579284668
2007-12-04,15.550854682922363
2007-12-05,15.294184684753418
2007-12-06,16.23780059814453
2007-12-07,16.894559860229492
2007-12-10,16.962505340576172
2007-12-11,17.03044319152832
2007-12-12,16.55485725402832
2007-12-13,16.509571075439453
2007-12-14,15.769763946533203
2007-12-17,15.505556106567383
2007-12-18,15.36967945098877
2007-12-19,15.362129211425781
2007-12-20,15.377213478088379
2007-12-21,15.550854682922363
2007-12-24,15.482902526855469
2007-12-26,15.248897552490234
2007-12-27,15.075255393981934
2007-12-28,15.09036636352539
2007-12-31,14.96958065032959
2008-01-02,14.946934700012207
2008-01-03,14.161842346191406
2008-01-04,13.965572357177734
2008-01-07,13.965572357177734
2008-01-08,13.965572357177734
2008-01-09,13.829686164855957
2008-01-10,13.988219261169434
2008-01-11,13.791942596435547
2008-01-14,13.859878540039062
2008-01-15,13.588120460510254
2008-01-16,13.66360855102539
2008-01-17,13.746648788452148
2008-01-18,13.580573081970215
2008-01-22,14.297719955444336
2008-01-23,15.943398475646973
2008-01-24,15.754664421081543
2008-01-25,15.883001327514648
2008-01-28,16.48691749572754
2008-01-29,17.158781051635742
2008-01-30,18.011804580688477
2008-01-31,18.600616455078125
2008-02-01,18.253379821777344
2008-02-04,17.347501754760742
2008-02-05,16.63034439086914
2008-02-06,15.913192749023438
2008-02-07,16.05663299560547
2008-02-08,15.988690376281738
2008-02-11,15.966038703918457
2008-02-12,15.822614669799805
2008-02-13,15.958480834960938
2008-02-14,15.694280624389648
2008-02-15,15.437613487243652
2008-02-19,15.029970169067383
2008-02-20,14.350566864013672
2008-02-21,14.826150894165039
2008-02-22,14.52419376373291
2008-02-25,14.939384460449219
2008-02-26,15.354573249816895
2008-02-27,15.211149215698242
2008-02-28,14.59212589263916
2008-02-29,14.380763053894043
2008-03-03,14.811054229736328
2008-03-04,14.90919017791748
2008-03-05,15.067709922790527
2008-03-06,15.143200874328613
2008-03-07,15.1507568359375
2008-03-10,14.954483032226562
2008-03-11,15.54330062866211
2008-03-12,15.19604778289795
2008-03-13,15.256802558898926
2008-03-14,14.618884086608887
2008-03-17,14.163236618041992
2008-03-18,14.201199531555176
2008-03-19,14.368276596069336
2008-03-20,14.383466720581055
2008-03-24,15.11251163482666
2008-03-25,15.218829154968262
2008-03-26,15.097321510314941
2008-03-27,14.861900329589844
2008-03-28,14.353086471557617
2008-03-31,14.345494270324707
2008-04-01,15.173271179199219
2008-04-02,15.218829154968262
2008-04-03,16.40353012084961
2008-04-04,16.418716430664062
2008-04-07,16.35036849975586
2008-04-08,16.365556716918945
2008-04-09,15.712457656860352
2008-04-10,15.127702713012695
2008-04-11,15.431471824645996
2008-04-14,15.135293960571289
2008-04-15,14.877093315124512
2008-04-16,15.021387100219727
2008-04-17,15.340335845947266
2008-04-18,15.545380592346191
2008-04-21,15.34792709350586
2008-04-22,15.150489807128906
2008-04-23,14.618884086608887
2008-04-24,15.932682037353516
2008-04-25,16.365556716918945
2008-04-28,16.441495895385742
2008-04-29,16.995882034301758
2008-04-30,16.578197479248047
2008-05-01,16.525033950805664
2008-05-02,16.517440795898438
2008-05-05,15.970659255981445
2008-05-06,16.061790466308594
2008-05-07,15.621325492858887
2008-05-08,15.234015464782715
2008-05-09,15.059346199035645
2008-05-12,15.841551780700684
2008-05-13,15.79598617553711
2008-05-14,16.821210861206055
2008-05-15,17.134416580200195
2008-05-16,16.89760971069336
2008-05-19,17.080944061279297
2008-05-20,16.805938720703125
2008-05-21,16.248291015625
2008-05-22,16.02674674987793
2008-05-23,15.60660457611084
2008-05-27,16.11077880859375
2008-05-28,15.698265075683594
2008-05-29,15.66006851196289
2008-05-30,15.744108200073242
2008-06-02,15.667707443237305
2008-06-03,15.60660457611084
2008-06-04,15.843409538269043
2008-06-05,15.98854923248291
2008-06-06,15.499649047851562
2008-06-09,15.46145248413086
2008-06-10,16.14133071899414
2008-06-11,15.560770034790039
2008-06-12,15.614243507385254
2008-06-13,15.789938926696777
2008-06-16,15.675354957580566
2008-06-17,15.499649047851562
2008-06-18,15.255202293395996
2008-06-19,15.476739883422852
2008-06-20,15.392709732055664
2008-06-23,15.094783782958984
2008-06-24,15.102426528930664
2008-06-25,15.064233779907227
2008-06-26,14.514215469360352
2008-06-27,13.819059371948242
2008-06-30,13.566973686218262
2008-07-01,13.200298309326172
2008-07-02,12.92529296875
2008-07-03,12.971126556396484
2008-07-07,12.719037055969238
2008-07-08,13.712116241455078
2008-07-09,13.773228645324707
2008-07-10,13.375999450683594
2008-07-11,13.635724067687988
2008-07-14,13.482939720153809
2008-07-15,13.757951736450195
2008-07-16,14.705190658569336
2008-07-17,15.232283592224121
2008-07-18,14.57533073425293
2008-07-21,15.033675193786621
2008-07-22,15.362154960632324
2008-07-23,15.568400382995605
2008-07-24,15.667707443237305
2008-07-25,16.737184524536133
2008-07-28,16.34759521484375
2008-07-29,17.65386962890625
2008-07-30,16.98163604736328
2008-07-31,16.867048263549805
2008-08-01,16.607318878173828
2008-08-04,16.271202087402344
2008-08-05,17.226085662841797
2008-08-06,17.17261505126953
2008-08-07,17.004552841186523
2008-08-08,17.967071533203125
2008-08-11,18.662229537963867
2008-08-12,17.94416046142578
2008-08-13,18.08930015563965
2008-08-14,18.158435821533203
2008-08-15,18.67306900024414
2008-08-18,18.296689987182617
2008-08-19,17.543930053710938
2008-08-20,17.797405242919922
2008-08-21,17.436397552490234
2008-08-22,17.935678482055664
2008-08-25,18.465679168701172
2008-08-26,18.58089828491211
2008-08-27,18.696115493774414
2008-08-28,18.719167709350586
2008-08-29,18.634662628173828
2008-09-02,18.88814926147461
2008-09-03,18.795970916748047
2008-09-04,17.958715438842773
2008-09-05,17.628427505493164
2008-09-08,18.9572811126709
2008-09-09,18.5501708984375
2008-09-10,18.335094451904297
2008-09-11,18.40423011779785
2008-09-12,17.590017318725586
2008-09-15,17.57465934753418
2008-09-16,17.659151077270508
2008-09-17,17.136825561523438
2008-09-18,18.434947967529297
2008-09-19,19.871337890625
2008-09-22,19.01104736328125
2008-09-23,19.026412963867188
2008-09-24,18.58858299255371
2008-09-25,18.473358154296875
2008-09-26,18.204509735107422
2008-09-29,17.628427505493164
2008-09-30,17.92031478881836
2008-10-01,17.966400146484375
2008-10-02,17.044647216796875
2008-10-03,16.34565544128418
2008-10-06,15.039850234985352
2008-10-07,14.517528533935547
2008-10-08,14.594339370727539
2008-10-09,13.879982948303223
2008-10-10,13.319254875183105
2008-10-13,13.818534851074219
2008-10-14,13.2501220703125
2008-10-15,12.781566619873047
2008-10-16,13.63418197631836
2008-10-17,13.649540901184082
2008-10-20,13.879982948303223
2008-10-21,13.534333229064941
2008-10-22,12.520404815673828
2008-10-23,12.674031257629395
2008-10-24,12.458953857421875
2008-10-27,12.074894905090332
2008-10-28,12.482001304626465
2008-10-29,12.366783142089844
2008-10-30,12.6893949508667
2008-10-31,13.373022079467773
2008-11-03,14.048969268798828
2008-11-04,13.703311920166016
2008-11-05,13.273162841796875
2008-11-06,12.965917587280273
2008-11-07,13.058090209960938
2008-11-10,12.766204833984375
2008-11-11,12.505048751831055
2008-11-12,11.491121292114258
2008-11-13,12.051850318908691
2008-11-14,11.890545845031738
2008-11-17,11.537209510803223
2008-11-18,11.621700286865234
2008-11-19,10.861258506774902
2008-11-20,10.357343673706055
2008-11-21,10.69070053100586
2008-11-24,11.295402526855469
2008-11-25,12.574562072753906
2008-11-26,12.91567325592041
2008-11-28,13.357564926147461
2008-12-01,13.055215835571289
2008-12-02,13.551366806030273
2008-12-03,13.931252479553223
2008-12-04,13.179253578186035
2008-12-05,13.559131622314453
2008-12-08,13.187009811401367
2008-12-09,12.6908540725708
2008-12-10,13.140494346618652
2008-12-11,12.070649147033691
2008-12-12,12.318731307983398
2008-12-15,12.00862979888916
2008-12-16,12.706355094909668
2008-12-17,13.039717674255371
2008-12-18,12.884663581848145
2008-12-19,13.264537811279297
2008-12-22,12.838146209716797
2008-12-23,12.876911163330078
2008-12-24,12.969941139221191
2008-12-26,13.008705139160156
2008-12-29,12.667591094970703
2008-12-30,13.264537811279297
2008-12-31,13.931252479553223
2009-01-02,14.016522407531738
2009-01-05,14.435160636901855
2009-01-06,14.729759216308594
2009-01-07,14.256855010986328
2009-01-08,14.055289268493652
2009-01-09,13.628905296325684
2009-01-12,12.644332885742188
2009-01-13,13.008705139160156
2009-01-14,12.248954772949219
2009-01-15,12.574562072753906
2009-01-16,12.48929214477539
2009-01-20,12.070649147033691
2009-01-21,13.101729393005371
2009-01-22,12.473782539367676
2009-01-23,12.341991424560547
2009-01-26,12.411757469177246
2009-01-27,12.574562072753906
2009-01-28,13.256786346435547
2009-01-29,12.36524772644043
2009-01-30,12.287720680236816
2009-02-02,12.396254539489746
2009-02-03,12.551304817199707
2009-02-04,12.621078491210938
2009-02-05,12.923425674438477
2009-02-06,13.233529090881348
2009-02-09,13.124993324279785
2009-02-10,12.535799980163574
2009-02-11,12.752873420715332
2009-02-12,12.667591094970703
2009-02-13,12.613327980041504
2009-02-17,12.241207122802734
2009-02-18,11.78381061553955
2009-02-19,10.38835620880127
2009-02-20,10.65969181060791
2009-02-23,10.295323371887207
2009-02-24,10.775981903076172
2009-02-25,10.892274856567383
2009-02-26,10.675198554992676
2009-02-27,10.287575721740723
2009-03-02,10.124771118164062
2009-03-03,9.651867866516113
2009-03-04,9.954216957092285
2009-03-05,9.24935531616211
2009-03-06,9.077054977416992
2009-03-09,8.92042064666748
2009-03-10,9.452982902526855
2009-03-11,9.38249683380127
2009-03-12,9.94638442993164
2009-03-13,10.118682861328125
2009-03-16,9.750587463378906
2009-03-17,9.899398803710938
2009-03-18,10.063864707946777
2009-03-19,10.204835891723633
2009-03-20,10.071695327758789
2009-03-23,10.901863098144531
2009-03-24,10.6512451171875
2009-03-25,10.894033432006836
2009-03-26,11.269960403442383
2009-03-27,10.948856353759766
2009-03-30,10.557266235351562
2009-03-31,10.494610786437988
2009-04-01,10.682573318481445
2009-04-02,11.55190372467041
2009-04-03,11.481416702270508
2009-04-06,11.262126922607422
2009-04-07,10.635583877563477
2009-04-08,10.666910171508789
2009-04-09,11.387434005737305
2009-04-13,11.363938331604004
2009-04-14,11.05066967010498
2009-04-15,11.24646282196045
2009-04-16,11.7163724899292
2009-04-17,12.570040702819824
2009-04-20,11.904335021972656
2009-04-21,11.990484237670898
2009-04-22,12.54654312133789
2009-04-23,12.758003234863281
2009-04-24,13.337552070617676
2009-04-27,13.11043643951416
2009-04-28,13.032112121582031
2009-04-29,13.768301963806152
2009-04-30,13.987588882446289
2009-05-01,14.011090278625488
2009-05-04,14.449666976928711
2009-05-05,14.441835403442383
2009-05-06,14.340023040771484
2009-05-07,14.144227981567383
2009-05-08,14.465331077575684
2009-05-11,14.41051197052002
2009-05-12,14.011090278625488
2009-05-13,13.15742015838623
2009-05-14,13.354742050170898
2009-05-15,13.528385162353516
2009-05-18,14.159821510314941
2009-05-19,14.207178115844727
2009-05-20,13.994062423706055
2009-05-21,13.725708961486816
2009-05-22,13.338958740234375
2009-05-26,13.923030853271484
2009-05-27,13.907249450683594
2009-05-28,13.702032089233398
2009-05-29,13.757279396057129
2009-06-01,14.207178115844727
2009-06-02,14.514997482299805
2009-06-03,14.357142448425293
2009-06-04,14.301889419555664
2009-06-05,14.215075492858887
2009-06-08,13.994062423706055
2009-06-09,14.065102577209473
2009-06-10,13.757279396057129
2009-06-11,14.009851455688477
2009-06-12,14.167712211608887
2009-06-15,14.05720329284668
2009-06-16,13.394209861755371
2009-06-17,13.733598709106445
2009-06-18,13.528385162353516
2009-06-19,13.38631534576416
2009-06-22,12.833813667297363
2009-06-23,12.26552963256836
2009-06-24,12.155029296875
2009-06-25,12.423382759094238
2009-06-26,12.66806697845459
2009-06-29,13.03903579711914
2009-06-30,13.070601463317871
2009-07-01,13.141634941101074
2009-07-02,12.5812406539917
2009-07-06,12.66806697845459
2009-07-07,12.620709419250488
2009-07-08,12.557567596435547
2009-07-09,12.462850570678711
2009-07-10,12.802241325378418
2009-07-13,13.38631534576416
2009-07-14,14.128244400024414
2009-07-15,14.428181648254395
2009-07-16,14.436065673828125
2009-07-17,14.467641830444336
2009-07-20,14.238749504089355
2009-07-21,14.459747314453125
2009-07-22,14.578140258789062
2009-07-23,18.508790969848633
2009-07-24,18.958694458007812
2009-07-27,17.66425132751465
2009-07-28,17.86157989501953
2009-07-29,18.082578659057617
2009-07-30,18.216751098632812
2009-07-31,18.674541473388672
2009-08-03,18.76926040649414
2009-08-04,18.777156829833984
2009-08-05,18.737682342529297
2009-08-06,18.70612335205078
2009-08-07,18.8797550201416
2009-08-10,18.650861740112305
2009-08-11,18.272001266479492
2009-08-12,18.469337463378906
2009-08-13,18.913801193237305
2009-08-14,17.628005981445312
2009-08-17,16.81843376159668
2009-08-18,17.27878761291504
2009-08-19,17.469268798828125
2009-08-20,17.437522888183594
2009-08-21,18.080411911010742
2009-08-24,17.881986618041992
2009-08-25,18.286785125732422
2009-08-26,18.509008407592773
2009-08-27,18.882055282592773
2009-08-28,19.501131057739258
2009-08-31,18.90587043762207
2009-09-01,18.604257583618164
2009-09-02,18.5963191986084
2009-09-03,18.874113082885742
2009-09-04,18.778867721557617
2009-09-08,18.834428787231445
2009-09-09,18.993162155151367
2009-09-10,18.73918342590332
2009-09-11,18.707441329956055
2009-09-14,18.834428787231445
2009-09-15,18.79474639892578
2009-09-16,18.977296829223633
2009-09-17,18.850299835205078
2009-09-18,18.826492309570312
2009-09-21,18.643943786621094
2009-09-22,18.183603286743164
2009-09-23,17.47720718383789
2009-09-24,16.9930477142334
2009-09-25,16.691448211669922
2009-09-28,17.08036231994629
2009-09-29,17.326412200927734
2009-09-30,17.635948181152344
2009-10-01,17.072431564331055
2009-10-02,16.969234466552734
2009-10-05,17.326412200927734
2009-10-06,17.628005981445312
2009-10-07,17.572450637817383
2009-10-08,17.69150161743164
2009-10-09,18.056598663330078
2009-10-12,18.223278045654297
2009-10-13,18.104228973388672
2009-10-14,18.659812927246094
2009-10-15,18.699493408203125
2009-10-16,18.620132446289062
2009-10-19,18.74712562561035
2009-10-20,18.509008407592773
2009-10-21,18.5963191986084
2009-10-22,18.73124885559082
2009-10-23,18.12010383605957
2009-10-26,18.239152908325195
2009-10-27,16.262849807739258
2009-10-28,15.231051445007324
2009-10-29,15.762823104858398
2009-10-30,15.540593147277832
2009-11-02,15.492966651916504
2009-11-03,15.596145629882812
2009-11-04,15.365973472595215
2009-11-05,15.858068466186523
2009-11-06,15.992993354797363
2009-11-09,16.28666114807129
2009-11-10,16.02474021911621
2009-11-11,16.485082626342773
2009-11-12,16.381248474121094
2009-11-13,16.42119026184082
2009-11-16,16.84450340270996
2009-11-17,16.724702835083008
2009-11-18,16.293397903442383
2009-11-19,15.534635543823242
2009-11-20,15.231132507324219
2009-11-23,15.031458854675293
2009-11-24,14.616132736206055
2009-11-25,14.45639705657959
2009-11-27,14.264714241027832
2009-11-30,14.424452781677246
2009-12-01,14.59217643737793
2009-12-02,14.576203346252441
2009-12-03,14.176856994628906
2009-12-04,14.440427780151367
2009-12-07,14.640103340148926
2009-12-08,14.536264419555664
2009-12-09,14.424452781677246
2009-12-10,14.496332168579102
2009-12-11,14.632110595703125
2009-12-14,14.831781387329102
2009-12-15,14.656070709228516
2009-12-16,14.799837112426758
2009-12-17,14.632110595703125
2009-12-18,14.600162506103516
2009-12-21,14.935611724853516
2009-12-22,15.135287284851074
2009-12-23,15.334962844848633
2009-12-24,15.175224304199219
2009-12-28,15.287046432495117
2009-12-29,15.502687454223633
2009-12-30,15.494699478149414
2009-12-31,15.239115715026855
2010-01-04,15.446783065795898
2010-01-05,15.606524467468262
2010-01-06,15.10334300994873
2010-01-07,15.007502555847168
2010-01-08,14.895682334899902
2010-01-11,14.783867835998535
2010-01-12,14.743926048278809
2010-01-13,15.127300262451172
2010-01-14,15.231132507324219
2010-01-15,15.39087200164795
2010-01-19,15.76626205444336
2010-01-20,15.566584587097168
2010-01-21,15.574572563171387
2010-01-22,15.35094165802002
2010-01-25,15.263090133666992
2010-01-26,15.09535026550293
2010-01-27,15.175224304199219
2010-01-28,15.063400268554688
2010-01-29,14.664056777954102
2010-02-01,15.09535026550293
2010-02-02,15.055420875549316
2010-02-03,15.135287284851074
2010-02-04,14.751911163330078
2010-02-05,14.71996784210205
2010-02-08,14.839776039123535
2010-02-09,15.574572563171387
2010-02-10,15.63048267364502
2010-02-11,15.96593189239502
2010-02-12,16.45313835144043
2010-02-16,16.87644386291504
2010-02-17,16.76462745666504
2010-02-18,16.437162399291992
2010-02-19,16.501062393188477
2010-02-22,16.541000366210938
2010-02-23,16.229501724243164
2010-02-24,16.245473861694336
2010-02-25,16.31736183166504
2010-02-26,15.9579439163208
2010-03-01,16.165605545043945
2010-03-02,16.373266220092773
2010-03-03,16.668792724609375
2010-03-04,16.724702835083008
2010-03-05,17.263154983520508
2010-03-08,17.319427490234375
2010-03-09,17.608753204345703
2010-03-10,17.785558700561523
2010-03-11,17.72126007080078
2010-03-12,17.74537467956543
2010-03-15,17.79360008239746
2010-03-16,18.34010887145996
2010-03-17,18.251699447631836
2010-03-18,18.251699447631836
2010-03-19,18.412431716918945
2010-03-22,18.806241989135742
2010-03-23,19.031267166137695
2010-03-24,18.693716049194336
2010-03-25,18.56514549255371
2010-03-26,18.460657119750977
2010-03-29,18.573171615600586
2010-03-30,18.532983779907227
2010-03-31,18.1954402923584
2010-04-01,18.163288116455078
2010-04-05,18.830347061157227
2010-04-06,18.60531997680664
2010-04-07,18.356172561645508
2010-04-08,18.412431716918945
2010-04-09,18.291887283325195
2010-04-12,18.17133140563965
2010-04-13,18.139177322387695
2010-04-14,18.460657119750977
2010-04-15,18.991090774536133
2010-04-16,19.20004653930664
2010-04-19,20.03588104248047
2010-04-20,20.019805908203125
2010-04-21,19.626001358032227
2010-04-22,20.34931755065918
2010-04-23,20.510053634643555
2010-04-26,20.80742073059082
2010-04-27,20.421648025512695
2010-04-28,20.333240509033203
2010-04-29,20.32520866394043
2010-04-30,19.714406967163086
2010-05-03,20.405576705932617
2010-05-04,19.85907745361328
2010-05-05,19.617965698242188
2010-05-06,19.17593002319336
2010-05-07,18.74997901916504
2010-05-10,19.746549606323242
2010-05-11,19.9876651763916
2010-05-12,20.79938316345215
2010-05-13,20.30665397644043
2010-05-14,20.145109176635742
2010-05-17,20.492443084716797
2010-05-18,20.128952026367188
2010-05-19,20.07241439819336
2010-05-20,19.6846981048584
2010-05-21,19.490848541259766
2010-05-24,19.474679946899414
2010-05-25,18.66694450378418
2010-05-26,19.103120803833008
2010-05-27,19.563533782958984
2010-05-28,19.37775230407715
2010-06-01,18.876949310302734
2010-06-02,19.482757568359375
2010-06-03,19.692773818969727
2010-06-04,18.95772361755371
2010-06-07,18.43269920349121
2010-06-08,18.319612503051758
2010-06-09,18.58616065979004
2010-06-10,19.159658432006836
2010-06-11,19.296981811523438
2010-06-14,19.426206588745117
2010-06-15,19.12735366821289
2010-06-16,18.723482131958008
2010-06-17,18.658864974975586
2010-06-18,18.78809356689453
2010-06-21,18.61039161682129
2010-06-22,18.182292938232422
2010-06-23,18.182292938232422
2010-06-24,18.17421531677246
2010-06-25,18.561939239501953
2010-06-28,18.876949310302734
2010-06-29,18.3115291595459
2010-06-30,17.705724716186523
2010-07-01,17.51993751525879
2010-07-02,17.067607879638672
2010-07-06,16.63950538635254
2010-07-07,17.204925537109375
2010-07-08,17.229158401489258
2010-07-09,17.78650665283203
2010-07-12,17.5037841796875
2010-07-13,18.17421531677246
2010-07-14,18.07729148864746
2010-07-15,17.94804573059082
2010-07-16,17.301851272583008
2010-07-19,17.293781280517578
2010-07-20,17.649181365966797
2010-07-21,17.439172744750977
2010-07-22,16.873741149902344
2010-07-23,17.511865615844727
2010-07-26,18.2630672454834
2010-07-27,18.80425453186035
2010-07-28,18.141902923583984
2010-07-29,18.141902923583984
2010-07-30,17.875350952148438
2010-08-02,18.19844627380371
2010-08-03,18.359996795654297
2010-08-04,18.820411682128906
2010-08-05,18.59424591064453
2010-08-06,18.190372467041016
2010-08-09,18.327682495117188
2010-08-10,17.64110565185547
2010-08-11,16.712203979492188
2010-08-12,16.834129333496094
2010-08-13,16.305774688720703
2010-08-16,16.419580459594727
2010-08-17,16.533374786376953
2010-08-18,16.443954467773438
2010-08-19,15.834321022033691
2010-08-20,15.891218185424805
2010-08-23,15.761167526245117
2010-08-24,15.46854019165039
2010-08-25,15.46854019165039
2010-08-26,15.436028480529785
2010-08-27,15.517313003540039
2010-08-30,15.09462833404541
2010-08-31,14.997088432312012
2010-09-01,15.826192855834961
2010-09-02,15.769293785095215
2010-09-03,16.200096130371094
2010-09-07,15.761167526245117
2010-09-08,15.915600776672363
2010-09-09,15.769293785095215
2010-09-10,15.826192855834961
2010-09-13,16.045665740966797
2010-09-14,15.858708381652832
2010-09-15,15.9968843460083
2010-09-16,15.36286449432373
2010-09-17,15.679883003234863
2010-09-20,16.05379867553711
2010-09-21,15.858708381652832
2010-09-22,15.818071365356445
2010-09-23,15.631113052368164
2010-09-24,16.395183563232422
2010-09-27,16.37080192565918
2010-09-28,16.517114639282227
2010-09-29,16.66343116760254
2010-09-30,16.313907623291016
2010-10-01,16.45208740234375
2010-10-04,16.070043563842773
2010-10-05,16.73658561706543
2010-10-06,16.752843856811523
2010-10-07,16.80975341796875
2010-10-08,16.94793128967285
2010-10-11,17.037338256835938
2010-10-12,16.614665985107422
2010-10-13,16.671554565429688
2010-10-14,16.882904052734375
2010-10-15,16.874771118164062
2010-10-18,17.00482177734375
2010-10-19,16.94793128967285
2010-10-20,16.996702194213867
2010-10-21,16.70407485961914
2010-10-22,16.70407485961914
2010-10-25,16.476469039916992
2010-10-26,16.37080192565918
2010-10-27,16.41144561767578
2010-10-28,16.38705825805664
2010-10-29,16.37080192565918
2010-11-01,16.289520263671875
2010-11-02,16.655303955078125
2010-11-03,16.6390438079834
2010-11-04,17.435636520385742
2010-11-05,17.671361923217773
2010-11-08,17.785158157348633
2010-11-09,17.590072631835938
2010-11-10,17.598215103149414
2010-11-11,17.573816299438477
2010-11-12,17.346220016479492
2010-11-15,17.378725051879883
2010-11-16,17.338102340698242
2010-11-17,17.362485885620117
2010-11-18,17.378725051879883
2010-11-19,17.362485885620117
2010-11-22,17.329769134521484
2010-11-23,17.28887176513672
2010-11-24,17.239803314208984
2010-11-26,17.068073272705078
2010-11-29,17.37066650390625
2010-11-30,17.329769134521484
2010-12-01,17.566938400268555
2010-12-02,17.665088653564453
2010-12-03,17.76321792602539
2010-12-06,17.910417556762695
2010-12-07,18.106704711914062
2010-12-08,18.065813064575195
2010-12-09,18.237548828125
2010-12-10,18.60557746887207
2010-12-13,18.50743293762207
2010-12-14,18.5728702545166
2010-12-15,18.515623092651367
2010-12-16,18.60557746887207
2010-12-17,18.630109786987305
2010-12-20,18.679183959960938
2010-12-21,18.867284774780273
2010-12-22,18.932708740234375
2010-12-23,18.908174514770508
2010-12-27,19.02266502380371
2010-12-28,19.088098526000977
2010-12-29,19.02266502380371
2010-12-30,18.96542739868164
2010-12-31,18.433834075927734
2011-01-03,19.030851364135742
2011-01-04,18.679183959960938
2011-01-05,18.91634750366211
2011-01-06,18.5237979888916
2011-01-07,18.630109786987305
2011-01-10,18.91634750366211
2011-01-11,18.89181900024414
2011-01-12,19.055383682250977
2011-01-13,19.13717269897461
2011-01-14,19.23531150817871
2011-01-18,19.25984001159668
2011-01-19,19.014488220214844
2011-01-20,19.194414138793945
2011-01-21,19.21894073486328
2011-01-24,19.52972412109375
2011-01-25,19.76690101623535
2011-01-26,20.12673568725586
2011-01-27,20.249414443969727
2011-01-28,19.914106369018555
2011-01-31,19.938634872436523
2011-02-01,20.265771865844727
2011-02-02,19.914106369018555
2011-02-03,19.979524612426758
2011-02-04,20.085851669311523
2011-02-07,20.396623611450195
2011-02-08,20.519298553466797
2011-02-09,20.568361282348633
2011-02-10,20.609262466430664
2011-02-11,20.6419677734375
2011-02-14,20.682861328125
2011-02-15,20.707393646240234
2011-02-16,21.059066772460938
2011-02-17,21.26351547241211
2011-02-18,21.337125778198242
2011-02-22,20.6337947845459
2011-02-23,20.282121658325195
2011-02-24,20.42933464050293
2011-02-25,20.502948760986328
2011-02-28,20.412982940673828
2011-03-01,19.914106369018555
2011-03-02,20.036775588989258
2011-03-03,20.412982940673828
2011-03-04,20.323022842407227
2011-03-07,20.069494247436523
2011-03-08,20.421154022216797
2011-03-09,20.42933464050293
2011-03-10,20.24024772644043
2011-03-11,20.14159393310547
2011-03-14,20.23202896118164
2011-03-15,19.681222915649414
2011-03-16,19.442808151245117
2011-03-17,19.434585571289062
2011-03-18,19.582565307617188
2011-03-21,19.730545043945312
2011-03-22,19.689435958862305
2011-03-23,19.70587730407715
2011-03-24,19.71409797668457
2011-03-25,19.689435958862305
2011-03-28,19.689435958862305
2011-03-29,19.71409797668457
2011-03-30,19.804536819458008
2011-03-31,19.82097625732422
2011-04-01,20.059383392333984
2011-04-04,20.199140548706055
2011-04-05,20.12515640258789
2011-04-06,20.273136138916016
2011-04-07,20.437559127807617
2011-04-08,20.207366943359375
2011-04-11,20.396446228027344
2011-04-12,20.64307975769043
2011-04-13,20.76639747619629
2011-04-14,20.963708877563477
2011-04-15,21.308996200561523
2011-04-18,21.111684799194336
2011-04-19,21.333650588989258
2011-04-20,22.089984893798828
2011-04-21,23.651996612548828
2011-04-25,23.64377212524414
2011-04-26,24.161699295043945
2011-04-27,24.252120971679688
2011-04-28,24.819381713867188
2011-04-29,24.876920700073242
2011-05-02,24.564525604248047
2011-05-03,24.32611846923828
2011-05-04,24.202800750732422
2011-05-05,24.071264266967773
2011-05-06,24.72072410583496
2011-05-09,24.68784523010254
2011-05-10,25.14000129699707
2011-05-11,24.918033599853516
2011-05-12,25.58702850341797
2011-05-13,25.116256713867188
2011-05-16,24.77762794494629
2011-05-17,24.25728988647461
2011-05-18,24.30685043334961
2011-05-19,24.51333236694336
2011-05-20,24.215999603271484
2011-05-23,23.976484298706055
2011-05-24,23.745222091674805
2011-05-25,23.976484298706055
2011-05-26,24.215999603271484
2011-05-27,24.30685043334961
2011-05-31,24.975847244262695
2011-06-01,23.398338317871094
2011-06-02,23.332256317138672
2011-06-03,22.911046981811523
2011-06-06,22.721086502075195
2011-06-07,22.539390563964844
2011-06-08,22.29986572265625
2011-06-09,22.308116912841797
2011-06-10,21.80431365966797
2011-06-13,22.126419067382812
2011-06-14,22.919307708740234
2011-06-15,22.5311222076416
2011-06-16,22.844980239868164
2011-06-17,22.778894424438477
2011-06-20,23.11752700805664
2011-06-21,23.71218490600586
2011-06-22,23.373552322387695
2011-06-23,23.604814529418945
2011-06-24,23.662635803222656
2011-06-27,23.943443298339844
2011-06-28,24.604185104370117
2011-06-29,24.356414794921875
2011-06-30,24.62070083618164
2011-07-01,25.297958374023438
2011-07-05,25.231891632080078
2011-07-06,25.107995986938477
2011-07-07,25.149293899536133
2011-07-08,24.769365310668945
2011-07-11,24.059070587158203
2011-07-12,23.761749267578125
2011-07-13,23.976484298706055
2011-07-14,23.109264373779297
2011-07-15,23.770004272460938
2011-07-18,23.439638137817383
2011-07-19,24.249032974243164
2011-07-20,24.686771392822266
2011-07-21,23.167078018188477
2011-07-22,23.018417358398438
2011-07-25,22.655012130737305
2011-07-26,22.28334617614746
2011-07-27,22.010786056518555
2011-07-28,21.84560203552246
2011-07-29,22.093387603759766
2011-08-01,21.969491958618164
2011-08-02,21.919940948486328
2011-08-03,22.778894424438477
2011-08-04,21.077495574951172
2011-08-05,20.540651321411133
2011-08-08,18.665821075439453
2011-08-09,20.573684692382812
2011-08-10,19.458702087402344
2011-08-11,20.26462745666504
2011-08-12,20.47234535217285
2011-08-15,20.979175567626953
2011-08-16,21.178571701049805
2011-08-17,21.037324905395508
2011-08-18,19.550090789794922
2011-08-19,19.40884017944336
2011-08-22,19.8907470703125
2011-08-23,21.00409507751465
2011-08-24,21.037324905395508
2011-08-25,20.447412490844727
2011-08-26,21.112106323242188
2011-08-29,21.718629837036133
2011-08-30,21.685400009155273
2011-08-31,21.544153213500977
2011-09-01,21.203495025634766
2011-09-02,20.713294982910156
2011-09-06,20.223081588745117
2011-09-07,21.112106323242188
2011-09-08,20.763147354125977
2011-09-09,20.18984603881836
2011-09-12,20.464031219482422
2011-09-13,21.26996421813965
2011-09-14,22.026046752929688
2011-09-15,22.790437698364258
2011-09-16,23.048002243041992
2011-09-19,23.0147705078125
2011-09-20,22.782121658325195
2011-09-21,22.275314331054688
2011-09-22,21.19517707824707
2011-09-23,21.34473991394043
2011-09-26,21.69370460510254
2011-09-27,22.68242073059082
2011-09-28,22.333471298217773
2011-09-29,22.56610870361328
2011-09-30,21.751859664916992
2011-10-03,20.721601486206055
2011-10-04,22.217147827148438
2011-10-05,22.732276916503906
2011-10-06,23.322187423706055
2011-10-07,22.72396469116211
2011-10-10,24.26936912536621
2011-10-11,24.36076545715332
2011-10-12,24.460466384887695
2011-10-13,24.086572647094727
2011-10-14,24.54355239868164
2011-10-17,23.845632553100586
2011-10-18,24.094879150390625
2011-10-19,23.878864288330078
2011-10-20,24.69310188293457
2011-10-21,24.418928146362305
2011-10-24,24.8343448638916
2011-10-25,24.227821350097656
2011-10-26,24.211206436157227
2011-10-27,24.92574119567871
2011-10-28,24.618322372436523
2011-10-31,24.27766990661621
2011-11-01,23.41358757019043
2011-11-02,24.1779727935791
2011-11-03,24.784496307373047
2011-11-04,24.51030921936035
2011-11-07,24.11150360107422
2011-11-08,24.435537338256836
2011-11-09,23.297260284423828
2011-11-10,23.421890258789062
2011-11-11,24.094879150390625
2011-11-14,23.71268653869629
2011-11-15,24.24443817138672
2011-11-16,23.63791275024414
2011-11-17,23.345680236816406
2011-11-18,23.829954147338867
2011-11-21,23.370731353759766
2011-11-22,23.487621307373047
2011-11-23,22.83634376525879
2011-11-25,22.669349670410156
2011-11-28,24.840261459350586
2011-11-29,24.681621551513672
2011-11-30,25.46648597717285
2011-12-01,25.12415885925293
2011-12-02,25.27445411682129
2011-12-05,25.4163875579834
2011-12-06,25.19094467163086
2011-12-07,25.149198532104492
2011-12-08,24.339282989501953
2011-12-09,24.598121643066406
2011-12-12,24.681621551513672
2011-12-13,24.1221923828125
2011-12-14,23.68800926208496
2011-12-15,23.871706008911133
2011-12-16,23.771503448486328
2011-12-19,23.379074096679688
2011-12-20,24.197338104248047
2011-12-21,24.589780807495117
2011-12-22,24.723365783691406
2011-12-23,25.074058532714844
2011-12-27,25.491531372070312
2011-12-28,24.96550178527832
2011-12-29,25.524940490722656
2011-12-30,25.132503509521484
2012-01-03,25.149198532104492
2012-01-04,25.25774574279785
2012-01-05,25.72533416748047
2012-01-06,25.758731842041016
2012-01-09,25.858917236328125
2012-01-10,26.67719268798828
2012-01-11,27.194873809814453
2012-01-12,27.211565017700195
2012-01-13,26.93603515625
2012-01-17,26.952730178833008
2012-01-18,27.528852462768555
2012-01-19,27.720905303955078
2012-01-20,27.92128562927246
2012-01-23,27.929645538330078
2012-01-24,28.36382484436035
2012-01-25,28.63102149963379
2012-01-26,28.689464569091797
2012-01-27,28.681110382080078
2012-01-30,28.3137149810791
2012-01-31,28.397226333618164
2012-02-01,29.140335083007812
2012-02-02,29.157045364379883
2012-02-03,29.349092483520508
2012-02-06,29.265588760375977
2012-02-07,29.098600387573242
2012-02-08,29.056838989257812
2012-02-09,29.031795501708984
2012-02-10,28.672775268554688
2012-02-13,29.031795501708984
2012-02-14,28.77296257019043
2012-02-15,28.639360427856445
2012-02-16,30.801929473876953
2012-02-17,31.478254318237305
2012-02-21,31.302913665771484
2012-02-22,31.386404037475586
2012-02-23,31.987585067749023
2012-02-24,31.686994552612305
2012-02-27,31.311264038085938
2012-02-28,31.0023136138916
2012-02-29,30.392791748046875
2012-03-01,30.718446731567383
2012-03-02,29.925220489501953
2012-03-05,29.883464813232422
2012-03-06,29.19879722595215
2012-03-07,29.32404327392578
2012-03-08,30.011442184448242
2012-03-09,30.044986724853516
2012-03-12,30.195886611938477
2012-03-13,30.472518920898438
2012-03-14,30.380300521850586
2012-03-15,30.71563148498535
2012-03-16,30.581499099731445
2012-03-19,30.765932083129883
2012-03-20,30.5982723236084
2012-03-21,30.698854446411133
2012-03-22,30.472518920898438
2012-03-23,30.606639862060547
2012-03-26,31.738372802734375
2012-03-27,31.83057975769043
2012-03-28,31.99824333190918
2012-03-29,31.64615821838379
2012-03-30,31.369489669799805
2012-04-02,31.620994567871094
2012-04-03,31.44495964050293
2012-04-04,30.97551727294922
2012-04-05,30.97551727294922
2012-04-09,30.246173858642578
2012-04-10,30.103668212890625
2012-04-11,30.63180923461914
2012-04-12,31.377901077270508
2012-04-13,32.006614685058594
2012-04-16,32.40062713623047
2012-04-17,32.27488708496094
2012-04-18,32.54314422607422
2012-04-19,31.713211059570312
2012-04-20,31.210235595703125
2012-04-23,30.623409271240234
2012-04-24,30.941970825195312
2012-04-25,31.19347381591797
2012-04-26,31.403038024902344
2012-04-27,31.77189826965332
2012-04-30,30.941970825195312
2012-05-01,30.807849884033203
2012-05-02,31.134784698486328
2012-05-03,30.807849884033203
2012-05-04,30.26294708251953
2012-05-07,30.313251495361328
2012-05-08,30.304859161376953
2012-05-09,30.23778533935547
2012-05-10,31.07984161376953
2012-05-11,30.911422729492188
2012-05-14,30.566184997558594
2012-05-15,30.945117950439453
2012-05-16,30.835651397705078
2012-05-17,29.454700469970703
2012-05-18,29.58942222595215
2012-05-21,30.128328323364258
2012-05-22,30.43147087097168
2012-05-23,30.692489624023438
2012-05-24,30.987220764160156
2012-05-25,30.76827049255371
2012-05-29,31.425071716308594
2012-05-30,31.0966854095459
2012-05-31,31.130374908447266
2012-06-01,30.389368057250977
2012-06-04,29.757835388183594
2012-06-05,29.54730224609375
2012-06-06,30.086227416992188
2012-06-07,30.15357780456543
2012-06-08,30.734600067138672
2012-06-11,30.24620819091797
2012-06-12,30.439895629882812
2012-06-13,30.64197540283203
2012-06-14,31.4671630859375
2012-06-15,31.972412109375
2012-06-18,32.20819091796875
2012-06-19,32.780757904052734
2012-06-20,32.873382568359375
2012-06-21,32.04818344116211
2012-06-22,32.54500198364258
2012-06-25,32.01449966430664
2012-06-26,32.52815628051758
2012-06-27,33.05022048950195
2012-06-28,33.69859313964844
2012-06-29,34.06908416748047
2012-07-02,34.018577575683594
2012-07-03,34.50695037841797
2012-07-05,34.363807678222656
2012-07-06,34.549068450927734
2012-07-09,34.22907257080078
2012-07-10,33.91751480102539
2012-07-11,33.311256408691406
2012-07-12,33.29440689086914
2012-07-13,33.942787170410156
2012-07-16,33.11758804321289
2012-07-17,33.774391174316406
2012-07-18,34.1196174621582
2012-07-19,31.046154022216797
2012-07-20,31.004047393798828
2012-07-23,30.995641708374023
2012-07-24,30.85247802734375
2012-07-25,30.90300750732422
2012-07-26,31.0966854095459
2012-07-27,31.871362686157227
2012-07-30,31.357707977294922
2012-07-31,31.037742614746094
2012-08-01,30.90300750732422
2012-08-02,30.987220764160156
2012-08-03,32.03976821899414
2012-08-06,31.96399688720703
2012-08-07,31.989253997802734
2012-08-08,31.59348487854004
2012-08-09,31.34823989868164
2012-08-10,31.00153350830078
2012-08-13,31.026891708374023
2012-08-14,31.229862213134766
2012-08-15,31.289051055908203
2012-08-16,31.72878646850586
2012-08-17,32.1854362487793
2012-08-20,31.458187103271484
2012-08-21,32.15160369873047
2012-08-22,32.134700775146484
2012-08-23,32.15160369873047
2012-08-24,32.25308609008789
2012-08-27,32.16851806640625
2012-08-28,32.870418548583984
2012-08-29,33.005706787109375
2012-08-30,32.70973587036133
2012-08-31,33.31014633178711
2012-09-04,33.72451400756836
2012-09-05,33.792171478271484
2012-09-06,34.30801773071289
2012-09-07,33.97822952270508
2012-09-10,33.82601547241211
2012-09-11,33.766815185546875
2012-09-12,33.83444595336914
2012-09-13,34.02049255371094
2012-09-14,34.43487548828125
2012-09-17,34.43487548828125
2012-09-18,34.35031509399414
2012-09-19,34.8492317199707
2012-09-20,34.73930358886719
2012-09-21,34.722381591796875
2012-09-24,34.883052825927734
2012-09-25,34.84078598022461
2012-09-26,34.63783645629883
2012-09-27,35.20440673828125
2012-09-28,35.162132263183594
2012-10-01,35.1283073425293
2012-10-02,35.069114685058594
2012-10-03,35.63568878173828
2012-10-04,36.21919250488281
2012-10-05,36.362945556640625
2012-10-08,36.25300598144531
2012-10-09,35.82173156738281
2012-10-10,35.47501754760742
2012-10-11,35.365089416503906
2012-10-12,34.933807373046875
2012-10-15,34.74778366088867
2012-10-16,35.1875114440918
2012-10-17,35.331260681152344
2012-10-18,35.66105270385742
2012-10-19,36.31220626831055
2012-10-22,35.66105270385742
2012-10-23,35.305877685546875
2012-10-24,35.1283073425293
2012-10-25,35.37354278564453
2012-10-26,35.229766845703125
2012-10-31,35.568050384521484
2012-11-01,36.126155853271484
2012-11-02,35.1875114440918
2012-11-05,35.449642181396484
2012-11-06,36.109249114990234
2012-11-07,35.043731689453125
2012-11-08,34.89997863769531
2012-11-09,34.78961181640625
2012-11-12,34.34817886352539
2012-11-13,34.24629592895508
2012-11-14,34.2972297668457
2012-11-15,33.85577392578125
2012-11-16,33.7878532409668
2012-11-19,34.38212203979492
2012-11-20,34.95090866088867
2012-11-21,35.086753845214844
2012-11-23,35.664024353027344
2012-11-26,35.672523498535156
2012-11-27,35.47724914550781
2012-11-28,35.78287124633789
2012-11-29,35.8253288269043
2012-11-30,35.562156677246094
2012-12-03,35.358402252197266
2012-12-04,35.035804748535156
2012-12-05,35.0612678527832
2012-12-06,35.103721618652344
2012-12-07,35.26502990722656
2012-12-10,35.19710159301758
2012-12-11,35.163143157958984
2012-12-12,34.976383209228516
2012-12-13,34.467002868652344
2012-12-14,34.04254913330078
2012-12-17,34.79811096191406
2012-12-18,35.001853942871094
2012-12-19,34.967891693115234
2012-12-20,35.163143157958984
2012-12-21,35.50273513793945
2012-12-24,35.528202056884766
2012-12-26,35.426326751708984
2012-12-27,35.49424362182617
2012-12-28,35.26502990722656
2012-12-31,35.92719268798828
2013-01-02,36.79312515258789
2013-01-03,36.810089111328125
2013-01-04,36.733699798583984
2013-01-07,36.8695182800293
2013-01-08,37.209110260009766
2013-01-09,37.75242614746094
2013-01-10,37.59962463378906
2013-01-11,37.37040710449219
2013-01-14,37.10722351074219
2013-01-15,37.54867935180664
2013-01-16,37.735443115234375
2013-01-17,38.17690658569336
2013-01-18,38.05804443359375
2013-01-22,38.3636589050293
2013-01-23,38.19387435913086
2013-01-24,38.77114486694336
2013-01-25,38.92395782470703
2013-01-28,39.102230072021484
2013-01-29,39.35691833496094
2013-01-30,38.711734771728516
2013-01-31,38.898502349853516
2013-02-01,38.97490692138672
2013-02-04,38.10047912597656
2013-02-05,38.50798034667969
2013-02-06,38.37215042114258
2013-02-07,38.18539047241211
2013-02-08,38.389129638671875
2013-02-11,38.57590103149414
2013-02-12,38.3636589050293
2013-02-13,38.694759368896484
2013-02-14,39.1276969909668
2013-02-15,39.577640533447266
2013-02-19,39.611602783203125
2013-02-20,39.5436897277832
2013-02-21,39.04280471801758
2013-02-22,39.04280471801758
2013-02-25,38.41460418701172
2013-02-26,38.73720169067383
2013-02-27,38.720211029052734
2013-02-28,38.8135986328125
2013-03-01,39.068275451660156
2013-03-04,38.90699005126953
2013-03-05,40.01060104370117
2013-03-06,39.99362564086914
2013-03-07,39.97663879394531
2013-03-08,40.842559814453125
2013-03-11,40.34854507446289
2013-03-12,40.16114807128906
2013-03-13,40.1270751953125
2013-03-14,40.46778869628906
2013-03-15,39.76081848144531
2013-03-18,39.573429107666016
2013-03-19,40.1270751953125
2013-03-20,40.34854507446289
2013-03-21,39.488250732421875
2013-03-22,40.2037239074707
2013-03-25,39.83747482299805
2013-03-26,40.49332809448242
2013-03-27,40.45927047729492
2013-03-28,40.8851432800293
2013-04-01,40.34000778198242
2013-04-02,40.90219497680664
2013-04-03,40.578514099121094
2013-04-04,41.41326141357422
2013-04-05,41.53250503540039
2013-04-08,41.685821533203125
2013-04-09,41.33658981323242
2013-04-10,42.1202392578125
2013-04-11,41.753971099853516
2013-04-12,41.57508850097656
2013-04-15,39.82044219970703
2013-04-16,40.10152053833008
2013-04-17,40.10152053833008
2013-04-18,40.95330810546875
2013-04-19,40.75739669799805
2013-04-22,40.58702850341797
2013-04-23,41.45585250854492
2013-04-24,41.61767578125
2013-04-25,41.847660064697266
2013-04-26,41.677303314208984
2013-04-29,41.82209396362305
2013-04-30,41.753971099853516
2013-05-01,40.612586975097656
2013-05-02,40.98738479614258
2013-05-03,43.00606918334961
2013-05-06,42.70795440673828
2013-05-07,43.50009536743164
2013-05-08,43.84933853149414
2013-05-09,43.593788146972656
2013-05-10,44.2241096496582
2013-05-13,44.11298751831055
2013-05-14,45.19015121459961
2013-05-15,45.0020751953125
2013-05-16,44.89949035644531
2013-05-17,45.31838607788086
2013-05-20,45.0106201171875
2013-05-21,45.24143981933594
2013-05-22,44.4976806640625
2013-05-23,44.677207946777344
2013-05-24,44.18991470336914
2013-05-28,45.30129623413086
2013-05-29,44.301048278808594
2013-05-30,44.5062255859375
2013-05-31,43.98473358154297
2013-06-03,43.81376647949219
2013-06-04,43.38630676269531
2013-06-05,43.11273956298828
2013-06-06,44.831077575683594
2013-06-07,45.532127380371094
2013-06-10,45.85696792602539
2013-06-11,45.2328987121582
2013-06-12,45.03626251220703
2013-06-13,45.780029296875
2013-06-14,45.386775970458984
2013-06-17,45.60906219482422
2013-06-18,46.7802619934082
2013-06-19,44.08732223510742
2013-06-20,43.22388458251953
2013-06-21,43.84794998168945
2013-06-24,43.86504364013672
2013-06-25,44.386539459228516
2013-06-26,44.20701599121094
2013-06-27,44.58317184448242
2013-06-28,44.805450439453125
2013-07-01,45.84843063354492
2013-07-02,46.0279426574707
2013-07-03,45.86551284790039
2013-07-05,46.15620040893555
2013-07-08,46.16473388671875
2013-07-09,46.39556884765625
2013-07-10,46.455406188964844
2013-07-11,46.95124435424805
2013-07-12,46.90849685668945
2013-07-15,46.617835998535156
2013-07-16,45.84843063354492
2013-07-17,45.68599319458008
2013-07-18,45.56631088256836
2013-07-19,45.04481887817383
2013-07-22,44.890933990478516
2013-07-23,44.617366790771484
2013-07-24,44.64300537109375
2013-07-25,45.027713775634766
2013-07-26,45.19869613647461
2013-07-29,45.03626251220703
2013-07-30,45.2328987121582
2013-07-31,45.121768951416016
2013-08-01,46.070709228515625
2013-08-02,46.549442291259766
2013-08-05,46.95979309082031
2013-08-06,46.7717170715332
2013-08-07,45.993751525878906
2013-08-08,45.882625579833984
2013-08-09,45.77149200439453
2013-08-12,45.96023178100586
2013-08-13,46.33772277832031
2013-08-14,46.32058334350586
2013-08-15,44.79343032836914
2013-08-16,44.750526428222656
2013-08-19,45.44546127319336
2013-08-20,45.780059814453125
2013-08-21,45.642799377441406
2013-08-22,46.11465072631836
2013-08-23,46.18330001831055
2013-08-26,46.18330001831055
2013-08-27,45.21381378173828
2013-08-28,44.999332427978516
2013-08-29,45.454036712646484
2013-08-30,44.690467834472656
2013-09-03,45.1366081237793
2013-09-04,45.608463287353516
2013-09-05,45.73716735839844
2013-09-06,45.659950256347656
2013-09-09,46.397789001464844
2013-09-10,47.16992950439453
2013-09-11,47.332942962646484
2013-09-12,46.98976516723633
2013-09-13,47.332942962646484
2013-09-16,47.56460189819336
2013-09-17,48.14799118041992
2013-09-18,49.44349670410156
2013-09-19,50.09553146362305
2013-09-20,48.902984619140625
2013-09-23,49.09174346923828
2013-09-24,48.72283172607422
2013-09-25,48.45685577392578
2013-09-26,48.50834274291992
2013-09-27,48.259525299072266
2013-09-30,48.1050910949707
2013-10-01,48.12226486206055
2013-10-02,47.71903610229492
2013-10-03,46.818180084228516
2013-10-04,47.21282958984375
2013-10-07,46.517887115478516
2013-10-08,45.488365173339844
2013-10-09,45.3768310546875
2013-10-10,46.14897155761719
2013-10-11,47.34153747558594
2013-10-14,47.23856735229492
2013-10-15,47.03266525268555
2013-10-16,47.04124450683594
2013-10-17,45.273868560791016
2013-10-18,45.925926208496094
2013-10-21,45.51409912109375
2013-10-22,45.642799377441406
2013-10-23,46.46641540527344
2013-10-24,47.20425033569336
2013-10-25,47.332942962646484
2013-10-28,47.48736572265625
2013-10-29,47.573184967041016
2013-10-30,46.98976516723633
2013-10-31,46.65517044067383
2013-11-01,46.45783615112305
2013-11-04,47.14420700073242
2013-11-05,46.77527618408203
2013-11-06,46.59511184692383
2013-11-07,45.54841995239258
2013-11-08,46.23723220825195
2013-11-11,46.60749435424805
2013-11-12,46.66775131225586
2013-11-13,46.94328689575195
2013-11-14,46.581668853759766
2013-11-15,47.029388427734375
2013-11-18,46.883018493652344
2013-11-19,46.969120025634766
2013-11-20,46.969120025634766
2013-11-21,47.40824890136719
2013-11-22,47.72682189941406
2013-11-25,47.79570388793945
2013-11-26,48.20037841796875
2013-11-27,48.613677978515625
2013-11-29,48.25205993652344
2013-12-02,47.54600524902344
2013-12-03,47.34798049926758
2013-12-04,47.18437194824219
2013-12-05,47.304931640625
2013-12-06,47.804317474365234
2013-12-09,48.38119888305664
2013-12-10,48.25205993652344
2013-12-11,48.07123565673828
2013-12-12,48.14011001586914
2013-12-13,48.25205993652344
2013-12-16,48.63951110839844
2013-12-17,48.46729278564453
2013-12-18,49.45749282836914
2013-12-19,48.24345779418945
2013-12-20,49.16474533081055
2013-12-23,49.5263671875
2013-12-24,49.956871032714844
2013-12-26,49.99132537841797
2013-12-27,49.94828414916992
2013-12-30,49.92245101928711
2013-12-31,50.06022644042969
2014-01-02,49.38861083984375
2014-01-03,49.37138366699219
2014-01-06,48.70838928222656
2014-01-07,48.95808792114258
2014-01-08,48.820343017578125
2014-01-09,48.51897048950195
2014-01-10,48.70838928222656
2014-01-13,48.045406341552734
2014-01-14,48.174556732177734
2014-01-15,48.097068786621094
2014-01-16,48.673954010009766
2014-01-17,48.76006317138672
2014-01-21,48.93227005004883
2014-01-22,49.11307907104492
2014-01-23,48.90643310546875
2014-01-24,47.63209915161133
2014-01-27,47.08965301513672
2014-01-28,47.62350845336914
2014-01-29,46.83135223388672
2014-01-30,46.81413269042969
2014-01-31,46.65053176879883
2014-02-03,45.35898208618164
2014-02-04,45.8583869934082
2014-02-05,45.82394790649414
2014-02-06,46.323341369628906
2014-02-07,46.73664093017578
2014-02-10,46.67636489868164
2014-02-11,46.99494552612305
2014-02-12,46.81413269042969
2014-02-13,47.29631805419922
2014-02-14,50.120479583740234
2014-02-18,49.93967056274414
2014-02-19,49.7846794128418
2014-02-20,50.042972564697266
2014-02-21,50.6973762512207
2014-02-24,50.929847717285156
2014-02-25,50.52516555786133
2014-02-26,50.21519470214844
2014-02-27,50.16353225708008
2014-02-28,50.335731506347656
2014-03-03,50.12908172607422
2014-03-04,51.79087829589844
2014-03-05,51.47229766845703
2014-03-06,51.145103454589844
2014-03-07,51.58423614501953
2014-03-10,51.68754196166992
2014-03-11,51.281593322753906
2014-03-12,51.27293395996094
2014-03-13,50.94470977783203
2014-03-14,50.823787689208984
2014-03-17,51.10882568359375
2014-03-18,51.85166549682617
2014-03-19,53.26824188232422
2014-03-20,53.328704833984375
2014-03-21,53.15595626831055
2014-03-24,52.86225128173828
2014-03-25,52.6376953125
2014-03-26,52.36991882324219
2014-03-27,52.06759262084961
2014-03-28,52.03306579589844
2014-03-31,52.96592330932617
2014-04-01,53.91604995727539
2014-04-02,53.67420196533203
2014-04-03,53.65692138671875
2014-04-04,53.15595626831055
2014-04-07,52.79316329956055
2014-04-08,52.879539489746094
2014-04-09,52.61177444458008
2014-04-10,49.83045959472656
2014-04-11,49.18264389038086
2014-04-14,49.579978942871094
2014-04-15,49.92546844482422
2014-04-16,50.34873580932617
2014-04-17,49.8045539855957
2014-04-21,49.7959098815918
2014-04-22,50.39189910888672
2014-04-23,50.089595794677734
2014-04-24,50.31415939331055
2014-04-25,49.951385498046875
2014-04-28,50.089595794677734
2014-04-29,50.158687591552734
2014-04-30,50.97925567626953
2014-05-01,50.288272857666016
2014-05-02,50.36600112915039
2014-05-05,50.45237731933594
2014-05-06,49.7268180847168
2014-05-07,50.45237731933594
2014-05-08,49.42449951171875
2014-05-09,50.57329559326172
2014-05-12,51.51479721069336
2014-05-13,50.58192825317383
2014-05-14,49.77862548828125
2014-05-15,50.106868743896484
2014-05-16,50.61647033691406
2014-05-19,50.443084716796875
2014-05-20,49.584739685058594
2014-05-21,49.905513763427734
2014-05-22,50.2349967956543
2014-05-23,50.67717742919922
2014-05-27,51.18871307373047
2014-05-28,50.24367141723633
2014-05-29,49.974884033203125
2014-05-30,50.05293273925781
2014-06-02,49.619415283203125
2014-06-03,49.61076354980469
2014-06-04,49.88819885253906
2014-06-05,50.599151611328125
2014-06-06,50.91994094848633
2014-06-09,51.301414489746094
2014-06-10,51.01532745361328
2014-06-11,50.63382339477539
2014-06-12,50.39105224609375
2014-06-13,50.03559875488281
2014-06-16,49.69743728637695
2014-06-17,50.16563034057617
2014-06-18,50.217655181884766
2014-06-19,49.584739685058594
2014-06-20,49.41999435424805
2014-06-23,49.593414306640625
2014-06-24,49.8361701965332
2014-06-25,50.269676208496094
2014-06-26,49.974884033203125
2014-06-27,50.122291564941406
2014-06-30,49.038516998291016
2014-07-01,49.8795051574707
2014-07-02,49.28994369506836
2014-07-03,49.74079895019531
2014-07-07,49.654090881347656
2014-07-08,48.8304328918457
2014-07-09,48.97783660888672
2014-07-10,48.769744873046875
2014-07-11,48.24086380004883
2014-07-14,48.206180572509766
2014-07-15,47.51256561279297
2014-07-16,47.13108825683594
2014-07-17,48.2495231628418
2014-07-18,48.69171905517578
2014-07-21,48.25819396972656
2014-07-22,48.284210205078125
2014-07-23,48.47494125366211
2014-07-24,48.21484375
2014-07-25,48.08479690551758
2014-07-28,47.94607162475586
2014-07-29,47.29581069946289
2014-07-30,47.92873764038086
2014-07-31,47.47788619995117
2014-08-01,47.36515808105469
2014-08-04,47.40852355957031
2014-08-05,47.5905876159668
2014-08-06,47.8940544128418
2014-08-07,47.94607162475586
2014-08-08,48.8304328918457
2014-08-11,48.96969223022461
2014-08-12,48.50837707519531
2014-08-13,48.39522933959961
2014-08-14,48.64764404296875
2014-08-15,48.39522933959961
2014-08-18,49.117671966552734
2014-08-19,49.02192306518555
2014-08-20,48.839141845703125
2014-08-21,48.873958587646484
2014-08-22,49.04802703857422
2014-08-25,48.9783935546875
2014-08-26,49.32657241821289
2014-08-27,49.16990280151367
2014-08-28,49.05672836303711
2014-08-29,49.3178596496582
2014-09-02,49.378807067871094
2014-09-03,48.85654067993164
2014-09-04,48.665042877197266
2014-09-05,48.39522933959961
2014-09-08,48.0905647277832
2014-09-09,47.864261627197266
2014-09-10,48.14280319213867
2014-09-11,48.534488677978516
2014-09-12,47.65536880493164
2014-09-15,48.22983932495117
2014-09-16,48.23854064941406
2014-09-17,48.4300422668457
2014-09-18,48.89134979248047
2014-09-19,48.70857620239258
2014-09-22,48.360408782958984
2014-09-23,47.29849624633789
2014-09-24,47.6640739440918
2014-09-25,47.21146011352539
2014-09-26,47.411651611328125
2014-09-29,47.48998260498047
2014-09-30,46.93290710449219
2014-10-01,46.70661926269531
2014-10-02,47.72500991821289
2014-10-03,47.68146896362305
2014-10-06,48.0035285949707
2014-10-07,47.21146011352539
2014-10-08,47.95999526977539
2014-10-09,46.95033264160156
2014-10-10,46.889400482177734
2014-10-13,46.70661926269531
2014-10-14,46.42807388305664
2014-10-15,46.75883102416992
2014-10-16,50.03160858154297
2014-10-17,49.51806640625
2014-10-20,50.04030227661133
2014-10-21,50.87590789794922
2014-10-22,50.25791931152344
2014-10-23,50.771461486816406
2014-10-24,50.2927360534668
2014-10-27,50.214378356933594
2014-10-28,51.285011291503906
2014-10-29,50.91073989868164
2014-10-30,51.267601013183594
2014-10-31,51.963924407958984
2014-11-03,51.650577545166016
2014-11-04,53.147705078125
2014-11-05,52.31209945678711
2014-11-06,52.24246597290039
2014-11-07,52.28614807128906
2014-11-10,52.36477279663086
2014-11-11,52.34729766845703
2014-11-12,52.73169708251953
2014-11-13,52.15510559082031
2014-11-14,51.9454345703125
2014-11-17,51.70082473754883
2014-11-18,51.71829605102539
2014-11-19,51.12423324584961
2014-11-20,51.30769729614258
2014-11-21,51.054359436035156
2014-11-24,51.97165298461914
2014-11-25,51.823123931884766
2014-11-26,51.9454345703125
2014-11-28,51.9017448425293
2014-12-01,51.517364501953125
2014-12-02,52.128902435302734
2014-12-03,52.86274337768555
2014-12-04,53.081146240234375
2014-12-05,53.49174499511719
2014-12-08,53.29954528808594
2014-12-09,54.138221740722656
2014-12-10,53.22966384887695
2014-12-11,53.89360046386719
2014-12-12,53.49174499511719
2014-12-15,53.3781623840332
2014-12-16,53.072410583496094
2014-12-17,54.54882049560547
2014-12-18,54.758480072021484
2014-12-19,53.80625915527344
2014-12-22,54.382835388183594
2014-12-23,54.98564529418945
2014-12-24,54.706077575683594
2014-12-26,55.378761291503906
2014-12-29,55.99028778076172
2014-12-30,55.78063201904297
2014-12-31,55.42244338989258
2015-01-02,55.107948303222656
2015-01-05,54.72356033325195
2015-01-06,54.513885498046875
2015-01-07,55.80683898925781
2015-01-08,56.60181427001953
2015-01-09,56.418365478515625
2015-01-12,56.23490524291992
2015-01-13,56.243648529052734
2015-01-14,55.60591125488281
2015-01-15,54.98564529418945
2015-01-16,55.378761291503906
2015-01-20,54.91575622558594
2015-01-21,55.42244338989258
2015-01-22,56.36594009399414
2015-01-23,56.593101501464844
2015-01-26,56.85517501831055
2015-01-27,56.53193283081055
2015-01-28,55.14288330078125
2015-01-29,55.80683898925781
2015-01-30,54.347877502441406
2015-02-02,54.96815490722656
2015-02-03,55.964080810546875
2015-02-04,55.92041015625
2015-02-05,56.71539306640625
2015-02-06,56.269866943359375
2015-02-09,55.38750457763672
2015-02-10,56.496978759765625
2015-02-11,56.496978759765625
2015-02-12,60.97867202758789
2015-02-13,61.232017517089844
2015-02-17,60.70784378051758
2015-02-18,60.98740005493164
2015-02-19,61.0048828125
2015-02-20,61.09225082397461
2015-02-23,60.67285919189453
2015-02-24,60.71660232543945
2015-02-25,60.61172866821289
2015-02-26,61.02235412597656
2015-02-27,60.42829132080078
2015-03-02,60.961204528808594
2015-03-03,60.59426498413086
2015-03-04,59.877899169921875
2015-03-05,59.56340026855469
2015-03-06,59.10909652709961
2015-03-09,59.493499755859375
2015-03-10,59.002708435058594
2015-03-11,59.75645065307617
2015-03-12,60.79941177368164
2015-03-13,60.76436996459961
2015-03-16,61.14122772216797
2015-03-17,61.09742736816406
2015-03-18,61.60574722290039
2015-03-19,61.158775329589844
2015-03-20,61.728477478027344
2015-03-23,61.693389892578125
2015-03-24,61.20258712768555
2015-03-25,60.194671630859375
2015-03-26,59.48475646972656
2015-03-27,60.59783172607422
2015-03-30,61.535667419433594
2015-03-31,61.14122772216797
2015-04-01,60.448856353759766
2015-04-02,60.03692626953125
2015-04-06,59.432151794433594
2015-04-07,59.92296600341797
2015-04-08,60.387508392333984
2015-04-09,60.11577606201172
2015-04-10,60.4050178527832
2015-04-13,60.02815628051758
2015-04-14,60.2823371887207
2015-04-15,60.69426345825195
2015-04-16,60.63289260864258
2015-04-17,59.66880798339844
2015-04-20,60.39625549316406
2015-04-21,60.185909271240234
2015-04-22,60.08072280883789
2015-04-23,61.377891540527344
2015-04-24,59.23934555053711
2015-04-27,59.09035873413086
2015-04-28,59.11663055419922
2015-04-29,58.28402328491211
2015-04-30,56.87291717529297
2015-05-01,57.74937438964844
2015-05-04,57.74937438964844
2015-05-05,57.372493743896484
2015-05-06,57.11833190917969
2015-05-07,57.635433197021484
2015-05-08,58.10873031616211
2015-05-11,58.301551818847656
2015-05-12,58.48558807373047
2015-05-13,58.19636917114258
2015-05-14,59.71261215209961
2015-05-15,60.054420471191406
2015-05-18,60.65270233154297
2015-05-19,60.7495002746582
2015-05-20,60.538333892822266
2015-05-21,59.61454391479492
2015-05-22,59.47378158569336
2015-05-26,58.90192413330078
2015-05-27,59.83449172973633
2015-05-28,59.71132278442383
2015-05-29,58.31247329711914
2015-06-01,58.80514144897461
2015-06-02,59.1922492980957
2015-06-03,60.028053283691406
2015-06-04,59.535362243652344
2015-06-05,60.204002380371094
2015-06-08,60.195213317871094
2015-06-09,60.23040771484375
2015-06-10,60.86384201049805
2015-06-11,60.89023971557617
2015-06-12,60.50312805175781
2015-06-15,59.70254898071289
2015-06-16,60.06324005126953
2015-06-17,60.529541015625
2015-06-18,61.629268646240234
2015-06-19,62.1131477355957
2015-06-22,62.71140670776367
2015-06-23,61.94597625732422
2015-06-24,62.359493255615234
2015-06-25,62.91374206542969
2015-06-26,63.16889190673828
2015-06-29,61.52368927001953
2015-06-30,61.74364471435547
2015-07-01,62.421077728271484
2015-07-02,61.46212387084961
2015-07-06,61.65565872192383
2015-07-07,61.6468620300293
2015-07-08,61.198158264160156
2015-07-09,61.726043701171875
2015-07-10,62.641014099121094
2015-07-13,63.09851837158203
2015-07-14,62.37708282470703
2015-07-15,62.025184631347656
2015-07-16,62.79059600830078
2015-07-17,63.0897216796875
2015-07-20,63.67039489746094
2015-07-21,62.693809509277344
2015-07-22,62.641014099121094
2015-07-23,60.70549774169922
2015-07-24,60.46794128417969
2015-07-27,60.50312805175781
2015-07-28,60.52072525024414
2015-07-29,61.26854705810547
2015-07-30,61.80523681640625
2015-07-31,61.954795837402344
2015-08-03,62.18354415893555
2015-08-04,62.26272964477539
2015-08-05,62.25391387939453
2015-08-06,61.91075897216797
2015-08-07,61.49729537963867
2015-08-10,62.415706634521484
2015-08-11,62.42455291748047
2015-08-12,62.21259689331055
2015-08-13,62.20375442504883
2015-08-14,63.16627883911133
2015-08-17,63.590171813964844
2015-08-18,63.086795806884766
2015-08-19,62.86606979370117
2015-08-20,62.124267578125
2015-08-21,60.782005310058594
2015-08-24,58.40655517578125
2015-08-25,58.62730026245117
2015-08-26,59.75764083862305
2015-08-27,61.09107971191406
2015-08-28,61.32950210571289
2015-08-31,61.532623291015625
2015-09-01,59.32494354248047
2015-09-02,61.16171646118164
2015-09-03,61.47080612182617
2015-09-04,61.1440544128418
2015-09-08,62.95436096191406
2015-09-09,62.680633544921875
2015-09-10,62.742427825927734
2015-09-11,63.74913787841797
2015-09-14,63.501861572265625
2015-09-15,63.757972717285156
2015-09-16,64.0670394897461
2015-09-17,64.28781127929688
2015-09-18,63.34293746948242
2015-09-21,63.908111572265625
2015-09-22,63.493038177490234
2015-09-23,63.58134841918945
2015-09-24,63.828636169433594
2015-09-25,64.25249481201172
2015-09-28,63.56371307373047
2015-09-29,63.43120193481445
2015-09-30,63.84628677368164
2015-10-01,64.1376953125
2015-10-02,65.24150085449219
2015-10-05,65.87733459472656
2015-10-06,65.67424774169922
2015-10-07,65.93032836914062
2015-10-08,66.76925659179688
2015-10-09,66.82221221923828
2015-10-12,66.38069152832031
2015-10-13,65.7978515625
2015-10-14,65.1444091796875
2015-10-15,66.17760467529297
2015-10-16,66.4248275756836
2015-10-19,66.80458068847656
2015-10-20,66.31004333496094
2015-10-21,65.24150085449219
2015-10-22,70.46932220458984
2015-10-23,71.71443939208984
2015-10-26,72.17367553710938
2015-10-27,71.63497161865234
2015-10-28,73.10972595214844
2015-10-29,72.75647735595703
2015-10-30,72.0058822631836
2015-11-02,72.29732513427734
2015-11-03,73.79850769042969
2015-11-04,73.09207153320312
2015-11-05,72.8271484375
2015-11-06,72.61454772949219
2015-11-09,71.2237319946289
2015-11-10,72.26020050048828
2015-11-11,72.64996337890625
2015-11-12,72.10072326660156
2015-11-13,70.39987182617188
2015-11-16,71.53378295898438
2015-11-17,71.71978759765625
2015-11-18,72.61454772949219
2015-11-19,72.66769409179688
2015-11-20,72.60567474365234
2015-11-23,72.5436782836914
2015-11-24,72.64110565185547
2015-11-25,72.86256408691406
2015-11-27,73.42955017089844
2015-11-30,72.67655181884766
2015-12-01,73.11064147949219
2015-12-02,73.12832641601562
2015-12-03,72.2956314086914
2015-12-04,74.55459594726562
2015-12-07,73.16375732421875
2015-12-08,72.48164367675781
2015-12-09,71.06424713134766
2015-12-10,72.04755401611328
2015-12-11,71.0111083984375
2015-12-14,71.07312774658203
2015-12-15,72.18931579589844
2015-12-16,73.80158996582031
2015-12-17,71.77294921875
2015-12-18,70.59477996826172
2015-12-21,71.17943572998047
2015-12-22,72.10072326660156
2015-12-23,72.95116424560547
2015-12-24,72.61454772949219
2015-12-28,72.81829833984375
2015-12-29,73.12832641601562
2015-12-30,72.36650848388672
2015-12-31,71.56037139892578
2016-01-04,70.13410949707031
2016-01-05,70.44416046142578
2016-01-06,69.7797622680664
2016-01-07,68.68126678466797
2016-01-08,67.29047393798828
2016-01-11,67.14873504638672
2016-01-12,68.30036163330078
2016-01-13,66.5551986694336
2016-01-14,67.2550277709961
2016-01-15,65.9970932006836
2016-01-19,66.46661376953125
2016-01-20,66.0414047241211
2016-01-21,65.88194274902344
2016-01-22,67.50308227539062
2016-01-25,69.07108306884766
2016-01-26,68.53067779541016
2016-01-27,68.55726623535156
2016-01-28,70.78079986572266
2016-01-29,74.85575866699219
2016-02-01,74.3685531616211
2016-02-02,71.65779876708984
2016-02-03,70.71878814697266
2016-02-04,70.86051177978516
2016-02-05,68.21176147460938
2016-02-08,68.15861511230469
2016-02-09,68.45980834960938
2016-02-10,68.58384704589844
2016-02-11,68.71672058105469
2016-02-12,68.99134063720703
2016-02-16,70.36444854736328
2016-02-17,71.0465316772461
2016-02-18,71.07312774658203
2016-02-19,71.84381866455078
2016-02-22,71.70208740234375
2016-02-23,71.71978759765625
2016-02-24,71.15283203125
2016-02-25,71.56037139892578
2016-02-26,72.4905014038086
2016-02-29,71.10856628417969
2016-03-01,72.37535858154297
2016-03-02,71.95899963378906
2016-03-03,72.04755401611328
2016-03-04,72.25133514404297
2016-03-07,72.22476959228516
2016-03-08,71.7995376586914
2016-03-09,73.02203369140625
2016-03-10,72.19818115234375
2016-03-11,73.29667663574219
2016-03-14,73.0922622680664
2016-03-15,73.1189193725586
2016-03-16,73.50104522705078
2016-03-17,74.78070068359375
2016-03-18,76.10480499267578
2016-03-21,76.06039428710938
2016-03-22,75.66938018798828
2016-03-23,75.91820526123047
2016-03-24,76.0781478881836
2016-03-28,76.86018371582031
2016-03-29,78.16648864746094
2016-03-30,77.79328155517578
2016-03-31,77.97097778320312
2016-04-01,78.54862213134766
2016-04-04,77.69552612304688
2016-04-05,77.0290298461914
2016-04-06,79.21513366699219
2016-04-07,78.2642593383789
2016-04-08,79.36619567871094
2016-04-11,78.93963623046875
2016-04-12,78.96629333496094
2016-04-13,80.6458740234375
2016-04-14,80.69029235839844
2016-04-15,80.48593139648438
2016-04-18,81.43678283691406
2016-04-19,81.01912689208984
2016-04-20,80.70807647705078
2016-04-21,80.2459716796875
2016-04-22,79.40174865722656
2016-04-25,79.455078125
2016-04-26,79.22401428222656
2016-04-27,79.65943145751953
2016-04-28,78.7707748413086
2016-04-29,77.67774200439453
2016-05-02,78.53085327148438
2016-05-03,77.59777069091797
2016-05-04,77.78438568115234
2016-05-05,77.60665130615234
2016-05-06,78.77967834472656
2016-05-09,80.10379028320312
2016-05-10,80.29927825927734
2016-05-11,79.95272827148438
2016-05-12,80.70807647705078
2016-05-13,80.29927825927734
2016-05-16,79.95272827148438
2016-05-17,78.18708038330078
2016-05-18,78.16034698486328
2016-05-19,78.2227554321289
2016-05-20,78.66862487792969
2016-05-23,78.70429229736328
2016-05-24,80.71959686279297
2016-05-25,80.94253540039062
2016-05-26,81.50431060791016
2016-05-27,82.42279052734375
2016-05-31,81.65593719482422
2016-06-01,81.70050811767578
2016-06-02,83.00244140625
2016-06-03,82.53872680664062
2016-06-06,81.38839721679688
2016-06-07,81.52217864990234
2016-06-08,82.1463623046875
2016-06-09,81.7718505859375
2016-06-10,80.7284927368164
2016-06-13,79.52467346191406
2016-06-14,79.56036376953125
2016-06-15,80.40748596191406
2016-06-16,80.22916412353516
2016-06-17,79.75654602050781
2016-06-20,80.87117767333984
2016-06-21,80.64827728271484
2016-06-22,80.2024154663086
2016-06-23,81.02278900146484
2016-06-24,79.6317138671875
2016-06-27,79.06096649169922
2016-06-28,80.30048370361328
2016-06-29,81.42407989501953
2016-06-30,83.84957122802734
2016-07-01,84.75916290283203
2016-07-05,84.47382354736328
2016-07-06,84.79480743408203
2016-07-07,84.86614227294922
2016-07-08,86.20378112792969
2016-07-11,86.21265411376953
2016-07-12,86.62287902832031
2016-07-13,86.28401947021484
2016-07-14,85.92732238769531
2016-07-15,85.69547271728516
2016-07-18,85.6152114868164
2016-07-19,85.6865463256836
2016-07-20,86.61396789550781
2016-07-21,87.22924041748047
2016-07-22,89.45857238769531
2016-07-25,90.05603790283203
2016-07-26,90.19869995117188
2016-07-27,90.51083374023438
2016-07-28,91.32229614257812
2016-07-29,91.20636749267578
2016-08-01,91.41146087646484
2016-08-02,89.92227935791016
2016-08-03,89.83309173583984
2016-08-04,90.11846160888672
2016-08-05,89.1197280883789
2016-08-08,88.8692398071289
2016-08-09,88.88716125488281
2016-08-10,89.08393859863281
2016-08-11,89.58487701416016
2016-08-12,89.62064361572266
2016-08-15,89.89793395996094
2016-08-16,89.18233489990234
2016-08-17,89.59381103515625
2016-08-18,89.90686798095703
2016-08-19,90.24678039550781
2016-08-22,90.21992492675781
2016-08-23,90.71195983886719
2016-08-24,90.47042083740234
2016-08-25,91.40069580078125
2016-08-26,90.640380859375
2016-08-29,91.06080627441406
2016-08-30,90.53303527832031
2016-08-31,90.22891998291016
2016-09-01,89.82637786865234
2016-09-02,89.82637786865234
2016-09-06,89.34332275390625
2016-09-07,88.7708740234375
2016-09-08,87.68851470947266
2016-09-09,84.96027374267578
2016-09-12,85.56852722167969
2016-09-13,84.13731384277344
2016-09-14,84.5934829711914
2016-09-15,85.04971313476562
2016-09-16,84.1194076538086
2016-09-19,84.05682373046875
2016-09-20,83.20702362060547
2016-09-21,83.6721420288086
2016-09-22,84.92449951171875
2016-09-23,84.62034606933594
2016-09-26,84.39672088623047
2016-09-27,85.31805419921875
2016-09-28,85.12129211425781
2016-09-29,84.42354583740234
2016-09-30,84.54878234863281
2016-10-03,85.08552551269531
2016-10-04,85.55957794189453
2016-10-05,84.61138153076172
2016-10-06,85.21968078613281
2016-10-07,84.96920013427734
2016-10-10,85.04077911376953
2016-10-11,83.07286834716797
2016-10-12,83.6542739868164
2016-10-13,83.08179473876953
2016-10-14,83.42169952392578
2016-10-17,83.6006088256836
2016-10-18,83.51113891601562
2016-10-19,82.43777465820312
2016-10-20,81.65057373046875
2016-10-21,84.47724151611328
2016-10-24,84.17310333251953
2016-10-25,83.4306411743164
2016-10-26,81.67743682861328
2016-10-27,82.07996368408203
2016-10-28,82.49140930175781
2016-10-31,82.81341552734375
2016-11-01,81.03337860107422
2016-11-02,81.42697143554688
2016-11-03,81.78475952148438
2016-11-04,82.44669342041016
2016-11-07,84.71742248535156
2016-11-08,83.86481475830078
2016-11-09,84.36738586425781
2016-11-10,85.56111145019531
2016-11-11,86.86251831054688
2016-11-14,88.68448638916016
2016-11-15,89.4294662475586
2016-11-16,89.48330688476562
2016-11-17,90.50648498535156
2016-11-18,90.18338775634766
2016-11-21,90.5334243774414
2016-11-22,91.69122314453125
2016-11-23,91.04499053955078
2016-11-25,91.48479461669922
2016-11-28,90.63214111328125
2016-11-29,90.89240264892578
2016-11-30,90.30004119873047
2016-12-01,90.5423812866211
2016-12-02,89.62691497802734
2016-12-05,91.91558837890625
2016-12-06,93.3067626953125
2016-12-07,94.10555267333984
2016-12-08,96.47502136230469
2016-12-09,95.82880401611328
2016-12-12,95.06588745117188
2016-12-13,96.07115936279297
2016-12-14,94.94921875
2016-12-15,94.94921875
2016-12-16,95.41593170166016
2016-12-19,95.28134155273438
2016-12-20,95.1377182006836
2016-12-21,94.71586608886719
2016-12-22,94.32096862792969
2016-12-23,94.94024658203125
2016-12-27,95.14669036865234
2016-12-28,94.36581420898438
2016-12-29,94.85051727294922
2016-12-30,93.6478042602539
2017-01-03,93.9170913696289
2017-01-04,94.95820617675781
2017-01-05,95.25439453125
2017-01-06,93.70167541503906
2017-01-09,93.27982330322266
2017-01-10,93.97989654541016
2017-01-11,94.03375244140625
2017-01-12,93.5311279296875
2017-01-13,94.92228698730469
2017-01-17,94.41071319580078
2017-01-18,94.44661712646484
2017-01-19,94.05169677734375
2017-01-20,94.17733764648438
2017-01-23,94.20427703857422
2017-01-24,95.75701904296875
2017-01-25,95.54159545898438
2017-01-26,94.68894958496094
2017-01-27,94.26710510253906
2017-01-30,94.17733764648438
2017-01-31,94.74280548095703
2017-02-01,94.76074981689453
2017-02-02,95.8019027709961
2017-02-03,97.07638549804688
2017-02-06,96.41220092773438
2017-02-07,96.39425659179688
2017-02-08,96.3673324584961
2017-02-09,98.15336608886719
2017-02-10,98.60215759277344
2017-02-13,98.9252700805664
2017-02-14,99.5445785522461
2017-02-15,100.79212188720703
2017-02-16,102.66798400878906
2017-02-17,104.66045379638672
2017-02-21,104.79509735107422
2017-02-22,104.44505310058594
2017-02-23,103.1705551147461
2017-02-24,104.20272827148438
2017-02-27,105.1451416015625
2017-02-28,102.95515441894531
2017-03-01,105.04637908935547
2017-03-02,103.81678009033203
2017-03-03,104.49891662597656
2017-03-06,103.98733520507812
2017-03-07,104.10399627685547
2017-03-08,104.84895324707031
2017-03-09,105.00152587890625
2017-03-10,106.25804901123047
2017-03-13,107.0139389038086
2017-03-14,106.0420913696289
2017-03-15,107.76085662841797
2017-03-16,107.598876953125
2017-03-17,108.84071350097656
2017-03-20,108.50774383544922
2017-03-21,106.90599060058594
2017-03-22,107.41888427734375
2017-03-23,106.95096588134766
2017-03-24,107.02296447753906
2017-03-27,106.92396545410156
2017-03-28,108.10281372070312
2017-03-29,107.44589233398438
2017-03-30,107.00497436523438
2017-03-31,107.38288116455078
2017-04-03,107.44589233398438
2017-04-04,107.16694641113281
2017-04-05,106.94196319580078
2017-04-06,107.0139389038086
2017-04-07,106.65399169921875
2017-04-10,107.35591125488281
2017-04-11,107.94085693359375
2017-04-12,105.76312255859375
2017-04-13,104.77326202392578
2017-04-17,106.1050796508789
2017-04-18,106.13208770751953
2017-04-19,105.72711944580078
2017-04-20,107.51789093017578
2017-04-21,107.00497436523438
2017-04-24,107.16694641113281
2017-04-25,107.80587768554688
2017-04-26,108.11180877685547
2017-04-27,108.71470642089844
2017-04-28,107.64385986328125
2017-05-01,107.44589233398438
2017-05-02,109.20065307617188
2017-05-03,109.62359619140625
2017-05-04,109.91155242919922
2017-05-05,109.60560607910156
2017-05-08,109.83959197998047
2017-05-09,109.18268585205078
2017-05-10,109.94755554199219
2017-05-11,109.31765747070312
2017-05-12,108.2198257446289
2017-05-15,108.56278991699219
2017-05-16,108.44546508789062
2017-05-17,106.05342864990234
2017-05-18,106.45963287353516
2017-05-19,107.56988525390625
2017-05-22,108.81554412841797
2017-05-23,107.84070587158203
2017-05-24,107.52477264404297
2017-05-25,108.76139068603516
2017-05-26,108.58086395263672
2017-05-30,107.60598754882812
2017-05-31,107.53378295898438
2017-06-01,108.8606948852539
2017-06-02,110.53059387207031
2017-06-05,110.56671905517578
2017-06-06,107.32614135742188
2017-06-07,109.3030014038086
2017-06-08,108.55380249023438
2017-06-09,107.3713150024414
2017-06-12,108.28298950195312
2017-06-13,109.72724914550781
2017-06-14,109.7904281616211
2017-06-15,110.07926177978516
2017-06-16,109.55572509765625
2017-06-19,111.14441680908203
2017-06-20,111.71306610107422
2017-06-21,111.35201263427734
2017-06-22,108.45450592041016
2017-06-23,110.6659927368164
2017-06-26,109.97098541259766
2017-06-27,106.96511840820312
2017-06-28,107.85873413085938
2017-06-29,106.4866943359375
2017-06-30,106.12562561035156
2017-07-03,108.34616088867188
2017-07-05,109.284912109375
2017-07-06,108.63504028320312
2017-07-07,108.55380249023438
2017-07-10,106.99219512939453
2017-07-11,108.20175170898438
2017-07-12,107.29004669189453
2017-07-13,106.04438018798828
2017-07-14,105.05147552490234
2017-07-17,106.5949935913086
2017-07-18,106.41448211669922
2017-07-19,106.39643096923828
2017-07-20,96.35887145996094
2017-07-21,95.53742980957031
2017-07-24,97.73089599609375
2017-07-25,96.28662109375
2017-07-26,98.35372161865234
2017-07-27,98.6245346069336
2017-07-28,97.70382690429688
2017-07-31,97.59550476074219
2017-08-01,97.62259674072266
2017-08-02,97.21637725830078
2017-08-03,96.50328063964844
2017-08-04,98.40789794921875
2017-08-07,97.4659423828125
2017-08-08,97.69237518310547
2017-08-09,97.4659423828125
2017-08-10,95.89901733398438
2017-08-11,98.2992172241211
2017-08-14,97.72860717773438
2017-08-15,97.10364532470703
2017-08-16,98.24486541748047
2017-08-17,97.25762939453125
2017-08-18,96.42434692382812
2017-08-21,95.74504852294922
2017-08-22,96.22509765625
2017-08-23,94.0331802368164
2017-08-24,93.299560546875
2017-08-25,90.2291259765625
2017-08-28,90.23816680908203
2017-08-29,88.12784576416016
2017-08-30,88.68938446044922
2017-08-31,90.29251861572266
2017-09-01,91.28885650634766
2017-09-05,91.7960433959961
2017-09-06,91.96813201904297
2017-09-07,92.13116455078125
2017-09-08,92.50252532958984
2017-09-11,92.95538330078125
2017-09-12,93.80677795410156
2017-09-13,94.42267608642578
2017-09-14,95.13819122314453
2017-09-15,95.09290313720703
2017-09-18,97.00402069091797
2017-09-19,96.82286071777344
2017-09-20,97.77388000488281
2017-09-21,97.71047973632812
2017-09-22,97.5293197631836
2017-09-25,97.8735122680664
2017-09-26,97.61084747314453
2017-09-27,97.77388000488281
2017-09-28,97.81918334960938
2017-09-29,97.97315216064453
2017-10-02,100.37333679199219
2017-10-03,100.45488739013672
2017-10-04,102.83692169189453
2017-10-05,101.01639556884766
2017-10-06,100.98018646240234
2017-10-09,100.09255981445312
2017-10-10,99.8661117553711
2017-10-11,100.72657012939453
2017-10-12,101.75910949707031
2017-10-13,101.82250213623047
2017-10-16,102.284423828125
2017-10-17,99.9385757446289
2017-10-18,101.35154724121094
2017-10-19,106.62288665771484
2017-10-20,109.40351104736328
2017-10-23,109.55747985839844
2017-10-24,110.0374984741211
2017-10-25,109.53031158447266
2017-10-26,109.2132797241211
2017-10-27,109.7114486694336
2017-10-30,108.31661224365234
2017-10-31,109.39444732666016
2017-11-01,109.12271881103516
2017-11-02,109.69332122802734
2017-11-03,109.86540985107422
2017-11-06,109.3310317993164
2017-11-07,109.53031158447266
2017-11-08,109.5665283203125
2017-11-09,107.40182495117188
2017-11-10,108.28035736083984
2017-11-13,108.77852630615234
2017-11-14,108.46963500976562
2017-11-15,107.94269561767578
2017-11-16,108.5241470336914
2017-11-17,109.30548858642578
2017-11-20,109.42359924316406
2017-11-21,109.96871185302734
2017-11-22,109.87786102294922
2017-11-24,110.20494079589844
2017-11-27,109.47813415527344
2017-11-28,110.78638458251953
2017-11-29,113.49382781982422
2017-11-30,114.14795684814453
2017-12-01,115.23822784423828
2017-12-04,118.00923156738281
2017-12-05,116.06497192382812
2017-12-06,114.68399810791016
2017-12-07,116.15581512451172
2017-12-08,117.20063781738281
2017-12-11,116.87354278564453
2017-12-12,116.22850799560547
2017-12-13,115.98318481445312
2017-12-14,116.03771209716797
2017-12-15,118.24544525146484
2017-12-18,119.17216491699219
2017-12-19,119.17216491699219
2017-12-20,118.8087387084961
2017-12-21,118.0637435913086
2017-12-22,117.47321319580078
2017-12-26,117.845703125
2017-12-27,118.62704467773438
2017-12-28,118.7451400756836
2017-12-29,117.79119110107422
2018-01-02,119.17216491699219
2018-01-03,119.04495239257812
2018-01-04,119.96257781982422
2018-01-05,120.10794830322266
2018-01-08,119.45377349853516
2018-01-09,119.45377349853516
2018-01-10,118.4453125
2018-01-11,119.49014282226562
2018-01-12,119.20851135253906
2018-01-16,116.97349548339844
2018-01-17,118.92683410644531
2018-01-18,117.70941925048828
2018-01-19,118.60887145996094
2018-01-22,118.10009002685547
2018-01-23,119.10855102539062
2018-01-24,123.18785095214844
2018-01-25,123.43318176269531
2018-01-26,123.26056671142578
2018-01-29,122.44285583496094
2018-01-30,122.52462768554688
2018-01-31,122.86988067626953
2018-02-01,121.18003845214844
2018-02-02,120.37142944335938
2018-02-05,117.67306518554688
2018-02-06,116.77359771728516
2018-02-07,118.54524993896484
2018-02-08,114.30240631103516
2018-02-09,117.07344055175781
2018-02-12,117.99108123779297
2018-02-13,118.49986267089844
2018-02-14,121.98860931396484
2018-02-15,133.55422973632812
2018-02-16,135.7346954345703
2018-02-20,131.9461212158203
2018-02-21,130.49241638183594
2018-02-22,129.1842041015625
2018-02-23,131.06483459472656
2018-02-26,129.49307250976562
2018-02-27,127.7032699584961
2018-02-28,125.40465545654297
2018-03-01,126.23143768310547
2018-03-02,129.4294891357422
2018-03-05,130.43792724609375
2018-03-06,134.1084442138672
2018-03-07,132.77285766601562
2018-03-08,131.60995483398438
2018-03-09,132.77285766601562
2018-03-12,132.66384887695312
2018-03-13,131.1466064453125
2018-03-14,130.9830780029297
2018-03-15,129.62586975097656
2018-03-16,130.45477294921875
2018-03-19,130.65513610839844
2018-03-20,131.57510375976562
2018-03-21,131.8211212158203
2018-03-22,131.6935577392578
2018-03-23,129.7989501953125
2018-03-26,130.7097930908203
2018-03-27,130.7097930908203
2018-03-28,130.9466552734375
2018-03-29,133.1873779296875
2018-04-02,130.72801208496094
2018-04-03,133.2602081298828
2018-04-04,134.79959106445312
2018-04-05,134.47171020507812
2018-04-06,133.0962677001953
2018-04-09,132.5133056640625
2018-04-10,134.54457092285156
2018-04-11,133.07806396484375
2018-04-12,132.91412353515625
2018-04-13,132.5133056640625
2018-04-16,133.6336669921875
2018-04-17,134.59007263183594
2018-04-18,133.77943420410156
2018-04-19,131.80284118652344
2018-04-20,128.55104064941406
2018-04-23,127.26671600341797
2018-04-24,126.31941223144531
2018-04-25,124.79824829101562
2018-04-26,124.98040008544922
2018-04-27,126.547119140625
2018-04-30,126.43780517578125
2018-05-01,125.80023956298828
2018-05-02,126.27388000488281
2018-05-03,128.9062957763672
2018-05-04,130.48208618164062
2018-05-07,130.91018676757812
2018-05-08,131.1014404296875
2018-05-09,135.19125366210938
2018-05-10,135.1275177001953
2018-05-11,136.357177734375
2018-05-14,135.69227600097656
2018-05-15,134.5627899169922
2018-05-16,135.99281311035156
2018-05-17,135.58169555664062
2018-05-18,135.98370361328125
2018-05-21,136.7968292236328
2018-05-22,133.27024841308594
2018-05-23,133.02359008789062
2018-05-24,133.86410522460938
2018-05-25,132.21961975097656
2018-05-29,131.0592498779297
2018-05-30,131.75363159179688
2018-05-31,130.57505798339844
2018-06-01,129.57008361816406
2018-06-04,132.128173828125
2018-06-05,133.60829162597656
2018-06-06,135.1614532470703
2018-06-07,135.74615478515625
2018-06-08,136.2303924560547
2018-06-11,136.5684356689453
2018-06-12,137.30848693847656
2018-06-13,136.38572692871094
2018-06-14,138.2312469482422
2018-06-15,138.86163330078125
2018-06-18,140.69798278808594
2018-06-19,141.237060546875
2018-06-20,143.31097412109375
2018-06-21,141.06344604492188
2018-06-22,140.69798278808594
2018-06-25,139.6382293701172
2018-06-26,141.34664916992188
2018-06-27,141.56594848632812
2018-06-28,139.0535125732422
2018-06-29,138.41392517089844
2018-07-02,139.90313720703125
2018-07-03,137.9114532470703
2018-07-05,139.35499572753906
2018-07-06,141.7578125
2018-07-09,142.7993621826172
2018-07-10,143.2561492919922
2018-07-11,142.9821014404297
2018-07-12,142.73536682128906
2018-07-13,144.5352020263672
2018-07-16,143.9779052734375
2018-07-17,144.16065979003906
2018-07-18,143.89569091796875
2018-07-19,147.60501098632812
2018-07-20,145.03773498535156
2018-07-23,145.14730834960938
2018-07-24,143.3566436767578
2018-07-25,143.4936981201172
2018-07-26,143.81349182128906
2018-07-27,140.6705780029297
2018-07-30,137.8292236328125
2018-07-31,140.0127410888672
2018-08-01,143.65818786621094
2018-08-02,145.0651092529297
2018-08-03,143.60333251953125
2018-08-06,145.41226196289062
2018-08-07,146.6273956298828
2018-08-08,147.3309326171875
2018-08-09,147.4040069580078
2018-08-10,147.2852020263672
2018-08-13,146.01174926757812
2018-08-14,147.05621337890625
2018-08-15,145.21469116210938
2018-08-16,145.64527893066406
2018-08-17,146.20413208007812
2018-08-20,147.01951599121094
2018-08-21,148.4396514892578
2018-08-22,147.49598693847656
2018-08-23,146.6622314453125
2018-08-24,147.46849060058594
2018-08-27,149.6306610107422
2018-08-28,147.79830932617188
2018-08-29,150.5742950439453
2018-08-30,149.28250122070312
2018-08-31,150.49185180664062
2018-09-04,152.2417449951172
2018-09-05,153.48779296875
2018-09-06,155.0361328125
2018-09-07,155.66827392578125
2018-09-10,156.50201416015625
2018-09-11,157.15249633789062
2018-09-12,159.0856170654297
2018-09-13,158.70083618164062
2018-09-14,159.85525512695312
2018-09-17,158.31607055664062
2018-09-18,160.047607421875
2018-09-19,157.94044494628906
2018-09-20,155.29266357421875
2018-09-21,155.1185760498047
2018-09-24,153.42364501953125
2018-09-25,154.46810913085938
2018-09-26,152.3242645263672
2018-09-27,151.52719116210938
2018-09-28,152.89227294921875
2018-10-01,153.002197265625
2018-10-02,150.49185180664062
2018-10-03,147.99069213867188
2018-10-04,143.88621520996094
2018-10-05,142.70433044433594
2018-10-08,141.49496459960938
2018-10-09,138.99378967285156
2018-10-10,136.2269287109375
2018-10-11,134.5320281982422
2018-10-12,135.7413787841797
2018-10-15,134.99012756347656
2018-10-16,136.11700439453125
2018-10-17,132.14077758789062
2018-10-18,130.4091796875
2018-10-19,129.20899963378906
2018-10-22,129.51133728027344
2018-10-23,128.03622436523438
2018-10-24,127.23002624511719
2018-10-25,130.8489227294922
2018-10-26,129.26394653320312
2018-10-29,129.2823028564453
2018-10-30,131.48110961914062
2018-10-31,133.53334045410156
2018-11-01,134.1105499267578
2018-11-02,132.91954040527344
2018-11-05,133.99142456054688
2018-11-06,134.7335662841797
2018-11-07,135.55812072753906
2018-11-08,136.78579711914062
2018-11-09,135.5489959716797
2018-11-12,135.64974975585938
2018-11-13,136.94155883789062
2018-11-14,138.972412109375
2018-11-15,139.87301635742188
2018-11-16,142.00498962402344
2018-11-19,140.04762268066406
2018-11-20,139.4411163330078
2018-11-21,140.7367706298828
2018-11-23,141.68331909179688
2018-11-26,141.93142700195312
2018-11-27,142.4001007080078
2018-11-28,148.12513732910156
2018-11-29,147.36239624023438
2018-11-30,149.33816528320312
2018-12-03,151.3966064453125
2018-12-04,146.8937530517578
2018-12-06,143.82443237304688
2018-12-07,140.05677795410156
2018-12-10,138.42100524902344
2018-12-11,138.18212890625
2018-12-12,137.94325256347656
2018-12-13,138.69674682617188
2018-12-14,134.9382781982422
2018-12-17,133.5046844482422
2018-12-18,133.68849182128906
2018-12-19,132.56735229492188
2018-12-20,132.88894653320312
2018-12-21,128.23912048339844
2018-12-24,127.3752670288086
2018-12-26,132.42955017089844
2018-12-27,133.7987823486328
2018-12-28,135.85720825195312
2018-12-31,136.60157775878906
2019-01-02,134.07440185546875
2019-01-03,132.66842651367188
2019-01-04,137.18048095703125
2019-01-07,137.97998046875
2019-01-08,137.6858673095703
2019-01-09,141.0124969482422
2019-01-10,140.42433166503906
2019-01-11,139.51461791992188
2019-01-14,138.76107788085938
2019-01-15,137.46534729003906
2019-01-16,136.27993774414062
2019-01-17,138.56808471679688
2019-01-18,140.27732849121094
2019-01-22,139.5881805419922
2019-01-23,139.89137268066406
2019-01-24,140.24977111816406
2019-01-25,138.40267944335938
2019-01-28,139.31240844726562
2019-01-29,138.91729736328125
2019-01-30,138.39353942871094
2019-01-31,137.7593994140625
2019-02-01,139.33084106445312
2019-02-04,142.2255096435547
2019-02-05,144.2931671142578
2019-02-06,143.1077117919922
2019-02-07,143.82443237304688
2019-02-08,143.9347686767578
2019-02-11,142.7860870361328
2019-02-12,145.79104614257812
2019-02-13,145.03746032714844
2019-02-14,138.31077575683594
2019-02-15,139.68006896972656
2019-02-19,141.97740173339844
2019-02-20,140.34169006347656
2019-02-21,142.7860870361328
2019-02-22,145.86456298828125
2019-02-25,147.16937255859375
2019-02-26,148.20779418945312
2019-02-27,147.6381378173828
2019-02-28,146.60891723632812
2019-03-01,146.31483459472656
2019-03-04,146.33319091796875
2019-03-05,146.79266357421875
2019-03-06,145.0191192626953
2019-03-07,144.14614868164062
2019-03-08,143.46607971191406
2019-03-11,145.71755981445312
2019-03-12,146.13104248046875
2019-03-13,147.8174591064453
2019-03-14,146.61947631835938
2019-03-15,144.66571044921875
2019-03-18,146.37062072753906
2019-03-19,145.48590087890625
2019-03-20,144.8869171142578
2019-03-21,147.22767639160156
2019-03-22,143.96536254882812
2019-03-25,145.92831420898438
2019-03-26,145.09893798828125
2019-03-27,148.2229461669922
2019-03-28,151.6143035888672
2019-03-29,152.02899169921875
2019-04-01,154.6646270751953
2019-04-02,154.5540313720703
2019-04-03,156.42477416992188
2019-04-04,156.19439697265625
2019-04-05,156.96852111816406
2019-04-08,156.59066772460938
2019-04-09,149.6421356201172
2019-04-10,150.97842407226562
2019-04-11,152.11192321777344
2019-04-12,154.9042205810547
2019-04-15,157.05145263671875
2019-04-16,157.2357177734375
2019-04-17,155.89028930664062
2019-04-18,163.93548583984375
2019-04-22,164.13824462890625
2019-04-23,164.46075439453125
2019-04-24,165.3362579345703
2019-04-25,162.8756866455078
2019-04-26,164.7832794189453
2019-04-29,166.81069946289062
2019-04-30,169.3265838623047
2019-05-01,167.35446166992188
2019-05-02,170.45086669921875
2019-05-03,169.9716796875
2019-05-06,171.29869079589844
2019-05-07,168.34054565429688
2019-05-08,168.69993591308594
2019-05-09,168.0179901123047
2019-05-10,169.7228546142578
2019-05-13,166.44210815429688
2019-05-14,166.20249938964844
2019-05-15,167.8244171142578
2019-05-16,168.15725708007812
2019-05-17,170.33868408203125
2019-05-20,171.05044555664062
2019-05-21,169.96890258789062
2019-05-22,169.34959411621094
2019-05-23,167.158935546875
2019-05-24,167.9446258544922
2019-05-28,165.79092407226562
2019-05-29,163.78501892089844
2019-05-30,165.39340209960938
2019-05-31,166.1791229248047
2019-06-03,165.79092407226562
2019-06-04,172.0948944091797
2019-06-05,172.53860473632812
2019-06-06,174.13775634765625
2019-06-07,175.14524841308594
2019-06-10,173.7402801513672
2019-06-11,171.77142333984375
2019-06-12,174.09152221679688
2019-06-13,176.56875610351562
2019-06-14,175.29318237304688
2019-06-17,173.30581665039062
2019-06-18,173.10247802734375
2019-06-19,173.51846313476562
2019-06-20,176.03265380859375
2019-06-21,172.81591796875
2019-06-24,171.3462371826172
2019-06-25,170.3201904296875
2019-06-26,171.42013549804688
2019-06-27,173.68479919433594
2019-06-28,176.55029296875
2019-07-01,176.8645477294922
2019-07-02,175.48728942871094
2019-07-03,178.70399475097656
2019-07-05,178.01080322265625
2019-07-08,177.25277709960938
2019-07-09,170.56973266601562
2019-07-10,169.1833038330078
2019-07-11,168.57315063476562
2019-07-12,170.9487762451172
2019-07-15,171.40167236328125
2019-07-16,172.63104248046875
2019-07-17,169.9874267578125
2019-07-18,174.38734436035156
2019-07-19,176.77215576171875
2019-07-22,173.56468200683594
2019-07-23,174.01754760742188
2019-07-24,173.22259521484375
2019-07-25,175.5705108642578
2019-07-26,177.955322265625
2019-07-29,176.79063415527344
2019-07-30,176.68893432617188
2019-07-31,175.04359436035156
2019-08-01,174.74783325195312
2019-08-02,174.61846923828125
2019-08-05,170.93028259277344
2019-08-06,176.9569854736328
2019-08-07,179.9148712158203
2019-08-08,182.54006958007812
2019-08-09,184.2686004638672
2019-08-12,180.29388427734375
2019-08-13,182.1148681640625
2019-08-14,179.3711395263672
2019-08-15,178.98178100585938
2019-08-16,180.7058868408203
2019-08-19,183.74623107910156
2019-08-20,182.69883728027344
2019-08-21,182.6153564453125
2019-08-22,184.8863525390625
2019-08-23,179.1579132080078
2019-08-26,181.60504150390625
2019-08-27,183.23641967773438
2019-08-28,183.06956481933594
2019-08-29,183.8389892578125
2019-08-30,182.0314178466797
2019-09-03,180.65025329589844
2019-09-04,183.39401245117188
2019-09-05,188.0935821533203
2019-09-06,186.84222412109375
2019-09-09,180.66883850097656
2019-09-10,174.05979919433594
2019-09-11,173.72607421875
2019-09-12,177.14649963378906
2019-09-13,176.11758422851562
2019-09-16,172.66940307617188
2019-09-17,176.07125854492188
2019-09-18,175.40382385253906
2019-09-19,177.9158172607422
2019-09-20,181.67919921875
2019-09-23,184.1448211669922
2019-09-24,184.48779296875
2019-09-25,185.87818908691406
2019-09-26,183.8574981689453
2019-09-27,184.94200134277344
2019-09-30,186.9627685546875
2019-10-01,184.64535522460938
2019-10-02,184.21902465820312
2019-10-03,182.69883728027344
2019-10-04,186.92567443847656
2019-10-07,186.91639709472656
2019-10-08,186.04505920410156
2019-10-09,186.9348907470703
2019-10-10,186.7310028076172
2019-10-11,188.40872192382812
2019-10-14,187.4632568359375
2019-10-15,189.9844970703125
2019-10-16,186.07289123535156
2019-10-17,197.40927124023438
2019-10-18,201.5712432861328
2019-10-21,195.10116577148438
2019-10-22,197.3444061279297
2019-10-23,190.86514282226562
2019-10-24,188.7887725830078
2019-10-25,185.4888916015625
2019-10-28,184.96058654785156
2019-10-29,186.87928771972656
2019-10-30,191.84765625
2019-10-31,192.2462158203125
2019-11-01,192.07012939453125
2019-11-04,188.95562744140625
2019-11-05,184.9512481689453
2019-11-06,187.52813720703125
2019-11-07,186.30462646484375
2019-11-08,187.32420349121094
2019-11-11,188.8629608154297
2019-11-12,189.4283905029297
2019-11-13,190.1905059814453
2019-11-14,190.85037231445312
2019-11-15,192.69070434570312
2019-11-18,193.8153533935547
2019-11-19,193.39706420898438
2019-11-20,195.88792419433594
2019-11-21,190.29273986816406
2019-11-22,192.81150817871094
2019-11-25,190.813232421875
2019-11-26,195.4232177734375
2019-11-27,194.94921875
2019-11-29,191.88206481933594
2019-12-02,191.47308349609375
2019-12-03,190.32997131347656
2019-12-04,191.7612762451172
2019-12-05,195.26522827148438
2019-12-06,195.77642822265625
2019-12-09,193.88970947265625
2019-12-10,192.71856689453125
2019-12-11,193.099609375
2019-12-12,192.8487091064453
2019-12-13,190.9340362548828
2019-12-16,193.62013244628906
2019-12-17,196.8824462890625
2019-12-18,195.16299438476562
2019-12-19,197.28211975097656
2019-12-20,199.93101501464844
2019-12-23,195.4418487548828
2019-12-24,198.25802612304688
2019-12-26,197.69107055664062
2019-12-27,198.285888671875
2019-12-30,199.77297973632812
2019-12-31,197.3936004638672
2020-01-02,198.72271728515625
2020-01-03,199.8659210205078
2020-01-06,199.90313720703125
2020-01-07,197.98849487304688
2020-01-08,198.9922332763672
2020-01-09,199.373291015625
2020-01-10,201.7248077392578
2020-01-13,201.32513427734375
2020-01-14,200.40501403808594
2020-01-15,201.7154998779297
2020-01-16,203.03529357910156
2020-01-17,204.30862426757812
2020-01-21,203.81602478027344
2020-01-22,205.02432250976562
2020-01-23,205.2008819580078
2020-01-24,204.42942810058594
2020-01-27,205.94444274902344
2020-01-28,205.83290100097656
2020-01-29,209.60643005371094
2020-01-30,208.16580200195312
2020-01-31,203.8253631591797
2020-02-03,205.3309783935547
2020-02-04,207.12484741210938
2020-02-05,208.0263671875
2020-02-06,209.8666534423828
2020-02-07,210.89837646484375
2020-02-10,211.49317932128906
2020-02-11,213.1104278564453
2020-02-12,211.14927673339844
2020-02-13,212.04153442382812
2020-02-14,217.06979370117188
2020-02-18,219.34690856933594
2020-02-19,216.99542236328125
2020-02-20,215.97308349609375
2020-02-21,213.02676391601562
2020-02-24,208.72344970703125
2020-02-25,202.16165161132812
2020-02-26,204.4851837158203
2020-02-27,201.1206512451172
2020-02-28,196.07383728027344
2020-03-02,196.03665161132812
2020-03-03,200.1540985107422
2020-03-04,211.48390197753906
2020-03-05,210.64739990234375
2020-03-06,209.03948974609375
2020-03-09,197.98849487304688
2020-03-10,201.39950561523438
2020-03-11,193.20896911621094
2020-03-12,174.1815643310547
2020-03-13,192.08148193359375
2020-03-16,159.83184814453125
2020-03-17,168.8610076904297
2020-03-18,174.63815307617188
2020-03-19,180.64833068847656
2020-03-20,156.3375701904297
2020-03-23,157.7632598876953
2020-03-24,168.70257568359375
2020-03-25,163.10244750976562
2020-03-26,172.3832244873047
2020-03-27,174.22817993164062
2020-03-30,184.82276916503906
2020-03-31,183.3505401611328
2020-04-01,181.71055603027344
2020-04-02,179.94944763183594
2020-04-03,166.11221313476562
2020-04-06,182.61439514160156
2020-04-07,178.51446533203125
2020-04-08,185.53094482421875
2020-04-09,185.86631774902344
2020-04-13,177.51742553710938
2020-04-14,182.01803588867188
2020-04-15,178.4212646484375
2020-04-16,182.95916748046875
2020-04-17,185.22341918945312
2020-04-20,178.53311157226562
2020-04-21,172.15960693359375
2020-04-22,177.4335479736328
2020-04-23,190.46017456054688
2020-04-24,198.93959045410156
2020-04-27,207.43759155273438
2020-04-28,205.63919067382812
2020-04-29,202.86241149902344
2020-04-30,197.22506713867188
2020-05-01,201.28768920898438
2020-05-04,200.1602325439453
2020-05-05,206.7294464111328
2020-05-06,207.15802001953125
2020-05-07,203.78492736816406
2020-05-08,209.32908630371094
2020-05-11,212.19908142089844
2020-05-12,206.4778289794922
2020-05-13,201.60447692871094
2020-05-14,203.40771484375
2020-05-15,208.32215881347656
2020-05-18,214.47927856445312
2020-05-19,213.96539306640625
2020-05-20,215.62844848632812
2020-05-21,222.6918182373047
2020-05-22,222.53294372558594
2020-05-26,226.86814880371094
2020-05-27,237.75279235839844
2020-05-28,242.10667419433594
2020-05-29,251.34698486328125
2020-06-01,250.16964721679688
2020-06-02,248.36648559570312
2020-06-03,251.78604125976562
2020-06-04,245.52618408203125
2020-06-05,241.835693359375
2020-06-08,238.58428955078125
2020-06-09,245.24594116210938
2020-06-10,245.11517333984375
2020-06-11,235.099365234375
2020-06-12,236.07102966308594
2020-06-15,238.3694610595703
2020-06-16,246.07748413085938
2020-06-17,247.97413635253906
2020-06-18,247.7311553955078
2020-06-19,249.08595275878906
2020-06-22,252.97262573242188
2020-06-23,248.60006713867188
2020-06-24,244.12478637695312
2020-06-25,246.5725860595703
2020-06-26,243.7977752685547
2020-06-29,248.32913208007812
2020-06-30,254.00975036621094
2020-07-01,254.98141479492188
2020-07-02,252.46812438964844
2020-07-06,251.57118225097656
2020-07-07,254.0284423828125
2020-07-08,253.00997924804688
2020-07-09,260.7926940917969
2020-07-10,260.19476318359375
2020-07-13,258.1300048828125
2020-07-14,262.89495849609375
2020-07-15,268.6596374511719
2020-07-16,264.9691162109375
2020-07-17,275.05029296875
2020-07-20,281.5531005859375
2020-07-21,276.9468688964844
2020-07-22,282.0669250488281
2020-07-23,280.83367919921875
2020-07-24,284.2812194824219
2020-07-27,289.9430847167969
2020-07-28,286.48614501953125
2020-07-29,293.3253173828125
2020-07-30,294.2502746582031
2020-07-31,295.89459228515625
2020-08-03,301.0520935058594
2020-08-04,303.471923828125
2020-08-05,306.4429626464844
2020-08-06,306.9661865234375
2020-08-07,307.0129699707031
2020-08-10,304.1071472167969
2020-08-11,295.4088134765625
2020-08-12,303.6083068847656
2020-08-13,299.6302185058594
2020-08-14,298.8907775878906
2020-08-17,305.1715087890625
2020-08-18,307.0622863769531
2020-08-19,304.7034606933594
2020-08-20,304.67547607421875
2020-08-21,312.04193115234375
2020-08-24,313.3055114746094
2020-08-25,313.9419860839844
2020-08-26,314.36322021484375
2020-08-27,315.1308288574219
2020-08-28,309.72991943359375
2020-08-31,306.86578369140625
2020-09-01,308.8125915527344
2020-09-02,308.7751770019531
2020-09-03,289.86749267578125
2020-09-04,276.12677001953125
2020-09-08,274.3670349121094
2020-09-09,283.0721130371094
2020-09-10,280.9753723144531
2020-09-11,281.10638427734375
2020-09-14,288.6507568359375
2020-09-15,288.74432373046875
2020-09-16,281.01275634765625
2020-09-17,284.8223571777344
2020-09-18,281.9862365722656
2020-09-21,281.2654724121094
2020-09-22,288.2014465332031
2020-09-23,287.6211242675781
2020-09-24,290.2606506347656
2020-09-25,294.9407958984375
2020-09-28,304.3946228027344
2020-09-29,307.5209655761719
2020-09-30,313.13702392578125
2020-10-01,307.277587890625
2020-10-02,302.13885498046875
2020-10-05,306.781494140625
2020-10-06,307.0248718261719
2020-10-07,310.4225769042969
2020-10-08,319.0433654785156
2020-10-09,324.37872314453125
2020-10-12,330.1258544921875
2020-10-13,329.4706115722656
2020-10-14,337.2584228515625
2020-10-15,337.32391357421875
2020-10-16,336.4439697265625
2020-10-19,330.9308776855469
2020-10-20,332.8777160644531
2020-10-21,333.196044921875
2020-10-22,327.851318359375
2020-10-23,338.56878662109375
2020-10-26,339.3550109863281
2020-10-27,343.5110168457031
2020-10-28,339.63592529296875
2020-10-29,337.5672912597656
2020-10-30,327.4489440917969
2020-11-02,334.4316101074219
2020-11-03,340.8807678222656
2020-11-04,353.0397644042969
2020-11-05,359.3578796386719
2020-11-06,358.39373779296875
2020-11-09,301.68017578125
2020-11-10,318.5495300292969
2020-11-11,324.513427734375
2020-11-12,318.3807678222656
2020-11-13,319.4122619628906
2020-11-16,319.5716552734375
2020-11-17,308.92864990234375
2020-11-18,302.3553466796875
2020-11-19,317.55560302734375
2020-11-20,318.6995849609375
2020-11-23,313.31719970703125
2020-11-24,307.8315734863281
2020-11-25,312.8108215332031
2020-11-27,321.74713134765625
2020-11-30,324.5509338378906
2020-12-01,331.1055603027344
2020-12-02,318.00567626953125
2020-12-03,309.6694641113281
2020-12-04,304.0712890625
2020-12-07,311.8730163574219
2020-12-08,317.9963684082031
2020-12-09,314.0391845703125
2020-12-10,310.75714111328125
2020-12-11,316.7491149902344
2020-12-14,324.9915771484375
2020-12-15,327.0639953613281
2020-12-16,330.95550537109375
2020-12-17,333.9655456542969
2020-12-18,341.67352294921875
2020-12-21,339.46051025390625
2020-12-22,346.6996154785156
2020-12-23,342.7518615722656
2020-12-24,342.01104736328125
2020-12-28,340.1637878417969
2020-12-29,341.3641052246094
2020-12-30,344.40228271484375
2020-12-31,349.29705810546875
2021-01-04,334.659423828125
2021-01-05,334.6406555175781
2021-01-06,347.3091735839844
2021-01-07,361.9093017578125
2021-01-08,366.63531494140625
2021-01-11,361.2529296875
2021-01-12,361.0184326171875
2021-01-13,350.44110107421875
2021-01-14,343.85833740234375
2021-01-15,337.0130615234375
2021-01-19,338.16650390625
2021-01-20,343.42706298828125
2021-01-21,343.86773681640625
2021-01-22,346.3057861328125
2021-01-25,345.9588928222656
2021-01-26,341.0264892578125
2021-01-27,332.56829833984375
2021-01-28,340.07000732421875
2021-01-29,332.1181945800781
2021-02-01,337.40692138671875
2021-02-02,335.0437927246094
2021-02-03,332.74652099609375
2021-02-04,336.6285400390625
2021-02-05,336.9381103515625
2021-02-08,337.0130615234375
2021-02-09,337.84765625
2021-02-10,328.7049560546875
2021-02-11,309.3413391113281
2021-02-12,316.79608154296875
2021-02-16,312.5669250488281
2021-02-17,309.60382080078125
2021-02-18,309.8476257324219
2021-02-19,305.7685241699219
2021-02-22,294.84423828125
2021-02-23,298.4263000488281
2021-02-24,307.9347229003906
2021-02-25,302.87103271484375
2021-02-26,313.91729736328125
2021-03-01,313.38275146484375
2021-03-02,310.1007995605469
2021-03-03,310.4758605957031
2021-03-04,303.4336853027344
2021-03-05,309.6507263183594
2021-03-08,307.8878479003906
2021-03-09,315.54888916015625
2021-03-10,322.3777770996094
2021-03-11,325.7969970703125
2021-03-12,321.6639099121094
2021-03-15,326.4826354980469
2021-03-16,323.1011047363281
2021-03-17,318.6205749511719
2021-03-18,316.4318542480469
2021-03-19,320.1234130859375
2021-03-22,315.8213195800781
2021-03-23,320.22674560546875
2021-03-24,319.4659729003906
2021-03-25,314.9101867675781
2021-03-26,321.1190490722656
2021-03-29,322.6408386230469
2021-03-30,321.59820556640625
2021-03-31,324.29400634765625
2021-04-01,330.2400207519531
2021-04-05,335.340576171875
2021-04-06,336.0168762207031
2021-04-07,335.0118103027344
2021-04-08,338.87237548828125
2021-04-09,347.0727233886719
2021-04-12,348.6603088378906
2021-04-13,347.97454833984375
2021-04-14,345.391357421875
2021-04-15,351.7130126953125
2021-04-16,359.02105712890625
2021-04-19,359.7161865234375
2021-04-20,362.63751220703125
2021-04-21,362.2711181640625
2021-04-22,385.5570983886719
2021-04-23,394.07684326171875
2021-04-26,388.1778869628906
2021-04-27,396.10577392578125
2021-04-28,390.0940856933594
2021-04-29,395.88037109375
2021-04-30,396.8854064941406
2021-05-03,402.8407897949219
2021-05-04,404.99188232421875
2021-05-05,414.77032470703125
2021-05-06,408.46734619140625
2021-05-07,417.0715637207031
2021-05-10,417.9638977050781
2021-05-11,412.2434387207031
2021-05-12,394.2928161621094
2021-05-13,408.61761474609375
2021-05-14,412.0619201660156
2021-05-17,409.9915771484375
2021-05-18,401.92669677734375
2021-05-19,402.6136779785156
2021-05-20,404.4017028808594
2021-05-21,403.95001220703125
2021-05-24,405.3521423339844
2021-05-25,404.3358154296875
2021-05-26,404.3075866699219
2021-05-27,406.03912353515625
2021-05-28,410.8197021484375
2021-06-01,412.8712463378906
2021-06-02,414.61212158203125
2021-06-03,412.56060791015625
2021-06-04,412.22198486328125
2021-06-07,409.8785705566406
2021-06-08,414.06634521484375
2021-06-09,408.0624084472656
2021-06-10,403.7146911621094
2021-06-11,406.1802673339844
2021-06-14,405.5591735839844
2021-06-15,408.805908203125
2021-06-16,407.0273132324219
2021-06-17,410.8008728027344
2021-06-18,415.96728515625
2021-06-21,426.2060241699219
2021-06-22,432.6617431640625
2021-06-23,428.08819580078125
2021-06-24,431.97479248046875
2021-06-25,428.9068908691406
2021-06-28,429.63153076171875
2021-06-29,437.6305236816406
2021-06-30,431.6265563964844
2021-07-01,434.8167419433594
2021-07-02,439.3149719238281
2021-07-06,437.150634765625
2021-07-07,442.59930419921875
2021-07-08,441.1407165527344
2021-07-09,448.17041015625
2021-07-12,447.4834899902344
2021-07-13,443.1263427734375
2021-07-14,441.1407165527344
2021-07-15,432.71820068359375
2021-07-16,431.84295654296875
2021-07-19,426.7895202636719
2021-07-20,425.83905029296875
2021-07-21,430.7137756347656
2021-07-22,423.9664001464844
2021-07-23,435.117919921875
2021-07-26,439.4372863769531
2021-07-27,444.0580139160156
2021-07-28,440.06787109375
2021-07-29,449.638427734375
2021-07-30,449.6572570800781
2021-08-02,448.42449951171875
2021-08-03,452.12286376953125
2021-08-04,458.2679443359375
2021-08-05,458.117431640625
2021-08-06,452.734619140625
2021-08-09,456.7904968261719
2021-08-10,455.6424560546875
2021-08-11,455.44451904296875
2021-08-12,456.9150085449219
2021-08-13,457.367431640625
2021-08-16,465.08746337890625
2021-08-17,452.4469299316406
2021-08-18,449.2891845703125
2021-08-19,456.57562255859375
2021-08-20,458.51739501953125
2021-08-23,447.64898681640625
2021-08-24,450.1846923828125
2021-08-25,457.18829345703125
2021-08-26,450.0715637207031
2021-08-27,453.31414794921875
2021-08-30,463.23052978515625
2021-08-31,465.935791015625
2021-09-01,463.0419921875
2021-09-02,468.7259826660156
2021-09-03,468.377197265625
2021-09-07,462.8722839355469
2021-09-08,468.8485107421875
2021-09-09,463.4284973144531
2021-09-10,465.11566162109375
2021-09-13,451.43841552734375
2021-09-14,447.4416198730469
2021-09-15,449.76995849609375
2021-09-16,443.6806640625
2021-09-17,437.4122009277344
2021-09-20,435.97943115234375
2021-09-21,433.3494873046875
2021-09-22,429.83355712890625
2021-09-23,439.60845947265625
2021-09-24,438.77899169921875
2021-09-27,429.6072998046875
2021-09-28,418.59759521484375
2021-09-29,421.1897888183594
2021-09-30,409.48236083984375
2021-10-01,412.3008117675781
2021-10-04,410.9057922363281
2021-10-05,415.1381530761719
2021-10-06,415.64715576171875
2021-10-07,426.57208251953125
2021-10-08,420.9070129394531
2021-10-11,419.9548645019531
2021-10-12,415.5622863769531
2021-10-13,415.1004943847656
2021-10-14,426.8832092285156
2021-10-15,427.2131042480469
2021-10-18,434.0376281738281
2021-10-19,437.8552551269531
2021-10-20,437.2236633300781
2021-10-21,470.67718505859375
2021-10-22,474.2119445800781
2021-10-25,479.43408203125
2021-10-26,474.720947265625
2021-10-27,471.10137939453125
2021-10-28,477.5677185058594
2021-10-29,485.59881591796875
2021-11-01,485.40081787109375
2021-11-02,485.8344421386719
2021-11-03,486.79595947265625
2021-11-04,492.20654296875
2021-11-05,488.2475891113281
2021-11-08,490.707763671875
2021-11-09,496.8725280761719
2021-11-10,497.07086181640625
2021-11-11,522.9382934570312
2021-11-12,539.3273315429688
2021-11-15,538.005615234375
2021-11-16,541.6401977539062
2021-11-17,540.9509887695312
2021-11-18,545.52978515625
2021-11-19,544.7274169921875
2021-11-22,527.9417724609375
2021-11-23,530.1604614257812
2021-11-24,536.6651000976562
2021-11-26,527.9136352539062
2021-11-29,528.7725830078125
2021-11-30,523.1271362304688
2021-12-01,521.3333740234375
2021-12-02,525.5628051757812
2021-12-03,514.3662719726562
2021-12-06,517.30224609375
2021-12-07,531.6708374023438
2021-12-08,533.1815185546875
2021-12-09,518.6617431640625
2021-12-10,531.1989135742188
2021-12-13,530.7551879882812
2021-12-14,527.4509887695312
2021-12-15,535.8058471679688
2021-12-16,520.7102661132812
2021-12-17,510.401123046875
2021-12-20,508.1636962890625
2021-12-21,511.1751708984375
2021-12-22,518.4161987304688
2021-12-23,518.9070434570312
2021-12-27,529.5372924804688
2021-12-28,529.8204345703125
2021-12-29,535.8814086914062
2021-12-30,529.44287109375
2021-12-31,534.3427124023438
2022-01-03,519.4735107421875
2022-01-04,519.1337280273438
2022-01-05,499.77081298828125
2022-01-06,491.4063720703125
2022-01-07,475.02685546875
2022-01-10,468.550537109375
2022-01-11,473.9789123535156
2022-01-12,484.127685546875
2022-01-13,478.8597106933594
2022-01-14,466.4641418457031
2022-01-18,466.2847900390625
2022-01-19,463.2165222167969
2022-01-20,449.7824401855469
2022-01-21,444.5428466796875
2022-01-24,450.9058532714844
2022-01-25,434.261962890625
2022-01-26,426.02020263671875
2022-01-27,426.4828186035156
2022-01-28,434.0070495605469
2022-01-31,449.61248779296875
2022-02-01,447.2333984375
2022-02-02,444.9110107421875
2022-02-03,432.43048095703125
2022-02-04,423.5278625488281
2022-02-07,423.98101806640625
2022-02-08,426.8793640136719
2022-02-09,439.029541015625
2022-02-10,428.3048400878906
2022-02-11,421.5736999511719
2022-02-14,425.7181701660156
2022-02-15,433.86541748046875
2022-02-16,434.44134521484375
2022-02-17,420.9788818359375
2022-02-18,429.3905334472656
2022-02-22,406.0625915527344
2022-02-23,392.18487548828125
2022-02-24,411.6798400878906
2022-02-25,424.2548522949219
2022-02-28,432.9307861328125
2022-03-01,436.64093017578125
2022-03-02,448.88555908203125
2022-03-03,443.19281005859375
2022-03-04,439.75640869140625
2022-03-07,426.2939758300781
2022-03-08,412.5578308105469
2022-03-09,431.9845275878906
2022-03-10,427.5771179199219
2022-03-11,418.1380310058594
2022-03-14,417.1733093261719
2022-03-15,428.2675476074219
2022-03-16,442.3599548339844
2022-03-17,449.3966979980469
2022-03-18,460.9921569824219
2022-03-21,450.0303955078125
2022-03-22,451.0329284667969
2022-03-23,435.1907958984375
2022-03-24,426.10162353515625
2022-03-25,407.86663818359375
2022-03-28,416.38836669921875
2022-03-29,429.8564758300781
2022-03-30,425.0801696777344
2022-03-31,399.9314270019531
2022-04-01,401.9932556152344
2022-04-04,407.3937072753906
2022-04-05,410.0419921875
2022-04-06,397.1507263183594
2022-04-07,402.60797119140625
2022-04-08,399.21258544921875
2022-04-11,392.5447082519531
2022-04-12,388.6952819824219
2022-04-13,398.5977783203125
2022-04-14,391.6177978515625
2022-04-18,388.2413024902344
2022-04-19,406.4952087402344
2022-04-20,408.41522216796875
2022-04-21,404.0361022949219
2022-04-22,393.2067565917969
2022-04-25,404.4617919921875
2022-04-26,392.9609069824219
2022-04-27,383.0015869140625
2022-04-28,395.022705078125
2022-04-29,383.2569274902344
2022-05-02,389.74505615234375
2022-05-03,384.14599609375
2022-05-04,394.32281494140625
2022-05-05,378.8494873046875
2022-05-06,372.9287109375
2022-05-09,378.1685485839844
2022-05-10,374.4798583984375
2022-05-11,360.73748779296875
2022-05-12,381.8665466308594
2022-05-13,389.84051513671875
2022-05-16,380.3779296875
2022-05-17,384.1990051269531
2022-05-18,367.2271423339844
2022-05-19,373.0583190917969
2022-05-20,384.5498046875
2022-05-23,383.7723388671875
2022-05-24,369.0191955566406
2022-05-25,373.0867004394531
2022-05-26,380.0746154785156
2022-05-27,384.94805908203125
2022-05-31,377.9507141113281
2022-06-01,372.6600341796875
2022-06-02,393.0168151855469
2022-06-03,386.1522216796875
2022-06-06,390.26715087890625
2022-06-07,389.4991149902344
2022-06-08,385.7730407714844
2022-06-09,394.79937744140625
2022-06-10,365.0654296875
2022-06-13,349.7433166503906
2022-06-14,331.32080078125
2022-06-15,335.4737548828125
2022-06-16,314.95574951171875
2022-06-17,315.6668701171875
2022-06-21,315.5057067871094
2022-06-22,318.36907958984375
2022-06-23,334.72467041015625
2022-06-24,338.43194580078125
2022-06-27,337.93890380859375
2022-06-28,334.7720642089844
2022-06-29,331.83282470703125
2022-06-30,333.0180358886719
2022-07-01,333.6722717285156
2022-07-05,344.59490966796875
2022-07-06,353.4032287597656
2022-07-07,367.5306396484375
2022-07-08,358.59912109375
2022-07-11,351.8387756347656
2022-07-12,354.36083984375
2022-07-13,348.84259033203125
2022-07-14,349.87603759765625
2022-07-15,354.4651794433594
2022-07-18,353.3842468261719
2022-07-19,366.4497375488281
2022-07-20,376.177734375
2022-07-21,338.0811462402344
2022-07-22,344.28204345703125
2022-07-25,336.59259033203125
2022-07-26,325.35693359375
2022-07-27,336.69683837890625
2022-07-28,341.2289123535156
2022-07-29,339.15264892578125
2022-08-01,344.48114013671875
2022-08-02,341.26690673828125
2022-08-03,344.28204345703125
2022-08-04,351.4974060058594
2022-08-05,354.26605224609375
2022-08-08,361.8796691894531
2022-08-09,350.7104797363281
2022-08-10,363.6307067871094
2022-08-11,356.8140563964844
2022-08-12,369.6297607421875
2022-08-15,369.67724609375
2022-08-16,373.3185119628906
2022-08-17,367.57611083984375
2022-08-18,372.1396179199219
2022-08-19,361.6437683105469
2022-08-22,356.1010437011719
2022-08-23,342.8574523925781
2022-08-24,345.8522644042969
2022-08-25,351.9178161621094
2022-08-26,335.3658447265625
2022-08-29,327.2467346191406
2022-08-30,326.2769470214844
2022-08-31,322.47418212890625
2022-09-01,320.2684631347656
2022-09-02,323.14910888671875
2022-09-06,318.93743896484375
2022-09-07,328.51116943359375
2022-09-08,335.80316162109375
2022-09-09,338.41766357421875
2022-09-12,339.7772216796875
2022-09-13,318.6712646484375
2022-09-14,313.917724609375
2022-09-15,312.2443542480469
2022-09-16,315.2866516113281
2022-09-19,321.78961181640625
2022-09-20,310.8562927246094
2022-09-21,308.36541748046875
2022-09-22,299.42877197265625
2022-09-23,297.118408203125
2022-09-26,296.5574951171875
2022-09-27,302.0146484375
2022-09-28,312.9194030761719
2022-09-29,300.21783447265625
2022-09-30,302.5280456542969
2022-10-03,311.5979309082031
2022-10-04,316.40850830078125
2022-10-05,314.55462646484375
2022-10-06,312.6627197265625
2022-10-07,305.75103759765625
2022-10-10,306.84429931640625
2022-10-11,303.6784362792969
2022-10-12,301.49176025390625
2022-10-13,305.8555603027344
2022-10-14,291.8990173339844
2022-10-17,302.77520751953125
2022-10-18,303.1840515136719
2022-10-19,283.4281005859375
2022-10-20,269.9279479980469
2022-10-21,270.7930603027344
2022-10-24,278.3988037109375
2022-10-25,283.8274230957031
2022-10-26,290.8056335449219
2022-10-27,289.23699951171875
2022-10-28,303.0604553222656
2022-10-31,289.23699951171875
2022-11-01,290.66314697265625
2022-11-02,280.7471008300781
2022-11-03,277.2294006347656
2022-11-04,278.19915771484375
2022-11-07,289.1704406738281
2022-11-08,292.62152099609375
2022-11-09,286.5267028808594
2022-11-10,323.63970947265625
2022-11-11,335.13323974609375
2022-11-14,325.1467590332031
2022-11-15,330.2591857910156
2022-11-16,321.8656005859375
2022-11-17,304.8399963378906
2022-11-18,307.11004638671875
2022-11-21,305.4503479003906
2022-11-22,311.3545227050781
2022-11-23,317.0392761230469
2022-11-25,313.63421630859375
2022-11-28,300.6717224121094
2022-11-29,305.9367980957031
2022-11-30,314.1969299316406
2022-12-01,322.51422119140625
2022-12-02,315.1697998046875
2022-12-05,305.326416015625
2022-12-06,303.3043518066406
2022-12-07,306.2516174316406
2022-12-08,314.0252380371094
2022-12-09,315.7229919433594
2022-12-12,315.82794189453125
2022-12-13,319.97705078125
2022-12-14,319.3475036621094
2022-12-15,305.2596130371094
2022-12-16,298.5638427734375
2022-12-19,293.9093017578125
2022-12-20,289.74102783203125
2022-12-21,297.28570556640625
2022-12-22,290.9905700683594
2022-12-23,291.4865417480469
2022-12-27,291.87762451171875
2022-12-28,282.7877197265625
2022-12-29,292.7456359863281
2022-12-30,288.3675231933594
2023-01-03,286.9368591308594
2023-01-04,290.3705749511719
2023-01-05,289.006591796875
2023-01-06,300.7481384277344
2023-01-09,303.1326904296875
2023-01-10,310.04779052734375
2023-01-11,326.9780578613281
2023-01-12,330.77423095703125
2023-01-13,332.9680480957031
2023-01-17,337.6226806640625
2023-01-18,343.0403137207031
2023-01-19,328.8570556640625
2023-01-20,336.4494323730469
2023-01-23,342.6874694824219
2023-01-24,347.43743896484375
2023-01-25,346.7125549316406
2023-01-26,347.58056640625
2023-01-27,361.8687744140625
2023-01-30,359.09307861328125
2023-01-31,367.80145263671875
2023-02-01,379.75274658203125
2023-02-02,402.6730651855469
2023-02-03,384.93194580078125
2023-02-06,373.9344787597656
2023-02-07,373.7341613769531
2023-02-08,367.3436279296875
2023-02-09,359.5414123535156
2023-02-10,352.18743896484375
2023-02-13,357.53839111328125
2023-02-14,357.99615478515625
2023-02-15,366.80950927734375
2023-02-16,371.7025146484375
2023-02-17,359.1885070800781
2023-02-21,341.037353515625
2023-02-22,341.1708679199219
2023-02-23,343.91790771484375
2023-02-24,339.85455322265625
2023-02-27,339.6446838378906
2023-02-28,340.379150390625
2023-03-01,332.4529724121094
2023-03-02,336.5066833496094
2023-03-03,344.8526306152344
2023-03-06,340.7225646972656
2023-03-07,338.50970458984375
2023-03-08,340.10260009765625
2023-03-09,332.92034912109375
2023-03-10,332.3194274902344
2023-03-13,330.2782287597656
2023-03-14,335.41510009765625
2023-03-15,330.96697998046875
2023-03-16,334.33416748046875
2023-03-17,326.98760986328125
2023-03-20,328.0590515136719
2023-03-21,331.6653137207031
2023-03-22,319.8897705078125
2023-03-23,311.14666748046875
2023-03-24,311.10845947265625
2023-03-27,313.81549072265625
2023-03-28,313.2320556640625
2023-03-29,322.7308349609375
2023-03-30,320.5690002441406
2023-03-31,327.5711364746094
2023-04-03,324.5196533203125
2023-04-04,313.26068115234375
2023-04-05,307.84649658203125
2023-04-06,312.0936584472656
2023-04-10,320.6168212890625
2023-04-11,330.80438232421875
2023-04-12,319.4019775390625
2023-04-13,325.5622863769531
2023-04-14,315.91046142578125
2023-04-17,322.7786865234375
2023-04-18,324.2231140136719
2023-04-19,323.9648742675781
2023-04-20,317.9575500488281
2023-04-21,328.3363952636719
2023-04-24,335.0229187011719
2023-04-25,322.2908020019531
2023-04-26,317.82354736328125
2023-04-27,327.236328125
2023-04-28,336.0655822753906
2023-05-01,331.7226867675781
2023-05-02,331.8279724121094
2023-05-03,336.44818115234375
2023-05-04,329.8956298828125
2023-05-05,338.5909729003906
2023-05-08,337.8447570800781
2023-05-09,335.7403259277344
2023-05-10,335.96990966796875
2023-05-11,332.92803955078125
2023-05-12,323.94573974609375
2023-05-15,327.3032531738281
2023-05-16,326.7947082519531
2023-05-17,329.4433898925781
2023-05-18,338.972900390625
2023-05-19,331.13232421875
2023-05-22,328.8771667480469
2023-05-23,324.44354248046875
2023-05-24,320.3841857910156
2023-05-25,313.8871765136719
2023-05-26,314.7796936035156
2023-05-30,309.75103759765625
2023-05-31,303.474853515625
2023-06-01,300.39434814453125
2023-06-02,313.1961975097656
2023-06-05,314.1847229003906
2023-06-06,322.7545166015625
2023-06-07,325.0768127441406
2023-06-08,311.545654296875
2023-06-09,313.25384521484375
2023-06-12,320.25933837890625
2023-06-13,323.32073974609375
2023-06-14,331.46826171875
2023-06-15,343.08978271484375
2023-06-16,343.51202392578125
2023-06-20,339.2511291503906
2023-06-21,342.3508605957031
2023-06-22,336.1513671875
2023-06-23,338.1283264160156
2023-06-26,339.8461608886719
2023-06-27,351.4292907714844
2023-06-28,355.1911926269531
2023-06-29,355.6710205078125
2023-06-30,359.5288391113281
2023-07-03,356.4963073730469
2023-07-05,356.25640869140625
2023-07-06,349.55792236328125
2023-07-07,350.9686279296875
2023-07-10,361.2467041015625
2023-07-11,366.4768981933594
2023-07-12,372.70501708984375
2023-07-13,367.2253723144531
2023-07-14,349.32763671875
2023-07-17,345.49853515625
2023-07-18,343.4352722167969
2023-07-19,351.2085876464844
2023-07-20,346.678955078125
2023-07-21,354.8360900878906
2023-07-24,350.4311828613281
2023-07-25,363.1852111816406
2023-07-26,372.1388244628906
2023-07-27,366.49603271484375
2023-07-28,369.31744384765625
2023-07-31,369.22149658203125
2023-08-01,371.54388427734375
2023-08-02,364.5863037109375
2023-08-03,363.1371765136719
2023-08-04,366.1025390625
2023-08-07,370.51702880859375
2023-08-08,370.68975830078125
2023-08-09,369.7562255859375
2023-08-10,370.660888671875
2023-08-11,360.902099609375
2023-08-14,358.65966796875
2023-08-15,354.2518310546875
2023-08-16,353.453125
2023-08-17,338.39141845703125
2023-08-18,336.3511047363281
2023-08-21,337.00555419921875
2023-08-22,338.3818359375
2023-08-23,343.2323303222656
2023-08-24,339.0747375488281
2023-08-25,340.67230224609375
2023-08-28,340.9802551269531
2023-08-29,354.3095703125
2023-08-30,355.8879699707031
2023-08-31,351.85552978515625
2023-09-01,354.3384704589844
2023-09-05,344.6855773925781
2023-09-06,336.84197998046875
2023-09-07,336.0912780761719
2023-09-08,331.3177185058594
2023-09-11,335.16741943359375
2023-09-12,335.1000061035156
2023-09-13,335.6485595703125
2023-09-14,340.44134521484375
2023-09-15,336.938232421875
2023-09-18,333.55047607421875
2023-09-19,334.5225524902344
2023-09-20,334.5513916015625
2023-09-21,333.348388671875
2023-09-22,330.7788391113281
2023-09-25,333.8681335449219
2023-09-26,325.56256103515625
2023-09-27,330.7788391113281
2023-09-28,339.72918701171875
2023-09-29,342.7126159667969
2023-10-02,335.8795471191406
2023-10-03,326.11114501953125
2023-10-04,325.8223876953125
2023-10-05,321.231689453125
2023-10-06,323.4837341308594
2023-10-09,328.70001220703125
2023-10-10,337.37127685546875
2023-10-11,338.16046142578125
2023-10-12,333.1174621582031
2023-10-13,331.3081359863281
2023-10-16,335.74481201171875
2023-10-17,338.9784851074219
2023-10-18,324.0804443359375
2023-10-19,312.97430419921875
2023-10-20,310.0581970214844
2023-10-23,309.9234313964844
2023-10-24,309.7117614746094
2023-10-25,307.0747375488281
2023-10-26,303.9661865234375
2023-10-27,297.864501953125
2023-10-30,304.736083984375
2023-10-31,303.8988037109375
2023-11-01,307.27679443359375
2023-11-02,313.9656066894531
2023-11-03,324.0034484863281
2023-11-06,317.60345458984375
2023-11-07,322.7502136230469
2023-11-08,323.957275390625
2023-11-09,317.7193298339844
2023-11-10,319.17742919921875
2023-11-13,317.05303955078125
2023-11-14,337.3021545410156
2023-11-15,338.5381774902344
2023-11-16,335.4288330078125
2023-11-17,338.180908203125
2023-11-20,337.080078125
2023-11-21,340.2859191894531
2023-11-22,344.0133056640625
2023-11-24,342.55517578125
2023-11-27,339.5135192871094
2023-11-28,338.267822265625
2023-11-29,333.4493408203125
2023-11-30,335.380615234375
2023-12-01,345.3458557128906
2023-12-04,341.48333740234375
2023-12-05,341.4447326660156
2023-12-06,350.0484313964844
2023-12-07,351.2361145019531
2023-12-08,341.9468688964844
2023-12-11,343.64642333984375
2023-12-12,339.69696044921875
2023-12-13,352.4914855957031
2023-12-14,382.6769104003906
2023-12-15,378.9109191894531
2023-12-18,376.4100036621094
2023-12-19,378.07086181640625
2023-12-20,377.2017822265625
2023-12-21,382.0299377441406
2023-12-22,382.493408203125
2023-12-26,387.109130859375
2023-12-27,389.8611145019531
2023-12-28,388.5574951171875
2023-12-29,385.0040283203125
2024-01-02,374.8070373535156
2024-01-03,360.9309997558594
2024-01-04,360.0522766113281
2024-01-05,364.7452697753906
2024-01-08,368.3276672363281
2024-01-09,368.4146423339844
2024-01-10,376.4486083984375
2024-01-11,371.6494445800781
2024-01-12,368.694580078125
2024-01-16,368.4918212890625
2024-01-17,364.0982360839844
2024-01-18,373.69659423828125
2024-01-19,373.54205322265625
2024-01-22,386.0469055175781
2024-01-23,377.23077392578125
2024-01-24,367.8062438964844
2024-01-25,365.54669189453125
2024-01-26,364.4169616699219
2024-01-29,370.2492980957031
2024-01-30,366.59918212890625
2024-01-31,358.4880065917969
2024-02-01,364.1175842285156
2024-02-02,360.9985656738281
2024-02-05,354.0750427246094
2024-02-06,360.7282409667969
2024-02-07,367.7579650878906
2024-02-08,374.02484130859375
2024-02-09,373.35858154296875
2024-02-12,379.39373779296875
2024-02-13,362.95880126953125
2024-02-14,369.62164306640625
2024-02-15,375.7533874511719
2024-02-16,373.98626708984375
2024-02-20,371.5432434082031
2024-02-21,375.7243957519531
2024-02-22,366.048828125
2024-02-23,374.28558349609375
2024-02-26,373.1171875
2024-02-27,377.6169738769531
2024-02-28,379.57720947265625
2024-02-29,384.4342956542969
2024-03-01,389.5424499511719
2024-03-04,388.3161315917969
2024-03-05,394.9402770996094
2024-03-06,392.5359191894531
2024-03-07,399.91326904296875
2024-03-08,400.7919921875
2024-03-11,388.3740539550781
2024-03-12,391.15509033203125
2024-03-13,392.7042541503906
2024-03-14,382.78936767578125
2024-03-15,386.6333312988281
2024-03-18,384.6871337890625
2024-03-19,392.2685546875
2024-03-20,396.4610595703125
2024-03-21,405.669189453125
2024-03-22,403.161376953125
2024-03-25,395.2120361328125
2024-03-26,389.7801513671875
2024-03-27,401.4572448730469
2024-03-28,390.6903076171875
2024-04-01,388.5600891113281
2024-04-02,379.24554443359375
2024-04-03,379.5650634765625
2024-04-04,382.6343994140625
2024-04-05,383.6704406738281
2024-04-08,384.2320251464844
2024-04-09,387.3788757324219
2024-04-10,369.2434997558594
2024-04-11,367.1036682128906
2024-04-12,368.1300048828125
2024-04-15,361.7394714355469
2024-04-16,358.23443603515625
2024-04-17,352.5895080566406
2024-04-18,351.388916015625
2024-04-19,349.66534423828125
2024-04-22,354.2646179199219
2024-04-23,363.08538818359375
2024-04-24,365.4092102050781
2024-04-25,358.2537841796875
2024-04-26,359.38665771484375
2024-04-29,357.8761901855469
2024-04-30,351.0208740234375
2024-05-01,348.087158203125
2024-05-02,348.6777038574219
2024-05-03,353.0736389160156
2024-05-06,358.9993591308594
2024-05-07,360.8486633300781
2024-05-08,354.20654296875
2024-05-09,361.1585998535156
2024-05-10,362.33013916015625
2024-05-13,361.2456970214844
2024-05-14,365.51568603515625
2024-05-15,372.0916748046875
2024-05-16,358.6483459472656
2024-05-17,356.3851013183594
2024-05-20,357.7352294921875
2024-05-21,360.5036315917969
2024-05-22,357.0650939941406
2024-05-23,354.62701416015625
2024-05-24,352.0723571777344
2024-05-28,347.40020751953125
2024-05-29,341.0767822265625
2024-05-30,345.9237976074219
2024-05-31,353.1311340332031
2024-06-03,350.780517578125
2024-06-04,343.9422302246094
2024-06-05,345.7974853515625
2024-06-06,337.0360107421875
2024-06-07,331.0914001464844
2024-06-10,332.5872497558594
2024-06-11,332.7912292480469
2024-06-12,336.79315185546875
2024-06-13,333.1700439453125
2024-06-14,331.5284729003906
2024-06-17,333.3448791503906
2024-06-18,328.2065124511719
2024-06-20,323.9326171875
2024-06-21,328.2356262207031
2024-06-24,328.2259216308594
2024-06-25,301.8345947265625
2024-06-26,303.3304443359375
2024-06-27,298.75543212890625
2024-06-28,298.5223083496094
2024-07-01,298.8719787597656
2024-07-02,292.7622375488281
2024-07-03,292.4611511230469
2024-07-05,291.18865966796875
2024-07-08,295.7539978027344
2024-07-09,287.6821594238281
2024-07-10,290.3047790527344
2024-07-11,308.26483154296875
2024-07-12,318.98846435546875
2024-07-15,317.6674499511719
2024-07-16,327.2449035644531
2024-07-17,326.788330078125
2024-07-18,321.1643371582031
2024-07-19,319.10504150390625
2024-07-22,322.0675964355469
2024-07-23,328.3716125488281
2024-07-24,317.8131408691406
2024-07-25,349.62457275390625
2024-07-26,361.16412353515625
2024-07-29,358.5511779785156
2024-07-30,361.82464599609375
2024-07-31,363.3205261230469
2024-08-01,355.08349609375
2024-08-02,343.2622985839844
2024-08-05,339.8042907714844
2024-08-06,344.36962890625
2024-08-07,339.2506408691406
2024-08-08,340.67852783203125
2024-08-09,339.2020568847656
2024-08-12,334.20941162109375
2024-08-13,337.9295959472656
2024-08-14,334.18023681640625
2024-08-15,338.3229064941406
2024-08-16,336.55859375
2024-08-19,336.86077880859375
2024-08-20,337.35791015625
2024-08-21,342.1341247558594
2024-08-22,339.2878723144531
2024-08-23,349.4641418457031
2024-08-26,347.6121826171875
2024-08-27,343.0309143066406
2024-08-28,340.7987060546875
2024-08-29,341.9587097167969
2024-08-30,342.73846435546875
2024-09-03,331.4119873046875
2024-09-04,335.8275451660156
2024-09-05,333.33221435546875
2024-09-06,332.7474060058594
2024-09-09,337.7283020019531
2024-09-10,337.6502990722656
2024-09-11,337.1726989746094
2024-09-12,337.7380676269531
2024-09-13,347.0273132324219
2024-09-16,349.4349365234375
2024-09-17,362.4671936035156
2024-09-18,359.6112365722656
2024-09-19,362.69140625
2024-09-20,355.16644287109375
2024-09-23,358.9971618652344
2024-09-24,362.5159912109375
2024-09-25,356.8235168457031
2024-09-26,360.975830078125
2024-09-27,363.1300964355469
2024-09-30,367.28240966796875
2024-10-01,366.12249755859375
2024-10-02,363.354248046875
2024-10-03,362.0675964355469
2024-10-04,354.718017578125
2024-10-07,353.8504638671875
2024-10-08,355.7220153808594
2024-10-09,356.5018005371094
2024-10-10,353.3436584472656
2024-10-11,356.05340576171875
2024-10-14,359.0069274902344
2024-10-15,355.46856689453125
2024-10-16,362.5841979980469
2024-10-17,360.0986022949219
2024-10-18,361.0538330078125
2024-10-21,349.91259765625
2024-10-22,341.9196472167969
2024-10-23,341.82220458984375
2024-10-24,367.7990417480469
2024-10-25,356.7552185058594
2024-10-28,360.5469970703125
2024-10-29,353.2071533203125
2024-10-30,355.2444152832031
2024-10-31,352.50537109375
2024-11-01,353.8894958496094
2024-11-04,350.9944763183594
2024-11-05,359.9621276855469
2024-11-06,361.2682800292969
2024-11-07,361.90185546875
2024-11-08,363.1690368652344
2024-11-11,365.5181884765625
2024-11-12,347.4757385253906
2024-11-13,343.47552490234375
2024-11-14,349.63714599609375
2024-11-15,351.5247497558594
2024-11-18,352.9136047363281
2024-11-19,354.7424621582031
2024-11-20,353.050537109375
2024-11-21,356.35626220703125
2024-11-22,358.4394226074219
2024-11-25,381.4623718261719
2024-11-26,370.2247619628906
2024-11-27,368.55230712890625
2024-11-29,368.8066101074219
2024-12-02,367.7112121582031
2024-12-03,368.07305908203125
2024-12-04,365.7453308105469
2024-12-05,366.12677001953125
2024-12-06,364.7380065917969
2024-12-09,371.9656677246094
2024-12-10,366.8603210449219
2024-12-11,367.4080505371094
2024-12-12,361.4224853515625
2024-12-13,354.97723388671875
2024-12-16,354.3904113769531
2024-12-17,350.67388916015625
2024-12-18,336.1794128417969
2024-12-19,333.45068359375
2024-12-20,341.37274169921875
2024-12-23,340.1991271972656
2024-12-24,343.9254455566406
2024-12-26,342.1943359375
2024-12-27,337.519287109375
2024-12-30,331.86627197265625
2024-12-31,333.45068359375
2025-01-02,325.5579528808594
2025-01-03,329.86126708984375
2025-01-06,325.20587158203125
2025-01-07,320.7655944824219
2025-01-08,317.6554870605469
2025-01-10,319.2301025390625
2025-01-13,327.08367919921875
2025-01-14,332.2183532714844
2025-01-15,337.0009765625
2025-01-16,341.86181640625
2025-01-17,342.56597900390625
2025-01-21,351.2900085449219
2025-01-22,352.0235290527344
2025-01-23,354.10675048828125
2025-01-24,345.9695129394531
2025-01-27,352.121337890625
2025-01-28,342.4583740234375
2025-01-29,337.12811279296875
2025-01-30,340.96197509765625
2025-01-31,336.6880187988281
2025-02-03,330.08624267578125
2025-02-04,331.8956298828125
2025-02-05,331.7489318847656
2025-02-06,330.5850524902344
2025-02-07,324.4234619140625
2025-02-10,326.97613525390625
2025-02-11,328.9615173339844
2025-02-12,328.0813293457031
2025-02-13,332.8443603515625
2025-02-14,336.7173156738281
2025-02-18,335.9544372558594
2025-02-19,333.3822326660156
2025-02-20,336.7564392089844
2025-02-21,336.4434814453125
2025-02-24,337.1574401855469
2025-02-25,341.0597839355469
2025-02-26,340.101318359375
2025-02-27,335.01556396484375
2025-02-28,339.3775939941406
2025-03-03,336.6195068359375
2025-03-04,333.79302978515625
2025-03-05,336.365234375
2025-03-06,349.187255859375
2025-03-07,356.3073425292969
2025-03-10,356.12152099609375
2025-03-11,336.0131530761719
2025-03-12,327.16033935546875
2025-03-13,314.80377197265625
2025-03-14,321.1440124511719
2025-03-17,320.99676513671875
2025-03-18,318.9749755859375
2025-03-19,316.2464904785156
2025-03-20,314.4013366699219
2025-03-21,314.205078125
2025-03-24,319.89752197265625
2025-03-25,319.5932922363281
2025-03-26,320.8691711425781
2025-03-27,318.1701965332031
2025-03-28,309.08184814453125
2025-03-31,312.4482421875
2025-04-01,312.2323303222656
2025-04-02,319.62274169921875
2025-04-03,308.03167724609375
2025-04-04,309.20941162109375
2025-04-07,297.4613342285156
2025-04-08,285.5660095214844
2025-04-09,307.7470397949219
2025-04-10,299.6401672363281
2025-04-11,305.49951171875
2025-04-14,305.7743225097656
2025-04-15,301.2694091796875
2025-04-16,295.7633972167969
2025-04-17,300.5726013183594
2025-04-21,291.06219482421875
2025-04-22,300.9945983886719
2025-04-23,303.57586669921875
2025-04-24,283.3479309082031
2025-04-25,286.1843566894531
2025-04-28,285.9291687011719
2025-04-29,288.4515075683594
2025-04-30,287.70562744140625
2025-05-01,290.8561096191406
2025-05-02,301.0044250488281
2025-05-05,300.562744140625
2025-05-06,289.8648376464844
2025-05-07,290.3064880371094
2025-05-08,296.04803466796875
2025-05-09,296.3228759765625
2025-05-12,313.1058349609375
2025-05-13,308.0218505859375
2025-05-14,303.2912292480469
2025-05-15,308.9674072265625
2025-05-16,316.1513366699219
2025-05-19,317.7575988769531
2025-05-20,309.8740234375
2025-05-21,298.3541564941406
2025-05-22,299.05377197265625
2025-05-23,297.8909606933594
2025-05-27,297.14202880859375
2025-05-28,294.60943603515625
2025-05-29,296.4128112792969
2025-05-30,296.2156982421875
2025-06-02,295.63427734375
2025-06-03,300.9064636230469
2025-06-04,304.9172058105469
2025-06-05,303.9613342285156
2025-06-06,292.75677490234375
2025-06-09,293.9097595214844
2025-06-10,301.85247802734375
2025-06-11,295.6145935058594
2025-06-12,291.52496337890625
2025-06-13,284.6958312988281
2025-06-16,286.24298095703125
2025-06-17,281.3453369140625
2025-06-18,280.8525695800781
2025-06-20,284.32135009765625
2025-06-23,289.68218994140625
2025-06-24,296.363525390625
2025-06-25,293.8309631347656
2025-06-26,289.9778747558594
2025-06-27,288.509521484375
2025-06-30,287.2383117675781
2025-07-01,299.7534484863281
2025-07-02,298.26544189453125
2025-07-03,297.6249084472656
2025-07-07,291.869873046875
2025-07-08,298.23590087890625
2025-07-09,303.97119140625
2025-07-10,306.76983642578125
2025-07-11,301.8623352050781
2025-07-14,296.797119140625
2025-07-15,287.87884521484375
2025-07-16,288.401123046875
2025-07-17,294.46160888671875
2025-07-18,294.5108642578125
2025-07-21,294.63897705078125
2025-07-22,310.08099365234375
2025-07-23,312.23907470703125
2025-07-24,321.59100341796875
2025-07-25,320.17193603515625
2025-07-28,316.8017272949219
2025-07-29,311.87451171875
2025-07-30,307.6961669921875
2025-07-31,303.6558532714844
2025-08-01,304.1781311035156
2025-08-04,305.3015441894531
2025-08-05,307.44000244140625
2025-08-06,305.0551452636719
2025-08-07,304.1485900878906
2025-08-08,301.23162841796875
2025-08-11,302.1875305175781
2025-08-12,308.29730224609375
2025-08-13,325.9171447753906
2025-08-14,322.5637512207031
2025-08-15,318.27069091796875
2025-08-18,312.6619873046875
2025-08-19,321.2679443359375
2025-08-20,311.54425048828125
2025-08-21,305.2925720214844
2025-08-22,320.22930908203125
2025-08-25,317.95416259765625
2025-08-26,314.9371643066406
2025-08-27,314.4128723144531
2025-08-28,311.56402587890625
2025-08-29,307.3500671386719
2025-09-02,301.7710876464844
2025-09-03,301.44464111328125
2025-09-04,312.385009765625
2025-09-05,329.4880676269531
2025-09-08,330.0123291015625
2025-09-09,318.389404296875
2025-09-10,315.6988220214844
2025-09-11,326.233642578125
2025-09-12,322.4549865722656
2025-09-15,321.2679443359375
2025-09-16,324.7300720214844
2025-09-17,319.8336181640625
2025-09-18,321.604248046875
2025-09-19,314.4821472167969
2025-09-22,309.24932861328125
2025-09-23,309.55596923828125
2025-09-24,307.3500671386719
2025-09-25,301.78094482421875
2025-09-26,302.552490234375
2025-09-29,307.53802490234375
2025-09-30,306.7170104980469
2025-10-01,305.8366394042969
2025-10-02,308.6755676269531
2025-10-03,306.261962890625
2025-10-06,303.9670715332031
2025-10-07,297.8341064453125
2025-10-08,298.4573059082031
2025-10-09,293.03656005859375
2025-10-10,286.7749938964844
2025-10-13,288.5753479003906
2025-10-14,292.2649841308594
2025-10-15,287.2992858886719
2025-10-16,287.0321960449219
2025-10-17,287.0717468261719
2025-10-20,290.8900146484375
2025-10-21,299.35748291015625
2025-10-22,294.3719482421875
2025-10-23,297.0625305175781
2025-10-24,290.573486328125
2025-10-27,290.3855285644531
2025-10-28,283.8470153808594
2025-10-29,280.4837951660156
2025-10-30,274.20245361328125
2025-10-31,264.172119140625
2025-11-03,256.6741027832031
2025-11-04,255.2100830078125
2025-11-05,250.2938232421875
2025-11-06,245.6842041015625
2025-11-07,249.2848358154297
2025-11-10,246.16891479492188
2025-11-11,251.55996704101562
2025-11-12,249.05490112304688
2025-11-13,244.47222900390625
2025-11-14,240.88363647460938
2025-11-17,236.43019104003906
2025-11-18,238.8159637451172
2025-11-19,232.49366760253906
2025-11-20,228.84542846679688
2025-11-21,238.5574951171875
2025-11-24,235.30690002441406
2025-11-25,242.44432067871094
2025-11-26,242.82208251953125
2025-11-28,242.1560516357422
2025-12-01,241.92739868164062
2025-12-02,243.2793426513672
2025-12-03,244.5219268798828
2025-12-04,240.4860076904297
2025-12-05,238.10023498535156
2025-12-08,235.51564025878906
2025-12-09,231.92703247070312
2025-12-10,239.15394592285156
2025-12-11,238.86566162109375
2025-12-12,238.84579467773438
2025-12-15,236.92721557617188
2025-12-16,235.26712036132812
2025-12-17,234.8794403076172
2025-12-18,234.95896911621094
2025-12-19,230.63473510742188
2025-12-22,230.92303466796875
2025-12-23,229.18341064453125
2025-12-24,229.8693084716797
2025-12-26,231.11190795898438
2025-12-29,227.9706268310547
2025-12-30,229.70033264160156
2025-12-31,227.39407348632812
2026-01-02,228.348388671875
2026-01-05,234.849609375
2026-01-06,237.9610595703125
2026-01-07,235.6051025390625
2026-01-08,241.3607940673828
2026-01-09,250.7845916748047
2026-01-12,256.9279479980469
2026-01-13,260.4270935058594
2026-01-14,263.7671813964844
2026-01-15,266.0237121582031
2026-01-16,266.4014587402344
2026-01-20,259.1447448730469
2026-01-21,265.15887451171875
2026-01-22,265.2384033203125
2026-01-23,263.4490661621094
2026-01-26,264.5226745605469
2026-01-27,262.89239501953125
2026-01-28,256.9478454589844
2026-01-29,253.86622619628906
2026-01-30,252.5838623046875
2026-02-02,252.09677124023438
2026-02-03,251.45062255859375
2026-02-04,258.8763427734375
2026-02-05,256.013427734375
2026-02-06,264.58233642578125
2026-02-09,261.01361083984375
2026-02-10,265.745361328125
2026-02-11,269.87078857421875
2026-02-12,267.962158203125
2026-02-13,264.2542724609375
2026-02-17,253.9457550048828
2026-02-18,253.81651306152344
2026-02-19,217.06565856933594
2026-02-20,220.30633544921875
2026-02-23,217.204833984375
2026-02-24,215.97216796875
2026-02-25,213.47705078125
2026-02-26,221.98631286621094
2026-02-27,225.8333740234375
2026-03-02,220.68408203125
2026-03-03,219.90870666503906
2026-03-04,219.00408935546875
2026-03-05,216.62826538085938
2026-03-06,212.39352416992188
2026-03-09,213.24842834472656
2026-03-10,207.64186096191406
2026-03-11,209.6300048828125
2026-03-12,204.1199951171875
2026-03-13,206.63999938964844
2026-03-16,208.77999877929688
2026-03-17,210.74000549316406
2026-03-18,205.77000427246094
2026-03-19,204.36000061035156
2026-03-20,200.33999633789062
2026-03-23,205.25999450683594
2026-03-24,203.24000549316406
2026-03-25,202.1699981689453
2026-03-26,201.0399932861328
2026-03-27,198.74000549316406
2026-03-30,200.49000549316406
2026-03-31,202.3300018310547
2026-04-01,200.0800018310547
2026-04-02,202.92999267578125
2026-04-06,204.69000244140625
2026-04-07,201.47999572753906
2026-04-08,209.4499969482422
2026-04-09,213.50999450683594
2026-04-10,214.91000366210938
2026-04-13,217.3300018310547
2026-04-14,217.97999572753906
2026-04-15,226.58999633789062
2026-04-16,225.63999938964844
2026-04-17,227.6199951171875
2026-04-20,232.08999633789062
2026-04-21,233.1300048828125
2026-04-22,234.22000122070312
2026-04-23,228.67999267578125
2026-04-24,232.5500030517578
2026-04-27,225.27999877929688
2026-04-28,216.27999877929688
2026-04-29,209.61000061035156
2026-04-30,213.32000732421875
2026-05-01,208.08999633789062
2026-05-04,203.22999572753906
