date,close
2001-05-07,102.56547546386719
2001-05-08,102.40657806396484
2001-05-09,103.12162017822266
2001-05-10,102.88328552246094
2001-05-11,100.65876770019531
2001-05-14,104.074951171875
2001-05-15,109.63624572753906
2001-05-16,130.84844970703125
2001-05-17,145.7049102783203
2001-05-18,122.74491882324219
2001-05-21,119.88479614257812
2001-05-22,120.75871276855469
2001-05-23,117.73977661132812
2001-05-24,118.53421020507812
2001-05-25,121.31488800048828
2001-05-29,118.53421020507812
2001-05-30,109.08012390136719
2001-05-31,109.08012390136719
2001-06-01,107.25283813476562
2001-06-04,106.14057159423828
2001-06-05,110.43067932128906
2001-06-06,107.41171264648438
2001-06-07,110.03347778320312
2001-06-08,117.8192138671875
2001-06-11,106.77613830566406
2001-06-12,97.48091125488281
2001-06-13,92.71407318115234
2001-06-14,83.25997924804688
2001-06-15,79.68487548828125
2001-06-18,70.15131378173828
2001-06-19,75.63310241699219
2001-06-20,77.38092803955078
2001-06-21,72.37579345703125
2001-06-22,74.20306396484375
2001-06-25,79.446533203125
2001-06-26,80.95600891113281
2001-06-27,78.5726089477539
2001-06-28,83.73664855957031
2001-06-29,96.8453369140625
2001-07-02,85.8816909790039
2001-07-03,83.57774353027344
2001-07-05,79.60545349121094
2001-07-06,75.79198455810547
2001-07-09,73.09080505371094
2001-07-10,67.60902404785156
2001-07-11,66.65565490722656
2001-07-12,65.62283325195312
2001-07-13,65.7817153930664
2001-07-16,62.127193450927734
2001-07-17,61.571075439453125
2001-07-18,57.280941009521484
2001-07-19,58.71099090576172
2001-07-20,62.36553192138672
2001-07-23,61.96828842163086
2001-07-24,62.36553192138672
2001-07-25,60.061580657958984
2001-07-26,62.76276779174805
2001-07-27,63.239444732666016
2001-07-30,63.0805549621582
2001-07-31,63.954463958740234
2001-08-01,65.62283325195312
2001-08-02,72.77303314208984
2001-08-03,71.81966400146484
2001-08-06,68.95957946777344
2001-08-07,68.80069732666016
2001-08-08,65.70228576660156
2001-08-09,64.74891662597656
2001-08-10,66.89398193359375
2001-08-13,65.14615631103516
2001-08-14,65.14615631103516
2001-08-15,61.571075439453125
2001-08-16,58.94934844970703
2001-08-17,56.5659294128418
2001-08-20,56.963157653808594
2001-08-21,53.78530502319336
2001-08-22,54.420867919921875
2001-08-23,54.659217834472656
2001-08-24,57.20150375366211
2001-08-27,57.598758697509766
2001-08-28,55.6920280456543
2001-08-29,52.43470764160156
2001-08-30,49.495182037353516
2001-08-31,52.83196258544922
2001-09-04,48.62128448486328
2001-09-05,48.38294219970703
2001-09-06,44.490055084228516
2001-09-07,40.35884094238281
2001-09-10,37.33986282348633
2001-09-17,31.778614044189453
2001-09-18,31.460824966430664
2001-09-19,29.792451858520508
2001-09-20,26.53514289855957
2001-09-21,27.091270446777344
2001-09-24,29.395217895507812
2001-09-25,32.096397399902344
2001-09-26,30.269128799438477
2001-09-27,28.600751876831055
2001-09-28,28.52130889892578
2001-10-01,30.269128799438477
2001-10-02,30.189678192138672
2001-10-03,30.189678192138672
2001-10-04,30.98414421081543
2001-10-05,24.866764068603516
2001-10-08,23.992860794067383
2001-10-09,20.973888397216797
2001-10-10,25.422893524169922
2001-10-11,25.82012367248535
2001-10-12,27.409061431884766
2001-10-15,27.329608917236328
2001-10-16,27.80628776550293
2001-10-17,24.54897689819336
2001-10-18,23.277841567993164
2001-10-19,23.277841567993164
2001-10-22,23.19839096069336
2001-10-23,22.96004295349121
2001-10-24,23.83396339416504
2001-10-25,23.436729431152344
2001-10-26,22.801156997680664
2001-10-29,21.291667938232422
2001-10-30,19.226064682006836
2001-10-31,19.78218650817871
2001-11-01,18.82883071899414
2001-11-02,18.19325828552246
2001-11-05,19.464399337768555
2001-11-06,18.590486526489258
2001-11-07,18.51103973388672
2001-11-08,19.62329864501953
2001-11-09,22.245027542114258
2001-11-12,22.801156997680664
2001-11-13,28.600751876831055
2001-11-14,32.81141662597656
2001-11-15,39.96160888671875
2001-11-16,41.391639709472656
2001-11-19,37.895992279052734
2001-11-20,38.69046401977539
2001-11-21,40.04105758666992
2001-11-23,41.70942687988281
2001-11-26,41.62998962402344
2001-11-27,46.47623062133789
2001-11-28,49.256858825683594
2001-11-29,52.0374755859375
2001-11-30,55.93034362792969
2001-12-03,52.27583312988281
2001-12-04,49.495182037353516
2001-12-05,54.02366256713867
2001-12-06,52.0374755859375
2001-12-07,49.17740249633789
2001-12-10,47.66792678833008
2001-12-11,45.999549865722656
2001-12-12,47.74736404418945
2001-12-13,46.47623062133789
2001-12-14,53.62641906738281
2001-12-17,66.81453704833984
2001-12-18,74.67972564697266
2001-12-19,85.8816909790039
2001-12-20,72.85245513916016
2001-12-21,71.34297943115234
2001-12-24,77.7781753540039
2001-12-26,83.9749755859375
2001-12-27,87.55007934570312
2001-12-28,85.80225372314453
2001-12-31,92.39633178710938
2002-01-02,86.43782043457031
2002-01-03,75.15642547607422
2002-01-04,79.04930877685547
2002-01-07,72.69356536865234
2002-01-08,76.03032684326172
2002-01-09,69.8335189819336
2002-01-10,63.160003662109375
2002-01-11,60.53825759887695
2002-01-14,56.48648452758789
2002-01-15,62.36553192138672
2002-01-16,57.439849853515625
2002-01-17,59.50545120239258
2002-01-18,59.50545120239258
2002-01-22,58.790435791015625
2002-01-23,53.94419479370117
2002-01-24,54.73866653442383
2002-01-25,55.374237060546875
2002-01-28,53.467529296875
2002-01-29,51.56081008911133
2002-01-30,53.70585632324219
2002-01-31,49.495182037353516
2002-02-01,56.645381927490234
2002-02-04,50.925228118896484
2002-02-05,49.89241409301758
2002-02-06,47.27067947387695
2002-02-07,47.27067947387695
2002-02-08,49.812984466552734
2002-02-11,53.78530502319336
2002-02-12,53.94419479370117
2002-02-13,55.93034362792969
2002-02-14,51.48136520385742
2002-02-15,44.41061782836914
2002-02-19,38.849361419677734
2002-02-20,39.48493576049805
2002-02-21,35.51259994506836
2002-02-22,34.638694763183594
2002-02-25,37.180973052978516
2002-02-26,35.11537170410156
2002-02-27,34.47978973388672
2002-02-28,32.8908576965332
2002-03-01,35.90983200073242
2002-03-04,36.62485885620117
2002-03-05,37.895992279052734
2002-03-06,43.06002426147461
2002-03-07,41.78887176513672
2002-03-08,44.64894104003906
2002-03-11,47.82681655883789
2002-03-12,48.62128448486328
2002-03-13,46.63511276245117
2002-03-14,42.34501266479492
2002-03-15,42.424461364746094
2002-03-18,44.41061782836914
2002-03-19,40.04105758666992
2002-03-20,38.61101531982422
2002-03-21,39.48493576049805
2002-03-22,38.213775634765625
2002-03-25,34.79759216308594
2002-03-26,35.19482421875
2002-03-27,40.199951171875
2002-03-28,42.26556396484375
2002-04-01,45.92008590698242
2002-04-02,42.901126861572266
2002-04-03,40.12051010131836
2002-04-04,39.643821716308594
2002-04-05,41.07386779785156
2002-04-08,40.6766242980957
2002-04-09,42.424461364746094
2002-04-10,40.99441146850586
2002-04-11,39.48493576049805
2002-04-12,40.51774215698242
2002-04-15,42.26556396484375
2002-04-16,42.901126861572266
2002-04-17,41.947776794433594
2002-04-18,43.69559860229492
2002-04-19,41.312198638916016
2002-04-22,40.43829345703125
2002-04-23,39.882171630859375
2002-04-24,39.80272674560547
2002-04-25,38.849361419677734
2002-04-26,37.49876403808594
2002-04-29,33.764774322509766
2002-04-30,35.67148971557617
2002-05-01,35.750946044921875
2002-05-02,34.08256530761719
2002-05-03,31.778614044189453
2002-05-06,31.619722366333008
2002-05-07,28.52130889892578
2002-05-08,31.778614044189453
2002-05-09,29.792451858520508
2002-05-10,31.5402774810791
2002-05-13,33.3675422668457
2002-05-14,35.035919189453125
2002-05-15,35.5920524597168
2002-05-16,35.67148971557617
2002-05-17,35.19482421875
2002-05-20,33.60587692260742
2002-05-21,33.52643585205078
2002-05-22,31.460824966430664
2002-05-23,32.096397399902344
2002-05-24,30.586931228637695
2002-05-28,29.236324310302734
2002-05-29,29.395217895507812
2002-05-30,31.619722366333008
2002-05-31,31.5402774810791
2002-06-03,29.395217895507812
2002-06-04,29.554113388061523
2002-06-05,29.474674224853516
2002-06-06,28.759645462036133
2002-06-07,29.156883239746094
2002-06-10,29.236324310302734
2002-06-11,29.951351165771484
2002-06-12,31.381383895874023
2002-06-13,31.937501907348633
2002-06-14,30.507471084594727
2002-06-17,30.42801856994629
2002-06-18,30.825252532958984
2002-06-19,29.87190818786621
2002-06-20,26.05846405029297
2002-06-21,28.99798583984375
2002-06-24,29.077428817749023
2002-06-25,29.63355255126953
2002-06-26,28.52130889892578
2002-06-27,26.137916564941406
2002-06-28,29.87190818786621
2002-07-01,29.951351165771484
2002-07-02,29.792451858520508
2002-07-03,28.600751876831055
2002-07-05,23.913408279418945
2002-07-08,25.422893524169922
2002-07-09,27.170717239379883
2002-07-10,27.409061431884766
2002-07-11,27.409061431884766
2002-07-12,27.80628776550293
2002-07-15,27.80628776550293
2002-07-16,27.091270446777344
2002-07-17,27.72685432434082
2002-07-18,25.422893524169922
2002-07-19,22.16558265686035
2002-07-22,20.02052879333496
2002-07-23,16.52487564086914
2002-07-24,14.777056694030762
2002-07-25,14.856502532958984
2002-07-26,12.711446762084961
2002-07-29,14.618162155151367
2002-07-30,17.478235244750977
2002-07-31,16.28653907775879
2002-08-01,15.889307022094727
2002-08-02,15.571524620056152
2002-08-05,14.062034606933594
2002-08-06,13.188122749328613
2002-08-07,13.585358619689941
2002-08-08,14.14148235321045
2002-08-09,14.300375938415527
2002-08-12,16.4454288482666
2002-08-13,10.725281715393066
2002-08-14,6.037936687469482
2002-08-15,11.440300941467285
2002-08-16,9.692475318908691
2002-08-19,8.739117622375488
2002-08-20,9.851371765136719
2002-08-21,10.169156074523926
2002-08-22,10.089710235595703
2002-08-23,9.295243263244629
2002-08-26,10.089710235595703
2002-08-27,9.771925926208496
2002-08-28,9.374691009521484
2002-08-29,10.01026439666748
2002-08-30,11.996430397033691
2002-09-03,10.963624000549316
2002-09-04,12.949785232543945
2002-09-05,13.903143882751465
2002-09-06,13.347017288208008
2002-09-09,13.505915641784668
2002-09-10,11.91698169708252
2002-09-11,11.59919548034668
2002-09-12,11.2019624710083
2002-09-13,12.23476791381836
2002-09-16,11.519749641418457
2002-09-17,11.519749641418457
2002-09-18,10.169156074523926
2002-09-19,9.215795516967773
2002-09-20,9.53358268737793
2002-09-23,9.215795516967773
2002-09-24,9.692475318908691
2002-09-25,9.692475318908691
2002-09-26,9.771925926208496
2002-09-27,9.136350631713867
2002-09-30,7.944653511047363
2002-10-01,7.150187969207764
2002-10-02,7.547419548034668
2002-10-03,8.18299674987793
2002-10-04,7.547419548034668
2002-10-07,6.832402229309082
2002-10-08,8.024099349975586
2002-10-09,7.467977046966553
2002-10-10,7.070741176605225
2002-10-11,5.4023637771606445
2002-10-14,6.514616012573242
2002-10-15,6.037936687469482
2002-10-16,6.673508644104004
2002-10-17,10.486944198608398
2002-10-18,7.070741176605225
2002-10-21,6.11738395690918
2002-10-22,5.481812000274658
2002-10-23,5.720150470733643
2002-10-24,5.640704154968262
2002-10-25,5.879042625427246
2002-10-28,6.276276588439941
2002-10-29,6.3557233810424805
2002-10-30,6.514616012573242
2002-10-31,7.150187969207764
2002-11-01,7.865206241607666
2002-11-04,8.421334266662598
2002-11-05,8.8980131149292
2002-11-06,8.818564414978027
2002-11-07,8.024099349975586
2002-11-08,7.467977046966553
2002-11-11,6.91184663772583
2002-11-12,7.309081077575684
2002-11-13,7.070741176605225
2002-11-14,6.514616012573242
2002-11-15,6.991292953491211
2002-11-18,6.514616012573242
2002-11-19,6.514616012573242
2002-11-20,6.3557233810424805
2002-11-21,6.11738395690918
2002-11-22,5.95849084854126
2002-11-25,6.673508644104004
2002-11-26,7.150187969207764
2002-11-27,6.832402229309082
2002-11-29,6.832402229309082
2002-12-02,6.752957820892334
2002-12-03,6.276276588439941
2002-12-04,6.196831226348877
2002-12-05,6.435170650482178
2002-12-06,6.276276588439941
2002-12-09,5.720150470733643
2002-12-10,5.79959774017334
2002-12-11,5.720150470733643
2002-12-12,5.4023637771606445
2002-12-13,5.243472099304199
2002-12-16,5.00513219833374
2002-12-17,4.607897758483887
2002-12-18,4.2901129722595215
2002-12-19,4.607897758483887
2002-12-20,4.2901129722595215
2002-12-23,4.2901129722595215
2002-12-24,4.2901129722595215
2002-12-26,4.131218910217285
2002-12-27,4.766791343688965
2002-12-30,4.4490065574646
2002-12-31,5.084578037261963
2003-01-02,4.846237659454346
2003-01-03,4.766791343688965
2003-01-06,4.925685882568359
2003-01-07,6.514616012573242
2003-01-08,6.037936687469482
2003-01-09,6.196831226348877
2003-01-10,6.435170650482178
2003-01-13,6.276276588439941
2003-01-14,10.169156074523926
2003-01-15,10.884173393249512
2003-01-16,9.930816650390625
2003-01-17,9.295243263244629
2003-01-21,9.374691009521484
2003-01-22,10.089710235595703
2003-01-23,10.248602867126465
2003-01-24,10.089710235595703
2003-01-27,8.659673690795898
2003-01-28,8.421334266662598
2003-01-29,8.18299674987793
2003-01-30,8.818564414978027
2003-01-31,9.215795516967773
2003-02-03,8.818564414978027
2003-02-04,8.18299674987793
2003-02-05,7.547419548034668
2003-02-06,6.832402229309082
2003-02-07,7.150187969207764
2003-02-10,7.2296342849731445
2003-02-11,6.991292953491211
2003-02-12,6.435170650482178
2003-02-13,5.879042625427246
2003-02-14,5.95849084854126
2003-02-18,7.388528347015381
2003-02-19,6.752957820892334
2003-02-20,6.991292953491211
2003-02-21,6.991292953491211
2003-02-24,6.991292953491211
2003-02-25,6.673508644104004
2003-02-26,6.196831226348877
2003-02-27,6.11738395690918
2003-02-28,6.037936687469482
2003-03-03,6.3557233810424805
2003-03-04,5.640704154968262
2003-03-05,4.210667133331299
2003-03-06,3.892881155014038
2003-03-07,3.7339885234832764
2003-03-10,3.892881155014038
2003-03-11,3.575093984603882
2003-03-12,3.257308006286621
2003-03-13,3.336754322052002
2003-03-14,3.257308006286621
2003-03-17,3.4956464767456055
2003-03-18,3.575093984603882
2003-03-19,4.210667133331299
2003-03-20,4.687345504760742
2003-03-21,4.607897758483887
2003-03-24,4.210667133331299
2003-03-25,5.00513219833374
2003-03-26,5.3229169845581055
2003-03-27,5.481812000274658
2003-03-28,5.3229169845581055
2003-03-31,5.79959774017334
2003-04-01,5.720150470733643
2003-04-02,5.5612568855285645
2003-04-03,5.243472099304199
2003-04-04,5.3229169845581055
2003-04-07,5.4023637771606445
2003-04-08,5.3229169845581055
2003-04-09,5.164024829864502
2003-04-10,5.084578037261963
2003-04-11,5.00513219833374
2003-04-14,5.164024829864502
2003-04-15,5.243472099304199
2003-04-16,5.3229169845581055
2003-04-17,5.79959774017334
2003-04-21,5.640704154968262
2003-04-22,5.640704154968262
2003-04-23,6.11738395690918
2003-04-24,5.79959774017334
2003-04-25,5.5612568855285645
2003-04-28,5.720150470733643
2003-04-29,5.79959774017334
2003-04-30,5.879042625427246
2003-05-01,6.276276588439941
2003-05-02,6.594061374664307
2003-05-05,7.150187969207764
2003-05-06,9.53358268737793
2003-05-07,8.818564414978027
2003-05-08,8.26243782043457
2003-05-09,7.706313133239746
2003-05-12,8.421334266662598
2003-05-13,9.771925926208496
2003-05-14,10.725281715393066
2003-05-15,11.2019624710083
2003-05-16,10.884173393249512
2003-05-19,10.328049659729004
2003-05-20,8.977458000183105
2003-05-21,8.500777244567871
2003-05-22,9.851371765136719
2003-05-23,10.486944198608398
2003-05-27,11.043067932128906
2003-05-28,11.043067932128906
2003-05-29,10.725281715393066
2003-05-30,12.711446762084961
2003-06-02,15.492072105407715
2003-06-03,18.669931411743164
2003-06-04,16.604326248168945
2003-06-05,16.36599349975586
2003-06-06,17.08100700378418
2003-06-09,16.28653907775879
2003-06-10,16.127643585205078
2003-06-11,16.28653907775879
2003-06-12,15.968750953674316
2003-06-13,14.697608947753906
2003-06-16,14.14148235321045
2003-06-17,15.253735542297363
2003-06-18,15.015395164489746
2003-06-19,14.379822731018066
2003-06-20,13.744254112243652
2003-06-23,14.14148235321045
2003-06-24,13.505915641784668
2003-06-25,13.188122749328613
2003-06-26,12.790895462036133
2003-06-27,13.188122749328613
2003-06-30,13.426464080810547
2003-07-01,13.505915641784668
2003-07-02,14.062034606933594
2003-07-03,14.618162155151367
2003-07-07,13.982585906982422
2003-07-08,14.062034606933594
2003-07-09,14.618162155151367
2003-07-10,14.459268569946289
2003-07-11,14.459268569946289
2003-07-14,14.379822731018066
2003-07-15,14.14148235321045
2003-07-16,13.82369327545166
2003-07-17,13.267571449279785
2003-07-18,13.585358619689941
2003-07-21,13.347017288208008
2003-07-22,13.267571449279785
2003-07-23,12.949785232543945
2003-07-24,13.10867691040039
2003-07-25,12.949785232543945
2003-07-28,15.015395164489746
2003-07-29,14.379822731018066
2003-07-30,14.062034606933594
2003-07-31,14.14148235321045
2003-08-01,14.379822731018066
2003-08-04,15.253735542297363
2003-08-05,15.492072105407715
2003-08-06,13.585358619689941
2003-08-07,12.15532112121582
2003-08-08,12.870341300964355
2003-08-11,13.188122749328613
2003-08-12,13.505915641784668
2003-08-13,13.267571449279785
2003-08-14,13.10867691040039
2003-08-15,13.029232025146484
2003-08-18,12.790895462036133
2003-08-19,12.552553176879883
2003-08-20,12.314214706420898
2003-08-21,12.473103523254395
2003-08-22,12.631998062133789
2003-08-25,12.552553176879883
2003-08-26,12.552553176879883
2003-08-27,12.711446762084961
2003-08-28,13.188122749328613
2003-08-29,13.347017288208008
2003-09-02,12.870341300964355
2003-09-03,13.10867691040039
2003-09-04,13.188122749328613
2003-09-05,13.188122749328613
2003-09-08,13.347017288208008
2003-09-09,14.14148235321045
2003-09-10,13.585358619689941
2003-09-11,13.664804458618164
2003-09-12,13.347017288208008
2003-09-15,13.426464080810547
2003-09-16,13.347017288208008
2003-09-17,14.618162155151367
2003-09-18,14.618162155151367
2003-09-19,15.730412483215332
2003-09-22,15.492072105407715
2003-09-23,16.048198699951172
2003-09-24,15.412626266479492
2003-09-25,15.253735542297363
2003-09-26,14.220931053161621
2003-09-29,14.697608947753906
2003-09-30,14.459268569946289
2003-10-01,14.697608947753906
2003-10-02,15.094839096069336
2003-10-03,14.856502532958984
2003-10-06,14.856502532958984
2003-10-07,14.856502532958984
2003-10-08,15.492072105407715
2003-10-09,15.412626266479492
2003-10-10,16.4454288482666
2003-10-13,18.11380958557129
2003-10-14,18.51103973388672
2003-10-15,17.39879608154297
2003-10-16,18.82883071899414
2003-10-17,19.14661407470703
2003-10-20,19.941085815429688
2003-10-21,20.33831214904785
2003-10-22,20.81499481201172
2003-10-23,19.86163330078125
2003-10-24,18.908275604248047
2003-10-27,19.384950637817383
2003-10-28,18.034364700317383
2003-10-29,18.669931411743164
2003-10-30,18.35215187072754
2003-10-31,18.669931411743164
2003-11-03,18.82883071899414
2003-11-04,18.11380958557129
2003-11-05,17.95491600036621
2003-11-06,18.669931411743164
2003-11-07,18.908275604248047
2003-11-10,17.55768585205078
2003-11-11,17.001554489135742
2003-11-12,17.319347381591797
2003-11-13,17.7960262298584
2003-11-14,17.71657943725586
2003-11-17,17.08100700378418
2003-11-18,17.71657943725586
2003-11-19,16.76321792602539
2003-11-20,16.048198699951172
2003-11-21,15.809861183166504
2003-11-24,15.174287796020508
2003-11-25,15.412626266479492
2003-11-26,15.730412483215332
2003-11-28,16.52487564086914
2003-12-01,17.478235244750977
2003-12-02,17.319347381591797
2003-12-03,16.76321792602539
2003-12-04,17.08100700378418
2003-12-05,16.842668533325195
2003-12-08,16.922117233276367
2003-12-09,17.160451889038086
2003-12-10,16.842668533325195
2003-12-11,17.23989486694336
2003-12-12,17.39879608154297
2003-12-15,17.7960262298584
2003-12-16,18.034364700317383
2003-12-17,17.08100700378418
2003-12-18,17.319347381591797
2003-12-19,17.55768585205078
2003-12-22,17.39879608154297
2003-12-23,17.478235244750977
2003-12-24,19.06716537475586
2003-12-26,18.669931411743164
2003-12-29,20.49720573425293
2003-12-30,24.231191635131836
2003-12-31,25.105106353759766
2004-01-02,30.348575592041016
2004-01-05,27.80628776550293
2004-01-06,26.694034576416016
2004-01-07,25.184553146362305
2004-01-08,26.694034576416016
2004-01-09,27.329608917236328
2004-01-12,26.21735382080078
2004-01-13,25.105106353759766
2004-01-14,25.661231994628906
2004-01-15,24.866764068603516
2004-01-16,25.025663375854492
2004-01-20,24.15174674987793
2004-01-21,24.07229995727539
2004-01-22,26.05846405029297
2004-01-23,24.94620704650879
2004-01-26,24.31064224243164
2004-01-27,23.595626831054688
2004-01-28,22.32447052001953
2004-01-29,21.927248001098633
2004-01-30,21.450563430786133
2004-02-02,22.16558265686035
2004-02-03,22.086135864257812
2004-02-04,20.89443588256836
2004-02-05,21.450563430786133
2004-02-06,22.245027542114258
2004-02-09,23.039499282836914
2004-02-10,23.992860794067383
2004-02-11,23.913408279418945
2004-02-12,24.707876205444336
2004-02-13,23.516170501708984
2004-02-17,23.913408279418945
2004-02-18,23.436729431152344
2004-02-19,23.039499282836914
2004-02-20,22.88060188293457
2004-02-23,22.16558265686035
2004-02-24,21.450563430786133
2004-02-25,23.67506980895996
2004-02-26,23.83396339416504
2004-02-27,23.357280731201172
2004-03-01,23.83396339416504
2004-03-02,23.436729431152344
2004-03-03,23.516170501708984
2004-03-04,23.7545108795166
2004-03-05,24.231191635131836
2004-03-08,23.913408279418945
2004-03-09,23.19839096069336
2004-03-10,22.88060188293457
2004-03-11,22.801156997680664
2004-03-12,24.231191635131836
2004-03-15,23.7545108795166
2004-03-16,24.390077590942383
2004-03-17,24.94620704650879
2004-03-18,24.866764068603516
2004-03-19,25.105106353759766
2004-03-22,24.231191635131836
2004-03-23,24.628429412841797
2004-03-24,24.54897689819336
2004-03-25,25.263996124267578
2004-03-26,25.74068260192871
2004-03-29,26.137916564941406
2004-03-30,26.29680633544922
2004-03-31,27.011831283569336
2004-04-01,27.488508224487305
2004-04-02,28.203529357910156
2004-04-05,29.792451858520508
2004-04-06,30.904705047607422
2004-04-07,31.937501907348633
2004-04-08,30.507471084594727
2004-04-12,31.381383895874023
2004-04-13,29.87190818786621
2004-04-14,29.792451858520508
2004-04-15,30.030790328979492
2004-04-16,29.87190818786621
2004-04-19,31.619722366333008
2004-04-20,30.189678192138672
2004-04-21,27.567951202392578
2004-04-22,28.759645462036133
2004-04-23,29.077428817749023
2004-04-26,28.362417221069336
2004-04-27,27.409061431884766
2004-04-28,26.29680633544922
2004-04-29,24.94620704650879
2004-04-30,26.21735382080078
2004-05-03,27.25016212463379
2004-05-04,27.25016212463379
2004-05-05,27.170717239379883
2004-05-06,25.502342224121094
2004-05-07,25.263996124267578
2004-05-10,23.357280731201172
2004-05-11,25.025663375854492
2004-05-12,25.184553146362305
2004-05-13,24.787324905395508
2004-05-14,25.105106353759766
2004-05-17,24.231191635131836
2004-05-18,24.54897689819336
2004-05-19,25.263996124267578
2004-05-20,24.628429412841797
2004-05-21,24.787324905395508
2004-05-24,24.54897689819336
2004-05-25,24.94620704650879
2004-05-26,24.54897689819336
2004-05-27,24.15174674987793
2004-05-28,23.83396339416504
2004-06-01,25.184553146362305
2004-06-02,25.184553146362305
2004-06-03,24.46953582763672
2004-06-04,25.105106353759766
2004-06-07,25.502342224121094
2004-06-08,25.343442916870117
2004-06-09,25.89957046508789
2004-06-10,25.105106353759766
2004-06-14,25.82012367248535
2004-06-15,25.661231994628906
2004-06-16,24.94620704650879
2004-06-17,24.54897689819336
2004-06-18,24.866764068603516
2004-06-21,23.83396339416504
2004-06-22,23.83396339416504
2004-06-23,23.913408279418945
2004-06-24,23.913408279418945
2004-06-25,24.15174674987793
2004-06-28,24.390077590942383
2004-06-29,24.46953582763672
2004-06-30,24.46953582763672
2004-07-01,23.913408279418945
2004-07-02,23.83396339416504
2004-07-06,22.96004295349121
2004-07-07,22.64225959777832
2004-07-08,22.086135864257812
2004-07-09,22.16558265686035
2004-07-12,21.530012130737305
2004-07-13,20.656099319458008
2004-07-14,20.89443588256836
2004-07-15,20.735546112060547
2004-07-16,19.62329864501953
2004-07-19,18.35215187072754
2004-07-20,20.735546112060547
2004-07-21,19.543851852416992
2004-07-22,19.86163330078125
2004-07-23,19.06716537475586
2004-07-26,18.987722396850586
2004-07-27,19.941085815429688
2004-07-28,19.464399337768555
2004-07-29,19.86163330078125
2004-07-30,19.941085815429688
2004-08-02,19.702743530273438
2004-08-03,19.226064682006836
2004-08-04,18.431591033935547
2004-08-05,19.06716537475586
2004-08-06,18.51103973388672
2004-08-09,17.637128829956055
2004-08-10,18.034364700317383
2004-08-11,17.160451889038086
2004-08-12,16.28653907775879
2004-08-13,17.319347381591797
2004-08-16,17.637128829956055
2004-08-17,17.7960262298584
2004-08-18,17.160451889038086
2004-08-19,17.478235244750977
2004-08-20,17.71657943725586
2004-08-23,18.590486526489258
2004-08-24,18.908275604248047
2004-08-25,19.06716537475586
2004-08-26,19.226064682006836
2004-08-27,19.30550765991211
2004-08-30,18.908275604248047
2004-08-31,18.431591033935547
2004-09-01,18.034364700317383
2004-09-02,18.74938201904297
2004-09-03,18.51103973388672
2004-09-07,20.179420471191406
2004-09-08,21.530012130737305
2004-09-09,21.530012130737305
2004-09-10,21.609455108642578
2004-09-13,22.4039249420166
2004-09-14,23.039499282836914
2004-09-15,22.96004295349121
2004-09-16,23.595626831054688
2004-09-17,22.721710205078125
2004-09-20,22.086135864257812
2004-09-21,22.721710205078125
2004-09-22,22.483375549316406
2004-09-23,22.4039249420166
2004-09-24,22.4039249420166
2004-09-27,21.688905715942383
2004-09-28,21.053325653076172
2004-09-29,23.992860794067383
2004-09-30,25.422893524169922
2004-10-01,24.94620704650879
2004-10-04,25.74068260192871
2004-10-05,26.614591598510742
2004-10-06,30.745807647705078
2004-10-07,31.778614044189453
2004-10-08,29.395217895507812
2004-10-11,27.965171813964844
2004-10-12,29.792451858520508
2004-10-13,29.71300506591797
2004-10-14,28.99798583984375
2004-10-15,29.395217895507812
2004-10-18,30.269128799438477
2004-10-19,30.11023712158203
2004-10-20,30.030790328979492
2004-10-21,30.507471084594727
2004-10-22,31.063596725463867
2004-10-25,31.858062744140625
2004-10-26,31.937501907348633
2004-10-27,30.904705047607422
2004-10-28,31.222490310668945
2004-10-29,30.98414421081543
2004-11-01,31.063596725463867
2004-11-02,31.460824966430664
2004-11-03,31.143049240112305
2004-11-04,31.143049240112305
2004-11-05,31.222490310668945
2004-11-08,31.30194091796875
2004-11-09,30.904705047607422
2004-11-10,30.66636085510254
2004-11-11,30.586931228637695
2004-11-12,33.129207611083984
2004-11-15,35.35371780395508
2004-11-16,37.4193115234375
2004-11-17,39.32603073120117
2004-11-18,37.49876403808594
2004-11-19,41.07386779785156
2004-11-22,47.429588317871094
2004-11-23,53.308616638183594
2004-11-24,49.654083251953125
2004-11-26,51.71970748901367
2004-11-29,53.149723052978516
2004-11-30,52.673065185546875
2004-12-01,55.45370864868164
2004-12-02,57.678199768066406
2004-12-03,59.98216247558594
2004-12-06,64.2722396850586
2004-12-07,71.581298828125
2004-12-08,54.81812286376953
2004-12-09,56.963157653808594
2004-12-10,60.29993438720703
2004-12-13,63.875003814697266
2004-12-14,63.160003662109375
2004-12-15,60.77659225463867
2004-12-16,57.04261779785156
2004-12-17,61.01494216918945
2004-12-20,63.31889724731445
2004-12-21,62.44498062133789
2004-12-22,62.68330001831055
2004-12-23,63.160003662109375
2004-12-27,64.35169219970703
2004-12-28,62.047733306884766
2004-12-29,57.91651153564453
2004-12-30,59.42601013183594
2004-12-31,60.53825759887695
2005-01-03,59.42601013183594
2005-01-04,59.664363861083984
2005-01-05,60.69715118408203
2005-01-06,59.584903717041016
2005-01-07,56.40705871582031
2005-01-10,52.59361267089844
2005-01-11,48.46238327026367
2005-01-12,49.812984466552734
2005-01-13,51.32246398925781
2005-01-14,51.243019104003906
2005-01-18,49.574649810791016
2005-01-19,46.158447265625
2005-01-20,44.01337814331055
2005-01-21,46.317325592041016
2005-01-24,48.38294219970703
2005-01-25,49.574649810791016
2005-01-26,49.09795379638672
2005-01-27,50.527992248535156
2005-01-28,51.6402473449707
2005-01-31,52.59361267089844
2005-02-01,49.97187805175781
2005-02-02,50.527992248535156
2005-02-03,50.21021270751953
2005-02-04,51.00468444824219
2005-02-07,48.93907165527344
2005-02-08,47.11179733276367
2005-02-09,47.5884895324707
2005-02-10,47.11179733276367
2005-02-11,47.5090217590332
2005-02-14,47.27067947387695
2005-02-15,47.429588317871094
2005-02-16,47.985721588134766
2005-02-17,47.5884895324707
2005-02-18,46.63511276245117
2005-02-22,44.172271728515625
2005-02-23,44.64894104003906
2005-02-24,44.3311653137207
2005-02-25,40.91496276855469
2005-02-28,44.2517204284668
2005-03-01,46.794010162353516
2005-03-02,47.03234100341797
2005-03-03,45.681766510009766
2005-03-04,44.96675109863281
2005-03-07,46.794010162353516
2005-03-08,46.07899856567383
2005-03-09,44.490055084228516
2005-03-10,43.29837417602539
2005-03-11,42.583335876464844
2005-03-14,42.34501266479492
2005-03-15,42.34501266479492
2005-03-16,41.550540924072266
2005-03-17,42.74224090576172
2005-03-18,42.0272216796875
2005-03-21,42.821678161621094
2005-03-22,41.947776794433594
2005-03-23,43.06002426147461
2005-03-24,42.34501266479492
2005-03-28,41.947776794433594
2005-03-29,42.74224090576172
2005-03-30,45.04618453979492
2005-03-31,44.64894104003906
2005-04-01,44.172271728515625
2005-04-04,43.29837417602539
2005-04-05,44.41061782836914
2005-04-06,42.821678161621094
2005-04-07,43.45724105834961
2005-04-08,42.98058319091797
2005-04-11,43.13947677612305
2005-04-12,42.98058319091797
2005-04-13,42.0272216796875
2005-04-14,42.106651306152344
2005-04-15,40.91496276855469
2005-04-18,40.35884094238281
2005-04-19,41.471092224121094
2005-04-20,40.51774215698242
2005-04-21,40.835533142089844
2005-04-22,40.51774215698242
2005-04-25,40.835533142089844
2005-04-26,38.69046401977539
2005-04-27,37.101531982421875
2005-04-28,37.57821273803711
2005-04-29,37.816551208496094
2005-05-02,39.643821716308594
2005-05-03,40.199951171875
2005-05-04,41.550540924072266
2005-05-05,42.26556396484375
2005-05-06,42.74224090576172
2005-05-09,42.583335876464844
2005-05-10,41.232757568359375
2005-05-11,41.07386779785156
2005-05-12,41.70942687988281
2005-05-13,42.503902435302734
2005-05-16,43.53669357299805
2005-05-17,43.53669357299805
2005-05-18,42.98058319091797
2005-05-19,42.821678161621094
2005-05-20,44.88729476928711
2005-05-23,45.04618453979492
2005-05-24,45.04618453979492
2005-05-25,44.8078498840332
2005-05-26,45.999549865722656
2005-05-27,47.429588317871094
2005-05-31,47.74736404418945
2005-06-01,47.11179733276367
2005-06-02,47.66792678833008
2005-06-03,47.66792678833008
2005-06-06,46.794010162353516
2005-06-07,46.39678192138672
2005-06-08,46.317325592041016
2005-06-09,45.76120376586914
2005-06-10,44.88729476928711
2005-06-13,47.5884895324707
2005-06-14,46.87345886230469
2005-06-15,46.95290756225586
2005-06-16,47.5884895324707
2005-06-17,47.82681655883789
2005-06-20,47.74736404418945
2005-06-21,47.35013961791992
2005-06-22,47.03234100341797
2005-06-23,46.714561462402344
2005-06-24,47.35013961791992
2005-06-27,47.5884895324707
2005-06-28,51.084129333496094
2005-06-29,52.27583312988281
2005-06-30,51.48136520385742
2005-07-01,52.0374755859375
2005-07-05,52.514163970947266
2005-07-06,52.673065185546875
2005-07-07,52.75249099731445
2005-07-08,55.45370864868164
2005-07-11,56.48648452758789
2005-07-12,55.45370864868164
2005-07-13,54.897552490234375
2005-07-14,53.467529296875
2005-07-15,54.02366256713867
2005-07-18,54.341434478759766
2005-07-19,54.420867919921875
2005-07-20,53.62641906738281
2005-07-21,54.26200485229492
2005-07-22,55.05644989013672
2005-07-25,55.61257553100586
2005-07-26,55.61257553100586
2005-07-27,55.374237060546875
2005-07-28,54.659217834472656
2005-07-29,54.18254089355469
2005-08-01,55.21533966064453
2005-08-02,53.62641906738281
2005-08-03,55.21533966064453
2005-08-04,54.10308074951172
2005-08-05,53.70585632324219
2005-08-08,52.43470764160156
2005-08-09,53.229183197021484
2005-08-10,52.514163970947266
2005-08-11,52.43470764160156
2005-08-12,53.467529296875
2005-08-15,53.149723052978516
2005-08-16,52.11692810058594
2005-08-17,52.11692810058594
2005-08-18,51.48136520385742
2005-08-19,51.16358184814453
2005-08-22,51.878597259521484
2005-08-23,51.79914093017578
2005-08-24,51.71970748901367
2005-08-25,52.27583312988281
2005-08-26,53.229183197021484
2005-08-29,53.94419479370117
2005-08-30,54.26200485229492
2005-08-31,54.659217834472656
2005-09-01,54.97701644897461
2005-09-02,54.579769134521484
2005-09-06,54.97701644897461
2005-09-07,55.53313446044922
2005-09-08,57.20150375366211
2005-09-09,58.71099090576172
2005-09-12,58.39320755004883
2005-09-13,57.36038589477539
2005-09-14,56.48648452758789
2005-09-15,58.31376647949219
2005-09-16,56.009803771972656
2005-09-19,53.229183197021484
2005-09-20,53.07028579711914
2005-09-21,52.35525894165039
2005-09-22,52.35525894165039
2005-09-23,53.229183197021484
2005-09-26,52.673065185546875
2005-09-27,51.71970748901367
2005-09-28,50.7663459777832
2005-09-29,51.878597259521484
2005-09-30,51.95804214477539
2005-10-03,51.878597259521484
2005-10-04,54.26200485229492
2005-10-05,53.38806915283203
2005-10-06,50.7663459777832
2005-10-07,51.00468444824219
2005-10-10,52.35525894165039
2005-10-11,51.00468444824219
2005-10-12,50.051326751708984
2005-10-13,48.541831970214844
2005-10-14,49.01850891113281
2005-10-17,48.859622955322266
2005-10-18,47.429588317871094
2005-10-19,48.30349349975586
2005-10-20,47.429588317871094
2005-10-21,47.27067947387695
2005-10-24,48.14459991455078
2005-10-25,49.09795379638672
2005-10-26,50.051326751708984
2005-10-27,46.55568313598633
2005-10-28,47.82681655883789
2005-10-31,49.495182037353516
2005-11-01,51.79914093017578
2005-11-02,54.73866653442383
2005-11-03,55.135902404785156
2005-11-04,55.21533966064453
2005-11-07,54.897552490234375
2005-11-08,54.26200485229492
2005-11-09,54.659217834472656
2005-11-10,55.374237060546875
2005-11-11,55.61257553100586
2005-11-14,55.45370864868164
2005-11-15,56.963157653808594
2005-11-16,58.790435791015625
2005-11-17,58.234317779541016
2005-11-18,57.837074279785156
2005-11-21,56.645381927490234
2005-11-22,56.40705871582031
2005-11-23,56.645381927490234
2005-11-25,56.645381927490234
2005-11-28,55.61257553100586
2005-11-29,56.5659294128418
2005-11-30,56.80427932739258
2005-12-01,56.48648452758789
2005-12-02,56.5659294128418
2005-12-05,56.72483444213867
2005-12-06,57.280941009521484
2005-12-07,57.9959716796875
2005-12-08,58.94934844970703
2005-12-09,62.5244140625
2005-12-12,59.26710510253906
2005-12-13,55.6920280456543
2005-12-14,55.61257553100586
2005-12-15,56.963157653808594
2005-12-16,55.29477310180664
2005-12-19,52.99083709716797
2005-12-20,52.35525894165039
2005-12-21,52.99083709716797
2005-12-22,53.229183197021484
2005-12-23,54.26200485229492
2005-12-27,55.53313446044922
2005-12-28,53.62641906738281
2005-12-29,53.54696273803711
2005-12-30,53.229183197021484
2006-01-03,51.79914093017578
2006-01-04,50.527992248535156
2006-01-05,50.7663459777832
2006-01-06,51.95804214477539
2006-01-09,52.19636154174805
2006-01-10,51.6402473449707
2006-01-11,48.62128448486328
2006-01-12,49.256858825683594
2006-01-13,49.89241409301758
2006-01-17,49.256858825683594
2006-01-18,49.97187805175781
2006-01-19,50.44856262207031
2006-01-20,50.051326751708984
2006-01-23,48.541831970214844
2006-01-24,46.87345886230469
2006-01-25,47.03234100341797
2006-01-26,46.23789978027344
2006-01-27,46.63511276245117
2006-01-30,46.55568313598633
2006-01-31,45.04618453979492
2006-02-01,45.36396408081055
2006-02-02,44.01337814331055
2006-02-03,42.34501266479492
2006-02-06,43.61615753173828
2006-02-07,45.76120376586914
2006-02-08,47.5090217590332
2006-02-09,46.07899856567383
2006-02-10,45.60231399536133
2006-02-13,44.56950378417969
2006-02-14,44.8078498840332
2006-02-15,46.23789978027344
2006-02-16,44.88729476928711
2006-02-17,41.78887176513672
2006-02-21,41.15330505371094
2006-02-22,42.0272216796875
2006-02-23,41.471092224121094
2006-02-24,41.15330505371094
2006-02-27,41.550540924072266
2006-02-28,40.59717559814453
2006-03-01,40.04105758666992
2006-03-02,40.35884094238281
2006-03-03,39.80272674560547
2006-03-06,39.00825500488281
2006-03-07,39.087703704833984
2006-03-08,37.895992279052734
2006-03-09,38.849361419677734
2006-03-10,37.97544479370117
2006-03-13,36.54540252685547
2006-03-14,35.35371780395508
2006-03-15,35.5920524597168
2006-03-16,35.830387115478516
2006-03-17,38.849361419677734
2006-03-20,40.59717559814453
2006-03-21,40.6766242980957
2006-03-22,38.61101531982422
2006-03-23,40.835533142089844
2006-03-24,39.96160888671875
2006-03-27,39.80272674560547
2006-03-28,39.24659729003906
2006-03-29,39.643821716308594
2006-03-30,40.12051010131836
2006-03-31,40.27939987182617
2006-04-03,40.199951171875
2006-04-04,40.199951171875
2006-04-05,40.04105758666992
2006-04-06,42.98058319091797
2006-04-07,42.186100006103516
2006-04-10,42.106651306152344
2006-04-11,41.312198638916016
2006-04-12,41.312198638916016
2006-04-13,42.26556396484375
2006-04-17,40.6766242980957
2006-04-18,41.07386779785156
2006-04-19,40.75606918334961
2006-04-20,40.27939987182617
2006-04-21,39.7232666015625
2006-04-24,38.213775634765625
2006-04-25,38.69046401977539
2006-04-26,38.213775634765625
2006-04-27,38.29322814941406
2006-04-28,37.180973052978516
2006-05-01,36.70430374145508
2006-05-02,38.769901275634766
2006-05-03,37.49876403808594
2006-05-04,37.49876403808594
2006-05-05,37.57821273803711
2006-05-08,37.49876403808594
2006-05-09,36.78375244140625
2006-05-10,36.068729400634766
2006-05-11,35.11537170410156
2006-05-12,34.47978973388672
2006-05-15,33.68533706665039
2006-05-16,33.52643585205078
2006-05-17,31.937501907348633
2006-05-18,31.858062744140625
2006-05-19,31.778614044189453
2006-05-22,31.460824966430664
2006-05-23,30.98414421081543
2006-05-24,29.236324310302734
2006-05-25,33.52643585205078
2006-05-26,33.20865249633789
2006-05-30,34.87704849243164
2006-05-31,35.750946044921875
2006-06-01,35.830387115478516
2006-06-02,35.035919189453125
2006-06-05,33.844234466552734
2006-06-06,33.3675422668457
2006-06-07,33.844234466552734
2006-06-08,33.923675537109375
2006-06-09,33.844234466552734
2006-06-12,32.652523040771484
2006-06-13,32.49363708496094
2006-06-14,32.57307815551758
2006-06-15,32.8908576965332
2006-06-16,32.334747314453125
2006-06-19,31.619722366333008
2006-06-20,31.858062744140625
2006-06-21,33.446990966796875
2006-06-22,33.28809356689453
2006-06-23,35.51259994506836
2006-06-26,37.33986282348633
2006-06-27,36.30707550048828
2006-06-28,37.02207946777344
2006-06-29,37.57821273803711
2006-06-30,37.73711395263672
2006-07-03,36.62485885620117
2006-07-05,35.5920524597168
2006-07-06,35.98928451538086
2006-07-07,35.035919189453125
2006-07-10,34.003108978271484
2006-07-11,34.32090377807617
2006-07-12,33.52643585205078
2006-07-13,32.49363708496094
2006-07-14,32.0169563293457
2006-07-17,33.129207611083984
2006-07-18,32.4141845703125
2006-07-19,32.81141662597656
2006-07-20,31.699167251586914
2006-07-21,30.98414421081543
2006-07-24,31.30194091796875
2006-07-25,31.143049240112305
2006-07-26,31.460824966430664
2006-07-27,31.5402774810791
2006-07-28,32.8908576965332
2006-07-31,33.3675422668457
2006-08-01,32.4141845703125
2006-08-02,31.937501907348633
2006-08-03,31.460824966430664
2006-08-04,31.30194091796875
2006-08-07,30.269128799438477
2006-08-08,30.745807647705078
2006-08-09,30.825252532958984
2006-08-10,29.951351165771484
2006-08-11,29.951351165771484
2006-08-14,29.63355255126953
2006-08-15,29.792451858520508
2006-08-16,28.99798583984375
2006-08-17,29.792451858520508
2006-08-18,31.063596725463867
2006-08-21,30.904705047607422
2006-08-22,32.0169563293457
2006-08-23,32.096397399902344
2006-08-24,32.255287170410156
2006-08-25,32.73198699951172
2006-08-28,32.652523040771484
2006-08-29,32.49363708496094
2006-08-30,32.57307815551758
2006-08-31,32.4141845703125
2006-09-01,32.57307815551758
2006-09-05,33.28809356689453
2006-09-06,32.4141845703125
2006-09-07,32.0169563293457
2006-09-08,31.222490310668945
2006-09-11,30.98414421081543
2006-09-12,32.175846099853516
2006-09-13,32.0169563293457
2006-09-14,32.0169563293457
2006-09-15,32.334747314453125
2006-09-18,32.652523040771484
2006-09-19,30.66636085510254
2006-09-20,31.460824966430664
2006-09-21,31.381383895874023
2006-09-22,30.98414421081543
2006-09-25,31.381383895874023
2006-09-26,31.30194091796875
2006-09-27,31.5402774810791
2006-09-28,30.904705047607422
2006-09-29,31.143049240112305
2006-10-02,31.5402774810791
2006-10-03,32.334747314453125
2006-10-04,31.30194091796875
2006-10-05,31.381383895874023
2006-10-06,30.904705047607422
2006-10-09,30.745807647705078
2006-10-10,30.66636085510254
2006-10-11,30.11023712158203
2006-10-12,30.586931228637695
2006-10-13,30.825252532958984
2006-10-16,30.507471084594727
2006-10-17,30.42801856994629
2006-10-18,30.98414421081543
2006-10-19,30.189678192138672
2006-10-20,29.87190818786621
2006-10-23,30.189678192138672
2006-10-24,29.554113388061523
2006-10-25,28.99798583984375
2006-10-26,30.507471084594727
2006-10-27,30.586931228637695
2006-10-30,30.11023712158203
2006-10-31,30.42801856994629
2006-11-01,29.554113388061523
2006-11-02,29.554113388061523
2006-11-03,29.87190818786621
2006-11-06,31.937501907348633
2006-11-07,32.49363708496094
2006-11-08,32.73198699951172
2006-11-09,34.08256530761719
2006-11-10,32.81141662597656
2006-11-13,32.652523040771484
2006-11-14,32.57307815551758
2006-11-15,32.81141662597656
2006-11-16,32.652523040771484
2006-11-17,32.175846099853516
2006-11-20,31.937501907348633
2006-11-21,31.5402774810791
2006-11-22,34.08256530761719
2006-11-24,33.844234466552734
2006-11-27,32.73198699951172
2006-11-28,33.129207611083984
2006-11-29,32.970314025878906
2006-11-30,33.844234466552734
2006-12-01,33.764774322509766
2006-12-04,33.129207611083984
2006-12-05,30.586931228637695
2006-12-06,30.42801856994629
2006-12-07,30.825252532958984
2006-12-08,30.11023712158203
2006-12-11,30.269128799438477
2006-12-12,29.951351165771484
2006-12-13,30.11023712158203
2006-12-14,30.11023712158203
2006-12-15,30.98414421081543
2006-12-18,30.11023712158203
2006-12-19,29.63355255126953
2006-12-20,30.11023712158203
2006-12-21,29.63355255126953
2006-12-22,29.31576919555664
2006-12-26,28.99798583984375
2006-12-27,28.759645462036133
2006-12-28,28.203529357910156
2006-12-29,28.124069213867188
2007-01-03,29.71300506591797
2007-01-04,29.951351165771484
2007-01-05,30.189678192138672
2007-01-08,29.87190818786621
2007-01-09,29.474674224853516
2007-01-10,31.619722366333008
2007-01-11,30.98414421081543
2007-01-12,32.57307815551758
2007-01-16,32.970314025878906
2007-01-17,30.66636085510254
2007-01-18,32.175846099853516
2007-01-19,31.460824966430664
2007-01-22,30.586931228637695
2007-01-23,30.030790328979492
2007-01-24,29.792451858520508
2007-01-25,29.63355255126953
2007-01-26,29.71300506591797
2007-01-29,29.395217895507812
2007-01-30,29.474674224853516
2007-01-31,29.31576919555664
2007-02-01,29.395217895507812
2007-02-02,29.236324310302734
2007-02-05,28.918537139892578
2007-02-06,29.236324310302734
2007-02-07,29.236324310302734
2007-02-08,29.63355255126953
2007-02-09,28.839099884033203
2007-02-12,28.362417221069336
2007-02-13,28.362417221069336
2007-02-14,28.52130889892578
2007-02-15,28.600751876831055
2007-02-16,29.395217895507812
2007-02-20,31.143049240112305
2007-02-21,31.143049240112305
2007-02-22,30.189678192138672
2007-02-23,29.71300506591797
2007-02-26,29.71300506591797
2007-02-27,28.99798583984375
2007-02-28,28.99798583984375
2007-03-01,28.759645462036133
2007-03-02,28.203529357910156
2007-03-05,26.773481369018555
2007-03-06,27.567951202392578
2007-03-07,27.091270446777344
2007-03-08,27.72685432434082
2007-03-09,27.170717239379883
2007-03-12,26.773481369018555
2007-03-13,26.137916564941406
2007-03-14,25.661231994628906
2007-03-15,26.21735382080078
2007-03-16,25.74068260192871
2007-03-19,26.137916564941406
2007-03-20,26.29680633544922
2007-03-21,26.773481369018555
2007-03-22,26.53514289855957
2007-03-23,26.614591598510742
2007-03-26,26.29680633544922
2007-03-27,25.89957046508789
2007-03-28,25.89957046508789
2007-03-29,25.89957046508789
2007-03-30,25.422893524169922
2007-04-02,25.025663375854492
2007-04-03,24.54897689819336
2007-04-04,24.54897689819336
2007-04-05,24.707876205444336
2007-04-09,24.787324905395508
2007-04-10,24.787324905395508
2007-04-11,24.54897689819336
2007-04-12,24.46953582763672
2007-04-13,24.46953582763672
2007-04-16,24.15174674987793
2007-04-17,24.07229995727539
2007-04-18,23.992860794067383
2007-04-19,23.67506980895996
2007-04-20,23.67506980895996
2007-04-23,22.245027542114258
2007-04-24,22.006689071655273
2007-04-25,22.483375549316406
2007-04-26,23.516170501708984
2007-04-27,24.15174674987793
2007-04-30,23.516170501708984
2007-05-01,22.801156997680664
2007-05-02,23.357280731201172
2007-05-03,23.039499282836914
2007-05-04,22.64225959777832
2007-05-07,22.801156997680664
2007-05-08,22.96004295349121
2007-05-09,22.721710205078125
2007-05-10,22.562816619873047
2007-05-11,22.562816619873047
2007-05-14,22.006689071655273
2007-05-15,21.688905715942383
2007-05-16,21.37112045288086
2007-05-17,21.609455108642578
2007-05-18,21.688905715942383
2007-05-21,22.16558265686035
2007-05-22,22.245027542114258
2007-05-23,22.721710205078125
2007-05-24,23.039499282836914
2007-05-25,23.039499282836914
2007-05-29,23.19839096069336
2007-05-30,23.277841567993164
2007-05-31,23.277841567993164
2007-06-01,22.88060188293457
2007-06-04,22.96004295349121
2007-06-05,22.562816619873047
2007-06-06,22.4039249420166
2007-06-07,22.086135864257812
2007-06-08,21.768346786499023
2007-06-11,22.086135864257812
2007-06-12,21.927248001098633
2007-06-13,22.006689071655273
2007-06-14,21.84779930114746
2007-06-15,23.19839096069336
2007-06-18,23.039499282836914
2007-06-19,22.96004295349121
2007-06-20,22.64225959777832
2007-06-21,22.562816619873047
2007-06-22,23.913408279418945
2007-06-25,24.46953582763672
2007-06-26,23.277841567993164
2007-06-27,23.595626831054688
2007-06-28,23.992860794067383
2007-06-29,23.992860794067383
2007-07-02,24.07229995727539
2007-07-03,23.67506980895996
2007-07-05,24.628429412841797
2007-07-06,24.390077590942383
2007-07-09,23.913408279418945
2007-07-10,23.992860794067383
2007-07-11,24.15174674987793
2007-07-12,24.15174674987793
2007-07-13,24.787324905395508
2007-07-16,25.263996124267578
2007-07-17,25.184553146362305
2007-07-18,25.74068260192871
2007-07-19,25.343442916870117
2007-07-20,24.787324905395508
2007-07-23,25.502342224121094
2007-07-24,24.787324905395508
2007-07-25,24.54897689819336
2007-07-26,23.11894989013672
2007-07-27,22.96004295349121
2007-07-30,23.595626831054688
2007-07-31,23.913408279418945
2007-08-01,23.67506980895996
2007-08-02,23.7545108795166
2007-08-03,23.039499282836914
2007-08-06,23.11894989013672
2007-08-07,23.913408279418945
2007-08-08,24.390077590942383
2007-08-09,23.83396339416504
2007-08-10,23.67506980895996
2007-08-13,22.88060188293457
2007-08-14,23.039499282836914
2007-08-15,22.88060188293457
2007-08-16,21.530012130737305
2007-08-17,22.245027542114258
2007-08-20,22.16558265686035
2007-08-21,22.006689071655273
2007-08-22,22.006689071655273
2007-08-23,22.006689071655273
2007-08-24,22.562816619873047
2007-08-27,22.16558265686035
2007-08-28,22.16558265686035
2007-08-29,22.562816619873047
2007-08-30,23.19839096069336
2007-08-31,23.595626831054688
2007-09-04,23.913408279418945
2007-09-05,24.94620704650879
2007-09-06,25.502342224121094
2007-09-07,25.105106353759766
2007-09-10,25.105106353759766
2007-09-11,26.29680633544922
2007-09-12,27.170717239379883
2007-09-13,27.409061431884766
2007-09-14,27.965171813964844
2007-09-17,27.488508224487305
2007-09-18,27.80628776550293
2007-09-19,26.614591598510742
2007-09-20,26.773481369018555
2007-09-21,26.694034576416016
2007-09-24,26.21735382080078
2007-09-25,26.05846405029297
2007-09-26,27.170717239379883
2007-09-27,27.170717239379883
2007-09-28,27.72685432434082
2007-10-01,27.72685432434082
2007-10-02,27.64738655090332
2007-10-03,27.488508224487305
2007-10-04,27.011831283569336
2007-10-05,27.409061431884766
2007-10-08,27.409061431884766
2007-10-09,28.441862106323242
2007-10-10,29.31576919555664
2007-10-11,28.362417221069336
2007-10-12,28.124069213867188
2007-10-15,28.839099884033203
2007-10-16,28.600751876831055
2007-10-17,29.077428817749023
2007-10-18,29.077428817749023
2007-10-19,28.203529357910156
2007-10-22,28.99798583984375
2007-10-23,28.99798583984375
2007-10-24,28.839099884033203
2007-10-25,28.52130889892578
2007-10-26,28.441862106323242
2007-10-29,28.680192947387695
2007-10-30,26.137916564941406
2007-10-31,26.694034576416016
2007-11-01,24.787324905395508
2007-11-02,26.05846405029297
2007-11-05,26.614591598510742
2007-11-06,27.885730743408203
2007-11-07,27.80628776550293
2007-11-08,27.409061431884766
2007-11-09,27.567951202392578
2007-11-12,27.091270446777344
2007-11-13,28.839099884033203
2007-11-14,27.885730743408203
2007-11-15,28.044631958007812
2007-11-16,27.965171813964844
2007-11-19,27.885730743408203
2007-11-20,27.64738655090332
2007-11-21,27.72685432434082
2007-11-23,27.488508224487305
2007-11-26,27.80628776550293
2007-11-27,28.2829647064209
2007-11-28,28.044631958007812
2007-11-29,27.965171813964844
2007-11-30,30.42801856994629
2007-12-03,29.792451858520508
2007-12-04,28.918537139892578
2007-12-05,28.839099884033203
2007-12-06,28.680192947387695
2007-12-07,28.680192947387695
2007-12-10,28.441862106323242
2007-12-11,27.80628776550293
2007-12-12,26.137916564941406
2007-12-13,27.091270446777344
2007-12-14,26.29680633544922
2007-12-17,25.025663375854492
2007-12-18,25.581790924072266
2007-12-19,25.82012367248535
2007-12-20,25.74068260192871
2007-12-21,25.263996124267578
2007-12-24,25.581790924072266
2007-12-26,25.661231994628906
2007-12-27,24.94620704650879
2007-12-28,24.31064224243164
2007-12-31,24.07229995727539
2008-01-02,24.231191635131836
2008-01-03,25.025663375854492
2008-01-04,24.787324905395508
2008-01-07,23.357280731201172
2008-01-08,23.67506980895996
2008-01-09,22.64225959777832
2008-01-10,22.96004295349121
2008-01-11,23.277841567993164
2008-01-14,22.64225959777832
2008-01-15,22.562816619873047
2008-01-16,21.84779930114746
2008-01-17,21.37112045288086
2008-01-18,22.483375549316406
2008-01-22,21.053325653076172
2008-01-23,22.562816619873047
2008-01-24,23.436729431152344
2008-01-25,22.96004295349121
2008-01-28,24.46953582763672
2008-01-29,24.628429412841797
2008-01-30,24.31064224243164
2008-01-31,25.422893524169922
2008-02-01,26.29680633544922
2008-02-04,25.979021072387695
2008-02-05,24.787324905395508
2008-02-06,24.866764068603516
2008-02-07,24.866764068603516
2008-02-08,25.343442916870117
2008-02-11,24.94620704650879
2008-02-12,24.628429412841797
2008-02-13,25.263996124267578
2008-02-14,25.343442916870117
2008-02-15,25.661231994628906
2008-02-19,24.628429412841797
2008-02-20,23.83396339416504
2008-02-21,23.19839096069336
2008-02-22,23.19839096069336
2008-02-25,24.15174674987793
2008-02-26,24.231191635131836
2008-02-27,23.357280731201172
2008-02-28,23.277841567993164
2008-02-29,22.562816619873047
2008-03-03,22.006689071655273
2008-03-04,22.245027542114258
2008-03-05,22.562816619873047
2008-03-06,21.768346786499023
2008-03-07,21.688905715942383
2008-03-10,21.132781982421875
2008-03-11,21.84779930114746
2008-03-12,22.88060188293457
2008-03-13,22.562816619873047
2008-03-14,21.688905715942383
2008-03-17,21.37112045288086
2008-03-18,21.688905715942383
2008-03-19,22.16558265686035
2008-03-20,23.039499282836914
2008-03-24,25.025663375854492
2008-03-25,24.54897689819336
2008-03-26,23.992860794067383
2008-03-27,22.483375549316406
2008-03-28,22.245027542114258
2008-03-31,22.721710205078125
2008-04-01,22.96004295349121
2008-04-02,22.562816619873047
2008-04-03,22.16558265686035
2008-04-04,22.16558265686035
2008-04-07,21.768346786499023
2008-04-08,21.37112045288086
2008-04-09,20.735546112060547
2008-04-10,20.25887107849121
2008-04-11,19.702743530273438
2008-04-14,19.384950637817383
2008-04-15,19.14661407470703
2008-04-16,19.464399337768555
2008-04-17,19.226064682006836
2008-04-18,19.702743530273438
2008-04-21,19.464399337768555
2008-04-22,20.49720573425293
2008-04-23,21.053325653076172
2008-04-24,21.688905715942383
2008-04-25,21.37112045288086
2008-04-28,21.37112045288086
2008-04-29,21.450563430786133
2008-04-30,20.417766571044922
2008-05-01,21.37112045288086
2008-05-02,21.450563430786133
2008-05-05,21.212230682373047
2008-05-06,22.16558265686035
2008-05-07,22.245027542114258
2008-05-08,22.483375549316406
2008-05-09,21.688905715942383
2008-05-12,22.801156997680664
2008-05-13,22.483375549316406
2008-05-14,22.32447052001953
2008-05-15,22.245027542114258
2008-05-16,21.609455108642578
2008-05-19,21.212230682373047
2008-05-20,20.81499481201172
2008-05-21,20.49720573425293
2008-05-22,20.89443588256836
2008-05-23,20.57665252685547
2008-05-27,20.656099319458008
2008-05-28,20.33831214904785
2008-05-29,20.57665252685547
2008-05-30,20.02052879333496
2008-06-02,20.179420471191406
2008-06-03,20.417766571044922
2008-06-04,21.132781982421875
2008-06-05,21.450563430786133
2008-06-06,20.417766571044922
2008-06-09,20.417766571044922
2008-06-10,20.25887107849121
2008-06-11,19.464399337768555
2008-06-12,19.06716537475586
2008-06-13,20.179420471191406
2008-06-16,20.81499481201172
2008-06-17,19.86163330078125
2008-06-18,19.30550765991211
2008-06-19,16.922117233276367
2008-06-20,15.809861183166504
2008-06-23,15.33318042755127
2008-06-24,14.777056694030762
2008-06-25,15.33318042755127
2008-06-26,14.538714408874512
2008-06-27,16.68377113342285
2008-06-30,15.253735542297363
2008-07-01,15.492072105407715
2008-07-02,15.174287796020508
2008-07-03,15.253735542297363
2008-07-07,15.730412483215332
2008-07-08,15.889307022094727
2008-07-09,15.889307022094727
2008-07-10,16.922117233276367
2008-07-11,16.922117233276367
2008-07-14,16.36599349975586
2008-07-15,16.048198699951172
2008-07-16,16.4454288482666
2008-07-17,16.68377113342285
2008-07-18,18.11380958557129
2008-07-21,19.226064682006836
2008-07-22,18.908275604248047
2008-07-23,21.291667938232422
2008-07-24,19.226064682006836
2008-07-25,17.875473022460938
2008-07-28,14.935954093933105
2008-07-29,12.552553176879883
2008-07-30,13.10867691040039
2008-07-31,12.711446762084961
2008-08-01,11.59919548034668
2008-08-04,11.043067932128906
2008-08-05,11.281408309936523
2008-08-06,11.519749641418457
2008-08-07,11.122513771057129
2008-08-08,10.486944198608398
2008-08-11,11.678640365600586
2008-08-12,10.884173393249512
2008-08-13,10.963624000549316
2008-08-14,11.360855102539062
2008-08-15,11.83753490447998
2008-08-18,11.122513771057129
2008-08-19,11.678640365600586
2008-08-20,11.281408309936523
2008-08-21,11.043067932128906
2008-08-22,11.043067932128906
2008-08-25,10.566390991210938
2008-08-26,10.40749740600586
2008-08-27,10.566390991210938
2008-08-28,10.804727554321289
2008-08-29,10.566390991210938
2008-09-02,10.566390991210938
2008-09-03,10.40749740600586
2008-09-04,10.01026439666748
2008-09-05,10.328049659729004
2008-09-08,10.01026439666748
2008-09-09,9.056904792785645
2008-09-10,7.785762310028076
2008-09-11,7.309081077575684
2008-09-12,7.547419548034668
2008-09-15,6.752957820892334
2008-09-16,6.991292953491211
2008-09-17,7.467977046966553
2008-09-18,7.547419548034668
2008-09-19,7.944653511047363
2008-09-22,7.070741176605225
2008-09-23,6.752957820892334
2008-09-24,6.832402229309082
2008-09-25,6.832402229309082
2008-09-26,6.037936687469482
2008-09-29,4.925685882568359
2008-09-30,4.528452396392822
2008-10-01,5.164024829864502
2008-10-02,4.766791343688965
2008-10-03,4.607897758483887
2008-10-06,3.9723267555236816
2008-10-07,3.813433885574341
2008-10-08,3.654540538787842
2008-10-09,3.1778616905212402
2008-10-10,3.416201114654541
2008-10-13,4.0517730712890625
2008-10-14,3.813433885574341
2008-10-15,3.336754322052002
2008-10-16,3.0984156131744385
2008-10-17,3.018968343734741
2008-10-20,3.0984156131744385
2008-10-21,2.8600752353668213
2008-10-22,2.4628429412841797
2008-10-23,1.9861633777618408
2008-10-24,2.3039488792419434
2008-10-27,3.018968343734741
2008-10-28,2.8600752353668213
2008-10-29,3.018968343734741
2008-10-30,2.7806284427642822
2008-10-31,2.7011818885803223
2008-11-03,2.4628429412841797
2008-11-04,2.5422890186309814
2008-11-05,2.0656094551086426
2008-11-06,2.0656094551086426
2008-11-07,2.0656094551086426
2008-11-10,2.1450564861297607
2008-11-11,1.9861633777618408
2008-11-12,1.9861633777618408
2008-11-13,2.1450564861297607
2008-11-14,2.0656094551086426
2008-11-17,1.827270269393921
2008-11-18,1.5889308452606201
2008-11-19,1.2711445093154907
2008-11-20,1.11225163936615
2008-11-21,1.11225163936615
2008-11-24,1.2711445093154907
2008-11-25,1.1916978359222412
2008-11-26,1.4300376176834106
2008-11-28,1.5889308452606201
2008-12-01,1.3505909442901611
2008-12-02,1.4300376176834106
2008-12-03,1.3505909442901611
2008-12-04,1.2711445093154907
2008-12-05,1.1916978359222412
2008-12-08,1.1916978359222412
2008-12-09,1.1916978359222412
2008-12-10,1.2711445093154907
2008-12-11,1.1916978359222412
2008-12-12,1.11225163936615
2008-12-15,1.11225163936615
2008-12-16,1.1916978359222412
2008-12-17,1.0328047275543213
2008-12-18,1.11225163936615
2008-12-19,0.9533584713935852
2008-12-22,0.9533584713935852
2008-12-23,0.9533584713935852
2008-12-24,0.9533584713935852
2008-12-26,1.0328047275543213
2008-12-29,1.0328047275543213
2008-12-30,0.9533584713935852
2008-12-31,0.9533584713935852
2009-01-02,0.9533584713935852
2009-01-05,1.0328047275543213
2009-01-06,1.11225163936615
2009-01-07,1.11225163936615
2009-01-08,1.0328047275543213
2009-01-09,1.11225163936615
2009-01-12,1.0328047275543213
2009-01-13,1.0328047275543213
2009-01-14,0.9533584713935852
2009-01-15,0.9533584713935852
2009-01-16,0.8739116191864014
2009-01-20,0.8739116191864014
2009-01-21,0.8739116191864014
2009-01-22,0.8739116191864014
2009-01-23,0.8739116191864014
2009-01-26,0.8739116191864014
2009-01-27,0.8739116191864014
2009-01-28,0.9533584713935852
2009-01-29,0.8739116191864014
2009-01-30,0.9533584713935852
2009-02-02,1.0328047275543213
2009-02-03,1.11225163936615
2009-02-04,1.11225163936615
2009-02-05,1.3505909442901611
2009-02-06,1.0328047275543213
2009-02-09,0.8739116191864014
2009-02-10,0.8739116191864014
2009-02-11,0.4766792356967926
2009-02-12,0.556125819683075
2009-02-13,0.7944654226303101
2009-02-17,1.2711445093154907
2009-02-18,1.1916978359222412
2009-02-19,1.0328047275543213
2009-02-20,1.0328047275543213
2009-02-23,1.0328047275543213
2009-02-24,1.11225163936615
2009-02-25,1.11225163936615
2009-02-26,1.0328047275543213
2009-02-27,1.2711445093154907
2009-03-02,1.11225163936615
2009-03-03,1.0328047275543213
2009-03-04,1.11225163936615
2009-03-05,1.0328047275543213
2009-03-06,1.1916978359222412
2009-03-09,1.1916978359222412
2009-03-10,1.1916978359222412
2009-03-11,1.2711445093154907
2009-03-12,1.5094841718673706
2009-03-13,1.5889308452606201
2009-03-16,1.9067169427871704
2009-03-17,2.7011818885803223
2009-03-18,2.939521312713623
2009-03-19,2.6217360496520996
2009-03-20,2.4628429412841797
2009-03-23,2.6217360496520996
2009-03-24,2.8600752353668213
2009-03-25,2.8600752353668213
2009-03-26,3.0984156131744385
2009-03-27,2.939521312713623
2009-03-30,2.7806284427642822
2009-03-31,2.7806284427642822
2009-04-01,2.7806284427642822
2009-04-02,2.8600752353668213
2009-04-03,2.7806284427642822
2009-04-06,2.8600752353668213
2009-04-07,2.7011818885803223
2009-04-08,2.6217360496520996
2009-04-09,2.7806284427642822
2009-04-13,2.8600752353668213
2009-04-14,2.7806284427642822
2009-04-15,3.018968343734741
2009-04-16,3.257308006286621
2009-04-17,3.9723267555236816
2009-04-20,3.892881155014038
2009-04-21,3.257308006286621
2009-04-22,3.416201114654541
2009-04-23,3.257308006286621
2009-04-24,3.416201114654541
2009-04-27,3.257308006286621
2009-04-28,3.0984156131744385
2009-04-29,3.1778616905212402
2009-04-30,3.0984156131744385
2009-05-01,3.0984156131744385
2009-05-04,3.1778616905212402
2009-05-05,3.7339885234832764
2009-05-06,4.210667133331299
2009-05-07,3.416201114654541
2009-05-08,3.257308006286621
2009-05-11,3.1778616905212402
2009-05-12,3.1778616905212402
2009-05-13,2.939521312713623
2009-05-14,2.8600752353668213
2009-05-15,2.7806284427642822
2009-05-18,2.7011818885803223
2009-05-19,2.939521312713623
2009-05-20,2.8600752353668213
2009-05-21,2.7806284427642822
2009-05-22,2.7806284427642822
2009-05-26,2.7806284427642822
2009-05-27,2.7806284427642822
2009-05-28,2.5422890186309814
2009-05-29,2.7806284427642822
2009-06-01,2.7806284427642822
2009-06-02,2.7011818885803223
2009-06-03,2.6217360496520996
2009-06-04,2.7806284427642822
2009-06-05,2.7011818885803223
2009-06-08,2.7806284427642822
2009-06-09,2.7806284427642822
2009-06-10,2.7011818885803223
2009-06-11,2.7011818885803223
2009-06-12,2.7806284427642822
2009-06-15,2.6217360496520996
2009-06-16,2.5422890186309814
2009-06-17,3.1778616905212402
2009-06-18,2.7011818885803223
2009-06-19,2.7011818885803223
2009-06-22,2.7806284427642822
2009-06-23,2.939521312713623
2009-06-24,3.1778616905212402
2009-06-25,3.654540538787842
2009-06-26,2.8600752353668213
2009-06-29,3.336754322052002
2009-06-30,3.416201114654541
2009-07-01,3.654540538787842
2009-07-02,3.575093984603882
2009-07-06,3.4956464767456055
2009-07-07,3.336754322052002
2009-07-08,3.1778616905212402
2009-07-09,3.0984156131744385
2009-07-10,2.939521312713623
2009-07-13,3.018968343734741
2009-07-14,3.018968343734741
2009-07-15,3.1778616905212402
2009-07-16,3.257308006286621
2009-07-17,3.0984156131744385
2009-07-20,3.1778616905212402
2009-07-21,2.939521312713623
2009-07-22,3.0984156131744385
2009-07-23,3.336754322052002
2009-07-24,3.257308006286621
2009-07-27,3.336754322052002
2009-07-28,3.416201114654541
2009-07-29,3.416201114654541
2009-07-30,3.336754322052002
2009-07-31,3.575093984603882
2009-08-03,3.813433885574341
2009-08-04,4.2901129722595215
2009-08-05,4.2901129722595215
2009-08-06,4.210667133331299
2009-08-07,3.892881155014038
2009-08-10,4.210667133331299
2009-08-11,3.9723267555236816
2009-08-12,4.0517730712890625
2009-08-13,4.2901129722595215
2009-08-14,4.528452396392822
2009-08-17,4.2901129722595215
2009-08-18,4.528452396392822
2009-08-19,4.766791343688965
2009-08-20,5.4023637771606445
2009-08-21,5.5612568855285645
2009-08-24,5.79959774017334
2009-08-25,5.5612568855285645
2009-08-26,5.243472099304199
2009-08-27,5.481812000274658
2009-08-28,5.481812000274658
2009-08-31,5.3229169845581055
2009-09-01,5.243472099304199
2009-09-02,4.846237659454346
2009-09-03,4.925685882568359
2009-09-04,5.164024829864502
2009-09-08,5.243472099304199
2009-09-09,5.481812000274658
2009-09-10,5.4023637771606445
2009-09-11,5.243472099304199
2009-09-14,5.164024829864502
2009-09-15,5.3229169845581055
2009-09-16,5.5612568855285645
2009-09-17,5.481812000274658
2009-09-18,5.4023637771606445
2009-09-21,5.243472099304199
2009-09-22,5.4023637771606445
2009-09-23,5.4023637771606445
2009-09-24,5.084578037261963
2009-09-25,5.00513219833374
2009-09-28,4.766791343688965
2009-09-29,4.925685882568359
2009-09-30,5.084578037261963
2009-10-01,4.766791343688965
2009-10-02,4.766791343688965
2009-10-05,4.766791343688965
2009-10-06,4.607897758483887
2009-10-07,4.369558811187744
2009-10-08,4.4490065574646
2009-10-09,4.369558811187744
2009-10-12,4.4490065574646
2009-10-13,4.4490065574646
2009-10-14,4.607897758483887
2009-10-15,4.607897758483887
2009-10-16,4.687345504760742
2009-10-19,4.925685882568359
2009-10-20,5.00513219833374
2009-10-21,4.846237659454346
2009-10-22,4.846237659454346
2009-10-23,4.687345504760742
2009-10-26,4.687345504760742
2009-10-27,4.687345504760742
2009-10-28,4.528452396392822
2009-10-29,4.607897758483887
2009-10-30,4.687345504760742
2009-11-02,4.687345504760742
2009-11-03,4.766791343688965
2009-11-04,4.846237659454346
2009-11-05,5.084578037261963
2009-11-06,5.00513219833374
2009-11-09,5.00513219833374
2009-11-10,4.925685882568359
2009-11-11,5.00513219833374
2009-11-12,5.243472099304199
2009-11-13,5.3229169845581055
2009-11-16,5.243472099304199
2009-11-17,5.164024829864502
2009-11-18,5.084578037261963
2009-11-19,5.00513219833374
2009-11-20,5.00513219833374
2009-11-23,5.00513219833374
2009-11-24,5.00513219833374
2009-11-25,5.00513219833374
2009-11-27,5.00513219833374
2009-11-30,5.00513219833374
2009-12-01,5.084578037261963
2009-12-02,5.084578037261963
2009-12-03,5.00513219833374
2009-12-04,5.00513219833374
2009-12-07,5.00513219833374
2009-12-08,5.00513219833374
2009-12-09,4.925685882568359
2009-12-10,4.846237659454346
2009-12-11,4.846237659454346
2009-12-14,4.846237659454346
2009-12-15,4.925685882568359
2009-12-16,4.925685882568359
2009-12-17,4.766791343688965
2009-12-18,4.766791343688965
2009-12-21,4.528452396392822
2009-12-22,4.528452396392822
2009-12-23,4.607897758483887
2009-12-24,4.687345504760742
2009-12-28,4.766791343688965
2009-12-29,4.687345504760742
2009-12-30,4.607897758483887
2009-12-31,4.766791343688965
2010-01-04,5.164024829864502
2010-01-05,5.481812000274658
2010-01-06,5.481812000274658
2010-01-07,5.3229169845581055
2010-01-08,5.3229169845581055
2010-01-11,5.481812000274658
2010-01-12,5.4023637771606445
2010-01-13,5.3229169845581055
2010-01-14,5.4023637771606445
2010-01-15,5.3229169845581055
2010-01-19,5.3229169845581055
2010-01-20,5.79959774017334
2010-01-21,5.5612568855285645
2010-01-22,5.481812000274658
2010-01-25,5.4023637771606445
2010-01-26,5.640704154968262
2010-01-27,5.879042625427246
2010-01-28,6.514616012573242
2010-01-29,6.673508644104004
2010-02-01,6.991292953491211
2010-02-02,7.2296342849731445
2010-02-03,6.832402229309082
2010-02-04,6.752957820892334
2010-02-05,6.832402229309082
2010-02-08,6.673508644104004
2010-02-09,6.832402229309082
2010-02-10,6.752957820892334
2010-02-11,6.991292953491211
2010-02-12,7.070741176605225
2010-02-16,7.626867771148682
2010-02-17,8.341885566711426
2010-02-18,8.977458000183105
2010-02-19,8.580225944519043
2010-02-22,8.659673690795898
2010-02-23,8.8980131149292
2010-02-24,8.739117622375488
2010-02-25,8.500777244567871
2010-02-26,8.103546142578125
2010-03-01,7.070741176605225
2010-03-02,7.070741176605225
2010-03-03,7.547419548034668
2010-03-04,7.388528347015381
2010-03-05,7.467977046966553
2010-03-08,7.150187969207764
2010-03-09,7.2296342849731445
2010-03-10,7.388528347015381
2010-03-11,7.2296342849731445
2010-03-12,7.2296342849731445
2010-03-15,7.309081077575684
2010-03-16,7.2296342849731445
2010-03-17,7.070741176605225
2010-03-18,6.832402229309082
2010-03-19,6.594061374664307
2010-03-22,6.832402229309082
2010-03-23,6.91184663772583
2010-03-24,6.991292953491211
2010-03-25,6.91184663772583
2010-03-26,6.832402229309082
2010-03-29,6.673508644104004
2010-03-30,6.673508644104004
2010-03-31,6.91184663772583
2010-04-01,6.673508644104004
2010-04-05,6.832402229309082
2010-04-06,6.91184663772583
2010-04-07,7.547419548034668
2010-04-08,7.785762310028076
2010-04-09,7.865206241607666
2010-04-12,7.706313133239746
2010-04-13,7.626867771148682
2010-04-14,8.500777244567871
2010-04-15,8.818564414978027
2010-04-16,8.580225944519043
2010-04-19,8.580225944519043
2010-04-20,8.977458000183105
2010-04-21,8.739117622375488
2010-04-22,8.659673690795898
2010-04-23,8.8980131149292
2010-04-26,9.53358268737793
2010-04-27,9.136350631713867
2010-04-28,9.215795516967773
2010-04-29,9.53358268737793
2010-04-30,9.374691009521484
2010-05-03,9.771925926208496
2010-05-04,9.374691009521484
2010-05-05,8.8980131149292
2010-05-06,8.103546142578125
2010-05-07,8.024099349975586
2010-05-10,8.580225944519043
2010-05-11,8.341885566711426
2010-05-12,8.500777244567871
2010-05-13,8.421334266662598
2010-05-14,8.500777244567871
2010-05-17,8.659673690795898
2010-05-18,8.659673690795898
2010-05-19,8.341885566711426
2010-05-20,7.706313133239746
2010-05-21,8.18299674987793
2010-05-24,8.024099349975586
2010-05-25,7.865206241607666
2010-05-26,6.991292953491211
2010-05-27,7.944653511047363
2010-05-28,8.18299674987793
2010-06-01,8.024099349975586
2010-06-02,7.944653511047363
2010-06-03,8.024099349975586
2010-06-04,7.785762310028076
2010-06-07,7.706313133239746
2010-06-08,7.547419548034668
2010-06-09,7.626867771148682
2010-06-10,8.024099349975586
2010-06-11,8.024099349975586
2010-06-14,7.944653511047363
2010-06-15,8.024099349975586
2010-06-16,8.024099349975586
2010-06-17,8.26243782043457
2010-06-18,8.26243782043457
2010-06-21,8.580225944519043
2010-06-22,8.500777244567871
2010-06-23,8.421334266662598
2010-06-24,8.500777244567871
2010-06-25,8.659673690795898
2010-06-28,8.341885566711426
2010-06-29,7.626867771148682
2010-06-30,7.547419548034668
2010-07-01,7.388528347015381
2010-07-02,7.626867771148682
2010-07-06,7.467977046966553
2010-07-07,7.944653511047363
2010-07-08,8.024099349975586
2010-07-09,7.944653511047363
2010-07-12,7.626867771148682
2010-07-13,7.706313133239746
2010-07-14,7.706313133239746
2010-07-15,7.706313133239746
2010-07-16,7.547419548034668
2010-07-19,7.309081077575684
2010-07-20,7.706313133239746
2010-07-21,7.547419548034668
2010-07-22,7.547419548034668
2010-07-23,7.785762310028076
2010-07-26,8.103546142578125
2010-07-27,8.103546142578125
2010-07-28,7.944653511047363
2010-07-29,7.865206241607666
2010-07-30,8.18299674987793
2010-08-02,8.341885566711426
2010-08-03,8.024099349975586
2010-08-04,8.421334266662598
2010-08-05,8.421334266662598
2010-08-06,8.341885566711426
2010-08-09,8.26243782043457
2010-08-10,8.103546142578125
2010-08-11,7.785762310028076
2010-08-12,8.024099349975586
2010-08-13,7.944653511047363
2010-08-16,7.944653511047363
2010-08-17,7.944653511047363
2010-08-18,7.865206241607666
2010-08-19,7.865206241607666
2010-08-20,7.706313133239746
2010-08-23,7.865206241607666
2010-08-24,7.626867771148682
2010-08-25,7.865206241607666
2010-08-26,7.626867771148682
2010-08-27,7.865206241607666
2010-08-30,7.626867771148682
2010-08-31,7.626867771148682
2010-09-01,7.865206241607666
2010-09-02,7.865206241607666
2010-09-03,8.024099349975586
2010-09-07,8.024099349975586
2010-09-08,8.341885566711426
2010-09-09,8.341885566711426
2010-09-10,8.341885566711426
2010-09-13,8.421334266662598
2010-09-14,8.341885566711426
2010-09-15,8.818564414978027
2010-09-16,8.739117622375488
2010-09-17,8.977458000183105
2010-09-20,9.374691009521484
2010-09-21,9.215795516967773
2010-09-22,8.8980131149292
2010-09-23,9.215795516967773
2010-09-24,9.374691009521484
2010-09-27,9.215795516967773
2010-09-28,9.374691009521484
2010-09-29,9.374691009521484
2010-09-30,9.53358268737793
2010-10-01,9.851371765136719
2010-10-04,10.089710235595703
2010-10-05,10.169156074523926
2010-10-06,10.089710235595703
2010-10-07,10.248602867126465
2010-10-08,10.248602867126465
2010-10-11,10.645833969116211
2010-10-12,10.725281715393066
2010-10-13,11.122513771057129
2010-10-14,11.122513771057129
2010-10-15,10.963624000549316
2010-10-18,10.963624000549316
2010-10-19,10.645833969116211
2010-10-20,10.725281715393066
2010-10-21,10.328049659729004
2010-10-22,10.40749740600586
2010-10-25,10.725281715393066
2010-10-26,11.043067932128906
2010-10-27,11.122513771057129
2010-10-28,11.360855102539062
2010-10-29,11.91698169708252
2010-11-01,12.23476791381836
2010-11-02,12.473103523254395
2010-11-03,12.473103523254395
2010-11-04,11.678640365600586
2010-11-05,12.15532112121582
2010-11-08,12.314214706420898
2010-11-09,11.83753490447998
2010-11-10,11.59919548034668
2010-11-11,11.440300941467285
2010-11-12,11.281408309936523
2010-11-15,11.043067932128906
2010-11-16,10.884173393249512
2010-11-17,10.725281715393066
2010-11-18,11.122513771057129
2010-11-19,11.122513771057129
2010-11-22,11.043067932128906
2010-11-23,10.884173393249512
2010-11-24,10.963624000549316
2010-11-26,11.122513771057129
2010-11-29,11.122513771057129
2010-11-30,10.884173393249512
2010-12-01,11.043067932128906
2010-12-02,11.043067932128906
2010-12-03,10.884173393249512
2010-12-06,10.963624000549316
2010-12-07,10.804727554321289
2010-12-08,10.486944198608398
2010-12-09,11.043067932128906
2010-12-10,11.122513771057129
2010-12-13,10.963624000549316
2010-12-14,11.043067932128906
2010-12-15,11.043067932128906
2010-12-16,11.043067932128906
2010-12-17,11.122513771057129
2010-12-20,11.2019624710083
2010-12-21,11.758085250854492
2010-12-22,12.711446762084961
2010-12-23,12.790895462036133
2010-12-27,12.314214706420898
2010-12-28,12.949785232543945
2010-12-29,13.10867691040039
2010-12-30,12.949785232543945
2010-12-31,12.949785232543945
2011-01-03,13.426464080810547
2011-01-04,13.267571449279785
2011-01-05,13.10867691040039
2011-01-06,13.029232025146484
2011-01-07,12.790895462036133
2011-01-10,12.552553176879883
2011-01-11,12.473103523254395
2011-01-12,12.393662452697754
2011-01-13,12.15532112121582
2011-01-14,12.393662452697754
2011-01-18,12.473103523254395
2011-01-19,12.23476791381836
2011-01-20,12.075873374938965
2011-01-21,12.314214706420898
2011-01-24,12.552553176879883
2011-01-25,12.552553176879883
2011-01-26,12.711446762084961
2011-01-27,12.870341300964355
2011-01-28,12.870341300964355
2011-01-31,12.870341300964355
2011-02-01,12.949785232543945
2011-02-02,13.664804458618164
2011-02-03,14.062034606933594
2011-02-04,13.903143882751465
2011-02-07,14.220931053161621
2011-02-08,14.14148235321045
2011-02-09,14.062034606933594
2011-02-10,14.062034606933594
2011-02-11,14.618162155151367
2011-02-14,14.538714408874512
2011-02-15,13.426464080810547
2011-02-16,14.379822731018066
2011-02-17,14.379822731018066
2011-02-18,14.379822731018066
2011-02-22,13.664804458618164
2011-02-23,13.347017288208008
2011-02-24,13.585358619689941
2011-02-25,14.062034606933594
2011-02-28,14.379822731018066
2011-03-01,13.903143882751465
2011-03-02,14.14148235321045
2011-03-03,14.459268569946289
2011-03-04,14.379822731018066
2011-03-07,13.82369327545166
2011-03-08,13.982585906982422
2011-03-09,14.300375938415527
2011-03-10,14.062034606933594
2011-03-11,14.220931053161621
2011-03-14,14.062034606933594
2011-03-15,13.903143882751465
2011-03-16,13.744254112243652
2011-03-17,13.744254112243652
2011-03-18,13.585358619689941
2011-03-21,13.664804458618164
2011-03-22,13.585358619689941
2011-03-23,13.267571449279785
2011-03-24,13.505915641784668
2011-03-25,13.664804458618164
2011-03-28,13.664804458618164
2011-03-29,13.744254112243652
2011-03-30,13.664804458618164
2011-03-31,13.10867691040039
2011-04-01,13.10867691040039
2011-04-04,13.505915641784668
2011-04-05,14.14148235321045
2011-04-06,14.618162155151367
2011-04-07,13.982585906982422
2011-04-08,13.982585906982422
2011-04-11,14.14148235321045
2011-04-12,14.379822731018066
2011-04-13,14.618162155151367
2011-04-14,14.379822731018066
2011-04-15,14.618162155151367
2011-04-18,14.300375938415527
2011-04-19,14.538714408874512
2011-04-20,14.856502532958984
2011-04-21,15.33318042755127
2011-04-25,15.571524620056152
2011-04-26,15.650970458984375
2011-04-27,15.730412483215332
2011-04-28,15.730412483215332
2011-04-29,15.809861183166504
2011-05-02,15.174287796020508
2011-05-03,16.4454288482666
2011-05-04,16.922117233276367
2011-05-05,16.842668533325195
2011-05-06,17.637128829956055
2011-05-09,17.39879608154297
2011-05-10,18.669931411743164
2011-05-11,18.35215187072754
2011-05-12,18.11380958557129
2011-05-13,17.7960262298584
2011-05-16,17.319347381591797
2011-05-17,17.001554489135742
2011-05-18,17.319347381591797
2011-05-19,17.71657943725586
2011-05-20,17.637128829956055
2011-05-23,17.478235244750977
2011-05-24,18.034364700317383
2011-05-25,18.51103973388672
2011-05-26,18.590486526489258
2011-05-27,18.82883071899414
2011-05-31,18.669931411743164
2011-06-01,18.034364700317383
2011-06-02,17.7960262298584
2011-06-03,17.319347381591797
2011-06-06,16.922117233276367
2011-06-07,17.08100700378418
2011-06-08,16.127643585205078
2011-06-09,16.52487564086914
2011-06-10,15.889307022094727
2011-06-13,15.174287796020508
2011-06-14,15.571524620056152
2011-06-15,15.492072105407715
2011-06-16,15.412626266479492
2011-06-17,15.253735542297363
2011-06-20,15.253735542297363
2011-06-21,15.889307022094727
2011-06-22,16.20709228515625
2011-06-23,16.20709228515625
2011-06-24,15.730412483215332
2011-06-27,15.889307022094727
2011-06-28,16.20709228515625
2011-06-29,16.68377113342285
2011-06-30,17.39879608154297
2011-07-01,17.39879608154297
2011-07-05,17.319347381591797
2011-07-06,17.160451889038086
2011-07-07,17.637128829956055
2011-07-08,17.637128829956055
2011-07-11,17.55768585205078
2011-07-12,17.39879608154297
2011-07-13,17.875473022460938
2011-07-14,17.875473022460938
2011-07-15,18.51103973388672
2011-07-18,17.7960262298584
2011-07-19,17.55768585205078
2011-07-20,17.319347381591797
2011-07-21,17.478235244750977
2011-07-22,17.160451889038086
2011-07-25,17.001554489135742
2011-07-26,17.001554489135742
2011-07-27,16.842668533325195
2011-07-28,16.52487564086914
2011-07-29,16.76321792602539
2011-08-01,16.76321792602539
2011-08-02,16.4454288482666
2011-08-03,16.4454288482666
2011-08-04,15.412626266479492
2011-08-05,15.015395164489746
2011-08-08,13.10867691040039
2011-08-09,14.300375938415527
2011-08-10,13.744254112243652
2011-08-11,14.777056694030762
2011-08-12,14.856502532958984
2011-08-15,15.094839096069336
2011-08-16,15.174287796020508
2011-08-17,15.253735542297363
2011-08-18,14.14148235321045
2011-08-19,14.062034606933594
2011-08-22,13.585358619689941
2011-08-23,13.426464080810547
2011-08-24,13.903143882751465
2011-08-25,13.426464080810547
2011-08-26,13.505915641784668
2011-08-29,14.379822731018066
2011-08-30,14.300375938415527
2011-08-31,14.300375938415527
2011-09-01,13.982585906982422
2011-09-02,13.664804458618164
2011-09-06,13.426464080810547
2011-09-07,14.300375938415527
2011-09-08,13.903143882751465
2011-09-09,13.664804458618164
2011-09-12,13.267571449279785
2011-09-13,13.426464080810547
2011-09-14,14.300375938415527
2011-09-15,14.618162155151367
2011-09-16,14.538714408874512
2011-09-19,14.300375938415527
2011-09-20,14.14148235321045
2011-09-21,14.379822731018066
2011-09-22,13.347017288208008
2011-09-23,13.505915641784668
2011-09-26,13.267571449279785
2011-09-27,13.426464080810547
2011-09-28,13.188122749328613
2011-09-29,11.83753490447998
2011-09-30,11.996430397033691
2011-10-03,11.519749641418457
2011-10-04,11.678640365600586
2011-10-05,11.678640365600586
2011-10-06,11.996430397033691
2011-10-07,12.075873374938965
2011-10-10,13.10867691040039
2011-10-11,13.188122749328613
2011-10-12,13.585358619689941
2011-10-13,13.664804458618164
2011-10-14,14.300375938415527
2011-10-17,14.062034606933594
2011-10-18,14.062034606933594
2011-10-19,13.664804458618164
2011-10-20,13.903143882751465
2011-10-21,14.14148235321045
2011-10-24,14.618162155151367
2011-10-25,14.300375938415527
2011-10-26,14.220931053161621
2011-10-27,14.538714408874512
2011-10-28,14.618162155151367
2011-10-31,14.220931053161621
2011-11-01,13.744254112243652
2011-11-02,13.347017288208008
2011-11-03,13.10867691040039
2011-11-04,13.347017288208008
2011-11-07,13.505915641784668
2011-11-08,13.903143882751465
2011-11-09,13.029232025146484
2011-11-10,13.426464080810547
2011-11-11,13.505915641784668
2011-11-14,13.347017288208008
2011-11-15,13.426464080810547
2011-11-16,13.188122749328613
2011-11-17,13.82369327545166
2011-11-18,14.14148235321045
2011-11-21,14.697608947753906
2011-11-22,14.856502532958984
2011-11-23,13.82369327545166
2011-11-25,13.903143882751465
2011-11-28,14.062034606933594
2011-11-29,13.664804458618164
2011-11-30,14.300375938415527
2011-12-01,14.935954093933105
2011-12-02,14.777056694030762
2011-12-05,14.379822731018066
2011-12-06,14.220931053161621
2011-12-07,14.14148235321045
2011-12-08,13.505915641784668
2011-12-09,13.903143882751465
2011-12-12,14.062034606933594
2011-12-13,14.300375938415527
2011-12-14,13.982585906982422
2011-12-15,14.14148235321045
2011-12-16,14.062034606933594
2011-12-19,14.379822731018066
2011-12-20,14.538714408874512
2011-12-21,14.300375938415527
2011-12-22,14.220931053161621
2011-12-23,14.379822731018066
2011-12-27,14.459268569946289
2011-12-28,14.379822731018066
2011-12-29,14.459268569946289
2011-12-30,14.459268569946289
2012-01-03,14.777056694030762
2012-01-04,14.538714408874512
2012-01-05,16.20709228515625
2012-01-06,15.889307022094727
2012-01-09,16.28653907775879
2012-01-10,16.28653907775879
2012-01-11,16.20709228515625
2012-01-12,16.76321792602539
2012-01-13,17.001554489135742
2012-01-17,17.160451889038086
2012-01-18,17.160451889038086
2012-01-19,17.160451889038086
2012-01-20,16.68377113342285
2012-01-23,16.68377113342285
2012-01-24,16.52487564086914
2012-01-25,16.52487564086914
2012-01-26,16.52487564086914
2012-01-27,16.20709228515625
2012-01-30,16.127643585205078
2012-01-31,16.52487564086914
2012-02-01,17.001554489135742
2012-02-02,16.842668533325195
2012-02-03,17.08100700378418
2012-02-06,17.08100700378418
2012-02-07,16.842668533325195
2012-02-08,17.39879608154297
2012-02-09,17.39879608154297
2012-02-10,17.08100700378418
2012-02-13,17.08100700378418
2012-02-14,17.08100700378418
2012-02-15,17.001554489135742
2012-02-16,17.08100700378418
2012-02-17,17.08100700378418
2012-02-21,16.842668533325195
2012-02-22,16.604326248168945
2012-02-23,16.68377113342285
2012-02-24,17.478235244750977
2012-02-27,17.71657943725586
2012-02-28,17.637128829956055
2012-02-29,17.95491600036621
2012-03-01,17.71657943725586
2012-03-02,18.35215187072754
2012-03-05,17.95491600036621
2012-03-06,17.637128829956055
2012-03-07,17.875473022460938
2012-03-08,18.272701263427734
2012-03-09,18.669931411743164
2012-03-12,18.431591033935547
2012-03-13,18.19325828552246
2012-03-14,18.19325828552246
2012-03-15,18.11380958557129
2012-03-16,17.95491600036621
2012-03-19,18.034364700317383
2012-03-20,17.95491600036621
2012-03-21,17.95491600036621
2012-03-22,18.034364700317383
2012-03-23,17.95491600036621
2012-03-26,17.875473022460938
2012-03-27,17.875473022460938
2012-03-28,17.7960262298584
2012-03-29,17.55768585205078
2012-03-30,18.35215187072754
2012-04-02,19.06716537475586
2012-04-03,18.51103973388672
2012-04-04,18.19325828552246
2012-04-05,18.669931411743164
2012-04-09,18.51103973388672
2012-04-10,17.637128829956055
2012-04-11,17.875473022460938
2012-04-12,17.95491600036621
2012-04-13,17.71657943725586
2012-04-16,17.23989486694336
2012-04-17,17.7960262298584
2012-04-18,18.034364700317383
2012-04-19,17.7960262298584
2012-04-20,17.71657943725586
2012-04-23,17.001554489135742
2012-04-24,17.39879608154297
2012-04-25,17.55768585205078
2012-04-26,17.478235244750977
2012-04-27,17.55768585205078
2012-04-30,17.95491600036621
2012-05-01,17.71657943725586
2012-05-02,17.875473022460938
2012-05-03,17.55768585205078
2012-05-04,17.160451889038086
2012-05-07,17.23989486694336
2012-05-08,17.001554489135742
2012-05-09,17.319347381591797
2012-05-10,17.319347381591797
2012-05-11,16.922117233276367
2012-05-14,16.048198699951172
2012-05-15,15.730412483215332
2012-05-16,15.571524620056152
2012-05-17,14.538714408874512
2012-05-18,15.015395164489746
2012-05-21,15.730412483215332
2012-05-22,15.571524620056152
2012-05-23,15.809861183166504
2012-05-24,15.809861183166504
2012-05-25,15.33318042755127
2012-05-29,15.33318042755127
2012-05-30,15.015395164489746
2012-05-31,15.015395164489746
2012-06-01,14.618162155151367
2012-06-04,15.094839096069336
2012-06-05,15.015395164489746
2012-06-06,15.253735542297363
2012-06-07,14.777056694030762
2012-06-08,14.777056694030762
2012-06-11,14.777056694030762
2012-06-12,14.777056694030762
2012-06-13,14.538714408874512
2012-06-14,14.777056694030762
2012-06-15,14.856502532958984
2012-06-18,14.618162155151367
2012-06-19,15.174287796020508
2012-06-20,15.253735542297363
2012-06-21,14.935954093933105
2012-06-22,15.015395164489746
2012-06-25,14.459268569946289
2012-06-26,14.618162155151367
2012-06-27,14.856502532958984
2012-06-28,14.777056694030762
2012-06-29,14.697608947753906
2012-07-02,15.809861183166504
2012-07-03,16.20709228515625
2012-07-05,16.604326248168945
2012-07-06,16.28653907775879
2012-07-09,16.52487564086914
2012-07-10,16.28653907775879
2012-07-11,16.127643585205078
2012-07-12,16.4454288482666
2012-07-13,16.28653907775879
2012-07-16,16.4454288482666
2012-07-17,16.604326248168945
2012-07-18,16.76321792602539
2012-07-19,16.76321792602539
2012-07-20,16.68377113342285
2012-07-23,16.52487564086914
2012-07-24,16.20709228515625
2012-07-25,16.52487564086914
2012-07-26,16.76321792602539
2012-07-27,17.160451889038086
2012-07-30,17.39879608154297
2012-07-31,17.160451889038086
2012-08-01,17.08100700378418
2012-08-02,16.76321792602539
2012-08-03,17.160451889038086
2012-08-06,17.478235244750977
2012-08-07,18.272701263427734
2012-08-08,19.702743530273438
2012-08-09,19.06716537475586
2012-08-10,19.702743530273438
2012-08-13,19.941085815429688
2012-08-14,20.0999755859375
2012-08-15,20.25887107849121
2012-08-16,20.57665252685547
2012-08-17,20.33831214904785
2012-08-20,20.33831214904785
2012-08-21,20.417766571044922
2012-08-22,20.33831214904785
2012-08-23,19.86163330078125
2012-08-24,20.179420471191406
2012-08-27,20.179420471191406
2012-08-28,20.0999755859375
2012-08-29,20.179420471191406
2012-08-30,20.179420471191406
2012-08-31,20.0999755859375
2012-09-04,20.179420471191406
2012-09-05,20.02052879333496
2012-09-06,20.179420471191406
2012-09-07,20.0999755859375
2012-09-10,19.941085815429688
2012-09-11,19.86163330078125
2012-09-12,19.30550765991211
2012-09-13,19.702743530273438
2012-09-14,19.62329864501953
2012-09-17,18.987722396850586
2012-09-18,19.30550765991211
2012-09-19,19.78218650817871
2012-09-20,20.417766571044922
2012-09-21,20.179420471191406
2012-09-24,19.941085815429688
2012-09-25,19.702743530273438
2012-09-26,19.86163330078125
2012-09-27,20.57665252685547
2012-09-28,20.57665252685547
2012-10-01,20.417766571044922
2012-10-02,20.81499481201172
2012-10-03,21.688905715942383
2012-10-04,21.450563430786133
2012-10-05,21.37112045288086
2012-10-08,21.212230682373047
2012-10-09,20.89443588256836
2012-10-10,21.84779930114746
2012-10-11,21.688905715942383
2012-10-12,22.086135864257812
2012-10-15,22.245027542114258
2012-10-16,22.562816619873047
2012-10-17,22.562816619873047
2012-10-18,23.357280731201172
2012-10-19,23.19839096069336
2012-10-22,23.11894989013672
2012-10-23,22.801156997680664
2012-10-24,22.96004295349121
2012-10-25,22.64225959777832
2012-10-26,22.4039249420166
2012-10-31,22.245027542114258
2012-11-01,22.32447052001953
2012-11-02,23.039499282836914
2012-11-05,22.483375549316406
2012-11-06,22.32447052001953
2012-11-07,21.768346786499023
2012-11-08,21.212230682373047
2012-11-09,21.84779930114746
2012-11-12,22.086135864257812
2012-11-13,22.16558265686035
2012-11-14,21.450563430786133
2012-11-15,21.053325653076172
2012-11-16,21.37112045288086
2012-11-19,21.450563430786133
2012-11-20,22.006689071655273
2012-11-21,21.688905715942383
2012-11-23,22.086135864257812
2012-11-26,21.927248001098633
2012-11-27,21.450563430786133
2012-11-28,21.450563430786133
2012-11-29,21.768346786499023
2012-11-30,22.006689071655273
2012-12-03,22.245027542114258
2012-12-04,21.927248001098633
2012-12-05,22.006689071655273
2012-12-06,22.16558265686035
2012-12-07,21.927248001098633
2012-12-10,21.768346786499023
2012-12-11,21.688905715942383
2012-12-12,22.086135864257812
2012-12-13,22.006689071655273
2012-12-14,23.54392433166504
2012-12-17,23.624835968017578
2012-12-18,23.948455810546875
2012-12-19,23.948455810546875
2012-12-20,24.191181182861328
2012-12-21,23.8675537109375
2012-12-24,23.8675537109375
2012-12-26,23.705738067626953
2012-12-27,23.54392433166504
2012-12-28,23.382112503051758
2012-12-31,23.382112503051758
2013-01-02,24.433900833129883
2013-01-03,24.919340133666992
2013-01-04,25.081151962280273
2013-01-07,24.919340133666992
2013-01-08,25.404781341552734
2013-01-09,25.24297332763672
2013-01-10,25.323871612548828
2013-01-11,25.566593170166016
2013-01-14,25.485689163208008
2013-01-15,25.404781341552734
2013-01-16,25.24297332763672
2013-01-17,25.485689163208008
2013-01-18,25.566593170166016
2013-01-22,25.485689163208008
2013-01-23,25.24297332763672
2013-01-24,25.00025177001953
2013-01-25,25.485689163208008
2013-01-28,25.485689163208008
2013-01-29,25.323871612548828
2013-01-30,25.485689163208008
2013-01-31,25.404781341552734
2013-02-01,26.13294219970703
2013-02-04,25.647502899169922
2013-02-05,25.890228271484375
2013-02-06,25.566593170166016
2013-02-07,25.485689163208008
2013-02-08,25.24297332763672
2013-02-11,25.404781341552734
2013-02-12,25.8093204498291
2013-02-13,25.890228271484375
2013-02-14,25.647502899169922
2013-02-15,25.485689163208008
2013-02-19,25.647502899169922
2013-02-20,25.081151962280273
2013-02-21,24.83843231201172
2013-02-22,24.676618576049805
2013-02-25,24.51481056213379
2013-02-26,24.757530212402344
2013-02-27,24.919340133666992
2013-02-28,25.162067413330078
2013-03-01,25.404781341552734
2013-03-04,25.890228271484375
2013-03-05,26.13294219970703
2013-03-06,26.213850021362305
2013-03-07,25.97113800048828
2013-03-08,25.97113800048828
2013-03-11,25.890228271484375
2013-03-12,25.8093204498291
2013-03-13,25.404781341552734
2013-03-14,25.485689163208008
2013-03-15,25.162067413330078
2013-03-18,25.081151962280273
2013-03-19,24.757530212402344
2013-03-20,25.00025177001953
2013-03-21,25.081151962280273
2013-03-22,25.162067413330078
2013-03-25,24.83843231201172
2013-03-26,25.00025177001953
2013-03-27,24.919340133666992
2013-03-28,24.919340133666992
2013-04-01,24.919340133666992
2013-04-02,24.919340133666992
2013-04-03,24.83843231201172
2013-04-04,24.272085189819336
2013-04-05,24.352998733520508
2013-04-08,24.595714569091797
2013-04-09,24.83843231201172
2013-04-10,25.323871612548828
2013-04-11,25.566593170166016
2013-04-12,24.919340133666992
2013-04-15,24.51481056213379
2013-04-16,24.676618576049805
2013-04-17,24.272085189819336
2013-04-18,24.191181182861328
2013-04-19,24.352998733520508
2013-04-22,24.51481056213379
2013-04-23,25.162067413330078
2013-04-24,25.404781341552734
2013-04-25,25.24297332763672
2013-04-26,25.24297332763672
2013-04-29,24.83843231201172
2013-04-30,26.29476547241211
2013-05-01,27.184734344482422
2013-05-02,26.699289321899414
2013-05-03,27.184734344482422
2013-05-06,27.427457809448242
2013-05-07,27.427457809448242
2013-05-08,27.265644073486328
2013-05-09,27.427457809448242
2013-05-10,27.427457809448242
2013-05-13,27.508373260498047
2013-05-14,27.912899017333984
2013-05-15,28.560155868530273
2013-05-16,27.912899017333984
2013-05-17,28.317432403564453
2013-05-20,28.317432403564453
2013-05-21,28.479246139526367
2013-05-22,28.641067504882812
2013-05-23,28.72197723388672
2013-05-24,28.964683532714844
2013-05-28,29.045595169067383
2013-05-29,28.802871704101562
2013-05-30,28.883785247802734
2013-05-31,28.236534118652344
2013-06-03,27.99381446838379
2013-06-04,27.589271545410156
2013-06-05,26.699289321899414
2013-06-06,27.427457809448242
2013-06-07,27.99381446838379
2013-06-10,27.508373260498047
2013-06-11,27.022926330566406
2013-06-12,26.213850021362305
2013-06-13,26.618392944335938
2013-06-14,26.45657730102539
2013-06-17,27.022926330566406
2013-06-18,27.508373260498047
2013-06-19,27.265644073486328
2013-06-20,26.45657730102539
2013-06-21,25.485689163208008
2013-06-24,26.052038192749023
2013-06-25,25.890228271484375
2013-06-26,26.942018508911133
2013-06-27,27.508373260498047
2013-06-28,27.103832244873047
2013-07-01,27.346548080444336
2013-07-02,27.831993103027344
2013-07-03,28.0747127532959
2013-07-05,27.346548080444336
2013-07-08,28.155611038208008
2013-07-09,29.126506805419922
2013-07-10,29.045595169067383
2013-07-11,29.450124740600586
2013-07-12,30.097393035888672
2013-07-15,29.61194610595703
2013-07-16,29.692848205566406
2013-07-17,29.369216918945312
2013-07-18,29.85466957092285
2013-07-19,29.450124740600586
2013-07-22,29.77376365661621
2013-07-23,29.77376365661621
2013-07-24,29.77376365661621
2013-07-25,30.582822799682617
2013-07-26,30.42099952697754
2013-07-29,30.340105056762695
2013-07-30,29.93556785583496
2013-07-31,30.259193420410156
2013-08-01,30.582822799682617
2013-08-02,31.06827735900879
2013-08-05,30.663728713989258
2013-08-06,30.98736572265625
2013-08-07,30.663728713989258
2013-08-08,30.74465560913086
2013-08-09,30.906461715698242
2013-08-12,30.98736572265625
2013-08-13,30.74465560913086
2013-08-14,30.42099952697754
2013-08-15,29.85466957092285
2013-08-16,29.93556785583496
2013-08-19,29.207406997680664
2013-08-20,29.692848205566406
2013-08-21,29.61194610595703
2013-08-22,29.692848205566406
2013-08-23,29.93556785583496
2013-08-26,29.692848205566406
2013-08-27,28.802871704101562
2013-08-28,28.964683532714844
2013-08-29,29.369216918945312
2013-08-30,28.964683532714844
2013-09-03,29.450124740600586
2013-09-04,29.85466957092285
2013-09-05,30.74465560913086
2013-09-06,30.340105056762695
2013-09-09,30.74465560913086
2013-09-10,31.149181365966797
2013-09-11,31.310998916625977
2013-09-12,30.501920700073242
2013-09-13,30.82555389404297
2013-09-16,30.98736572265625
2013-09-17,31.23008918762207
2013-09-18,31.310998916625977
2013-09-19,32.03915023803711
2013-09-20,31.877334594726562
2013-09-23,31.23008918762207
2013-09-24,30.98736572265625
2013-09-25,30.98736572265625
2013-09-26,31.796432495117188
2013-09-27,31.71552276611328
2013-09-30,31.391891479492188
2013-10-01,32.20096969604492
2013-10-02,32.20096969604492
2013-10-03,31.71552276611328
2013-10-04,31.958255767822266
2013-10-07,32.03915023803711
2013-10-08,31.149181365966797
2013-10-09,30.98736572265625
2013-10-10,31.63461685180664
2013-10-11,31.391891479492188
2013-10-14,31.877334594726562
2013-10-15,31.5537109375
2013-10-16,31.958255767822266
2013-10-17,32.28187561035156
2013-10-18,32.76731491088867
2013-10-21,33.17185592651367
2013-10-22,33.41456985473633
2013-10-23,32.84821701049805
2013-10-24,31.63461685180664
2013-10-25,30.340105056762695
2013-10-28,30.178287506103516
2013-10-29,30.097393035888672
2013-10-30,30.178287506103516
2013-10-31,30.501920700073242
2013-11-01,30.663728713989258
2013-11-04,30.663728713989258
2013-11-05,30.097393035888672
2013-11-06,29.531047821044922
2013-11-07,29.126506805419922
2013-11-08,29.61194610595703
2013-11-11,30.016483306884766
2013-11-12,30.097393035888672
2013-11-13,30.259193420410156
2013-11-14,30.259193420410156
2013-11-15,31.23008918762207
2013-11-18,30.42099952697754
2013-11-19,29.77376365661621
2013-11-20,29.369216918945312
2013-11-21,29.450124740600586
2013-11-22,29.77376365661621
2013-11-25,29.61194610595703
2013-11-26,29.77376365661621
2013-11-27,29.85466957092285
2013-11-29,30.501920700073242
2013-12-02,30.501920700073242
2013-12-03,30.259193420410156
2013-12-04,30.097393035888672
2013-12-05,29.85466957092285
2013-12-06,29.85466957092285
2013-12-09,29.77376365661621
2013-12-10,29.126506805419922
2013-12-11,28.317432403564453
2013-12-12,28.0747127532959
2013-12-13,28.560155868530273
2013-12-16,28.479246139526367
2013-12-17,27.670177459716797
2013-12-18,28.0747127532959
2013-12-19,27.751079559326172
2013-12-20,28.479246139526367
2013-12-23,28.479246139526367
2013-12-24,29.126506805419922
2013-12-26,29.045595169067383
2013-12-27,28.479246139526367
2013-12-30,28.398338317871094
2013-12-31,28.236534118652344
2014-01-02,28.317432403564453
2014-01-03,28.883785247802734
2014-01-06,30.98736572265625
2014-01-07,31.23008918762207
2014-01-08,30.501920700073242
2014-01-09,30.663728713989258
2014-01-10,29.93556785583496
2014-01-13,29.692848205566406
2014-01-14,29.692848205566406
2014-01-15,29.85466957092285
2014-01-16,29.692848205566406
2014-01-17,30.097393035888672
2014-01-21,30.016483306884766
2014-01-22,30.259193420410156
2014-01-23,30.097393035888672
2014-01-24,29.450124740600586
2014-01-27,29.61194610595703
2014-01-28,29.369216918945312
2014-01-29,29.045595169067383
2014-01-30,29.126506805419922
2014-01-31,28.964683532714844
2014-02-03,28.72197723388672
2014-02-04,28.479246139526367
2014-02-05,27.751079559326172
2014-02-06,27.912899017333984
2014-02-07,28.236534118652344
2014-02-10,28.236534118652344
2014-02-11,28.883785247802734
2014-02-12,28.802871704101562
2014-02-13,28.398338317871094
2014-02-14,28.802871704101562
2014-02-18,28.964683532714844
2014-02-19,28.883785247802734
2014-02-20,29.126506805419922
2014-02-21,29.207406997680664
2014-02-24,29.045595169067383
2014-02-25,28.964683532714844
2014-02-26,28.883785247802734
2014-02-27,29.207406997680664
2014-02-28,29.207406997680664
2014-03-03,28.883785247802734
2014-03-04,29.045595169067383
2014-03-05,28.72197723388672
2014-03-06,28.802871704101562
2014-03-07,28.398338317871094
2014-03-10,28.0747127532959
2014-03-11,27.751079559326172
2014-03-12,27.427457809448242
2014-03-13,27.265644073486328
2014-03-14,27.831993103027344
2014-03-17,27.670177459716797
2014-03-18,27.427457809448242
2014-03-19,27.508373260498047
2014-03-20,27.184734344482422
2014-03-21,27.103832244873047
2014-03-24,26.375667572021484
2014-03-25,25.647502899169922
2014-03-26,25.566593170166016
2014-03-27,25.323871612548828
2014-03-28,25.566593170166016
2014-03-31,25.890228271484375
2014-04-01,26.213850021362305
2014-04-02,27.022926330566406
2014-04-03,26.537479400634766
2014-04-04,25.890228271484375
2014-04-07,25.24297332763672
2014-04-08,24.83843231201172
2014-04-09,25.404781341552734
2014-04-10,25.081151962280273
2014-04-11,25.566593170166016
2014-04-14,25.323871612548828
2014-04-15,25.00025177001953
2014-04-16,25.647502899169922
2014-04-17,25.404781341552734
2014-04-21,25.8093204498291
2014-04-22,26.052038192749023
2014-04-23,25.647502899169922
2014-04-24,25.890228271484375
2014-04-25,25.24297332763672
2014-04-28,24.83843231201172
2014-04-29,24.83843231201172
2014-04-30,25.8093204498291
2014-05-01,26.052038192749023
2014-05-02,26.213850021362305
2014-05-05,26.13294219970703
2014-05-06,25.8093204498291
2014-05-07,25.485689163208008
2014-05-08,25.485689163208008
2014-05-09,25.566593170166016
2014-05-12,25.890228271484375
2014-05-13,26.45657730102539
2014-05-14,26.052038192749023
2014-05-15,25.485689163208008
2014-05-16,25.24297332763672
2014-05-19,25.566593170166016
2014-05-20,25.647502899169922
2014-05-21,25.647502899169922
2014-05-22,26.45657730102539
2014-05-23,26.45657730102539
2014-05-27,26.861108779907227
2014-05-28,26.699289321899414
2014-05-29,26.861108779907227
2014-05-30,26.537479400634766
2014-06-02,26.537479400634766
2014-06-03,26.699289321899414
2014-06-04,27.022926330566406
2014-06-05,26.861108779907227
2014-06-06,27.184734344482422
2014-06-09,27.265644073486328
2014-06-10,27.103832244873047
2014-06-11,27.103832244873047
2014-06-12,27.022926330566406
2014-06-13,27.022926330566406
2014-06-16,26.942018508911133
2014-06-17,27.265644073486328
2014-06-18,27.912899017333984
2014-06-19,27.99381446838379
2014-06-20,27.427457809448242
2014-06-23,27.751079559326172
2014-06-24,27.508373260498047
2014-06-25,27.751079559326172
2014-06-26,27.99381446838379
2014-06-27,27.751079559326172
2014-06-30,27.99381446838379
2014-07-01,27.831993103027344
2014-07-02,27.912899017333984
2014-07-03,27.99381446838379
2014-07-07,27.751079559326172
2014-07-08,27.265644073486328
2014-07-09,27.103832244873047
2014-07-10,27.346548080444336
2014-07-11,27.346548080444336
2014-07-14,27.508373260498047
2014-07-15,27.346548080444336
2014-07-16,27.670177459716797
2014-07-17,27.99381446838379
2014-07-18,27.831993103027344
2014-07-21,27.99381446838379
2014-07-22,28.155611038208008
2014-07-23,27.99381446838379
2014-07-24,27.912899017333984
2014-07-25,27.831993103027344
2014-07-28,27.346548080444336
2014-07-29,27.508373260498047
2014-07-30,27.99381446838379
2014-07-31,27.346548080444336
2014-08-01,26.780200958251953
2014-08-04,27.022926330566406
2014-08-05,27.265644073486328
2014-08-06,27.184734344482422
2014-08-07,27.184734344482422
2014-08-08,27.831993103027344
2014-08-11,27.751079559326172
2014-08-12,27.508373260498047
2014-08-13,28.236534118652344
2014-08-14,28.72197723388672
2014-08-15,28.72197723388672
2014-08-18,28.72197723388672
2014-08-19,28.802871704101562
2014-08-20,28.883785247802734
2014-08-21,28.964683532714844
2014-08-22,28.964683532714844
2014-08-25,29.045595169067383
2014-08-26,28.802871704101562
2014-08-27,29.045595169067383
2014-08-28,29.126506805419922
2014-08-29,29.369216918945312
2014-09-02,29.450124740600586
2014-09-03,29.450124740600586
2014-09-04,29.126506805419922
2014-09-05,29.126506805419922
2014-09-08,28.964683532714844
2014-09-09,28.883785247802734
2014-09-10,29.28831672668457
2014-09-11,29.28831672668457
2014-09-12,29.207406997680664
2014-09-15,29.045595169067383
2014-09-16,29.207406997680664
2014-09-17,29.369216918945312
2014-09-18,29.450124740600586
2014-09-19,28.883785247802734
2014-09-22,28.479246139526367
2014-09-23,28.155611038208008
2014-09-24,28.560155868530273
2014-09-25,28.155611038208008
2014-09-26,28.398338317871094
2014-09-29,28.317432403564453
2014-09-30,28.236534118652344
2014-10-01,27.670177459716797
2014-10-02,27.427457809448242
2014-10-03,27.670177459716797
2014-10-06,27.508373260498047
2014-10-07,27.184734344482422
2014-10-08,27.589271545410156
2014-10-09,26.537479400634766
2014-10-10,25.647502899169922
2014-10-13,25.8093204498291
2014-10-14,26.29476547241211
2014-10-15,26.375667572021484
2014-10-16,26.537479400634766
2014-10-17,26.45657730102539
2014-10-20,26.942018508911133
2014-10-21,27.346548080444336
2014-10-22,26.942018508911133
2014-10-23,27.265644073486328
2014-10-24,27.265644073486328
2014-10-27,27.103832244873047
2014-10-28,26.942018508911133
2014-10-29,27.103832244873047
2014-10-30,27.346548080444336
2014-10-31,27.751079559326172
2014-11-03,28.155611038208008
2014-11-04,28.155611038208008
2014-11-05,28.236534118652344
2014-11-06,27.912899017333984
2014-11-07,27.99381446838379
2014-11-10,28.236534118652344
2014-11-11,28.398338317871094
2014-11-12,28.236534118652344
2014-11-13,28.398338317871094
2014-11-14,28.560155868530273
2014-11-17,28.479246139526367
2014-11-18,28.802871704101562
2014-11-19,28.479246139526367
2014-11-20,28.72197723388672
2014-11-21,28.641067504882812
2014-11-24,28.883785247802734
2014-11-25,29.126506805419922
2014-11-26,29.126506805419922
2014-11-28,29.369216918945312
2014-12-01,29.207406997680664
2014-12-02,29.045595169067383
2014-12-03,29.126506805419922
2014-12-04,28.964683532714844
2014-12-05,28.236534118652344
2014-12-08,28.0747127532959
2014-12-09,28.236534118652344
2014-12-10,27.831993103027344
2014-12-11,27.99381446838379
2014-12-12,27.589271545410156
2014-12-15,27.022926330566406
2014-12-16,26.942018508911133
2014-12-17,27.589271545410156
2014-12-18,27.99381446838379
2014-12-19,28.0747127532959
2014-12-22,28.236534118652344
2014-12-23,28.155611038208008
2014-12-24,28.236534118652344
2014-12-26,28.236534118652344
2014-12-29,28.479246139526367
2014-12-30,28.398338317871094
2014-12-31,28.317432403564453
2015-01-02,28.155611038208008
2015-01-05,27.508373260498047
2015-01-06,27.103832244873047
2015-01-07,27.589271545410156
2015-01-08,28.641067504882812
2015-01-09,28.560155868530273
2015-01-12,28.883785247802734
2015-01-13,28.641067504882812
2015-01-14,28.398338317871094
2015-01-15,28.479246139526367
2015-01-16,28.560155868530273
2015-01-20,28.236534118652344
2015-01-21,28.883785247802734
2015-01-22,29.207406997680664
2015-01-23,28.883785247802734
2015-01-26,29.61194610595703
2015-01-27,29.450124740600586
2015-01-28,28.802871704101562
2015-01-29,29.045595169067383
2015-01-30,28.72197723388672
2015-02-02,29.207406997680664
2015-02-03,29.450124740600586
2015-02-04,29.207406997680664
2015-02-05,29.85466957092285
2015-02-06,30.097393035888672
2015-02-09,30.016483306884766
2015-02-10,30.340105056762695
2015-02-11,30.82555389404297
2015-02-12,31.5537109375
2015-02-13,30.98736572265625
2015-02-17,31.47281265258789
2015-02-18,31.5537109375
2015-02-19,31.310998916625977
2015-02-20,31.23008918762207
2015-02-23,30.98736572265625
2015-02-24,31.63461685180664
2015-02-25,31.391891479492188
2015-02-26,31.5537109375
2015-02-27,31.47281265258789
2015-03-02,32.03915023803711
2015-03-03,32.36277389526367
2015-03-04,31.877334594726562
2015-03-05,31.796432495117188
2015-03-06,31.5537109375
2015-03-09,31.796432495117188
2015-03-10,31.23008918762207
2015-03-11,31.47281265258789
2015-03-12,31.796432495117188
2015-03-13,31.63461685180664
2015-03-16,31.796432495117188
2015-03-17,31.958255767822266
2015-03-18,31.958255767822266
2015-03-19,32.03915023803711
2015-03-20,32.20096969604492
2015-03-23,31.63461685180664
2015-03-24,31.71552276611328
2015-03-25,30.98736572265625
2015-03-26,31.23008918762207
2015-03-27,31.149181365966797
2015-03-30,31.310998916625977
2015-03-31,30.906461715698242
2015-04-01,31.149181365966797
2015-04-02,31.71552276611328
2015-04-06,31.63461685180664
2015-04-07,31.63461685180664
2015-04-08,31.5537109375
2015-04-09,31.796432495117188
2015-04-10,31.958255767822266
2015-04-13,31.71552276611328
2015-04-14,31.796432495117188
2015-04-15,31.958255767822266
2015-04-16,31.877334594726562
2015-04-17,31.391891479492188
2015-04-20,31.63461685180664
2015-04-21,31.877334594726562
2015-04-22,31.877334594726562
2015-04-23,31.796432495117188
2015-04-24,32.12006759643555
2015-04-27,31.958255767822266
2015-04-28,31.958255767822266
2015-04-29,32.20096969604492
2015-04-30,31.958255767822266
2015-05-01,31.796432495117188
2015-05-04,31.47281265258789
2015-05-05,31.06827735900879
2015-05-06,30.98736572265625
2015-05-07,31.149181365966797
2015-05-08,31.310998916625977
2015-05-11,30.98736572265625
2015-05-12,31.06827735900879
2015-05-13,31.23008918762207
2015-05-14,31.47281265258789
2015-05-15,31.63461685180664
2015-05-18,31.5537109375
2015-05-19,31.5537109375
2015-05-20,31.63461685180664
2015-05-21,31.796432495117188
2015-05-22,31.63461685180664
2015-05-26,31.310998916625977
2015-05-27,31.5537109375
2015-05-28,30.74465560913086
2015-05-29,31.23008918762207
2015-06-01,31.391891479492188
2015-06-02,31.310998916625977
2015-06-03,31.63461685180664
2015-06-04,31.5537109375
2015-06-05,31.391891479492188
2015-06-08,30.82555389404297
2015-06-09,30.582822799682617
2015-06-10,30.98736572265625
2015-06-11,30.906461715698242
2015-06-12,30.82555389404297
2015-06-15,30.501920700073242
2015-06-16,30.42099952697754
2015-06-17,30.501920700073242
2015-06-18,31.310998916625977
2015-06-19,31.310998916625977
2015-06-22,31.391891479492188
2015-06-23,31.23008918762207
2015-06-24,30.82555389404297
2015-06-25,30.906461715698242
2015-06-26,31.23008918762207
2015-06-29,30.016483306884766
2015-06-30,30.178287506103516
2015-07-01,30.340105056762695
2015-07-02,30.178287506103516
2015-07-06,29.77376365661621
2015-07-07,30.016483306884766
2015-07-08,29.450124740600586
2015-07-09,30.016483306884766
2015-07-10,30.178287506103516
2015-07-13,30.906461715698242
2015-07-14,30.98736572265625
2015-07-15,31.06827735900879
2015-07-16,31.391891479492188
2015-07-17,31.23008918762207
2015-07-20,30.98736572265625
2015-07-21,31.149181365966797
2015-07-22,31.149181365966797
2015-07-23,31.47281265258789
2015-07-24,31.391891479492188
2015-07-27,31.06827735900879
2015-07-28,32.03915023803711
2015-07-29,31.958255767822266
2015-07-30,32.12006759643555
2015-07-31,32.03915023803711
2015-08-03,32.03915023803711
2015-08-04,31.958255767822266
2015-08-05,31.71552276611328
2015-08-06,31.63461685180664
2015-08-07,31.877334594726562
2015-08-10,31.958255767822266
2015-08-11,31.5537109375
2015-08-12,32.03915023803711
2015-08-13,32.28187561035156
2015-08-14,31.877334594726562
2015-08-17,31.958255767822266
2015-08-18,31.877334594726562
2015-08-19,31.5537109375
2015-08-20,30.74465560913086
2015-08-21,30.097393035888672
2015-08-24,29.126506805419922
2015-08-25,29.369216918945312
2015-08-26,30.097393035888672
2015-08-27,30.663728713989258
2015-08-28,30.98736572265625
2015-08-31,30.906461715698242
2015-09-01,30.42099952697754
2015-09-02,30.906461715698242
2015-09-03,30.74465560913086
2015-09-04,30.582822799682617
2015-09-08,31.149181365966797
2015-09-09,31.06827735900879
2015-09-10,31.23008918762207
2015-09-11,30.82555389404297
2015-09-14,30.98736572265625
2015-09-15,31.23008918762207
2015-09-16,31.310998916625977
2015-09-17,31.23008918762207
2015-09-18,30.906461715698242
2015-09-21,31.149181365966797
2015-09-22,31.149181365966797
2015-09-23,30.98736572265625
2015-09-24,30.582822799682617
2015-09-25,30.74465560913086
2015-09-28,30.097393035888672
2015-09-29,29.531047821044922
2015-09-30,30.259193420410156
2015-10-01,30.663728713989258
2015-10-02,30.98736572265625
2015-10-05,31.310998916625977
2015-10-06,31.63461685180664
2015-10-07,31.47281265258789
2015-10-08,31.47281265258789
2015-10-09,31.149181365966797
2015-10-12,31.71552276611328
2015-10-13,31.63461685180664
2015-10-14,31.796432495117188
2015-10-15,32.03915023803711
2015-10-16,32.03915023803711
2015-10-19,31.877334594726562
2015-10-20,32.44368362426758
2015-10-21,31.63461685180664
2015-10-22,32.12006759643555
2015-10-23,32.52460861206055
2015-10-26,33.010032653808594
2015-10-27,33.010032653808594
2015-10-28,33.25276565551758
2015-10-29,33.41456985473633
2015-10-30,33.010032653808594
2015-11-02,33.41456985473633
2015-11-03,33.41456985473633
2015-11-04,33.65729904174805
2015-11-05,33.33367156982422
2015-11-06,33.17185592651367
2015-11-09,33.25276565551758
2015-11-10,33.4954719543457
2015-11-11,33.41456985473633
2015-11-12,33.25276565551758
2015-11-13,33.010032653808594
2015-11-16,33.17185592651367
2015-11-17,33.010032653808594
2015-11-18,33.4954719543457
2015-11-19,33.57638168334961
2015-11-20,33.90000915527344
2015-11-23,33.4954719543457
2015-11-24,33.25276565551758
2015-11-25,33.33367156982422
2015-11-27,33.4954719543457
2015-11-30,33.25276565551758
2015-12-01,33.65729904174805
2015-12-02,33.25276565551758
2015-12-03,32.84821701049805
2015-12-04,33.090938568115234
2015-12-07,32.686405181884766
2015-12-08,32.36277389526367
2015-12-09,32.44368362426758
2015-12-10,32.84821701049805
2015-12-11,32.44368362426758
2015-12-14,32.36277389526367
2015-12-15,32.929134368896484
2015-12-16,33.090938568115234
2015-12-17,32.52460861206055
2015-12-18,32.28187561035156
2015-12-21,32.36277389526367
2015-12-22,32.52460861206055
2015-12-23,32.929134368896484
2015-12-24,33.090938568115234
2015-12-28,32.929134368896484
2015-12-29,33.090938568115234
2015-12-30,32.929134368896484
2015-12-31,32.929134368896484
2016-01-04,31.958255767822266
2016-01-05,31.63461685180664
2016-01-06,31.47281265258789
2016-01-07,31.06827735900879
2016-01-08,30.82555389404297
2016-01-11,30.906461715698242
2016-01-12,30.663728713989258
2016-01-13,30.016483306884766
2016-01-14,30.097393035888672
2016-01-15,29.369216918945312
2016-01-19,29.61194610595703
2016-01-20,29.126506805419922
2016-01-21,29.61194610595703
2016-01-22,30.178287506103516
2016-01-25,29.531047821044922
2016-01-26,30.178287506103516
2016-01-27,29.369216918945312
2016-01-28,29.450124740600586
2016-01-29,29.93556785583496
2016-02-01,30.097393035888672
2016-02-02,28.883785247802734
2016-02-03,28.317432403564453
2016-02-04,28.398338317871094
2016-02-05,27.670177459716797
2016-02-08,27.184734344482422
2016-02-09,27.103832244873047
2016-02-10,27.508373260498047
2016-02-11,27.346548080444336
2016-02-12,27.99381446838379
2016-02-16,28.236534118652344
2016-02-17,28.883785247802734
2016-02-18,28.964683532714844
2016-02-19,29.28831672668457
2016-02-22,29.93556785583496
2016-02-23,29.207406997680664
2016-02-24,29.126506805419922
2016-02-25,29.85466957092285
2016-02-26,29.85466957092285
2016-02-29,30.097393035888672
2016-03-01,30.42099952697754
2016-03-02,30.906461715698242
2016-03-03,31.310998916625977
2016-03-04,31.63461685180664
2016-03-07,31.5537109375
2016-03-08,31.391891479492188
2016-03-09,31.958255767822266
2016-03-10,31.391891479492188
2016-03-11,31.63461685180664
2016-03-14,31.71552276611328
2016-03-15,31.5537109375
2016-03-16,31.958255767822266
2016-03-17,31.877334594726562
2016-03-18,31.958255767822266
2016-03-21,31.63461685180664
2016-03-22,31.71552276611328
2016-03-23,31.23008918762207
2016-03-24,31.310998916625977
2016-03-28,31.63461685180664
2016-03-29,31.877334594726562
2016-03-30,32.03915023803711
2016-03-31,31.958255767822266
2016-04-01,32.03915023803711
2016-04-04,31.5537109375
2016-04-05,31.310998916625977
2016-04-06,31.796432495117188
2016-04-07,30.906461715698242
2016-04-08,31.149181365966797
2016-04-11,30.82555389404297
2016-04-12,31.23008918762207
2016-04-13,31.71552276611328
2016-04-14,31.47281265258789
2016-04-15,31.5537109375
2016-04-18,31.149181365966797
2016-04-19,31.796432495117188
2016-04-20,31.796432495117188
2016-04-21,31.877334594726562
2016-04-22,32.03915023803711
2016-04-25,32.12006759643555
2016-04-26,32.12006759643555
2016-04-27,32.20096969604492
2016-04-28,31.71552276611328
2016-04-29,31.958255767822266
2016-05-02,32.12006759643555
2016-05-03,31.958255767822266
2016-05-04,31.391891479492188
2016-05-05,31.391891479492188
2016-05-06,31.796432495117188
2016-05-09,31.796432495117188
2016-05-10,32.20096969604492
2016-05-11,31.796432495117188
2016-05-12,31.63461685180664
2016-05-13,31.47281265258789
2016-05-16,31.63461685180664
2016-05-17,31.47281265258789
2016-05-18,31.47281265258789
2016-05-19,31.63461685180664
2016-05-20,31.877334594726562
2016-05-23,31.63461685180664
2016-05-24,32.03915023803711
2016-05-25,32.36277389526367
2016-05-26,32.20096969604492
2016-05-27,32.03915023803711
2016-05-31,32.52460861206055
2016-06-01,32.52460861206055
2016-06-02,32.44368362426758
2016-06-03,32.36277389526367
2016-06-06,32.28187561035156
2016-06-07,32.28187561035156
2016-06-08,32.20096969604492
2016-06-09,32.28187561035156
2016-06-10,31.71552276611328
2016-06-13,31.5537109375
2016-06-14,31.63461685180664
2016-06-15,31.63461685180664
2016-06-16,31.877334594726562
2016-06-17,31.71552276611328
2016-06-20,32.20096969604492
2016-06-21,32.20096969604492
2016-06-22,32.03915023803711
2016-06-23,32.36277389526367
2016-06-24,31.391891479492188
2016-06-27,30.42099952697754
2016-06-28,30.98736572265625
2016-06-29,31.71552276611328
2016-06-30,31.958255767822266
2016-07-01,32.12006759643555
2016-07-05,31.877334594726562
2016-07-06,32.28187561035156
2016-07-07,32.605506896972656
2016-07-08,33.33367156982422
2016-07-11,33.4954719543457
2016-07-12,33.17185592651367
2016-07-13,33.090938568115234
2016-07-14,33.4954719543457
2016-07-15,33.65729904174805
2016-07-18,33.73820114135742
2016-07-19,33.73820114135742
2016-07-20,33.819114685058594
2016-07-21,33.65729904174805
2016-07-22,34.06182098388672
2016-07-25,33.57638168334961
2016-07-26,35.19453811645508
2016-07-27,35.59906005859375
2016-07-28,35.275428771972656
2016-07-29,35.51815414428711
2016-08-01,35.11361312866211
2016-08-02,34.2236442565918
2016-08-03,34.2236442565918
2016-08-04,34.2236442565918
2016-08-05,34.304542541503906
2016-08-08,34.14273452758789
2016-08-09,33.90000915527344
2016-08-10,34.06182098388672
2016-08-11,34.2236442565918
2016-08-12,34.06182098388672
2016-08-15,34.304542541503906
2016-08-16,33.98091506958008
2016-08-17,34.304542541503906
2016-08-18,33.90000915527344
2016-08-19,33.90000915527344
2016-08-22,33.73820114135742
2016-08-23,33.90000915527344
2016-08-24,33.4954719543457
2016-08-25,33.57638168334961
2016-08-26,33.65729904174805
2016-08-29,33.65729904174805
2016-08-30,33.65729904174805
2016-08-31,33.4954719543457
2016-09-01,33.57638168334961
2016-09-02,33.819114685058594
2016-09-06,33.65729904174805
2016-09-07,33.819114685058594
2016-09-08,33.98091506958008
2016-09-09,33.17185592651367
2016-09-12,33.4954719543457
2016-09-13,33.090938568115234
2016-09-14,33.090938568115234
2016-09-15,33.73820114135742
2016-09-16,33.25276565551758
2016-09-19,33.4954719543457
2016-09-20,33.41456985473633
2016-09-21,33.819114685058594
2016-09-22,34.06182098388672
2016-09-23,34.06182098388672
2016-09-26,33.73820114135742
2016-09-27,33.65729904174805
2016-09-28,33.73820114135742
2016-09-29,33.4954719543457
2016-09-30,33.73820114135742
2016-10-03,33.90000915527344
2016-10-04,33.819114685058594
2016-10-05,33.65729904174805
2016-10-06,33.65729904174805
2016-10-07,33.65729904174805
2016-10-10,33.4954719543457
2016-10-11,33.010032653808594
2016-10-12,33.17185592651367
2016-10-13,33.17185592651367
2016-10-14,33.25276565551758
2016-10-17,33.25276565551758
2016-10-18,33.17185592651367
2016-10-19,33.4954719543457
2016-10-20,33.41456985473633
2016-10-21,33.57638168334961
2016-10-24,33.819114685058594
2016-10-25,33.90000915527344
2016-10-26,34.304542541503906
2016-10-27,33.25276565551758
2016-10-28,33.25276565551758
2016-10-31,33.73820114135742
2016-11-01,33.65729904174805
2016-11-02,33.41456985473633
2016-11-03,33.41456985473633
2016-11-04,33.4954719543457
2016-11-07,34.225399017333984
2016-11-08,34.63092041015625
2016-11-09,34.79313659667969
2016-11-10,34.95532989501953
2016-11-11,35.360843658447266
2016-11-14,36.41518783569336
2016-11-15,37.145103454589844
2016-11-16,36.658477783203125
2016-11-17,37.145103454589844
2016-11-18,36.982906341552734
2016-11-21,37.06401062011719
2016-11-22,37.3884162902832
2016-11-23,37.22621154785156
2016-11-25,37.3884162902832
2016-11-28,36.8206901550293
2016-11-29,37.3884162902832
2016-11-30,37.06401062011719
2016-12-01,36.982906341552734
2016-12-02,34.87421798706055
2016-12-05,35.11753463745117
2016-12-06,35.766357421875
2016-12-07,36.49628448486328
2016-12-08,36.8206901550293
2016-12-09,36.8206901550293
2016-12-12,36.09077072143555
2016-12-13,36.8206901550293
2016-12-14,36.57737350463867
2016-12-15,36.41518783569336
2016-12-16,36.658477783203125
2016-12-19,36.739601135253906
2016-12-20,36.739601135253906
2016-12-21,36.739601135253906
2016-12-22,36.57737350463867
2016-12-23,36.57737350463867
2016-12-27,36.739601135253906
2016-12-28,36.49628448486328
2016-12-29,36.25298309326172
2016-12-30,36.09077072143555
2017-01-03,36.00967025756836
2017-01-04,36.739601135253906
2017-01-05,37.631717681884766
2017-01-06,36.982906341552734
2017-01-09,37.30731201171875
2017-01-10,37.550628662109375
2017-01-11,37.22621154785156
2017-01-12,37.145103454589844
2017-01-13,37.3884162902832
2017-01-17,37.06401062011719
2017-01-18,37.30731201171875
2017-01-19,37.22621154785156
2017-01-20,37.22621154785156
2017-01-23,37.22621154785156
2017-01-24,37.550628662109375
2017-01-25,37.956138610839844
2017-01-26,38.52385711669922
2017-01-27,38.52385711669922
2017-01-30,38.60495376586914
2017-01-31,38.28055191040039
2017-02-01,38.686073303222656
2017-02-02,38.52385711669922
2017-02-03,39.01150131225586
2017-02-06,38.84894561767578
2017-02-07,38.36131286621094
2017-02-08,38.198760986328125
2017-02-09,38.280033111572266
2017-02-10,38.44257736206055
2017-02-13,38.686397552490234
2017-02-14,38.52385711669922
2017-02-15,39.66169738769531
2017-02-16,39.905513763427734
2017-02-17,40.14934158325195
2017-02-21,40.96208190917969
2017-02-22,41.85608673095703
2017-02-23,41.205909729003906
2017-02-24,41.61225128173828
2017-02-27,42.099918365478516
2017-02-28,41.36844253540039
2017-03-01,42.01863098144531
2017-03-02,41.69355392456055
2017-03-03,41.53098678588867
2017-03-06,41.36844253540039
2017-03-07,41.61225128173828
2017-03-08,41.937355041503906
2017-03-09,41.85608673095703
2017-03-10,42.181190490722656
2017-03-13,44.21303176879883
2017-03-14,43.806671142578125
2017-03-15,43.075191497802734
2017-03-16,43.31902313232422
2017-03-17,43.56283187866211
2017-03-20,43.15646743774414
2017-03-21,42.181190490722656
2017-03-22,41.44971466064453
2017-03-23,41.69355392456055
2017-03-24,41.44971466064453
2017-03-27,41.44971466064453
2017-03-28,41.53098678588867
2017-03-29,41.774810791015625
2017-03-30,42.34374237060547
2017-03-31,41.85608673095703
2017-04-03,41.44971466064453
2017-04-04,41.61225128173828
2017-04-05,41.53098678588867
2017-04-06,41.69355392456055
2017-04-07,41.937355041503906
2017-04-10,41.44971466064453
2017-04-11,41.12461853027344
2017-04-12,41.36844253540039
2017-04-13,41.44971466064453
2017-04-17,41.0433464050293
2017-04-18,41.12461853027344
2017-04-19,41.205909729003906
2017-04-20,41.205909729003906
2017-04-21,41.205909729003906
2017-04-24,41.69355392456055
2017-04-25,42.34374237060547
2017-04-26,41.53098678588867
2017-04-27,40.79953384399414
2017-04-28,40.230613708496094
2017-05-01,40.31188201904297
2017-05-02,39.33658981323242
2017-05-03,39.41787338256836
2017-05-04,39.33658981323242
2017-05-05,39.74296569824219
2017-05-08,39.905845642089844
2017-05-09,39.66152572631836
2017-05-10,39.4986457824707
2017-05-11,39.33576202392578
2017-05-12,39.17288589477539
2017-05-15,38.92855453491211
2017-05-16,39.01000213623047
2017-05-17,38.5213508605957
2017-05-18,39.580074310302734
2017-05-19,39.987281799316406
2017-05-22,40.23160934448242
2017-05-23,40.47593307495117
2017-05-24,41.6160888671875
2017-05-25,41.69752883911133
2017-05-26,43.08202362060547
2017-05-30,42.593387603759766
2017-05-31,42.75627136230469
2017-06-01,44.466522216796875
2017-06-02,44.710838317871094
2017-06-05,43.81499099731445
2017-06-06,43.08202362060547
2017-06-07,43.32634735107422
2017-06-08,43.97787094116211
2017-06-09,42.349056243896484
2017-06-12,42.349056243896484
2017-06-13,42.67482376098633
2017-06-14,42.023292541503906
2017-06-15,42.18619155883789
2017-06-16,42.18619155883789
2017-06-19,42.67482376098633
2017-06-20,42.18619155883789
2017-06-21,42.67482376098633
2017-06-22,42.67482376098633
2017-06-23,43.5706787109375
2017-06-26,43.1634635925293
2017-06-27,42.83769607543945
2017-06-28,43.97787094116211
2017-06-29,43.652099609375
2017-06-30,44.54795455932617
2017-07-03,43.81499099731445
2017-07-05,44.1407470703125
2017-07-06,43.5706787109375
2017-07-07,43.73355484008789
2017-07-10,43.48922348022461
2017-07-11,43.89643859863281
2017-07-12,44.05930709838867
2017-07-13,44.222198486328125
2017-07-14,44.629398345947266
2017-07-17,44.466522216796875
2017-07-18,44.05930709838867
2017-07-19,44.303627014160156
2017-07-20,44.54795455932617
2017-07-21,44.54795455932617
2017-07-24,43.81499099731445
2017-07-25,43.89643859863281
2017-07-26,43.89643859863281
2017-07-27,47.47980499267578
2017-07-28,47.31692886352539
2017-07-31,47.72412872314453
2017-08-01,47.154048919677734
2017-08-02,46.25820541381836
2017-08-03,45.93244171142578
2017-08-04,45.280914306640625
2017-08-07,45.60668182373047
2017-08-08,45.28034210205078
2017-08-09,45.28034210205078
2017-08-10,44.872398376464844
2017-08-11,45.443511962890625
2017-08-14,45.93302536010742
2017-08-15,45.68826675415039
2017-08-16,45.6066780090332
2017-08-17,44.709228515625
2017-08-18,44.79081344604492
2017-08-21,45.035579681396484
2017-08-22,46.259368896484375
2017-08-23,45.361915588378906
2017-08-24,45.52509307861328
2017-08-25,45.52509307861328
2017-08-28,45.52509307861328
2017-08-29,45.93302536010742
2017-08-30,46.504119873046875
2017-08-31,46.91206359863281
2017-09-01,46.42253494262695
2017-09-05,45.6066780090332
2017-09-06,45.68826675415039
2017-09-07,45.28034210205078
2017-09-08,44.709228515625
2017-09-11,45.117164611816406
2017-09-12,45.6066780090332
2017-09-13,44.21971130371094
2017-09-14,44.38288497924805
2017-09-15,44.95399475097656
2017-09-18,44.709228515625
2017-09-19,44.627647399902344
2017-09-20,44.872398376464844
2017-09-21,44.79081344604492
2017-09-22,45.19874572753906
2017-09-25,44.872398376464844
2017-09-26,44.38288497924805
2017-09-27,45.117164611816406
2017-09-28,44.38288497924805
2017-09-29,45.035579681396484
2017-10-02,44.872398376464844
2017-10-03,45.68826675415039
2017-10-04,46.74888610839844
2017-10-05,46.83047103881836
2017-10-06,46.74888610839844
2017-10-09,46.667301177978516
2017-10-10,46.09619140625
2017-10-11,46.667301177978516
2017-10-12,46.58571243286133
2017-10-13,46.58571243286133
2017-10-16,46.504119873046875
2017-10-17,46.58571243286133
2017-10-18,46.91206359863281
2017-10-19,46.83047103881836
2017-10-20,46.9936408996582
2017-10-23,46.504119873046875
2017-10-24,46.667301177978516
2017-10-25,45.361915588378906
2017-10-26,45.52509307861328
2017-10-27,45.19874572753906
2017-10-30,44.95399475097656
2017-10-31,44.38288497924805
2017-11-01,44.38288497924805
2017-11-02,43.5670280456543
2017-11-03,43.24067306518555
2017-11-06,43.64862060546875
2017-11-07,43.5670280456543
2017-11-08,43.82046127319336
2017-11-09,43.411685943603516
2017-11-10,43.65695571899414
2017-11-13,44.96502685546875
2017-11-14,43.73870849609375
2017-11-15,43.983978271484375
2017-11-16,44.14748001098633
2017-11-17,44.63801956176758
2017-11-20,44.39274597167969
2017-11-21,44.63801956176758
2017-11-22,44.47449493408203
2017-11-24,44.47449493408203
2017-11-27,44.47449493408203
2017-11-28,44.39274597167969
2017-11-29,44.80152130126953
2017-11-30,44.96502685546875
2017-12-01,45.29206085205078
2017-12-04,45.86431884765625
2017-12-05,46.92714309692383
2017-12-06,45.78258514404297
2017-12-07,46.027835845947266
2017-12-08,46.10960006713867
2017-12-11,46.10960006713867
2017-12-12,46.51837158203125
2017-12-13,46.51837158203125
2017-12-14,46.27310562133789
2017-12-15,43.90221405029297
2017-12-18,44.39274597167969
2017-12-19,43.49345397949219
2017-12-20,43.00291442871094
2017-12-21,43.08467102050781
2017-12-22,43.90221405029297
2017-12-26,44.31098937988281
2017-12-27,44.065738677978516
2017-12-28,43.983978271484375
2017-12-29,43.82046127319336
2018-01-02,42.594139099121094
2018-01-03,42.594139099121094
2018-01-04,43.411685943603516
2018-01-05,43.5751953125
2018-01-08,43.411685943603516
2018-01-09,43.411685943603516
2018-01-10,45.455543518066406
2018-01-11,44.96502685546875
2018-01-12,44.80152130126953
2018-01-16,43.983978271484375
2018-01-17,44.47449493408203
2018-01-18,44.719764709472656
2018-01-19,45.78258514404297
2018-01-22,46.191349029541016
2018-01-23,46.436607360839844
2018-01-24,46.84537887573242
2018-01-25,47.172401428222656
2018-01-26,48.88924789428711
2018-01-29,48.88924789428711
2018-01-30,48.643985748291016
2018-01-31,49.952064514160156
2018-02-01,49.952064514160156
2018-02-02,49.952064514160156
2018-02-05,49.216278076171875
2018-02-06,49.55207443237305
2018-02-07,49.14255905151367
2018-02-08,47.91399002075195
2018-02-09,47.66828536987305
2018-02-12,47.91399002075195
2018-02-13,48.8149299621582
2018-02-14,49.87969207763672
2018-02-15,50.371124267578125
2018-02-16,50.04350280761719
2018-02-20,50.04350280761719
2018-02-21,50.207305908203125
2018-02-22,50.371124267578125
2018-02-23,51.35396194458008
2018-02-26,51.84539794921875
2018-02-27,51.51778793334961
2018-02-28,51.43586730957031
2018-03-01,51.51778793334961
2018-03-02,51.59967803955078
2018-03-05,51.763484954833984
2018-03-06,52.09111785888672
2018-03-07,52.99204635620117
2018-03-08,53.07395935058594
2018-03-09,53.565391540527344
2018-03-12,54.056800842285156
2018-03-13,53.48347473144531
2018-03-14,53.07395935058594
2018-03-15,52.41872024536133
2018-03-16,53.07395935058594
2018-03-19,51.92729187011719
2018-03-20,51.763484954833984
2018-03-21,52.17300796508789
2018-03-22,51.272064208984375
2018-03-23,50.53491973876953
2018-03-26,51.763484954833984
2018-03-27,50.780635833740234
2018-03-28,50.616825103759766
2018-03-29,51.108253479003906
2018-04-02,50.04350280761719
2018-04-03,50.45302963256836
2018-04-04,51.51778793334961
2018-04-05,51.68159866333008
2018-04-06,51.272064208984375
2018-04-09,51.272064208984375
2018-04-10,51.35396194458008
2018-04-11,51.19015884399414
2018-04-12,51.02634811401367
2018-04-13,50.698726654052734
2018-04-16,50.53491973876953
2018-04-17,51.19015884399414
2018-04-18,52.09111785888672
2018-04-19,51.92729187011719
2018-04-20,51.68159866333008
2018-04-23,51.84539794921875
2018-04-24,51.35396194458008
2018-04-25,51.19015884399414
2018-04-26,51.68159866333008
2018-04-27,51.59967803955078
2018-04-30,51.84539794921875
2018-05-01,51.763484954833984
2018-05-02,51.763484954833984
2018-05-03,53.23777389526367
2018-05-04,54.630130767822266
2018-05-07,54.957759857177734
2018-05-08,54.30253219604492
2018-05-09,55.541324615478516
2018-05-10,55.9515380859375
2018-05-11,55.70541763305664
2018-05-14,56.19765090942383
2018-05-15,56.36174392700195
2018-05-16,56.853973388671875
2018-05-17,56.525821685791016
2018-05-18,57.18215560913086
2018-05-21,57.428253173828125
2018-05-22,56.93602752685547
2018-05-23,56.853973388671875
2018-05-24,56.77193832397461
2018-05-25,57.0180549621582
2018-05-29,57.264183044433594
2018-05-30,58.41273498535156
2018-05-31,58.248653411865234
2018-06-01,58.00253677368164
2018-06-04,58.248653411865234
2018-06-05,57.92049789428711
2018-06-06,58.65886306762695
2018-06-07,58.90497970581055
2018-06-08,59.397220611572266
2018-06-11,59.23313903808594
2018-06-12,59.64335250854492
2018-06-13,59.971534729003906
2018-06-14,60.545799255371094
2018-06-15,62.18659210205078
2018-06-18,62.67885208129883
2018-06-19,61.28416442871094
2018-06-20,61.6123161315918
2018-06-21,58.740901947021484
2018-06-22,58.57683181762695
2018-06-25,57.92049789428711
2018-06-26,56.77193832397461
2018-06-27,54.556854248046875
2018-06-28,55.9515380859375
2018-06-29,55.541324615478516
2018-07-02,55.9515380859375
2018-07-03,55.37725830078125
2018-07-05,56.60786056518555
2018-07-06,57.428253173828125
2018-07-09,57.75640869140625
2018-07-10,57.59233093261719
2018-07-11,57.838470458984375
2018-07-12,58.33068084716797
2018-07-13,58.248653411865234
2018-07-16,57.75640869140625
2018-07-17,58.00253677368164
2018-07-18,58.49478530883789
2018-07-19,58.57683181762695
2018-07-20,58.33068084716797
2018-07-23,58.41273498535156
2018-07-24,57.264183044433594
2018-07-25,58.57683181762695
2018-07-26,59.06906509399414
2018-07-27,58.084598541259766
2018-07-30,57.34621047973633
2018-07-31,57.59233093261719
2018-08-01,56.27968978881836
2018-08-02,57.1001091003418
2018-08-03,56.36174392700195
2018-08-06,56.525821685791016
2018-08-07,56.27968978881836
2018-08-08,57.0180549621582
2018-08-09,57.51930618286133
2018-08-10,57.19061279296875
2018-08-13,57.108455657958984
2018-08-14,57.19061279296875
2018-08-15,56.69759750366211
2018-08-16,57.02627944946289
2018-08-17,57.27278518676758
2018-08-20,57.108455657958984
2018-08-21,57.02627944946289
2018-08-22,57.51930618286133
2018-08-23,56.69759750366211
2018-08-24,57.19061279296875
2018-08-27,57.68364715576172
2018-08-28,57.51930618286133
2018-08-29,58.34098815917969
2018-08-30,58.0123291015625
2018-08-31,58.34098815917969
2018-09-04,58.75185775756836
2018-09-05,57.51930618286133
2018-09-06,57.68364715576172
2018-09-07,57.35497283935547
2018-09-10,58.66968536376953
2018-09-11,58.99837112426758
2018-09-12,58.50535202026367
2018-09-13,59.08054733276367
2018-09-14,58.58751678466797
2018-09-17,58.0123291015625
2018-09-18,57.84797286987305
2018-09-19,57.51930618286133
2018-09-20,57.60145950317383
2018-09-21,57.35497283935547
2018-09-24,51.43867492675781
2018-09-25,51.5208625793457
2018-09-26,52.42472839355469
2018-09-27,52.26040267944336
2018-09-28,51.93170928955078
2018-10-01,51.76736831665039
2018-10-02,51.19217300415039
2018-10-03,51.43867492675781
2018-10-04,51.027835845947266
2018-10-05,50.37047576904297
2018-10-08,50.94566345214844
2018-10-09,50.78131866455078
2018-10-10,48.89141082763672
2018-10-11,49.055747985839844
2018-10-12,50.86349868774414
2018-10-15,50.452640533447266
2018-10-16,51.84954071044922
2018-10-17,51.35651397705078
2018-10-18,50.61698532104492
2018-10-19,49.38442611694336
2018-10-22,49.548770904541016
2018-10-23,48.89141082763672
2018-10-24,46.42628479003906
2018-10-25,47.5766716003418
2018-10-26,46.59062576293945
2018-10-29,46.179771423339844
2018-10-30,48.15187072753906
2018-10-31,49.466590881347656
2018-11-01,50.20612335205078
2018-11-02,50.20612335205078
2018-11-05,50.20612335205078
2018-11-06,52.096046447753906
2018-11-07,51.76736831665039
2018-11-08,51.12520980834961
2018-11-09,51.12520980834961
2018-11-12,50.384273529052734
2018-11-13,50.631248474121094
2018-11-14,51.454532623291016
2018-11-15,52.03081130981445
2018-11-16,51.61919021606445
2018-11-19,49.807979583740234
2018-11-20,48.32609939575195
2018-11-21,49.72565460205078
2018-11-23,49.89031219482422
2018-11-26,50.548927307128906
2018-11-27,50.21962356567383
2018-11-28,50.960567474365234
2018-11-29,52.03081130981445
2018-11-30,51.28986358642578
2018-12-03,52.03081130981445
2018-12-04,50.960567474365234
2018-12-06,52.27779006958008
2018-12-07,51.20754623413086
2018-12-10,51.04288101196289
2018-12-11,51.5368537902832
2018-12-12,52.03081130981445
2018-12-13,51.3722038269043
2018-12-14,50.7959098815918
2018-12-17,50.384273529052734
2018-12-18,50.631248474121094
2018-12-19,49.56100082397461
2018-12-20,48.49074172973633
2018-12-21,46.02092742919922
2018-12-24,45.362308502197266
2018-12-26,47.17350769042969
2018-12-27,47.17350769042969
2018-12-28,47.09117889404297
2018-12-31,47.008846282958984
2019-01-02,48.57307434082031
2019-01-03,48.90239334106445
2019-01-04,50.7959098815918
2019-01-07,51.20754623413086
2019-01-08,52.27779006958008
2019-01-09,49.89031219482422
2019-01-10,49.972633361816406
2019-01-11,49.972633361816406
2019-01-14,48.984710693359375
2019-01-15,49.231689453125
2019-01-16,49.56100082397461
2019-01-17,49.807979583740234
2019-01-18,49.807979583740234
2019-01-22,48.161441802978516
2019-01-23,48.0791130065918
2019-01-24,47.338172912597656
2019-01-25,47.914466857910156
2019-01-28,47.338172912597656
2019-01-29,47.255836486816406
2019-01-30,48.73772048950195
2019-01-31,47.99678039550781
2019-02-01,49.231689453125
2019-02-04,49.72565460205078
2019-02-05,49.56100082397461
2019-02-06,49.14937210083008
2019-02-07,48.49074172973633
2019-02-08,48.91972351074219
2019-02-11,48.342247009277344
2019-02-12,48.67223358154297
2019-02-13,48.67223358154297
2019-02-14,48.837223052978516
2019-02-15,49.744686126708984
2019-02-19,49.4971923828125
2019-02-20,49.827171325683594
2019-02-21,50.15715408325195
2019-02-22,49.992156982421875
2019-02-25,49.66218185424805
2019-02-26,48.837223052978516
2019-02-27,48.837223052978516
2019-02-28,48.91972351074219
2019-03-01,49.41469955444336
2019-03-04,49.4971923828125
2019-03-05,49.744686126708984
2019-03-06,49.4971923828125
2019-03-07,49.41469955444336
2019-03-08,49.00222396850586
2019-03-11,49.24970626831055
2019-03-12,50.65211868286133
2019-03-13,50.239646911621094
2019-03-14,50.56962966918945
2019-03-15,50.89960479736328
2019-03-18,49.992156982421875
2019-03-19,50.404640197753906
2019-03-20,49.66218185424805
2019-03-21,49.332191467285156
2019-03-22,47.517303466796875
2019-03-25,47.434818267822266
2019-03-26,47.02233123779297
2019-03-27,46.69235610961914
2019-03-28,46.939849853515625
2019-03-29,46.77483367919922
2019-04-01,47.7647819519043
2019-04-02,48.42475509643555
2019-04-03,48.837223052978516
2019-04-04,49.16721725463867
2019-04-05,49.00222396850586
2019-04-08,49.332191467285156
2019-04-09,49.24970626831055
2019-04-10,49.41469955444336
2019-04-11,49.909671783447266
2019-04-12,50.322139739990234
2019-04-15,49.41469955444336
2019-04-16,49.16721725463867
2019-04-17,49.57969284057617
2019-04-18,49.827171325683594
2019-04-22,50.48713684082031
2019-04-23,50.734622955322266
2019-04-24,47.10481643676758
2019-04-25,47.269813537597656
2019-04-26,47.682289123535156
2019-04-29,48.42475509643555
2019-04-30,47.92978286743164
2019-05-01,48.50724792480469
2019-05-02,47.59980010986328
2019-05-03,48.50724792480469
2019-05-06,48.17726135253906
2019-05-07,47.187320709228516
2019-05-08,47.3523063659668
2019-05-09,47.20349884033203
2019-05-10,47.451507568359375
2019-05-13,46.04615783691406
2019-05-14,46.54216766357422
2019-05-15,46.376827239990234
2019-05-16,46.70749282836914
2019-05-17,46.7901725769043
2019-05-20,46.128814697265625
2019-05-21,46.62483215332031
2019-05-22,45.9634895324707
2019-05-23,44.558128356933594
2019-05-24,44.72346878051758
2019-05-28,44.22745895385742
2019-05-29,44.14478302001953
2019-05-30,44.39279556274414
2019-05-31,43.89677810668945
2019-06-03,43.566104888916016
2019-06-04,44.558128356933594
2019-06-05,43.566104888916016
2019-06-06,43.89677810668945
2019-06-07,43.89677810668945
2019-06-10,44.88880157470703
2019-06-11,45.38481903076172
2019-06-12,45.46747589111328
2019-06-13,46.128814697265625
2019-06-14,45.9634895324707
2019-06-17,46.54216766357422
2019-06-18,47.12084197998047
2019-06-19,46.95549392700195
2019-06-20,47.451507568359375
2019-06-21,46.294158935546875
2019-06-24,46.21148681640625
2019-06-25,45.798152923583984
2019-06-26,45.715476989746094
2019-06-27,46.04615783691406
2019-06-28,46.128814697265625
2019-07-01,47.20349884033203
2019-07-02,48.195526123046875
2019-07-03,48.60886764526367
2019-07-05,48.856868743896484
2019-07-08,49.02220916748047
2019-07-09,49.27022171020508
2019-07-10,49.848899841308594
2019-07-11,49.848899841308594
2019-07-12,50.179561614990234
2019-07-15,49.931556701660156
2019-07-16,50.01422882080078
2019-07-17,49.931556701660156
2019-07-18,49.931556701660156
2019-07-19,50.09688949584961
2019-07-22,50.262229919433594
2019-07-23,49.931556701660156
2019-07-24,50.42756271362305
2019-07-25,50.75823211669922
2019-07-26,51.419578552246094
2019-07-29,50.92357635498047
2019-07-30,51.08890914916992
2019-07-31,51.75025177001953
2019-08-01,51.83293151855469
2019-08-02,52.4116096496582
2019-08-05,50.01422882080078
2019-08-06,50.34489822387695
2019-08-07,50.51023483276367
2019-08-08,51.10661697387695
2019-08-09,50.69245529174805
2019-08-12,50.029815673828125
2019-08-13,50.36113739013672
2019-08-14,49.698490142822266
2019-08-15,49.45000457763672
2019-08-16,50.36113739013672
2019-08-19,51.189449310302734
2019-08-20,50.443965911865234
2019-08-21,51.02377700805664
2019-08-22,51.02377700805664
2019-08-23,49.615657806396484
2019-08-26,50.36113739013672
2019-08-27,50.19548034667969
2019-08-28,50.775291442871094
2019-08-29,51.43793487548828
2019-08-30,51.10661697387695
2019-09-03,51.02377700805664
2019-09-04,51.43793487548828
2019-09-05,52.01776123046875
2019-09-06,51.76926040649414
2019-09-09,52.1005859375
2019-09-10,52.68040466308594
2019-09-11,53.757198333740234
2019-09-12,53.425880432128906
2019-09-13,52.928897857666016
2019-09-16,52.76322937011719
2019-09-17,53.59153366088867
2019-09-18,52.928897857666016
2019-09-19,52.51473617553711
2019-09-20,51.85209655761719
2019-09-23,52.1005859375
2019-09-24,51.60360336303711
2019-09-25,52.34907913208008
2019-09-26,51.85209655761719
2019-09-27,51.43793487548828
2019-09-30,51.85209655761719
2019-10-01,51.189449310302734
2019-10-02,51.60360336303711
2019-10-03,52.597572326660156
2019-10-04,52.8460578918457
2019-10-07,52.43190002441406
2019-10-08,51.686431884765625
2019-10-09,51.76926040649414
2019-10-10,51.76926040649414
2019-10-11,52.2662467956543
2019-10-14,52.43190002441406
2019-10-15,53.343048095703125
2019-10-16,53.26021957397461
2019-10-17,53.67436981201172
2019-10-18,53.26021957397461
2019-10-21,53.17738342285156
2019-10-22,53.01172637939453
2019-10-23,53.425880432128906
2019-10-24,53.50870895385742
2019-10-25,53.343048095703125
2019-10-28,53.50870895385742
2019-10-29,52.76322937011719
2019-10-30,53.59153366088867
2019-10-31,55.66231155395508
2019-11-01,56.490623474121094
2019-11-04,56.07645034790039
2019-11-05,56.57344055175781
2019-11-06,56.15929412841797
2019-11-07,56.43315505981445
2019-11-08,56.848114013671875
2019-11-11,57.76099395751953
2019-11-12,57.51203918457031
2019-11-13,57.09707260131836
2019-11-14,57.92698287963867
2019-11-15,57.429039001464844
2019-11-18,57.67801284790039
2019-11-19,57.843990325927734
2019-11-20,57.26305389404297
2019-11-21,57.76099395751953
2019-11-22,56.51615524291992
2019-11-25,56.848114013671875
2019-11-26,57.26305389404297
2019-11-27,57.51203918457031
2019-11-29,57.92698287963867
2019-12-02,57.18007278442383
2019-12-03,56.267181396484375
2019-12-04,57.01408767700195
2019-12-05,56.93110275268555
2019-12-06,56.68212127685547
2019-12-09,57.01408767700195
2019-12-10,57.18007278442383
2019-12-11,57.01408767700195
2019-12-12,57.18007278442383
2019-12-13,57.429039001464844
2019-12-16,57.67801284790039
2019-12-17,58.009979248046875
2019-12-18,58.42490005493164
2019-12-19,58.756893157958984
2019-12-20,59.58678436279297
2019-12-23,58.839881896972656
2019-12-24,59.25481033325195
2019-12-26,59.42080307006836
2019-12-27,59.25481033325195
2019-12-30,58.839881896972656
2019-12-31,59.337806701660156
2020-01-02,59.17183303833008
2020-01-03,58.839881896972656
2020-01-06,59.08883285522461
2020-01-07,58.67390441894531
2020-01-08,58.590904235839844
2020-01-09,58.50791549682617
2020-01-10,58.09296798706055
2020-01-13,58.50791549682617
2020-01-14,59.005836486816406
2020-01-15,59.50380325317383
2020-01-16,59.75275802612305
2020-01-17,59.50380325317383
2020-01-21,59.337806701660156
2020-01-22,59.75275802612305
2020-01-23,59.42080307006836
2020-01-24,59.005836486816406
2020-01-27,59.08883285522461
2020-01-28,59.17183303833008
2020-01-29,58.756893157958984
2020-01-30,59.669761657714844
2020-01-31,58.67390441894531
2020-02-03,59.50380325317383
2020-02-04,59.83574295043945
2020-02-05,59.50380325317383
2020-02-06,59.669761657714844
2020-02-07,59.005836486816406
2020-02-10,59.75275802612305
2020-02-11,59.528282165527344
2020-02-12,59.943973541259766
2020-02-13,60.110260009765625
2020-02-14,59.943973541259766
2020-02-18,60.19340515136719
2020-02-19,60.276546478271484
2020-02-20,61.024803161621094
2020-02-21,60.19340515136719
2020-02-24,58.53057861328125
2020-02-25,58.031761169433594
2020-02-26,56.45209884643555
2020-02-27,53.70847702026367
2020-02-28,52.71078872680664
2020-03-02,54.45673751831055
2020-03-03,53.8747673034668
2020-03-04,55.28813552856445
2020-03-05,55.20500183105469
2020-03-06,53.542198181152344
2020-03-09,50.21659851074219
2020-03-10,52.62765884399414
2020-03-11,50.29973602294922
2020-03-12,46.225868225097656
2020-03-13,49.05263137817383
2020-03-16,42.23514938354492
2020-03-17,45.14504623413086
2020-03-18,39.49152755737305
2020-03-19,39.824092864990234
2020-03-20,36.914188385009766
2020-03-23,37.57931137084961
2020-03-24,41.40373992919922
2020-03-25,41.9857292175293
2020-03-26,43.23283004760742
2020-03-27,40.9880485534668
2020-03-30,39.99037170410156
2020-03-31,41.07119369506836
2020-04-01,38.57698059082031
2020-04-02,39.49152755737305
2020-04-03,37.24674987792969
2020-04-06,39.824092864990234
2020-04-07,40.82176208496094
2020-04-08,42.98341369628906
2020-04-09,43.64853286743164
2020-04-13,42.56771469116211
2020-04-14,45.061912536621094
2020-04-15,44.064231872558594
2020-04-16,44.064231872558594
2020-04-17,43.9810905456543
2020-04-20,43.39910888671875
2020-04-21,41.57002258300781
2020-04-22,41.9857292175293
2020-04-23,44.64621353149414
2020-04-24,45.81016540527344
2020-04-27,46.64157485961914
2020-04-28,47.888668060302734
2020-04-29,49.218910217285156
2020-04-30,49.13576889038086
2020-05-01,48.22122573852539
2020-05-04,47.8055305480957
2020-05-05,47.72238540649414
2020-05-06,47.05727767944336
2020-05-07,45.998966217041016
2020-05-08,47.915592193603516
2020-05-11,47.16560363769531
2020-05-12,45.24898147583008
2020-05-13,43.499027252197266
2020-05-14,44.08234405517578
2020-05-15,44.498992919921875
2020-05-18,45.91562271118164
2020-05-19,45.415645599365234
2020-05-20,43.58235549926758
2020-05-21,43.33235549926758
2020-05-22,44.24899673461914
2020-05-26,45.66563415527344
2020-05-27,48.16557693481445
2020-05-28,47.33226776123047
2020-05-29,48.4989013671875
2020-06-01,49.74888610839844
2020-06-02,49.83219909667969
2020-06-03,52.08216094970703
2020-06-04,53.74878692626953
2020-06-05,54.248783111572266
2020-06-08,54.33210372924805
2020-06-09,52.74880599975586
2020-06-10,51.83216857910156
2020-06-11,48.748897552490234
2020-06-12,49.49888610839844
2020-06-15,49.91554260253906
2020-06-16,50.33219909667969
2020-06-17,50.1655387878418
2020-06-18,50.49885940551758
2020-06-19,49.6655387878418
2020-06-22,49.6655387878418
2020-06-23,49.16556167602539
2020-06-24,48.16557693481445
2020-06-25,48.4989013671875
2020-06-26,46.16563034057617
2020-06-29,47.498931884765625
2020-06-30,48.915565490722656
2020-07-01,49.08222198486328
2020-07-02,48.665565490722656
2020-07-06,48.915565490722656
2020-07-07,48.24890899658203
2020-07-08,48.16557693481445
2020-07-09,46.91561508178711
2020-07-10,47.498931884765625
2020-07-13,46.58229064941406
2020-07-14,47.16560363769531
2020-07-15,50.08219909667969
2020-07-16,49.582218170166016
2020-07-17,49.08222198486328
2020-07-20,48.4989013671875
2020-07-21,48.915565490722656
2020-07-22,49.49888610839844
2020-07-23,49.08222198486328
2020-07-24,49.24888610839844
2020-07-27,49.91554260253906
2020-07-28,49.582218170166016
2020-07-29,49.24888610839844
2020-07-30,48.915565490722656
2020-07-31,48.9988899230957
2020-08-03,48.915565490722656
2020-08-04,49.332210540771484
2020-08-05,49.24888610839844
2020-08-06,49.44096755981445
2020-08-07,49.94205856323242
2020-08-10,50.19261169433594
2020-08-11,50.52667236328125
2020-08-12,50.860740661621094
2020-08-13,50.19261169433594
2020-08-14,49.94205856323242
2020-08-17,50.109092712402344
2020-08-18,49.6915283203125
2020-08-19,49.023399353027344
2020-08-20,48.68933868408203
2020-08-21,48.6058235168457
2020-08-24,48.85636901855469
2020-08-25,48.939876556396484
2020-08-26,48.68933868408203
2020-08-27,49.27394485473633
2020-08-28,49.77503204345703
2020-08-31,49.023399353027344
2020-09-01,48.68933868408203
2020-09-02,49.52449035644531
2020-09-03,48.104736328125
2020-09-04,47.77067565917969
2020-09-08,46.935523986816406
2020-09-09,47.687156677246094
2020-09-10,46.60145568847656
2020-09-11,45.76630783081055
2020-09-14,47.1025505065918
2020-09-15,44.76412582397461
2020-09-16,45.09818649291992
2020-09-17,44.34654998779297
2020-09-18,43.09381866455078
2020-09-21,42.67625045776367
2020-09-22,42.84326934814453
2020-09-23,41.92461013793945
2020-09-24,42.59272384643555
2020-09-25,42.7597541809082
2020-09-28,44.17951583862305
2020-09-29,43.845455169677734
2020-09-30,44.76412582397461
2020-10-01,47.186065673828125
2020-10-02,46.434417724609375
2020-10-05,46.85200881958008
2020-10-06,46.434417724609375
2020-10-07,48.6058235168457
2020-10-08,49.77503204345703
2020-10-09,48.77285385131836
2020-10-12,49.35745620727539
2020-10-13,49.190425872802734
2020-10-14,48.77285385131836
2020-10-15,48.77285385131836
2020-10-16,48.77285385131836
2020-10-19,47.85418701171875
2020-10-20,48.43879699707031
2020-10-21,48.939876556396484
2020-10-22,50.02558135986328
2020-10-23,49.94205856323242
2020-10-26,48.35526657104492
2020-10-27,49.35745620727539
2020-10-28,47.603641510009766
2020-10-29,48.68933868408203
2020-10-30,47.85418701171875
2020-11-02,48.27176284790039
2020-11-03,48.6058235168457
2020-11-04,49.190425872802734
2020-11-05,50.99058151245117
2020-11-06,50.48820877075195
2020-11-09,50.65568161010742
2020-11-10,50.153297424316406
2020-11-11,51.744140625
2020-11-12,51.15803909301758
2020-11-13,52.497703552246094
2020-11-16,53.33498001098633
2020-11-17,53.66988754272461
2020-11-18,52.91633605957031
2020-11-19,53.66988754272461
2020-11-20,53.75362777709961
2020-11-23,54.92582321166992
2020-11-24,54.84209060668945
2020-11-25,54.17226028442383
2020-11-27,54.84209060668945
2020-11-30,54.339717864990234
2020-12-01,54.59090805053711
2020-12-02,53.83735656738281
2020-12-03,53.83735656738281
2020-12-04,53.08379364013672
2020-12-07,54.59090805053711
2020-12-08,55.34445571899414
2020-12-09,53.66988754272461
2020-12-10,53.502437591552734
2020-12-11,53.75362777709961
2020-12-14,53.000064849853516
2020-12-15,53.502437591552734
2020-12-16,53.33498001098633
2020-12-17,53.418704986572266
2020-12-18,52.832603454589844
2020-12-21,52.832603454589844
2020-12-22,52.497703552246094
2020-12-23,52.497703552246094
2020-12-24,52.832603454589844
2020-12-28,53.16753005981445
2020-12-29,53.66988754272461
2020-12-30,53.66988754272461
2020-12-31,53.33498001098633
2021-01-04,51.6604118347168
2021-01-05,52.246517181396484
2021-01-06,54.59090805053711
2021-01-07,53.75362777709961
2021-01-08,49.48346710205078
2021-01-11,49.73466110229492
2021-01-12,49.23228454589844
2021-01-13,49.316017150878906
2021-01-14,48.81364440917969
2021-01-15,48.562469482421875
2021-01-19,49.818397521972656
2021-01-20,49.902122497558594
2021-01-21,50.153297424316406
2021-01-22,49.98584747314453
2021-01-25,50.73939514160156
2021-01-26,54.84209060668945
2021-01-27,57.521400451660156
2021-01-28,53.58616256713867
2021-01-29,52.41397476196289
2021-02-01,52.41397476196289
2021-02-02,51.911598205566406
2021-02-03,51.744140625
2021-02-04,51.24177551269531
2021-02-05,51.15803909301758
2021-02-08,50.73939514160156
2021-02-09,50.86530303955078
2021-02-10,50.949241638183594
2021-02-11,51.28498077392578
2021-02-12,51.11711883544922
2021-02-16,50.27775192260742
2021-02-17,50.44562530517578
2021-02-18,50.52956771850586
2021-02-19,50.44562530517578
2021-02-22,50.52956771850586
2021-02-23,49.94200897216797
2021-02-24,50.27775192260742
2021-02-25,49.186580657958984
2021-02-26,49.102657318115234
2021-03-01,50.52956771850586
2021-03-02,50.19382095336914
2021-03-03,49.43838882446289
2021-03-04,48.59903335571289
2021-03-05,49.43838882446289
2021-03-08,49.606258392333984
2021-03-09,50.109886169433594
2021-03-10,50.86530303955078
2021-03-11,51.53679275512695
2021-03-12,51.70466613769531
2021-03-15,52.4600944519043
2021-03-16,53.13157653808594
2021-03-17,52.79583740234375
2021-03-18,51.20105743408203
2021-03-19,51.033172607421875
2021-03-22,52.96370315551758
2021-03-23,52.376155853271484
2021-03-24,51.28498077392578
2021-03-25,51.62073516845703
2021-03-26,52.20828628540039
2021-03-29,51.62073516845703
2021-03-30,51.368934631347656
2021-03-31,51.11711883544922
2021-04-01,52.62797164916992
2021-04-05,52.87977600097656
2021-04-06,53.215518951416016
2021-04-07,53.13157653808594
2021-04-08,52.96370315551758
2021-04-09,53.299461364746094
2021-04-12,52.29222106933594
2021-04-13,52.04041290283203
2021-04-14,52.7119026184082
2021-04-15,52.376155853271484
2021-04-16,52.96370315551758
2021-04-19,52.7119026184082
2021-04-20,52.96370315551758
2021-04-21,53.635196685791016
2021-04-22,52.87977600097656
2021-04-23,53.55126190185547
2021-04-26,53.38339614868164
2021-04-27,52.96370315551758
2021-04-28,50.949241638183594
2021-04-29,51.452857971191406
2021-04-30,51.20105743408203
2021-05-03,50.86530303955078
2021-05-04,50.44562530517578
2021-05-05,50.613502502441406
2021-05-06,50.31898880004883
2021-05-07,50.82386016845703
2021-05-10,50.150699615478516
2021-05-11,49.39339065551758
2021-05-12,48.55192565917969
2021-05-13,49.140960693359375
2021-05-14,49.72996139526367
2021-05-17,49.39339065551758
2021-05-18,49.39339065551758
2021-05-19,48.888511657714844
2021-05-20,50.31898880004883
2021-05-21,50.066551208496094
2021-05-24,51.66531753540039
2021-05-25,50.40312957763672
2021-05-26,50.90800857543945
2021-05-27,52.25433349609375
2021-05-28,52.590911865234375
2021-06-01,52.84334945678711
2021-06-02,54.27381896972656
2021-06-03,53.6848030090332
2021-06-04,54.44211196899414
2021-06-07,55.5359992980957
2021-06-08,59.65913009643555
2021-06-09,57.63964080810547
2021-06-10,56.29331588745117
2021-06-11,56.71403884887695
2021-06-14,56.798194885253906
2021-06-15,55.788448333740234
2021-06-16,55.19942092895508
2021-06-17,53.85309600830078
2021-06-18,53.01164627075195
2021-06-21,53.179931640625
2021-06-22,53.516517639160156
2021-06-23,52.92749786376953
2021-06-24,53.93724060058594
2021-06-25,54.86284255981445
2021-06-28,54.77869415283203
2021-06-29,55.11528015136719
2021-06-30,55.031131744384766
2021-07-01,55.283573150634766
2021-07-02,55.788448333740234
2021-07-06,55.031131744384766
2021-07-07,55.283573150634766
2021-07-08,54.35797119140625
2021-07-09,55.19942092895508
2021-07-12,54.86284255981445
2021-07-13,54.27381896972656
2021-07-14,54.694549560546875
2021-07-15,54.18968200683594
2021-07-16,53.768951416015625
2021-07-19,53.34822082519531
2021-07-20,54.94699478149414
2021-07-21,55.11528015136719
2021-07-22,54.526268005371094
2021-07-23,54.10554504394531
2021-07-26,53.6848030090332
2021-07-27,56.461612701416016
2021-07-28,54.526268005371094
2021-07-29,54.61040496826172
2021-07-30,54.44211196899414
2021-08-02,54.61040496826172
2021-08-03,54.27381896972656
2021-08-04,54.10554504394531
2021-08-05,54.90678024291992
2021-08-06,54.82244110107422
2021-08-09,52.71388626098633
2021-08-10,51.95480728149414
2021-08-11,51.7861213684082
2021-08-12,50.858360290527344
2021-08-13,50.858360290527344
2021-08-16,51.19572830200195
2021-08-17,51.61743927001953
2021-08-18,51.7861213684082
2021-08-19,52.039146423339844
2021-08-20,53.13560485839844
2021-08-23,52.629547119140625
2021-08-24,53.21993637084961
2021-08-25,53.21993637084961
2021-08-26,52.29217529296875
2021-08-27,52.71388626098633
2021-08-30,52.882572174072266
2021-08-31,52.882572174072266
2021-09-01,53.21993637084961
2021-09-02,53.725990295410156
2021-09-03,53.38862228393555
2021-09-07,51.95480728149414
2021-09-08,51.87046432495117
2021-09-09,51.19572830200195
2021-09-10,50.60531997680664
2021-09-13,51.02704620361328
2021-09-14,50.858360290527344
2021-09-15,50.94269561767578
2021-09-16,51.19572830200195
2021-09-17,51.280067443847656
2021-09-20,50.60531997680664
2021-09-21,50.4366455078125
2021-09-22,50.60531997680664
2021-09-23,50.94269561767578
2021-09-24,51.11138153076172
2021-09-27,51.5330924987793
2021-09-28,51.44874954223633
2021-09-29,51.44874954223633
2021-09-30,51.44874954223633
2021-10-01,51.61743927001953
2021-10-04,51.61743927001953
2021-10-05,52.12349319458008
2021-10-06,52.039146423339844
2021-10-07,53.0512580871582
2021-10-08,51.11138153076172
2021-10-11,50.267967224121094
2021-10-12,50.94269561767578
2021-10-13,50.60531997680664
2021-10-14,50.858360290527344
2021-10-15,50.77402114868164
2021-10-18,50.858360290527344
2021-10-19,50.77402114868164
2021-10-20,52.29217529296875
2021-10-21,51.5330924987793
2021-10-22,51.19572830200195
2021-10-25,50.94269561767578
2021-10-26,50.858360290527344
2021-10-27,50.267967224121094
2021-10-28,51.280067443847656
2021-10-29,51.36440658569336
2021-11-01,52.96691131591797
2021-11-02,53.0512580871582
2021-11-03,54.73809814453125
2021-11-04,54.07799530029297
2021-11-05,54.247249603271484
2021-11-08,54.67039489746094
2021-11-09,54.41651916503906
2021-11-10,54.50114440917969
2021-11-11,55.601318359375
2021-11-12,55.93982696533203
2021-11-15,56.10909652709961
2021-11-16,56.10909652709961
2021-11-17,56.10909652709961
2021-11-18,53.48558807373047
2021-11-19,52.385414123535156
2021-11-22,51.454490661621094
2021-11-23,52.385414123535156
2021-11-24,52.554664611816406
2021-11-26,52.21615219116211
2021-11-29,53.06244659423828
2021-11-30,51.62374496459961
2021-12-01,50.86208724975586
2021-12-02,52.893184661865234
2021-12-03,52.554664611816406
2021-12-06,53.48558807373047
2021-12-07,52.47003936767578
2021-12-08,52.554664611816406
2021-12-09,52.13152313232422
2021-12-10,53.147071838378906
2021-12-13,53.23170471191406
2021-12-14,53.31633758544922
2021-12-15,53.99336242675781
2021-12-16,53.65484619140625
2021-12-17,53.99336242675781
2021-12-20,53.739479064941406
2021-12-21,54.247249603271484
2021-12-22,53.99336242675781
2021-12-23,54.41651916503906
2021-12-27,54.58576202392578
2021-12-28,54.247249603271484
2021-12-29,53.90873336791992
2021-12-30,54.33188247680664
2021-12-31,53.739479064941406
2022-01-03,53.8241081237793
2022-01-04,52.21615219116211
2022-01-05,52.04689407348633
2022-01-06,52.385414123535156
2022-01-07,52.47003936767578
2022-01-10,52.977821350097656
2022-01-11,53.48558807373047
2022-01-12,53.57021713256836
2022-01-13,53.8241081237793
2022-01-14,52.300785064697266
2022-01-18,51.7083740234375
2022-01-19,51.62374496459961
2022-01-20,51.115970611572266
2022-01-21,50.86208724975586
2022-01-24,51.20060729980469
2022-01-25,51.28522872924805
2022-01-26,50.60820007324219
2022-01-27,51.87763595581055
2022-01-28,52.385414123535156
2022-01-31,53.8241081237793
2022-02-01,57.20927047729492
2022-02-02,56.53224182128906
2022-02-03,56.447601318359375
2022-02-04,57.37853240966797
2022-02-07,57.040008544921875
2022-02-08,57.54779052734375
2022-02-09,58.055564880371094
2022-02-10,55.781982421875
2022-02-11,54.8126220703125
2022-02-14,54.37200927734375
2022-02-15,54.63637924194336
2022-02-16,54.37200927734375
2022-02-17,53.13829040527344
2022-02-18,53.13829040527344
2022-02-22,53.050167083740234
2022-02-23,52.609554290771484
2022-02-24,53.402652740478516
2022-02-25,54.28388595581055
2022-02-28,54.28388595581055
2022-03-01,53.57890319824219
2022-03-02,54.19576644897461
2022-03-03,54.46013641357422
2022-03-04,54.37200927734375
2022-03-07,56.222599029541016
2022-03-08,56.222599029541016
2022-03-09,54.8126220703125
2022-03-10,54.8126220703125
2022-03-11,54.548255920410156
2022-03-14,54.28388595581055
2022-03-15,54.98887634277344
2022-03-16,54.72450256347656
2022-03-17,55.07699966430664
2022-03-18,55.781982421875
2022-03-21,55.42948913574219
2022-03-22,56.48696517944336
2022-03-23,56.39884567260742
2022-03-24,57.28007507324219
2022-03-25,57.80881118774414
2022-03-28,58.16130447387695
2022-03-29,58.33755111694336
2022-03-30,58.51380157470703
2022-03-31,58.33755111694336
2022-04-01,58.07318115234375
2022-04-04,58.95441818237305
2022-04-05,58.33755111694336
2022-04-06,57.985076904296875
2022-04-07,57.80881118774414
2022-04-08,57.28007507324219
2022-04-11,57.54444885253906
2022-04-12,57.456321716308594
2022-04-13,57.54444885253906
2022-04-14,56.927581787109375
2022-04-18,55.16512680053711
2022-04-19,56.48696517944336
2022-04-20,56.48696517944336
2022-04-21,55.95823669433594
2022-04-22,55.07699966430664
2022-04-25,54.37200927734375
2022-04-26,53.314537048339844
2022-04-27,52.609554290771484
2022-04-28,55.60572814941406
2022-04-29,52.87390899658203
2022-05-02,53.13829040527344
2022-05-03,53.57890319824219
2022-05-04,54.9007453918457
2022-05-05,54.2109489440918
2022-05-06,53.68033981323242
2022-05-09,53.503475189208984
2022-05-10,53.68033981323242
2022-05-11,53.23816680908203
2022-05-12,52.97285461425781
2022-05-13,54.299381256103516
2022-05-16,54.2109489440918
2022-05-17,54.918434143066406
2022-05-18,53.41503143310547
2022-05-19,53.857208251953125
2022-05-20,54.476261138916016
2022-05-23,55.09530258178711
2022-05-24,54.7415657043457
2022-05-25,54.82999801635742
2022-05-26,55.97966003417969
2022-05-27,56.421836853027344
2022-05-31,56.598716735839844
2022-06-01,55.80278778076172
2022-06-02,56.06809997558594
2022-06-03,55.44904708862305
2022-06-06,55.36061477661133
2022-06-07,55.62592315673828
2022-06-08,54.918434143066406
2022-06-09,54.38782501220703
2022-06-10,53.945648193359375
2022-06-13,52.35380554199219
2022-06-14,52.44224548339844
2022-06-15,53.14972686767578
2022-06-16,50.49665832519531
2022-06-17,51.73476791381836
2022-06-21,52.26536560058594
2022-06-22,52.44224548339844
2022-06-23,53.945648193359375
2022-06-24,54.7415657043457
2022-06-27,55.36061477661133
2022-06-28,54.122520446777344
2022-06-29,54.03407287597656
2022-06-30,54.2109489440918
2022-07-01,54.918434143066406
2022-07-05,55.006874084472656
2022-07-06,54.7415657043457
2022-07-07,55.272178649902344
2022-07-08,55.80278778076172
2022-07-11,54.7415657043457
2022-07-12,54.82999801635742
2022-07-13,55.09530258178711
2022-07-14,55.62592315673828
2022-07-15,56.15653991699219
2022-07-18,56.15653991699219
2022-07-19,57.30619430541992
2022-07-20,57.571495056152344
2022-07-21,57.65993881225586
2022-07-22,57.12931823730469
2022-07-25,56.421836853027344
2022-07-26,56.421836853027344
2022-07-27,56.95246124267578
2022-07-28,58.190555572509766
2022-07-29,59.07490921020508
2022-08-01,59.07490921020508
2022-08-02,59.16334533691406
2022-08-03,59.42864990234375
2022-08-04,59.53511428833008
2022-08-05,58.381683349609375
2022-08-08,59.00276184082031
2022-08-09,59.53511428833008
2022-08-10,59.80128860473633
2022-08-11,59.71257019042969
2022-08-12,60.15620040893555
2022-08-15,60.067466735839844
2022-08-16,58.55912780761719
2022-08-17,57.84932327270508
2022-08-18,57.5831413269043
2022-08-19,56.78461456298828
2022-08-22,55.54245376586914
2022-08-23,55.71989440917969
2022-08-24,55.3650016784668
2022-08-25,55.63117599487305
2022-08-26,54.7439079284668
2022-08-29,54.30028533935547
2022-08-30,54.211551666259766
2022-08-31,54.03410339355469
2022-09-01,54.389007568359375
2022-09-02,53.85665512084961
2022-09-06,53.23556137084961
2022-09-07,54.832645416259766
2022-09-08,54.921363830566406
2022-09-09,55.63117599487305
2022-09-12,55.54245376586914
2022-09-13,53.32429504394531
2022-09-14,53.32429504394531
2022-09-15,52.703216552734375
2022-09-16,52.96940231323242
2022-09-19,53.413028717041016
2022-09-20,53.23556137084961
2022-09-21,52.43703842163086
2022-09-22,52.08213424682617
2022-09-23,51.54977798461914
2022-09-26,51.54977798461914
2022-09-27,51.63850784301758
2022-09-28,52.79194641113281
2022-09-29,51.283599853515625
2022-09-30,50.66251754760742
2022-10-03,51.993404388427734
2022-10-04,52.96940231323242
2022-10-05,52.96940231323242
2022-10-06,52.61449432373047
2022-10-07,52.08213424682617
2022-10-10,52.61449432373047
2022-10-11,52.96940231323242
2022-10-12,52.880672454833984
2022-10-13,54.47772979736328
2022-10-14,53.67920684814453
2022-10-17,54.921363830566406
2022-10-18,55.27626419067383
2022-10-19,54.47772979736328
2022-10-20,54.122833251953125
2022-10-21,54.921363830566406
2022-10-24,55.27626419067383
2022-10-25,55.71989440917969
2022-10-26,55.27626419067383
2022-10-27,54.211551666259766
2022-10-28,54.7439079284668
2022-10-31,53.590476989746094
2022-11-01,53.76792907714844
2022-11-02,53.85665512084961
2022-11-03,54.03410339355469
2022-11-04,54.65518569946289
2022-11-07,55.71989440917969
2022-11-08,56.42971420288086
2022-11-09,56.287208557128906
2022-11-10,57.08876037597656
2022-11-11,57.35595703125
2022-11-14,57.177825927734375
2022-11-15,57.62313461303711
2022-11-16,57.71220016479492
2022-11-17,56.64345932006836
2022-11-18,56.910640716552734
2022-11-21,57.26689529418945
2022-11-22,57.8012580871582
2022-11-23,57.890323638916016
2022-11-25,57.8012580871582
2022-11-28,56.82157897949219
2022-11-29,57.08876037597656
2022-11-30,57.8012580871582
2022-12-01,57.08876037597656
2022-12-02,55.5747184753418
2022-12-05,55.04034423828125
2022-12-06,54.77315139770508
2022-12-07,55.21846008300781
2022-12-08,54.862213134765625
2022-12-09,54.41689682006836
2022-12-12,54.77315139770508
2022-12-13,54.862213134765625
2022-12-14,54.5059700012207
2022-12-15,53.170040130615234
2022-12-16,53.08097457885742
2022-12-19,52.54660415649414
2022-12-20,52.279415130615234
2022-12-21,52.54660415649414
2022-12-22,51.74504089355469
2022-12-23,52.012229919433594
2022-12-27,51.47785568237305
2022-12-28,51.03254699707031
2022-12-29,51.8341064453125
2022-12-30,52.012229919433594
2023-01-03,51.566925048828125
2023-01-04,52.190345764160156
2023-01-05,51.923160552978516
2023-01-06,53.34815979003906
2023-01-09,52.63566207885742
2023-01-10,52.63566207885742
2023-01-11,53.43721008300781
2023-01-12,53.08097457885742
2023-01-13,53.08097457885742
2023-01-17,53.259098052978516
2023-01-18,52.012229919433594
2023-01-19,51.566925048828125
2023-01-20,52.012229919433594
2023-01-23,52.36848068237305
2023-01-24,51.566925048828125
2023-01-25,52.63566207885742
2023-01-26,52.54660415649414
2023-01-27,52.724727630615234
2023-01-30,52.279415130615234
2023-01-31,51.566925048828125
2023-02-01,52.190345764160156
2023-02-02,47.202877044677734
2023-02-03,46.490386962890625
2023-02-06,44.441959381103516
2023-02-07,45.065391540527344
2023-02-08,44.74323654174805
2023-02-09,42.7745361328125
2023-02-10,42.23762130737305
2023-02-13,42.148128509521484
2023-02-14,41.61121368408203
2023-02-15,41.96915817260742
2023-02-16,41.25326156616211
2023-02-17,41.16377639770508
2023-02-21,39.82148361206055
2023-02-22,39.37405014038086
2023-02-23,39.28456497192383
2023-02-24,39.28456497192383
2023-02-27,39.91096878051758
2023-02-28,39.28456497192383
2023-03-01,38.210731506347656
2023-03-02,38.479183197021484
2023-03-03,38.0317497253418
2023-03-06,38.479183197021484
2023-03-07,36.33151626586914
2023-03-08,34.54178237915039
2023-03-09,34.00486373901367
2023-03-10,32.84153747558594
2023-03-13,32.483585357666016
2023-03-14,31.409753799438477
2023-03-15,32.57307434082031
2023-03-16,32.30461502075195
2023-03-17,32.57307434082031
2023-03-20,33.19948196411133
2023-03-21,34.00486373901367
2023-03-22,32.93102264404297
2023-03-23,32.30461502075195
2023-03-24,33.73640441894531
2023-03-27,33.557437896728516
2023-03-28,34.36280822753906
2023-03-29,34.89973068237305
2023-03-30,35.4366455078125
2023-03-31,35.5261344909668
2023-04-03,35.4366455078125
2023-04-04,34.36280822753906
2023-04-05,35.4366455078125
2023-04-06,35.705101013183594
2023-04-10,36.51047897338867
2023-04-11,36.33151626586914
2023-04-12,35.615623474121094
2023-04-13,36.24203109741211
2023-04-14,35.4366455078125
2023-04-17,35.705101013183594
2023-04-18,34.72075653076172
2023-04-19,35.168182373046875
2023-04-20,34.00486373901367
2023-04-21,34.36280822753906
2023-04-24,33.825889587402344
2023-04-25,33.0205078125
2023-04-26,32.662567138671875
2023-04-27,33.11000442504883
2023-04-28,34.00486373901367
2023-05-01,33.825889587402344
2023-05-02,32.93102264404297
2023-05-03,33.0205078125
2023-05-04,32.33597183227539
2023-05-05,33.59696960449219
2023-05-08,32.426029205322266
2023-05-09,30.804725646972656
2023-05-10,30.804725646972656
2023-05-11,32.606178283691406
2023-05-12,31.97566795349121
2023-05-15,32.33597183227539
2023-05-16,31.885601043701172
2023-05-17,32.696250915527344
2023-05-18,32.696250915527344
2023-05-19,31.795528411865234
2023-05-22,31.97566795349121
2023-05-23,31.795528411865234
2023-05-24,31.795528411865234
2023-05-25,31.435239791870117
2023-05-26,31.795528411865234
2023-05-30,32.426029205322266
2023-05-31,32.06574249267578
2023-06-01,33.326759338378906
2023-06-02,32.24588394165039
2023-06-05,32.426029205322266
2023-06-06,33.59696960449219
2023-06-07,34.76791763305664
2023-06-08,34.94805908203125
2023-06-09,34.31754684448242
2023-06-12,34.13740921020508
2023-06-13,34.49769973754883
2023-06-14,33.9572639465332
2023-06-15,34.49769973754883
2023-06-16,35.48849105834961
2023-06-20,33.777122497558594
2023-06-21,32.966461181640625
2023-06-22,33.777122497558594
2023-06-23,34.49769973754883
2023-06-26,35.2182731628418
2023-06-27,36.839576721191406
2023-06-28,38.460880279541016
2023-06-29,39.00130844116211
2023-06-30,40.802757263183594
2023-07-03,41.70348358154297
2023-07-05,41.07297897338867
2023-07-06,39.99211120605469
2023-07-07,40.08218002319336
2023-07-10,41.523338317871094
2023-07-11,43.054569244384766
2023-07-12,43.32478713989258
2023-07-13,44.04536056518555
2023-07-14,42.78434753417969
2023-07-17,44.4957275390625
2023-07-18,47.648258209228516
2023-07-19,49.449703216552734
2023-07-20,70.34647369384766
2023-07-21,63.771202087402344
2023-07-24,54.043392181396484
2023-07-25,46.20709228515625
2023-07-26,44.04536056518555
2023-07-27,43.32478713989258
2023-07-28,46.026954650878906
2023-07-31,45.93688201904297
2023-08-01,44.85601043701172
2023-08-02,44.67586135864258
2023-08-03,44.85601043701172
2023-08-04,43.50493240356445
2023-08-07,43.5411376953125
2023-08-08,43.631656646728516
2023-08-09,44.17478561401367
2023-08-10,43.81270217895508
2023-08-11,42.99800491333008
2023-08-14,42.54539108276367
2023-08-15,42.63591384887695
2023-08-16,41.82121658325195
2023-08-17,40.734954833984375
2023-08-18,40.644432067871094
2023-08-21,39.82972717285156
2023-08-22,38.65294647216797
2023-08-23,37.38563537597656
2023-08-24,36.29936218261719
2023-08-25,36.5709342956543
2023-08-28,37.11406707763672
2023-08-29,38.74345779418945
2023-08-30,41.45912551879883
2023-08-31,39.82972717285156
2023-09-01,40.734954833984375
2023-09-05,38.74345779418945
2023-09-06,38.833988189697266
2023-09-07,38.109806060791016
2023-09-08,38.56241989135742
2023-09-11,38.29085922241211
2023-09-12,38.74345779418945
2023-09-13,37.566680908203125
2023-09-14,39.105552673339844
2023-09-15,36.11832809448242
2023-09-18,37.11406707763672
2023-09-19,37.83823776245117
2023-09-20,37.29511260986328
2023-09-21,37.11406707763672
2023-09-22,36.480411529541016
2023-09-25,36.29936218261719
2023-09-26,35.122581481933594
2023-09-27,36.842498779296875
2023-09-28,42.364349365234375
2023-09-29,40.915992736816406
2023-10-02,39.01502990722656
2023-10-03,38.833988189697266
2023-10-04,40.282344818115234
2023-10-05,39.55815887451172
2023-10-06,39.105552673339844
2023-10-09,40.01077651977539
2023-10-10,40.4633903503418
2023-10-11,41.54964828491211
2023-10-12,41.54964828491211
2023-10-13,43.90322494506836
2023-10-16,43.81270217895508
2023-10-17,42.7264404296875
2023-10-18,41.640174865722656
2023-10-19,41.2780876159668
2023-10-20,40.4633903503418
2023-10-23,40.55390548706055
2023-10-24,40.19182205200195
2023-10-25,39.4676399230957
2023-10-26,38.29085922241211
2023-10-27,37.29511260986328
2023-10-30,37.83823776245117
2023-10-31,38.74345779418945
2023-11-01,40.734954833984375
2023-11-02,42.09278106689453
2023-11-03,44.808441162109375
2023-11-06,42.869754791259766
2023-11-07,42.869754791259766
2023-11-08,42.59669494628906
2023-11-09,42.68771743774414
2023-11-10,42.1416015625
2023-11-13,42.50568389892578
2023-11-14,44.50808334350586
2023-11-15,47.238643646240234
2023-11-16,46.69253158569336
2023-11-17,46.23744201660156
2023-11-20,46.7835578918457
2023-11-21,44.14400863647461
2023-11-22,44.59910583496094
2023-11-24,44.87215805053711
2023-11-27,43.96197509765625
2023-11-28,43.233821868896484
2023-11-29,42.77873229980469
2023-11-30,42.59669494628906
2023-12-01,44.41706466674805
2023-12-04,41.504478454589844
2023-12-05,41.049373626708984
2023-12-06,40.86734390258789
2023-12-07,42.869754791259766
2023-12-08,42.23262023925781
2023-12-11,45.69132995605469
2023-12-12,48.23984146118164
2023-12-13,49.4230842590332
2023-12-14,51.78957748413086
2023-12-15,49.150028228759766
2023-12-18,47.60271453857422
2023-12-19,49.605125427246094
2023-12-20,47.60271453857422
2023-12-21,49.87818145751953
2023-12-22,49.78715896606445
2023-12-26,50.06021499633789
2023-12-27,49.87818145751953
2023-12-28,50.333274841308594
2023-12-29,49.78715896606445
2024-01-02,49.96920394897461
2024-01-03,49.51411056518555
2024-01-04,49.4230842590332
2024-01-05,49.696144104003906
2024-01-08,49.87818145751953
2024-01-09,49.150028228759766
2024-01-10,48.87697982788086
2024-01-11,47.6937370300293
2024-01-12,47.42067337036133
2024-01-16,47.056610107421875
2024-01-17,47.875770568847656
2024-01-18,48.785953521728516
2024-01-19,49.332069396972656
2024-01-22,49.332069396972656
2024-01-23,49.51411056518555
2024-01-24,49.332069396972656
2024-01-25,48.87697982788086
2024-01-26,48.603919982910156
2024-01-29,48.057804107666016
2024-01-30,46.510494232177734
2024-01-31,46.32845687866211
2024-02-01,47.60271453857422
2024-02-02,47.056610107421875
2024-02-05,46.7835578918457
2024-02-06,46.510494232177734
2024-02-07,46.146419525146484
2024-02-08,45.661441802978516
2024-02-09,44.83788299560547
2024-02-12,46.027462005615234
2024-02-13,43.6483154296875
2024-02-14,44.01433181762695
2024-02-15,43.92282485961914
2024-02-16,43.92282485961914
2024-02-20,43.282283782958984
2024-02-21,42.82475280761719
2024-02-22,43.282283782958984
2024-02-23,43.556793212890625
2024-02-26,43.282283782958984
2024-02-27,42.91626739501953
2024-02-28,40.537105560302734
2024-02-29,40.44561004638672
2024-03-01,39.07301712036133
2024-03-04,38.157958984375
2024-03-05,38.157958984375
2024-03-06,38.340965270996094
2024-03-07,38.24945831298828
2024-03-08,38.06644821166992
2024-03-11,38.157958984375
2024-03-12,37.608917236328125
2024-03-13,37.88344192504883
2024-03-14,37.33440399169922
2024-03-15,37.05988693237305
2024-03-18,36.876869201660156
2024-03-19,36.51084899902344
2024-03-20,35.41278076171875
2024-03-21,35.50428009033203
2024-03-22,35.50428009033203
2024-03-25,35.595794677734375
2024-03-26,35.32127380371094
2024-03-27,35.68730163574219
2024-03-28,35.50428009033203
2024-04-01,35.04676055908203
2024-04-02,33.76567077636719
2024-04-03,32.6676025390625
2024-04-04,32.484588623046875
2024-04-05,31.9355525970459
2024-04-08,30.928983688354492
2024-04-09,31.569528579711914
2024-04-10,30.562969207763672
2024-04-11,30.562969207763672
2024-04-12,29.373388290405273
2024-04-15,29.0988712310791
2024-04-16,28.82435417175293
2024-04-17,28.366825103759766
2024-04-18,28.000802993774414
2024-04-19,28.275320053100586
2024-04-22,28.641342163085938
2024-04-23,28.915861129760742
2024-04-24,28.915861129760742
2024-04-25,27.63477897644043
2024-04-26,27.63477897644043
2024-04-29,29.007368087768555
2024-04-30,26.902732849121094
2024-05-01,27.90929412841797
2024-05-02,27.90929412841797
2024-05-03,28.549837112426758
2024-05-06,29.0988712310791
2024-05-07,28.641342163085938
2024-05-08,28.183815002441406
2024-05-09,28.248435974121094
2024-05-10,27.971487045288086
2024-05-13,28.986953735351562
2024-05-14,29.263900756835938
2024-05-15,28.063804626464844
2024-05-16,28.156118392944336
2024-05-17,27.7868595123291
2024-05-20,27.60222625732422
2024-05-21,26.679075241088867
2024-05-22,25.84823989868164
2024-05-23,25.20203399658203
2024-05-24,25.38666343688965
2024-05-28,25.478981018066406
2024-05-29,25.294347763061523
2024-05-30,25.294347763061523
2024-05-31,26.03287124633789
2024-06-03,25.5712947845459
2024-06-04,23.909622192382812
2024-06-05,23.72499656677246
2024-06-06,23.909622192382812
2024-06-07,23.63267707824707
2024-06-10,23.355731964111328
2024-06-11,23.63267707824707
2024-06-12,24.371196746826172
2024-06-13,23.44804573059082
2024-06-14,24.094253540039062
2024-06-17,24.46351432800293
2024-06-18,25.5712947845459
2024-06-20,26.771392822265625
2024-06-21,27.0483341217041
2024-06-24,24.832773208618164
2024-06-25,24.555828094482422
2024-06-26,24.925086975097656
2024-06-27,25.20203399658203
2024-06-28,26.125186920166016
2024-07-01,26.586759567260742
2024-07-02,28.617692947387695
2024-07-03,32.58724594116211
2024-07-05,34.24891662597656
2024-07-08,30.00242042541504
2024-07-09,31.664098739624023
2024-07-10,32.40261459350586
2024-07-11,33.32576370239258
2024-07-12,34.24891662597656
2024-07-15,35.91059112548828
2024-07-16,35.81827163696289
2024-07-17,35.079750061035156
2024-07-18,31.941036224365234
2024-07-19,31.479461669921875
2024-07-22,32.217987060546875
2024-07-23,35.079750061035156
2024-07-24,36.833744049072266
2024-07-25,36.187538146972656
2024-07-26,34.34123229980469
2024-07-29,32.6795654296875
2024-07-30,32.217987060546875
2024-07-31,31.848726272583008
2024-08-01,29.817790985107422
2024-08-02,28.80232810974121
2024-08-05,27.7868595123291
2024-08-06,28.43306541442871
2024-08-07,28.71000862121582
2024-08-08,29.171586990356445
2024-08-09,29.23676300048828
2024-08-12,27.746994018554688
2024-08-13,27.93321418762207
2024-08-14,27.095218658447266
2024-08-15,28.119434356689453
2024-08-16,27.93321418762207
2024-08-19,28.3056583404541
2024-08-20,30.260982513427734
2024-08-21,30.447202682495117
2024-08-22,29.23676300048828
2024-08-23,29.795429229736328
2024-08-26,28.957429885864258
2024-08-27,29.422985076904297
2024-08-28,30.16787338256836
2024-08-29,30.354089736938477
2024-08-30,30.633424758911133
2024-09-03,29.05054473876953
2024-09-04,27.281435012817383
2024-09-05,27.095218658447266
2024-09-06,25.41922378540039
2024-09-09,24.860559463500977
2024-09-10,25.493711471557617
2024-09-11,26.359642028808594
2024-09-12,23.76185417175293
2024-09-13,22.821434020996094
2024-09-16,22.011371612548828
2024-09-17,21.66686248779297
2024-09-18,21.66686248779297
2024-09-19,22.36519432067871
2024-09-20,23.231124877929688
2024-09-23,23.836341857910156
2024-09-24,22.439682006835938
2024-09-25,22.45830535888672
2024-09-26,22.67245864868164
2024-09-27,22.700389862060547
2024-09-30,22.02068328857422
2024-10-01,21.098886489868164
2024-10-02,22.011371612548828
2024-10-03,21.58306312561035
2024-10-04,21.164064407348633
2024-10-07,21.527196884155273
2024-10-08,21.806529998779297
2024-10-09,22.11379623413086
2024-10-10,22.625904083251953
2024-10-11,23.212501525878906
2024-10-14,25.046783447265625
2024-10-15,25.21438217163086
2024-10-16,25.205068588256836
2024-10-17,25.233003616333008
2024-10-18,25.707868576049805
2024-10-21,25.307491302490234
2024-10-22,25.33542251586914
2024-10-23,24.962982177734375
2024-10-24,24.702274322509766
2024-10-25,24.58122444152832
2024-10-28,25.16782569885254
2024-10-29,25.7451114654541
2024-10-30,25.503021240234375
2024-10-31,24.82331657409668
2024-11-01,25.7451114654541
2024-11-04,24.14360809326172
2024-11-05,24.783422470092773
2024-11-06,24.651697158813477
2024-11-07,24.57642364501953
2024-11-08,24.585830688476562
2024-11-11,25.818416595458984
2024-11-12,25.554964065551758
2024-11-13,24.93396759033203
2024-11-14,25.432645797729492
2024-11-15,24.275333404541016
2024-11-18,23.63551902770996
2024-11-19,23.68256378173828
2024-11-20,23.720199584960938
2024-11-21,24.247106552124023
2024-11-22,24.670513153076172
2024-11-25,25.122148513793945
2024-11-26,24.764604568481445
2024-11-27,25.046876907348633
2024-11-29,25.357372283935547
2024-12-02,25.884281158447266
2024-12-03,25.733736038208008
2024-12-04,26.138324737548828
2024-12-05,25.47028160095215
2024-12-06,26.63700294494629
2024-12-09,27.041593551635742
2024-12-10,23.729610443115234
2024-12-11,24.01188087463379
2024-12-12,23.34383773803711
2024-12-13,22.685205459594727
2024-12-16,21.302074432373047
2024-12-17,21.019804000854492
2024-12-18,20.238853454589844
2024-12-19,19.363813400268555
2024-12-20,21.71607208251953
2024-12-23,21.885435104370117
2024-12-24,22.017162322998047
2024-12-26,22.054798126220703
2024-12-27,21.763118743896484
2024-12-30,21.452621459960938
2024-12-31,21.452621459960938
2025-01-02,20.793987274169922
2025-01-03,21.038623809814453
2025-01-06,21.763118743896484
2025-01-07,21.734893798828125
2025-01-08,20.2764892578125
2025-01-10,19.599037170410156
2025-01-13,19.664901733398438
2025-01-14,20.050670623779297
2025-01-15,20.285898208618164
2025-01-16,20.634035110473633
2025-01-17,20.953941345214844
2025-01-21,20.87866973876953
2025-01-22,20.793987274169922
2025-01-23,20.822214126586914
2025-01-24,20.662260055541992
2025-01-27,20.596397399902344
2025-01-28,20.756351470947266
2025-01-29,20.549354553222656
2025-01-30,21.744300842285156
2025-01-31,22.591115951538086
2025-02-03,22.581707000732422
2025-02-04,23.165067672729492
2025-02-05,24.265928268432617
2025-02-06,24.378833770751953
2025-02-07,24.188671112060547
2025-02-10,24.5880126953125
2025-02-11,24.66407585144043
2025-02-12,24.540470123291016
2025-02-13,25.139484405517578
2025-02-14,25.77652931213379
2025-02-18,25.21554946899414
2025-02-19,23.960474014282227
2025-02-20,23.95096778869629
2025-02-21,23.532608032226562
2025-02-24,23.770313262939453
2025-02-25,23.304414749145508
2025-02-26,22.943105697631836
2025-02-27,22.74343490600586
2025-02-28,23.000154495239258
2025-03-03,22.857534408569336
2025-03-04,22.48671531677246
2025-03-05,22.087373733520508
2025-03-06,22.581796646118164
2025-03-07,23.988998413085938
2025-03-10,23.190317153930664
2025-03-11,21.583444595336914
2025-03-12,21.41229820251465
2025-03-13,20.756237030029297
2025-03-14,21.554920196533203
2025-03-17,21.91622543334961
2025-03-18,21.51688575744629
2025-03-19,21.944751739501953
2025-03-20,21.906723022460938
2025-03-21,22.315568923950195
2025-03-24,22.771961212158203
2025-03-25,23.04769515991211
2025-03-26,22.771961212158203
2025-03-27,22.64835548400879
2025-03-28,21.630985260009766
2025-03-31,21.440820693969727
2025-04-01,20.879844665527344
2025-04-02,21.231643676757812
2025-04-03,20.090667724609375
2025-04-04,18.55035400390625
2025-04-07,19.35854148864746
2025-04-08,18.388713836669922
2025-04-09,19.871980667114258
2025-04-10,19.092315673828125
2025-04-11,19.035266876220703
2025-04-14,19.700834274291992
2025-04-15,19.415592193603516
2025-04-16,19.092315673828125
2025-04-17,19.320510864257812
2025-04-21,19.168380737304688
2025-04-22,19.320510864257812
2025-04-23,19.995588302612305
2025-04-24,20.309356689453125
2025-04-25,20.604106903076172
2025-04-28,20.699188232421875
2025-04-29,20.661155700683594
2025-04-30,20.366403579711914
2025-05-01,18.54084587097168
2025-05-02,19.463134765625
2025-05-05,20.2427978515625
2025-05-06,20.413944244384766
2025-05-07,20.109683990478516
2025-05-08,20.651647567749023
2025-05-09,20.767181396484375
2025-05-12,21.123411178588867
2025-05-13,20.978994369506836
2025-05-14,21.065643310546875
2025-05-15,21.527780532836914
2025-05-16,21.884008407592773
2025-05-19,21.633684158325195
2025-05-20,21.729961395263672
2025-05-21,21.104156494140625
2025-05-22,21.219688415527344
2025-05-23,21.02713394165039
2025-05-27,21.431503295898438
2025-05-28,21.55666160583496
2025-05-29,21.55666160583496
2025-05-30,20.873088836669922
2025-06-02,20.468719482421875
2025-06-03,20.805694580078125
2025-06-04,20.978994369506836
2025-06-05,20.796066284179688
2025-06-06,21.17154884338379
2025-06-09,21.181177139282227
2025-06-10,21.961029052734375
2025-06-11,21.74921989440918
2025-06-12,21.094526290893555
2025-06-13,20.497604370117188
2025-06-16,21.08489990234375
2025-06-17,20.651649475097656
2025-06-18,20.69015884399414
2025-06-20,20.94048500061035
2025-06-23,21.094526290893555
2025-06-24,21.575918197631836
2025-06-25,21.614429473876953
2025-06-26,21.672195434570312
2025-06-27,21.720335006713867
2025-06-30,22.115076065063477
2025-07-01,22.75050926208496
2025-07-02,23.05860137939453
2025-07-03,23.38594627380371
2025-07-07,22.74088478088379
2025-07-08,23.530364990234375
2025-07-09,23.36669158935547
2025-07-10,23.578502655029297
2025-07-11,23.308921813964844
2025-07-14,23.395572662353516
2025-07-15,22.962324142456055
2025-07-16,22.326889038085938
2025-07-17,22.55795669555664
2025-07-18,22.683115005493164
2025-07-21,22.365398406982422
2025-07-22,23.020090103149414
2025-07-23,23.453340530395508
2025-07-24,23.27041244506836
2025-07-25,22.70237159729004
2025-07-28,22.577211380004883
2025-07-29,22.442420959472656
2025-07-30,22.076562881469727
2025-07-31,20.333932876586914
2025-08-01,20.391698837280273
2025-08-04,20.81532096862793
2025-08-05,20.93085479736328
2025-08-06,20.189512252807617
2025-08-07,20.516857147216797
2025-08-08,20.88741111755371
2025-08-11,20.429096221923828
2025-08-12,20.51685905456543
2025-08-13,21.85279655456543
2025-08-14,22.905942916870117
2025-08-15,22.457380294799805
2025-08-18,22.2818546295166
2025-08-19,22.359865188598633
2025-08-20,21.599258422851562
2025-08-21,21.706525802612305
2025-08-22,22.8669376373291
2025-08-25,22.506135940551758
2025-08-26,22.56464385986328
2025-08-27,23.071714401245117
2025-08-28,22.78892707824707
2025-08-29,23.05221176147461
2025-09-02,22.535390853881836
2025-09-03,22.944948196411133
2025-09-04,22.99370574951172
2025-09-05,23.461767196655273
2025-09-08,23.822568893432617
2025-09-09,23.666547775268555
2025-09-10,23.217985153198242
2025-09-11,23.217985153198242
2025-09-12,22.70116424560547
2025-09-15,22.85718536376953
2025-09-16,22.710914611816406
2025-09-17,22.545143127441406
2025-09-18,22.428125381469727
2025-09-19,22.545143127441406
2025-09-22,22.447628021240234
2025-09-23,22.47688102722168
2025-09-24,22.01856803894043
2025-09-25,21.82354164123535
2025-09-26,22.13558578491211
2025-09-29,22.12583351135254
2025-09-30,22.70116424560547
2025-10-01,22.09657859802246
2025-10-02,22.038070678710938
2025-10-03,22.70116424560547
2025-10-06,22.174591064453125
2025-10-07,22.262353897094727
2025-10-08,22.01856803894043
2025-10-09,21.579755783081055
2025-10-10,20.40959358215332
2025-10-13,20.91666603088379
2025-10-14,21.25796127319336
2025-10-15,21.33597183227539
2025-10-16,20.78989601135254
2025-10-17,20.848403930664062
2025-10-20,21.101940155029297
2025-10-21,21.63826560974121
2025-10-22,21.218955993652344
2025-10-23,20.78989601135254
2025-10-24,20.86790657043457
2025-10-27,21.09218978881836
2025-10-28,20.86790657043457
2025-10-29,20.536361694335938
2025-10-30,22.6134033203125
2025-10-31,21.150697708129883
2025-11-03,21.34572410583496
2025-11-04,21.287216186523438
2025-11-05,21.850004196166992
2025-11-06,21.35633087158203
2025-11-07,21.435317993164062
2025-11-10,21.435317993164062
2025-11-11,21.445192337036133
2025-11-12,21.405698776245117
2025-11-13,21.326711654663086
2025-11-14,21.237850189208984
2025-11-17,20.833036422729492
2025-11-18,20.64544105529785
2025-11-19,20.457843780517578
2025-11-20,19.667966842651367
2025-11-21,20.2603759765625
2025-11-24,20.67506217956543
2025-11-25,20.724428176879883
2025-11-26,20.64544105529785
2025-11-28,20.991012573242188
2025-12-01,20.54670524597168
2025-12-02,20.576326370239258
2025-12-03,21.06012725830078
2025-12-04,21.316837310791016
2025-12-05,21.751270294189453
2025-12-08,21.45506477355957
2025-12-09,21.642662048339844
2025-12-10,22.037601470947266
2025-12-11,21.80063819885254
2025-12-12,21.47481346130371
2025-12-15,21.267471313476562
2025-12-16,21.218101501464844
2025-12-17,21.47481346130371
2025-12-18,20.96139144897461
2025-12-19,20.507213592529297
2025-12-22,20.418352127075195
2025-12-23,20.18138885498047
2025-12-24,20.408477783203125
2025-12-26,20.33936309814453
2025-12-29,20.072778701782227
2025-12-30,19.964170455932617
2025-12-31,19.7469539642334
2026-01-02,20.25050163269043
2026-01-05,20.833036422729492
2026-01-06,21.346458435058594
2026-01-07,20.76392364501953
2026-01-08,21.15886116027832
2026-01-09,21.50443458557129
2026-01-12,20.694807052612305
2026-01-13,20.54670524597168
2026-01-14,20.842910766601562
2026-01-15,20.64544105529785
2026-01-16,20.191261291503906
2026-01-20,19.885183334350586
2026-01-21,20.280122756958008
2026-01-22,20.408477783203125
2026-01-23,20.25050163269043
2026-01-26,20.211008071899414
2026-01-27,19.934551239013672
2026-01-28,19.885183334350586
2026-01-29,19.806194305419922
2026-01-30,20.092527389526367
2026-02-02,20.112274169921875
2026-02-03,19.895055770874023
2026-02-04,20.46771812438965
2026-02-05,22.314058303833008
2026-02-06,21.405698776245117
2026-02-09,20.684934616088867
2026-02-10,21.06999969482422
2026-02-11,21.899999618530273
2026-02-12,21.700000762939453
2026-02-13,21.290000915527344
2026-02-17,21.020000457763672
2026-02-18,21.06999969482422
2026-02-19,21.040000915527344
2026-02-20,21.059999465942383
2026-02-23,20.959999084472656
2026-02-24,20.969999313354492
2026-02-25,20.920000076293945
2026-02-26,21.520000457763672
2026-02-27,21.959999084472656
2026-03-02,21.940000534057617
2026-03-03,22.209999084472656
2026-03-04,22.639999389648438
2026-03-05,22.6299991607666
2026-03-06,22.25
2026-03-09,21.700000762939453
2026-03-10,21.780000686645508
2026-03-11,22.360000610351562
2026-03-12,22.229999542236328
2026-03-13,21.989999771118164
2026-03-16,22.399999618530273
2026-03-17,22.6299991607666
2026-03-18,22.479999542236328
2026-03-19,22.399999618530273
2026-03-20,21.989999771118164
2026-03-23,22.469999313354492
2026-03-24,22.360000610351562
2026-03-25,22.989999771118164
2026-03-26,22.950000762939453
2026-03-27,22.84000015258789
2026-03-30,22.760000228881836
2026-03-31,23.079999923706055
2026-04-01,23.40999984741211
2026-04-02,23.790000915527344
2026-04-06,23.389999389648438
2026-04-07,23.709999084472656
2026-04-08,23.469999313354492
2026-04-09,23.43000030517578
2026-04-10,23.700000762939453
2026-04-13,23.889999389648438
2026-04-14,23.719999313354492
2026-04-15,24.209999084472656
2026-04-16,24.729999542236328
2026-04-17,25.479999542236328
2026-04-20,27.219999313354492
2026-04-21,26.18000030517578
2026-04-22,28.059999465942383
2026-04-23,28.0
2026-04-24,26.610000610351562
2026-04-27,26.549999237060547
2026-04-28,26.260000228881836
2026-04-29,26.760000228881836
2026-04-30,26.940000534057617
2026-05-01,27.219999313354492
2026-05-04,26.770000457763672
