date,close
2001-05-07,5.464519500732422
2001-05-08,5.471726417541504
2001-05-09,5.332409858703613
2001-05-10,5.332409858703613
2001-05-11,5.164270877838135
2001-05-14,4.9024553298950195
2001-05-15,4.83519983291626
2001-05-16,4.892847537994385
2001-05-17,5.109025478363037
2001-05-18,4.9841227531433105
2001-05-21,5.0681915283203125
2001-05-22,5.140252113342285
2001-05-23,5.080201625823975
2001-05-24,5.116231918334961
2001-05-25,5.008143424987793
2001-05-29,4.928877353668213
2001-05-30,4.691080570220947
2001-05-31,4.770345211029053
2001-06-01,4.777552127838135
2001-06-04,4.707894802093506
2001-06-05,5.039368629455566
2001-06-06,4.936082363128662
2001-06-07,5.3564300537109375
2001-06-08,5.322803020477295
2001-06-11,5.1834869384765625
2001-06-12,5.128242015838623
2001-06-13,5.1186323165893555
2001-06-14,5.020152568817139
2001-06-15,5.097017288208008
2001-06-18,4.849611759185791
2001-06-19,4.789561748504639
2001-06-20,4.592598915100098
2001-06-21,4.503726005554199
2001-06-22,4.611814022064209
2001-06-25,4.693482875823975
2001-06-26,4.607011795043945
2001-06-27,4.704532146453857
2001-06-28,4.876033782958984
2001-06-29,5.108063697814941
2001-07-02,5.094614028930664
2001-07-03,5.118154525756836
2001-07-05,4.896210193634033
2001-07-06,4.711256504058838
2001-07-09,4.7953267097473145
2001-07-10,4.7549729347229
2001-07-11,4.7684245109558105
2001-07-12,5.05762243270874
2001-07-13,4.980279445648193
2001-07-16,4.781876087188721
2001-07-17,4.929836750030518
2001-07-18,4.731433391571045
2001-07-19,4.943288803100586
2001-07-20,4.728071212768555
2001-07-23,4.506128311157227
2001-07-24,4.42542028427124
2001-07-25,4.5801100730896
2001-07-26,4.842404842376709
2001-07-27,5.111427307128906
2001-07-30,5.14841890335083
2001-07-31,5.481335163116455
2001-08-01,5.733542442321777
2001-08-02,5.713365077972412
2001-08-03,5.531776428222656
2001-08-06,5.353549003601074
2001-08-07,5.25602912902832
2001-08-08,5.185408592224121
2001-08-09,5.208949565887451
2001-08-10,5.350184917449951
2001-08-13,5.360274314880371
2001-08-14,5.4308929443359375
2001-08-15,5.286292552947998
2001-08-16,5.38045072555542
2001-08-17,5.017271041870117
2001-08-20,5.0004563331604
2001-08-21,4.6742658615112305
2001-08-22,4.169849395751953
2001-08-23,4.1227707862854
2001-08-24,4.035337448120117
2001-08-27,4.119406700134277
2001-08-28,4.331263065338135
2001-08-29,4.220290184020996
2001-08-30,4.210201740264893
2001-08-31,4.364891529083252
2001-09-04,4.2875471115112305
2001-09-05,4.213565349578857
2001-09-06,4.270732879638672
2001-09-07,4.351439952850342
2001-09-10,4.260644912719727
2001-09-17,3.5477330684661865
2001-09-18,3.312340497970581
2001-09-19,3.2148196697235107
2001-09-20,3.0365917682647705
2001-09-21,3.1778292655944824
2001-09-24,3.45357608795166
2001-09-25,3.1206603050231934
2001-09-26,3.144199848175049
2001-09-27,2.9861507415771484
2001-09-28,3.191279888153076
2001-10-01,3.0836708545684814
2001-10-02,2.9760611057281494
2001-10-03,3.2282700538635254
2001-10-04,3.113935947418213
2001-10-05,3.1240234375
2001-10-08,3.2417213916778564
2001-10-09,3.2080929279327393
2001-10-10,3.3627817630767822
2001-10-11,3.76631498336792
2001-10-12,3.6654319763183594
2001-10-15,3.5477330684661865
2001-10-16,3.9041898250579834
2001-10-17,3.968082904815674
2001-10-18,3.7965803146362305
2001-10-19,3.8100316524505615
2001-10-22,4.0790534019470215
2001-10-23,4.1328582763671875
2001-10-24,4.337989330291748
2001-10-25,4.455687046051025
2001-10-26,4.6742658615112305
2001-10-29,4.475863456726074
2001-10-30,4.223653316497803
2001-10-31,4.341350555419922
2001-11-01,4.462412357330322
2001-11-02,4.522942066192627
2001-11-05,4.798689842224121
2001-11-06,4.775149822235107
2001-11-07,4.876033782958984
2001-11-08,4.976916790008545
2001-11-09,4.872669219970703
2001-11-12,4.859218597412109
2001-11-13,5.158506870269775
2001-11-14,5.111427307128906
2001-11-15,5.249302387237549
2001-11-16,5.464519500732422
2001-11-19,5.437620162963867
2001-11-20,5.118154525756836
2001-11-21,5.3300089836120605
2001-11-23,5.279567718505859
2001-11-26,5.582217693328857
2001-11-27,5.501511096954346
2001-11-28,5.1517815589904785
2001-11-29,5.414079189300537
2001-11-30,5.356910705566406
2001-12-03,5.481335163116455
2001-12-04,5.894956588745117
2001-12-05,6.4161858558654785
2001-12-06,6.3354811668396
2001-12-07,6.298491954803467
2001-12-10,6.042917728424072
2001-12-11,6.190882205963135
2001-12-12,6.372469902038574
2001-12-13,6.019379615783691
2001-12-14,6.19424295425415
2001-12-17,6.190882205963135
2001-12-18,6.1471662521362305
2001-12-19,5.884867191314697
2001-12-20,5.720090389251709
2001-12-21,5.447707653045654
2001-12-24,5.38045072555542
2001-12-26,5.494785308837891
2001-12-27,5.636021614074707
2001-12-28,5.699915409088135
2001-12-31,5.773894786834717
2002-01-02,5.878141403198242
2002-01-03,6.248046875
2002-01-04,6.4464521408081055
2002-01-07,6.338845729827881
2002-01-08,6.554062843322754
2002-01-09,6.557426452636719
2002-01-10,6.2547736167907715
2002-01-11,6.234596252441406
2002-01-14,6.123624324798584
2002-01-15,6.100086688995361
2002-01-16,5.837789058685303
2002-01-17,6.0832743644714355
2002-01-18,5.915132522583008
2002-01-22,5.942034721374512
2002-01-23,6.079910755157471
2002-01-24,6.137077331542969
2002-01-25,6.140438079833984
2002-01-28,6.157253742218018
2002-01-29,5.985750675201416
2002-01-30,5.942034721374512
2002-01-31,5.706640243530273
2002-02-01,5.723454475402832
2002-02-04,5.6595611572265625
2002-02-05,5.683101177215576
2002-02-06,5.8041605949401855
2002-02-07,5.585579872131348
2002-02-08,5.588942527770996
2002-02-11,5.783984184265137
2002-02-12,5.810885429382324
2002-02-13,5.935309410095215
2002-02-14,6.170703411102295
2002-02-15,5.945398330688477
2002-02-19,5.5990309715271
2002-02-20,5.6292948722839355
2002-02-21,5.383815288543701
2002-02-22,5.440980911254883
2002-02-25,5.595668315887451
2002-02-26,5.46115779876709
2002-02-27,5.5687665939331055
2002-02-28,5.464519500732422
2002-03-01,5.854604721069336
2002-03-04,6.426276683807373
2002-03-05,6.557426452636719
2002-03-06,6.597776889801025
2002-03-07,6.61122989654541
2002-03-08,6.759189605712891
2002-03-11,6.829808712005615
2002-03-12,6.624680042266846
2002-03-13,6.365746974945068
2002-03-14,6.295126914978027
2002-03-15,6.422911167144775
2002-03-18,6.469992637634277
2002-03-19,6.540611267089844
2002-03-20,6.473356246948242
2002-03-21,6.7087507247924805
2002-03-22,6.580965518951416
2002-03-25,6.533885955810547
2002-03-26,6.644855499267578
2002-03-27,6.671760559082031
2002-03-28,6.977770805358887
2002-04-01,6.92733097076416
2002-04-02,6.742377758026123
2002-04-03,6.644855499267578
2002-04-04,6.668394088745117
2002-04-05,6.644855499267578
2002-04-08,6.584327697753906
2002-04-09,6.443087577819824
2002-04-10,6.3052144050598145
2002-04-11,6.184154987335205
2002-04-12,6.389283657073975
2002-04-15,6.456540107727051
2002-04-16,6.792819499969482
2002-04-17,6.92733097076416
2002-04-18,6.742377758026123
2002-04-19,6.601139068603516
2002-04-22,6.50361967086792
2002-04-23,6.513708114624023
2002-04-24,6.422911167144775
2002-04-25,6.2211456298828125
2002-04-26,6.036193370819092
2002-04-29,5.958850383758545
2002-04-30,5.952122688293457
2002-05-01,6.120265483856201
2002-05-02,5.807523250579834
2002-05-03,5.531776428222656
2002-05-06,5.4308929443359375
2002-05-07,5.6091203689575195
2002-05-08,6.167341232299805
2002-05-09,5.921860218048096
2002-05-10,6.005926609039307
2002-05-13,6.053008079528809
2002-05-14,6.338845729827881
2002-05-15,6.170703411102295
2002-05-16,6.170703411102295
2002-05-17,6.338845729827881
2002-05-20,6.116899490356445
2002-05-21,5.952122688293457
2002-05-22,5.918497562408447
2002-05-23,5.8714165687561035
2002-05-24,5.847877502441406
2002-05-28,5.810885429382324
2002-05-29,5.666287899017334
2002-05-30,5.615845203399658
2002-05-31,5.575493812561035
2002-06-03,5.2123122215271
2002-06-04,5.14841890335083
2002-06-05,5.161869525909424
2002-06-06,4.845767974853516
2002-06-07,4.825592041015625
2002-06-10,4.825592041015625
2002-06-11,4.758336067199707
2002-06-12,4.90966272354126
2002-06-13,5.010545253753662
2002-06-14,4.943288803100586
2002-06-17,4.993729591369629
2002-06-18,4.9365644454956055
2002-06-19,4.6571173667907715
2002-06-20,4.6460185050964355
2002-06-21,4.5720391273498535
2002-06-24,4.697805881500244
2002-06-25,4.805078983306885
2002-06-26,4.771787643432617
2002-06-27,4.771787643432617
2002-06-28,4.808777332305908
2002-07-01,4.457366943359375
2002-07-02,4.109655380249023
2002-07-03,4.494357109069824
2002-07-05,5.049217224121094
2002-07-08,4.993729591369629
2002-07-09,4.775485992431641
2002-07-10,4.701504707336426
2002-07-11,5.001128673553467
2002-07-12,4.9752349853515625
2002-07-15,5.064012050628662
2002-07-16,5.008527755737305
2002-07-17,4.919749736785889
2002-07-18,4.5498433113098145
2002-07-19,4.161441326141357
2002-07-22,4.142948150634766
2002-07-23,3.9616928100585938
2002-07-24,4.120752811431885
2002-07-25,3.3587465286254883
2002-07-26,3.2736685276031494
2002-07-29,3.384639263153076
2002-07-30,3.3661441802978516
2002-07-31,3.3735432624816895
2002-08-01,3.2773661613464355
2002-08-02,3.088714599609375
2002-08-05,2.626332998275757
2002-08-06,3.036928176879883
2002-08-07,3.1257057189941406
2002-08-08,3.2551732063293457
2002-08-09,3.3735432624816895
2002-08-12,3.266270160675049
2002-08-13,3.2884650230407715
2002-08-14,3.4401252269744873
2002-08-15,3.554795265197754
2002-08-16,3.6805644035339355
2002-08-19,3.7027597427368164
2002-08-20,3.4512221813201904
2002-08-21,3.4956116676330566
2002-08-22,3.395735502243042
2002-08-23,3.236678123474121
2002-08-26,3.2736685276031494
2002-08-27,3.136803388595581
2002-08-28,3.051724433898926
2002-08-29,3.088714599609375
2002-08-30,3.02213191986084
2002-09-03,2.851975917816162
2002-09-04,2.9481496810913086
2002-09-05,2.777993679046631
2002-09-06,2.8556737899780273
2002-09-09,2.918558359146118
2002-09-10,3.136803388595581
2002-09-11,3.01473331451416
2002-09-12,2.8556737899780273
2002-09-13,2.792789936065674
2002-09-16,2.707711696624756
2002-09-17,2.6707215309143066
2002-09-18,2.626332998275757
2002-09-19,2.5708465576171875
2002-09-20,2.4598748683929443
2002-09-23,2.3858938217163086
2002-09-24,2.448777675628662
2002-09-25,2.5449533462524414
2002-09-26,2.43768048286438
2002-09-27,2.352602481842041
2002-09-30,2.348902940750122
2002-10-01,2.411787271499634
2002-10-02,2.3045146465301514
2002-10-03,2.178746223449707
2002-10-04,2.1380562782287598
2002-10-07,1.9974926710128784
2002-10-08,2.034482479095459
2002-10-09,1.9789961576461792
2002-10-10,2.108464002609253
2002-10-11,2.2231342792510986
2002-10-14,2.2416303157806396
2002-10-15,2.6781203746795654
2002-10-16,2.5486526489257812
2002-10-17,2.7188096046447754
2002-10-18,2.7188096046447754
2002-10-21,2.766897201538086
2002-10-22,2.5708465576171875
2002-10-23,2.8704700469970703
2002-10-24,2.837178945541382
2002-10-25,2.9666459560394287
2002-10-28,2.9814414978027344
2002-10-29,2.837178945541382
2002-10-30,2.9407529830932617
2002-10-31,2.892665386199951
2002-11-01,2.9925389289855957
2002-11-04,3.2736685276031494
2002-11-05,3.122006416320801
2002-11-06,3.443824529647827
2002-11-07,3.2736685276031494
2002-11-08,3.2107834815979004
2002-11-11,2.8963637351989746
2002-11-12,3.0332298278808594
2002-11-13,2.903761863708496
2002-11-14,3.107210636138916
2002-11-15,3.158997058868408
2002-11-18,3.0998117923736572
2002-11-19,2.9592483043670654
2002-11-20,3.0776171684265137
2002-11-21,3.2551732063293457
2002-11-22,3.3217556476593018
2002-11-25,3.2773661613464355
2002-11-26,3.144199848175049
2002-11-27,3.3624446392059326
2002-11-29,3.4216301441192627
2002-12-02,3.491913318634033
2002-12-03,3.380941390991211
2002-12-04,3.3217556476593018
2002-12-05,3.207085609436035
2002-12-06,3.2551732063293457
2002-12-09,3.1257057189941406
2002-12-10,3.162696361541748
2002-12-11,3.107210636138916
2002-12-12,2.988840341567993
2002-12-13,2.8482754230499268
2002-12-16,2.9370524883270264
2002-12-17,2.877868175506592
2002-12-18,2.7188096046447754
2002-12-19,2.7151095867156982
2002-12-20,2.752100706100464
2002-12-23,2.7557995319366455
2002-12-24,2.729907512664795
2002-12-26,2.7447025775909424
2002-12-27,2.6818172931671143
2002-12-30,2.5856423377990723
2002-12-31,2.607837677001953
2003-01-02,2.692915201187134
2003-01-03,2.7557995319366455
2003-01-06,2.8297805786132812
2003-01-07,2.8408777713775635
2003-01-08,2.7188096046447754
2003-01-09,2.8667712211608887
2003-01-10,2.9592483043670654
2003-01-13,3.070219039916992
2003-01-14,3.059122323989868
2003-01-15,3.166395902633667
2003-01-16,2.9962382316589355
2003-01-17,2.807586431503296
2003-01-21,2.792789936065674
2003-01-22,2.811286211013794
2003-01-23,3.0332298278808594
2003-01-24,2.8630731105804443
2003-01-27,2.7705962657928467
2003-01-28,2.644827127456665
2003-01-29,2.663323402404785
2003-01-30,2.5338551998138428
2003-01-31,2.4783709049224854
2003-02-03,2.5449533462524414
2003-02-04,2.515362024307251
2003-02-05,2.633730888366699
2003-02-06,2.5116617679595947
2003-02-07,2.4709722995758057
2003-02-10,2.39329195022583
2003-02-11,2.39329195022583
2003-02-12,2.408088207244873
2003-02-13,2.367398738861084
2003-02-14,2.5338551998138428
2003-02-18,2.6152353286743164
2003-02-19,2.581944227218628
2003-02-20,2.7410025596618652
2003-02-21,2.7631969451904297
2003-02-24,2.6892166137695312
2003-02-25,2.663323402404785
2003-02-26,2.6115357875823975
2003-02-27,2.5856423377990723
2003-02-28,2.622633218765259
2003-03-03,2.6892166137695312
2003-03-04,2.581944227218628
2003-03-05,2.5042638778686523
2003-03-06,2.5301570892333984
2003-03-07,2.5745463371276855
2003-03-10,2.5375547409057617
2003-03-11,2.593040943145752
2003-03-12,2.6522257328033447
2003-03-13,2.8556737899780273
2003-03-14,2.8482754230499268
2003-03-17,2.911161184310913
2003-03-18,3.036928176879883
2003-03-19,3.0295305252075195
2003-03-20,3.0739195346832275
2003-03-21,3.1405017375946045
2003-03-24,2.9407529830932617
2003-03-25,2.9925389289855957
2003-03-26,2.803886890411377
2003-03-27,2.8297805786132812
2003-03-28,2.7373046875
2003-03-31,2.5301570892333984
2003-04-01,2.552351713180542
2003-04-02,2.759498357772827
2003-04-03,2.774294376373291
2003-04-04,2.7705962657928467
2003-04-07,2.8667712211608887
2003-04-08,2.8186838626861572
2003-04-09,2.789090633392334
2003-04-10,2.759498357772827
2003-04-11,2.729907512664795
2003-04-14,2.796489715576172
2003-04-15,2.733604907989502
2003-04-16,2.851975917816162
2003-04-17,2.892665386199951
2003-04-21,2.9444520473480225
2003-04-22,3.0258309841156006
2003-04-23,3.051724433898926
2003-04-24,2.8630731105804443
2003-04-25,2.803886890411377
2003-04-28,2.8445775508880615
2003-04-29,3.1811912059783936
2003-04-30,3.0961124897003174
2003-05-01,3.147900104522705
2003-05-02,3.2773661613464355
2003-05-05,3.2588727474212646
2003-05-06,3.21818208694458
2003-05-07,3.158997058868408
2003-05-08,3.0443270206451416
2003-05-09,3.2292792797088623
2003-05-12,3.292163848876953
2003-05-13,3.3180556297302246
2003-05-14,3.3402514457702637
2003-05-15,3.4031355381011963
2003-05-16,3.3106577396392822
2003-05-19,3.144199848175049
2003-05-20,3.1331045627593994
2003-05-21,3.1146090030670166
2003-05-22,3.2292792797088623
2003-05-23,3.1959879398345947
2003-05-27,3.3735432624816895
2003-05-28,3.5030102729797363
2003-05-29,3.5880868434906006
2003-05-30,3.750847339630127
2003-06-02,3.765643358230591
2003-06-03,3.5289032459259033
2003-06-04,3.739750385284424
2003-06-05,3.9099063873291016
2003-06-06,3.9357993602752686
2003-06-09,3.791537046432495
2003-06-10,3.843323230743408
2003-06-11,3.7693426609039307
2003-06-12,3.8359248638153076
2003-06-13,3.6990597248077393
2003-06-16,3.758244276046753
2003-06-17,3.921003818511963
2003-06-18,3.9431982040405273
2003-06-19,3.9394989013671875
2003-06-20,3.8877124786376953
2003-06-23,3.7471470832824707
2003-06-24,3.6879634857177734
2003-06-25,3.70645809173584
2003-06-26,3.70645809173584
2003-06-27,3.6842644214630127
2003-06-30,3.728651762008667
2003-07-01,3.847022294998169
2003-07-02,4.04677152633667
2003-07-03,4.006081581115723
2003-07-07,4.414457321166992
2003-07-08,4.1827497482299805
2003-07-09,4.242673873901367
2003-07-10,3.9949848651885986
2003-07-11,4.0389299392700195
2003-07-14,4.146793365478516
2003-07-15,4.130814552307129
2003-07-16,4.162773609161377
2003-07-17,3.9630255699157715
2003-07-18,3.9390549659729004
2003-07-21,3.831190347671509
2003-07-22,3.9470431804656982
2003-07-23,4.02294921875
2003-07-24,3.9390549659729004
2003-07-25,3.935060739517212
2003-07-28,3.967020034790039
2003-07-29,3.8631505966186523
2003-07-30,3.7872447967529297
2003-07-31,3.9949848651885986
2003-08-01,4.034935474395752
2003-08-04,4.046919345855713
2003-08-05,3.9590299129486084
2003-08-06,3.9949848651885986
2003-08-07,3.9949848651885986
2003-08-08,3.7712645530700684
2003-08-11,3.803225040435791
2003-08-12,3.86714506149292
2003-08-13,3.9989795684814453
2003-08-14,4.058902740478516
2003-08-15,4.094859600067139
2003-08-18,4.278627872467041
2003-08-19,4.350539207458496
2003-08-20,4.374508380889893
2003-08-21,4.558276653289795
2003-08-22,4.578252792358398
2003-08-25,4.574258327484131
2003-08-26,4.578252792358398
2003-08-27,4.714082717895508
2003-08-28,4.674131393432617
2003-08-29,4.706091403961182
2003-09-02,4.837926387786865
2003-09-03,4.698101997375488
2003-09-04,4.754032135009766
2003-09-05,4.9098358154296875
2003-09-08,5.161520481109619
2003-09-09,4.9857401847839355
2003-09-10,4.7020978927612305
2003-09-11,4.865891933441162
2003-09-12,4.813956260681152
2003-09-15,4.514331817626953
2003-09-16,4.674131393432617
2003-09-17,4.658152103424072
2003-09-18,4.682121753692627
2003-09-19,4.626193523406982
2003-09-22,4.4743828773498535
2003-09-23,4.510336875915527
2003-09-24,4.374508380889893
2003-09-25,4.330562591552734
2003-09-26,4.334558963775635
2003-09-29,4.406467914581299
2003-09-30,4.32656717300415
2003-10-01,4.394482612609863
2003-10-02,4.542296409606934
2003-10-03,4.78199577331543
2003-10-06,4.785991191864014
2003-10-07,4.698101997375488
2003-10-08,4.578252792358398
2003-10-09,4.534306526184082
2003-10-10,4.690112590789795
2003-10-13,4.7380523681640625
2003-10-14,4.6461687088012695
2003-10-15,4.562272548675537
2003-10-16,4.606219291687012
2003-10-17,4.438427925109863
2003-10-20,4.462397575378418
2003-10-21,4.430440425872803
2003-10-22,4.278627872467041
2003-10-23,4.194733619689941
2003-10-24,4.190738677978516
2003-10-27,4.170763969421387
2003-10-28,4.618202209472656
2003-10-29,4.6461687088012695
2003-10-30,4.534306526184082
2003-10-31,4.418452262878418
2003-11-03,4.582247734069824
2003-11-04,4.562272548675537
2003-11-05,4.6501617431640625
2003-11-06,4.546292781829834
2003-11-07,4.562272548675537
2003-11-10,4.30259895324707
2003-11-11,4.242673873901367
2003-11-12,4.394482612609863
2003-11-13,4.386491775512695
2003-11-14,4.34654426574707
2003-11-17,4.254657745361328
2003-11-18,4.266644477844238
2003-11-19,4.274633407592773
2003-11-20,4.202723979949951
2003-11-21,4.274633407592773
2003-11-24,4.350539207458496
2003-11-25,4.366519451141357
2003-11-26,4.362523555755615
2003-11-28,4.3425493240356445
2003-12-01,4.426443576812744
2003-12-02,4.514331817626953
2003-12-03,4.4743828773498535
2003-12-04,4.450412750244141
2003-12-05,4.310588359832764
2003-12-08,4.218703269958496
2003-12-09,4.042923927307129
2003-12-10,3.935060739517212
2003-12-11,4.1348090171813965
2003-12-12,4.034935474395752
2003-12-15,3.9790048599243164
2003-12-16,3.9150853157043457
2003-12-17,3.7752602100372314
2003-12-18,3.907095193862915
2003-12-19,3.955033779144287
2003-12-22,3.9909896850585938
2003-12-23,3.9750092029571533
2003-12-24,3.9470431804656982
2003-12-26,3.943051338195801
2003-12-29,4.002974033355713
2003-12-30,4.042923927307129
2003-12-31,4.090864658355713
2004-01-02,4.266644477844238
2004-01-05,4.358529567718506
2004-01-06,4.362523555755615
2004-01-07,4.318578243255615
2004-01-08,4.4743828773498535
2004-01-09,4.534306526184082
2004-01-12,4.46639347076416
2004-01-13,4.290613651275635
2004-01-14,4.350539207458496
2004-01-15,4.394482612609863
2004-01-16,4.530312538146973
2004-01-20,4.6461687088012695
2004-01-21,4.586241245269775
2004-01-22,4.530312538146973
2004-01-23,4.394482612609863
2004-01-26,4.574258327484131
2004-01-27,4.506343841552734
2004-01-28,4.4743828773498535
2004-01-29,4.37850284576416
2004-01-30,4.46639347076416
2004-02-02,4.362523555755615
2004-02-03,4.274633407592773
2004-02-04,4.122823238372803
2004-02-05,4.254657745361328
2004-02-06,4.418452262878418
2004-02-09,4.370514392852783
2004-02-10,4.406467914581299
2004-02-11,4.386491775512695
2004-02-12,4.350539207458496
2004-02-13,4.246668815612793
2004-02-17,4.310588359832764
2004-02-18,4.250665187835693
2004-02-19,4.206718444824219
2004-02-20,4.158778190612793
2004-02-23,4.114834785461426
2004-02-24,4.158778190612793
2004-02-25,4.226694107055664
2004-02-26,4.190738677978516
2004-02-27,4.150789737701416
2004-03-01,4.350539207458496
2004-03-02,4.4743828773498535
2004-03-03,4.394482612609863
2004-03-04,4.502347469329834
2004-03-05,4.4743828773498535
2004-03-08,4.306593894958496
2004-03-09,4.262648582458496
2004-03-10,4.154784679412842
2004-03-11,4.058902740478516
2004-03-12,4.210714817047119
2004-03-15,4.094859600067139
2004-03-16,4.082873344421387
2004-03-17,4.106844902038574
2004-03-18,4.146793365478516
2004-03-19,4.06689453125
2004-03-22,3.7153360843658447
2004-03-23,3.955033779144287
2004-03-24,4.094859600067139
2004-03-25,4.106844902038574
2004-03-26,3.986994504928589
2004-03-29,4.150789737701416
2004-03-30,4.1827497482299805
2004-03-31,4.170763969421387
2004-04-01,4.122823238372803
2004-04-02,4.206718444824219
2004-04-05,4.322573661804199
2004-04-06,4.298603057861328
2004-04-07,4.246668815612793
2004-04-08,4.186744213104248
2004-04-12,4.258653163909912
2004-04-13,4.238678932189941
2004-04-14,4.294609546661377
2004-04-15,4.1827497482299805
2004-04-16,4.126819133758545
2004-04-19,4.126819133758545
2004-04-20,4.094859600067139
2004-04-21,4.206718444824219
2004-04-22,4.318578243255615
2004-04-23,4.494357109069824
2004-04-26,4.370514392852783
2004-04-27,4.262648582458496
2004-04-28,4.094859600067139
2004-04-29,3.9790048599243164
2004-04-30,3.807220935821533
2004-05-03,3.835186004638672
2004-05-04,3.9470431804656982
2004-05-05,3.8551595211029053
2004-05-06,3.7752602100372314
2004-05-07,3.823200225830078
2004-05-10,3.7393062114715576
2004-05-11,3.9150853157043457
2004-05-12,3.871140718460083
2004-05-13,3.8591551780700684
2004-05-14,3.7632758617401123
2004-05-17,3.5874955654144287
2004-05-18,3.6594059467315674
2004-05-19,3.743300676345825
2004-05-20,3.7153360843658447
2004-05-21,3.7552859783172607
2004-05-24,3.7552859783172607
2004-05-25,3.8192050457000732
2004-05-26,3.931065797805786
2004-05-27,4.010965347290039
2004-05-28,4.054909706115723
2004-06-01,3.971015214920044
2004-06-02,3.8831253051757812
2004-06-03,3.7153360843658447
2004-06-04,3.731315851211548
2004-06-07,3.871140718460083
2004-06-08,3.8591551780700684
2004-06-09,3.6913657188415527
2004-06-10,3.627446174621582
2004-06-14,3.486994504928589
2004-06-15,3.5699071884155273
2004-06-16,3.43171763420105
2004-06-17,3.3994734287261963
2004-06-18,3.408686399459839
2004-06-21,3.339590311050415
2004-06-22,3.500812530517578
2004-06-23,3.639002799987793
2004-06-24,3.5883331298828125
2004-06-25,3.671246290206909
2004-06-28,3.6067583560943604
2004-06-29,3.7495555877685547
2004-06-30,3.82786226272583
2004-07-01,3.6620354652404785
2004-07-02,3.5975451469421387
2004-07-06,3.4547486305236816
2004-07-07,3.6113650798797607
2004-07-08,3.5699071884155273
2004-07-09,3.6159708499908447
2004-07-12,3.496206045150757
2004-07-13,3.5146324634552
2004-07-14,3.2981345653533936
2004-07-15,3.2704966068267822
2004-07-16,3.2290382385253906
2004-07-19,3.2014005184173584
2004-07-20,3.2704966068267822
2004-07-21,3.2152204513549805
2004-07-22,3.3211653232574463
2004-07-23,3.0954549312591553
2004-07-26,3.0586040019989014
2004-07-27,3.155336618423462
2004-07-28,3.1184866428375244
2004-07-29,3.2290382385253906
2004-07-30,3.279707431793213
2004-08-02,3.275102138519287
2004-08-03,3.2704966068267822
2004-08-04,3.279707431793213
2004-08-05,3.279707431793213
2004-08-06,3.169156789779663
2004-08-09,3.1783688068389893
2004-08-10,3.279707431793213
2004-08-11,3.196793794631958
2004-08-12,3.1507318019866943
2004-08-13,3.1645498275756836
2004-08-16,3.2152204513549805
2004-08-17,3.2152204513549805
2004-08-18,3.376441478729248
2004-08-19,3.4040796756744385
2004-08-20,3.4409306049346924
2004-08-23,3.477781295776367
2004-08-24,3.4271113872528076
2004-08-25,3.537663698196411
2004-08-26,3.5468761920928955
2004-08-27,3.5422699451446533
2004-08-30,3.5054192543029785
2004-08-31,3.477781295776367
2004-09-01,3.450143814086914
2004-09-02,3.500812530517578
2004-09-03,3.252070188522339
2004-09-07,3.275102138519287
2004-09-08,3.252070188522339
2004-09-09,3.376441478729248
2004-09-10,3.5146324634552
2004-09-13,3.5100252628326416
2004-09-14,3.4915993213653564
2004-09-15,3.417898654937744
2004-09-16,3.417898654937744
2004-09-17,3.473175048828125
2004-09-20,3.519237756729126
2004-09-21,3.5699071884155273
2004-09-22,3.43171763420105
2004-09-23,3.486994504928589
2004-09-24,3.358016014099121
2004-09-27,3.2981345653533936
2004-09-28,3.2704966068267822
2004-09-29,3.31195330619812
2004-09-30,3.288921356201172
2004-10-01,3.4547486305236816
2004-10-04,3.519237756729126
2004-10-05,3.463961124420166
2004-10-06,3.4409306049346924
2004-10-07,3.371835947036743
2004-10-08,3.247464179992676
2004-10-11,3.288921356201172
2004-10-12,3.1783688068389893
2004-10-13,3.1875810623168945
2004-10-14,3.173762798309326
2004-10-15,3.192187547683716
2004-10-18,3.206007242202759
2004-10-19,3.3073463439941406
2004-10-20,3.293527126312256
2004-10-21,3.3810484409332275
2004-10-22,3.2428579330444336
2004-10-25,3.2843148708343506
2004-10-26,3.2566769123077393
2004-10-27,3.4040796756744385
2004-10-28,3.4271113872528076
2004-10-29,3.486994504928589
2004-11-01,3.5054192543029785
2004-11-02,3.6113650798797607
2004-11-03,3.685065746307373
2004-11-04,3.763373374938965
2004-11-05,3.8140435218811035
2004-11-08,3.7357354164123535
2004-11-09,3.721916913986206
2004-11-10,3.671246290206909
2004-11-11,3.6758532524108887
2004-11-12,3.7771925926208496
2004-11-15,3.7541611194610596
2004-11-16,3.7311294078826904
2004-11-17,3.961446523666382
2004-11-18,4.039754390716553
2004-11-19,3.887744426727295
2004-11-22,3.791013240814209
2004-11-23,3.767979860305786
2004-11-24,3.809436559677124
2004-11-26,3.7541611194610596
2004-11-29,3.7495555877685547
2004-11-30,3.671246290206909
2004-12-01,3.767979860305786
2004-12-02,3.8232555389404297
2004-12-03,3.8140435218811035
2004-12-06,3.855499744415283
2004-12-07,3.809436559677124
2004-12-08,3.7311294078826904
2004-12-09,3.6528220176696777
2004-12-10,3.625183582305908
2004-12-13,3.708097219467163
2004-12-14,3.7357354164123535
2004-12-15,3.7587673664093018
2004-12-16,3.7771925926208496
2004-12-17,3.7771925926208496
2004-12-20,3.7357354164123535
2004-12-21,3.7771925926208496
2004-12-22,3.8140435218811035
2004-12-23,3.8370749950408936
2004-12-27,3.8232555389404297
2004-12-28,3.82786226272583
2004-12-29,3.892352342605591
2004-12-30,3.9015636444091797
2004-12-31,3.910776376724243
2005-01-03,3.869319438934326
2005-01-04,3.721916913986206
2005-01-05,3.6482160091400146
2005-01-06,3.6159708499908447
2005-01-07,3.6343953609466553
2005-01-10,3.6436095237731934
2005-01-11,3.5929386615753174
2005-01-12,3.620577096939087
2005-01-13,3.5468761920928955
2005-01-14,3.6436095237731934
2005-01-18,3.7357354164123535
2005-01-19,3.6436095237731934
2005-01-20,3.639002799987793
2005-01-21,3.6067583560943604
2005-01-24,3.537663698196411
2005-01-25,3.5975451469421387
2005-01-26,3.708097219467163
2005-01-27,3.763373374938965
2005-01-28,3.78179931640625
2005-01-31,4.030540466308594
2005-02-01,4.081211090087891
2005-02-02,4.1456990242004395
2005-02-03,4.021328449249268
2005-02-04,4.159518241882324
2005-02-07,4.1364874839782715
2005-02-08,4.173336982727051
2005-02-09,4.1134562492370605
2005-02-10,4.141092777252197
2005-02-11,4.237826347351074
2005-02-14,4.2009735107421875
2005-02-15,4.219399929046631
2005-02-16,4.210186958312988
2005-02-17,4.076605319976807
2005-02-18,4.131880283355713
2005-02-22,4.081211090087891
2005-02-23,4.099635124206543
2005-02-24,4.187156677246094
2005-02-25,4.343770980834961
2005-02-28,4.2009735107421875
2005-03-01,4.242432117462158
2005-03-02,4.173336982727051
2005-03-03,4.099635124206543
2005-03-04,4.053572177886963
2005-03-07,4.187156677246094
2005-03-08,4.071998119354248
2005-03-09,4.076605319976807
2005-03-10,4.039754390716553
2005-03-11,4.025934219360352
2005-03-14,3.9522337913513184
2005-03-15,3.9153831005096436
2005-03-16,3.9430220127105713
2005-03-17,3.956839084625244
2005-03-18,3.9199888706207275
2005-03-21,3.892352342605591
2005-03-22,3.8140435218811035
2005-03-23,3.8186488151550293
2005-03-24,3.860107421875
2005-03-28,3.892352342605591
2005-03-29,3.8002240657806396
2005-03-30,3.855499744415283
2005-03-31,3.9061691761016846
2005-04-01,3.9430220127105713
2005-04-04,3.8831377029418945
2005-04-05,3.892352342605591
2005-04-06,3.8739242553710938
2005-04-07,3.9015636444091797
2005-04-08,3.975264310836792
2005-04-11,3.961446523666382
2005-04-12,3.966052770614624
2005-04-13,3.924596071243286
2005-04-14,3.8324694633483887
2005-04-15,3.77258563041687
2005-04-18,3.7357354164123535
2005-04-19,3.767979860305786
2005-04-20,3.717311143875122
2005-04-21,3.7956182956695557
2005-04-22,3.7311294078826904
2005-04-25,3.7587673664093018
2005-04-26,3.947627305984497
2005-04-27,3.9430220127105713
2005-04-28,3.9199888706207275
2005-04-29,3.966052770614624
2005-05-02,4.0121169090271
2005-05-03,3.984476327896118
2005-05-04,4.095028400421143
2005-05-05,4.182548999786377
2005-05-06,4.154911518096924
2005-05-09,4.168730735778809
2005-05-10,4.058178424835205
2005-05-11,4.030540466308594
2005-05-12,4.016723155975342
2005-05-13,4.154911518096924
2005-05-16,4.122666835784912
2005-05-17,4.118061065673828
2005-05-18,4.159518241882324
2005-05-19,4.2746758460998535
2005-05-20,4.283888816833496
2005-05-23,4.224006652832031
2005-05-24,4.2746758460998535
2005-05-25,4.210186958312988
2005-05-26,4.233220100402832
2005-05-27,4.242432117462158
2005-05-31,4.242432117462158
2005-06-01,4.283888816833496
2005-06-02,4.371408939361572
2005-06-03,4.389834403991699
2005-06-06,4.454322338104248
2005-06-07,4.412866592407227
2005-06-08,4.426685810089111
2005-06-09,4.49117374420166
2005-06-10,4.468142509460449
2005-06-13,4.50867223739624
2005-06-14,4.503662586212158
2005-06-15,4.48863410949707
2005-06-16,4.568789482116699
2005-06-17,4.598846435546875
2005-06-20,4.628902912139893
2005-06-21,4.613874912261963
2005-06-22,4.714068412780762
2005-06-23,4.724087715148926
2005-06-24,4.694029331207275
2005-06-27,4.633913040161133
2005-06-28,4.633913040161133
2005-06-29,4.573798656463623
2005-06-30,4.568789482116699
2005-07-01,4.598846435546875
2005-07-05,4.4936442375183105
2005-07-06,4.4936442375183105
2005-07-07,4.403470993041992
2005-07-08,4.458576202392578
2005-07-11,4.598846435546875
2005-07-12,4.70905876159668
2005-07-13,4.648941993713379
2005-07-14,4.699038982391357
2005-07-15,4.68902063369751
2005-07-18,4.618885040283203
2005-07-19,4.658961296081543
2005-07-20,4.699038982391357
2005-07-21,4.668980121612549
2005-07-22,4.613874912261963
2005-07-25,4.513681411743164
2005-07-26,4.353374004364014
2005-07-27,4.30327844619751
2005-07-28,4.34335470199585
2005-07-29,4.30327844619751
2005-08-01,4.318307399749756
2005-08-02,4.453566074371338
2005-08-03,4.473604202270508
2005-08-04,4.333335876464844
2005-08-05,4.288249492645264
2005-08-08,4.263200759887695
2005-08-09,4.2982683181762695
2005-08-10,4.333335876464844
2005-08-11,4.328326225280762
2005-08-12,4.308287143707275
2005-08-15,4.268210411071777
2005-08-16,4.193066596984863
2005-08-17,4.238152027130127
2005-08-18,4.1279401779174805
2005-08-19,4.193066596984863
2005-08-22,4.223123550415039
2005-08-23,4.193066596984863
2005-08-24,4.112912178039551
2005-08-25,4.122932434082031
2005-08-26,4.157998085021973
2005-08-29,4.1279401779174805
2005-08-30,4.092873573303223
2005-08-31,4.122932434082031
2005-09-01,4.122932434082031
2005-09-02,4.137959957122803
2005-09-06,4.137959957122803
2005-09-07,4.052795886993408
2005-09-08,4.122932434082031
2005-09-09,4.188055992126465
2005-09-12,4.208094120025635
2005-09-13,4.253180503845215
2005-09-14,4.238152027130127
2005-09-15,4.243162155151367
2005-09-16,4.1329498291015625
2005-09-19,4.163008689880371
2005-09-20,4.137959957122803
2005-09-21,4.077843189239502
2005-09-22,3.9776504039764404
2005-09-23,3.9976906776428223
2005-09-26,4.007709503173828
2005-09-27,3.947593927383423
2005-09-28,3.907515287399292
2005-09-29,4.032756328582764
2005-09-30,4.117920875549316
2005-10-03,4.152988433837891
2005-10-04,4.208094120025635
2005-10-05,4.173027038574219
2005-10-06,4.152988433837891
2005-10-07,4.218113422393799
2005-10-10,4.137959957122803
2005-10-11,4.072834491729736
2005-10-12,4.027748107910156
2005-10-13,4.027748107910156
2005-10-14,3.972642421722412
2005-10-17,3.9776504039764404
2005-10-18,3.962622880935669
2005-10-19,3.917536497116089
2005-10-20,3.827362537384033
2005-10-21,3.907515287399292
2005-10-24,3.9876708984375
2005-10-25,3.942582845687866
2005-10-26,3.8774588108062744
2005-10-27,3.8774588108062744
2005-10-28,4.002699375152588
2005-10-31,4.047787666320801
2005-11-01,4.032756328582764
2005-11-02,4.208094120025635
2005-11-03,4.273220062255859
2005-11-04,4.293257713317871
2005-11-07,4.308287143707275
2005-11-08,4.323317050933838
2005-11-09,4.448558330535889
2005-11-10,4.44354772567749
2005-11-11,4.428518295288086
2005-11-14,4.403470993041992
2005-11-15,4.44354772567749
2005-11-16,4.398460388183594
2005-11-17,4.513681411743164
2005-11-18,4.568789482116699
2005-11-21,4.593836784362793
2005-11-22,4.739115238189697
2005-11-23,4.7491350173950195
2005-11-25,4.704049110412598
2005-11-28,4.653952598571777
2005-11-29,4.658961296081543
2005-11-30,4.799231052398682
2005-12-01,4.899422645568848
2005-12-02,4.859346389770508
2005-12-05,4.9344916343688965
2005-12-06,4.979578971862793
2005-12-07,4.959539890289307
2005-12-08,4.914453029632568
2005-12-09,4.904434680938721
2005-12-12,4.924472332000732
2005-12-13,4.924472332000732
2005-12-14,4.643933296203613
2005-12-15,4.8693671226501465
2005-12-16,4.859346389770508
2005-12-19,4.80424165725708
2005-12-20,4.854336261749268
2005-12-21,4.954530239105225
2005-12-22,4.9344916343688965
2005-12-23,5.054724216461182
2005-12-27,4.949520111083984
2005-12-28,4.949520111083984
2005-12-29,4.954530239105225
2005-12-30,4.964549541473389
2006-01-03,5.059731960296631
2006-01-04,5.099809646606445
2006-01-05,5.184974193572998
2006-01-06,5.410407543182373
2006-01-09,5.475531578063965
2006-01-10,5.3152241706848145
2006-01-11,5.400388240814209
2006-01-12,5.230060577392578
2006-01-13,5.205013275146484
2006-01-17,5.0647430419921875
2006-01-18,4.984588623046875
2006-01-19,5.11483907699585
2006-01-20,4.944511413574219
2006-01-23,4.919463634490967
2006-01-24,5.029674053192139
2006-01-25,4.919463634490967
2006-01-26,5.2500996589660645
2006-01-27,5.420426368713379
2006-01-30,5.430444717407227
2006-01-31,5.410407543182373
2006-02-01,5.355302333831787
2006-02-02,5.210020542144775
2006-02-03,5.14990758895874
2006-02-06,5.275146484375
2006-02-07,5.215030670166016
2006-02-08,5.235071182250977
2006-02-09,5.194992542266846
2006-02-10,5.134878635406494
2006-02-13,4.974568843841553
2006-02-14,5.0396952629089355
2006-02-15,5.014645576477051
2006-02-16,5.089789867401123
2006-02-17,4.9996185302734375
2006-02-21,5.054724216461182
2006-02-22,4.959539890289307
2006-02-23,4.954530239105225
2006-02-24,4.954530239105225
2006-02-27,5.019655704498291
2006-02-28,4.874375820159912
2006-03-01,5.034684181213379
2006-03-02,4.984588623046875
2006-03-03,4.9094438552856445
2006-03-06,4.854336261749268
2006-03-07,4.734107494354248
2006-03-08,4.704049110412598
2006-03-09,4.70905876159668
2006-03-10,4.829288482666016
2006-03-13,4.814260482788086
2006-03-14,4.899422645568848
2006-03-15,4.984588623046875
2006-03-16,4.809251308441162
2006-03-17,4.799231052398682
2006-03-20,4.7491350173950195
2006-03-21,4.75414514541626
2006-03-22,4.7591552734375
2006-03-23,4.7591552734375
2006-03-24,4.824280738830566
2006-03-27,4.824280738830566
2006-03-28,4.78921365737915
2006-03-29,4.944511413574219
2006-03-30,5.034684181213379
2006-03-31,5.0396952629089355
2006-04-03,5.169943332672119
2006-04-04,5.189982891082764
2006-04-05,5.2500996589660645
2006-04-06,5.285167217254639
2006-04-07,5.225050926208496
2006-04-10,5.245091438293457
2006-04-11,5.11483907699585
2006-04-12,5.205013275146484
2006-04-13,5.285167217254639
2006-04-17,5.360310077667236
2006-04-18,5.465513229370117
2006-04-19,5.435455322265625
2006-04-20,5.450484752655029
2006-04-21,5.410407543182373
2006-04-24,5.3502912521362305
2006-04-25,5.2400803565979
2006-04-26,5.3152241706848145
2006-04-27,5.3502912521362305
2006-04-28,5.2500996589660645
2006-05-01,5.2500996589660645
2006-05-02,5.27013635635376
2006-05-03,5.375339031219482
2006-05-04,5.485551357269287
2006-05-05,5.6408514976501465
2006-05-08,5.590753555297852
2006-05-09,5.370328903198242
2006-05-10,5.245091438293457
2006-05-11,5.194992542266846
2006-05-12,5.089789867401123
2006-05-15,5.029674053192139
2006-05-16,4.9996185302734375
2006-05-17,4.949520111083984
2006-05-18,4.904434680938721
2006-05-19,4.9344916343688965
2006-05-22,4.739115238189697
2006-05-23,4.769174098968506
2006-05-24,4.739115238189697
2006-05-25,4.7491350173950195
2006-05-26,4.68902063369751
2006-05-30,4.653952598571777
2006-05-31,4.7441253662109375
2006-06-01,4.849328517913818
2006-06-02,4.904434680938721
2006-06-05,4.648941993713379
2006-06-06,4.6639723777771
2006-06-07,4.578807353973389
2006-06-08,4.513681411743164
2006-06-09,4.398460388183594
2006-06-12,4.318307399749756
2006-06-13,4.243162155151367
2006-06-14,4.458576202392578
2006-06-15,4.568789482116699
2006-06-16,4.553760051727295
2006-06-19,4.518691539764404
2006-06-20,4.567613124847412
2006-06-21,4.670073509216309
2006-06-22,4.6754679679870605
2006-06-23,4.697038173675537
2006-06-26,4.702430725097656
2006-06-27,4.632325649261475
2006-06-28,4.610754489898682
2006-06-29,4.880390167236328
2006-06-30,4.950493812561035
2006-07-03,4.993636608123779
2006-07-05,4.831855297088623
2006-07-06,4.842640399932861
2006-07-07,4.724000930786133
2006-07-10,4.788714408874512
2006-07-11,4.831855297088623
2006-07-12,4.78331995010376
2006-07-13,4.621540069580078
2006-07-14,4.583791255950928
2006-07-17,4.4435811042785645
2006-07-18,4.486722946166992
2006-07-19,4.621540069580078
2006-07-20,4.562221050262451
2006-07-21,4.314156532287598
2006-07-24,4.529865264892578
2006-07-25,4.529865264892578
2006-07-26,4.556828022003174
2006-07-27,4.513685703277588
2006-07-28,4.68086051940918
2006-07-31,4.6754679679870605
2006-08-01,4.643111228942871
2006-08-02,4.659289836883545
2006-08-03,4.664681434631348
2006-08-04,4.610754489898682
2006-08-07,4.540650367736816
2006-08-08,4.589183807373047
2006-08-09,4.556828022003174
2006-08-10,4.745572090148926
2006-08-11,4.664681434631348
2006-08-14,4.78331995010376
2006-08-15,4.993636608123779
2006-08-16,5.106882095336914
2006-08-17,5.171594619750977
2006-08-18,5.112275123596191
2006-08-21,5.004421710968018
2006-08-22,5.047562599182129
2006-08-23,4.901961326599121
2006-08-24,4.858819484710693
2006-08-25,4.821069717407227
2006-08-28,4.84803581237793
2006-08-29,4.858819484710693
2006-08-30,4.972066879272461
2006-08-31,5.020600318908691
2006-09-01,5.036777496337891
2006-09-05,5.058348655700684
2006-09-06,4.896568298339844
2006-09-07,4.880390167236328
2006-09-08,4.831855297088623
2006-09-11,4.858819484710693
2006-09-12,5.020600318908691
2006-09-13,5.112275123596191
2006-09-14,5.123061180114746
2006-09-15,5.12845516204834
2006-09-18,5.349554538726807
2006-09-19,5.214737892150879
2006-09-20,5.317197322845459
2006-09-21,5.198558330535889
2006-09-22,5.123061180114746
2006-09-25,5.279449939727783
2006-09-26,5.241700649261475
2006-09-27,5.1608099937438965
2006-09-28,5.209344387054443
2006-09-29,5.17698860168457
2006-10-02,5.214737892150879
2006-10-03,5.101489543914795
2006-10-04,5.1608099937438965
2006-10-05,5.311805248260498
2006-10-06,5.236307144165039
2006-10-09,5.241700649261475
2006-10-10,5.284842491149902
2006-10-11,5.290234565734863
2006-10-12,5.441230773925781
2006-10-13,5.554476737976074
2006-10-16,5.570653438568115
2006-10-17,5.403482437133789
2006-10-18,5.274057388305664
2006-10-19,5.236307144165039
2006-10-20,5.252484321594238
2006-10-23,5.333377361297607
2006-10-24,5.349554538726807
2006-10-25,5.376518726348877
2006-10-26,5.381910800933838
2006-10-27,5.230915069580078
2006-10-30,5.214737892150879
2006-10-31,5.230915069580078
2006-11-01,5.101489543914795
2006-11-02,5.123061180114746
2006-11-03,5.150024890899658
2006-11-06,5.150024890899658
2006-11-07,5.182382106781006
2006-11-08,5.193166255950928
2006-11-09,5.112275123596191
2006-11-10,5.112275123596191
2006-11-13,5.166203498840332
2006-11-14,5.317197322845459
2006-11-15,5.338769912719727
2006-11-16,5.398087978363037
2006-11-17,5.381910800933838
2006-11-20,5.398087978363037
2006-11-21,5.43583869934082
2006-11-22,5.559869766235352
2006-11-24,5.651544570922852
2006-11-27,5.538299560546875
2006-11-28,5.538299560546875
2006-11-29,5.646152019500732
2006-11-30,5.797146797180176
2006-12-01,5.727043151855469
2006-12-04,5.975108623504639
2006-12-05,6.02903413772583
2006-12-06,5.9481425285339355
2006-12-07,5.93196439743042
2006-12-08,5.88882303237915
2006-12-11,5.861860275268555
2006-12-12,5.764791011810303
2006-12-13,5.700080871582031
2006-12-14,5.775578498840332
2006-12-15,5.791754245758057
2006-12-18,5.840289115905762
2006-12-19,5.727043151855469
2006-12-20,5.705471992492676
2006-12-21,5.802541255950928
2006-12-22,5.797146797180176
2006-12-26,5.88882303237915
2006-12-27,5.937358379364014
2006-12-28,5.926569938659668
2006-12-29,5.894215106964111
2007-01-03,5.915787220001221
2007-01-04,5.915787220001221
2007-01-05,5.764791011810303
2007-01-08,5.797146797180176
2007-01-09,5.727043151855469
2007-01-10,5.759400367736816
2007-01-11,5.883431911468506
2007-01-12,6.066782474517822
2007-01-16,6.099138259887695
2007-01-17,6.1962080001831055
2007-01-18,6.066782474517822
2007-01-19,6.088354587554932
2007-01-22,5.964322090148926
2007-01-23,6.066782474517822
2007-01-24,6.190816879272461
2007-01-25,5.802541255950928
2007-01-26,5.894215106964111
2007-01-29,5.807931900024414
2007-01-30,5.883431911468506
2007-01-31,5.883431911468506
2007-02-01,5.937358379364014
2007-02-02,5.899608612060547
2007-02-05,5.85107421875
2007-02-06,5.915787220001221
2007-02-07,6.018248081207275
2007-02-08,5.996677398681641
2007-02-09,5.905000686645508
2007-02-12,5.759400367736816
2007-02-13,5.786360740661621
2007-02-14,6.012856483459473
2007-02-15,6.023642539978027
2007-02-16,6.055997371673584
2007-02-20,6.1207098960876465
2007-02-21,6.190816879272461
2007-02-22,6.228564262390137
2007-02-23,6.1422810554504395
2007-02-26,6.1422810554504395
2007-02-27,5.899608612060547
2007-02-28,5.985893249511719
2007-03-01,5.894215106964111
2007-03-02,5.737828254699707
2007-03-05,5.452014446258545
2007-03-06,5.721651077270508
2007-03-07,5.662332057952881
2007-03-08,5.813326835632324
2007-03-09,5.797146797180176
2007-03-12,5.996677398681641
2007-03-13,5.910393714904785
2007-03-14,5.964322090148926
2007-03-15,6.012856483459473
2007-03-16,5.942750930786133
2007-03-19,5.9535369873046875
2007-03-20,6.099138259887695
2007-03-21,6.228564262390137
2007-03-22,6.1153178215026855
2007-03-23,6.131496429443359
2007-03-26,6.163850784301758
2007-03-27,5.996677398681641
2007-03-28,5.834897041320801
2007-03-29,5.8241119384765625
2007-03-30,5.797146797180176
2007-04-02,5.813326835632324
2007-04-03,5.878036975860596
2007-04-04,5.813326835632324
2007-04-05,5.915787220001221
2007-04-09,5.861860275268555
2007-04-10,5.829504489898682
2007-04-11,5.807931900024414
2007-04-12,5.8241119384765625
2007-04-13,5.770183086395264
2007-04-16,5.807931900024414
2007-04-17,5.748614311218262
2007-04-18,5.754006862640381
2007-04-19,5.689292907714844
2007-04-20,5.673116683959961
2007-04-23,5.705471992492676
2007-04-24,5.818718910217285
2007-04-25,5.905000686645508
2007-04-26,5.9481425285339355
2007-04-27,5.764791011810303
2007-04-30,5.683902263641357
2007-05-01,5.764791011810303
2007-05-02,5.727043151855469
2007-05-03,5.775578498840332
2007-05-04,5.770183086395264
2007-05-07,5.770183086395264
2007-05-08,5.662332057952881
2007-05-09,5.678509712219238
2007-05-10,5.619187831878662
2007-05-11,5.613797187805176
2007-05-14,5.516726970672607
2007-05-15,5.543691635131836
2007-05-16,5.662332057952881
2007-05-17,5.759400367736816
2007-05-18,5.678509712219238
2007-05-21,5.667725086212158
2007-05-22,5.748614311218262
2007-05-23,5.678509712219238
2007-05-24,5.619187831878662
2007-05-25,5.646152019500732
2007-05-29,5.732436180114746
2007-05-30,5.748614311218262
2007-05-31,5.883431911468506
2007-06-01,5.975108623504639
2007-06-04,5.926569938659668
2007-06-05,5.840289115905762
2007-06-06,5.813326835632324
2007-06-07,5.775578498840332
2007-06-08,5.948343753814697
2007-06-11,5.886439323425293
2007-06-12,5.779516696929932
2007-06-13,5.841419696807861
2007-06-14,5.965227127075195
2007-06-15,6.089032173156738
2007-06-18,6.004619598388672
2007-06-19,6.021501064300537
2007-06-20,6.077776908874512
2007-06-21,6.319762229919434
2007-06-22,6.179072856903076
2007-06-25,6.184698104858398
2007-06-26,6.195956707000732
2007-06-27,6.269114971160889
2007-06-28,6.285999298095703
2007-06-29,6.263487815856934
2007-07-02,6.347901821136475
2007-07-03,6.409804344177246
2007-07-05,6.409804344177246
2007-07-06,6.460453033447266
2007-07-09,6.601142406463623
2007-07-10,6.443570137023926
2007-07-11,6.415430545806885
2007-07-12,6.57863187789917
2007-07-13,6.56174898147583
2007-07-16,6.573004245758057
2007-07-17,6.6067705154418945
2007-07-18,6.3929219245910645
2007-07-19,6.319762229919434
2007-07-20,6.134052753448486
2007-07-23,6.201584339141846
2007-07-24,6.134052753448486
2007-07-25,6.134052753448486
2007-07-26,5.751379489898682
2007-07-27,5.6838483810424805
2007-07-30,5.785144329071045
2007-07-31,5.7119855880737305
2007-08-01,5.593806266784668
2007-08-02,5.6838483810424805
2007-08-03,5.458745956420898
2007-08-06,5.638827800750732
2007-08-07,5.565668106079102
2007-08-08,5.779516696929932
2007-08-09,5.5037665367126465
2007-08-10,5.571296691894531
2007-08-13,5.644456386566162
2007-08-14,5.402469635009766
2007-08-15,5.171738624572754
2007-08-16,5.126718997955322
2007-08-17,5.458745956420898
2007-08-20,5.469998836517334
2007-08-21,5.441861152648926
2007-08-22,5.5600409507751465
2007-08-23,5.599434852600098
2007-08-24,5.650082588195801
2007-08-27,5.469998836517334
2007-08-28,5.289918899536133
2007-08-29,5.475627899169922
2007-08-30,5.3630757331848145
2007-08-31,5.582551956176758
2007-09-04,5.695102214813232
2007-09-05,5.610690116882324
2007-09-06,5.695102214813232
2007-09-07,5.469998836517334
2007-09-10,5.475627899169922
2007-09-11,5.515020847320557
2007-09-12,5.54315710067749
2007-09-13,5.650082588195801
2007-09-14,5.616318702697754
2007-09-17,5.52627420425415
2007-09-18,5.757004737854004
2007-09-19,5.6894755363464355
2007-09-20,5.6725921630859375
2007-09-21,5.7682623863220215
2007-09-24,5.779516696929932
2007-09-25,5.695102214813232
2007-09-26,5.661337375640869
2007-09-27,5.785144329071045
2007-09-28,5.695102214813232
2007-10-01,5.869555950164795
2007-10-02,5.9202070236206055
2007-10-03,5.841419696807861
2007-10-04,5.858302593231201
2007-10-05,6.015873432159424
2007-10-08,5.970853805541992
2007-10-09,6.021501064300537
2007-10-10,6.066524028778076
2007-10-11,5.745750427246094
2007-10-12,5.650082588195801
2007-10-15,5.627572536468506
2007-10-16,5.610690116882324
2007-10-17,5.728867053985596
2007-10-18,5.6838483810424805
2007-10-19,5.481253147125244
2007-10-22,5.464372634887695
2007-10-23,5.638827800750732
2007-10-24,5.498137474060059
2007-10-25,5.5037665367126465
2007-10-26,5.5769243240356445
2007-10-29,5.91457986831665
2007-10-30,5.852674961090088
2007-10-31,5.993363857269287
2007-11-01,5.908950328826904
2007-11-02,5.847047805786133
2007-11-05,5.740124225616455
2007-11-06,5.869555950164795
2007-11-07,5.7176127433776855
2007-11-08,5.571296691894531
2007-11-09,5.520648002624512
2007-11-12,5.396841049194336
2007-11-13,5.621944904327393
2007-11-14,5.53753137588501
2007-11-15,5.430605888366699
2007-11-16,5.486882209777832
2007-11-19,5.3630757331848145
2007-11-20,5.436232566833496
2007-11-21,5.216760158538818
2007-11-23,5.340566635131836
2007-11-26,5.340566635131836
2007-11-27,5.306800365447998
2007-11-28,5.486882209777832
2007-11-29,5.486882209777832
2007-11-30,5.582551956176758
2007-12-03,5.498137474060059
2007-12-04,5.458745956420898
2007-12-05,5.633199214935303
2007-12-06,5.773887634277344
2007-12-07,5.7963995933532715
2007-12-10,5.700732231140137
2007-12-11,5.588178634643555
2007-12-12,5.627572536468506
2007-12-13,5.5487847328186035
2007-12-14,5.430605888366699
2007-12-17,5.289918899536133
2007-12-18,5.419352054595947
2007-12-19,5.447489261627197
2007-12-20,5.441861152648926
2007-12-21,5.520648002624512
2007-12-24,5.52627420425415
2007-12-26,5.593806266784668
2007-12-27,5.515020847320557
2007-12-28,5.571296691894531
2007-12-31,5.605062007904053
2008-01-02,5.385585308074951
2008-01-03,5.312427043914795
2008-01-04,5.025423049926758
2008-01-07,4.924126148223877
2008-01-08,4.929751873016357
2008-01-09,5.098578453063965
2008-01-10,5.109835624694824
2008-01-11,5.0029120445251465
2008-01-14,5.092953205108643
2008-01-15,4.935380458831787
2008-01-16,4.772180557250977
2008-01-17,4.721533298492432
2008-01-18,4.862223148345947
2008-01-22,4.496429920196533
2008-01-23,4.817200660705566
2008-01-24,4.890359878540039
2008-01-25,4.895987510681152
2008-01-28,4.895987510681152
2008-01-29,5.00853967666626
2008-01-30,5.0029120445251465
2008-01-31,5.205504894256592
2008-02-01,5.486882209777832
2008-02-04,5.498137474060059
2008-02-05,5.143599510192871
2008-02-06,5.126718997955322
2008-02-07,5.205504894256592
2008-02-08,5.19987678527832
2008-02-11,5.301172256469727
2008-02-12,5.368702411651611
2008-02-13,5.464372634887695
2008-02-14,5.458745956420898
2008-02-15,5.464372634887695
2008-02-19,5.520648002624512
2008-02-20,5.498137474060059
2008-02-21,5.402469635009766
2008-02-22,5.447489261627197
2008-02-25,5.554413795471191
2008-02-26,5.700732231140137
2008-02-27,5.762635707855225
2008-02-28,5.644456386566162
2008-02-29,5.481253147125244
2008-03-03,5.419352054595947
2008-03-04,5.638827800750732
2008-03-05,5.7963995933532715
2008-03-06,5.723240375518799
2008-03-07,5.666964530944824
2008-03-10,5.593806266784668
2008-03-11,5.9202070236206055
2008-03-12,5.785144329071045
2008-03-13,5.734496593475342
2008-03-14,5.5600409507751465
2008-03-17,5.458745956420898
2008-03-18,5.7119855880737305
2008-03-19,5.5093913078308105
2008-03-20,5.807656288146973
2008-03-24,6.2466044425964355
2008-03-25,6.162189483642578
2008-03-26,6.038383483886719
2008-03-27,5.807656288146973
2008-03-28,5.723240375518799
2008-03-31,5.779516696929932
2008-04-01,5.965227127075195
2008-04-02,5.8920674324035645
2008-04-03,5.9989914894104
2008-04-04,5.869555950164795
2008-04-07,5.903325080871582
2008-04-08,5.81890869140625
2008-04-09,5.734496593475342
2008-04-10,5.91457986831665
2008-04-11,5.785144329071045
2008-04-14,5.740124225616455
2008-04-15,5.830164432525635
2008-04-16,6.16781759262085
2008-04-17,6.145308494567871
2008-04-18,6.229722499847412
2008-04-21,6.229722499847412
2008-04-22,6.055266857147217
2008-04-23,5.9989914894104
2008-04-24,6.038383483886719
2008-04-25,6.038383483886719
2008-04-28,6.139682292938232
2008-04-29,6.09466028213501
2008-04-30,6.3253912925720215
2008-05-01,6.3704118728637695
2008-05-02,6.3535308837890625
2008-05-05,6.269114971160889
2008-05-06,6.466080188751221
2008-05-07,6.269114971160889
2008-05-08,6.212840557098389
2008-05-09,6.16781759262085
2008-05-12,6.3253912925720215
2008-05-13,6.421060562133789
2008-05-14,6.359157085418701
2008-05-15,6.443570137023926
2008-05-16,6.556119918823242
2008-05-19,6.505472660064697
2008-05-20,6.336647987365723
2008-05-21,6.274742126464844
2008-05-22,6.302880764007568
2008-05-23,6.1284260749816895
2008-05-27,6.347901821136475
2008-05-28,6.494218826293945
2008-05-29,6.499847412109375
2008-05-30,6.443570137023926
2008-06-02,6.443570137023926
2008-06-03,6.376039505004883
2008-06-04,6.516728401184082
2008-06-05,6.696811676025391
2008-06-06,6.527984619140625
2008-06-09,6.3253912925720215
2008-06-10,6.156562805175781
2008-06-11,6.145308494567871
2008-06-12,6.212840557098389
2008-06-13,6.319762229919434
2008-06-16,6.342273235321045
2008-06-17,6.280369758605957
2008-06-18,6.224093914031982
2008-06-19,6.263487815856934
2008-06-20,6.077776908874512
2008-06-23,6.122798442840576
2008-06-24,6.150935649871826
2008-06-25,6.409804344177246
2008-06-26,6.060894012451172
2008-06-27,6.1171698570251465
2008-06-30,6.139682292938232
2008-07-01,6.139682292938232
2008-07-02,5.965227127075195
2008-07-03,5.7682623863220215
2008-07-07,5.7176127433776855
2008-07-08,5.728867053985596
2008-07-09,5.593806266784668
2008-07-10,5.7119855880737305
2008-07-11,5.7963995933532715
2008-07-14,5.6557087898254395
2008-07-15,5.5093913078308105
2008-07-16,5.8461689949035645
2008-07-17,6.1426286697387695
2008-07-18,6.0714802742004395
2008-07-21,6.154487133026123
2008-07-22,5.8817458152771
2008-07-23,6.012187957763672
2008-07-24,5.858028888702393
2008-07-25,5.941037654876709
2008-07-28,5.792807102203369
2008-07-29,5.834312438964844
2008-07-30,5.810595512390137
2008-07-31,5.632719993591309
2008-08-01,5.656435489654541
2008-08-04,5.567499160766602
2008-08-05,5.804664134979248
2008-08-06,6.077409744262695
2008-08-07,6.130770206451416
2008-08-08,6.231568813323975
2008-08-11,6.3264336585998535
2008-08-12,6.302717208862305
2008-08-13,6.166346549987793
2008-08-14,6.219709396362305
2008-08-15,6.267142295837402
2008-08-18,6.136699676513672
2008-08-19,6.047762393951416
2008-08-20,6.059621334075928
2008-08-21,6.047762393951416
2008-08-22,6.0714802742004395
2008-08-25,5.988471984863281
2008-08-26,5.9647536277771
2008-08-27,6.012187957763672
2008-08-28,5.9647536277771
2008-08-29,5.757232189178467
2008-09-02,5.549710273742676
2008-09-03,5.377764701843262
2008-09-04,5.128740310668945
2008-09-05,5.354048252105713
2008-09-08,5.543782711029053
2008-09-09,5.205819129943848
2008-09-10,5.330331802368164
2008-09-11,5.217677116394043
2008-09-12,5.389622688293457
2008-09-15,5.217677116394043
2008-09-16,5.348119258880615
2008-09-17,5.253252029418945
2008-09-18,5.555640697479248
2008-09-19,5.917321681976318
2008-09-22,5.703869342803955
2008-09-23,5.5200653076171875
2008-09-24,5.591215133666992
2008-09-25,5.668294906616211
2008-09-26,5.484490394592285
2008-09-29,5.158384799957275
2008-09-30,5.555640697479248
2008-10-01,5.52599573135376
2008-10-02,5.205819129943848
2008-10-03,5.010154724121094
2008-10-06,5.0042266845703125
2008-10-07,4.743340969085693
2008-10-08,4.855997562408447
2008-10-09,4.470601558685303
2008-10-10,4.891571998596191
2008-10-13,5.158384799957275
2008-10-14,4.950862884521484
2008-10-15,4.476531505584717
2008-10-16,4.452813625335693
2008-10-17,4.5891852378845215
2008-10-20,4.707767486572266
2008-10-21,4.38759183883667
2008-10-22,4.079274654388428
2008-10-23,4.1148505210876465
2008-10-24,3.830249547958374
2008-10-27,3.770958185195923
2008-10-28,4.565467357635498
2008-10-29,4.352017402648926
2008-10-30,4.689980506896973
2008-10-31,4.897501468658447
2008-11-03,4.7729878425598145
2008-11-04,4.968651294708252
2008-11-05,4.601042747497559
2008-11-06,4.369803428649902
2008-11-07,4.61290168762207
2008-11-10,4.541750431060791
2008-11-11,4.38759183883667
2008-11-12,4.209717273712158
2008-11-13,4.446885108947754
2008-11-14,4.126708030700684
2008-11-17,3.984408378601074
2008-11-18,3.8539669513702393
2008-11-19,3.634587049484253
2008-11-20,3.4685707092285156
2008-11-21,3.859896421432495
2008-11-24,3.972550392150879
2008-11-25,3.9429030418395996
2008-11-26,4.263079643249512
2008-11-28,4.239363670349121
2008-12-01,3.8954696655273438
2008-12-02,3.7590997219085693
2008-12-03,3.877682685852051
2008-12-04,3.8065338134765625
2008-12-05,3.984408378601074
2008-12-08,4.1148505210876465
2008-12-09,4.227503776550293
2008-12-10,4.446885108947754
2008-12-11,4.328300952911377
2008-12-12,4.5891852378845215
2008-12-15,4.547680377960205
2008-12-16,4.974581241607666
2008-12-17,4.855997562408447
2008-12-18,4.660335540771484
2008-12-19,4.61883020401001
2008-12-22,4.464670658111572
2008-12-23,4.464670658111572
2008-12-24,4.446885108947754
2008-12-26,4.48245906829834
2008-12-29,4.547680377960205
2008-12-30,4.7136969566345215
2008-12-31,4.684051990509033
2009-01-02,4.873784065246582
2009-01-05,4.778919696807861
2009-01-06,4.980510234832764
2009-01-07,4.571396827697754
2009-01-08,4.470601558685303
2009-01-09,4.440954208374023
2009-01-12,4.352017402648926
2009-01-13,4.547680377960205
2009-01-14,4.369803428649902
2009-01-15,4.369803428649902
2009-01-16,4.417238235473633
2009-01-20,4.144497394561768
2009-01-21,4.239363670349121
2009-01-22,4.417238235473633
2009-01-23,4.57732629776001
2009-01-26,4.535822868347168
2009-01-27,4.684051990509033
2009-01-28,4.814494609832764
2009-01-29,4.553610324859619
2009-01-30,4.470601558685303
2009-02-02,4.452813625335693
2009-02-03,4.624760150909424
2009-02-04,4.70183801651001
2009-02-05,4.808563232421875
2009-02-06,5.152456760406494
2009-02-09,5.033871650695801
2009-02-10,4.814494609832764
2009-02-11,4.927148818969727
2009-02-12,4.974581241607666
2009-02-13,4.915289402008057
2009-02-17,4.57732629776001
2009-02-18,4.725554466247559
2009-02-19,4.523963451385498
2009-02-20,4.446885108947754
2009-02-23,4.352017402648926
2009-02-24,4.529892921447754
2009-02-25,4.523963451385498
2009-02-26,4.553610324859619
2009-02-27,4.470601558685303
2009-03-02,4.417238235473633
2009-03-03,4.61290168762207
2009-03-04,4.767059803009033
2009-03-05,4.79670524597168
2009-03-06,4.891571998596191
2009-03-09,4.5891852378845215
2009-03-10,4.950862884521484
2009-03-11,5.134668350219727
2009-03-12,5.253252029418945
2009-03-13,5.229536056518555
2009-03-16,5.176172733306885
2009-03-17,5.324402809143066
2009-03-18,5.383694648742676
2009-03-19,5.205819129943848
2009-03-20,5.05165958404541
2009-03-23,5.502277851104736
2009-03-24,5.401483535766602
2009-03-25,5.342189788818359
2009-03-26,5.52599573135376
2009-03-27,5.484490394592285
2009-03-30,5.271040439605713
2009-03-31,5.306614875793457
2009-04-01,5.561570167541504
2009-04-02,6.0714802742004395
2009-04-03,6.101126194000244
2009-04-06,5.810595512390137
2009-04-07,5.597143650054932
2009-04-08,5.686082363128662
2009-04-09,5.822452068328857
2009-04-13,5.917321681976318
2009-04-14,5.786876678466797
2009-04-15,5.686082363128662
2009-04-16,5.686082363128662
2009-04-17,5.692012786865234
2009-04-20,5.4548444747924805
2009-04-21,5.442986011505127
2009-04-22,5.490420341491699
2009-04-23,5.437056541442871
2009-04-24,5.377764701843262
2009-04-27,5.419267654418945
2009-04-28,5.496349334716797
2009-04-29,5.976612567901611
2009-04-30,6.267142295837402
2009-05-01,6.391656398773193
2009-05-04,7.02014684677124
2009-05-05,6.616962909698486
2009-05-06,6.551740646362305
2009-05-07,6.160417079925537
2009-05-08,6.1900634765625
2009-05-11,6.148559093475342
2009-05-12,6.018115997314453
2009-05-13,5.935108184814453
2009-05-14,6.107054233551025
2009-05-15,5.941037654876709
2009-05-18,6.255282402038574
2009-05-19,6.308645725250244
2009-05-20,6.237497329711914
2009-05-21,6.172275543212891
2009-05-22,6.243425369262695
2009-05-26,6.379796504974365
2009-05-27,6.4746623039245605
2009-05-28,6.605104923248291
2009-05-29,6.486519813537598
2009-06-01,6.812626361846924
2009-06-02,6.450946807861328
2009-06-03,6.154487133026123
2009-06-04,6.101126194000244
2009-06-05,6.0714802742004395
2009-06-08,6.0536909103393555
2009-06-09,6.237497329711914
2009-06-10,6.1900634765625
2009-06-11,6.243425369262695
2009-06-12,5.952895164489746
2009-06-15,5.609001636505127
2009-06-16,5.407410621643066
2009-06-17,5.466702461242676
2009-06-18,5.514134883880615
2009-06-19,5.472630500793457
2009-06-22,5.383694648742676
2009-06-23,5.478561878204346
2009-06-24,5.656435489654541
2009-06-25,5.703869342803955
2009-06-26,5.674222946166992
2009-06-29,5.6623663902282715
2009-06-30,5.579356670379639
2009-07-01,5.597143650054932
2009-07-02,5.555640697479248
2009-07-06,5.543782711029053
2009-07-07,5.4548444747924805
2009-07-08,5.442986011505127
2009-07-09,5.609001636505127
2009-07-10,5.739444732666016
2009-07-13,5.745375633239746
2009-07-14,5.822452068328857
2009-07-15,6.1172919273376465
2009-07-16,6.15478515625
2009-07-17,6.204771041870117
2009-07-20,6.286003112792969
2009-07-21,6.167280197143555
2009-07-22,6.448464393615723
2009-07-23,6.448464393615723
2009-07-24,6.429719924926758
2009-07-27,6.429719924926758
2009-07-28,6.3984761238098145
2009-07-29,6.310995578765869
2009-07-30,6.729647159576416
2009-07-31,6.542191028594971
2009-08-03,6.610925197601318
2009-08-04,6.542191028594971
2009-08-05,6.423470973968506
2009-08-06,6.348488807678223
2009-08-07,6.392224311828613
2009-08-10,6.379729747772217
2009-08-11,6.385979175567627
2009-08-12,6.51094913482666
2009-08-13,6.842120170593262
2009-08-14,6.598428249359131
2009-08-17,6.4672112464904785
2009-08-18,6.498450756072998
2009-08-19,6.442216396331787
2009-08-20,6.523444175720215
2009-08-21,6.523444175720215
2009-08-24,6.735895156860352
2009-08-25,6.723398208618164
2009-08-26,6.579679489135742
2009-08-27,6.585931777954102
2009-08-28,6.735895156860352
2009-08-31,6.685909271240234
2009-09-01,6.598428249359131
2009-09-02,6.6296706199646
2009-09-03,6.6984052658081055
2009-09-04,6.754642963409424
2009-09-08,6.910855293273926
2009-09-09,6.935847282409668
2009-09-10,6.954593181610107
2009-09-11,6.829623222351074
2009-09-14,6.742142200469971
2009-09-15,6.817126274108887
2009-09-16,6.873363494873047
2009-09-17,6.804628849029541
2009-09-18,6.7921319007873535
2009-09-21,6.729647159576416
2009-09-22,6.798379898071289
2009-09-23,6.729647159576416
2009-09-24,6.51094913482666
2009-09-25,6.5296950340271
2009-09-28,6.685909271240234
2009-09-29,6.742142200469971
2009-09-30,6.848368167877197
2009-10-01,6.592181205749512
2009-10-02,6.4672112464904785
2009-10-05,6.51094913482666
2009-10-06,6.479706287384033
2009-10-07,6.354735851287842
2009-10-08,6.198523998260498
2009-10-09,6.279755115509033
2009-10-12,6.192273139953613
2009-10-13,6.373481750488281
2009-10-14,6.4672112464904785
2009-10-15,6.286003112792969
2009-10-16,6.1422858238220215
2009-10-19,6.204771041870117
2009-10-20,6.204771041870117
2009-10-21,6.373481750488281
2009-10-22,6.360986232757568
2009-10-23,6.254759311676025
2009-10-26,6.26101016998291
2009-10-27,6.167280197143555
2009-10-28,6.011068344116211
2009-10-29,6.192273139953613
2009-10-30,5.961078643798828
2009-11-02,5.986074447631836
2009-11-03,5.942335605621338
2009-11-04,6.048559665679932
2009-11-05,6.1172919273376465
2009-11-06,6.1172919273376465
2009-11-09,6.217267990112305
2009-11-10,6.26101016998291
2009-11-11,6.5296950340271
2009-11-12,6.5296950340271
2009-11-13,6.617175102233887
2009-11-16,6.74839448928833
2009-11-17,6.679659843444824
2009-11-18,6.735895156860352
2009-11-19,6.51094913482666
2009-11-20,6.492204189300537
2009-11-23,6.5671868324279785
2009-11-24,6.504701614379883
2009-11-25,6.5484395027160645
2009-11-27,6.442216396331787
2009-11-30,6.492204189300537
2009-12-01,6.5671868324279785
2009-12-02,6.785884380340576
2009-12-03,6.617175102233887
2009-12-04,6.74839448928833
2009-12-07,6.798379898071289
2009-12-08,6.7733869552612305
2009-12-09,6.810878276824951
2009-12-10,6.829623222351074
2009-12-11,6.704651832580566
2009-12-14,6.76713752746582
2009-12-15,6.74839448928833
2009-12-16,6.7733869552612305
2009-12-17,6.74839448928833
2009-12-18,6.942094326019287
2009-12-21,6.967090129852295
2009-12-22,7.054570198059082
2009-12-23,6.967090129852295
2009-12-24,7.042074203491211
2009-12-28,6.973339557647705
2009-12-29,7.023327827453613
2009-12-30,7.04832124710083
2009-12-31,7.148299217224121
2010-01-04,7.235774993896484
2010-01-05,7.204534530639648
2010-01-06,7.179540634155273
2010-01-07,6.942094326019287
2010-01-08,6.935847282409668
2010-01-11,6.898355484008789
2010-01-12,6.685909271240234
2010-01-13,6.860866546630859
2010-01-14,6.7921319007873535
2010-01-15,6.6234211921691895
2010-01-19,6.848368167877197
2010-01-20,6.74839448928833
2010-01-21,6.617175102233887
2010-01-22,6.304748058319092
2010-01-25,6.342239856719971
2010-01-26,6.248510837554932
2010-01-27,6.242264270782471
2010-01-28,6.279755115509033
2010-01-29,6.348488807678223
2010-02-01,6.298500061035156
2010-02-02,6.223516941070557
2010-02-03,6.286003112792969
2010-02-04,6.048559665679932
2010-02-05,5.973577976226807
2010-02-08,6.004819869995117
2010-02-09,5.998570919036865
2010-02-10,6.0610551834106445
2010-02-11,6.179778099060059
2010-02-12,6.067305088043213
2010-02-16,6.192273139953613
2010-02-17,6.26101016998291
2010-02-18,6.286003112792969
2010-02-19,6.26101016998291
2010-02-22,6.248510837554932
2010-02-23,6.15478515625
2010-02-24,6.136038303375244
2010-02-25,6.092299938201904
2010-02-26,6.092299938201904
2010-03-01,6.217267990112305
2010-03-02,6.217267990112305
2010-03-03,6.161032199859619
2010-03-04,6.167280197143555
2010-03-05,6.329742908477783
2010-03-08,6.392224311828613
2010-03-09,6.404725551605225
2010-03-10,6.460960865020752
2010-03-11,6.560937881469727
2010-03-12,6.454712390899658
2010-03-15,6.335991382598877
2010-03-16,6.429719924926758
2010-03-17,6.51094913482666
2010-03-18,6.460960865020752
2010-03-19,6.304748058319092
2010-03-22,6.360986232757568
2010-03-23,6.417221546173096
2010-03-24,6.454712390899658
2010-03-25,6.51094913482666
2010-03-26,6.473455905914307
2010-03-29,6.585931777954102
2010-03-30,6.592181205749512
2010-03-31,6.554688453674316
2010-04-01,6.6234211921691895
2010-04-05,6.704651832580566
2010-04-06,6.76713752746582
2010-04-07,6.779636383056641
2010-04-08,6.63592004776001
2010-04-09,6.63592004776001
2010-04-12,6.617175102233887
2010-04-13,6.667161464691162
2010-04-14,7.029575824737549
2010-04-15,6.954593181610107
2010-04-16,6.779636383056641
2010-04-19,6.7733869552612305
2010-04-20,6.810878276824951
2010-04-21,6.7733869552612305
2010-04-22,6.854618072509766
2010-04-23,6.848368167877197
2010-04-26,6.867116451263428
2010-04-27,6.6234211921691895
2010-04-28,6.560937881469727
2010-04-29,6.598428249359131
2010-04-30,6.617175102233887
2010-05-03,6.660913944244385
2010-05-04,6.304748058319092
2010-05-05,6.223516941070557
2010-05-06,6.104796409606934
2010-05-07,6.179778099060059
2010-05-10,6.435965538024902
2010-05-11,6.354735851287842
2010-05-12,6.392224311828613
2010-05-13,6.404725551605225
2010-05-14,6.167280197143555
2010-05-17,6.229765892028809
2010-05-18,6.079801559448242
2010-05-19,6.136038303375244
2010-05-20,6.017317771911621
2010-05-21,6.1172919273376465
2010-05-24,5.998570919036865
2010-05-25,5.979824542999268
2010-05-26,5.911090850830078
2010-05-27,6.179778099060059
2010-05-28,6.092299938201904
2010-06-01,6.15478515625
2010-06-02,6.298500061035156
2010-06-03,6.192273139953613
2010-06-04,6.011068344116211
2010-06-07,5.892346382141113
2010-06-08,5.942335605621338
2010-06-09,5.973577976226807
2010-06-10,6.1172919273376465
2010-06-11,6.123541355133057
2010-06-14,6.15478515625
2010-06-15,6.417221546173096
2010-06-16,6.442216396331787
2010-06-17,6.429719924926758
2010-06-18,6.373481750488281
2010-06-21,6.473455905914307
2010-06-22,6.304748058319092
2010-06-23,6.342239856719971
2010-06-24,6.211019992828369
2010-06-25,6.26101016998291
2010-06-28,6.273506164550781
2010-06-29,6.129790782928467
2010-06-30,6.098546028137207
2010-07-01,6.1172919273376465
2010-07-02,6.179778099060059
2010-07-06,6.454623699188232
2010-07-07,6.559576511383057
2010-07-08,6.6186137199401855
2010-07-09,6.6579718589782715
2010-07-12,6.60549259185791
2010-07-13,6.651412010192871
2010-07-14,6.6579718589782715
2010-07-15,6.6579718589782715
2010-07-16,6.507100582122803
2010-07-19,6.644852161407471
2010-07-20,6.7563629150390625
2010-07-21,6.625172138214111
2010-07-22,6.808839321136475
2010-07-23,6.8613200187683105
2010-07-26,6.933471202850342
2010-07-27,6.8481974601745605
2010-07-28,6.8613200187683105
2010-07-29,6.6776509284973145
2010-07-30,6.625172138214111
2010-08-02,6.730127334594727
2010-08-03,6.710444450378418
2010-08-04,6.7038893699646
2010-08-05,6.6382927894592285
2010-08-06,6.5333380699157715
2010-08-09,6.526778697967529
2010-08-10,6.513659477233887
2010-08-11,6.382469177246094
2010-08-12,6.408707618713379
2010-08-13,6.362789154052734
2010-08-16,6.408707618713379
2010-08-17,6.480861186981201
2010-08-18,6.408707618713379
2010-08-19,6.323434829711914
2010-08-20,6.349671363830566
2010-08-23,6.356229782104492
2010-08-24,6.257835388183594
2010-08-25,6.21191930770874
2010-08-26,6.185681343078613
2010-08-27,6.329991817474365
2010-08-30,6.179121971130371
2010-08-31,6.16600227355957
2010-09-01,6.2840752601623535
2010-09-02,6.21191930770874
2010-09-03,6.408707618713379
2010-09-07,6.2315993309021
2010-09-08,6.2447190284729
2010-09-09,6.2381591796875
2010-09-10,6.218480587005615
2010-09-13,6.467743396759033
2010-09-14,6.513659477233887
2010-09-15,6.480861186981201
2010-09-16,6.5333380699157715
2010-09-17,6.500540256500244
2010-09-20,6.60549259185791
2010-09-21,6.4939799308776855
2010-09-22,6.428385257720947
2010-09-23,6.336552143096924
2010-09-24,6.546457767486572
2010-09-27,6.487421989440918
2010-09-28,6.6186137199401855
2010-09-29,6.743246555328369
2010-09-30,6.651412010192871
2010-10-01,6.723567008972168
2010-10-04,6.697328090667725
2010-10-05,6.828521251678467
2010-10-06,6.7563629150390625
2010-10-07,6.743246555328369
2010-10-08,6.79572057723999
2010-10-11,6.782602310180664
2010-10-12,6.736685276031494
2010-10-13,6.841639518737793
2010-10-14,6.802281379699707
2010-10-15,6.782602310180664
2010-10-18,6.7563629150390625
2010-10-19,6.690768718719482
2010-10-20,6.7760443687438965
2010-10-21,6.828521251678467
2010-10-22,6.953150749206543
2010-10-25,7.00562858581543
2010-10-26,6.966271877288818
2010-10-27,6.985949516296387
2010-10-28,7.05810546875
2010-10-29,7.15649938583374
2010-11-01,7.1433796882629395
2010-11-02,7.11058235168457
2010-11-03,7.169618129730225
2010-11-04,7.386085033416748
2010-11-05,7.333607196807861
2010-11-08,7.215535640716553
2010-11-09,7.307370185852051
2010-11-10,7.379524230957031
2010-11-11,7.2548933029174805
2010-11-12,7.2483344078063965
2010-11-15,7.2548933029174805
2010-11-16,7.123702049255371
2010-11-17,7.1433796882629395
2010-11-18,7.241772651672363
2010-11-19,7.26801061630249
2010-11-22,7.300809383392334
2010-11-23,7.044985294342041
2010-11-24,7.215535640716553
2010-11-26,7.215535640716553
2010-11-29,7.0909037590026855
2010-11-30,7.051548004150391
2010-12-01,7.2876877784729
2010-12-02,7.569753170013428
2010-12-03,7.851816177368164
2010-12-06,7.799337863922119
2010-12-07,7.759980201721191
2010-12-08,7.81245756149292
2010-12-09,7.891172885894775
2010-12-10,7.92396879196167
2010-12-13,7.8058977127075195
2010-12-14,7.81245756149292
2010-12-15,7.950207233428955
2010-12-16,8.081398963928223
2010-12-17,8.324103355407715
2010-12-20,8.087958335876465
2010-12-21,8.127318382263184
2010-12-22,8.068279266357422
2010-12-23,8.02236270904541
2010-12-27,8.074838638305664
2010-12-28,8.028923988342285
2010-12-29,8.074838638305664
2010-12-30,8.133875846862793
2010-12-31,8.22571086883545
2011-01-03,8.25851058959961
2011-01-04,8.284745216369629
2011-01-05,8.107635498046875
2011-01-06,8.442171096801758
2011-01-07,8.573369979858398
2011-01-10,8.67176342010498
2011-01-11,8.802952766418457
2011-01-12,8.861988067626953
2011-01-13,8.770156860351562
2011-01-14,8.97350025177002
2011-01-18,8.888229370117188
2011-01-19,8.875106811523438
2011-01-20,8.69800090789795
2011-01-21,8.704561233520508
2011-01-24,8.822632789611816
2011-01-25,8.67176342010498
2011-01-26,8.684879302978516
2011-01-27,8.73079776763916
2011-01-28,8.599609375
2011-01-31,8.573369979858398
2011-02-01,8.665202140808105
2011-02-02,8.750475883483887
2011-02-03,8.763592720031738
2011-02-04,8.934146881103516
2011-02-07,8.960383415222168
2011-02-08,8.802952766418457
2011-02-09,8.58648681640625
2011-02-10,8.422497749328613
2011-02-11,8.488094329833984
2011-02-14,8.455293655395508
2011-02-15,8.409379959106445
2011-02-16,8.455293655395508
2011-02-17,8.573369979858398
2011-02-18,8.40281867980957
2011-02-22,8.140437126159668
2011-02-23,8.055158615112305
2011-02-24,7.950207233428955
2011-02-25,8.06171989440918
2011-02-28,8.06171989440918
2011-03-01,7.989566326141357
2011-03-02,8.009243965148926
2011-03-03,8.042043685913086
2011-03-04,8.140437126159668
2011-03-07,8.002684593200684
2011-03-08,8.101079940795898
2011-03-09,8.212592124938965
2011-03-10,7.943647384643555
2011-03-11,8.009243965148926
2011-03-14,7.97644567489624
2011-03-15,7.81245756149292
2011-03-16,7.497597694396973
2011-03-17,7.615667819976807
2011-03-18,7.707502841949463
2011-03-21,7.832136631011963
2011-03-22,7.753420352935791
2011-03-23,7.897730350494385
2011-03-24,8.055158615112305
2011-03-25,8.028923988342285
2011-03-28,7.983004570007324
2011-03-29,7.910851001739502
2011-03-30,7.943647384643555
2011-03-31,7.989566326141357
2011-04-01,8.009243965148926
2011-04-04,7.989566326141357
2011-04-05,8.173233032226562
2011-04-06,8.376579284667969
2011-04-07,8.343781471252441
2011-04-08,8.29786491394043
2011-04-11,8.206031799316406
2011-04-12,8.02236270904541
2011-04-13,8.042043685913086
2011-04-14,8.074838638305664
2011-04-15,8.009243965148926
2011-04-18,7.838692665100098
2011-04-19,7.845256328582764
2011-04-20,8.166674613952637
2011-04-21,8.23883056640625
2011-04-25,8.055158615112305
2011-04-26,8.23883056640625
2011-04-27,8.717679023742676
2011-04-28,8.796398162841797
2011-04-29,8.855429649353027
2011-05-02,8.861988067626953
2011-05-03,8.829188346862793
2011-05-04,8.816070556640625
2011-05-05,8.888229370117188
2011-05-06,9.019418716430664
2011-05-09,8.966941833496094
2011-05-10,9.019418716430664
2011-05-11,8.855429649353027
2011-05-12,9.065335273742676
2011-05-13,8.91446590423584
2011-05-16,8.835748672485352
2011-05-17,8.783273696899414
2011-05-18,8.875106811523438
2011-05-19,8.822632789611816
2011-05-20,8.796398162841797
2011-05-23,8.606167793273926
2011-05-24,8.625845909118652
2011-05-25,8.638964653015137
2011-05-26,8.750475883483887
2011-05-27,8.69800090789795
2011-05-31,8.960383415222168
2011-06-01,8.97350025177002
2011-06-02,8.986624717712402
2011-06-03,8.947266578674316
2011-06-06,8.97350025177002
2011-06-07,9.104695320129395
2011-06-08,8.999740600585938
2011-06-09,8.89478588104248
2011-06-10,8.560249328613281
2011-06-13,8.520889282226562
2011-06-14,8.743916511535645
2011-06-15,8.606167793273926
2011-06-16,8.527450561523438
2011-06-17,8.343781471252441
2011-06-20,8.461853981018066
2011-06-21,8.704561233520508
2011-06-22,8.474973678588867
2011-06-23,8.422497749328613
2011-06-24,8.133875846862793
2011-06-27,8.219151496887207
2011-06-28,8.409379959106445
2011-06-29,8.442877769470215
2011-06-30,8.62061882019043
2011-07-01,8.825711250305176
2011-07-05,8.695822715759277
2011-07-06,8.565929412841797
2011-07-07,8.72316837310791
2011-07-08,8.627458572387695
2011-07-11,8.456547737121582
2011-07-12,8.367677688598633
2011-07-13,8.504403114318848
2011-07-14,8.306148529052734
2011-07-15,8.35400676727295
2011-07-18,8.299311637878418
2011-07-19,8.35400676727295
2011-07-20,8.52491283416748
2011-07-21,8.59327507019043
2011-07-22,8.873563766479492
2011-07-25,8.716329574584961
2011-07-26,8.818875312805176
2011-07-27,8.586440086364746
2011-07-28,8.41553020477295
2011-07-29,8.449710845947266
2011-08-01,8.565929412841797
2011-08-02,8.333494186401367
2011-08-03,8.312982559204102
2011-08-04,7.916477203369141
2011-08-05,7.902805805206299
2011-08-08,7.478951454162598
2011-08-09,7.861790657043457
2011-08-10,7.567825794219971
2011-08-11,7.875460624694824
2011-08-12,7.834441661834717
2011-08-15,7.978005409240723
2011-08-16,7.875460624694824
2011-08-17,7.868622779846191
2011-08-18,7.554150581359863
2011-08-19,7.478951454162598
2011-08-22,7.6840434074401855
2011-08-23,8.094223976135254
2011-08-24,8.025856971740723
2011-08-25,7.759242534637451
2011-08-26,8.073713302612305
2011-08-29,8.29247760772705
2011-08-30,8.183096885681152
2011-08-31,8.183096885681152
2011-09-01,8.128405570983887
2011-09-02,7.971167087554932
2011-09-06,7.875460624694824
2011-09-07,8.237787246704102
2011-09-08,8.20360279083252
2011-09-09,8.121566772460938
2011-09-12,8.162586212158203
2011-09-13,8.176259994506836
2011-09-14,8.080550193786621
2011-09-15,8.278803825378418
2011-09-16,8.483895301818848
2011-09-19,8.35400676727295
2011-09-20,8.285640716552734
2011-09-21,8.148913383483887
2011-09-22,7.875460624694824
2011-09-23,8.005352020263672
2011-09-26,7.902805805206299
2011-09-27,8.217277526855469
2011-09-28,8.046367645263672
2011-09-29,8.073713302612305
2011-09-30,7.813934326171875
2011-10-03,7.731897354125977
2011-10-04,8.025856971740723
2011-10-05,8.080550193786621
2011-10-06,8.087387084960938
2011-10-07,8.066877365112305
2011-10-10,8.217277526855469
2011-10-11,8.10789680480957
2011-10-12,8.312982559204102
2011-10-13,8.319822311401367
2011-10-14,8.40869426727295
2011-10-17,8.210440635681152
2011-10-18,8.347166061401367
2011-10-19,8.278803825378418
2011-10-20,8.073713302612305
2011-10-21,8.32666015625
2011-10-24,8.53174877166748
2011-10-25,8.333494186401367
2011-10-26,8.37451457977295
2011-10-27,8.853056907653809
2011-10-28,8.709492683410645
2011-10-31,8.627458572387695
2011-11-01,8.511237144470215
2011-11-02,8.695822715759277
2011-11-03,8.818875312805176
2011-11-04,8.873563766479492
2011-11-07,8.887236595153809
2011-11-08,8.839383125305176
2011-11-09,8.53174877166748
2011-11-10,8.661639213562012
2011-11-11,8.853056907653809
2011-11-14,8.873563766479492
2011-11-15,8.94192886352539
2011-11-16,8.709492683410645
2011-11-17,8.688982009887695
2011-11-18,8.654804229736328
2011-11-21,8.586440086364746
2011-11-22,8.586440086364746
2011-11-23,8.340331077575684
2011-11-25,8.251457214355469
2011-11-28,8.579605102539062
2011-11-29,8.477058410644531
2011-11-30,8.832549095153809
2011-12-01,9.030800819396973
2011-12-02,8.96927547454834
2011-12-05,9.037638664245605
2011-12-06,8.846221923828125
2011-12-07,9.037638664245605
2011-12-08,8.846221923828125
2011-12-09,8.94192886352539
2011-12-12,8.839383125305176
2011-12-13,8.695822715759277
2011-12-14,8.579605102539062
2011-12-15,8.545421600341797
2011-12-16,8.72316837310791
2011-12-19,8.42236614227295
2011-12-20,8.654804229736328
2011-12-21,8.688982009887695
2011-12-22,8.825711250305176
2011-12-23,8.832549095153809
2011-12-27,8.900909423828125
2011-12-28,8.832549095153809
2011-12-29,8.900909423828125
2011-12-30,8.825711250305176
2012-01-03,9.064982414245605
2012-01-04,8.982946395874023
2012-01-05,9.064982414245605
2012-01-06,8.989784240722656
2012-01-09,9.147019386291504
2012-01-10,9.413637161254883
2012-01-11,9.338435173034668
2012-01-12,9.454654693603516
2012-01-13,9.399964332580566
2012-01-17,9.201709747314453
2012-01-18,9.454654693603516
2012-01-19,9.748617172241211
2012-01-20,9.55036449432373
2012-01-23,9.577707290649414
2012-01-24,9.523016929626465
2012-01-25,9.680252075195312
2012-01-26,9.728106498718262
2012-01-27,9.646071434020996
2012-01-30,9.557195663452148
2012-01-31,9.625561714172363
2012-02-01,9.700760841369629
2012-02-02,9.509343147277832
2012-02-03,9.605053901672363
2012-02-06,9.564037322998047
2012-02-07,9.605053901672363
2012-02-08,9.700760841369629
2012-02-09,9.762289047241211
2012-02-10,9.461490631103516
2012-02-13,9.646071434020996
2012-02-14,9.693922996520996
2012-02-15,9.789634704589844
2012-02-16,9.933197975158691
2012-02-17,9.994726181030273
2012-02-21,9.83065128326416
2012-02-22,9.899014472961426
2012-02-23,9.666579246520996
2012-02-24,9.823819160461426
2012-02-27,9.83749008178711
2012-02-28,10.04257869720459
2012-02-29,9.926362037658691
2012-03-01,10.008397102355957
2012-03-02,9.97421646118164
2012-03-05,9.796469688415527
2012-03-06,9.680252075195312
2012-03-07,9.84432601928711
2012-03-08,9.987889289855957
2012-03-09,9.981050491333008
2012-03-12,9.84432601928711
2012-03-13,10.165633201599121
2012-03-14,10.124615669250488
2012-03-15,10.213488578796387
2012-03-16,10.110943794250488
2012-03-19,10.36388874053955
2012-03-20,10.213488578796387
2012-03-21,10.39806842803955
2012-03-22,10.275012969970703
2012-03-23,10.247668266296387
2012-03-26,10.51428508758545
2012-03-27,10.507450103759766
2012-03-28,10.377559661865234
2012-03-29,10.309197425842285
2012-03-30,10.445920944213867
2012-04-02,10.527957916259766
2012-04-03,10.404906272888184
2012-04-04,10.254507064819336
2012-04-05,10.418575286865234
2012-04-09,10.158797264099121
2012-04-10,9.994726181030273
2012-04-11,10.110943794250488
2012-04-12,10.199812889099121
2012-04-13,10.322866439819336
2012-04-16,10.322866439819336
2012-04-17,10.39806842803955
2012-04-18,10.445920944213867
2012-04-19,10.425413131713867
2012-04-20,10.329705238342285
2012-04-23,10.179304122924805
2012-04-24,10.158797264099121
2012-04-25,10.192976951599121
2012-04-26,10.815083503723145
2012-04-27,11.040681838989258
2012-04-30,10.651013374328613
2012-05-01,10.616833686828613
2012-05-02,11.006503105163574
2012-05-03,10.733051300048828
2012-05-04,10.555305480957031
2012-05-07,10.541629791259766
2012-05-08,10.36388874053955
2012-05-09,10.343376159667969
2012-05-10,10.521121978759766
2012-05-11,10.521121978759766
2012-05-14,10.309197425842285
2012-05-15,10.110943794250488
2012-05-16,10.199812889099121
2012-05-17,10.049415588378906
2012-05-18,9.762289047241211
2012-05-21,9.85799789428711
2012-05-22,9.84432601928711
2012-05-23,9.625561714172363
2012-05-24,9.543527603149414
2012-05-25,9.557195663452148
2012-05-29,9.673416137695312
2012-05-30,9.523016929626465
2012-05-31,9.38629150390625
2012-06-01,8.928256034851074
2012-06-04,8.900909423828125
2012-06-05,9.030800819396973
2012-06-06,9.229057312011719
2012-06-07,9.256400108337402
2012-06-08,9.201709747314453
2012-06-11,9.167530059814453
2012-06-12,9.365784645080566
2012-06-13,9.263236999511719
2012-06-14,9.208545684814453
2012-06-15,9.3452730178833
2012-06-18,9.543527603149414
2012-06-19,9.646071434020996
2012-06-20,9.659745216369629
2012-06-21,9.283744812011719
2012-06-22,9.454654693603516
2012-06-25,9.147019386291504
2012-06-26,9.099164009094238
2012-06-27,9.256400108337402
2012-06-28,9.188036918640137
2012-06-29,9.543527603149414
2012-07-02,9.755451202392578
2012-07-03,9.871671676635742
2012-07-05,9.667693138122559
2012-07-06,9.561455726623535
2012-07-09,9.561455726623535
2012-07-10,9.405637741088867
2012-07-11,9.313565254211426
2012-07-12,9.06567668914795
2012-07-13,9.129417419433594
2012-07-16,8.973602294921875
2012-07-17,8.987767219543457
2012-07-18,9.30648136138916
2012-07-19,9.10816764831543
2012-07-20,8.959436416625977
2012-07-23,9.051508903503418
2012-07-24,9.143583297729492
2012-07-25,9.214407920837402
2012-07-26,9.462297439575195
2012-07-27,9.68893814086914
2012-07-30,9.55437183380127
2012-07-31,9.89433479309082
2012-08-01,9.830592155456543
2012-08-02,9.823508262634277
2012-08-03,10.043065071105957
2012-08-06,10.085563659667969
2012-08-07,10.035985946655273
2012-08-08,9.979326248168945
2012-08-09,10.14930534362793
2012-08-10,10.262627601623535
2012-08-13,10.135139465332031
2012-08-14,10.198884963989258
2012-08-15,10.213048934936523
2012-08-16,10.234297752380371
2012-08-17,10.198884963989258
2012-08-20,10.269709587097168
2012-08-21,10.375946998596191
2012-08-22,10.198884963989258
2012-08-23,10.14930534362793
2012-08-24,10.177639961242676
2012-08-27,10.184718132019043
2012-08-28,10.135139465332031
2012-08-29,10.163470268249512
2012-08-30,10.092644691467285
2012-08-31,10.411361694335938
2012-09-04,10.184718132019043
2012-09-05,10.043065071105957
2012-09-06,10.205965995788574
2012-09-07,10.276792526245117
2012-09-10,10.411361694335938
2012-09-11,10.567177772521973
2012-09-12,10.602595329284668
2012-09-13,10.645085334777832
2012-09-14,10.878808975219727
2012-09-17,10.616755485534668
2012-09-18,10.687583923339844
2012-09-19,10.652166366577148
2012-09-20,10.482186317443848
2012-09-21,10.482186317443848
2012-09-24,10.503435134887695
2012-09-25,10.482186317443848
2012-09-26,10.616755485534668
2012-09-27,11.048792839050293
2012-09-28,11.204607009887695
2012-10-01,11.261265754699707
2012-10-02,11.332094192504883
2012-10-03,11.367505073547363
2012-10-04,11.445416450500488
2012-10-05,11.381671905517578
2012-10-08,10.999215126037598
2012-10-09,10.878808975219727
2012-10-10,10.708829879760742
2012-10-11,10.645085334777832
2012-10-12,10.708829879760742
2012-10-15,10.82923412322998
2012-10-16,10.942550659179688
2012-10-17,11.048792839050293
2012-10-18,11.01337718963623
2012-10-19,10.779655456542969
2012-10-22,10.857563972473145
2012-10-23,10.779655456542969
2012-10-24,10.73007869720459
2012-10-25,10.892974853515625
2012-10-26,10.977965354919434
2012-10-31,11.261265754699707
2012-11-01,11.410002708435059
2012-11-02,11.169196128845215
2012-11-05,11.24710464477539
2012-11-06,11.473747253417969
2012-11-07,11.452497482299805
2012-11-08,11.424166679382324
2012-11-09,11.587064743041992
2012-11-12,11.650809288024902
2012-11-13,11.459580421447754
2012-11-14,11.275432586669922
2012-11-15,11.367505073547363
2012-11-16,11.46666431427002
2012-11-19,11.572900772094727
2012-11-20,11.509157180786133
2012-11-21,11.516242027282715
2012-11-23,11.92702865600586
2012-11-26,11.771211624145508
2012-11-27,11.91994857788086
2012-11-28,11.969524383544922
2012-11-29,12.13241958618164
2012-11-30,12.231576919555664
2012-12-03,12.097010612487793
2012-12-04,11.863285064697266
2012-12-05,12.0120210647583
2012-12-06,12.075761795043945
2012-12-07,12.061600685119629
2012-12-10,11.955357551574707
2012-12-11,12.174919128417969
2012-12-12,12.082842826843262
2012-12-13,12.118256568908691
2012-12-14,12.004940032958984
2012-12-17,11.99785327911377
2012-12-18,12.02618408203125
2012-12-19,12.104089736938477
2012-12-20,12.111178398132324
2012-12-21,12.004940032958984
2012-12-24,11.990772247314453
2012-12-26,11.983688354492188
2012-12-27,12.02618408203125
2012-12-28,12.13241958618164
2012-12-31,12.153669357299805
2013-01-02,12.81943130493164
2013-01-03,12.812350273132324
2013-01-04,12.720276832580566
2013-01-07,12.53612995147705
2013-01-08,12.422807693481445
2013-01-09,12.422807693481445
2013-01-10,12.876090049743652
2013-01-11,12.854844093322754
2013-01-14,12.755688667297363
2013-01-15,12.670697212219238
2013-01-16,12.606954574584961
2013-01-17,12.932751655578613
2013-01-18,12.847760200500488
2013-01-22,12.861927032470703
2013-01-23,12.939833641052246
2013-01-24,12.61403751373291
2013-01-25,12.571545600891113
2013-01-28,12.408641815185547
2013-01-29,12.57862377166748
2013-01-30,12.606954574584961
2013-01-31,12.56445598602295
2013-02-01,12.79818344116211
2013-02-04,12.67778205871582
2013-02-05,12.876090049743652
2013-02-06,12.776933670043945
2013-02-07,12.961084365844727
2013-02-08,13.0673246383667
2013-02-11,13.088566780090332
2013-02-12,13.10273551940918
2013-02-13,13.038989067077637
2013-02-14,13.15230941772461
2013-02-15,13.123979568481445
2013-02-19,13.563100814819336
2013-02-20,13.378951072692871
2013-02-21,13.237299919128418
2013-02-22,13.386040687561035
2013-02-25,12.925667762756348
2013-02-26,12.61403751373291
2013-02-27,12.876090049743652
2013-02-28,12.925667762756348
2013-03-01,12.925667762756348
2013-03-04,12.847760200500488
2013-03-05,12.982328414916992
2013-03-06,12.833598136901855
2013-03-07,12.784019470214844
2013-03-08,12.684861183166504
2013-03-11,12.550294876098633
2013-03-12,12.557376861572266
2013-03-13,12.74860668182373
2013-03-14,12.784019470214844
2013-03-15,12.493634223937988
2013-03-18,12.210331916809082
2013-03-19,12.097010612487793
2013-03-20,12.217412948608398
2013-03-21,11.962441444396973
2013-03-22,12.089926719665527
2013-03-25,12.004940032958984
2013-03-26,12.089926719665527
2013-03-27,12.160751342773438
2013-03-28,12.174919128417969
2013-04-01,12.097010612487793
2013-04-02,12.118256568908691
2013-04-03,11.856203079223633
2013-04-04,11.91994857788086
2013-04-05,11.849120140075684
2013-04-08,11.92702865600586
2013-04-09,12.004940032958984
2013-04-10,12.174919128417969
2013-04-11,12.281153678894043
2013-04-12,12.259907722473145
2013-04-15,11.962441444396973
2013-04-16,12.210331916809082
2013-04-17,12.097010612487793
2013-04-18,12.706109046936035
2013-04-19,13.315208435058594
2013-04-22,13.10273551940918
2013-04-23,12.946921348571777
2013-04-24,13.060236930847168
2013-04-25,13.237299919128418
2013-04-26,13.123979568481445
2013-04-29,13.33646011352539
2013-04-30,13.513521194458008
2013-05-01,13.534769058227539
2013-05-02,13.83224105834961
2013-05-03,13.74724292755127
2013-05-06,13.846400260925293
2013-05-07,13.789739608764648
2013-05-08,14.313848495483398
2013-05-09,14.313848495483398
2013-05-10,14.285520553588867
2013-05-13,14.115540504455566
2013-05-14,14.087212562561035
2013-05-15,14.02346420288086
2013-05-16,13.7755765914917
2013-05-17,13.818072319030762
2013-05-20,13.718916893005371
2013-05-21,13.619760513305664
2013-05-22,13.378951072692871
2013-05-23,13.279799461364746
2013-05-24,13.357705116271973
2013-05-28,13.492276191711426
2013-05-29,13.626842498779297
2013-05-30,13.435613632202148
2013-05-31,13.216055870056152
2013-06-03,13.251465797424316
2013-06-04,13.414366722106934
2013-06-05,13.216055870056152
2013-06-06,13.17356014251709
2013-06-07,13.237299919128418
2013-06-10,13.32229232788086
2013-06-11,13.116899490356445
2013-06-12,13.00357723236084
2013-06-13,12.939833641052246
2013-06-14,12.741523742675781
2013-06-17,12.833598136901855
2013-06-18,13.053156852722168
2013-06-19,12.741523742675781
2013-06-20,12.330734252929688
2013-06-21,12.16783618927002
2013-06-24,11.990772247314453
2013-06-25,12.41572380065918
2013-06-26,12.493634223937988
2013-06-27,12.699028015136719
2013-06-28,12.975247383117676
2013-07-01,13.0673246383667
2013-07-02,13.10273551940918
2013-07-03,13.191550254821777
2013-07-05,13.257072448730469
2013-07-08,12.81298542022705
2013-07-09,12.987709045410156
2013-07-10,12.987709045410156
2013-07-11,13.497316360473633
2013-07-12,13.424513816833496
2013-07-15,13.395391464233398
2013-07-16,13.417234420776367
2013-07-17,13.431797981262207
2013-07-18,12.237857818603516
2013-07-19,12.00489330291748
2013-07-22,12.099536895751953
2013-07-23,12.186896324157715
2013-07-24,12.390739440917969
2013-07-25,12.507221221923828
2013-07-26,12.303377151489258
2013-07-29,12.1577787399292
2013-07-30,12.354338645935059
2013-07-31,12.36161994934082
2013-08-01,12.558180809020996
2013-08-02,12.230575561523438
2013-08-05,12.245135307312012
2013-08-06,12.077692031860352
2013-08-07,11.771930694580078
2013-08-08,11.808330535888672
2013-08-09,11.801051139831543
2013-08-12,11.684568405151367
2013-08-13,11.844731330871582
2013-08-14,11.691848754882812
2013-08-15,11.648168563842773
2013-08-16,11.626324653625488
2013-08-19,11.509847640991211
2013-08-20,11.524406433105469
2013-08-21,11.466165542602539
2013-08-22,11.691848754882812
2013-08-23,11.808330535888672
2013-08-26,11.837450981140137
2013-08-27,11.6336088180542
2013-08-28,11.837450981140137
2013-08-29,12.135932922363281
2013-08-30,12.055855751037598
2013-09-03,12.303377151489258
2013-09-04,12.274258613586426
2013-09-05,12.507221221923828
2013-09-06,12.383459091186523
2013-09-09,12.59458065032959
2013-09-10,12.725622177124023
2013-09-11,12.696503639221191
2013-09-12,12.580023765563965
2013-09-13,12.616421699523926
2013-09-16,12.827547073364258
2013-09-17,12.871228218078613
2013-09-18,12.820267677307129
2013-09-19,12.81298542022705
2013-09-20,12.601861953735352
2013-09-23,12.84938907623291
2013-09-24,12.783864974975586
2013-09-25,12.609143257141113
2013-09-26,12.609143257141113
2013-09-27,12.427141189575195
2013-09-30,12.34705924987793
2013-10-01,12.6819429397583
2013-10-02,12.718343734741211
2013-10-03,12.885787010192871
2013-10-04,12.871228218078613
2013-10-07,12.827547073364258
2013-10-08,12.71106243133545
2013-10-09,12.565461158752441
2013-10-10,12.8639497756958
2013-10-11,13.16971206665039
2013-10-14,13.111471176147461
2013-10-15,13.213393211364746
2013-10-16,13.308035850524902
2013-10-17,13.577392578125
2013-10-18,13.89044189453125
2013-10-21,13.817643165588379
2013-10-22,13.94867992401123
2013-10-23,13.6283540725708
2013-10-24,13.599238395690918
2013-10-25,13.446352005004883
2013-10-28,13.548274040222168
2013-10-29,13.664758682250977
2013-10-30,13.526436805725098
2013-10-31,13.40267276763916
2013-11-01,13.446352005004883
2013-11-04,13.35171127319336
2013-11-05,13.162429809570312
2013-11-06,13.30075454711914
2013-11-07,13.198832511901855
2013-11-08,13.111471176147461
2013-11-11,12.907626152038574
2013-11-12,12.965866088867188
2013-11-13,12.820267677307129
2013-11-14,12.740184783935547
2013-11-15,12.856663703918457
2013-11-18,12.885787010192871
2013-11-19,12.791143417358398
2013-11-20,12.77658462524414
2013-11-21,12.390739440917969
2013-11-22,12.470818519592285
2013-11-25,12.499939918518066
2013-11-26,12.71106243133545
2013-11-27,12.79842472076416
2013-11-29,12.907626152038574
2013-12-02,12.667383193969727
2013-12-03,12.76202392578125
2013-12-04,12.769303321838379
2013-12-05,12.667383193969727
2013-12-06,12.827547073364258
2013-12-09,12.791143417358398
2013-12-10,12.645543098449707
2013-12-11,12.725622177124023
2013-12-12,12.463541984558105
2013-12-13,12.43442153930664
2013-12-16,12.456259727478027
2013-12-17,12.43442153930664
2013-12-18,12.376177787780762
2013-12-19,12.412582397460938
2013-12-20,12.36889934539795
2013-12-23,12.478100776672363
2013-12-24,12.514498710632324
2013-12-26,12.507221221923828
2013-12-27,12.565461158752441
2013-12-30,12.79842472076416
2013-12-31,12.696503639221191
2014-01-02,12.485380172729492
2014-01-03,12.33978271484375
2014-01-06,12.303377151489258
2014-01-07,12.310659408569336
2014-01-08,12.441699981689453
2014-01-09,12.201459884643555
2014-01-10,12.303377151489258
2014-01-13,12.310659408569336
2014-01-14,12.652822494506836
2014-01-15,12.783864974975586
2014-01-16,13.213393211364746
2014-01-17,12.936749458312988
2014-01-21,12.878510475158691
2014-01-22,13.075072288513184
2014-01-23,12.885787010192871
2014-01-24,12.791143417358398
2014-01-27,12.485380172729492
2014-01-28,12.492660522460938
2014-01-29,12.383459091186523
2014-01-30,12.478100776672363
2014-01-31,12.317938804626465
2014-02-03,12.208736419677734
2014-02-04,12.186896324157715
2014-02-05,11.983053207397461
2014-02-06,12.36889934539795
2014-02-07,12.492660522460938
2014-02-10,12.565461158752441
2014-02-11,12.660102844238281
2014-02-12,12.652822494506836
2014-02-13,12.70378589630127
2014-02-14,13.024107933044434
2014-02-18,12.951310157775879
2014-02-19,12.929469108581543
2014-02-20,12.878510475158691
2014-02-21,12.914907455444336
2014-02-24,12.878510475158691
2014-02-25,12.827547073364258
2014-02-26,12.980427742004395
2014-02-27,13.111471176147461
2014-02-28,13.155150413513184
2014-03-03,13.126030921936035
2014-03-04,13.133307456970215
2014-03-05,13.388111114501953
2014-03-06,13.73756217956543
2014-03-07,13.664758682250977
2014-03-10,13.803081512451172
2014-03-11,13.664758682250977
2014-03-12,14.14525032043457
2014-03-13,14.028763771057129
2014-03-14,13.759404182434082
2014-03-17,13.912285804748535
2014-03-18,13.963239669799805
2014-03-19,13.744841575622559
2014-03-20,13.72299861907959
2014-03-21,13.490032196044922
2014-03-24,13.570116996765137
2014-03-25,13.919565200805664
2014-03-26,13.897722244262695
2014-03-27,14.13796615600586
2014-03-28,14.298127174377441
2014-03-31,14.574773788452148
2014-04-01,14.793177604675293
2014-04-02,14.589336395263672
2014-04-03,14.516533851623535
2014-04-04,14.392765998840332
2014-04-07,14.370925903320312
2014-04-08,14.545647621154785
2014-04-09,14.669413566589355
2014-04-10,14.429169654846191
2014-04-11,14.48012924194336
2014-04-14,14.749496459960938
2014-04-15,14.931498527526855
2014-04-16,14.669413566589355
2014-04-17,15.084383010864258
2014-04-21,14.9678955078125
2014-04-22,14.9678955078125
2014-04-23,14.858695030212402
2014-04-24,14.9678955078125
2014-04-25,14.494686126708984
2014-04-28,14.778616905212402
2014-04-29,14.633010864257812
2014-04-30,14.633010864257812
2014-05-01,14.392765998840332
2014-05-02,14.2835693359375
2014-05-05,14.3126859664917
2014-05-06,14.560212135314941
2014-05-07,14.800453186035156
2014-05-08,14.931498527526855
2014-05-09,14.858695030212402
2014-05-12,14.989733695983887
2014-05-13,15.02613639831543
2014-05-14,14.98245620727539
2014-05-15,15.04069995880127
2014-05-16,15.120784759521484
2014-05-19,15.04069995880127
2014-05-20,14.931498527526855
2014-05-21,14.924217224121094
2014-05-22,15.02613639831543
2014-05-23,15.04069995880127
2014-05-27,15.20814037322998
2014-05-28,15.186298370361328
2014-05-29,15.069822311401367
2014-05-30,14.9678955078125
2014-06-02,15.04069995880127
2014-06-03,15.462944984436035
2014-06-04,15.361018180847168
2014-06-05,15.433821678161621
2014-06-06,15.353741645812988
2014-06-09,15.441102981567383
2014-06-10,15.506625175476074
2014-06-11,15.382859230041504
2014-06-12,15.36829948425293
2014-06-13,15.353741645812988
2014-06-16,15.441102981567383
2014-06-17,15.477502822875977
2014-06-18,15.543025970458984
2014-06-19,15.790547370910645
2014-06-20,15.397420883178711
2014-06-23,15.179021835327148
2014-06-24,15.128053665161133
2014-06-25,15.310062408447266
2014-06-26,15.302785873413086
2014-06-27,15.492064476013184
2014-06-30,15.572151184082031
2014-07-01,15.994392395019531
2014-07-02,16.29287338256836
2014-07-03,16.53312110900879
2014-07-07,16.503999710083008
2014-07-08,16.431196212768555
2014-07-09,16.32200050354004
2014-07-10,16.70783805847168
2014-07-11,16.60592269897461
2014-07-14,16.867950439453125
2014-07-15,16.726511001586914
2014-07-16,15.580147743225098
2014-07-17,15.036741256713867
2014-07-18,15.245169639587402
2014-07-21,15.207947731018066
2014-07-22,15.416383743286133
2014-07-23,15.394048690795898
2014-07-24,15.550370216369629
2014-07-25,15.148398399353027
2014-07-28,15.163285255432129
2014-07-29,15.289833068847656
2014-07-30,15.42382526397705
2014-07-31,14.887861251831055
2014-08-01,15.036741256713867
2014-08-04,15.267501831054688
2014-08-05,14.738984107971191
2014-08-06,14.917638778686523
2014-08-07,14.8208646774292
2014-08-08,14.731541633605957
2014-08-11,14.925082206726074
2014-08-12,14.880414962768555
2014-08-13,15.133511543273926
2014-08-14,15.282392501831055
2014-08-15,15.222838401794434
2014-08-18,15.237724304199219
2014-08-19,15.438711166381836
2014-08-20,15.513152122497559
2014-08-21,15.349385261535645
2014-08-22,15.505711555480957
2014-08-25,15.394048690795898
2014-08-26,15.48337173461914
2014-08-27,15.565258979797363
2014-08-28,15.565258979797363
2014-08-29,15.587592124938965
2014-09-02,15.691804885864258
2014-09-03,15.892791748046875
2014-09-04,15.773685455322266
2014-09-05,15.766246795654297
2014-09-08,15.684364318847656
2014-09-09,15.669473648071289
2014-09-10,15.654589653015137
2014-09-11,15.55781364440918
2014-09-12,15.140958786010742
2014-09-15,15.06651782989502
2014-09-16,15.245169639587402
2014-09-17,15.349385261535645
2014-09-18,15.57270336151123
2014-09-19,15.274941444396973
2014-09-22,15.155845642089844
2014-09-23,15.140958786010742
2014-09-24,15.327051162719727
2014-09-25,14.969744682312012
2014-09-26,14.992077827453613
2014-09-29,14.850642204284668
2014-09-30,15.0218505859375
2014-10-01,14.962299346923828
2014-10-02,15.103738784790039
2014-10-03,15.505711555480957
2014-10-06,15.498265266418457
2014-10-07,15.170729637145996
2014-10-08,15.334494590759277
2014-10-09,15.237724304199219
2014-10-10,14.470999717712402
2014-10-13,14.6422119140625
2014-10-14,14.992077827453613
2014-10-15,14.93996810913086
2014-10-16,15.42382526397705
2014-10-17,15.42382526397705
2014-10-20,15.535490036010742
2014-10-21,15.922562599182129
2014-10-22,15.810906410217285
2014-10-23,15.855576515197754
2014-10-24,15.766246795654297
2014-10-27,15.900240898132324
2014-10-28,16.07144546508789
2014-10-29,16.07144546508789
2014-10-30,15.714136123657227
2014-10-31,16.391538619995117
2014-11-03,16.30220603942871
2014-11-04,16.33942413330078
2014-11-05,16.398975372314453
2014-11-06,16.227767944335938
2014-11-07,16.242656707763672
2014-11-10,16.5701904296875
2014-11-11,16.525527954101562
2014-11-12,16.413864135742188
2014-11-13,16.629743576049805
2014-11-14,16.674402236938477
2014-11-17,16.309654235839844
2014-11-18,16.413864135742188
2014-11-19,16.771181106567383
2014-11-20,16.942384719848633
2014-11-21,17.165700912475586
2014-11-24,17.076377868652344
2014-11-25,17.054048538208008
2014-11-26,17.25503158569336
2014-11-28,17.470903396606445
2014-12-01,17.076377868652344
2014-12-02,16.800947189331055
2014-12-03,17.06893539428711
2014-12-04,16.987051010131836
2014-12-05,16.9274959564209
2014-12-08,16.748849868774414
2014-12-09,16.80839729309082
2014-12-10,16.518085479736328
2014-12-11,16.480859756469727
2014-12-12,16.35431480407715
2014-12-15,16.331985473632812
2014-12-16,15.959786415100098
2014-12-17,16.108665466308594
2014-12-18,16.220325469970703
2014-12-19,16.525527954101562
2014-12-22,16.652074813842773
2014-12-23,16.53297233581543
2014-12-24,16.637182235717773
2014-12-26,16.60740852355957
2014-12-29,16.659523010253906
2014-12-30,16.704179763793945
2014-12-31,16.659523010253906
2015-01-02,16.585079193115234
2015-01-05,16.18310546875
2015-01-06,15.900240898132324
2015-01-07,16.130996704101562
2015-01-08,16.235210418701172
2015-01-09,15.781135559082031
2015-01-12,15.475931167602539
2015-01-13,15.669473648071289
2015-01-14,15.676915168762207
2015-01-15,17.039159774780273
2015-01-16,16.823284149169922
2015-01-20,17.188034057617188
2015-01-21,17.27736473083496
2015-01-22,17.649560928344727
2015-01-23,17.857988357543945
2015-01-26,17.984539031982422
2015-01-27,18.00687026977539
2015-01-28,17.813329696655273
2015-01-29,17.3369140625
2015-01-30,16.905166625976562
2015-02-02,17.076377868652344
2015-02-03,17.232694625854492
2015-02-04,17.55278778076172
2015-02-05,17.61233901977539
2015-02-06,17.19548225402832
2015-02-09,16.875389099121094
2015-02-10,17.761219024658203
2015-02-11,18.08130645751953
2015-02-12,18.21529769897461
2015-02-13,18.49072265625
2015-02-17,18.438615798950195
2015-02-18,18.39394760131836
2015-02-19,18.252517700195312
2015-02-20,18.192970275878906
2015-02-23,18.029197692871094
2015-02-24,18.63960075378418
2015-02-25,18.63960075378418
2015-02-26,18.37162208557129
2015-02-27,18.259965896606445
2015-03-02,18.334402084350586
2015-03-03,18.237628936767578
2015-03-04,18.111083984375
2015-03-05,18.207857131958008
2015-03-06,17.93242645263672
2015-03-09,17.456018447875977
2015-03-10,17.158262252807617
2015-03-11,17.485788345336914
2015-03-12,17.515573501586914
2015-03-13,17.776111602783203
2015-03-16,18.073863983154297
2015-03-17,18.096195220947266
2015-03-18,18.39394760131836
2015-03-19,18.35672950744629
2015-03-20,18.438615798950195
2015-03-23,18.460948944091797
2015-03-24,18.237628936767578
2015-03-25,17.25503158569336
2015-03-26,17.269914627075195
2015-03-27,17.076377868652344
2015-03-30,17.307138442993164
2015-03-31,17.47834587097168
2015-04-01,17.292255401611328
2015-04-02,17.634674072265625
2015-04-06,17.523012161254883
2015-04-07,17.411354064941406
2015-04-08,17.269914627075195
2015-04-09,17.448572158813477
2015-04-10,17.49323844909668
2015-04-13,17.366687774658203
2015-04-14,17.25503158569336
2015-04-15,17.50067901611328
2015-04-16,17.299694061279297
2015-04-17,17.284805297851562
2015-04-20,17.322031021118164
2015-04-21,17.366687774658203
2015-04-22,17.74633026123047
2015-04-23,18.08875274658203
2015-04-24,18.542831420898438
2015-04-27,18.915027618408203
2015-04-28,18.617271423339844
2015-04-29,18.45350456237793
2015-04-30,18.192970275878906
2015-05-01,18.416278839111328
2015-05-04,18.103641510009766
2015-05-05,18.08130645751953
2015-05-06,18.20041275024414
2015-05-07,18.140857696533203
2015-05-08,18.274845123291016
2015-05-11,18.140857696533203
2015-05-12,18.148303985595703
2015-05-13,18.192970275878906
2015-05-14,18.17063331604004
2015-05-15,18.28229331970215
2015-05-18,18.17063331604004
2015-05-19,18.304628372192383
2015-05-20,18.29718017578125
2015-05-21,18.044086456298828
2015-05-22,18.014310836791992
2015-05-26,18.05898094177246
2015-05-27,18.312070846557617
2015-05-28,18.20041275024414
2015-05-29,18.073863983154297
2015-06-01,17.96964454650879
2015-06-02,17.619787216186523
2015-06-03,17.61233901977539
2015-06-04,17.10615348815918
2015-06-05,17.01682472229004
2015-06-08,16.860502243041992
2015-06-09,16.994495391845703
2015-06-10,17.366687774658203
2015-06-11,17.50067901611328
2015-06-12,17.619787216186523
2015-06-15,17.31458282470703
2015-06-16,17.55278778076172
2015-06-17,17.567676544189453
2015-06-18,17.686784744262695
2015-06-19,17.418790817260742
2015-06-22,17.74633026123047
2015-06-23,17.813329696655273
2015-06-24,17.790996551513672
2015-06-25,17.924989700317383
2015-06-26,17.59000587463379
2015-06-29,17.189085006713867
2015-06-30,17.442541122436523
2015-07-01,17.61151695251465
2015-07-02,17.780485153198242
2015-07-06,17.61918830871582
2015-07-07,17.634553909301758
2015-07-08,17.073875427246094
2015-07-09,17.066194534301758
2015-07-10,17.335010528564453
2015-07-13,17.557750701904297
2015-07-14,17.51166343688965
2015-07-15,17.32733726501465
2015-07-16,17.45789909362793
2015-07-17,17.688318252563477
2015-07-20,17.588470458984375
2015-07-21,17.5731143951416
2015-07-22,17.066194534301758
2015-07-23,17.13532257080078
2015-07-24,16.620718002319336
2015-07-27,16.613039016723633
2015-07-28,16.805051803588867
2015-07-29,16.981700897216797
2015-07-30,17.43486213684082
2015-07-31,16.981700897216797
2015-08-03,16.682167053222656
2015-08-04,16.47479248046875
2015-08-05,16.597684860229492
2015-08-06,16.344226837158203
2015-08-07,16.152204513549805
2015-08-10,16.597684860229492
2015-08-11,15.9985933303833
2015-08-12,15.937151908874512
2015-08-13,15.775861740112305
2015-08-14,15.652973175048828
2015-08-17,15.576170921325684
2015-08-18,15.384153366088867
2015-08-19,15.291985511779785
2015-08-20,15.061567306518555
2015-08-21,14.500893592834473
2015-08-24,14.408720970153809
2015-08-25,14.408720970153809
2015-08-26,14.938679695129395
2015-08-27,15.315030097961426
2015-08-28,15.361104965209961
2015-08-31,15.26894760131836
2015-09-01,14.90796184539795
2015-09-02,15.315030097961426
2015-09-03,15.414874076843262
2015-09-04,15.107651710510254
2015-09-08,15.399514198303223
2015-09-09,15.26894760131836
2015-09-10,15.130692481994629
2015-09-11,15.28430461883545
2015-09-14,15.391837120056152
2015-09-15,15.660653114318848
2015-09-16,15.875707626342773
2015-09-17,15.86802864074707
2015-09-18,15.829627990722656
2015-09-21,15.76817512512207
2015-09-22,15.322708129882812
2015-09-23,15.368789672851562
2015-09-24,15.35343074798584
2015-09-25,15.399514198303223
2015-09-28,15.076927185058594
2015-09-29,15.27662467956543
2015-09-30,15.937151908874512
2015-10-01,16.02163314819336
2015-10-02,15.944830894470215
2015-10-05,16.43638801574707
2015-10-06,16.305816650390625
2015-10-07,16.84345817565918
2015-10-08,17.089235305786133
2015-10-09,16.858823776245117
2015-10-12,16.966344833374023
2015-10-13,16.85114097595215
2015-10-14,17.158361434936523
2015-10-15,16.858823776245117
2015-10-16,17.020109176635742
2015-10-19,17.073875427246094
2015-10-20,17.13532257080078
2015-10-21,17.066194534301758
2015-10-22,17.288930892944336
2015-10-23,17.258203506469727
2015-10-26,17.020109176635742
2015-10-27,17.050832748413086
2015-10-28,16.95866584777832
2015-10-29,16.758968353271484
2015-10-30,16.866498947143555
2015-11-02,16.97402572631836
2015-11-03,17.488628387451172
2015-11-04,18.087703704833984
2015-11-05,17.649913787841797
2015-11-06,17.52703094482422
2015-11-09,17.634553909301758
2015-11-10,17.288930892944336
2015-11-11,17.34269142150879
2015-11-12,17.081558227539062
2015-11-13,16.812728881835938
2015-11-16,17.16604232788086
2015-11-17,17.296613693237305
2015-11-18,17.296613693237305
2015-11-19,17.411821365356445
2015-11-20,17.534706115722656
2015-11-23,17.335010528564453
2015-11-24,17.28125
2015-11-25,17.32733726501465
2015-11-27,17.242843627929688
2015-11-30,17.480939865112305
2015-12-01,17.880332946777344
2015-12-02,17.81121063232422
2015-12-03,17.61151695251465
2015-12-04,17.90336799621582
2015-12-07,17.849607467651367
2015-12-08,17.726722717285156
2015-12-09,17.45789909362793
2015-12-10,17.396459579467773
2015-12-11,17.03546714782715
2015-12-14,17.066194534301758
2015-12-15,17.52703094482422
2015-12-16,17.788166046142578
2015-12-17,17.634553909301758
2015-12-18,17.61151695251465
2015-12-21,17.626867294311523
2015-12-22,17.71136474609375
2015-12-23,17.726722717285156
2015-12-24,17.780485153198242
2015-12-28,17.672962188720703
2015-12-29,17.726722717285156
2015-12-30,17.5731143951416
2015-12-31,17.47325897216797
2016-01-04,16.966344833374023
2016-01-05,16.858823776245117
2016-01-06,16.390310287475586
2016-01-07,16.205970764160156
2016-01-08,15.983233451843262
2016-01-11,16.075403213500977
2016-01-12,15.937151908874512
2016-01-13,15.729772567749023
2016-01-14,16.758968353271484
2016-01-15,16.205970764160156
2016-01-19,16.636089324951172
2016-01-20,16.198293685913086
2016-01-21,16.38262939453125
2016-01-22,16.84345817565918
2016-01-25,16.735929489135742
2016-01-26,16.582313537597656
2016-01-27,16.651445388793945
2016-01-28,16.613039016723633
2016-01-29,17.16604232788086
2016-02-01,17.250526428222656
2016-02-02,17.32733726501465
2016-02-03,17.60382652282715
2016-02-04,17.841930389404297
2016-02-05,17.47325897216797
2016-02-08,17.51166343688965
2016-02-09,17.32733726501465
2016-02-10,17.127639770507812
2016-02-11,16.897220611572266
2016-02-12,17.081558227539062
2016-02-16,17.926414489746094
2016-02-17,18.156835556030273
2016-02-18,18.27971839904785
2016-02-19,18.264358520507812
2016-02-22,18.40261459350586
2016-02-23,17.972501754760742
2016-02-24,17.987863540649414
2016-02-25,18.195236206054688
2016-02-26,18.256683349609375
2016-02-29,18.087703704833984
2016-03-01,18.878803253173828
2016-03-02,18.909526824951172
2016-03-03,18.863441467285156
2016-03-04,18.932567596435547
2016-03-07,18.970970153808594
2016-03-08,18.932567596435547
2016-03-09,19.00169563293457
2016-03-10,19.00169563293457
2016-03-11,19.470212936401367
2016-03-14,19.370361328125
2016-03-15,19.109220504760742
2016-03-16,19.80047035217285
2016-03-17,19.792787551879883
2016-03-18,20.000164031982422
2016-03-21,19.915678024291992
2016-03-22,19.82351303100586
2016-03-23,19.723669052124023
2016-03-24,19.762065887451172
2016-03-28,19.685264587402344
2016-03-29,19.946401596069336
2016-03-30,20.3227481842041
2016-03-31,20.123058319091797
2016-04-01,20.061613082885742
2016-04-04,19.8542423248291
2016-04-05,19.593097686767578
2016-04-06,19.677581787109375
2016-04-07,19.485567092895508
2016-04-08,19.416444778442383
2016-04-11,19.593097686767578
2016-04-12,19.639175415039062
2016-04-13,20.100017547607422
2016-04-14,19.431804656982422
2016-04-15,19.5546932220459
2016-04-18,19.58541488647461
2016-04-19,19.324277877807617
2016-04-20,19.293556213378906
2016-04-21,19.324277877807617
2016-04-22,19.25514793395996
2016-04-25,19.209070205688477
2016-04-26,19.209070205688477
2016-04-27,19.393404006958008
2016-04-28,18.556217193603516
2016-04-29,18.11842918395996
2016-05-02,18.195236206054688
2016-05-03,17.911052703857422
2016-05-04,17.987863540649414
2016-05-05,18.049306869506836
2016-05-06,17.98017692565918
2016-05-09,17.949460983276367
2016-05-10,17.96481704711914
2016-05-11,17.83424949645996
2016-05-12,17.6575927734375
2016-05-13,17.52703094482422
2016-05-16,17.74976348876953
2016-05-17,17.626867294311523
2016-05-18,18.064666748046875
2016-05-19,17.857284545898438
2016-05-20,18.364206314086914
2016-05-23,18.640708923339844
2016-05-24,18.7943172454834
2016-05-25,18.909526824951172
2016-05-26,19.04010009765625
2016-05-27,19.04777717590332
2016-05-31,18.986330032348633
2016-06-01,19.393404006958008
2016-06-02,19.33963966369629
2016-06-03,19.608455657958984
2016-06-06,19.562374114990234
2016-06-07,20.015525817871094
2016-06-08,20.222896575927734
2016-06-09,20.146099090576172
2016-06-10,19.861913681030273
2016-06-13,19.685264587402344
2016-06-14,19.639175415039062
2016-06-15,19.846555709838867
2016-06-16,19.861913681030273
2016-06-17,19.8542423248291
2016-06-20,20.253625869750977
2016-06-21,20.42259407043457
2016-06-22,20.384197235107422
2016-06-23,20.591564178466797
2016-06-24,19.723669052124023
2016-06-27,19.842403411865234
2016-06-28,20.129283905029297
2016-06-29,20.559595108032227
2016-06-30,20.902257919311523
2016-07-01,21.141326904296875
2016-07-05,20.926162719726562
2016-07-06,20.8385066986084
2016-07-07,20.966007232666016
2016-07-08,21.300697326660156
2016-07-11,21.675235748291016
2016-07-12,21.4919490814209
2016-07-13,21.428197860717773
2016-07-14,21.603515625
2016-07-15,21.523826599121094
2016-07-18,22.02585792541504
2016-07-19,21.731014251708984
2016-07-20,21.954145431518555
2016-07-21,21.89836311340332
2016-07-22,22.105545043945312
2016-07-25,22.2011775970459
2016-07-26,22.575712203979492
2016-07-27,22.39242935180664
2016-07-28,22.42430305480957
2016-07-29,22.137426376342773
2016-08-01,22.806812286376953
2016-08-02,22.44023895263672
2016-08-03,22.44023895263672
2016-08-04,22.63149642944336
2016-08-05,22.942279815673828
2016-08-08,23.181344985961914
2016-08-09,23.428380966186523
2016-08-10,23.284936904907227
2016-08-11,23.22119140625
2016-08-12,23.300878524780273
2016-08-15,23.420408248901367
2016-08-16,23.17337417602539
2016-08-17,23.093690872192383
2016-08-18,23.23712158203125
2016-08-19,22.822744369506836
2016-08-22,22.63149642944336
2016-08-23,22.711183547973633
2016-08-24,22.623525619506836
2016-08-25,22.790868759155273
2016-08-26,22.822744369506836
2016-08-29,22.870561599731445
2016-08-30,22.806812286376953
2016-08-31,22.90243148803711
2016-09-01,23.077749252319336
2016-09-02,23.22119140625
2016-09-06,23.50009536743164
2016-09-07,23.763071060180664
2016-09-08,23.739166259765625
2016-09-09,22.782901763916016
2016-09-12,23.101655960083008
2016-09-13,22.703214645385742
2016-09-14,22.806812286376953
2016-09-15,23.253061294555664
2016-09-16,23.037904739379883
2016-09-19,23.850730895996094
2016-09-20,23.82682228088379
2016-09-21,24.304946899414062
2016-09-22,24.43244743347168
2016-09-23,24.00213623046875
2016-09-26,23.779006958007812
2016-09-27,24.225263595581055
2016-09-28,24.169477462768555
2016-09-29,24.225263595581055
2016-09-30,24.376667022705078
2016-10-03,24.480260848999023
2016-10-04,24.217294692993164
2016-10-05,24.328855514526367
2016-10-06,24.520109176635742
2016-10-07,24.846832275390625
2016-10-10,24.9265193939209
2016-10-11,24.488229751586914
2016-10-12,24.982301712036133
2016-10-13,24.328855514526367
2016-10-14,24.43244743347168
2016-10-17,24.360729217529297
2016-10-18,24.591827392578125
2016-10-19,24.687454223632812
2016-10-20,24.751209259033203
2016-10-21,24.76715087890625
2016-10-24,25.03011703491211
2016-10-25,25.141679763793945
2016-10-26,24.8707332611084
2016-10-27,24.520109176635742
2016-10-28,24.520109176635742
2016-10-31,24.7830810546875
2016-11-01,24.47229766845703
2016-11-02,24.217294692993164
2016-11-03,24.129636764526367
2016-11-04,24.097761154174805
2016-11-07,24.982301712036133
2016-11-08,24.97433090209961
2016-11-09,24.376667022705078
2016-11-10,23.46025276184082
2016-11-11,23.850730895996094
2016-11-14,22.990089416503906
2016-11-15,23.269004821777344
2016-11-16,23.794946670532227
2016-11-17,23.48415756225586
2016-11-18,23.48415756225586
2016-11-21,23.62760353088379
2016-11-22,23.834789276123047
2016-11-23,23.818849563598633
2016-11-25,23.63556480407715
2016-11-28,23.63556480407715
2016-11-29,23.547908782958984
2016-11-30,23.65947151184082
2016-12-01,22.751022338867188
2016-12-02,22.99806022644043
2016-12-05,23.125564575195312
2016-12-06,23.516035079956055
2016-12-07,23.850730895996094
2016-12-08,23.938385009765625
2016-12-09,24.00213623046875
2016-12-12,23.82682228088379
2016-12-13,24.19338607788086
2016-12-14,23.802915573120117
2016-12-15,24.034006118774414
2016-12-16,23.49212646484375
2016-12-19,23.324777603149414
2016-12-20,23.356658935546875
2016-12-21,23.22119140625
2016-12-22,22.90243148803711
2016-12-23,23.149465560913086
2016-12-27,23.18931007385254
2016-12-28,23.20525550842285
2016-12-29,23.213218688964844
2016-12-30,22.910404205322266
2017-01-03,23.356658935546875
2017-01-04,23.348690032958984
2017-01-05,23.747129440307617
2017-01-06,23.611656188964844
2017-01-09,23.938385009765625
2017-01-10,23.96229362487793
2017-01-11,24.041976928710938
2017-01-12,23.340723037719727
2017-01-13,23.46025276184082
2017-01-17,23.603694915771484
2017-01-18,23.50009536743164
2017-01-19,23.611656188964844
2017-01-20,23.96229362487793
2017-01-23,24.169477462768555
2017-01-24,24.559951782226562
2017-01-25,24.95042610168457
2017-01-26,24.791051864624023
2017-01-27,24.90261459350586
2017-01-30,24.854801177978516
2017-01-31,24.631671905517578
2017-02-01,24.76715087890625
2017-02-02,24.528078079223633
2017-02-03,24.679487228393555
2017-02-06,24.59980010986328
2017-02-07,24.320886611938477
2017-02-08,24.169477462768555
2017-02-09,24.0738525390625
2017-02-10,24.47229766845703
2017-02-13,25.25324058532715
2017-02-14,24.96636390686035
2017-02-15,25.301057815551758
2017-02-16,25.755281448364258
2017-02-17,25.77121353149414
2017-02-21,25.763254165649414
2017-02-22,25.55605697631836
2017-02-23,25.301057815551758
2017-02-24,25.4365234375
2017-02-27,25.12574005126953
2017-02-28,25.077926635742188
2017-03-01,25.16558265686035
2017-03-02,24.59980010986328
2017-03-03,24.5838565826416
2017-03-06,24.5838565826416
2017-03-07,24.95042610168457
2017-03-08,24.878705978393555
2017-03-09,24.687454223632812
2017-03-10,24.751209259033203
2017-03-13,25.10183334350586
2017-03-14,24.8707332611084
2017-03-15,25.42855453491211
2017-03-16,25.82699966430664
2017-03-17,25.97043800354004
2017-03-20,26.177623748779297
2017-03-21,25.88278579711914
2017-03-22,26.050121307373047
2017-03-23,25.94652557373047
2017-03-24,26.145751953125
2017-03-27,26.432628631591797
2017-03-28,26.576066970825195
2017-03-29,26.241376876831055
2017-03-30,26.352937698364258
2017-03-31,26.16965675354004
2017-04-03,26.20949935913086
2017-04-04,26.18559455871582
2017-04-05,26.217466354370117
2017-04-06,26.18559455871582
2017-04-07,26.19356346130371
2017-04-10,25.914653778076172
2017-04-11,25.819026947021484
2017-04-12,25.72340202331543
2017-04-13,25.36480712890625
2017-04-17,25.524179458618164
2017-04-18,25.332931518554688
2017-04-19,25.189491271972656
2017-04-20,25.332931518554688
2017-04-21,25.56402015686035
2017-04-24,26.058095932006836
2017-04-25,26.352937698364258
2017-04-26,26.29715919494629
2017-04-27,26.313093185424805
2017-04-28,26.352937698364258
2017-05-01,26.615915298461914
2017-05-02,27.038257598876953
2017-05-03,27.32514190673828
2017-05-04,27.205608367919922
2017-05-05,27.428728103637695
2017-05-08,27.87498664855957
2017-05-09,28.217647552490234
2017-05-10,28.217647552490234
2017-05-11,28.337182998657227
2017-05-12,28.18577003479004
2017-05-15,27.938745498657227
2017-05-16,27.91483497619629
2017-05-17,27.428728103637695
2017-05-18,27.811246871948242
2017-05-19,28.050308227539062
2017-05-22,28.209678649902344
2017-05-23,28.209678649902344
2017-05-24,28.305299758911133
2017-05-25,28.34514617919922
2017-05-26,28.29733657836914
2017-05-30,28.51249885559082
2017-05-31,28.17780876159668
2017-06-01,28.60015106201172
2017-06-02,28.83125114440918
2017-06-05,28.99859619140625
2017-06-06,29.030473709106445
2017-06-07,29.054372787475586
2017-06-08,29.349227905273438
2017-06-09,28.520469665527344
2017-06-12,28.082178115844727
2017-06-13,28.337182998657227
2017-06-14,28.408903121948242
2017-06-15,28.241561889648438
2017-06-16,28.584209442138672
2017-06-19,28.85515022277832
2017-06-20,28.791410446166992
2017-06-21,29.253599166870117
2017-06-22,29.253599166870117
2017-06-23,29.269533157348633
2017-06-26,29.729515075683594
2017-06-27,28.873746871948242
2017-06-28,29.087684631347656
2017-06-29,28.643342971801758
2017-06-30,28.766775131225586
2017-07-03,28.700944900512695
2017-07-05,28.651569366455078
2017-07-06,28.388261795043945
2017-07-07,28.4952392578125
2017-07-10,28.79969024658203
2017-07-11,29.11237144470215
2017-07-12,29.36745262145996
2017-07-13,29.74595832824707
2017-07-14,29.828237533569336
2017-07-17,29.548479080200195
2017-07-18,29.515562057495117
2017-07-19,29.959909439086914
2017-07-20,29.704822540283203
2017-07-21,29.499113082885742
2017-07-24,29.803558349609375
2017-07-25,29.704822540283203
2017-07-26,29.803558349609375
2017-07-27,29.770647048950195
2017-07-28,29.507335662841797
2017-07-31,29.589616775512695
2017-08-01,29.490877151489258
2017-08-02,29.680133819580078
2017-08-03,29.449735641479492
2017-08-04,29.6472225189209
2017-08-07,30.272586822509766
2017-08-08,30.198537826538086
2017-08-09,30.001054763793945
2017-08-10,29.079458236694336
2017-08-11,29.737735748291016
2017-08-14,29.663679122924805
2017-08-15,29.968124389648438
2017-08-16,29.902305603027344
2017-08-17,29.449735641479492
2017-08-18,29.507335662841797
2017-08-21,29.6060733795166
2017-08-22,30.050416946411133
2017-08-23,30.099790573120117
2017-08-24,30.30551528930664
2017-08-25,30.32196044921875
2017-08-28,30.256128311157227
2017-08-29,30.34664535522461
2017-08-30,30.387788772583008
2017-08-31,30.420700073242188
2017-09-01,30.62640953063965
2017-09-05,30.32196044921875
2017-09-06,30.667552947998047
2017-09-07,30.889726638793945
2017-09-08,30.8568058013916
2017-09-11,31.136581420898438
2017-09-12,31.153034210205078
2017-09-13,30.881492614746094
2017-09-14,30.75806999206543
2017-09-15,30.980234146118164
2017-09-18,31.325838088989258
2017-09-19,31.515087127685547
2017-09-20,31.1201171875
2017-09-21,31.465709686279297
2017-09-22,31.0789794921875
2017-09-25,30.502971649169922
2017-09-26,30.56058120727539
2017-09-27,30.65110206604004
2017-09-28,30.486528396606445
2017-09-29,30.897945404052734
2017-10-02,31.375211715698242
2017-10-03,31.63028907775879
2017-10-04,31.49040412902832
2017-10-05,31.646732330322266
2017-10-06,31.646732330322266
2017-10-09,31.901826858520508
2017-10-10,32.06639862060547
2017-10-11,33.20191955566406
2017-10-12,33.27598571777344
2017-10-13,33.588661193847656
2017-10-16,33.646263122558594
2017-10-17,33.94248580932617
2017-10-18,34.148197174072266
2017-10-19,33.79437255859375
2017-10-20,33.83552551269531
2017-10-23,33.909576416015625
2017-10-24,34.000083923339844
2017-10-25,33.86843490600586
2017-10-26,33.90135192871094
2017-10-27,34.68305587768555
2017-10-30,34.66659927368164
2017-10-31,34.8311653137207
2017-11-01,34.641910552978516
2017-11-02,34.68305587768555
2017-11-03,34.715965270996094
2017-11-06,34.9134521484375
2017-11-07,34.97928237915039
2017-11-08,34.9134521484375
2017-11-09,34.26339340209961
2017-11-10,34.3292350769043
2017-11-13,34.567867279052734
2017-11-14,34.444427490234375
2017-11-15,34.181121826171875
2017-11-16,34.641910552978516
2017-11-17,34.617225646972656
2017-11-20,34.73242950439453
2017-11-21,35.03688049316406
2017-11-22,34.89698791503906
2017-11-24,35.37425231933594
2017-11-27,33.810829162597656
2017-11-28,33.67918014526367
2017-11-29,32.42845153808594
2017-11-30,32.584781646728516
2017-12-01,32.667076110839844
2017-12-04,32.4119873046875
2017-12-05,32.25564193725586
2017-12-06,31.827777862548828
2017-12-07,32.099308013916016
2017-12-08,32.09109115600586
2017-12-11,32.395530700683594
2017-12-12,32.33793258666992
2017-12-13,32.3297119140625
2017-12-14,32.42022705078125
2017-12-15,32.502498626708984
2017-12-18,32.42022705078125
2017-12-19,32.37084197998047
2017-12-20,32.453128814697266
2017-12-21,32.28034210205078
2017-12-22,32.609474182128906
2017-12-26,32.04993438720703
2017-12-27,32.15690612792969
2017-12-28,32.69999694824219
2017-12-29,32.62594223022461
2018-01-02,33.75322723388672
2018-01-03,34.321006774902344
2018-01-04,34.13996887207031
2018-01-05,34.938140869140625
2018-01-08,34.92167663574219
2018-01-09,34.707733154296875
2018-01-10,33.9836311340332
2018-01-11,33.761470794677734
2018-01-12,33.89311981201172
2018-01-16,34.748878479003906
2018-01-17,35.48944091796875
2018-01-18,36.674346923828125
2018-01-19,36.75662612915039
2018-01-22,38.16370391845703
2018-01-23,38.0814208984375
2018-01-24,37.29971694946289
2018-01-25,37.11045455932617
2018-01-26,37.62062454223633
2018-01-29,37.3573112487793
2018-01-30,36.929439544677734
2018-01-31,37.283260345458984
2018-02-01,37.39845275878906
2018-02-02,36.62497329711914
2018-02-05,35.34132766723633
2018-02-06,35.867950439453125
2018-02-07,34.46088790893555
2018-02-08,33.21016311645508
2018-02-09,34.123512268066406
2018-02-12,34.99573516845703
2018-02-13,34.872314453125
2018-02-14,35.42361068725586
2018-02-15,35.81035614013672
2018-02-16,35.777435302734375
2018-02-20,35.99137878417969
2018-02-21,35.291961669921875
2018-02-22,34.88052749633789
2018-02-23,36.12303161621094
2018-02-26,36.542694091796875
2018-02-27,35.89263153076172
2018-02-28,35.67048263549805
2018-03-01,35.15208053588867
2018-03-02,35.39070510864258
2018-03-05,35.78566360473633
2018-03-06,35.826805114746094
2018-03-07,36.3698844909668
2018-03-08,36.040740966796875
2018-03-09,36.690799713134766
2018-03-12,37.209197998046875
2018-03-13,37.01993942260742
2018-03-14,37.15159606933594
2018-03-15,37.283260345458984
2018-03-16,37.003482818603516
2018-03-19,36.69902420043945
2018-03-20,36.888275146484375
2018-03-21,36.78131866455078
2018-03-22,35.95022964477539
2018-03-23,35.03688049316406
2018-03-26,36.427490234375
2018-03-27,35.621097564697266
2018-03-28,35.12739181518555
2018-03-29,36.00783920288086
2018-04-02,34.9710578918457
2018-04-03,35.777435302734375
2018-04-04,36.15595245361328
2018-04-05,35.64578628540039
2018-04-06,34.90522003173828
2018-04-09,35.4400749206543
2018-04-10,35.859737396240234
2018-04-11,35.695152282714844
2018-04-12,36.08189010620117
2018-04-13,35.0944709777832
2018-04-16,35.27550506591797
2018-04-17,34.81471633911133
2018-04-18,34.493797302246094
2018-04-19,32.52719497680664
2018-04-20,32.04993438720703
2018-04-23,31.88536262512207
2018-04-24,31.88536262512207
2018-04-25,31.40812110900879
2018-04-26,31.40812110900879
2018-04-27,31.40812110900879
2018-04-30,31.638507843017578
2018-05-01,32.03348922729492
2018-05-02,31.062522888183594
2018-05-03,31.35051918029785
2018-05-04,31.753721237182617
2018-05-07,31.638507843017578
2018-05-08,32.23920440673828
2018-05-09,32.379085540771484
2018-05-10,32.72466278076172
2018-05-11,32.83987808227539
2018-05-14,32.872779846191406
2018-05-15,32.33793258666992
2018-05-16,32.74113464355469
2018-05-17,32.058170318603516
2018-05-18,31.61383056640625
2018-05-21,32.477821350097656
2018-05-22,32.61770248413086
2018-05-23,32.62594223022461
2018-05-24,32.31325912475586
2018-05-25,32.33793258666992
2018-05-29,31.399873733520508
2018-05-30,31.54800033569336
2018-05-31,31.844228744506836
2018-06-01,32.25564193725586
2018-06-04,32.889251708984375
2018-06-05,32.53541946411133
2018-06-06,32.551876068115234
2018-06-07,32.51897048950195
2018-06-08,32.03348922729492
2018-06-11,31.89360237121582
2018-06-12,32.25564193725586
2018-06-13,32.1322135925293
2018-06-14,31.761945724487305
2018-06-15,31.83600616455078
2018-06-18,31.473953247070312
2018-06-19,30.90618133544922
2018-06-20,31.556232452392578
2018-06-21,30.955551147460938
2018-06-22,31.36697006225586
2018-06-25,31.14093780517578
2018-06-26,31.09830665588379
2018-06-27,30.28799819946289
2018-06-28,30.65476417541504
2018-06-29,31.183591842651367
2018-07-02,31.166542053222656
2018-07-03,31.03859519958496
2018-07-05,31.209182739257812
2018-07-06,31.789180755615234
2018-07-09,32.26682662963867
2018-07-10,32.35211944580078
2018-07-11,31.533300399780273
2018-07-12,31.823307037353516
2018-07-13,32.215660095214844
2018-07-16,32.23271179199219
2018-07-17,32.445945739746094
2018-07-18,32.76152801513672
2018-07-19,33.955665588378906
2018-07-20,34.74037170410156
2018-07-23,34.748897552490234
2018-07-24,34.45036315917969
2018-07-25,34.876834869384766
2018-07-26,34.81711959838867
2018-07-27,35.3544807434082
2018-07-30,35.04741668701172
2018-07-31,35.14977264404297
2018-08-01,35.576255798339844
2018-08-02,35.43977355957031
2018-08-03,35.55918884277344
2018-08-06,35.030357360839844
2018-08-07,35.175357818603516
2018-08-08,35.798011779785156
2018-08-09,35.6871337890625
2018-08-10,34.996253967285156
2018-08-13,34.72330093383789
2018-08-14,34.893890380859375
2018-08-15,34.50153732299805
2018-08-16,34.4674072265625
2018-08-17,34.228599548339844
2018-08-20,34.202999114990234
2018-08-21,34.876834869384766
2018-08-22,34.8853645324707
2018-08-23,34.69770812988281
2018-08-24,35.175357818603516
2018-08-27,35.4227180480957
2018-08-28,36.122127532958984
2018-08-29,37.640377044677734
2018-08-30,37.06889343261719
2018-08-31,37.18830871582031
2018-09-04,37.623313903808594
2018-09-05,37.71713638305664
2018-09-06,37.57212829589844
2018-09-07,38.28009033203125
2018-09-10,38.05830383300781
2018-09-11,37.99859619140625
2018-09-12,37.478309631347656
2018-09-13,37.04331970214844
2018-09-14,37.87920379638672
2018-09-17,37.32477951049805
2018-09-18,37.15420150756836
2018-09-19,37.54655075073242
2018-09-20,37.67448806762695
2018-09-21,37.580665588378906
2018-09-24,38.28860855102539
2018-09-25,37.67448806762695
2018-09-26,37.75978088378906
2018-09-27,38.17771911621094
2018-09-28,37.665958404541016
2018-10-01,38.09242630004883
2018-10-02,37.20535659790039
2018-10-03,37.49537658691406
2018-10-04,36.19036865234375
2018-10-05,35.50800323486328
2018-10-08,34.93654251098633
2018-10-09,34.8853645324707
2018-10-10,33.56330871582031
2018-10-11,33.21359634399414
2018-10-12,33.82771682739258
2018-10-15,33.05153274536133
2018-10-16,34.12623596191406
2018-10-17,33.75094985961914
2018-10-18,32.872413635253906
2018-10-19,32.795650482177734
2018-10-22,33.025943756103516
2018-10-23,32.41183853149414
2018-10-24,31.1153564453125
2018-10-25,31.89153289794922
2018-10-26,31.27741050720215
2018-10-29,30.98741340637207
2018-10-30,32.22418212890625
2018-10-31,32.497127532958984
2018-11-01,33.30740737915039
2018-11-02,33.07712173461914
2018-11-05,32.82124328613281
2018-11-06,33.034481048583984
2018-11-07,33.418312072753906
2018-11-08,33.00889205932617
2018-11-09,32.47154235839844
2018-11-12,31.610071182250977
2018-11-13,31.900060653686523
2018-11-14,32.27536392211914
2018-11-15,32.85535430908203
2018-11-16,31.447999954223633
2018-11-19,30.74859046936035
2018-11-20,30.398887634277344
2018-11-21,30.85094451904297
2018-11-23,30.671817779541016
2018-11-26,31.42241096496582
2018-11-27,31.388288497924805
2018-11-28,32.42035675048828
2018-11-29,32.35211944580078
2018-11-30,32.06212615966797
2018-12-03,33.034481048583984
2018-12-04,31.93419075012207
2018-12-06,31.439472198486328
2018-12-07,31.149473190307617
2018-12-10,31.072708129882812
2018-12-11,31.30301284790039
2018-12-12,31.88300895690918
2018-12-13,31.840364456176758
2018-12-14,31.158002853393555
2018-12-17,30.893587112426758
2018-12-18,31.354183197021484
2018-12-19,30.90212059020996
2018-12-20,30.603593826293945
2018-12-21,30.45859146118164
2018-12-24,30.10036277770996
2018-12-26,31.354183197021484
2018-12-27,31.37124252319336
2018-12-28,31.678298950195312
2018-12-31,31.482126235961914
2019-01-02,31.149473190307617
2019-01-03,29.30711555480957
2019-01-04,29.82741355895996
2019-01-07,30.049175262451172
2019-01-08,29.801820755004883
2019-01-09,30.373302459716797
2019-01-10,31.06416893005371
2019-01-11,31.226240158081055
2019-01-14,30.50123405456543
2019-01-15,30.740062713623047
2019-01-16,30.398887634277344
2019-01-17,30.953304290771484
2019-01-18,31.42241096496582
2019-01-22,31.021528244018555
2019-01-23,31.123886108398438
2019-01-24,32.10477828979492
2019-01-25,32.53124237060547
2019-01-28,31.93419075012207
2019-01-29,30.98741340637207
2019-01-30,31.88300895690918
2019-01-31,32.087711334228516
2019-02-01,32.04505920410156
2019-02-04,32.36065673828125
2019-02-05,32.62507247924805
2019-02-06,33.04301071166992
2019-02-07,32.51417922973633
2019-02-08,32.23271179199219
2019-02-11,32.6591796875
2019-02-12,32.95771026611328
2019-02-13,32.52272033691406
2019-02-14,32.463008880615234
2019-02-15,32.48860168457031
2019-02-19,32.80418014526367
2019-02-20,33.2647819519043
2019-02-21,33.24772262573242
2019-02-22,33.59741973876953
2019-02-25,33.75948715209961
2019-02-26,33.77653503417969
2019-02-27,33.64859390258789
2019-02-28,33.30740737915039
2019-03-01,33.59741973876953
2019-03-04,33.392723083496094
2019-03-05,33.28183364868164
2019-03-06,33.08565139770508
2019-03-07,32.949188232421875
2019-03-08,32.58242416381836
2019-03-11,32.95771026611328
2019-03-12,33.17948913574219
2019-03-13,33.443885803222656
2019-03-14,33.11124038696289
2019-03-15,33.81918716430664
2019-03-18,33.98976135253906
2019-03-19,33.913002014160156
2019-03-20,33.98976135253906
2019-03-21,35.004783630371094
2019-03-22,34.48447799682617
2019-03-25,34.049476623535156
2019-03-26,34.458892822265625
2019-03-27,34.288299560546875
2019-03-28,34.40772247314453
2019-03-29,34.93654251098633
2019-04-01,35.28624725341797
2019-04-02,35.200958251953125
2019-04-03,35.64448928833008
2019-04-04,35.85771942138672
2019-04-05,36.019775390625
2019-04-08,36.1562385559082
2019-04-09,36.00272750854492
2019-04-10,36.13917922973633
2019-04-11,35.908897399902344
2019-04-12,36.31830978393555
2019-04-15,36.343902587890625
2019-04-16,36.6850700378418
2019-04-17,37.86212158203125
2019-04-18,38.72360610961914
2019-04-22,38.5103645324707
2019-04-23,38.74066162109375
2019-04-24,38.732139587402344
2019-04-25,37.93891143798828
2019-04-26,37.478309631347656
2019-04-29,37.384490966796875
2019-04-30,37.3759651184082
2019-05-01,37.3759651184082
2019-05-02,37.87066650390625
2019-05-03,38.13507843017578
2019-05-06,37.32477951049805
2019-05-07,37.32477951049805
2019-05-08,37.27360534667969
2019-05-09,36.88977813720703
2019-05-10,36.53153991699219
2019-05-13,34.962127685546875
2019-05-14,35.798011779785156
2019-05-15,35.798011779785156
2019-05-16,35.4227180480957
2019-05-17,34.3309440612793
2019-05-20,32.97478485107422
2019-05-21,33.520652770996094
2019-05-22,33.17948913574219
2019-05-23,32.47154235839844
2019-05-24,32.58242416381836
2019-05-28,32.11329650878906
2019-05-29,32.147422790527344
2019-05-30,32.445945739746094
2019-05-31,32.710365295410156
2019-06-03,33.11124038696289
2019-06-04,33.315948486328125
2019-06-05,32.608009338378906
2019-06-06,32.78712844848633
2019-06-07,33.11124038696289
2019-06-10,33.79359817504883
2019-06-11,34.083595275878906
2019-06-12,33.657127380371094
2019-06-13,33.64859390258789
2019-06-14,32.27536392211914
2019-06-17,32.12183380126953
2019-06-18,33.443885803222656
2019-06-19,33.60594940185547
2019-06-20,34.552711486816406
2019-06-21,34.56125259399414
2019-06-24,35.20943069458008
2019-06-25,34.275909423828125
2019-06-26,34.41680908203125
2019-06-27,34.86595153808594
2019-06-28,34.496070861816406
2019-07-01,36.44236755371094
2019-07-02,35.93157196044922
2019-07-03,35.51766586303711
2019-07-05,35.165401458740234
2019-07-08,34.628177642822266
2019-07-09,34.93641662597656
2019-07-10,35.852317810058594
2019-07-11,36.01964569091797
2019-07-12,36.310279846191406
2019-07-15,36.82986831665039
2019-07-16,36.78584671020508
2019-07-17,36.662540435791016
2019-07-18,38.03639221191406
2019-07-19,38.60002136230469
2019-07-22,39.27814483642578
2019-07-23,39.119625091552734
2019-07-24,39.225311279296875
2019-07-25,38.41508865356445
2019-07-26,38.274173736572266
2019-07-29,38.696895599365234
2019-07-30,37.965946197509766
2019-07-31,37.543216705322266
2019-08-01,36.8739128112793
2019-08-02,36.68014907836914
2019-08-05,35.112548828125
2019-08-06,36.33668899536133
2019-08-07,36.33668899536133
2019-08-08,36.90031814575195
2019-08-09,36.46879577636719
2019-08-12,36.07249450683594
2019-08-13,36.84749221801758
2019-08-14,35.6057243347168
2019-08-15,35.98441696166992
2019-08-16,36.583274841308594
2019-08-19,36.79463577270508
2019-08-20,36.935550689697266
2019-08-21,37.49919128417969
2019-08-22,37.102882385253906
2019-08-23,36.06367874145508
2019-08-26,36.40713882446289
2019-08-27,36.415958404541016
2019-08-28,36.68014907836914
2019-08-29,37.234981536865234
2019-08-30,37.543216705322266
2019-09-03,36.74181365966797
2019-09-04,38.001163482666016
2019-09-05,38.96110153198242
2019-09-06,38.494346618652344
2019-09-09,38.617637634277344
2019-09-10,38.83781051635742
2019-09-11,38.9434928894043
2019-09-12,38.81138610839844
2019-09-13,39.40143966674805
2019-09-16,39.27814483642578
2019-09-17,39.74489974975586
2019-09-18,39.6656494140625
2019-09-19,39.827091217041016
2019-09-20,38.9134521484375
2019-09-23,39.090858459472656
2019-09-24,39.13520050048828
2019-09-25,39.92464065551758
2019-09-26,41.21083068847656
2019-09-27,40.3681640625
2019-09-30,41.228572845458984
2019-10-01,41.85834884643555
2019-10-02,41.1842155456543
2019-10-03,41.80513000488281
2019-10-04,42.06236267089844
2019-10-07,42.5324821472168
2019-10-08,42.45265197753906
2019-10-09,43.18000030517578
2019-10-10,43.401763916015625
2019-10-11,43.83639907836914
2019-10-14,44.27104568481445
2019-10-15,44.69680404663086
2019-10-16,44.46617889404297
2019-10-17,44.12912368774414
2019-10-18,43.71221923828125
2019-10-21,44.350868225097656
2019-10-22,44.91856002807617
2019-10-23,44.50165939331055
2019-10-24,45.19354248046875
2019-10-25,45.35319519042969
2019-10-28,45.51286315917969
2019-10-29,45.65479278564453
2019-10-30,46.04507064819336
2019-10-31,45.79670333862305
2019-11-01,46.213600158691406
2019-11-04,47.446563720703125
2019-11-05,47.499786376953125
2019-11-06,47.57961654663086
2019-11-07,47.60622024536133
2019-11-08,46.86113357543945
2019-11-11,46.65712356567383
2019-11-12,46.25795364379883
2019-11-13,46.90547180175781
2019-11-14,46.5506706237793
2019-11-15,47.2691535949707
2019-11-18,47.38446807861328
2019-11-19,47.68604278564453
2019-11-20,47.45543670654297
2019-11-21,46.994178771972656
2019-11-22,46.825645446777344
2019-11-25,47.68604278564453
2019-11-26,47.570743560791016
2019-11-27,47.801361083984375
2019-11-29,47.09175491333008
2019-12-02,46.994178771972656
2019-12-03,46.8167724609375
2019-12-04,47.17157745361328
2019-12-05,48.25375747680664
2019-12-06,48.73273468017578
2019-12-09,48.306976318359375
2019-12-10,48.360191345214844
2019-12-11,49.584266662597656
2019-12-12,51.98809051513672
2019-12-13,51.668758392333984
2019-12-16,51.92601013183594
2019-12-17,52.53804016113281
2019-12-18,52.42273712158203
2019-12-19,51.77067947387695
2019-12-20,51.74388885498047
2019-12-23,52.00291061401367
2019-12-24,51.59203338623047
2019-12-26,52.02971649169922
2019-12-27,52.21729278564453
2019-12-30,51.67243576049805
2019-12-31,51.895729064941406
2020-01-02,53.628570556640625
2020-01-03,51.86000442504883
2020-01-06,51.26154708862305
2020-01-07,52.092227935791016
2020-01-08,52.476314544677734
2020-01-09,52.90506362915039
2020-01-10,52.5745735168457
2020-01-13,53.64643859863281
2020-01-14,53.87866973876953
2020-01-15,52.154762268066406
2020-01-16,52.476314544677734
2020-01-17,52.32447052001953
2020-01-21,52.02077865600586
2020-01-22,52.11904525756836
2020-01-23,51.341941833496094
2020-01-24,51.565242767333984
2020-01-27,49.359012603759766
2020-01-28,50.99358367919922
2020-01-29,51.082908630371094
2020-01-30,49.841346740722656
2020-01-31,48.179962158203125
2020-02-03,48.921329498291016
2020-02-04,51.37766647338867
2020-02-05,51.73495101928711
2020-02-06,51.82427215576172
2020-02-07,50.19862747192383
2020-02-10,50.931060791015625
2020-02-11,52.39592742919922
2020-02-12,53.26235580444336
2020-02-13,52.994380950927734
2020-02-14,51.97612380981445
2020-02-18,50.180747985839844
2020-02-19,51.48485565185547
2020-02-20,50.4487190246582
2020-02-21,49.65376281738281
2020-02-24,48.34074020385742
2020-02-25,48.1085205078125
2020-02-26,49.153568267822266
2020-02-27,47.599369049072266
2020-02-28,48.090641021728516
2020-03-02,50.00210952758789
2020-03-03,49.01958084106445
2020-03-04,50.98465347290039
2020-03-05,49.7788200378418
2020-03-06,49.189300537109375
2020-03-09,46.29528045654297
2020-03-10,48.6890869140625
2020-03-11,46.6614875793457
2020-03-12,43.490596771240234
2020-03-13,46.65256881713867
2020-03-16,40.10531997680664
2020-03-17,43.35661315917969
2020-03-18,39.63190460205078
2020-03-19,39.575096130371094
2020-03-20,40.15217971801758
2020-03-23,40.8104133605957
2020-03-24,44.06550216674805
2020-03-25,44.18272018432617
2020-03-26,44.96718978881836
2020-03-27,42.29819869995117
2020-03-30,43.118736267089844
2020-03-31,43.091678619384766
2020-04-01,41.9375114440918
2020-04-02,43.39826583862305
2020-04-03,42.43345260620117
2020-04-06,45.0573616027832
2020-04-07,44.831939697265625
2020-04-08,45.32786560058594
2020-04-09,43.578590393066406
2020-04-13,43.95729446411133
2020-04-14,45.65248107910156
2020-04-15,44.77783966064453
2020-04-16,47.24845886230469
2020-04-17,48.41163635253906
2020-04-20,47.4197883605957
2020-04-21,46.31972122192383
2020-04-22,47.744384765625
2020-04-23,47.46486282348633
2020-04-24,47.546024322509766
2020-04-27,48.24933624267578
2020-04-28,47.57307434082031
2020-04-29,49.12397384643555
2020-04-30,47.90670394897461
2020-05-01,46.07626724243164
2020-05-04,47.02305221557617
2020-05-05,46.62630844116211
2020-05-06,47.0050163269043
2020-05-07,47.18535232543945
2020-05-08,47.70832443237305
2020-05-11,47.24845886230469
2020-05-12,46.07626724243164
2020-05-13,45.913963317871094
2020-05-14,46.97795867919922
2020-05-15,44.904075622558594
2020-05-18,46.770572662353516
2020-05-19,45.81478500366211
2020-05-20,46.74352264404297
2020-05-21,45.76068115234375
2020-05-22,44.904075622558594
2020-05-26,45.82379150390625
2020-05-27,46.653350830078125
2020-05-28,45.33688735961914
2020-05-29,45.38197708129883
2020-06-01,46.01314926147461
2020-06-02,46.89680099487305
2020-06-03,47.84358596801758
2020-06-04,48.943634033203125
2020-06-05,49.773197174072266
2020-06-08,50.10681915283203
2020-06-09,51.04457473754883
2020-06-10,51.892147064208984
2020-06-11,49.62892150878906
2020-06-12,50.494537353515625
2020-06-15,50.51258087158203
2020-06-16,50.314212799072266
2020-06-17,51.03554916381836
2020-06-18,51.008304595947266
2020-06-19,50.24522018432617
2020-06-22,50.872032165527344
2020-06-23,51.56244659423828
2020-06-24,51.39893341064453
2020-06-25,51.816802978515625
2020-06-26,51.17182540893555
2020-06-29,51.2263298034668
2020-06-30,51.5715217590332
2020-07-01,51.6169548034668
2020-07-02,53.25212097167969
2020-07-06,56.213600158691406
2020-07-07,55.150733947753906
2020-07-08,56.85859298706055
2020-07-09,58.8480339050293
2020-07-10,58.00320816040039
2020-07-13,59.11149597167969
2020-07-14,60.82841110229492
2020-07-15,60.010833740234375
2020-07-16,60.4923095703125
2020-07-17,60.31970977783203
2020-07-20,60.76484680175781
2020-07-21,61.6005859375
2020-07-22,62.25465774536133
2020-07-23,61.200870513916016
2020-07-24,67.13291931152344
2020-07-27,75.62672424316406
2020-07-28,69.87638092041016
2020-07-29,75.099853515625
2020-07-30,72.61074829101562
2020-07-31,71.66596984863281
2020-08-03,71.72048950195312
2020-08-04,72.8469467163086
2020-08-05,74.15505981445312
2020-08-06,73.1467056274414
2020-08-07,72.70157623291016
2020-08-10,72.55625915527344
2020-08-11,70.80298614501953
2020-08-12,72.1202163696289
2020-08-13,71.13001251220703
2020-08-14,71.22993469238281
2020-08-17,72.8469467163086
2020-08-18,72.13837432861328
2020-08-19,71.34803009033203
2020-08-20,69.77643585205078
2020-08-21,71.16633605957031
2020-08-24,71.67505645751953
2020-08-25,72.71068572998047
2020-08-26,74.26409149169922
2020-08-27,73.21939849853516
2020-08-28,73.07405853271484
2020-08-31,71.9930191040039
2020-09-01,74.08240509033203
2020-09-02,74.64562225341797
2020-09-03,73.74628448486328
2020-09-04,71.68413543701172
2020-09-08,70.23978424072266
2020-09-09,72.12928771972656
2020-09-10,71.67505645751953
2020-09-11,71.6023941040039
2020-09-14,73.1285400390625
2020-09-15,77.98863983154297
2020-09-16,75.51773071289062
2020-09-17,74.79361724853516
2020-09-18,73.25958251953125
2020-09-21,73.58830261230469
2020-09-22,73.48784637451172
2020-09-23,71.15027618408203
2020-09-24,71.57030487060547
2020-09-25,72.02686309814453
2020-09-28,72.83953857421875
2020-09-29,73.51524353027344
2020-09-30,74.0265884399414
2020-10-01,75.44193267822266
2020-10-02,73.78004455566406
2020-10-05,77.19513702392578
2020-10-06,75.89850616455078
2020-10-07,79.36834716796875
2020-10-08,80.17190551757812
2020-10-09,81.06673431396484
2020-10-12,83.0116958618164
2020-10-13,81.85201263427734
2020-10-14,80.90238952636719
2020-10-15,80.49147033691406
2020-10-16,79.16747283935547
2020-10-19,79.95272827148438
2020-10-20,80.59192657470703
2020-10-21,80.02577209472656
2020-10-22,80.54624938964844
2020-10-23,80.63756561279297
2020-10-26,79.19486236572266
2020-10-27,79.17658996582031
2020-10-28,76.56507110595703
2020-10-29,77.51472473144531
2020-10-30,76.58333587646484
2020-11-02,78.26346588134766
2020-11-03,80.07147216796875
2020-11-04,81.67852020263672
2020-11-05,82.57340240478516
2020-11-06,83.46826171875
2020-11-09,81.29501342773438
2020-11-10,80.0440673828125
2020-11-11,82.98428344726562
2020-11-12,82.01638793945312
2020-11-13,85.12100219726562
2020-11-16,90.6453857421875
2020-11-17,87.39466857910156
2020-11-18,88.5086898803711
2020-11-19,88.21647644042969
2020-11-20,87.04768371582031
2020-11-23,89.60441589355469
2020-11-24,88.2438735961914
2020-11-25,89.02001953125
2020-11-27,90.16142272949219
2020-11-30,88.59085845947266
2020-12-01,92.09723663330078
2020-12-02,90.89193725585938
2020-12-03,90.85540008544922
2020-12-04,94.71788787841797
2020-12-07,97.14678955078125
2020-12-08,96.46192932128906
2020-12-09,95.34793853759766
2020-12-10,95.17445373535156
2020-12-11,94.99181365966797
2020-12-14,94.5626449584961
2020-12-15,95.95970916748047
2020-12-16,96.06017303466797
2020-12-17,95.27339935302734
2020-12-18,95.62186431884766
2020-12-21,96.12619018554688
2020-12-22,95.31009674072266
2020-12-23,95.14503479003906
2020-12-24,97.17154693603516
2020-12-28,97.33657836914062
2020-12-29,96.79558563232422
2020-12-30,99.8582763671875
2020-12-31,99.98664093017578
2021-01-04,102.42578887939453
2021-01-05,103.40695190429688
2021-01-06,106.01116943359375
2021-01-07,111.34793853759766
2021-01-08,108.83541107177734
2021-01-11,112.42078399658203
2021-01-12,112.7875747680664
2021-01-13,109.33059692382812
2021-01-14,115.95114135742188
2021-01-15,114.83242797851562
2021-01-19,120.39842987060547
2021-01-20,119.79325103759766
2021-01-21,123.02098083496094
2021-01-22,118.41778564453125
2021-01-25,119.6832275390625
2021-01-26,116.13452911376953
2021-01-27,111.63220977783203
2021-01-28,115.38259887695312
2021-01-29,111.43046569824219
2021-02-01,116.14372253417969
2021-02-02,117.77591705322266
2021-02-03,116.91397094726562
2021-02-04,117.50999450683594
2021-02-05,117.17070007324219
2021-02-08,121.54464721679688
2021-02-09,121.66385650634766
2021-02-10,122.58999633789062
2021-02-11,127.60586547851562
2021-02-12,126.5971908569336
2021-02-16,128.42193603515625
2021-02-17,124.95581817626953
2021-02-18,123.45194244384766
2021-02-19,125.31342315673828
2021-02-22,122.47999572753906
2021-02-23,118.38111877441406
2021-02-24,121.31541442871094
2021-02-25,115.53849792480469
2021-02-26,115.48347473144531
2021-03-01,118.40861511230469
2021-03-02,115.53849792480469
2021-03-03,112.68670654296875
2021-03-04,105.99279022216797
2021-03-05,110.77024841308594
2021-03-08,104.47064208984375
2021-03-09,106.71720123291016
2021-03-10,104.37893676757812
2021-03-11,110.56851196289062
2021-03-12,108.4778060913086
2021-03-15,109.19306182861328
2021-03-16,109.44062042236328
2021-03-17,109.30992126464844
2021-03-18,105.38890838623047
2021-03-19,104.58815002441406
2021-03-22,107.85564422607422
2021-03-23,105.74787139892578
2021-03-24,100.28975677490234
2021-03-25,101.66118621826172
2021-03-26,107.28497314453125
2021-03-29,105.28765869140625
2021-03-30,105.91356658935547
2021-03-31,108.86811828613281
2021-04-01,114.86930847167969
2021-04-05,114.59317779541016
2021-04-06,112.69710540771484
2021-04-07,110.35002136230469
2021-04-08,113.60832977294922
2021-04-09,113.02845764160156
2021-04-12,111.2796630859375
2021-04-13,111.62020874023438
2021-04-14,111.22441101074219
2021-04-15,108.93255615234375
2021-04-16,109.383544921875
2021-04-19,106.21730041503906
2021-04-20,105.80308532714844
2021-04-21,108.05813598632812
2021-04-22,106.14366149902344
2021-04-23,109.1994857788086
2021-04-26,111.8503189086914
2021-04-27,111.62020874023438
2021-04-28,110.1383056640625
2021-04-29,109.62288665771484
2021-04-30,107.45066833496094
2021-05-03,106.71432495117188
2021-05-04,106.18048095703125
2021-05-05,106.19888305664062
2021-05-06,107.68998718261719
2021-05-07,107.53350067138672
2021-05-10,103.3731689453125
2021-05-11,103.87020111083984
2021-05-12,99.59941864013672
2021-05-13,100.09646606445312
2021-05-14,103.5112533569336
2021-05-17,101.06291198730469
2021-05-18,102.02014923095703
2021-05-19,103.45601654052734
2021-05-20,104.26600646972656
2021-05-21,102.94976806640625
2021-05-24,104.58815002441406
2021-05-25,105.1864242553711
2021-05-26,106.76954650878906
2021-05-27,106.55785369873047
2021-05-28,108.0213394165039
2021-06-01,109.07982635498047
2021-06-02,109.48481750488281
2021-06-03,107.5242919921875
2021-06-04,110.00025177001953
2021-06-07,108.81290435791016
2021-06-08,106.69591522216797
2021-06-09,107.80963897705078
2021-06-10,108.8313217163086
2021-06-11,108.84051513671875
2021-06-14,111.36247253417969
2021-06-15,109.94500732421875
2021-06-16,108.62881469726562
2021-06-17,110.0618667602539
2021-06-18,106.98509216308594
2021-06-21,105.46056365966797
2021-06-22,105.63611602783203
2021-06-23,107.22533416748047
2021-06-24,108.32482147216797
2021-06-25,107.6688232421875
2021-06-28,110.51460266113281
2021-06-29,111.08747100830078
2021-06-30,111.02278900146484
2021-07-01,109.41508483886719
2021-07-02,109.86784362792969
2021-07-06,110.92115783691406
2021-07-07,109.25802612304688
2021-07-08,108.90692901611328
2021-07-09,111.39237976074219
2021-07-12,113.30494689941406
2021-07-13,114.47840118408203
2021-07-14,114.93113708496094
2021-07-15,108.59278106689453
2021-07-16,106.93890380859375
2021-07-19,106.57854461669922
2021-07-20,107.54871368408203
2021-07-21,108.90692901611328
2021-07-22,107.696533203125
2021-07-23,107.9090576171875
2021-07-26,106.85576629638672
2021-07-27,104.90616607666016
2021-07-28,106.3198471069336
2021-07-29,107.31771850585938
2021-07-30,107.77045440673828
2021-08-02,107.97370910644531
2021-08-03,109.40587615966797
2021-08-04,109.71076965332031
2021-08-05,110.15425872802734
2021-08-06,109.2210693359375
2021-08-09,109.23030853271484
2021-08-10,107.51175689697266
2021-08-11,107.16987609863281
2021-08-12,106.90191650390625
2021-08-13,106.71714782714844
2021-08-16,105.91331481933594
2021-08-17,102.66097259521484
2021-08-18,102.05116271972656
2021-08-19,102.11582946777344
2021-08-20,99.8983383178711
2021-08-23,102.52237701416016
2021-08-24,103.58492279052734
2021-08-25,108.13080596923828
2021-08-26,109.11943817138672
2021-08-27,109.47978973388672
2021-08-30,109.94176483154297
2021-08-31,109.96023559570312
2021-09-01,111.29997253417969
2021-09-02,111.60488891601562
2021-09-03,114.54307556152344
2021-09-07,115.21755981445312
2021-09-08,112.6212158203125
2021-09-09,113.35115814208984
2021-09-10,113.6191177368164
2021-09-13,114.21968841552734
2021-09-14,113.72998046875
2021-09-15,112.2608871459961
2021-09-16,112.06328582763672
2021-09-17,109.242919921875
2021-09-20,106.41326141357422
2021-09-21,106.65447235107422
2021-09-22,107.49872589111328
2021-09-23,107.79561614990234
2021-09-24,107.28535461425781
2021-09-27,107.75849914550781
2021-09-28,103.81555938720703
2021-09-29,103.5557861328125
2021-09-30,103.58361053466797
2021-10-01,103.5001220703125
2021-10-04,101.14360809326172
2021-10-05,101.36629486083984
2021-10-06,101.44049835205078
2021-10-07,102.82286834716797
2021-10-08,102.08995056152344
2021-10-11,102.2940444946289
2021-10-12,101.31061553955078
2021-10-13,102.03427124023438
2021-10-14,104.4278793334961
2021-10-15,106.56172180175781
2021-10-18,107.00704193115234
2021-10-19,108.5099868774414
2021-10-20,107.23895263671875
2021-10-21,107.88838958740234
2021-10-22,105.97723388671875
2021-10-25,105.42987823486328
2021-10-26,105.93082427978516
2021-10-27,105.53189086914062
2021-10-28,107.62863159179688
2021-10-29,105.48551177978516
2021-11-01,105.87519073486328
2021-11-02,105.86589813232422
2021-11-03,105.77310943603516
2021-11-04,109.28002166748047
2021-11-05,109.28931427001953
2021-11-08,112.17462158203125
2021-11-09,112.98175811767578
2021-11-10,109.66041564941406
2021-11-11,109.65113830566406
2021-11-12,110.1150131225586
2021-11-15,109.58618927001953
2021-11-16,109.549072265625
2021-11-17,110.45826721191406
2021-11-18,114.4754409790039
2021-11-19,115.28258514404297
2021-11-22,115.73719024658203
2021-11-23,112.59210205078125
2021-11-24,111.98905181884766
2021-11-26,108.63058471679688
2021-11-29,110.6623764038086
2021-11-30,108.68627166748047
2021-12-01,111.91484069824219
2021-12-02,112.90754699707031
2021-12-03,110.70877838134766
2021-12-06,110.53248596191406
2021-12-07,113.48272705078125
2021-12-08,113.00032043457031
2021-12-09,110.86648559570312
2021-12-10,110.52320098876953
2021-12-13,108.00899505615234
2021-12-14,107.88838958740234
2021-12-15,111.70146179199219
2021-12-16,108.59553527832031
2021-12-17,108.36263275146484
2021-12-20,107.07704162597656
2021-12-21,109.4060287475586
2021-12-22,113.00196838378906
2021-12-23,112.42436981201172
2021-12-27,114.30619049072266
2021-12-28,113.70994567871094
2021-12-29,113.10444641113281
2021-12-30,112.18215942382812
2021-12-31,112.07968139648438
2022-01-03,119.9888916015625
2022-01-04,124.27420806884766
2022-01-05,118.36791229248047
2022-01-06,119.68147277832031
2022-01-07,115.05146026611328
2022-01-10,116.45816040039062
2022-01-11,120.33356475830078
2022-01-12,123.1842269897461
2022-01-13,129.66812133789062
2022-01-14,131.03756713867188
2022-01-18,124.67478942871094
2022-01-19,122.0477066040039
2022-01-20,119.5510482788086
2022-01-21,116.01099395751953
2022-01-24,117.34317016601562
2022-01-25,114.10122680664062
2022-01-26,114.66019439697266
2022-01-27,108.41854095458984
2022-01-28,109.56436920166016
2022-01-31,114.24098205566406
2022-02-01,114.63223266601562
2022-02-02,115.656982421875
2022-02-03,111.64183044433594
2022-02-04,112.74109649658203
2022-02-07,113.94286346435547
2022-02-08,115.24708557128906
2022-02-09,116.93325805664062
2022-02-10,116.17868041992188
2022-02-11,112.73178100585938
2022-02-14,111.57661437988281
2022-02-15,116.0016860961914
2022-02-16,115.14460754394531
2022-02-17,111.56730651855469
2022-02-18,111.1480941772461
2022-02-22,108.91229248046875
2022-02-23,107.97137451171875
2022-02-24,104.22637176513672
2022-02-25,103.62084197998047
2022-02-28,99.68951416015625
2022-03-01,100.65837860107422
2022-03-02,102.11165618896484
2022-03-03,101.34774780273438
2022-03-04,97.87291717529297
2022-03-07,92.49764251708984
2022-03-08,93.15907287597656
2022-03-09,97.77044677734375
2022-03-10,96.84815979003906
2022-03-11,94.47261047363281
2022-03-14,92.50695037841797
2022-03-15,95.10608673095703
2022-03-16,98.93467712402344
2022-03-17,99.68354034423828
2022-03-18,99.89884948730469
2022-03-21,100.08607482910156
2022-03-22,100.19840240478516
2022-03-23,98.61642456054688
2022-03-24,101.02214813232422
2022-03-25,99.90819549560547
2022-03-28,99.53377532958984
2022-03-29,102.26713562011719
2022-03-30,99.90819549560547
2022-03-31,97.5960922241211
2022-04-01,96.22003173828125
2022-04-04,98.09220123291016
2022-04-05,95.94857025146484
2022-04-06,94.71294403076172
2022-04-07,94.0951156616211
2022-04-08,92.94374084472656
2022-04-11,91.33367919921875
2022-04-12,91.21199035644531
2022-04-13,95.01248931884766
2022-04-14,92.07318115234375
2022-04-18,92.45697784423828
2022-04-19,93.09349822998047
2022-04-20,92.681640625
2022-04-21,91.41793060302734
2022-04-22,89.56449127197266
2022-04-25,90.08868408203125
2022-04-26,86.84046173095703
2022-04-27,84.49091339111328
2022-04-28,89.1338882446289
2022-04-29,86.99024963378906
2022-05-02,87.7672119140625
2022-05-03,87.64551544189453
2022-05-04,89.85467529296875
2022-05-05,86.26009368896484
2022-05-06,85.77333068847656
2022-05-09,81.72010040283203
2022-05-10,83.1429443359375
2022-05-11,82.21621704101562
2022-05-12,82.08516693115234
2022-05-13,85.14617919921875
2022-05-16,84.63131713867188
2022-05-17,87.35530853271484
2022-05-18,84.74364471435547
2022-05-19,84.44409942626953
2022-05-20,84.9776840209961
2022-05-23,85.65164947509766
2022-05-24,83.04934692382812
2022-05-25,84.63131713867188
2022-05-26,85.18362426757812
2022-05-27,87.77656555175781
2022-05-31,89.20879364013672
2022-06-01,88.69393157958984
2022-06-02,90.18228912353516
2022-06-03,87.77656555175781
2022-06-06,87.15873718261719
2022-06-07,87.84208679199219
2022-06-08,87.49574279785156
2022-06-09,85.0431900024414
2022-06-10,83.01188659667969
2022-06-13,80.08196258544922
2022-06-14,81.61712646484375
2022-06-15,83.43312072753906
2022-06-16,79.53449249267578
2022-06-17,79.98619842529297
2022-06-21,81.8211669921875
2022-06-22,79.9015121459961
2022-06-23,79.15811157226562
2022-06-24,80.85194396972656
2022-06-27,80.79546356201172
2022-06-28,79.36512756347656
2022-06-29,78.71583557128906
2022-06-30,76.92790985107422
2022-07-01,72.45807647705078
2022-07-05,71.6205825805664
2022-07-06,71.10303497314453
2022-07-07,75.89277648925781
2022-07-08,76.70205688476562
2022-07-11,74.44361877441406
2022-07-12,74.43421173095703
2022-07-13,76.49503326416016
2022-07-14,78.7346420288086
2022-07-15,80.57904815673828
2022-07-18,78.64996337890625
2022-07-19,81.068359375
2022-07-20,81.45419311523438
2022-07-21,82.61164855957031
2022-07-22,81.22832489013672
2022-07-25,81.20951843261719
2022-07-26,79.4404067993164
2022-07-27,82.46106719970703
2022-07-28,83.38325500488281
2022-07-29,83.26092529296875
2022-08-01,81.21891784667969
2022-08-02,80.97427368164062
2022-08-03,81.40713500976562
2022-08-04,83.20445251464844
2022-08-05,84.47482299804688
2022-08-08,82.7527847290039
2022-08-09,80.1838150024414
2022-08-10,83.43973541259766
2022-08-11,84.23957061767578
2022-08-12,85.50051879882812
2022-08-15,86.16866302490234
2022-08-16,84.64421844482422
2022-08-17,83.93846893310547
2022-08-18,84.00433349609375
2022-08-19,82.05643463134766
2022-08-22,80.2120590209961
2022-08-23,80.95543670654297
2022-08-24,80.5131607055664
2022-08-25,82.40460968017578
2022-08-26,79.74153900146484
2022-08-29,77.9630126953125
2022-08-30,77.90654754638672
2022-08-31,78.43350982666016
2022-09-01,76.82440185546875
2022-09-02,76.1280288696289
2022-09-06,75.30935668945312
2022-09-07,75.23408508300781
2022-09-08,75.50698852539062
2022-09-09,76.72087097167969
2022-09-12,77.30430603027344
2022-09-13,74.16130828857422
2022-09-14,74.96118927001953
2022-09-15,73.79529571533203
2022-09-16,73.71012115478516
2022-09-19,74.03187561035156
2022-09-20,73.95618438720703
2022-09-21,73.00037384033203
2022-09-22,71.5713882446289
2022-09-23,69.90587615966797
2022-09-26,69.09201049804688
2022-09-27,69.11094665527344
2022-09-28,68.25923156738281
2022-09-29,65.56217956542969
2022-09-30,64.88079071044922
2022-10-03,65.53377532958984
2022-10-04,68.90272521972656
2022-10-05,70.48311614990234
2022-10-06,70.36009216308594
2022-10-07,66.0069351196289
2022-10-10,63.8209114074707
2022-10-11,60.0450325012207
2022-10-12,60.66961669921875
2022-10-13,63.044921875
2022-10-14,60.48980712890625
2022-10-17,61.407752990722656
2022-10-18,60.29107666015625
2022-10-19,60.24375534057617
2022-10-20,60.168060302734375
2022-10-21,60.32892608642578
2022-10-24,58.000946044921875
2022-10-25,57.85899353027344
2022-10-26,57.57508850097656
2022-10-27,57.6791877746582
2022-10-28,58.68230438232422
2022-10-31,58.246986389160156
2022-11-01,58.275386810302734
2022-11-02,57.27227020263672
2022-11-03,57.04514694213867
2022-11-04,59.1270866394043
2022-11-07,59.392059326171875
2022-11-08,61.53077697753906
2022-11-09,61.51185989379883
2022-11-10,67.03844451904297
2022-11-11,69.86798858642578
2022-11-14,68.89327239990234
2022-11-15,76.14220428466797
2022-11-16,75.18639373779297
2022-11-17,77.10748291015625
2022-11-18,77.85506439208984
2022-11-21,75.6406478881836
2022-11-22,78.110595703125
2022-11-23,77.57117462158203
2022-11-25,77.03177642822266
2022-11-28,74.96875762939453
2022-11-29,75.07286834716797
2022-11-30,78.52696228027344
2022-12-01,78.24307250976562
2022-12-02,77.12640380859375
2022-12-05,77.23995971679688
2022-12-06,75.29051208496094
2022-12-07,74.98768615722656
2022-12-08,76.4639663696289
2022-12-09,76.35986328125
2022-12-12,76.11380767822266
2022-12-13,76.18954467773438
2022-12-14,75.72581481933594
2022-12-15,73.86143493652344
2022-12-16,72.6147232055664
2022-12-19,72.42436218261719
2022-12-20,71.9675521850586
2022-12-21,73.41413879394531
2022-12-22,71.64398956298828
2022-12-23,71.2728271484375
2022-12-27,70.73036193847656
2022-12-28,69.53119659423828
2022-12-29,72.3292007446289
2022-12-30,70.89214324951172
2023-01-03,70.45435333251953
2023-01-04,72.63375091552734
2023-01-05,72.07225036621094
2023-01-06,74.29922485351562
2023-01-09,76.4310302734375
2023-01-10,77.34465789794922
2023-01-11,77.83003997802734
2023-01-12,82.79791259765625
2023-01-13,82.60757446289062
2023-01-17,84.69178771972656
2023-01-18,85.14860534667969
2023-01-19,84.13027954101562
2023-01-20,86.63326263427734
2023-01-23,91.03962707519531
2023-01-24,89.99274444580078
2023-01-25,87.94660186767578
2023-01-26,88.93636322021484
2023-01-27,88.79360961914062
2023-01-30,88.6318359375
2023-01-31,88.25115203857422
2023-02-01,90.1640625
2023-02-02,91.9818115234375
2023-02-03,90.08793640136719
2023-02-06,87.39462280273438
2023-02-07,89.98323822021484
2023-02-08,89.72628784179688
2023-02-09,92.0198745727539
2023-02-10,90.76363372802734
2023-02-13,91.46788024902344
2023-02-14,93.2285385131836
2023-02-15,88.27970123291016
2023-02-16,86.43340301513672
2023-02-17,85.7481689453125
2023-02-21,83.406982421875
2023-02-22,82.63611602783203
2023-02-23,85.7291488647461
2023-02-24,83.85429382324219
2023-02-27,83.08341979980469
2023-02-28,82.86450958251953
2023-03-01,84.14932250976562
2023-03-02,84.72987365722656
2023-03-03,85.45315551757812
2023-03-06,85.25328826904297
2023-03-07,84.55854797363281
2023-03-08,86.44292449951172
2023-03-09,84.58709716796875
2023-03-10,83.03584289550781
2023-03-13,83.50216674804688
2023-03-14,84.97730255126953
2023-03-15,82.51240539550781
2023-03-16,85.42923736572266
2023-03-17,85.59185791015625
2023-03-20,86.13716888427734
2023-03-21,88.49052429199219
2023-03-22,88.6053237915039
2023-03-23,90.48992156982422
2023-03-24,88.76795959472656
2023-03-27,86.73029327392578
2023-03-28,86.873779296875
2023-03-29,88.73927307128906
2023-03-30,88.46182250976562
2023-03-31,88.98798370361328
2023-04-03,88.81578063964844
2023-04-04,88.1748275756836
2023-04-05,86.29020690917969
2023-04-06,86.32849884033203
2023-04-10,85.16136932373047
2023-04-11,85.371826171875
2023-04-12,83.10456085205078
2023-04-13,83.27674865722656
2023-04-14,83.42025756835938
2023-04-17,84.17601776123047
2023-04-18,84.31951904296875
2023-04-19,83.44894409179688
2023-04-20,85.419677734375
2023-04-21,81.6695785522461
2023-04-24,80.97122192382812
2023-04-25,78.72308349609375
2023-04-26,78.684814453125
2023-04-27,80.04326629638672
2023-04-28,80.64596557617188
2023-05-01,80.33983612060547
2023-05-02,79.3640365600586
2023-05-03,79.11531066894531
2023-05-04,79.8710708618164
2023-05-05,81.28691864013672
2023-05-08,81.83221435546875
2023-05-09,81.37300872802734
2023-05-10,81.21996307373047
2023-05-11,79.81365966796875
2023-05-12,79.81365966796875
2023-05-15,81.94700622558594
2023-05-16,82.157470703125
2023-05-17,86.94074249267578
2023-05-18,88.63404083251953
2023-05-19,88.56706237792969
2023-05-22,87.74433898925781
2023-05-23,86.51982116699219
2023-05-24,86.22325897216797
2023-05-25,96.57426452636719
2023-05-26,98.73627471923828
2023-05-30,97.55961608886719
2023-05-31,94.31653594970703
2023-06-01,94.55570220947266
2023-06-02,94.65137481689453
2023-06-05,93.79996490478516
2023-06-06,95.49324798583984
2023-06-07,95.94286346435547
2023-06-08,95.60803985595703
2023-06-09,98.34406280517578
2023-06-12,102.4194107055664
2023-06-13,102.17070007324219
2023-06-14,102.75423431396484
2023-06-15,101.0423355102539
2023-06-16,100.45634460449219
2023-06-20,99.8895492553711
2023-06-21,97.64160919189453
2023-06-22,99.0729751586914
2023-06-23,97.9009780883789
2023-06-26,96.17179107666016
2023-06-27,98.06428527832031
2023-06-28,96.94993591308594
2023-06-29,96.68093872070312
2023-06-30,96.94993591308594
2023-07-03,99.09220886230469
2023-07-05,97.01718139648438
2023-07-06,95.49933624267578
2023-07-07,96.28707885742188
2023-07-10,95.84516143798828
2023-07-11,97.27655029296875
2023-07-12,99.81270599365234
2023-07-13,101.4170150756836
2023-07-14,101.00392150878906
2023-07-17,100.66767883300781
2023-07-18,99.09220886230469
2023-07-19,99.00574493408203
2023-07-20,94.01030731201172
2023-07-21,93.42430114746094
2023-07-24,94.38496398925781
2023-07-25,96.37354278564453
2023-07-26,95.49933624267578
2023-07-27,95.44169616699219
2023-07-28,96.89228057861328
2023-07-31,95.24955749511719
2023-08-01,94.52906036376953
2023-08-02,91.9352798461914
2023-08-03,91.24361419677734
2023-08-04,92.37718963623047
2023-08-07,92.55970764160156
2023-08-08,90.77288055419922
2023-08-09,90.2829360961914
2023-08-10,91.0706787109375
2023-08-11,88.37120819091797
2023-08-14,89.40872955322266
2023-08-15,88.07342529296875
2023-08-16,88.16948699951172
2023-08-17,88.03499603271484
2023-08-18,87.5162353515625
2023-08-21,88.9188003540039
2023-08-22,88.61139678955078
2023-08-23,90.51350402832031
2023-08-24,88.88998413085938
2023-08-25,89.43754577636719
2023-08-28,90.30216217041016
2023-08-29,91.33966827392578
2023-08-30,91.05147552490234
2023-08-31,89.88906860351562
2023-09-01,89.5240249633789
2023-09-05,90.87854766845703
2023-09-06,88.6305923461914
2023-09-07,86.50755310058594
2023-09-08,86.11366271972656
2023-09-11,86.07523345947266
2023-09-12,86.92062377929688
2023-09-13,87.63152313232422
2023-09-14,88.32775115966797
2023-09-15,86.18401336669922
2023-09-18,85.77845001220703
2023-09-19,85.14110565185547
2023-09-20,84.29135131835938
2023-09-21,82.4276351928711
2023-09-22,82.69801330566406
2023-09-25,83.27740478515625
2023-09-26,81.3944091796875
2023-09-27,82.50489044189453
2023-09-28,83.44157409667969
2023-09-29,83.91474151611328
2023-10-02,84.63897705078125
2023-10-03,82.4759292602539
2023-10-04,83.692626953125
2023-10-05,84.04026794433594
2023-10-06,86.2226333618164
2023-10-09,85.93293762207031
2023-10-10,87.4972915649414
2023-10-11,88.83953857421875
2023-10-12,89.24510955810547
2023-10-13,87.35243225097656
2023-10-16,88.08633422851562
2023-10-17,87.87388610839844
2023-10-18,86.52198028564453
2023-10-19,89.71827697753906
2023-10-20,88.17323303222656
2023-10-23,87.98011016845703
2023-10-24,88.49190521240234
2023-10-25,84.62930297851562
2023-10-26,84.44585418701172
2023-10-27,83.03599548339844
2023-10-30,83.10359954833984
2023-10-31,83.34500122070312
2023-11-01,84.78382873535156
2023-11-02,87.37174224853516
2023-11-03,88.63674926757812
2023-11-06,89.41893005371094
2023-11-07,89.23544311523438
2023-11-08,88.83953857421875
2023-11-09,88.47257995605469
2023-11-10,94.09268188476562
2023-11-13,93.10769653320312
2023-11-14,95.51215362548828
2023-11-15,95.40594482421875
2023-11-16,95.15487670898438
2023-11-17,96.15914916992188
2023-11-20,96.52609252929688
2023-11-21,95.02933502197266
2023-11-22,95.2610855102539
2023-11-24,94.46925354003906
2023-11-27,93.87056732177734
2023-11-28,94.61410522460938
2023-11-29,95.48318481445312
2023-11-30,93.96712493896484
2023-12-01,95.1645278930664
2023-12-04,93.67742919921875
2023-12-05,93.36842346191406
2023-12-06,94.48857879638672
2023-12-07,95.87910461425781
2023-12-08,96.90267944335938
2023-12-11,97.4820785522461
2023-12-12,98.10974884033203
2023-12-13,98.61188507080078
2023-12-14,100.36697387695312
2023-12-15,99.48410034179688
2023-12-18,99.86248016357422
2023-12-19,100.77446746826172
2023-12-20,97.05860900878906
2023-12-21,99.4937973022461
2023-12-22,100.07592010498047
2023-12-26,101.33716583251953
2023-12-27,101.53121948242188
2023-12-28,101.57971954345703
2023-12-29,100.90059661865234
2024-01-02,98.50418090820312
2024-01-03,97.18473052978516
2024-01-04,96.17571258544922
2024-01-05,96.64141082763672
2024-01-08,99.19303131103516
2024-01-09,98.85346984863281
2024-01-10,97.79596710205078
2024-01-11,98.20343780517578
2024-01-12,98.22283935546875
2024-01-16,98.64002227783203
2024-01-17,99.88188934326172
2024-01-18,109.66148376464844
2024-01-19,110.7966079711914
2024-01-22,109.66148376464844
2024-01-23,110.72869110107422
2024-01-24,113.0474624633789
2024-01-25,113.0862808227539
2024-01-26,113.76541900634766
2024-01-29,113.49375915527344
2024-01-30,112.6011734008789
2024-01-31,109.59356689453125
2024-02-01,110.0107421875
2024-02-02,112.30040740966797
2024-02-05,115.24981689453125
2024-02-06,115.82222747802734
2024-02-07,121.25534057617188
2024-02-08,129.74456787109375
2024-02-09,129.14305114746094
2024-02-12,126.57203674316406
2024-02-13,123.74874877929688
2024-02-14,125.41748809814453
2024-02-15,125.18465423583984
2024-02-16,122.91436767578125
2024-02-20,121.59492492675781
2024-02-21,121.60459899902344
2024-02-22,125.22344970703125
2024-02-23,125.66973114013672
2024-02-26,126.74666595458984
2024-02-27,124.75774383544922
2024-02-28,123.58381652832031
2024-02-29,124.83536529541016
2024-03-01,129.90951538085938
2024-03-04,134.1395263671875
2024-03-05,130.94761657714844
2024-03-06,137.35093688964844
2024-03-07,144.75352478027344
2024-03-08,142.0078887939453
2024-03-11,134.87693786621094
2024-03-12,140.09654235839844
2024-03-13,137.9039306640625
2024-03-14,135.45904541015625
2024-03-15,132.89772033691406
2024-03-18,133.1061553955078
2024-03-19,131.3819580078125
2024-03-20,133.21334838867188
2024-03-21,135.843505859375
2024-03-22,136.90530395507812
2024-03-25,136.6033172607422
2024-03-26,135.24928283691406
2024-03-27,133.15489196777344
2024-03-28,132.5314483642578
2024-04-01,137.8307647705078
2024-04-02,136.5935821533203
2024-04-03,138.3275909423828
2024-04-04,136.04808044433594
2024-04-05,137.70408630371094
2024-04-08,139.09713745117188
2024-04-09,141.63961791992188
2024-04-10,142.43841552734375
2024-04-11,143.39306640625
2024-04-12,138.83412170410156
2024-04-15,136.5156707763672
2024-04-16,136.1844482421875
2024-04-17,135.4343719482422
2024-04-18,128.84921264648438
2024-04-19,124.39738464355469
2024-04-22,126.39437103271484
2024-04-23,129.9791717529297
2024-04-24,129.53109741210938
2024-04-25,133.0477294921875
2024-04-26,134.7232666015625
2024-04-29,134.91807556152344
2024-04-30,133.78807067871094
2024-05-01,131.4501495361328
2024-05-02,132.70677185058594
2024-05-03,137.89894104003906
2024-05-06,139.1361083984375
2024-05-07,137.46055603027344
2024-05-08,139.8861846923828
2024-05-09,139.09713745117188
2024-05-10,145.3997802734375
2024-05-13,142.62350463867188
2024-05-14,148.0202178955078
2024-05-15,151.5563507080078
2024-05-16,148.29299926757812
2024-05-17,147.75721740722656
2024-05-20,149.578857421875
2024-05-21,149.69573974609375
2024-05-22,152.11158752441406
2024-05-23,153.02731323242188
2024-05-24,155.86204528808594
2024-05-28,155.2873077392578
2024-05-29,150.34841918945312
2024-05-30,149.00411987304688
2024-05-31,147.1337432861328
2024-06-03,150.94265747070312
2024-06-04,148.5267791748047
2024-06-05,158.70651245117188
2024-06-06,157.87850952148438
2024-06-07,160.1385040283203
2024-06-10,163.81100463867188
2024-06-11,161.4243621826172
2024-06-12,168.50634765625
2024-06-13,168.96954345703125
2024-06-14,168.57867431640625
2024-06-17,173.2008819580078
2024-06-18,175.59503173828125
2024-06-20,171.3832550048828
2024-06-21,169.99563598632812
2024-06-24,163.98577880859375
2024-06-25,168.66661071777344
2024-06-26,168.148681640625
2024-06-27,167.7187042236328
2024-06-28,169.84902954101562
2024-07-01,168.4027557373047
2024-07-02,171.69595336914062
2024-07-03,178.33120727539062
2024-07-05,179.79702758789062
2024-07-08,182.3768768310547
2024-07-09,180.31497192382812
2024-07-10,186.6961669921875
2024-07-11,180.29542541503906
2024-07-12,183.0804901123047
2024-07-15,180.99900817871094
2024-07-16,181.80030822753906
2024-07-17,167.29852294921875
2024-07-18,167.95323181152344
2024-07-19,161.99224853515625
2024-07-22,165.4906768798828
2024-07-23,165.94996643066406
2024-07-24,156.1583251953125
2024-07-25,156.6273651123047
2024-07-26,158.24952697753906
2024-07-29,156.36354064941406
2024-07-30,151.01817321777344
2024-07-31,162.0215606689453
2024-08-01,154.57522583007812
2024-08-02,146.44482421875
2024-08-05,144.57835388183594
2024-08-06,151.84881591796875
2024-08-07,151.5067901611328
2024-08-08,160.80006408691406
2024-08-09,163.3114776611328
2024-08-12,163.80987548828125
2024-08-13,168.41253662109375
2024-08-14,166.0965118408203
2024-08-15,169.99563598632812
2024-08-16,170.56239318847656
2024-08-19,171.45166015625
2024-08-20,168.11935424804688
2024-08-21,167.5330352783203
2024-08-22,162.64698791503906
2024-08-23,167.37669372558594
2024-08-26,165.21707153320312
2024-08-27,166.663330078125
2024-08-28,165.34410095214844
2024-08-29,165.2952423095703
2024-08-30,167.78712463378906
2024-09-03,156.8325958251953
2024-09-04,157.20391845703125
2024-09-05,159.9694366455078
2024-09-06,153.24624633789062
2024-09-09,159.07041931152344
2024-09-10,158.72837829589844
2024-09-11,166.3506317138672
2024-09-12,168.14157104492188
2024-09-13,169.19105529785156
2024-09-16,165.836669921875
2024-09-17,164.13986206054688
2024-09-18,164.0712127685547
2024-09-19,172.83970642089844
2024-09-20,170.7407684326172
2024-09-23,171.40769958496094
2024-09-24,178.4794158935547
2024-09-25,178.85214233398438
2024-09-26,183.2461700439453
2024-09-27,174.55613708496094
2024-09-30,170.338623046875
2024-10-01,168.7693328857422
2024-10-02,172.4277801513672
2024-10-03,176.03717041015625
2024-10-04,177.68495178222656
2024-10-07,180.97068786621094
2024-10-08,182.48114013671875
2024-10-09,183.5502166748047
2024-10-10,182.21632385253906
2024-10-11,187.1498565673828
2024-10-14,188.52297973632812
2024-10-15,183.54042053222656
2024-10-16,183.8837127685547
2024-10-17,201.8915252685547
2024-10-18,196.92860412597656
2024-10-21,198.07615661621094
2024-10-22,194.67271423339844
2024-10-23,197.00704956054688
2024-10-24,194.1332550048828
2024-10-25,199.53759765625
2024-10-28,190.94558715820312
2024-10-29,193.16224670410156
2024-10-30,190.74945068359375
2024-10-31,186.885009765625
2024-11-01,189.24879455566406
2024-11-04,187.8854522705078
2024-11-05,192.0048828125
2024-11-06,189.51361083984375
2024-11-07,197.33071899414062
2024-11-08,197.3405303955078
2024-11-11,190.3276824951172
2024-11-12,188.0914306640625
2024-11-13,183.07945251464844
2024-11-14,184.8841552734375
2024-11-15,182.44190979003906
2024-11-18,183.8837127685547
2024-11-19,186.03172302246094
2024-11-20,184.74684143066406
2024-11-21,187.5715789794922
2024-11-22,186.433837890625
2024-11-25,181.52975463867188
2024-11-26,180.31353759765625
2024-11-27,177.71438598632812
2024-11-29,181.11781311035156
2024-12-02,190.67098999023438
2024-12-03,195.07484436035156
2024-12-04,196.84030151367188
2024-12-05,200.3810577392578
2024-12-06,199.12562561035156
2024-12-09,195.34947204589844
2024-12-10,188.2581787109375
2024-12-11,190.8671417236328
2024-12-12,188.3837127685547
2024-12-13,197.76058959960938
2024-12-16,198.9708251953125
2024-12-17,197.4358673095703
2024-12-18,192.41781616210938
2024-12-19,191.51260375976562
2024-12-20,194.04132080078125
2024-12-23,204.02821350097656
2024-12-24,203.01478576660156
2024-12-26,199.7973175048828
2024-12-27,198.3903045654297
2024-12-30,197.17019653320312
2024-12-31,194.3168182373047
2025-01-02,198.34107971191406
2025-01-03,205.25814819335938
2025-01-06,216.4749755859375
2025-01-07,208.0229949951172
2025-01-08,203.79205322265625
2025-01-10,205.02198791503906
2025-01-13,198.1246337890625
2025-01-14,198.21316528320312
2025-01-15,203.47723388671875
2025-01-16,211.33883666992188
2025-01-17,208.10171508789062
2025-01-21,215.18601989746094
2025-01-22,219.61370849609375
2025-01-23,221.0109100341797
2025-01-24,218.31492614746094
2025-01-27,189.22003173828125
2025-01-28,199.1479034423828
2025-01-29,199.07904052734375
2025-01-30,204.80551147460938
2025-01-31,205.9567413330078
2025-02-03,196.58969116210938
2025-02-04,200.77142333984375
2025-02-05,205.21878051757812
2025-02-06,207.11778259277344
2025-02-07,202.80813598632812
2025-02-10,204.60873413085938
2025-02-11,205.3860626220703
2025-02-12,203.06398010253906
2025-02-13,198.5870819091797
2025-02-14,200.62380981445312
2025-02-18,199.4824676513672
2025-02-19,197.72120666503906
2025-02-20,196.8848876953125
2025-02-21,195.0547637939453
2025-02-24,188.57064819335938
2025-02-25,186.3272705078125
2025-02-26,191.49293518066406
2025-02-27,178.18032836914062
2025-02-28,177.6293182373047
2025-03-03,170.19078063964844
2025-03-04,177.1078338623047
2025-03-05,181.31906127929688
2025-03-06,173.02450561523438
2025-03-07,174.25442504882812
2025-03-10,167.90805053710938
2025-03-11,168.22293090820312
2025-03-12,174.3232879638672
2025-03-13,168.8329620361328
2025-03-14,171.2928009033203
2025-03-17,173.40826416015625
2025-03-18,171.01193237304688
2025-03-19,171.63421630859375
2025-03-20,175.29884338378906
2025-03-21,174.56787109375
2025-03-24,178.94369506835938
2025-03-25,178.68685913085938
2025-03-26,171.37741088867188
2025-03-27,166.1817626953125
2025-03-28,163.2283172607422
2025-03-31,163.9691619873047
2025-04-01,166.5768585205078
2025-04-02,168.30545043945312
2025-04-03,155.4546356201172
2025-04-04,145.00405883789062
2025-04-07,144.3817596435547
2025-04-08,139.64048767089844
2025-04-09,156.80784606933594
2025-04-10,149.28109741210938
2025-04-11,155.1582794189453
2025-04-14,153.93345642089844
2025-04-15,155.4052276611328
2025-04-16,149.81446838378906
2025-04-17,149.8836212158203
2025-04-21,146.0510711669922
2025-04-22,149.5477752685547
2025-04-23,155.87937927246094
2025-04-24,162.17141723632812
2025-04-25,163.08018493652344
2025-04-28,161.40097045898438
2025-04-29,162.46774291992188
2025-04-30,164.6507110595703
2025-05-01,170.60694885253906
2025-05-02,177.08670043945312
2025-05-05,174.24191284179688
2025-05-06,170.17233276367188
2025-05-07,172.40467834472656
2025-05-08,173.0763702392578
2025-05-09,174.36045837402344
2025-05-12,184.69248962402344
2025-05-13,191.6167449951172
2025-05-14,192.37728881835938
2025-05-15,191.84393310546875
2025-05-16,191.84393310546875
2025-05-19,191.13270568847656
2025-05-20,191.0833282470703
2025-05-21,189.4140167236328
2025-05-22,193.78981018066406
2025-05-23,189.63131713867188
2025-05-27,195.26158142089844
2025-05-28,193.7404327392578
2025-05-29,194.73806762695312
2025-05-30,190.95492553710938
2025-06-02,192.45632934570312
2025-06-03,195.19244384765625
2025-06-04,199.923828125
2025-06-05,200.85232543945312
2025-06-06,202.66981506347656
2025-06-09,204.46755981445312
2025-06-10,209.86077880859375
2025-06-11,211.480712890625
2025-06-12,213.57249450683594
2025-06-13,209.27984619140625
2025-06-16,213.8203582763672
2025-06-17,212.0557098388672
2025-06-18,211.65914916992188
2025-06-20,207.70355224609375
2025-06-23,208.506591796875
2025-06-24,218.1923370361328
2025-06-25,220.81948852539062
2025-06-26,222.0785369873047
2025-06-27,226.59922790527344
2025-06-30,224.5371551513672
2025-07-01,222.7427520751953
2025-07-02,231.58584594726562
2025-07-03,232.77549743652344
2025-07-07,227.19403076171875
2025-07-08,225.8953399658203
2025-07-09,229.8410186767578
2025-07-10,227.77894592285156
2025-07-11,228.41343688964844
2025-07-14,226.69834899902344
2025-07-15,234.90695190429688
2025-07-16,235.51170349121094
2025-07-17,243.48239135742188
2025-07-18,238.32720947265625
2025-07-21,236.79058837890625
2025-07-22,232.5772247314453
2025-07-23,238.25782775878906
2025-07-24,239.51687622070312
2025-07-25,243.48239135742188
2025-07-28,240.65695190429688
2025-07-29,239.2491912841797
2025-07-30,240.8155975341797
2025-07-31,239.5366973876953
2025-08-01,233.1819610595703
2025-08-04,236.9392852783203
2025-08-05,230.46559143066406
2025-08-06,229.3750762939453
2025-08-07,240.52806091308594
2025-08-08,239.74488830566406
2025-08-11,240.0026397705078
2025-08-12,242.18365478515625
2025-08-13,239.35824584960938
2025-08-14,238.9220428466797
2025-08-15,236.82032775878906
2025-08-18,239.32852172851562
2025-08-19,230.693603515625
2025-08-20,226.62896728515625
2025-08-21,225.3699188232422
2025-08-22,230.98109436035156
2025-08-25,233.5586700439453
2025-08-26,236.6616973876953
2025-08-27,237.22677612304688
2025-08-28,236.215576171875
2025-08-29,228.87937927246094
2025-09-02,226.42076110839844
2025-09-03,229.3948974609375
2025-09-04,233.1819610595703
2025-09-05,241.31126403808594
2025-09-08,245.0586700439453
2025-09-09,248.75650024414062
2025-09-10,258.1944274902344
2025-09-11,256.6776123046875
2025-09-12,257.0939636230469
2025-09-15,259.1263122558594
2025-09-16,260.62005615234375
2025-09-17,261.3460693359375
2025-09-18,267.1639099121094
2025-09-19,263.41461181640625
2025-09-22,271.1319885253906
2025-09-23,281.1566162109375
2025-09-24,279.1676025390625
2025-09-25,275.1398620605469
2025-09-26,271.85797119140625
2025-09-29,271.7287292480469
2025-09-30,277.75543212890625
2025-10-01,286.88494873046875
2025-10-02,286.52691650390625
2025-10-03,290.58453369140625
2025-10-06,300.7384033203125
2025-10-07,292.4143981933594
2025-10-08,302.8467712402344
2025-10-09,298.2322692871094
2025-10-10,279.11785888671875
2025-10-13,301.2257385253906
2025-10-14,294.3139343261719
2025-10-15,303.03570556640625
2025-10-16,298.1924743652344
2025-10-17,293.4586181640625
2025-10-20,296.06427001953125
2025-10-21,292.89178466796875
2025-10-22,287.292724609375
2025-10-23,289.1325378417969
2025-10-24,293.33929443359375
2025-10-27,296.6112365722656
2025-10-28,299.8731994628906
2025-10-29,303.41363525390625
2025-10-30,301.55389404296875
2025-10-31,298.77923583984375
2025-11-03,303.18487548828125
2025-11-04,292.4342956542969
2025-11-05,292.02655029296875
2025-11-06,287.65069580078125
2025-11-07,284.92578125
2025-11-10,293.6475830078125
2025-11-11,289.57012939453125
2025-11-12,289.02313232421875
2025-11-13,280.6494445800781
2025-11-14,283.2550048828125
2025-11-17,280.46044921875
2025-11-18,276.38299560546875
2025-11-19,280.8184814453125
2025-11-20,275.9752197265625
2025-11-21,273.54864501953125
2025-11-24,283.0760192871094
2025-11-25,283.1157531738281
2025-11-26,288.36676025390625
2025-11-28,289.9082336425781
2025-12-01,286.0992736816406
2025-12-02,290.48504638671875
2025-12-03,293.8266296386719
2025-12-04,291.3204650878906
2025-12-05,293.1006164550781
2025-12-08,300.2113342285156
2025-12-09,301.7428894042969
2025-12-10,308.4359130859375
2025-12-11,303.993408203125
2025-12-12,291.21942138671875
2025-12-15,286.9314880371094
2025-12-16,286.0639343261719
2025-12-17,276.1817626953125
2025-12-18,283.88006591796875
2025-12-19,288.1380920410156
2025-12-22,292.4559020996094
2025-12-23,296.1156311035156
2025-12-24,297.96038818359375
2025-12-26,301.9890441894531
2025-12-29,300.074462890625
2025-12-30,298.7381896972656
2025-12-31,303.0361328125
2026-01-02,318.7119140625
2026-01-05,321.3445129394531
2026-01-06,326.50994873046875
2026-01-07,317.7845458984375
2026-01-08,317.1164245605469
2026-01-09,322.72064208984375
2026-01-12,330.8377685546875
2026-01-13,330.2793273925781
2026-01-14,326.19085693359375
2026-01-15,340.6800537109375
2026-01-16,341.4378967285156
2026-01-20,326.24072265625
2026-01-21,325.2036437988281
2026-01-22,326.45013427734375
2026-01-23,333.9290466308594
2026-01-26,331.7751159667969
2026-01-27,337.3893127441406
2026-01-28,341.3381652832031
2026-01-29,338.59588623046875
2026-01-30,329.63116455078125
2026-02-02,340.40081787109375
2026-02-03,334.80657958984375
2026-02-04,324.82470703125
2026-02-05,329.8006896972656
2026-02-06,347.8697814941406
2026-02-09,354.4113464355469
2026-02-10,360.89306640625
2026-02-11,373.0388488769531
2026-02-12,367.065673828125
2026-02-13,365.33056640625
2026-02-17,363.1766662597656
2026-02-18,361.2420959472656
2026-02-19,359.3773498535156
2026-02-20,369.49884033203125
2026-02-23,369.000244140625
2026-02-24,384.66607666015625
2026-02-25,386.6405334472656
2026-02-26,375.751220703125
2026-02-27,373.5274658203125
2026-03-02,368.07281494140625
2026-03-03,352.13775634765625
2026-03-04,356.4356384277344
2026-03-05,352.8656921386719
2026-03-06,337.9377746582031
2026-03-09,347.72021484375
2026-03-10,346.1147155761719
2026-03-11,353.563720703125
2026-03-12,335.7638854980469
2026-03-13,337.359375
2026-03-16,339.2740173339844
2026-03-17,345.9800109863281
2026-03-18,339.57000732421875
2026-03-19,338.7900085449219
2026-03-20,329.239990234375
2026-03-23,338.45001220703125
2026-03-24,343.25
2026-03-25,347.75
2026-03-26,326.1099853515625
2026-03-27,326.739990234375
2026-03-30,316.5
2026-03-31,337.95001220703125
2026-04-01,341.489990234375
2026-04-02,339.0400085449219
2026-04-06,341.760009765625
2026-04-07,345.32000732421875
2026-04-08,365.8999938964844
2026-04-09,365.489990234375
2026-04-10,370.6000061035156
2026-04-13,369.57000732421875
2026-04-14,379.8900146484375
2026-04-15,375.1000061035156
2026-04-16,363.3500061035156
2026-04-17,370.5
2026-04-20,366.239990234375
2026-04-21,368.0799865722656
2026-04-22,387.44000244140625
2026-04-23,382.6600036621094
2026-04-24,402.4599914550781
2026-04-27,404.9800109863281
2026-04-28,392.3399963378906
2026-04-29,393.8299865722656
2026-04-30,396.05999755859375
2026-05-01,397.6700134277344
2026-05-04,401.6099853515625
