date,close
2004-01-30,5.12862491607666
2004-02-02,5.132803916931152
2004-02-03,5.1014556884765625
2004-02-04,4.947848320007324
2004-02-05,4.972924709320068
2004-02-06,5.073242664337158
2004-02-09,5.068018436431885
2004-02-10,5.08369255065918
2004-02-11,5.125489711761475
2004-02-12,5.10459041595459
2004-02-13,5.036668300628662
2004-02-17,5.1139960289001465
2004-02-18,5.087872505187988
2004-02-19,5.087872505187988
2004-02-20,4.988600730895996
2004-02-23,4.88306188583374
2004-02-24,4.911274433135986
2004-02-25,4.932173728942871
2004-02-26,4.932173728942871
2004-02-27,4.937399864196777
2004-03-01,4.994872570037842
2004-03-02,4.984421253204346
2004-03-03,4.937399864196777
2004-03-04,4.9666571617126465
2004-03-05,4.9791975021362305
2004-03-08,4.9488935470581055
2004-03-09,4.807825565338135
2004-03-10,4.734678268432617
2004-03-11,4.683474540710449
2004-03-12,4.7722978591918945
2004-03-15,4.686607360839844
2004-03-16,4.691834926605225
2004-03-17,4.781700611114502
2004-03-18,4.745126724243164
2004-03-19,4.67616081237793
2004-03-22,4.576890468597412
2004-03-23,4.594655513763428
2004-03-24,4.63749885559082
2004-03-25,4.773343086242676
2004-03-26,4.7911057472229
2004-03-29,4.824544906616211
2004-03-30,4.824544906616211
2004-03-31,4.8099141120910645
2004-04-01,4.869477272033691
2004-04-02,4.984421253204346
2004-04-05,5.015769958496094
2004-04-06,4.989646911621094
2004-04-07,4.9311299324035645
2004-04-08,4.950982570648193
2004-04-12,4.9791975021362305
2004-04-13,4.911274433135986
2004-04-14,4.894556045532227
2004-04-15,4.821409702301025
2004-04-16,4.787970066070557
2004-04-19,4.761847496032715
2004-04-20,4.8057355880737305
2004-04-21,4.751397609710693
2004-04-22,4.8621625900268555
2004-04-23,4.913364410400391
2004-04-26,4.848579406738281
2004-04-27,4.834994792938232
2004-04-28,4.770206451416016
2004-04-29,4.616599082946777
2004-04-30,4.548674583435059
2004-05-03,4.566442489624023
2004-05-04,4.568530559539795
2004-05-05,4.568530559539795
2004-05-06,4.5852484703063965
2004-05-07,4.603014945983887
2004-05-10,4.5852484703063965
2004-05-11,4.65630578994751
2004-05-12,4.531956672668457
2004-05-13,4.634363174438477
2004-05-14,4.634363174438477
2004-05-17,4.478665351867676
2004-05-18,4.549722194671631
2004-05-19,4.6239142417907715
2004-05-20,4.561214923858643
2004-05-21,4.561214923858643
2004-05-24,4.607194900512695
2004-05-25,4.671981334686279
2004-05-26,4.722138404846191
2004-05-27,4.745126724243164
2004-05-28,4.7722978591918945
2004-06-01,4.739902496337891
2004-06-02,4.757666110992432
2004-06-03,4.694970607757568
2004-06-04,4.7639360427856445
2004-06-07,4.833946704864502
2004-06-08,4.845442295074463
2004-06-09,4.793194770812988
2004-06-10,4.79633092880249
2004-06-14,4.7367682456970215
2004-06-15,4.832903861999512
2004-06-16,4.795285701751709
2004-06-17,4.751397609710693
2004-06-18,4.712734222412109
2004-06-21,4.753487586975098
2004-06-22,4.755575656890869
2004-06-23,4.808871269226074
2004-06-24,4.861118316650391
2004-06-25,4.830812931060791
2004-06-28,4.799465656280518
2004-06-29,4.799465656280518
2004-06-30,4.868430137634277
2004-07-01,4.778566837310791
2004-07-02,4.731544494628906
2004-07-06,4.612419128417969
2004-07-07,4.63749885559082
2004-07-08,4.560171604156494
2004-07-09,4.580026626586914
2004-07-12,4.510013103485107
2004-07-13,4.52882194519043
2004-07-14,4.483890056610107
2004-07-15,4.45672082901001
2004-07-16,4.387752532958984
2004-07-19,4.358494281768799
2004-07-20,4.453584671020508
2004-07-21,4.433729648590088
2004-07-22,4.414920806884766
2004-07-23,4.34282112121582
2004-07-26,4.320875644683838
2004-07-27,4.330280780792236
2004-07-28,4.320875644683838
2004-07-29,4.419102668762207
2004-07-30,4.455676078796387
2004-08-02,4.462989330291748
2004-08-03,4.4368672370910645
2004-08-04,4.37625789642334
2004-08-05,4.339685916900635
2004-08-06,4.206979274749756
2004-08-09,4.211155891418457
2004-08-10,4.242506504058838
2004-08-11,4.127560615539551
2004-08-12,4.054414749145508
2004-08-13,4.056503772735596
2004-08-16,4.127560615539551
2004-08-17,4.1599531173706055
2004-08-18,4.1599531173706055
2004-08-19,4.237281322479248
2004-08-20,4.255045413970947
2004-08-23,4.282214641571045
2004-08-24,4.289530277252197
2004-08-25,4.249819755554199
2004-08-26,4.282214641571045
2004-08-27,4.296844482421875
2004-08-30,4.250865459442139
2004-08-31,4.250865459442139
2004-09-01,4.22578763961792
2004-09-02,4.22578763961792
2004-09-03,4.197573661804199
2004-09-07,4.197573661804199
2004-09-08,4.217426776885986
2004-09-09,4.31356143951416
2004-09-10,4.31356143951416
2004-09-13,4.458810806274414
2004-09-14,4.430595874786377
2004-09-15,4.367900848388672
2004-09-16,4.36998987197876
2004-09-17,4.375214576721191
2004-09-20,4.408653259277344
2004-09-21,4.4514946937561035
2004-09-22,4.383574485778809
2004-09-23,4.372079849243164
2004-09-24,4.372079849243164
2004-09-27,4.286393165588379
2004-09-28,4.273855209350586
2004-09-29,4.34909200668335
2004-09-30,4.359540939331055
2004-10-01,4.4995646476745605
2004-10-04,4.566442489624023
2004-10-05,4.537181377410889
2004-10-06,4.583159446716309
2004-10-07,4.558080673217773
2004-10-08,4.441047191619873
2004-10-11,4.470304012298584
2004-10-12,4.399247646331787
2004-10-13,4.434776306152344
2004-10-14,4.408653259277344
2004-10-15,4.413878440856934
2004-10-18,4.453584671020508
2004-10-19,4.496429443359375
2004-10-20,4.48075532913208
2004-10-21,4.5643510818481445
2004-10-22,4.466125965118408
2004-10-25,4.4514946937561035
2004-10-26,4.443136692047119
2004-10-27,4.570619583129883
2004-10-28,4.582114219665527
2004-10-29,4.592565536499023
2004-11-01,4.600924015045166
2004-11-02,4.614508628845215
2004-11-03,4.63749885559082
2004-11-04,4.694970607757568
2004-11-05,4.737813949584961
2004-11-08,4.750353813171387
2004-11-09,4.761847496032715
2004-11-10,4.698105335235596
2004-11-11,4.766026973724365
2004-11-12,4.797375202178955
2004-11-15,4.860073089599609
2004-11-16,4.8360395431518555
2004-11-17,4.898736476898193
2004-11-18,4.92172384262085
2004-11-19,4.825588703155518
2004-11-22,4.855893611907959
2004-11-23,4.837083339691162
2004-11-24,4.867387294769287
2004-11-26,4.872610569000244
2004-11-29,4.875748634338379
2004-11-30,4.852756977081299
2004-12-01,4.922769069671631
2004-12-02,4.956207275390625
2004-12-03,5.008455753326416
2004-12-06,5.041894435882568
2004-12-07,4.943668365478516
2004-12-08,4.938443183898926
2004-12-09,4.925904750823975
2004-12-10,4.911274433135986
2004-12-13,4.952028274536133
2004-12-14,4.973971843719482
2004-12-15,4.990691661834717
2004-12-16,4.9447126388549805
2004-12-17,4.9311299324035645
2004-12-20,4.879926681518555
2004-12-21,4.935309886932373
2004-12-22,4.972253322601318
2004-12-23,4.975429534912109
2004-12-27,4.953197956085205
2004-12-28,4.963785648345947
2004-12-29,4.978603363037109
2004-12-30,4.994484901428223
2004-12-31,4.981780529022217
2005-01-03,4.9288530349731445
2005-01-04,4.827225685119629
2005-01-05,4.801819324493408
2005-01-06,4.783823013305664
2005-01-07,4.7870001792907715
2005-01-10,4.785937786102295
2005-01-11,4.748890399932861
2005-01-12,4.7541823387146
2005-01-13,4.7594757080078125
2005-01-14,4.739361763000488
2005-01-18,4.778530597686768
2005-01-19,4.702310085296631
2005-01-20,4.65573263168335
2005-01-21,4.613389492034912
2005-01-24,4.563633441925049
2005-01-25,4.59115743637085
2005-01-26,4.6504387855529785
2005-01-27,4.6610260009765625
2005-01-28,4.630324363708496
2005-01-31,4.683257102966309
2005-02-01,4.713955879211426
2005-02-02,4.722424030303955
2005-02-03,4.6737284660339355
2005-02-04,4.717131614685059
2005-02-07,4.766886234283447
2005-02-08,4.76370906829834
2005-02-09,4.71289587020874
2005-02-10,4.705488204956055
2005-02-11,4.76370906829834
2005-02-14,4.7764129638671875
2005-02-15,4.7870001792907715
2005-02-16,4.783823013305664
2005-02-17,4.737245559692383
2005-02-18,4.710780143737793
2005-02-22,4.657848358154297
2005-02-23,4.6504387855529785
2005-02-24,4.6737284660339355
2005-02-25,4.715015888214111
2005-02-28,4.709719181060791
2005-03-01,4.7531232833862305
2005-03-02,4.742537498474121
2005-03-03,4.721365928649902
2005-03-04,4.742537498474121
2005-03-07,4.794409275054932
2005-03-08,4.76582670211792
2005-03-09,4.757358074188232
2005-03-10,4.747829437255859
2005-03-11,4.681139945983887
2005-03-14,4.705488204956055
2005-03-15,4.668435096740723
2005-03-16,4.607036113739014
2005-03-17,4.618680953979492
2005-03-18,4.577395439147949
2005-03-21,4.592217445373535
2005-03-22,4.551989555358887
2005-03-23,4.578453540802002
2005-03-24,4.612329483032227
2005-03-28,4.581630229949951
2005-03-29,4.533992290496826
2005-03-30,4.608093738555908
2005-03-31,4.599628448486328
2005-04-01,4.567866325378418
2005-04-04,4.584805011749268
2005-04-05,4.573162078857422
2005-04-06,4.58057165145874
2005-04-07,4.617620468139648
2005-04-08,4.592217445373535
2005-04-11,4.564692974090576
2005-04-12,4.572101593017578
2005-04-13,4.506468772888184
2005-04-14,4.449304103851318
2005-04-15,4.298985004425049
2005-04-18,4.325448513031006
2005-04-19,4.370968341827393
2005-04-20,4.340268611907959
2005-04-21,4.4556565284729
2005-04-22,4.374143123626709
2005-04-25,4.43977689743042
2005-04-26,4.408018589019775
2005-04-27,4.403783798217773
2005-04-28,4.343442916870117
2005-04-29,4.393198013305664
2005-05-02,4.390022277832031
2005-05-03,4.4069600105285645
2005-05-04,4.465183734893799
2005-05-05,4.463067054748535
2005-05-06,4.485296726226807
2005-05-09,4.481062412261963
2005-05-10,4.43765926361084
2005-05-11,4.486356735229492
2005-05-12,4.465183734893799
2005-05-13,4.538227558135986
2005-05-16,4.583746910095215
2005-05-17,4.587982177734375
2005-05-18,4.675845623016357
2005-05-19,4.705488204956055
2005-05-20,4.724542140960693
2005-05-23,4.747829437255859
2005-05-24,4.766886234283447
2005-05-25,4.739361763000488
2005-05-26,4.8007612228393555
2005-05-27,4.7806477546691895
2005-05-31,4.774293899536133
2005-06-01,4.797584056854248
2005-06-02,4.824050426483154
2005-06-03,4.7764129638671875
2005-06-06,4.777472496032715
2005-06-07,4.774293899536133
2005-06-08,4.747829437255859
2005-06-09,4.7764129638671875
2005-06-10,4.7467732429504395
2005-06-13,4.781704902648926
2005-06-14,4.745713233947754
2005-06-15,4.744653701782227
2005-06-16,4.784882545471191
2005-06-17,4.797584056854248
2005-06-20,4.779588222503662
2005-06-21,4.81028938293457
2005-06-22,4.825107574462891
2005-06-23,4.7806477546691895
2005-06-24,4.710780143737793
2005-06-27,4.683257102966309
2005-06-28,4.737245559692383
2005-06-29,4.733010292053223
2005-06-30,4.700193881988525
2005-07-01,4.686431884765625
2005-07-05,4.738304138183594
2005-07-06,4.7319512367248535
2005-07-07,4.737245559692383
2005-07-08,4.829344272613525
2005-07-11,4.870629787445068
2005-07-12,4.920381546020508
2005-07-13,4.94473123550415
2005-07-14,4.978603363037109
2005-07-15,4.977546691894531
2005-07-18,4.95531702041626
2005-07-19,5.03894567489624
2005-07-20,5.029417991638184
2005-07-21,4.977546691894531
2005-07-22,4.980722904205322
2005-07-25,4.954257965087891
2005-07-26,4.986015796661377
2005-07-27,4.993424892425537
2005-07-28,5.008247375488281
2005-07-29,4.9796648025512695
2005-08-01,4.993424892425537
2005-08-02,5.03894567489624
2005-08-03,5.055883884429932
2005-08-04,5.01777458190918
2005-08-05,5.00295352935791
2005-08-08,4.961667060852051
2005-08-09,4.986015796661377
2005-08-10,4.93626070022583
2005-08-11,4.968019962310791
2005-08-12,4.920381546020508
2005-08-15,4.959550857543945
2005-08-16,4.8960347175598145
2005-08-17,4.9457902908325195
2005-08-18,4.9129743576049805
2005-08-19,4.914031028747559
2005-08-22,4.921441078186035
2005-08-23,4.926733493804932
2005-08-24,4.8992109298706055
2005-08-25,4.909796714782715
2005-08-26,4.88545036315918
2005-08-29,4.9288530349731445
2005-08-30,4.906620025634766
2005-08-31,4.950024604797363
2005-09-01,4.938379287719727
2005-09-02,4.924618721008301
2005-09-06,4.97648811340332
2005-09-07,4.991309642791748
2005-09-08,5.005069732666016
2005-09-09,5.026242256164551
2005-09-12,5.0410637855529785
2005-09-13,5.0410637855529785
2005-09-14,4.984957218170166
2005-09-15,4.964843273162842
2005-09-16,4.991309642791748
2005-09-19,4.9627275466918945
2005-09-20,4.947905540466309
2005-09-21,4.88545036315918
2005-09-22,4.8917999267578125
2005-09-23,4.893918991088867
2005-09-26,4.897093296051025
2005-09-27,4.8790974617004395
2005-09-28,4.8960347175598145
2005-09-29,4.947905540466309
2005-09-30,4.984957218170166
2005-10-03,5.00083589553833
2005-10-04,4.941555023193359
2005-10-05,4.8621602058410645
2005-10-06,4.826165199279785
2005-10-07,4.83145809173584
2005-10-10,4.792291164398193
2005-10-11,4.764768600463867
2005-10-12,4.7319512367248535
2005-10-13,4.760535717010498
2005-10-14,4.779588222503662
2005-10-17,4.7764129638671875
2005-10-18,4.7933502197265625
2005-10-19,4.83463716506958
2005-10-20,4.812406539916992
2005-10-21,4.851573467254639
2005-10-24,4.908736228942871
2005-10-25,4.867452621459961
2005-10-26,4.864276885986328
2005-10-27,4.803936004638672
2005-10-28,4.8208746910095215
2005-10-31,4.883333206176758
2005-11-01,4.883333206176758
2005-11-02,4.948964595794678
2005-11-03,5.006128787994385
2005-11-04,5.032595157623291
2005-11-07,5.060117721557617
2005-11-08,5.048470973968506
2005-11-09,5.053766250610352
2005-11-10,5.080233097076416
2005-11-11,5.093993663787842
2005-11-14,5.09611177444458
2005-11-15,5.084466457366943
2005-11-16,5.111989498138428
2005-11-17,5.1797404289245605
2005-11-18,5.194559574127197
2005-11-21,5.195618629455566
2005-11-22,5.235846996307373
2005-11-23,5.266544818878174
2005-11-25,5.2771315574646
2005-11-28,5.24643087387085
2005-11-29,5.237963676452637
2005-11-30,5.227377891540527
2005-12-01,5.327945709228516
2005-12-02,5.331119060516357
2005-12-05,5.291952133178711
2005-12-06,5.296184062957764
2005-12-07,5.285599231719971
2005-12-08,5.25278377532959
2005-12-09,5.281365871429443
2005-12-12,5.287717819213867
2005-12-13,5.293010234832764
2005-12-14,5.282425880432129
2005-12-15,5.273954391479492
2005-12-16,5.264427661895752
2005-12-19,5.1966776847839355
2005-12-20,5.182915687561035
2005-12-21,5.197737693786621
2005-12-22,5.2349629402160645
2005-12-23,5.239205360412598
2005-12-27,5.191479206085205
2005-12-28,5.202084064483643
2005-12-29,5.157540798187256
2005-12-30,5.131026744842529
2006-01-03,5.22647762298584
2006-01-04,5.295413494110107
2006-01-05,5.344200611114502
2006-01-06,5.429047107696533
2006-01-09,5.452377796173096
2006-01-10,5.462984085083008
2006-01-11,5.513892650604248
2006-01-12,5.476770877838135
2006-01-13,5.459802150726318
2006-01-17,5.4173808097839355
2006-01-18,5.361169815063477
2006-01-19,5.405714511871338
2006-01-20,5.241325378417969
2006-01-23,5.241325378417969
2006-01-24,5.275263786315918
2006-01-25,5.28374719619751
2006-01-26,5.308140277862549
2006-01-27,5.361169815063477
2006-01-30,5.381319999694824
2006-01-31,5.337838649749756
2006-02-01,5.365411758422852
2006-02-02,5.29435396194458
2006-02-03,5.225417137145996
2006-02-06,5.22329568862915
2006-02-07,5.212690830230713
2006-02-08,5.291172027587891
2006-02-09,5.271021366119385
2006-02-10,5.28480863571167
2006-02-13,5.225417137145996
2006-02-14,5.2858686447143555
2006-02-15,5.301778316497803
2006-02-16,5.355867862701416
2006-02-17,5.320868015289307
2006-02-21,5.260415077209473
2006-02-22,5.309201717376709
2006-02-23,5.271021366119385
2006-02-24,5.277384281158447
2006-02-27,5.343140125274658
2006-02-28,5.278447151184082
2006-03-01,5.392985820770264
2006-03-02,5.396170139312744
2006-03-03,5.364353656768799
2006-03-06,5.320868015289307
2006-03-07,5.2901129722595215
2006-03-08,5.28374719619751
2006-03-09,5.233901023864746
2006-03-10,5.247689247131348
2006-03-13,5.256172180175781
2006-03-14,5.332533359527588
2006-03-15,5.364353656768799
2006-03-16,5.325109481811523
2006-03-17,5.336776256561279
2006-03-20,5.368594646453857
2006-03-21,5.3229899406433105
2006-03-22,5.337838649749756
2006-03-23,5.3229899406433105
2006-03-24,5.354808330535889
2006-03-27,5.357988357543945
2006-03-28,5.307079315185547
2006-03-29,5.401469707489014
2006-03-30,5.423741340637207
2006-03-31,5.402531623840332
2006-04-03,5.414198875427246
2006-04-04,5.437529563903809
2006-04-05,5.489500045776367
2006-04-06,5.501165390014648
2006-04-07,5.442831993103027
2006-04-10,5.407834529876709
2006-04-11,5.366472244262695
2006-04-12,5.380259037017822
2006-04-13,5.395106792449951
2006-04-17,5.345260143280029
2006-04-18,5.460864067077637
2006-04-19,5.472529411315918
2006-04-20,5.484195232391357
2006-04-21,5.429047107696533
2006-04-24,5.409956455230713
2006-04-25,5.396170139312744
2006-04-26,5.403591156005859
2006-04-27,5.46404504776001
2006-04-28,5.35692834854126
2006-05-01,5.320868015289307
2006-05-02,5.330413341522217
2006-05-03,5.326171398162842
2006-05-04,5.366472244262695
2006-05-05,5.397226810455322
2006-05-08,5.398290634155273
2006-05-09,5.372835636138916
2006-05-10,5.298595905303955
2006-05-11,5.186176776885986
2006-05-12,5.134207248687744
2006-05-15,5.1182990074157715
2006-05-16,5.079059600830078
2006-05-17,5.020727634429932
2006-05-18,4.992093086242676
2006-05-19,5.018605709075928
2006-05-22,4.9857282638549805
2006-05-23,4.9411845207214355
2006-05-24,4.96981954574585
2006-05-25,5.033453941345215
2006-05-26,5.050424098968506
2006-05-30,4.948610305786133
2006-05-31,4.95815372467041
2006-06-01,5.0546674728393555
2006-06-02,5.029212951660156
2006-06-05,4.932700157165527
2006-06-06,4.92951774597168
2006-06-07,4.872247695922852
2006-06-08,4.8330078125
2006-06-09,4.8086137771606445
2006-06-12,4.717404842376709
2006-06-13,4.682406425476074
2006-06-14,4.737555503845215
2006-06-15,4.866944789886475
2006-06-16,4.8478546142578125
2006-06-19,4.8181610107421875
2006-06-20,4.81073522567749
2006-06-21,4.891337871551514
2006-06-22,4.841490745544434
2006-06-23,4.827704906463623
2006-06-26,4.844673156738281
2006-06-27,4.7640700340271
2006-06-28,4.781041622161865
2006-06-29,4.9125494956970215
2006-06-30,4.903006076812744
2006-07-03,4.9549736976623535
2006-07-05,4.844673156738281
2006-07-06,4.855278968811035
2006-07-07,4.795888423919678
2006-07-10,4.722708702087402
2006-07-11,4.752405166625977
2006-07-12,4.65695333480835
2006-07-13,4.586954593658447
2006-07-14,4.5657429695129395
2006-07-17,4.572107315063477
2006-07-18,4.588016033172607
2006-07-19,4.65695333480835
2006-07-20,4.589076995849609
2006-07-21,4.5180182456970215
2006-07-24,4.5986223220825195
2006-07-25,4.626194477081299
2006-07-26,4.630437850952148
2006-07-27,4.609225749969482
2006-07-28,4.698315143585205
2006-07-31,4.7014970779418945
2006-08-01,4.620893478393555
2006-08-02,4.664377212524414
2006-08-03,4.699375152587891
2006-08-04,4.679224491119385
2006-08-07,4.66331672668457
2006-08-08,4.641043186187744
2006-08-09,4.664377212524414
2006-08-10,4.698315143585205
2006-08-11,4.65377140045166
2006-08-14,4.712100982666016
2006-08-15,4.838311195373535
2006-08-16,4.9411845207214355
2006-08-17,4.962395191192627
2006-08-18,4.982546329498291
2006-08-21,4.940124034881592
2006-08-22,4.936944007873535
2006-08-23,4.9072465896606445
2006-08-24,4.919973850250244
2006-08-25,4.942245006561279
2006-08-28,4.983606815338135
2006-08-29,5.026029109954834
2006-08-30,5.07481575012207
2006-08-31,5.057845115661621
2006-09-01,5.069513320922852
2006-09-05,5.094968318939209
2006-09-06,4.998456001281738
2006-09-07,4.96981954574585
2006-09-08,5.0101213455200195
2006-09-11,5.049365043640137
2006-09-12,5.152237415313721
2006-09-13,5.16920804977417
2006-09-14,5.181934356689453
2006-09-15,5.190418720245361
2006-09-18,5.197842597961426
2006-09-19,5.163905143737793
2006-09-20,5.247689247131348
2006-09-21,5.188297748565674
2006-09-22,5.139510154724121
2006-09-25,5.2328410148620605
2006-09-26,5.2635979652404785
2006-09-27,5.259355545043945
2006-09-28,5.278447151184082
2006-09-29,5.244505882263184
2006-10-02,5.2211761474609375
2006-10-03,5.22647762298584
2006-10-04,5.3229899406433105
2006-10-05,5.332533359527588
2006-10-06,5.321928977966309
2006-10-09,5.342081069946289
2006-10-10,5.343140125274658
2006-10-11,5.348442554473877
2006-10-12,5.426925182342529
2006-10-13,5.469347953796387
2006-10-16,5.490560054779053
2006-10-17,5.425865650177002
2006-10-18,5.392985820770264
2006-10-19,5.405714511871338
2006-10-20,5.407834529876709
2006-10-23,5.454498767852783
2006-10-24,5.411017417907715
2006-10-25,5.458743095397949
2006-10-26,5.489500045776367
2006-10-27,5.4004106521606445
2006-10-30,5.4438934326171875
2006-10-31,5.453437328338623
2006-11-01,5.397226810455322
2006-11-02,5.395106792449951
2006-11-03,5.3876848220825195
2006-11-06,5.459802150726318
2006-11-07,5.4831366539001465
2006-11-08,5.499043941497803
2006-11-09,5.510709762573242
2006-11-10,5.530859470367432
2006-11-13,5.58176851272583
2006-11-14,5.654947280883789
2006-11-15,5.668735027313232
2006-11-16,5.692068576812744
2006-11-17,5.6719160079956055
2006-11-20,5.692068576812744
2006-11-21,5.695248603820801
2006-11-22,5.740852355957031
2006-11-24,5.7397918701171875
2006-11-27,5.583889007568359
2006-11-28,5.602977752685547
2006-11-29,5.628434181213379
2006-11-30,5.64328145980835
2006-12-01,5.5849504470825195
2006-12-04,5.674036026000977
2006-12-05,5.685704231262207
2006-12-06,5.651764869689941
2006-12-07,5.610403060913086
2006-12-08,5.616767883300781
2006-12-11,5.639039039611816
2006-12-12,5.606159210205078
2006-12-13,5.612523555755615
2006-12-14,5.676158428192139
2006-12-15,5.677219390869141
2006-12-18,5.63638973236084
2006-12-19,5.615124225616455
2006-12-20,5.617249965667725
2006-12-21,5.585350513458252
2006-12-22,5.542821884155273
2006-12-26,5.57472038269043
2006-12-27,5.616188049316406
2006-12-28,5.600237846374512
2006-12-29,5.585350513458252
2007-01-03,5.5959858894348145
2007-01-04,5.698060035705566
2007-01-05,5.65446662902832
2007-01-08,5.661905765533447
2007-01-09,5.692741394042969
2007-01-10,5.72889518737793
2007-01-11,5.777804374694824
2007-01-12,5.80651330947876
2007-01-16,5.787375450134277
2007-01-17,5.714008808135986
2007-01-18,5.606617450714111
2007-01-19,5.608741760253906
2007-01-22,5.560896396636963
2007-01-23,5.55451774597168
2007-01-24,5.656592845916748
2007-01-25,5.60555362701416
2007-01-26,5.617249965667725
2007-01-29,5.617249965667725
2007-01-30,5.647021293640137
2007-01-31,5.671478748321533
2007-02-01,5.672539710998535
2007-02-02,5.678919315338135
2007-02-05,5.681046485900879
2007-02-06,5.671478748321533
2007-02-07,5.719324111938477
2007-02-08,5.716134071350098
2007-02-09,5.657655715942383
2007-02-12,5.632137775421143
2007-02-13,5.644896030426025
2007-02-14,5.72995662689209
2007-02-15,5.750160217285156
2007-02-16,5.7416534423828125
2007-02-20,5.766108989715576
2007-02-21,5.752285480499268
2007-02-22,5.786312103271484
2007-02-23,5.773551940917969
2007-02-26,5.751222610473633
2007-02-27,5.53325080871582
2007-02-28,5.546010494232178
2007-03-01,5.5204925537109375
2007-03-02,5.442875862121582
2007-03-05,5.404598236083984
2007-03-06,5.497103214263916
2007-03-07,5.4737091064453125
2007-03-08,5.49497652053833
2007-03-09,5.5087971687316895
2007-03-12,5.544947147369385
2007-03-13,5.4460649490356445
2007-03-14,5.502418041229248
2007-03-15,5.5066704750061035
2007-03-16,5.500292778015137
2007-03-19,5.537505626678467
2007-03-20,5.560896396636963
2007-03-21,5.672539710998535
2007-03-22,5.652340412139893
2007-03-23,5.640644073486328
2007-03-26,5.660843849182129
2007-03-27,5.6278839111328125
2007-03-28,5.58003568649292
2007-03-29,5.5683393478393555
2007-03-30,5.569404125213623
2007-04-02,5.586416244506836
2007-04-03,5.653402328491211
2007-04-04,5.6799821853637695
2007-04-05,5.709754467010498
2007-04-09,5.70443868637085
2007-04-10,5.708693027496338
2007-04-11,5.656592845916748
2007-04-12,5.709754467010498
2007-04-13,5.7246413230896
2007-04-16,5.7703633308410645
2007-04-17,5.783120155334473
2007-04-18,5.782057762145996
2007-04-19,5.763982772827148
2007-04-20,5.805448532104492
2007-04-23,5.7916259765625
2007-04-24,5.8362836837768555
2007-04-25,5.883068084716797
2007-04-26,5.900079250335693
2007-04-27,5.908585548400879
2007-04-30,5.847980499267578
2007-05-01,5.868183612823486
2007-05-02,5.918156623840332
2007-05-03,5.9521803855896
2007-05-04,5.9702558517456055
2007-05-07,5.968130111694336
2007-05-08,6.003218650817871
2007-05-09,6.017039775848389
2007-05-10,5.938358306884766
2007-05-11,6.007470607757568
2007-05-14,5.9766364097595215
2007-05-15,5.931980133056641
2007-05-16,5.9904584884643555
2007-05-17,5.9776997566223145
2007-05-18,6.007470607757568
2007-05-21,6.039369583129883
2007-05-22,6.064888000488281
2007-05-23,6.013849258422852
2007-05-24,5.905396461486816
2007-05-25,5.972384929656982
2007-05-29,6.003218650817871
2007-05-30,6.052128314971924
2007-05-31,6.091468811035156
2007-06-01,6.102100849151611
2007-06-04,6.123368263244629
2007-06-05,6.107417106628418
2007-06-06,6.0510663986206055
2007-06-07,5.954306602478027
2007-06-08,6.028735637664795
2007-06-11,6.020228862762451
2007-06-12,5.978762626647949
2007-06-13,6.046811580657959
2007-06-14,6.1063551902771
2007-06-15,6.154200077056885
2007-06-18,6.171213626861572
2007-06-19,6.170150279998779
2007-06-20,6.111670970916748
2007-06-21,6.179718971252441
2007-06-22,6.119115352630615
2007-06-25,6.08615255355835
2007-06-26,6.073395729064941
2007-06-27,6.145694255828857
2007-06-28,6.152073860168457
2007-06-29,6.126556873321533
2007-07-02,6.168023586273193
2007-07-03,6.212680816650391
2007-07-05,6.246706962585449
2007-07-06,6.269033908843994
2007-07-09,6.276476860046387
2007-07-10,6.226502418518066
2007-07-11,6.261591911315918
2007-07-12,6.378551006317139
2007-07-13,6.382805347442627
2007-07-16,6.3902482986450195
2007-07-17,6.440220355987549
2007-07-18,6.3944993019104
2007-07-19,6.462549209594727
2007-07-20,6.411512851715088
2007-07-23,6.428524494171143
2007-07-24,6.340273857116699
2007-07-25,6.326450347900391
2007-07-26,6.230757236480713
2007-07-27,6.113796234130859
2007-07-30,6.172276973724365
2007-07-31,6.046811580657959
2007-08-01,6.115923881530762
2007-08-02,6.173340797424316
2007-08-03,6.029799461364746
2007-08-06,6.108481407165527
2007-08-07,6.142505168914795
2007-08-08,6.17759370803833
2007-08-09,6.060635566711426
2007-08-10,6.057443618774414
2007-08-13,6.094657897949219
2007-08-14,5.991520881652832
2007-08-15,5.87987756729126
2007-08-16,5.853296756744385
2007-08-17,5.951116561889648
2007-08-20,5.960687637329102
2007-08-21,5.992585182189941
2007-08-22,6.061698913574219
2007-08-23,6.060635566711426
2007-08-24,6.138253688812256
2007-08-27,6.107417106628418
2007-08-28,5.971319675445557
2007-08-29,6.127617359161377
2007-08-30,6.152073860168457
2007-08-31,6.221188068389893
2007-09-04,6.317944526672363
2007-09-05,6.278604507446289
2007-09-06,6.286048412322998
2007-09-07,6.161644458770752
2007-09-10,6.148885726928711
2007-09-11,6.242453575134277
2007-09-12,6.211618423461914
2007-09-13,6.211618423461914
2007-09-14,6.198860168457031
2007-09-17,6.168023586273193
2007-09-18,6.2913641929626465
2007-09-19,6.321134567260742
2007-09-20,6.328577041625977
2007-09-21,6.359412670135498
2007-09-24,6.3721723556518555
2007-09-25,6.4317145347595215
2007-09-26,6.450852394104004
2007-09-27,6.463613510131836
2007-09-28,6.4434099197387695
2007-10-01,6.53910493850708
2007-10-02,6.553990840911865
2007-10-03,6.495509624481201
2007-10-04,6.485940933227539
2007-10-05,6.572065830230713
2007-10-08,6.616724491119385
2007-10-09,6.65500020980835
2007-10-10,6.6794562339782715
2007-10-11,6.5858893394470215
2007-10-12,6.669887065887451
2007-10-15,6.622039318084717
2007-10-16,6.597583770751953
2007-10-17,6.682646751403809
2007-10-18,6.697534084320068
2007-10-19,6.515711784362793
2007-10-22,6.584824085235596
2007-10-23,6.658193111419678
2007-10-24,6.586954116821289
2007-10-25,6.560369968414307
2007-10-26,6.701784133911133
2007-10-29,6.740061283111572
2007-10-30,6.765583038330078
2007-10-31,6.879349231719971
2007-11-01,6.767708778381348
2007-11-02,6.810239791870117
2007-11-05,6.795353889465332
2007-11-06,6.851705551147461
2007-11-07,6.664571285247803
2007-11-08,6.448727607727051
2007-11-09,6.262655258178711
2007-11-12,6.166961669921875
2007-11-13,6.389184951782227
2007-11-14,6.313692092895508
2007-11-15,6.272225379943848
2007-11-16,6.331766128540039
2007-11-19,6.238199710845947
2007-11-20,6.242453575134277
2007-11-21,6.158452987670898
2007-11-23,6.228630542755127
2007-11-26,6.101039886474609
2007-11-27,6.176530838012695
2007-11-28,6.430651664733887
2007-11-29,6.391311168670654
2007-11-30,6.330704212188721
2007-12-03,6.281793117523193
2007-12-04,6.258401393890381
2007-12-05,6.421081066131592
2007-12-06,6.510395526885986
2007-12-07,6.50295352935791
2007-12-10,6.547610759735107
2007-12-11,6.407259941101074
2007-12-12,6.472119331359863
2007-12-13,6.482751846313477
2007-12-14,6.409708499908447
2007-12-17,6.276417255401611
2007-12-18,6.296676158905029
2007-12-19,6.335063934326172
2007-12-20,6.42996883392334
2007-12-21,6.50994348526001
2007-12-24,6.578187942504883
2007-12-26,6.5909857749938965
2007-12-27,6.49181604385376
2007-12-28,6.485416889190674
2007-12-31,6.410775184631348
2008-01-02,6.292412281036377
2008-01-03,6.2604193687438965
2008-01-04,5.994905948638916
2008-01-07,5.939456939697266
2008-01-08,5.757114887237549
2008-01-09,5.881875038146973
2008-01-10,5.904268264770508
2008-01-11,5.777374744415283
2008-01-14,5.900003433227539
2008-01-15,5.786971569061279
2008-01-16,5.678205490112305
2008-01-17,5.576902866363525
2008-01-18,5.571573734283447
2008-01-22,5.434016227722168
2008-01-23,5.430816173553467
2008-01-24,5.617426872253418
2008-01-25,5.517189979553223
2008-01-28,5.537448883056641
2008-01-29,5.549178600311279
2008-01-30,5.49692964553833
2008-01-31,5.565173149108887
2008-02-01,5.688868045806885
2008-02-04,5.599296569824219
2008-02-05,5.435081958770752
2008-02-06,5.356173992156982
2008-02-07,5.340179443359375
2008-02-08,5.402026176452637
2008-02-11,5.471338272094727
2008-02-12,5.464940071105957
2008-02-13,5.595032215118408
2008-02-14,5.482001304626465
2008-02-15,5.455343723297119
2008-02-19,5.407361030578613
2008-02-20,5.4596076011657715
2008-02-21,5.430816173553467
2008-02-22,5.444679260253906
2008-02-25,5.491598129272461
2008-02-26,5.54811429977417
2008-02-27,5.5843682289123535
2008-02-28,5.531052112579346
2008-02-29,5.400959014892578
2008-03-03,5.364706993103027
2008-03-04,5.383900165557861
2008-03-05,5.425485610961914
2008-03-06,5.323118209838867
2008-03-07,5.316720485687256
2008-03-10,5.264468669891357
2008-03-11,5.434016227722168
2008-03-12,5.412690162658691
2008-03-13,5.426551342010498
2008-03-14,5.322051048278809
2008-03-17,5.301790714263916
2008-03-18,5.488399028778076
2008-03-19,5.36257266998291
2008-03-20,5.410557746887207
2008-03-24,5.5843682289123535
2008-03-25,5.597166061401367
2008-03-26,5.536384105682373
2008-03-27,5.442548751831055
2008-03-28,5.408425331115723
2008-03-31,5.421220779418945
2008-04-01,5.6120924949646
2008-04-02,5.615292072296143
2008-04-03,5.624887943267822
2008-04-04,5.627022743225098
2008-04-07,5.607827186584473
2008-04-08,5.580103397369385
2008-04-09,5.547046184539795
2008-04-10,5.616359233856201
2008-04-11,5.469204902648926
2008-04-14,5.4382829666137695
2008-04-15,5.44894552230835
2008-04-16,5.608894348144531
2008-04-17,5.662211894989014
2008-04-18,5.784840106964111
2008-04-21,5.831758499145508
2008-04-22,5.758181095123291
2008-04-23,5.826425075531006
2008-04-24,5.903202056884766
2008-04-25,5.8456196784973145
2008-04-28,5.828557968139648
2008-04-29,5.874410152435303
2008-04-30,5.810431957244873
2008-05-01,6.010900974273682
2008-05-02,5.987441062927246
2008-05-05,5.9693121910095215
2008-05-06,6.0780792236328125
2008-05-07,5.938389301300049
2008-05-08,5.983175754547119
2008-05-09,5.956517696380615
2008-05-12,6.02902889251709
2008-05-13,6.037558555603027
2008-05-14,6.0588860511779785
2008-05-15,6.180446624755859
2008-05-16,6.184712886810303
2008-05-19,6.153789520263672
2008-05-20,6.077013969421387
2008-05-21,5.962917327880859
2008-05-22,5.9885077476501465
2008-05-23,5.955450534820557
2008-05-27,6.063149452209473
2008-05-28,6.0962066650390625
2008-05-29,6.150589942932129
2008-05-30,6.180446624755859
2008-06-02,6.101540565490723
2008-06-03,6.094076156616211
2008-06-04,6.130330562591553
2008-06-05,6.2390947341918945
2008-06-06,6.07274866104126
2008-06-09,6.05142068862915
2008-06-10,6.026895999908447
2008-06-11,5.87867546081543
2008-06-12,5.928792953491211
2008-06-13,6.024763584136963
2008-06-16,6.074881553649902
2008-06-17,6.043956756591797
2008-06-18,5.968247413635254
2008-06-19,6.036492824554443
2008-06-20,5.864814758300781
2008-06-23,5.8552165031433105
2008-06-24,5.816829204559326
2008-06-25,5.903202056884766
2008-06-26,5.706996440887451
2008-06-27,5.680339336395264
2008-06-30,5.625953674316406
2008-07-01,5.636618614196777
2008-07-02,5.539581775665283
2008-07-03,5.532118320465088
2008-07-07,5.556643486022949
2008-07-08,5.613160133361816
2008-07-09,5.453208923339844
2008-07-10,5.515056610107422
2008-07-11,5.464940071105957
2008-07-14,5.377501487731934
2008-07-15,5.414821624755859
2008-07-16,5.539581775665283
2008-07-17,5.631288051605225
2008-07-18,5.545980453491211
2008-07-21,5.517189979553223
2008-07-22,5.521455764770508
2008-07-23,5.596098899841309
2008-07-24,5.488399028778076
2008-07-25,5.555577754974365
2008-07-28,5.427618503570557
2008-07-29,5.565173149108887
2008-07-30,5.591832160949707
2008-07-31,5.5523786544799805
2008-08-01,5.5331854820251465
2008-08-04,5.506527900695801
2008-08-05,5.641949653625488
2008-08-06,5.720859527587891
2008-08-07,5.714461326599121
2008-08-08,5.833889007568359
2008-08-11,5.880808353424072
2008-08-12,5.876542568206787
2008-08-13,5.863746166229248
2008-08-14,5.9117326736450195
2008-08-15,5.9181294441223145
2008-08-18,5.841355323791504
2008-08-19,5.784840106964111
2008-08-20,5.775242328643799
2008-08-21,5.754981517791748
2008-08-22,5.831758499145508
2008-08-25,5.734721660614014
2008-08-26,5.734721660614014
2008-08-27,5.782705307006836
2008-08-28,5.789104461669922
2008-08-29,5.6984663009643555
2008-09-02,5.615292072296143
2008-09-03,5.527852535247803
2008-09-04,5.340179443359375
2008-09-05,5.331649303436279
2008-09-08,5.364706993103027
2008-09-09,5.241011619567871
2008-09-10,5.281530857086182
2008-09-11,5.335914134979248
2008-09-12,5.340179443359375
2008-09-15,5.152505874633789
2008-09-16,5.162102222442627
2008-09-17,4.929642200469971
2008-09-18,5.116250514984131
2008-09-19,5.284730911254883
2008-09-22,5.093856334686279
2008-09-23,5.053337097167969
2008-09-24,5.072529315948486
2008-09-25,5.163168430328369
2008-09-26,5.179162979125977
2008-09-29,4.76542854309082
2008-09-30,4.947771072387695
2008-10-01,4.86353063583374
2008-10-02,4.6385345458984375
2008-10-03,4.579887390136719
2008-10-06,4.40287446975708
2008-10-07,4.132027626037598
2008-10-08,4.097906589508057
2008-10-09,3.9944705963134766
2008-10-10,3.9560840129852295
2008-10-13,4.390078544616699
2008-10-14,4.218400478363037
2008-10-15,3.8835721015930176
2008-10-16,4.077644348144531
2008-10-17,4.068048000335693
2008-10-20,4.194941520690918
2008-10-21,3.97314453125
2008-10-22,3.8142614364624023
2008-10-23,3.7844040393829346
2008-10-24,3.675638437271118
2008-10-27,3.5796682834625244
2008-10-28,3.949685573577881
2008-10-29,3.9411537647247314
2008-10-30,4.023262977600098
2008-10-31,4.059515476226807
2008-11-03,4.028594017028809
2008-11-04,4.165084362030029
2008-11-05,3.944352865219116
2008-11-06,3.736419439315796
2008-11-07,3.8238584995269775
2008-11-10,3.756680965423584
2008-11-11,3.672441005706787
2008-11-12,3.4943628311157227
2008-11-13,3.6990981101989746
2008-11-14,3.5124893188476562
2008-11-17,3.4282500743865967
2008-11-18,3.457041025161743
2008-11-19,3.2683002948760986
2008-11-20,3.121147632598877
2008-11-21,3.277897834777832
2008-11-24,3.4666378498077393
2008-11-25,3.4517099857330322
2008-11-26,3.5935311317443848
2008-11-28,3.5871329307556152
2008-12-01,3.326948881149292
2008-12-02,3.434647798538208
2008-12-03,3.514622449874878
2008-12-04,3.387728452682495
2008-12-05,3.517822504043579
2008-12-08,3.674571990966797
2008-12-09,3.674571990966797
2008-12-10,3.6713740825653076
2008-12-11,3.5636744499206543
2008-12-12,3.639383554458618
2008-12-15,3.5924646854400635
2008-12-16,3.7556138038635254
2008-12-17,3.719357967376709
2008-12-18,3.6244544982910156
2008-12-19,3.675638437271118
2008-12-22,3.5847814083099365
2008-12-23,3.554638624191284
2008-12-24,3.5621752738952637
2008-12-26,3.5664803981781006
2008-12-29,3.5395684242248535
2008-12-30,3.626765489578247
2008-12-31,3.6655192375183105
2009-01-02,3.813002347946167
2009-01-05,3.810849666595459
2009-01-06,3.9303412437438965
2009-01-07,3.7957777976989746
2009-01-08,3.828073501586914
2009-01-09,3.7387213706970215
2009-01-12,3.6762852668762207
2009-01-13,3.6752076148986816
2009-01-14,3.5481793880462646
2009-01-15,3.5686330795288086
2009-01-16,3.603081226348877
2009-01-20,3.415769100189209
2009-01-21,3.5858566761016846
2009-01-22,3.5083489418029785
2009-01-23,3.554638624191284
2009-01-26,3.583704710006714
2009-01-27,3.6407597064971924
2009-01-28,3.7505643367767334
2009-01-29,3.6364548206329346
2009-01-30,3.5417206287384033
2009-02-02,3.58801007270813
2009-02-03,3.6461410522460938
2009-02-04,3.6655192375183105
2009-02-05,3.7376458644866943
2009-02-06,3.864675998687744
2009-02-09,3.88082218170166
2009-02-10,3.7290329933166504
2009-02-11,3.7376458644866943
2009-02-12,3.763481855392456
2009-02-13,3.7591750621795654
2009-02-17,3.5923149585723877
2009-02-18,3.606311082839966
2009-02-19,3.494354486465454
2009-02-20,3.494354486465454
2009-02-23,3.3501012325286865
2009-02-24,3.4480648040771484
2009-02-25,3.453446865081787
2009-02-26,3.412539005279541
2009-02-27,3.3985445499420166
2009-03-02,3.286587953567505
2009-03-03,3.294123411178589
2009-03-04,3.3705556392669678
2009-03-05,3.258598566055298
2009-03-06,3.240297317504883
2009-03-09,3.1606361865997314
2009-03-10,3.3554844856262207
2009-03-11,3.4491403102874756
2009-03-12,3.5374138355255127
2009-03-13,3.5417206287384033
2009-03-16,3.4835896492004395
2009-03-17,3.6020045280456543
2009-03-18,3.667670726776123
2009-03-19,3.6784379482269287
2009-03-20,3.611693859100342
2009-03-23,3.834531307220459
2009-03-24,3.7785518169403076
2009-03-25,3.7968547344207764
2009-03-26,3.924957752227783
2009-03-27,3.828073501586914
2009-03-30,3.7279574871063232
2009-03-31,3.7925491333007812
2009-04-01,3.8775923252105713
2009-04-02,3.991701126098633
2009-04-03,4.062753200531006
2009-04-06,4.0089263916015625
2009-04-07,3.9098873138427734
2009-04-08,3.974477529525757
2009-04-09,4.107964992523193
2009-04-13,4.09397029876709
2009-04-14,4.049835205078125
2009-04-15,4.030455589294434
2009-04-16,4.1488752365112305
2009-04-17,4.154254913330078
2009-04-20,4.023997783660889
2009-04-21,4.097199440002441
2009-04-22,4.114424705505371
2009-04-23,4.127342700958252
2009-04-24,4.22422981262207
2009-04-27,4.199467182159424
2009-04-28,4.169325351715088
2009-04-29,4.260829925537109
2009-04-30,4.283434867858887
2009-05-01,4.311426162719727
2009-05-04,4.390011310577393
2009-05-05,4.37063455581665
2009-05-06,4.372786998748779
2009-05-07,4.239299774169922
2009-05-08,4.246835708618164
2009-05-11,4.250063419342041
2009-05-12,4.220998287200928
2009-05-13,4.111195087432861
2009-05-14,4.16717529296875
2009-05-15,4.172554969787598
2009-05-18,4.281285762786865
2009-05-19,4.3081955909729
2009-05-20,4.279130458831787
2009-05-21,4.219922065734863
2009-05-22,4.200544834136963
2009-05-26,4.336185932159424
2009-05-27,4.30388879776001
2009-05-28,4.35986852645874
2009-05-29,4.39431619644165
2009-06-01,4.554717063903809
2009-06-02,4.529958248138428
2009-06-03,4.505196571350098
2009-06-04,4.577323913574219
2009-06-05,4.601008892059326
2009-06-08,4.58270788192749
2009-06-09,4.631149768829346
2009-06-10,4.623615264892578
2009-06-11,4.648374557495117
2009-06-12,4.636531829833984
2009-06-15,4.559023380279541
2009-06-16,4.504120826721191
2009-06-17,4.533185958862305
2009-06-18,4.519193172454834
2009-06-19,4.564406871795654
2009-06-22,4.433072090148926
2009-06-23,4.433072090148926
2009-06-24,4.496586322784424
2009-06-25,4.578400611877441
2009-06-26,4.584858417510986
2009-06-29,4.60638952255249
2009-06-30,4.583781719207764
2009-07-01,4.613924980163574
2009-07-02,4.511656284332275
2009-07-06,4.484744071960449
2009-07-07,4.373864650726318
2009-07-08,4.374940395355225
2009-07-09,4.391087055206299
2009-07-10,4.414770126342773
2009-07-13,4.496586322784424
2009-07-14,4.5170392990112305
2009-07-15,4.712964057922363
2009-07-16,4.791548728942871
2009-07-17,4.83030366897583
2009-07-20,4.879824638366699
2009-07-21,4.902431011199951
2009-07-22,4.9314961433410645
2009-07-23,5.021922588348389
2009-07-24,5.001469612121582
2009-07-27,4.989626407623291
2009-07-28,5.002544403076172
2009-07-29,4.986397743225098
2009-07-30,5.016538619995117
2009-07-31,5.00792932510376
2009-08-03,5.075748920440674
2009-08-04,5.074671268463135
2009-08-05,5.033764362335205
2009-08-06,4.991782188415527
2009-08-07,5.05098819732666
2009-08-10,5.021922588348389
2009-08-11,4.976708889007568
2009-08-12,5.052065372467041
2009-08-13,5.102662563323975
2009-08-14,5.043452739715576
2009-08-17,4.9110426902771
2009-08-18,4.988550186157227
2009-08-19,5.017618179321289
2009-08-20,5.071443557739258
2009-08-21,5.136032581329346
2009-08-24,5.129574775695801
2009-08-25,5.1349568367004395
2009-08-26,5.1511030197143555
2009-08-27,5.16832971572876
2009-08-28,5.178015232086182
2009-08-31,5.133880138397217
2009-09-01,5.0229997634887695
2009-09-02,5.026229381561279
2009-09-03,5.068212509155273
2009-09-04,5.150029182434082
2009-09-08,5.192012310028076
2009-09-09,5.23615026473999
2009-09-10,5.310426712036133
2009-09-11,5.297509670257568
2009-09-14,5.305045127868652
2009-09-15,5.341647148132324
2009-09-16,5.393320083618164
2009-09-17,5.383631229400635
2009-09-18,5.386859893798828
2009-09-21,5.390089511871338
2009-09-22,5.420231819152832
2009-09-23,5.400855541229248
2009-09-24,5.357795238494873
2009-09-25,5.3201165199279785
2009-09-28,5.4180803298950195
2009-09-29,5.371788501739502
2009-09-30,5.371788501739502
2009-10-01,5.22538423538208
2009-10-02,5.200623512268066
2009-10-05,5.251219272613525
2009-10-06,5.354564189910889
2009-10-07,5.375018119812012
2009-10-08,5.394394874572754
2009-10-09,5.465446472167969
2009-10-12,5.4772868156433105
2009-10-13,5.481592655181885
2009-10-14,5.566636085510254
2009-10-15,5.54618501663208
2009-10-16,5.4912800788879395
2009-10-19,5.545107364654541
2009-10-20,5.545107364654541
2009-10-21,5.5235772132873535
2009-10-22,5.545107364654541
2009-10-23,5.528960227966309
2009-10-26,5.502047061920166
2009-10-27,5.448221206665039
2009-10-28,5.343798637390137
2009-10-29,5.448221206665039
2009-10-30,5.308274269104004
2009-11-02,5.324423789978027
2009-11-03,5.32334566116333
2009-11-04,5.357795238494873
2009-11-05,5.482669353485107
2009-11-06,5.4923577308654785
2009-11-09,5.606468200683594
2009-11-10,5.6053924560546875
2009-11-11,5.6441473960876465
2009-11-12,5.609697341918945
2009-11-13,5.662446022033691
2009-11-16,5.720577239990234
2009-11-17,5.755025386810303
2009-11-18,5.71842622756958
2009-11-19,5.630150318145752
2009-11-20,5.591398239135742
2009-11-23,5.678593635559082
2009-11-24,5.65275764465332
2009-11-25,5.666752815246582
2009-11-27,5.5763258934021
2009-11-30,5.586015224456787
2009-12-01,5.669982433319092
2009-12-02,5.669982433319092
2009-12-03,5.653834819793701
2009-12-04,5.708737850189209
2009-12-07,5.691511631011963
2009-12-08,5.651680946350098
2009-12-09,5.703353404998779
2009-12-10,5.715196132659912
2009-12-11,5.700124740600586
2009-12-14,5.759331703186035
2009-12-15,5.732418537139893
2009-12-16,5.762563228607178
2009-12-17,5.697970867156982
2009-12-18,5.783016681671143
2009-12-21,5.843301296234131
2009-12-22,5.872500419616699
2009-12-23,5.915761470794678
2009-12-24,5.971998691558838
2009-12-28,5.981731414794922
2009-12-29,5.977407932281494
2009-12-30,6.000118255615234
2009-12-31,5.934146404266357
2010-01-04,6.034725189208984
2010-01-05,6.02823543548584
2010-01-06,5.986057758331299
2010-01-07,5.963346481323242
2010-01-08,6.009850978851318
2010-01-11,5.983894348144531
2010-01-12,5.904943943023682
2010-01-13,5.9698357582092285
2010-01-14,6.007687091827393
2010-01-15,5.933065414428711
2010-01-19,6.015256404876709
2010-01-20,5.937390327453613
2010-01-21,5.8789896965026855
2010-01-22,5.658366680145264
2010-01-25,5.69405460357666
2010-01-26,5.69405460357666
2010-01-27,5.727580547332764
2010-01-28,5.574010372161865
2010-01-29,5.4485578536987305
2010-02-01,5.536155700683594
2010-02-02,5.583741664886475
2010-02-03,5.5999650955200195
2010-02-04,5.4355788230896
2010-02-05,5.486410140991211
2010-02-08,5.458290100097656
2010-02-09,5.517770767211914
2010-02-10,5.505875587463379
2010-02-11,5.578335762023926
2010-02-12,5.591312408447266
2010-02-16,5.6713433265686035
2010-02-17,5.697300434112549
2010-02-18,5.747049331665039
2010-02-19,5.740559101104736
2010-02-22,5.728662967681885
2010-02-23,5.651876449584961
2010-02-24,5.704870223999023
2010-02-25,5.687565326690674
2010-02-26,5.69405460357666
2010-03-01,5.785983085632324
2010-03-02,5.78381872177124
2010-03-03,5.7870635986328125
2010-03-04,5.814100742340088
2010-03-05,5.887641429901123
2010-03-08,5.914677619934082
2010-03-09,5.937390327453613
2010-03-10,5.986057758331299
2010-03-11,6.003360748291016
2010-03-12,6.003360748291016
2010-03-15,5.983894348144531
2010-03-16,6.02823543548584
2010-03-17,6.062845706939697
2010-03-18,6.062845706939697
2010-03-19,6.0087690353393555
2010-03-22,6.065005302429199
2010-03-23,6.126651763916016
2010-03-24,6.079066276550293
2010-03-25,6.088800430297852
2010-03-26,6.0833916664123535
2010-03-29,6.080147743225098
2010-03-30,6.112590789794922
2010-03-31,6.075821876525879
2010-04-01,6.074739456176758
2010-04-05,6.15801477432251
2010-04-06,6.16558313369751
2010-04-07,6.150444984436035
2010-04-08,6.151526927947998
2010-04-09,6.1991119384765625
2010-04-12,6.2239837646484375
2010-04-13,6.243452548980713
2010-04-14,6.354846000671387
2010-04-15,6.386209487915039
2010-04-16,6.306179046630859
2010-04-19,6.300771713256836
2010-04-20,6.341867923736572
2010-04-21,6.366743087768555
2010-04-22,6.390533924102783
2010-04-23,6.416491508483887
2010-04-26,6.407841682434082
2010-04-27,6.274814605712891
2010-04-28,6.2910380363464355
2010-04-29,6.350519180297852
2010-04-30,6.209926605224609
2010-05-03,6.295365810394287
2010-05-04,6.10610294342041
2010-05-05,6.063924312591553
2010-05-06,5.847625255584717
2010-05-07,5.726498603820801
2010-05-10,6.004441738128662
2010-05-11,5.983894348144531
2010-05-12,6.130977630615234
2010-05-13,6.052028179168701
2010-05-14,5.917923927307129
2010-05-17,5.930900573730469
2010-05-18,5.838973522186279
2010-05-19,5.801123142242432
2010-05-20,5.590232849121094
2010-05-21,5.649714946746826
2010-05-24,5.612942218780518
2010-05-25,5.602128028869629
2010-05-26,5.563194751739502
2010-05-27,5.7686767578125
2010-05-28,5.713521957397461
2010-06-01,5.625922203063965
2010-06-02,5.766514778137207
2010-06-03,5.838973522186279
2010-06-04,5.634572505950928
2010-06-07,5.518852233886719
2010-06-08,5.522098064422607
2010-06-09,5.4810004234313965
2010-06-10,5.625922203063965
2010-06-11,5.6929731369018555
2010-06-14,5.678913593292236
2010-06-15,5.850870609283447
2010-06-16,5.861685752868652
2010-06-17,5.880072593688965
2010-06-18,5.887641429901123
2010-06-21,5.841137409210205
2010-06-22,5.777329444885254
2010-06-23,5.753536701202393
2010-06-24,5.646469593048096
2010-06-25,5.651876449584961
2010-06-28,5.654038906097412
2010-06-29,5.4269256591796875
2010-06-30,5.34906005859375
2010-07-01,5.325267314910889
2010-07-02,5.313370227813721
2010-07-06,5.338245391845703
2010-07-07,5.53939962387085
2010-07-08,5.568602561950684
2010-07-09,5.606453895568848
2010-07-12,5.6421427726745605
2010-07-13,5.737314224243164
2010-07-14,5.781655311584473
2010-07-15,5.777329444885254
2010-07-16,5.603209018707275
2010-07-19,5.665936470031738
2010-07-20,5.709194183349609
2010-07-21,5.6215949058532715
2010-07-22,5.7794904708862305
2010-07-23,5.832488059997559
2010-07-26,5.876827716827393
2010-07-27,5.8811540603637695
2010-07-28,5.814100742340088
2010-07-29,5.755700588226318
2010-07-30,5.734071254730225
2010-08-02,5.84546422958374
2010-08-03,5.816263198852539
2010-08-04,5.866012096405029
2010-08-05,5.834649562835693
2010-08-06,5.819507598876953
2010-08-09,5.854115962982178
2010-08-10,5.773003578186035
2010-08-11,5.617269039154053
2010-08-12,5.523179054260254
2010-08-13,5.486410140991211
2010-08-16,5.509120941162109
2010-08-17,5.580498695373535
2010-08-18,5.604292869567871
2010-08-19,5.533994197845459
2010-08-20,5.529668807983398
2010-08-23,5.475592613220215
2010-08-24,5.387993335723877
2010-08-25,5.423682689666748
2010-08-26,5.370689868927002
2010-08-27,5.446394443511963
2010-08-30,5.375014781951904
2010-08-31,5.337162017822266
2010-09-01,5.48965311050415
2010-09-02,5.545889854431152
2010-09-03,5.637816905975342
2010-09-07,5.583741664886475
2010-09-08,5.606453895568848
2010-09-09,5.616188049316406
2010-09-10,5.614024639129639
2010-09-13,5.736232757568359
2010-09-14,5.7643513679504395
2010-09-15,5.792471408843994
2010-09-16,5.830322265625
2010-09-17,5.854115962982178
2010-09-20,5.947124004364014
2010-09-21,5.934146404266357
2010-09-22,5.904943943023682
2010-09-23,5.901702404022217
2010-09-24,6.030399322509766
2010-09-27,6.024991035461426
2010-09-28,6.036886692047119
2010-09-29,6.042294502258301
2010-09-30,6.013095378875732
2010-10-01,6.013095378875732
2010-10-04,5.943880558013916
2010-10-05,6.070413589477539
2010-10-06,6.023911476135254
2010-10-07,6.039051055908203
2010-10-08,6.079066276550293
2010-10-11,6.085555076599121
2010-10-12,6.1298956871032715
2010-10-13,6.18937873840332
2010-10-14,6.190461158752441
2010-10-15,6.299692153930664
2010-10-18,6.318075656890869
2010-10-19,6.2185773849487305
2010-10-20,6.2629194259643555
2010-10-21,6.270491123199463
2010-10-22,6.316995143890381
2010-10-25,6.347276210784912
2010-10-26,6.3526835441589355
2010-10-27,6.391617298126221
2010-10-28,6.388372898101807
2010-10-29,6.398105621337891
2010-11-01,6.405675888061523
2010-11-02,6.466241836547852
2010-11-03,6.504094123840332
2010-11-04,6.607915878295898
2010-11-05,6.614404201507568
2010-11-08,6.62630033493042
2010-11-09,6.5916924476623535
2010-11-10,6.614404201507568
2010-11-11,6.509499549865723
2010-11-12,6.417572975158691
2010-11-15,6.391617298126221
2010-11-16,6.282387733459473
2010-11-17,6.283467769622803
2010-11-18,6.395943641662598
2010-11-19,6.417572975158691
2010-11-22,6.459751605987549
2010-11-23,6.371068954467773
2010-11-24,6.484625816345215
2010-11-26,6.461913108825684
2010-11-29,6.419735908508301
2010-11-30,6.337541580200195
2010-12-01,6.48029899597168
2010-12-02,6.564655780792236
2010-12-03,6.590610980987549
2010-12-06,6.600345134735107
2010-12-07,6.602509021759033
2010-12-08,6.655501365661621
2010-12-09,6.658745765686035
2010-12-10,6.700925350189209
2010-12-13,6.674967288970947
2010-12-14,6.667397499084473
2010-12-15,6.636035442352295
2010-12-16,6.657665729522705
2010-12-17,6.681457996368408
2010-12-20,6.673885345458984
2010-12-21,6.713901042938232
2010-12-22,6.714118957519531
2010-12-23,6.704328536987305
2010-12-27,6.72064733505249
2010-12-28,6.713029861450195
2010-12-29,6.721733570098877
2010-12-30,6.715208530426025
2010-12-31,6.692364692687988
2011-01-03,6.768510818481445
2011-01-04,6.777213096618652
2011-01-05,6.825078964233398
2011-01-06,6.883822917938232
2011-01-07,6.867503643035889
2011-01-10,6.889260292053223
2011-01-11,6.901227951049805
2011-01-12,6.964319705963135
2011-01-13,6.957795143127441
2011-01-14,7.02415132522583
2011-01-18,7.055700302124023
2011-01-19,6.982815265655518
2011-01-20,6.9186320304870605
2011-01-21,6.878384113311768
2011-01-24,6.977376937866211
2011-01-25,6.987165927886963
2011-01-26,7.038292407989502
2011-01-27,7.070930480957031
2011-01-28,6.909930229187012
2011-01-31,6.955618858337402
2011-02-01,7.089422225952148
2011-02-02,7.1122660636901855
2011-02-03,7.120970249176025
2011-02-04,7.178627014160156
2011-02-07,7.219964027404785
2011-02-08,7.249335765838623
2011-02-09,7.229752540588379
2011-02-10,7.204734802246094
2011-02-11,7.237368106842041
2011-02-14,7.260211944580078
2011-02-15,7.224318027496338
2011-02-16,7.279792785644531
2011-02-17,7.293934345245361
2011-02-18,7.289586067199707
2011-02-22,7.089422225952148
2011-02-23,6.987165927886963
2011-02-24,7.018712043762207
2011-02-25,7.120970249176025
2011-02-28,7.125321865081787
2011-03-01,6.996955871582031
2011-03-02,7.035031318664551
2011-03-03,7.160128593444824
2011-03-04,7.118794918060303
2011-03-07,7.0110979080200195
2011-03-08,7.06222677230835
2011-03-09,7.005659580230713
2011-03-10,6.859890460968018
2011-03-11,6.902315616607666
2011-03-14,6.867503643035889
2011-03-15,6.77177619934082
2011-03-16,6.600986003875732
2011-03-17,6.656465530395508
2011-03-18,6.671694278717041
2011-03-21,6.804407596588135
2011-03-22,6.785916328430176
2011-03-23,6.826165199279785
2011-03-24,6.93494987487793
2011-03-25,6.956705570220947
2011-03-28,6.921896457672119
2011-03-29,6.96649694442749
2011-03-30,6.991516590118408
2011-03-31,6.987165927886963
2011-04-01,6.96649694442749
2011-04-04,6.936037063598633
2011-04-05,6.9403886795043945
2011-04-06,6.989342212677002
2011-04-07,6.982815265655518
2011-04-08,6.943652153015137
2011-04-11,6.924071788787842
2011-04-12,6.856626033782959
2011-04-13,6.908842086791992
2011-04-14,6.891435146331787
2011-04-15,6.874032020568848
2011-04-18,6.810937404632568
2011-04-19,6.838132381439209
2011-04-20,7.0067458152771
2011-04-21,7.067666053771973
2011-04-25,7.0872483253479
2011-04-26,7.139462947845459
2011-04-27,7.17427396774292
2011-04-28,7.17535924911499
2011-04-29,7.200379371643066
2011-05-02,7.154691219329834
2011-05-03,7.11770486831665
2011-05-04,7.097037315368652
2011-05-05,7.0665764808654785
2011-05-06,7.097037315368652
2011-05-09,7.127498149871826
2011-05-10,7.190593242645264
2011-05-11,7.130760669708252
2011-05-12,7.17535924911499
2011-05-13,7.091599941253662
2011-05-16,6.977376937866211
2011-05-17,6.956705570220947
2011-05-18,7.02415132522583
2011-05-19,7.035031318664551
2011-05-20,6.991516590118408
2011-05-23,6.87729549407959
2011-05-24,6.841397285461426
2011-05-25,6.880557537078857
2011-05-26,6.928421974182129
2011-05-27,6.96649694442749
2011-05-31,7.069842338562012
2011-06-01,6.913194179534912
2011-06-02,6.9186320304870605
2011-06-03,6.816375732421875
2011-06-06,6.758720397949219
2011-06-07,6.743492603302002
2011-06-08,6.679307460784912
2011-06-09,6.690186023712158
2011-06-10,6.5933709144592285
2011-06-13,6.580314636230469
2011-06-14,6.6738715171813965
2011-06-15,6.555294036865234
2011-06-16,6.5161333084106445
2011-06-17,6.498728275299072
2011-06-20,6.522660255432129
2011-06-21,6.658638954162598
2011-06-22,6.612950325012207
2011-06-23,6.680395603179932
2011-06-24,6.5705246925354
2011-06-27,6.655374526977539
2011-06-28,6.746753692626953
2011-06-29,6.793530464172363
2011-06-30,6.891435146331787
2011-07-01,7.003483295440674
2011-07-05,7.018712043762207
2011-07-06,7.0469970703125
2011-07-07,7.145988941192627
2011-07-08,7.111181259155273
2011-07-11,6.975200176239014
2011-07-12,6.899051189422607
2011-07-13,6.91536808013916
2011-07-14,6.847923278808594
2011-07-15,6.93386173248291
2011-07-18,6.892525672912598
2011-07-19,7.079632759094238
2011-07-20,7.0469970703125
2011-07-21,7.074192523956299
2011-07-22,7.159043312072754
2011-07-25,7.139462947845459
2011-07-26,7.161219120025635
2011-07-27,6.943652153015137
2011-07-28,6.942563533782959
2011-07-29,6.881646156311035
2011-08-01,6.859890460968018
2011-08-02,6.707592010498047
2011-08-03,6.798970699310303
2011-08-04,6.480234146118164
2011-08-05,6.421490669250488
2011-08-08,6.030959606170654
2011-08-09,6.3050947189331055
2011-08-10,6.062505722045898
2011-08-11,6.3290252685546875
2011-08-12,6.380154132843018
2011-08-15,6.499815464019775
2011-08-16,6.42257833480835
2011-08-17,6.367100238800049
2011-08-18,6.017905235290527
2011-08-19,5.8612565994262695
2011-08-22,5.894979000091553
2011-08-23,6.14083194732666
2011-08-24,6.183256149291992
2011-08-25,6.089700698852539
2011-08-26,6.225680351257324
2011-08-29,6.419315814971924
2011-08-30,6.438897609710693
2011-08-31,6.43998384475708
2011-09-01,6.360572338104248
2011-09-02,6.198485851287842
2011-09-06,6.16585111618042
2011-09-07,6.343166351318359
2011-09-08,6.307268142700195
2011-09-09,6.163674831390381
2011-09-12,6.241999626159668
2011-09-13,6.330114841461182
2011-09-14,6.441073894500732
2011-09-15,6.548768043518066
2011-09-16,6.59772253036499
2011-09-19,6.591193199157715
2011-09-20,6.55203104019165
2011-09-21,6.462831497192383
2011-09-22,6.240910053253174
2011-09-23,6.318147659301758
2011-09-26,6.399734973907471
2011-09-27,6.484586238861084
2011-09-28,6.3692755699157715
2011-09-29,6.3507819175720215
2011-09-30,6.174551010131836
2011-10-03,6.007026672363281
2011-10-04,6.171288013458252
2011-10-05,6.315971374511719
2011-10-06,6.432369232177734
2011-10-07,6.386680603027344
2011-10-10,6.602071285247803
2011-10-11,6.641235828399658
2011-10-12,6.696715831756592
2011-10-13,6.7619853019714355
2011-10-14,6.902315616607666
2011-10-17,6.768510818481445
2011-10-18,6.846835136413574
2011-10-19,6.685834884643555
2011-10-20,6.65972900390625
2011-10-21,6.7532806396484375
2011-10-24,6.904490947723389
2011-10-25,6.777213096618652
2011-10-26,6.814200401306152
2011-10-27,7.041558265686035
2011-10-28,7.065489768981934
2011-10-31,6.932775020599365
2011-11-01,6.7326130867004395
2011-11-02,6.8087615966796875
2011-11-03,6.98607873916626
2011-11-04,6.961057186126709
2011-11-07,6.988253593444824
2011-11-08,7.074192523956299
2011-11-09,6.8120245933532715
2011-11-10,6.817464351654053
2011-11-11,6.964319705963135
2011-11-14,6.91536808013916
2011-11-15,7.0132737159729
2011-11-16,6.904490947723389
2011-11-17,6.751105308532715
2011-11-18,6.706504821777344
2011-11-21,6.578139781951904
2011-11-22,6.553118705749512
2011-11-23,6.388856410980225
2011-11-25,6.351868629455566
2011-11-28,6.569436550140381
2011-11-29,6.530275821685791
2011-11-30,6.794619083404541
2011-12-01,6.829430103302002
2011-12-02,6.831605434417725
2011-12-05,6.919720649719238
2011-12-06,6.917544841766357
2011-12-07,6.920808792114258
2011-12-08,6.794619083404541
2011-12-09,6.928421974182129
2011-12-12,6.827254295349121
2011-12-13,6.7445783615112305
2011-12-14,6.628181457519531
2011-12-15,6.606423377990723
2011-12-16,6.626004219055176
2011-12-19,6.545503616333008
2011-12-20,6.747842311859131
2011-12-21,6.614628314971924
2011-12-22,6.6990532875061035
2011-12-23,6.760450839996338
2011-12-27,6.775799751281738
2011-12-28,6.690280914306641
2011-12-29,6.754969596862793
2011-12-30,6.7286553382873535
2012-01-03,6.822947978973389
2012-01-04,6.82952356338501
2012-01-05,6.879958152770996
2012-01-06,6.884344577789307
2012-01-09,6.884344577789307
2012-01-10,6.919430732727051
2012-01-11,6.9391655921936035
2012-01-12,6.974249362945557
2012-01-13,6.920525550842285
2012-01-17,6.954514980316162
2012-01-18,7.082795143127441
2012-01-19,7.146385669708252
2012-01-20,7.165027618408203
2012-01-23,7.185857772827148
2012-01-24,7.20339822769165
2012-01-25,7.2549285888671875
2012-01-26,7.2242302894592285
2012-01-27,7.2395806312561035
2012-01-30,7.247256278991699
2012-01-31,7.261511325836182
2012-02-01,7.3470306396484375
2012-02-02,7.374439239501953
2012-02-03,7.487370014190674
2012-02-06,7.484079837799072
2012-02-07,7.498334884643555
2012-02-08,7.55205774307251
2012-02-09,7.62113094329834
2012-02-10,7.555346488952637
2012-02-13,7.607974052429199
2012-02-14,7.6167449951171875
2012-02-15,7.5794677734375
2012-02-16,7.7066521644592285
2012-02-17,7.696784019470215
2012-02-21,7.715422630310059
2012-02-22,7.673757076263428
2012-02-23,7.721999168395996
2012-02-24,7.755990982055664
2012-02-27,7.766952037811279
2012-02-28,7.817388534545898
2012-02-29,7.768049716949463
2012-03-01,7.82177209854126
2012-03-02,7.7932658195495605
2012-03-05,7.713227272033691
2012-03-06,7.613458633422852
2012-03-07,7.6814351081848145
2012-03-08,7.772434711456299
2012-03-09,7.813002109527588
2012-03-12,7.819581985473633
2012-03-13,7.977463722229004
2012-03-14,8.011451721191406
2012-03-15,8.039956092834473
2012-03-16,8.041054725646973
2012-03-19,8.098067283630371
2012-03-20,8.08381462097168
2012-03-21,8.082720756530762
2012-03-22,8.056405067443848
2012-03-23,8.067371368408203
2012-03-26,8.202228546142578
2012-03-27,8.19784164428711
2012-03-28,8.171526908874512
2012-03-29,8.156180381774902
2012-03-30,8.133151054382324
2012-04-02,8.216483116149902
2012-04-03,8.201129913330078
2012-04-04,8.081624031066895
2012-04-05,8.105746269226074
2012-04-09,8.046538352966309
2012-04-10,7.924837589263916
2012-04-11,7.967597484588623
2012-04-12,8.080523490905762
2012-04-13,7.957727432250977
2012-04-16,7.878787994384766
2012-04-17,8.050922393798828
2012-04-18,7.991715908050537
2012-04-19,7.899621486663818
2012-04-20,7.849181175231934
2012-04-23,7.7801127433776855
2012-04-24,7.730772495269775
2012-04-25,7.965406894683838
2012-04-26,8.025704383850098
2012-04-27,8.041054725646973
2012-04-30,7.970885276794434
2012-05-01,7.991715908050537
2012-05-02,8.003775596618652
2012-05-03,7.904003620147705
2012-05-04,7.737349033355713
2012-05-07,7.7077484130859375
2012-05-08,7.673757076263428
2012-05-09,7.670470237731934
2012-05-10,7.610165596008301
2012-05-11,7.604686260223389
2012-05-14,7.531227111816406
2012-05-15,7.508202075958252
2012-05-16,7.444608211517334
2012-05-17,7.308655261993408
2012-05-18,7.2088823318481445
2012-05-21,7.416102409362793
2012-05-22,7.400755405426025
2012-05-23,7.413909912109375
2012-05-24,7.349221706390381
2012-05-25,7.333872318267822
2012-05-29,7.435840606689453
2012-05-30,7.371150970458984
2012-05-31,7.318522930145264
2012-06-01,7.115686893463135
2012-06-04,7.142001628875732
2012-06-05,7.204494476318359
2012-06-06,7.385401248931885
2012-06-07,7.35470724105835
2012-06-08,7.42596960067749
2012-06-11,7.294400215148926
2012-06-12,7.366764545440674
2012-06-13,7.3163299560546875
2012-06-14,7.328390598297119
2012-06-15,7.4336466789245605
2012-06-18,7.492849349975586
2012-06-19,7.570694446563721
2012-06-20,7.581661224365234
2012-06-21,7.383211135864258
2012-06-22,7.476407527923584
2012-06-25,7.308655261993408
2012-06-26,7.332775592803955
2012-06-27,7.377728462219238
2012-06-28,7.29878568649292
2012-06-29,7.535614013671875
2012-07-02,7.564118385314941
2012-07-03,7.636484146118164
2012-07-05,7.654022693634033
2012-07-06,7.507104396820068
2012-07-09,7.47421407699585
2012-07-10,7.379920959472656
2012-07-11,7.333872318267822
2012-07-12,7.26041316986084
2012-07-13,7.363476753234863
2012-07-16,7.341546535491943
2012-07-17,7.352510929107666
2012-07-18,7.496142387390137
2012-07-19,7.595916748046875
2012-07-20,7.496142387390137
2012-07-23,7.41062068939209
2012-07-24,7.338259696960449
2012-07-25,7.306462287902832
2012-07-26,7.400755405426025
2012-07-27,7.570694446563721
2012-07-30,7.566308975219727
2012-07-31,7.575078010559082
2012-08-01,7.535614013671875
2012-08-02,7.501622200012207
2012-08-03,7.658410549163818
2012-08-06,7.71980619430542
2012-08-07,7.7976508140563965
2012-08-08,7.805325508117676
2012-08-09,7.834929466247559
2012-08-10,7.857954502105713
2012-08-13,7.8689188957214355
2012-08-14,7.844796180725098
2012-08-15,7.867824077606201
2012-08-16,7.985136985778809
2012-08-17,8.03557300567627
2012-08-20,8.04982852935791
2012-08-21,8.011451721191406
2012-08-22,8.020225524902344
2012-08-23,7.950050354003906
2012-08-24,7.981851577758789
2012-08-27,7.992812156677246
2012-08-28,7.99061918258667
2012-08-29,8.004873275756836
2012-08-30,7.904003620147705
2012-08-31,7.963211536407471
2012-09-04,7.967597484588623
2012-09-05,7.958827018737793
2012-09-06,8.146313667297363
2012-09-07,8.14411735534668
2012-09-10,8.044342994689941
2012-09-11,8.05969524383545
2012-09-12,8.092586517333984
2012-09-13,8.208808898925781
2012-09-14,8.288846015930176
2012-09-17,8.278976440429688
2012-09-18,8.278976440429688
2012-09-19,8.271302223205566
2012-09-20,8.243892669677734
2012-09-21,8.257047653198242
2012-09-24,8.1802978515625
2012-09-25,8.047633171081543
2012-09-26,7.980751037597656
2012-09-27,8.105746269226074
2012-09-28,8.047633171081543
2012-10-01,8.01912784576416
2012-10-02,8.041054725646973
2012-10-03,8.068466186523438
2012-10-04,8.087106704711914
2012-10-05,8.033379554748535
2012-10-08,7.946765422821045
2012-10-09,7.8458967208862305
2012-10-10,7.805325508117676
2012-10-11,7.785590171813965
2012-10-12,7.795459747314453
2012-10-15,7.842605113983154
2012-10-16,7.974173069000244
2012-10-17,7.917161464691162
2012-10-18,7.8009443283081055
2012-10-19,7.625514984130859
2012-10-22,7.685819149017334
2012-10-23,7.610165596008301
2012-10-24,7.566308975219727
2012-10-25,7.554250240325928
2012-10-26,7.570694446563721
2012-10-31,7.5246453285217285
2012-11-01,7.668277740478516
2012-11-02,7.559730529785156
2012-11-05,7.614553451538086
2012-11-06,7.662797451019287
2012-11-07,7.46105432510376
2012-11-08,7.355801105499268
2012-11-09,7.39198112487793
2012-11-12,7.367859840393066
2012-11-13,7.322908401489258
2012-11-14,7.245064735412598
2012-11-15,7.204494476318359
2012-11-16,7.234098434448242
2012-11-19,7.429257869720459
2012-11-20,7.393076419830322
2012-11-21,7.429257869720459
2012-11-23,7.545477867126465
2012-11-26,7.595916748046875
2012-11-27,7.567406177520752
2012-11-28,7.62113094329834
2012-11-29,7.657310485839844
2012-11-30,7.644158840179443
2012-12-03,7.625514984130859
2012-12-04,7.6189374923706055
2012-12-05,7.541094779968262
2012-12-06,7.591526508331299
2012-12-07,7.556440830230713
2012-12-10,7.586045265197754
2012-12-11,7.695688724517822
2012-12-12,7.662797451019287
2012-12-13,7.606880187988281
2012-12-14,7.541094779968262
2012-12-17,7.638674259185791
2012-12-18,7.766952037811279
2012-12-19,7.7417378425598145
2012-12-20,7.745396614074707
2012-12-21,7.679934978485107
2012-12-24,7.651090145111084
2012-12-26,7.607819080352783
2012-12-27,7.596724510192871
2012-12-28,7.514620780944824
2012-12-31,7.667731761932373
2013-01-02,7.904057502746582
2013-01-03,7.857452869415283
2013-01-04,7.823062896728516
2013-01-07,7.810856819152832
2013-01-08,7.79088830947876
2013-01-09,7.817517280578613
2013-01-10,7.853021621704102
2013-01-11,7.881865501403809
2013-01-14,7.83637809753418
2013-01-15,7.797542095184326
2013-01-16,7.83637809753418
2013-01-17,7.87853479385376
2013-01-18,7.851907253265381
2013-01-22,7.869658946990967
2013-01-23,7.955093860626221
2013-01-24,7.830828666687012
2013-01-25,7.849689960479736
2013-01-28,7.876314640045166
2013-01-29,7.8485822677612305
2013-01-30,7.83637809753418
2013-01-31,7.837484359741211
2013-02-01,7.925137042999268
2013-02-04,7.804201602935791
2013-02-05,7.908495903015137
2013-02-06,7.90627384185791
2013-02-07,7.908495903015137
2013-02-08,7.98726749420166
2013-02-11,7.995032787322998
2013-02-12,7.965080261230469
2013-02-13,7.962858200073242
2013-02-14,7.979500770568848
2013-02-15,7.972845077514648
2013-02-19,8.019444465637207
2013-02-20,7.896289825439453
2013-02-21,7.813075065612793
2013-02-22,7.904057502746582
2013-02-25,7.787559986114502
2013-02-26,7.82971715927124
2013-02-27,7.897397041320801
2013-02-28,7.87853479385376
2013-03-01,7.891851425170898
2013-03-04,7.907384872436523
2013-03-05,8.02499008178711
2013-03-06,8.022770881652832
2013-03-07,8.05716609954834
2013-03-08,8.067152976989746
2013-03-11,8.09045124053955
2013-03-12,8.053839683532715
2013-03-13,8.05494499206543
2013-03-14,8.113751411437988
2013-03-15,8.084903717041016
2013-03-18,8.072698593139648
2013-03-19,8.04718017578125
2013-03-20,8.102659225463867
2013-03-21,8.00058364868164
2013-03-22,8.039412498474121
2013-03-25,8.022770881652832
2013-03-26,8.073810577392578
2013-03-27,8.062714576721191
2013-03-28,8.088231086730957
2013-04-01,8.002798080444336
2013-04-02,8.013898849487305
2013-04-03,7.952872276306152
2013-04-04,7.943995952606201
2013-04-05,7.871880531311035
2013-04-08,7.898505687713623
2013-04-09,7.958418369293213
2013-04-10,8.110421180725098
2013-04-11,8.077138900756836
2013-04-12,8.0283203125
2013-04-15,7.8740973472595215
2013-04-16,7.989485263824463
2013-04-17,7.810856819152832
2013-04-18,7.6965813636779785
2013-04-19,7.6865973472595215
2013-04-22,7.75205659866333
2013-04-23,7.859673976898193
2013-04-24,7.899622440338135
2013-04-25,7.928462982177734
2013-04-26,7.9273552894592285
2013-04-29,8.040518760681152
2013-04-30,8.131502151489258
2013-05-01,8.058276176452637
2013-05-02,8.17698860168457
2013-05-03,8.264643669128418
2013-05-06,8.31013011932373
2013-05-07,8.30014705657959
2013-05-08,8.363385200500488
2013-05-09,8.33232307434082
2013-05-10,8.37004566192627
2013-05-13,8.35229206085205
2013-05-14,8.388907432556152
2013-05-15,8.405549049377441
2013-05-16,8.449929237365723
2013-05-17,8.54423713684082
2013-05-20,8.54978084564209
2013-05-21,8.536468505859375
2013-05-22,8.434395790100098
2013-05-23,8.429957389831543
2013-05-24,8.413314819335938
2013-05-28,8.476555824279785
2013-05-29,8.466567039489746
2013-05-30,8.547565460205078
2013-05-31,8.476555824279785
2013-06-03,8.518717765808105
2013-06-04,8.458806037902832
2013-06-05,8.374483108520508
2013-06-06,8.395563125610352
2013-06-07,8.478772163391113
2013-06-10,8.490979194641113
2013-06-11,8.395563125610352
2013-06-12,8.32677173614502
2013-06-13,8.421080589294434
2013-06-14,8.364496231079102
2013-06-17,8.453256607055664
2013-06-18,8.523155212402344
2013-06-19,8.43994140625
2013-06-20,8.250219345092773
2013-06-21,8.203620910644531
2013-06-24,8.086010932922363
2013-06-25,8.150364875793457
2013-06-26,8.195855140686035
2013-06-27,8.241342544555664
2013-06-28,8.208057403564453
2013-07-01,8.271297454833984
2013-07-02,8.273517608642578
2013-07-03,8.32677173614502
2013-07-05,8.399999618530273
2013-07-08,8.374483108520508
2013-07-09,8.423298835754395
2013-07-10,8.46213150024414
2013-07-11,8.607477188110352
2013-07-12,8.620789527893066
2013-07-15,8.654074668884277
2013-07-16,8.65518569946289
2013-07-17,8.669608116149902
2013-07-18,8.649635314941406
2013-07-19,8.506509780883789
2013-07-22,8.533141136169434
2013-07-23,8.496528625488281
2013-07-24,8.557551383972168
2013-07-25,8.611915588378906
2013-07-26,8.608585357666016
2013-07-29,8.594162940979004
2013-07-30,8.667387962341309
2013-07-31,8.65518569946289
2013-08-01,8.757257461547852
2013-08-02,8.80385971069336
2013-08-05,8.829377174377441
2013-08-06,8.770573616027832
2013-08-07,8.746161460876465
2013-08-08,8.787214279174805
2013-08-09,8.753927230834961
2013-08-12,8.813846588134766
2013-08-13,8.880413055419922
2013-08-14,8.859332084655762
2013-08-15,8.70511531829834
2013-08-16,8.71176815032959
2013-08-19,8.685141563415527
2013-08-20,8.709552764892578
2013-08-21,8.691800117492676
2013-08-22,8.745055198669434
2013-08-23,8.800533294677734
2013-08-26,8.781668663024902
2013-08-27,8.59305191040039
2013-08-28,8.619681358337402
2013-08-29,8.672935485839844
2013-08-30,8.617463111877441
2013-09-03,8.648529052734375
2013-09-04,8.72397232055664
2013-09-05,8.747271537780762
2013-09-06,8.765023231506348
2013-09-09,8.88373851776123
2013-09-10,8.942543983459473
2013-09-11,8.915918350219727
2013-09-12,8.903715133666992
2013-09-13,8.908148765563965
2013-09-16,8.871538162231445
2013-09-17,8.93588638305664
2013-09-18,9.047945976257324
2013-09-19,9.071246147155762
2013-09-20,9.025754928588867
2013-09-23,9.032414436340332
2013-09-24,9.021316528320312
2013-09-25,9.015772819519043
2013-09-26,9.045726776123047
2013-09-27,9.001347541809082
2013-09-30,8.95363998413086
2013-10-01,9.049055099487305
2013-10-02,9.05238151550293
2013-10-03,8.9569673538208
2013-10-04,9.01799488067627
2013-10-07,8.942543983459473
2013-10-08,8.773900985717773
2013-10-09,8.784994125366211
2013-10-10,8.9569673538208
2013-10-11,9.032414436340332
2013-10-14,9.083453178405762
2013-10-15,9.020209312438965
2013-10-16,9.112296104431152
2013-10-17,9.103423118591309
2013-10-18,9.265409469604492
2013-10-21,9.305350303649902
2013-10-22,9.288708686828613
2013-10-23,9.222136497497559
2013-10-24,9.259856224060059
2013-10-25,9.288708686828613
2013-10-28,9.298691749572754
2013-10-29,9.345290184020996
2013-10-30,9.303131103515625
2013-10-31,9.280943870544434
2013-11-01,9.286487579345703
2013-11-04,9.318665504455566
2013-11-05,9.32532024383545
2013-11-06,9.393004417419434
2013-11-07,9.264299392700195
2013-11-08,9.370808601379395
2013-11-11,9.369701385498047
2013-11-12,9.410754203796387
2013-11-13,9.513935089111328
2013-11-14,9.47732162475586
2013-11-15,9.513935089111328
2013-11-18,9.429615020751953
2013-11-19,9.385236740112305
2013-11-20,9.363043785095215
2013-11-21,9.467337608337402
2013-11-22,9.457352638244629
2013-11-25,9.437382698059082
2013-11-26,9.485090255737305
2013-11-27,9.567190170288086
2013-11-29,9.611572265625
2013-12-02,9.568299293518066
2013-12-03,9.583834648132324
2013-12-04,9.613789558410645
2013-12-05,9.604913711547852
2013-12-06,9.671486854553223
2013-12-09,9.693673133850098
2013-12-10,9.682578086853027
2013-12-11,9.588272094726562
2013-12-12,9.540563583374023
2013-12-13,9.53057861328125
2013-12-16,9.625996589660645
2013-12-17,9.645964622497559
2013-12-18,9.718082427978516
2013-12-19,9.720298767089844
2013-12-20,9.828421592712402
2013-12-23,9.948429107666016
2013-12-24,9.970864295959473
2013-12-26,10.002264022827148
2013-12-27,9.982078552246094
2013-12-30,9.971985816955566
2013-12-31,10.042644500732422
2014-01-02,9.939461708068848
2014-01-03,9.905807495117188
2014-01-06,9.877771377563477
2014-01-07,9.977591514587402
2014-01-08,9.989930152893066
2014-01-09,9.94282341003418
2014-01-10,9.960770606994629
2014-01-13,9.84973430633545
2014-01-14,10.033674240112305
2014-01-15,10.151437759399414
2014-01-16,10.153679847717285
2014-01-17,10.093111991882324
2014-01-21,10.135734558105469
2014-01-22,10.151437759399414
2014-01-23,10.105454444885254
2014-01-24,9.892350196838379
2014-01-27,9.781314849853516
2014-01-28,9.74878978729248
2014-01-29,9.657941818237305
2014-01-30,9.804868698120117
2014-01-31,9.807114601135254
2014-02-03,9.594011306762695
2014-02-04,9.6377534866333
2014-02-05,9.639995574951172
2014-02-06,9.761124610900879
2014-02-07,9.895718574523926
2014-02-10,9.932731628417969
2014-02-11,10.032549858093262
2014-02-12,10.06619644165039
2014-02-13,10.159290313720703
2014-02-14,10.18620777130127
2014-02-18,10.22546100616455
2014-02-19,10.169384002685547
2014-02-20,10.2164888381958
2014-02-21,10.189565658569336
2014-02-24,10.244528770446777
2014-02-25,10.218729019165039
2014-02-26,10.244528770446777
2014-02-27,10.320794105529785
2014-02-28,10.283784866333008
2014-03-03,10.20751667022705
2014-03-04,10.375752449035645
2014-03-05,10.397061347961426
2014-03-06,10.390334129333496
2014-03-07,10.360053062438965
2014-03-10,10.33425521850586
2014-03-11,10.297243118286133
2014-03-12,10.330893516540527
2014-03-13,10.166016578674316
2014-03-14,10.114424705505371
2014-03-17,10.229949951171875
2014-03-18,10.381360054016113
2014-03-19,10.329767227172852
2014-03-20,10.386970520019531
2014-03-21,10.328645706176758
2014-03-24,10.273690223693848
2014-03-25,10.329767227172852
2014-03-26,10.179474830627441
2014-03-27,10.121150016784668
2014-03-28,10.158167839050293
2014-03-31,10.265838623046875
2014-04-01,10.402670860290527
2014-04-02,10.407159805297852
2014-04-03,10.32192325592041
2014-04-04,10.087509155273438
2014-04-07,9.994414329528809
2014-04-08,10.083022117614746
2014-04-09,10.245650291442871
2014-04-10,9.975351333618164
2014-04-11,9.84412670135498
2014-04-14,9.934974670410156
2014-04-15,9.987685203552246
2014-04-16,10.089751243591309
2014-04-17,10.078535079956055
2014-04-21,10.121150016784668
2014-04-22,10.18620777130127
2014-04-23,10.094236373901367
2014-04-24,10.169384002685547
2014-04-25,10.006754875183105
2014-04-28,10.06395435333252
2014-04-29,10.140219688415527
2014-04-30,10.176111221313477
2014-05-01,10.172750473022461
2014-05-02,10.154801368713379
2014-05-05,10.189565658569336
2014-05-06,10.068440437316895
2014-05-07,10.035913467407227
2014-05-08,10.040401458740234
2014-05-09,10.06395435333252
2014-05-12,10.232192039489746
2014-05-13,10.229949951171875
2014-05-14,10.160409927368164
2014-05-15,10.089751243591309
2014-05-16,10.154801368713379
2014-05-19,10.250137329101562
2014-05-20,10.18733024597168
2014-05-21,10.268082618713379
2014-05-22,10.297243118286133
2014-05-23,10.392576217651367
2014-05-27,10.508101463317871
2014-05-28,10.476698875427246
2014-05-29,10.541747093200684
2014-05-30,10.526045799255371
2014-06-02,10.503615379333496
2014-06-03,10.494641304016113
2014-06-04,10.524925231933594
2014-06-05,10.620260238647461
2014-06-06,10.676338195800781
2014-06-09,10.709985733032227
2014-06-10,10.730172157287598
2014-06-11,10.71895980834961
2014-06-12,10.626992225646973
2014-06-13,10.694280624389648
2014-06-16,10.70886516571045
2014-06-17,10.749242782592773
2014-06-18,10.799711227416992
2014-06-19,10.7716703414917
2014-06-20,10.752604484558105
2014-06-23,10.780647277832031
2014-06-24,10.715594291687012
2014-06-25,10.77952766418457
2014-06-26,10.761577606201172
2014-06-27,10.822142601013184
2014-06-30,10.855792045593262
2014-07-01,10.974678993225098
2014-07-02,10.967950820922852
2014-07-03,11.018420219421387
2014-07-07,10.995989799499512
2014-07-08,10.865886688232422
2014-07-09,10.912992477416992
2014-07-10,10.873734474182129
2014-07-11,10.909627914428711
2014-07-14,10.993744850158691
2014-07-15,10.961220741271973
2014-07-16,11.043097496032715
2014-07-17,10.900654792785645
2014-07-18,11.047581672668457
2014-07-21,11.041974067687988
2014-07-22,11.13955307006836
2014-07-23,11.146278381347656
2014-07-24,11.156375885009766
2014-07-25,11.119363784790039
2014-07-28,11.13394546508789
2014-07-29,11.091323852539062
2014-07-30,11.138429641723633
2014-07-31,10.911870002746582
2014-08-01,10.864767074584961
2014-08-04,10.939909934997559
2014-08-05,10.859156608581543
2014-08-06,10.84121036529541
2014-08-07,10.800834655761719
2014-08-08,10.872612953186035
2014-08-11,10.945517539978027
2014-08-12,10.920842170715332
2014-08-13,11.039732933044434
2014-08-14,11.055434226989746
2014-08-15,11.067770004272461
2014-08-18,11.181050300598145
2014-08-19,11.266292572021484
2014-08-20,11.268533706665039
2014-08-21,11.322369575500488
2014-08-22,11.329100608825684
2014-08-25,11.330221176147461
2014-08-26,11.35377311706543
2014-08-27,11.332464218139648
2014-08-28,11.308913230895996
2014-08-29,11.376202583312988
2014-09-02,11.402003288269043
2014-09-03,11.327977180480957
2014-09-04,11.313398361206055
2014-09-05,11.377328872680664
2014-09-08,11.40649127960205
2014-09-09,11.316760063171387
2014-09-10,11.41097640991211
2014-09-11,11.428919792175293
2014-09-12,11.377328872680664
2014-09-15,11.2786283493042
2014-09-16,11.358260154724121
2014-09-17,11.372840881347656
2014-09-18,11.451354026794434
2014-09-19,11.402003288269043
2014-09-22,11.29993724822998
2014-09-23,11.26517105102539
2014-09-24,11.348164558410645
2014-09-25,11.0935640335083
2014-09-26,11.224790573120117
2014-09-29,11.213580131530762
2014-09-30,11.224790573120117
2014-10-01,11.039732933044434
2014-10-02,11.04421329498291
2014-10-03,11.142915725708008
2014-10-06,11.127214431762695
2014-10-07,10.938790321350098
2014-10-08,11.145161628723145
2014-10-09,10.951125144958496
2014-10-10,10.622503280639648
2014-10-13,10.491277694702148
2014-10-14,10.528290748596191
2014-10-15,10.489033699035645
2014-10-16,10.443047523498535
2014-10-17,10.558573722839355
2014-10-20,10.632597923278809
2014-10-21,10.865886688232422
2014-10-22,10.784012794494629
2014-10-23,10.955612182617188
2014-10-24,11.040853500366211
2014-10-27,11.039732933044434
2014-10-28,11.221427917480469
2014-10-29,11.191143989562988
2014-10-30,11.237129211425781
2014-10-31,11.439014434814453
2014-11-03,11.484999656677246
2014-11-04,11.492849349975586
2014-11-05,11.517525672912598
2014-11-06,11.527619361877441
2014-11-07,11.526497840881348
2014-11-10,11.565754890441895
2014-11-11,11.579211235046387
2014-11-12,11.610614776611328
2014-11-13,11.648752212524414
2014-11-14,11.73062515258789
2014-11-17,11.689128875732422
2014-11-18,11.75529956817627
2014-11-19,11.671180725097656
2014-11-20,11.74856948852539
2014-11-21,11.776612281799316
2014-11-24,11.86633586883545
2014-11-25,11.874187469482422
2014-11-26,11.977374076843262
2014-11-28,12.00990104675293
2014-12-01,11.862972259521484
2014-12-02,11.90334701538086
2014-12-03,11.965035438537598
2014-12-04,11.97176456451416
2014-12-05,11.976250648498535
2014-12-08,11.816988945007324
2014-12-09,11.884281158447266
2014-12-10,11.690247535705566
2014-12-11,11.747447967529297
2014-12-12,11.57024097442627
2014-12-15,11.492849349975586
2014-12-16,11.33582592010498
2014-12-17,11.57024097442627
2014-12-18,11.771004676818848
2014-12-19,11.790071487426758
2014-12-22,11.91568374633789
2014-12-23,11.944847106933594
2014-12-24,11.944847106933594
2014-12-26,11.988587379455566
2014-12-29,11.92353630065918
2014-12-30,11.848389625549316
2014-12-31,11.718287467956543
2015-01-02,11.691368103027344
2015-01-05,11.490604400634766
2015-01-06,11.342557907104492
2015-01-07,11.443500518798828
2015-01-08,11.701468467712402
2015-01-09,11.671180725097656
2015-01-12,11.523130416870117
2015-01-13,11.520889282226562
2015-01-14,11.451354026794434
2015-01-15,11.276385307312012
2015-01-16,11.38742446899414
2015-01-20,11.472662925720215
2015-01-21,11.493968963623047
2015-01-22,11.711557388305664
2015-01-23,11.744085311889648
2015-01-26,11.70931625366211
2015-01-27,11.370599746704102
2015-01-28,11.354891777038574
2015-01-29,11.465934753417969
2015-01-30,11.306666374206543
2015-02-02,11.405365943908691
2015-02-03,11.546687126159668
2015-02-04,11.564630508422852
2015-02-05,11.682395935058594
2015-02-06,11.63529109954834
2015-02-09,11.608373641967773
2015-02-10,11.783340454101562
2015-02-11,11.832690238952637
2015-02-12,12.01999568939209
2015-02-13,12.117570877075195
2015-02-17,12.123176574707031
2015-02-18,12.145609855651855
2015-02-19,12.193838119506836
2015-02-20,12.271228790283203
2015-02-23,12.271228790283203
2015-02-24,12.301509857177734
2015-02-25,12.238699913024902
2015-02-26,12.313847541809082
2015-02-27,12.248795509338379
2015-03-02,12.364319801330566
2015-03-03,12.268983840942383
2015-03-04,12.22748851776123
2015-03-05,12.222997665405273
2015-03-06,12.08504581451416
2015-03-09,12.135515213012695
2015-03-10,11.895499229431152
2015-03-11,11.830445289611816
2015-03-12,11.901107788085938
2015-03-13,11.840539932250977
2015-03-16,11.98298168182373
2015-03-17,11.995321273803711
2015-03-18,12.140002250671387
2015-03-19,12.129910469055176
2015-03-20,12.199447631835938
2015-03-23,12.202812194824219
2015-03-24,12.169164657592773
2015-03-25,11.834933280944824
2015-03-26,11.842782974243164
2015-03-27,11.871943473815918
2015-03-30,12.0065336227417
2015-03-31,11.947092056274414
2015-04-01,11.851757049560547
2015-04-02,11.850632667541504
2015-04-06,11.96167278289795
2015-04-07,11.948211669921875
2015-04-08,11.99083137512207
2015-04-09,12.040180206298828
2015-04-10,12.092893600463867
2015-04-13,12.042427062988281
2015-04-14,11.998682975769043
2015-04-15,12.107474327087402
2015-04-16,12.082802772521973
2015-04-17,11.897740364074707
2015-04-20,12.091772079467773
2015-04-21,12.1018705368042
2015-04-22,12.21851634979248
2015-04-23,12.247676849365234
2015-04-24,12.317214012145996
2015-04-27,12.345250129699707
2015-04-28,12.358709335327148
2015-04-29,12.301509857177734
2015-04-30,12.100746154785156
2015-05-01,12.255528450012207
2015-05-04,12.26449966430664
2015-05-05,12.072709083557129
2015-05-06,12.004291534423828
2015-05-07,12.090651512145996
2015-05-08,12.261133193969727
2015-05-11,12.212906837463379
2015-05-12,12.14897632598877
2015-05-13,12.207296371459961
2015-05-14,12.401333808898926
2015-05-15,12.366562843322754
2015-05-18,12.430492401123047
2015-05-19,12.41479206085205
2015-05-20,12.411425590515137
2015-05-21,12.454045295715332
2015-05-22,12.458534240722656
2015-05-26,12.285811424255371
2015-05-27,12.495543479919434
2015-05-28,12.488813400268555
2015-05-29,12.402454376220703
2015-06-01,12.439464569091797
2015-06-02,12.410305976867676
2015-06-03,12.456287384033203
2015-06-04,12.339646339416504
2015-06-05,12.335159301757812
2015-06-08,12.180377960205078
2015-06-09,12.15907096862793
2015-06-10,12.343008041381836
2015-06-11,12.345250129699707
2015-06-12,12.256651878356934
2015-06-15,12.189351081848145
2015-06-16,12.26562213897705
2015-06-17,12.283564567565918
2015-06-18,12.386752128601074
2015-06-19,12.29702377319336
2015-06-22,12.378899574279785
2015-06-23,12.38563060760498
2015-06-24,12.317214012145996
2015-06-25,12.286931037902832
2015-06-26,12.168044090270996
2015-06-29,11.891008377075195
2015-06-30,11.914566040039062
2015-07-01,11.978493690490723
2015-07-02,11.988587379455566
2015-07-06,11.939238548278809
2015-07-07,11.941483497619629
2015-07-08,11.73959732055664
2015-07-09,11.713799476623535
2015-07-10,11.887646675109863
2015-07-13,12.062612533569336
2015-07-14,12.12093448638916
2015-07-15,12.124296188354492
2015-07-16,12.263379096984863
2015-07-17,12.43273639678955
2015-07-20,12.487692832946777
2015-07-21,12.428250312805176
2015-07-22,12.253279685974121
2015-07-23,12.231971740722656
2015-07-24,12.147852897644043
2015-07-27,12.024479866027832
2015-07-28,12.145609855651855
2015-07-29,12.209543228149414
2015-07-30,12.238699913024902
2015-07-31,12.184863090515137
2015-08-03,12.111961364746094
2015-08-04,12.036816596984863
2015-08-05,12.154583930969238
2015-08-06,12.027844429016113
2015-08-07,12.037942886352539
2015-08-10,12.221877098083496
2015-08-11,12.022234916687012
2015-08-12,12.080557823181152
2015-08-13,12.050274848937988
2015-08-14,12.114205360412598
2015-08-17,12.19271469116211
2015-08-18,12.116450309753418
2015-08-19,12.01662826538086
2015-08-20,11.707075119018555
2015-08-21,11.267410278320312
2015-08-24,10.856907844543457
2015-08-25,10.740267753601074
2015-08-26,11.276385307312012
2015-08-27,11.547807693481445
2015-08-28,11.572482109069824
2015-08-31,11.478269577026367
2015-09-01,11.112629890441895
2015-09-02,11.372840881347656
2015-09-03,11.384052276611328
2015-09-04,11.219183921813965
2015-09-08,11.532106399536133
2015-09-09,11.393030166625977
2015-09-10,11.505184173583984
2015-09-11,11.561264991760254
2015-09-14,11.527619361877441
2015-09-15,11.67454719543457
2015-09-16,11.738478660583496
2015-09-17,11.67454719543457
2015-09-18,11.528739929199219
2015-09-21,11.624075889587402
2015-09-22,11.442377090454102
2015-09-23,11.458799362182617
2015-09-24,11.447474479675293
2015-09-25,11.420293807983398
2015-09-28,11.1507568359375
2015-09-29,11.092995643615723
2015-09-30,11.325163841247559
2015-10-01,11.330826759338379
2015-10-02,11.502967834472656
2015-10-05,11.73173713684082
2015-10-06,11.758915901184082
2015-10-07,11.82234001159668
2015-10-08,11.880098342895508
2015-10-09,11.942384719848633
2015-10-12,11.952579498291016
2015-10-13,11.897085189819336
2015-10-14,11.88915729522705
2015-10-15,12.029587745666504
2015-10-16,12.062433242797852
2015-10-19,12.102069854736328
2015-10-20,12.059035301208496
2015-10-21,11.944648742675781
2015-10-22,12.2175874710083
2015-10-23,12.549413681030273
2015-10-26,12.492788314819336
2015-10-27,12.414643287658691
2015-10-28,12.632086753845215
2015-10-29,12.573195457458496
2015-10-30,12.509772300720215
2015-11-02,12.6298246383667
2015-11-03,12.712495803833008
2015-11-04,12.736281394958496
2015-11-05,12.697774887084961
2015-11-06,12.772516250610352
2015-11-09,12.65134048461914
2015-11-10,12.558476448059082
2015-11-11,12.551678657531738
2015-11-12,12.425969123840332
2015-11-13,12.182474136352539
2015-11-16,12.345561027526855
2015-11-17,12.353487014770508
2015-11-18,12.550546646118164
2015-11-19,12.601508140563965
2015-11-20,12.697774887084961
2015-11-23,12.630955696105957
2015-11-24,12.646808624267578
2015-11-25,12.618497848510742
2015-11-27,12.640015602111816
2015-11-30,12.658132553100586
2015-12-01,12.77138900756836
2015-12-02,12.703433990478516
2015-12-03,12.526763916015625
2015-12-04,12.799697875976562
2015-12-07,12.717025756835938
2015-12-08,12.69550895690918
2015-12-09,12.505244255065918
2015-12-10,12.534688949584961
2015-12-11,12.273078918457031
2015-12-14,12.335370063781738
2015-12-15,12.394258499145508
2015-12-16,12.559606552124023
2015-12-17,12.368210792541504
2015-12-18,12.123588562011719
2015-12-21,12.242498397827148
2015-12-22,12.322911262512207
2015-12-23,12.431241035461426
2015-12-24,12.425556182861328
2015-12-28,12.423282623291016
2015-12-29,12.577878952026367
2015-12-30,12.481257438659668
2015-12-31,12.309610366821289
2016-01-04,12.118639945983887
2016-01-05,12.060667037963867
2016-01-06,11.896979331970215
2016-01-07,11.51390266418457
2016-01-08,11.415009498596191
2016-01-11,11.470705032348633
2016-01-12,11.601428985595703
2016-01-13,11.276325225830078
2016-01-14,11.493438720703125
2016-01-15,11.151287078857422
2016-01-19,11.121732711791992
2016-01-20,11.06261920928955
2016-01-21,11.091038703918457
2016-01-22,11.4013671875
2016-01-25,11.233131408691406
2016-01-26,11.349075317382812
2016-01-27,11.076266288757324
2016-01-28,11.199030876159668
2016-01-29,11.586650848388672
2016-02-01,11.615071296691895
2016-02-02,11.379770278930664
2016-02-03,11.35362434387207
2016-02-04,11.380906105041504
2016-02-05,10.954633712768555
2016-02-08,10.756841659545898
2016-02-09,10.706825256347656
2016-02-10,10.755706787109375
2016-02-11,10.718194007873535
2016-02-12,10.875060081481934
2016-02-16,11.101272583007812
2016-02-17,11.3740873336792
2016-02-18,11.302470207214355
2016-02-19,11.347940444946289
2016-02-22,11.50367259979248
2016-02-23,11.30815315246582
2016-02-24,11.417282104492188
2016-02-25,11.551417350769043
2016-02-26,11.540044784545898
2016-02-29,11.474119186401367
2016-03-01,11.821953773498535
2016-03-02,11.852643013000488
2016-03-03,11.85719108581543
2016-03-04,11.893568992614746
2016-03-07,11.828776359558105
2016-03-08,11.710555076599121
2016-03-09,11.820817947387695
2016-03-10,11.79467487335205
2016-03-11,12.000423431396484
2016-03-14,12.004969596862793
2016-03-15,12.031113624572754
2016-03-16,12.16524600982666
2016-03-17,12.232315063476562
2016-03-18,12.273233413696289
2016-03-21,12.307124137878418
2016-03-22,12.321955680847168
2016-03-23,12.226112365722656
2016-03-24,12.243226051330566
2016-03-28,12.214702606201172
2016-03-29,12.422368049621582
2016-03-30,12.506804466247559
2016-03-31,12.497675895690918
2016-04-01,12.592379570007324
2016-04-04,12.526202201843262
2016-04-05,12.396122932434082
2016-04-06,12.531909942626953
2016-04-07,12.351625442504883
2016-04-08,12.355047225952148
2016-04-11,12.32994270324707
2016-04-12,12.386995315551758
2016-04-13,12.580970764160156
2016-04-14,12.562713623046875
2016-04-15,12.499954223632812
2016-04-18,12.563857078552246
2016-04-19,12.4862642288208
2016-04-20,12.517070770263672
2016-04-21,12.507943153381348
2016-04-22,12.320816993713379
2016-04-25,12.296854019165039
2016-04-26,12.275174140930176
2016-04-27,12.186177253723145
2016-04-28,12.023006439208984
2016-04-29,11.913468360900879
2016-05-02,11.983070373535156
2016-05-03,11.874673843383789
2016-05-04,11.822185516357422
2016-05-05,11.823331832885742
2016-05-06,11.898636817932129
2016-05-09,11.910045623779297
2016-05-10,12.06636905670166
2016-05-11,11.988775253295898
2016-05-12,11.927164077758789
2016-05-13,11.898636817932129
2016-05-16,12.052675247192383
2016-05-17,11.928305625915527
2016-05-18,11.995622634887695
2016-05-19,11.930585861206055
2016-05-20,12.082341194152832
2016-05-23,12.080061912536621
2016-05-24,12.336792945861816
2016-05-25,12.422368049621582
2016-05-26,12.4566011428833
2016-05-27,12.529626846313477
2016-05-31,12.55016040802002
2016-06-01,12.543315887451172
2016-06-02,12.543315887451172
2016-06-03,12.499954223632812
2016-06-06,12.546736717224121
2016-06-07,12.571844100952148
2016-06-08,12.61291790008545
2016-06-09,12.602652549743652
2016-06-10,12.450891494750977
2016-06-13,12.337930679321289
2016-06-14,12.350483894348145
2016-06-15,12.328803062438965
2016-06-16,12.351625442504883
2016-06-17,12.238661766052246
2016-06-20,12.328803062438965
2016-06-21,12.391764640808105
2016-06-22,12.336817741394043
2016-06-23,12.527987480163574
2016-06-24,11.98423957824707
2016-06-27,11.669435501098633
2016-06-28,11.908687591552734
2016-06-29,12.10672378540039
2016-06-30,12.258974075317383
2016-07-01,12.266989707946777
2016-07-05,12.167393684387207
2016-07-06,12.233794212341309
2016-07-07,12.272713661193848
2016-07-08,12.494791984558105
2016-07-11,12.571487426757812
2016-07-12,12.696261405944824
2016-07-13,12.687104225158691
2016-07-14,12.778685569763184
2016-07-15,12.756933212280273
2016-07-18,12.846226692199707
2016-07-19,12.826764106750488
2016-07-20,13.00076675415039
2016-07-21,12.924067497253418
2016-07-22,12.997328758239746
2016-07-25,12.993895530700684
2016-07-26,13.053421020507812
2016-07-27,13.153013229370117
2016-07-28,13.185066223144531
2016-07-29,13.18735408782959
2016-08-01,13.245737075805664
2016-08-02,13.12210464477539
2016-08-03,13.172472953796387
2016-08-04,13.248025894165039
2016-08-05,13.40371036529541
2016-08-08,13.405998229980469
2016-08-09,13.428897857666016
2016-08-10,13.39226245880127
2016-08-11,13.442630767822266
2016-08-12,13.432331085205078
2016-08-15,13.50902271270752
2016-08-16,13.439193725585938
2016-08-17,13.422025680541992
2016-08-18,13.443777084350586
2016-08-19,13.473538398742676
2016-08-22,13.467815399169922
2016-08-23,13.530776023864746
2016-08-24,13.456365585327148
2016-08-25,13.483844757080078
2016-08-26,13.496432304382324
2016-08-29,13.533065795898438
2016-08-30,13.507878303527832
2016-08-31,13.495291709899902
2016-09-01,13.545656204223633
2016-09-02,13.602893829345703
2016-09-06,13.661274909973145
2016-09-07,13.693328857421875
2016-09-08,13.577713012695312
2016-09-09,13.258329391479492
2016-09-12,13.468958854675293
2016-09-13,13.373946189880371
2016-09-14,13.441483497619629
2016-09-15,13.663567543029785
2016-09-16,13.61319637298584
2016-09-19,13.59831428527832
2016-09-20,13.59521198272705
2016-09-21,13.74913215637207
2016-09-22,13.843317031860352
2016-09-23,13.719265937805176
2016-09-26,13.631970405578613
2016-09-27,13.787032127380371
2016-09-28,13.830681800842285
2016-09-29,13.74913215637207
2016-09-30,13.826090812683105
2016-10-03,13.785884857177734
2016-10-04,13.757172584533691
2016-10-05,13.828385353088379
2016-10-06,13.849061012268066
2016-10-07,13.804264068603516
2016-10-10,13.892709732055664
2016-10-11,13.7089262008667
2016-10-12,13.713523864746094
2016-10-13,13.625079154968262
2016-10-14,13.675617218017578
2016-10-17,13.640008926391602
2016-10-18,13.72615909576416
2016-10-19,13.739940643310547
2016-10-20,13.70548152923584
2016-10-21,13.775548934936523
2016-10-24,13.934060096740723
2016-10-25,13.882369041442871
2016-10-26,13.812304496765137
2016-10-27,13.743388175964355
2016-10-28,13.75028133392334
2016-10-31,13.75142765045166
2016-11-01,13.640008926391602
2016-11-02,13.534334182739258
2016-11-03,13.43095874786377
2016-11-04,13.393056869506836
2016-11-07,13.700886726379395
2016-11-08,13.768655776977539
2016-11-09,13.74913215637207
2016-11-10,13.559603691101074
2016-11-11,13.642305374145508
2016-11-14,13.45278263092041
2016-11-15,13.633121490478516
2016-11-16,13.75142765045166
2016-11-17,13.860548973083496
2016-11-18,13.828385353088379
2016-11-21,13.963926315307617
2016-11-22,13.98230266571045
2016-11-23,13.932910919189453
2016-11-25,13.969669342041016
2016-11-28,13.960479736328125
2016-11-29,13.97770881652832
2016-11-30,13.82379150390625
2016-12-01,13.488390922546387
2016-12-02,13.538931846618652
2016-12-05,13.69054889678955
2016-12-06,13.734199523925781
2016-12-07,13.976560592651367
2016-12-08,14.055813789367676
2016-12-09,14.130476951599121
2016-12-12,14.061556816101074
2016-12-13,14.222366333007812
2016-12-14,14.180063247680664
2016-12-15,14.2423095703125
2016-12-16,14.1420259475708
2016-12-19,14.225017547607422
2016-12-20,14.273431777954102
2016-12-21,14.231932640075684
2016-12-22,14.17775821685791
2016-12-23,14.197356224060059
2016-12-27,14.268817901611328
2016-12-28,14.12588882446289
2016-12-29,14.133959770202637
2016-12-30,14.00485897064209
2017-01-03,14.11551570892334
2017-01-04,14.200813293457031
2017-01-05,14.211187362670898
2017-01-06,14.341439247131348
2017-01-09,14.366793632507324
2017-01-10,14.365642547607422
2017-01-11,14.453246116638184
2017-01-12,14.409441947937012
2017-01-13,14.465924263000488
2017-01-17,14.385237693786621
2017-01-18,14.440568923950195
2017-01-19,14.399069786071777
2017-01-20,14.476297378540039
2017-01-23,14.483216285705566
2017-01-24,14.63767147064209
2017-01-25,14.794435501098633
2017-01-26,14.757546424865723
2017-01-27,14.799044609069824
2017-01-30,14.679167747497559
2017-01-31,14.60885238647461
2017-02-01,14.713747024536133
2017-02-02,14.72066593170166
2017-02-03,14.838235855102539
2017-02-06,14.85898208618164
2017-02-07,14.912005424499512
2017-02-08,14.93736457824707
2017-02-09,15.009984016418457
2017-02-10,15.045713424682617
2017-02-13,15.128705978393555
2017-02-14,15.182884216308594
2017-02-15,15.249738693237305
2017-02-16,15.270485877990723
2017-02-17,15.315437316894531
2017-02-21,15.406498908996582
2017-02-22,15.426092147827148
2017-02-23,15.390363693237305
2017-02-24,15.421480178833008
2017-02-27,15.424942970275879
2017-02-28,15.330421447753906
2017-03-01,15.545969009399414
2017-03-02,15.430703163146973
2017-03-03,15.457213401794434
2017-03-06,15.428394317626953
2017-03-07,15.441080093383789
2017-03-08,15.459518432617188
2017-03-09,15.450296401977539
2017-03-10,15.529833793640137
2017-03-13,15.550581932067871
2017-03-14,15.507932662963867
2017-03-15,15.607061386108398
2017-03-16,15.649712562561035
2017-03-17,15.652018547058105
2017-03-20,15.672762870788574
2017-03-21,15.420331001281738
2017-03-22,15.53674602508545
2017-03-23,15.498708724975586
2017-03-24,15.50946044921875
2017-03-27,15.521020889282227
2017-03-28,15.62850284576416
2017-03-29,15.665489196777344
2017-03-30,15.681670188903809
2017-03-31,15.675898551940918
2017-04-03,15.629663467407227
2017-04-04,15.620413780212402
2017-04-05,15.563782691955566
2017-04-06,15.57071590423584
2017-04-07,15.560314178466797
2017-04-10,15.55222225189209
2017-04-11,15.497902870178223
2017-04-12,15.418155670166016
2017-04-13,15.360358238220215
2017-04-17,15.505990982055664
2017-04-18,15.502525329589844
2017-04-19,15.504837989807129
2017-04-20,15.66202449798584
2017-04-21,15.65046215057373
2017-04-24,15.85851001739502
2017-04-25,15.956743240356445
2017-04-26,15.919759750366211
2017-04-27,16.017995834350586
2017-04-28,16.04227638244629
2017-05-01,16.18558692932129
2017-05-02,16.21795654296875
2017-05-03,16.189056396484375
2017-05-04,16.21217918395996
2017-05-05,16.287302017211914
2017-05-08,16.34162712097168
2017-05-09,16.37629508972168
2017-05-10,16.439868927001953
2017-05-11,16.41790771484375
2017-05-12,16.462976455688477
2017-05-15,16.573942184448242
2017-05-16,16.66639518737793
2017-05-17,16.186750411987305
2017-05-18,16.265344619750977
2017-05-19,16.357803344726562
2017-05-22,16.525394439697266
2017-05-23,16.539262771606445
2017-05-24,16.620168685913086
2017-05-25,16.754234313964844
2017-05-26,16.754234313964844
2017-05-30,16.79585075378418
2017-05-31,16.749618530273438
2017-06-01,16.83167839050293
2017-06-02,16.985397338867188
2017-06-05,17.003890991210938
2017-06-06,16.97615623474121
2017-06-07,17.013141632080078
2017-06-08,17.081323623657227
2017-06-09,16.60744857788086
2017-06-12,16.481473922729492
2017-06-13,16.624792098999023
2017-06-14,16.52885627746582
2017-06-15,16.45142364501953
2017-06-16,16.424840927124023
2017-06-19,16.689510345458984
2017-06-20,16.550819396972656
2017-06-21,16.662931442260742
2017-06-22,16.688356399536133
2017-06-23,16.798152923583984
2017-06-26,16.708003997802734
2017-06-27,16.427152633666992
2017-06-28,16.641122817993164
2017-06-29,16.34670639038086
2017-06-30,16.324689865112305
2017-07-03,16.192546844482422
2017-07-05,16.359458923339844
2017-07-06,16.21225357055664
2017-07-07,16.424373626708984
2017-07-10,16.543758392333984
2017-07-11,16.60750389099121
2017-07-12,16.834688186645508
2017-07-13,16.875259399414062
2017-07-14,17.013195037841797
2017-07-17,17.023624420166016
2017-07-18,17.104764938354492
2017-07-19,17.207921981811523
2017-07-20,17.224149703979492
2017-07-21,17.187057495117188
2017-07-24,17.25543975830078
2017-07-25,17.23457908630371
2017-07-26,17.265872955322266
2017-07-27,17.10939598083496
2017-07-28,17.085054397583008
2017-07-31,16.999282836914062
2017-08-01,17.08968734741211
2017-08-02,17.112873077392578
2017-08-03,17.065343856811523
2017-08-04,17.08968734741211
2017-08-07,17.19400405883789
2017-08-08,17.171993255615234
2017-08-09,17.15576171875
2017-08-10,16.7906436920166
2017-08-11,16.922780990600586
2017-08-14,17.196327209472656
2017-08-15,17.229942321777344
2017-08-16,17.289052963256836
2017-08-17,16.94596290588379
2017-08-18,16.941329956054688
2017-08-21,16.921619415283203
2017-08-22,17.170825958251953
2017-08-23,17.1395263671875
2017-08-24,17.137218475341797
2017-08-25,17.125625610351562
2017-08-28,17.169666290283203
2017-08-29,17.239213943481445
2017-08-30,17.399168014526367
2017-08-31,17.527833938598633
2017-09-01,17.515079498291016
2017-09-05,17.366718292236328
2017-09-06,17.393375396728516
2017-09-07,17.474510192871094
2017-09-08,17.335424423217773
2017-09-11,17.595062255859375
2017-09-12,17.626352310180664
2017-09-13,17.593900680541992
2017-09-14,17.546375274658203
2017-09-15,17.59621238708496
2017-09-18,17.61475944519043
2017-09-19,17.675031661987305
2017-09-20,17.586950302124023
2017-09-21,17.488418579101562
2017-09-22,17.502330780029297
2017-09-25,17.26355743408203
2017-09-26,17.320348739624023
2017-09-27,17.530616760253906
2017-09-28,17.556188583374023
2017-09-29,17.666622161865234
2017-10-02,17.716598510742188
2017-10-03,17.76192283630371
2017-10-04,17.75147247314453
2017-10-05,17.918842315673828
2017-10-06,17.973478317260742
2017-10-09,18.01300048828125
2017-10-10,18.024620056152344
2017-10-11,18.097850799560547
2017-10-12,18.111797332763672
2017-10-13,18.194320678710938
2017-10-16,18.243144989013672
2017-10-17,18.233844757080078
2017-10-18,18.29660987854004
2017-10-19,18.236169815063477
2017-10-20,18.35822105407715
2017-10-23,18.29195785522461
2017-10-24,18.351238250732422
2017-10-25,18.283824920654297
2017-10-26,18.36054229736328
2017-10-27,18.82896614074707
2017-10-30,18.890579223632812
2017-10-31,18.973106384277344
2017-11-01,18.966123580932617
2017-11-02,18.98007583618164
2017-11-03,19.131179809570312
2017-11-06,19.217195510864258
2017-11-07,19.209054946899414
2017-11-08,19.320646286010742
2017-11-09,19.148618698120117
2017-11-10,19.155590057373047
2017-11-13,19.152103424072266
2017-11-14,19.118398666381836
2017-11-15,18.973106384277344
2017-11-16,19.23463249206543
2017-11-17,19.13699722290039
2017-11-20,19.20441436767578
2017-11-21,19.440370559692383
2017-11-22,19.389225006103516
2017-11-24,19.500812530517578
2017-11-27,19.47988510131836
2017-11-28,19.52870750427246
2017-11-29,19.02191925048828
2017-11-30,19.179996490478516
2017-12-01,19.07422637939453
2017-12-04,18.703439712524414
2017-12-05,18.746437072753906
2017-12-06,18.86615753173828
2017-12-07,19.002159118652344
2017-12-08,19.07422637939453
2017-12-11,19.22649574279785
2017-12-12,19.177675247192383
2017-12-13,19.197437286376953
2017-12-14,19.179603576660156
2017-12-15,19.399873733520508
2017-12-18,19.582843780517578
2017-12-19,19.4791202545166
2017-12-20,19.458145141601562
2017-12-21,19.40919303894043
2017-12-22,19.385883331298828
2017-12-26,19.250696182250977
2017-12-27,19.280996322631836
2017-12-28,19.298473358154297
2017-12-29,19.198246002197266
2018-01-02,19.460474014282227
2018-01-03,19.663257598876953
2018-01-04,19.77630615234375
2018-01-05,19.987255096435547
2018-01-08,20.082815170288086
2018-01-09,20.031536102294922
2018-01-10,19.966276168823242
2018-01-11,20.096803665161133
2018-01-12,20.212181091308594
2018-01-16,20.121274948120117
2018-01-17,20.4289493560791
2018-01-18,20.469738006591797
2018-01-19,20.512863159179688
2018-01-22,20.671367645263672
2018-01-23,20.79723358154297
2018-01-24,20.61193084716797
2018-01-25,20.55831527709961
2018-01-26,20.883474349975586
2018-01-29,20.71099281311035
2018-01-30,20.5035343170166
2018-01-31,20.648052215576172
2018-02-01,20.632905960083008
2018-02-02,20.052515029907227
2018-02-05,19.268177032470703
2018-02-06,19.755332946777344
2018-02-07,19.53389549255371
2018-02-08,18.729740142822266
2018-02-09,19.181930541992188
2018-02-12,19.524564743041992
2018-02-13,19.585172653198242
2018-02-14,19.984912872314453
2018-02-15,20.370681762695312
2018-02-16,20.31940269470215
2018-02-20,20.36951446533203
2018-02-21,20.268123626708984
2018-02-22,20.275115966796875
2018-02-23,20.68767547607422
2018-02-26,20.996522903442383
2018-02-27,20.80422019958496
2018-02-28,20.66787338256836
2018-03-01,20.34271240234375
2018-03-02,20.56996726989746
2018-03-05,20.780908584594727
2018-03-06,20.85084342956543
2018-03-07,20.98253631591797
2018-03-08,21.064115524291992
2018-03-09,21.480182647705078
2018-03-12,21.555932998657227
2018-03-13,21.29487419128418
2018-03-14,21.29953384399414
2018-03-15,21.304197311401367
2018-03-16,21.27943992614746
2018-03-19,20.861347198486328
2018-03-20,20.882360458374023
2018-03-21,20.791269302368164
2018-03-22,20.233041763305664
2018-03-23,19.693496704101562
2018-03-26,20.440919876098633
2018-03-27,19.747215270996094
2018-03-28,19.55217933654785
2018-03-29,19.970277786254883
2018-04-02,19.48912239074707
2018-04-03,19.665464401245117
2018-04-04,19.925891876220703
2018-04-05,20.009984970092773
2018-04-06,19.52649688720703
2018-04-09,19.659629821777344
2018-04-10,20.143117904663086
2018-04-11,20.06020164489746
2018-04-12,20.310121536254883
2018-04-13,20.229536056518555
2018-04-16,20.369674682617188
2018-04-17,20.792449951171875
2018-04-18,20.757408142089844
2018-04-19,20.513320922851562
2018-04-20,20.22603988647461
2018-04-23,20.14194679260254
2018-04-24,19.761234283447266
2018-04-25,19.729694366455078
2018-04-26,20.130271911621094
2018-04-27,20.045013427734375
2018-04-30,19.965608596801758
2018-05-01,20.2061824798584
2018-05-02,20.212017059326172
2018-05-03,20.27509117126465
2018-05-04,20.656970977783203
2018-05-07,20.83565330505371
2018-05-08,20.915069580078125
2018-05-09,21.18951416015625
2018-05-10,21.44176483154297
2018-05-11,21.379873275756836
2018-05-14,21.353012084960938
2018-05-15,21.167325973510742
2018-05-16,21.278270721435547
2018-05-17,21.17316436767578
2018-05-18,21.091415405273438
2018-05-21,21.25608253479004
2018-05-22,21.20585823059082
2018-05-23,21.369365692138672
2018-05-24,21.354177474975586
2018-05-25,21.358848571777344
2018-05-29,21.23855972290039
2018-05-30,21.395051956176758
2018-05-31,21.372861862182617
2018-06-01,21.759424209594727
2018-06-04,21.941608428955078
2018-06-05,22.061899185180664
2018-06-06,22.189199447631836
2018-06-07,21.9381046295166
2018-06-08,21.941608428955078
2018-06-11,21.939271926879883
2018-06-12,22.0864200592041
2018-06-13,22.043212890625
2018-06-14,22.161163330078125
2018-06-15,22.07707977294922
2018-06-18,22.109783172607422
2018-06-19,21.9567928314209
2018-06-20,22.01751708984375
2018-06-21,21.82248306274414
2018-06-22,21.70686912536621
2018-06-25,21.204696655273438
2018-06-26,21.31680679321289
2018-06-27,20.989809036254883
2018-06-28,21.22964096069336
2018-06-29,21.242521286010742
2018-07-02,21.465015411376953
2018-07-03,21.226125717163086
2018-07-05,21.504825592041016
2018-07-06,21.76128578186035
2018-07-09,21.9498233795166
2018-07-10,21.994321823120117
2018-07-11,21.87839126586914
2018-07-12,22.249605178833008
2018-07-13,22.22149658203125
2018-07-16,22.144216537475586
2018-07-17,22.32455062866211
2018-07-18,22.31167221069336
2018-07-19,22.288251876831055
2018-07-20,22.27303123474121
2018-07-23,22.36084747314453
2018-07-24,22.32689666748047
2018-07-25,22.648929595947266
2018-07-26,22.57046890258789
2018-07-27,22.131332397460938
2018-07-30,21.734352111816406
2018-07-31,21.799930572509766
2018-08-01,22.050535202026367
2018-08-02,22.369056701660156
2018-08-03,22.426433563232422
2018-08-06,22.55876350402832
2018-08-07,22.648929595947266
2018-08-08,22.692258834838867
2018-08-09,22.713340759277344
2018-08-10,22.564617156982422
2018-08-13,22.5224552154541
2018-08-14,22.670001983642578
2018-08-15,22.469762802124023
2018-08-16,22.607942581176758
2018-08-17,22.687578201293945
2018-08-20,22.666492462158203
2018-08-21,22.715681076049805
2018-08-22,22.83160972595215
2018-08-23,22.904211044311523
2018-08-24,23.166522979736328
2018-08-27,23.344520568847656
2018-08-28,23.455768585205078
2018-08-29,23.680606842041016
2018-08-30,23.62322998046875
2018-08-31,23.74852752685547
2018-09-04,23.782485961914062
2018-09-05,23.412437438964844
2018-09-06,23.28714370727539
2018-09-07,23.215709686279297
2018-09-10,23.301197052001953
2018-09-11,23.448740005493164
2018-09-12,23.4030704498291
2018-09-13,23.673574447631836
2018-09-14,23.69582748413086
2018-09-17,23.33749008178711
2018-09-18,23.490901947021484
2018-09-19,23.374969482421875
2018-09-20,23.62790870666504
2018-09-21,23.590435028076172
2018-09-24,23.677257537841797
2018-09-25,23.685482025146484
2018-09-26,23.57387351989746
2018-09-27,23.691356658935547
2018-09-28,23.797082901000977
2018-10-01,23.840557098388672
2018-10-02,23.810009002685547
2018-10-03,23.914573669433594
2018-10-04,23.493986129760742
2018-10-05,23.185009002685547
2018-10-08,22.88072967529297
2018-10-09,22.940645217895508
2018-10-10,21.875089645385742
2018-10-11,21.569631576538086
2018-10-12,22.23457908630371
2018-10-15,21.91620635986328
2018-10-16,22.59759521484375
2018-10-17,22.51771354675293
2018-10-18,22.063060760498047
2018-10-19,21.999618530273438
2018-10-22,22.178190231323242
2018-10-23,22.09477996826172
2018-10-24,21.103235244750977
2018-10-25,21.781097412109375
2018-10-26,21.344066619873047
2018-10-29,20.991621017456055
2018-10-30,21.260652542114258
2018-10-31,21.779922485351562
2018-11-01,22.078332901000977
2018-11-02,21.676544189453125
2018-11-05,21.624847412109375
2018-11-06,21.756431579589844
2018-11-07,22.380258560180664
2018-11-08,22.339139938354492
2018-11-09,21.953794479370117
2018-11-12,21.198394775390625
2018-11-13,21.207792282104492
2018-11-14,20.97753143310547
2018-11-15,21.502670288085938
2018-11-16,21.472124099731445
2018-11-19,20.626256942749023
2018-11-20,20.20684814453125
2018-11-21,20.377195358276367
2018-11-23,20.240915298461914
2018-11-26,20.680301666259766
2018-11-27,20.696746826171875
2018-11-28,21.419260025024414
2018-11-29,21.25008201599121
2018-11-30,21.46037483215332
2018-12-03,21.912683486938477
2018-12-04,21.070341110229492
2018-12-06,21.133779525756836
2018-12-07,20.403047561645508
2018-12-10,20.67324447631836
2018-12-11,20.682649612426758
2018-12-12,20.868270874023438
2018-12-13,20.86956787109375
2018-12-14,20.38261604309082
2018-12-17,19.910982131958008
2018-12-18,20.07723045349121
2018-12-19,19.669273376464844
2018-12-20,19.333240509033203
2018-12-21,18.73544692993164
2018-12-24,18.25320816040039
2018-12-26,19.35563850402832
2018-12-27,19.514816284179688
2018-12-28,19.47472381591797
2018-12-31,19.67045783996582
2019-01-02,19.68224334716797
2019-01-03,18.70950698852539
2019-01-04,19.5230655670166
2019-01-07,19.741199493408203
2019-01-08,19.931026458740234
2019-01-09,20.179813385009766
2019-01-10,20.274131774902344
2019-01-11,20.262348175048828
2019-01-14,20.06190299987793
2019-01-15,20.357851028442383
2019-01-16,20.37906837463379
2019-01-17,20.534709930419922
2019-01-18,20.840089797973633
2019-01-22,20.496980667114258
2019-01-23,20.545318603515625
2019-01-24,20.756376266479492
2019-01-25,21.07826042175293
2019-01-28,20.81532859802246
2019-01-29,20.60663414001465
2019-01-30,21.198524475097656
2019-01-31,21.24215316772461
2019-02-01,21.38599967956543
2019-02-04,21.72203826904297
2019-02-05,21.901254653930664
2019-02-06,21.97789192199707
2019-02-07,21.68076515197754
2019-02-08,21.821081161499023
2019-02-11,21.832868576049805
2019-02-12,22.128820419311523
2019-02-13,22.163007736206055
2019-02-14,22.21488380432129
2019-02-15,22.384675979614258
2019-02-19,22.402362823486328
2019-02-20,22.4341983795166
2019-02-21,22.42947769165039
2019-02-22,22.728965759277344
2019-02-25,22.835079193115234
2019-02-26,22.871631622314453
2019-02-27,22.871631622314453
2019-02-28,22.79852867126465
2019-03-01,22.944730758666992
2019-03-04,22.812679290771484
2019-03-05,22.736034393310547
2019-03-06,22.588651657104492
2019-03-07,22.392927169799805
2019-03-08,22.395288467407227
2019-03-11,22.886959075927734
2019-03-12,23.000146865844727
2019-03-13,23.143997192382812
2019-03-14,23.18997573852539
2019-03-15,23.4505558013916
2019-03-18,23.5401554107666
2019-03-19,23.596759796142578
2019-03-20,23.524839401245117
2019-03-21,24.111053466796875
2019-03-22,23.49846076965332
2019-03-25,23.40266990661621
2019-03-26,23.538671493530273
2019-03-27,23.390846252441406
2019-03-28,23.488998413085938
2019-03-29,23.72670555114746
2019-04-01,24.059024810791016
2019-04-02,24.127607345581055
2019-04-03,24.331018447875977
2019-04-04,24.20093536376953
2019-04-05,24.315645217895508
2019-04-08,24.412614822387695
2019-04-09,24.300268173217773
2019-04-10,24.494216918945312
2019-04-11,24.48240089416504
2019-04-12,24.6408634185791
2019-04-15,24.6408634185791
2019-04-16,24.747303009033203
2019-04-17,24.83599281311035
2019-04-18,24.880939483642578
2019-04-22,24.95780372619629
2019-04-23,25.24517822265625
2019-04-24,25.26173210144043
2019-04-25,25.229806900024414
2019-04-26,25.17658805847168
2019-04-29,25.19314193725586
2019-04-30,25.238080978393555
2019-05-01,25.14111328125
2019-05-02,25.02521324157715
2019-05-03,25.271194458007812
2019-05-06,25.100900650024414
2019-05-07,24.567541122436523
2019-05-08,24.522602081298828
2019-05-09,24.358224868774414
2019-05-10,24.42681312561035
2019-05-13,23.479536056518555
2019-05-14,23.87334632873535
2019-05-15,24.118146896362305
2019-05-16,24.36768341064453
2019-05-17,24.125246047973633
2019-05-20,23.703048706054688
2019-05-21,24.027090072631836
2019-05-22,23.881628036499023
2019-05-23,23.447607040405273
2019-05-24,23.466529846191406
2019-05-28,23.393207550048828
2019-05-29,23.235919952392578
2019-05-30,23.37310791015625
2019-05-31,22.99703598022461
2019-06-03,22.57839584350586
2019-06-04,23.32816505432129
2019-06-05,23.629730224609375
2019-06-06,23.891088485717773
2019-06-07,24.308549880981445
2019-06-10,24.57464027404785
2019-06-11,24.545074462890625
2019-06-12,24.438636779785156
2019-06-13,24.50959587097168
2019-06-14,24.289630889892578
2019-06-17,24.33811378479004
2019-06-18,24.746116638183594
2019-06-19,24.86556053161621
2019-06-20,25.208520889282227
2019-06-21,25.075428009033203
2019-06-24,25.054079055786133
2019-06-25,24.615201950073242
2019-06-26,24.851245880126953
2019-06-27,24.96630096435547
2019-06-28,25.014928817749023
2019-07-01,25.38146209716797
2019-07-02,25.456188201904297
2019-07-03,25.638853073120117
2019-07-05,25.599712371826172
2019-07-08,25.409927368164062
2019-07-09,25.506006240844727
2019-07-10,25.70172119140625
2019-07-11,25.78712272644043
2019-07-12,25.993513107299805
2019-07-15,26.057573318481445
2019-07-16,25.836944580078125
2019-07-17,25.77408218383789
2019-07-18,25.956748962402344
2019-07-19,25.815587997436523
2019-07-22,26.095529556274414
2019-07-23,26.243797302246094
2019-07-24,26.489334106445312
2019-07-25,26.30191993713379
2019-07-26,26.48459243774414
2019-07-29,26.443069458007812
2019-07-30,26.28294563293457
2019-07-31,25.899808883666992
2019-08-01,25.769338607788086
2019-08-02,25.288944244384766
2019-08-05,24.249866485595703
2019-08-06,24.60452651977539
2019-08-07,24.772958755493164
2019-08-08,25.386205673217773
2019-08-09,25.096778869628906
2019-08-12,24.763471603393555
2019-08-13,25.358922958374023
2019-08-14,24.57961654663086
2019-08-15,24.530981063842773
2019-08-16,24.972232818603516
2019-08-19,25.341129302978516
2019-08-20,25.22844696044922
2019-08-21,25.520238876342773
2019-08-22,25.459747314453125
2019-08-23,24.647226333618164
2019-08-26,24.959186553955078
2019-08-27,24.897510528564453
2019-08-28,24.90937042236328
2019-08-29,25.348243713378906
2019-08-30,25.331640243530273
2019-09-03,25.01967430114746
2019-09-04,25.45262908935547
2019-09-05,25.967418670654297
2019-09-06,25.93065643310547
2019-09-09,25.73137664794922
2019-09-10,25.6032657623291
2019-09-11,25.866601943969727
2019-09-12,25.98758888244629
2019-09-13,25.803733825683594
2019-09-16,25.778827667236328
2019-09-17,25.87134552001953
2019-09-18,25.885578155517578
2019-09-19,25.943696975708008
2019-09-20,25.66851234436035
2019-09-23,25.725446701049805
2019-09-24,25.434837341308594
2019-09-25,25.738496780395508
2019-09-26,25.762781143188477
2019-09-27,25.38889503479004
2019-09-30,25.66633415222168
2019-10-01,25.435335159301758
2019-10-02,24.959033966064453
2019-10-03,25.281723022460938
2019-10-04,25.709199905395508
2019-10-07,25.628231048583984
2019-10-08,25.13050079345703
2019-10-09,25.488916397094727
2019-10-10,25.642515182495117
2019-10-11,26.017602920532227
2019-10-14,26.01641273498535
2019-10-15,26.28670883178711
2019-10-16,26.05689811706543
2019-10-17,26.031890869140625
2019-10-18,25.756834030151367
2019-10-21,26.015220642089844
2019-10-22,25.662765502929688
2019-10-23,25.688961029052734
2019-10-24,26.081905364990234
2019-10-25,26.396249771118164
2019-10-28,26.698699951171875
2019-10-29,26.481992721557617
2019-10-30,26.660600662231445
2019-10-31,26.629638671875
2019-11-01,26.976144790649414
2019-11-04,27.09879493713379
2019-11-05,27.07259750366211
2019-11-06,27.045209884643555
2019-11-07,27.26430320739746
2019-11-08,27.410762786865234
2019-11-11,27.445297241210938
2019-11-12,27.532217025756836
2019-11-13,27.594139099121094
2019-11-14,27.56079864501953
2019-11-15,27.790603637695312
2019-11-18,27.85610580444336
2019-11-19,27.947786331176758
2019-11-20,27.801326751708984
2019-11-21,27.650108337402344
2019-11-22,27.642959594726562
2019-11-25,28.048995971679688
2019-11-26,28.064483642578125
2019-11-27,28.23832893371582
2019-11-29,28.11925506591797
2019-12-02,27.719158172607422
2019-12-03,27.498886108398438
2019-12-04,27.591753005981445
2019-12-05,27.667964935302734
2019-12-06,27.971599578857422
2019-12-09,27.827524185180664
2019-12-10,27.815616607666016
2019-12-11,27.99898910522461
2019-12-12,28.27166175842285
2019-12-13,28.45504379272461
2019-12-16,28.710678100585938
2019-12-17,28.65574836730957
2019-12-18,28.665302276611328
2019-12-19,28.85395050048828
2019-12-20,29.015140533447266
2019-12-23,29.113052368164062
2019-12-24,29.115436553955078
2019-12-26,29.33990478515625
2019-12-27,29.329160690307617
2019-12-30,29.154842376708984
2019-12-31,29.234830856323242
2020-01-02,29.770936965942383
2020-01-03,29.458112716674805
2020-01-06,29.556015014648438
2020-01-07,29.55243492126465
2020-01-08,29.86406898498535
2020-01-09,30.1995792388916
2020-01-10,30.1339111328125
2020-01-13,30.537477493286133
2020-01-14,30.37509536743164
2020-01-15,30.400169372558594
2020-01-16,30.816869735717773
2020-01-17,30.999553680419922
2020-01-21,30.954177856445312
2020-01-22,31.081933975219727
2020-01-23,31.235960006713867
2020-01-24,31.074771881103516
2020-01-27,30.333303451538086
2020-01-28,30.910003662109375
2020-01-29,30.941051483154297
2020-01-30,31.18820571899414
2020-01-31,30.34882926940918
2020-02-03,30.729711532592773
2020-02-04,31.533262252807617
2020-02-05,31.682510375976562
2020-02-06,31.93682861328125
2020-02-07,31.638336181640625
2020-02-10,32.0323486328125
2020-02-11,31.973854064941406
2020-02-12,32.31413269042969
2020-02-13,32.24846649169922
2020-02-14,32.37862014770508
2020-02-18,32.26040267944336
2020-02-19,32.62098693847656
2020-02-20,32.31891632080078
2020-02-21,31.602519989013672
2020-02-24,30.30942726135254
2020-02-25,29.345876693725586
2020-02-26,29.413936614990234
2020-02-27,27.891597747802734
2020-02-28,28.13636016845703
2020-03-02,29.61332893371582
2020-03-03,28.53277587890625
2020-03-04,29.696910858154297
2020-03-05,28.767986297607422
2020-03-06,28.157855987548828
2020-03-09,25.9871826171875
2020-03-10,27.630613327026367
2020-03-11,26.301342010498047
2020-03-12,23.713518142700195
2020-03-13,26.325313568115234
2020-03-16,22.774995803833008
2020-03-17,24.14742088317871
2020-03-18,23.33595085144043
2020-03-19,23.373109817504883
2020-03-20,22.432188034057617
2020-03-23,22.233219146728516
2020-03-24,24.54416275024414
2020-03-25,24.556150436401367
2020-03-26,26.073610305786133
2020-03-27,24.920528411865234
2020-03-30,25.906999588012695
2020-03-31,25.39878273010254
2020-04-01,24.197755813598633
2020-04-02,24.67121696472168
2020-04-03,24.273273468017578
2020-04-06,26.340892791748047
2020-04-07,26.140722274780273
2020-04-08,26.891063690185547
2020-04-09,26.954586029052734
2020-04-13,27.015718460083008
2020-04-14,28.112459182739258
2020-04-15,27.503559112548828
2020-04-16,27.788827896118164
2020-04-17,28.235910415649414
2020-04-20,27.767253875732422
2020-04-21,26.626169204711914
2020-04-22,27.635406494140625
2020-04-23,27.49396514892578
2020-04-24,28.034549713134766
2020-04-27,28.353378295898438
2020-04-28,27.993793487548828
2020-04-29,29.188817977905273
2020-04-30,29.006620407104492
2020-05-01,28.173585891723633
2020-05-04,28.51998519897461
2020-05-05,28.96108055114746
2020-05-06,29.169639587402344
2020-05-07,29.694639205932617
2020-05-08,30.134531021118164
2020-05-11,30.341894149780273
2020-05-12,29.689842224121094
2020-05-13,29.162446975708008
2020-05-14,29.51365089416504
2020-05-15,29.687448501586914
2020-05-18,30.403018951416016
2020-05-19,30.310728073120117
2020-05-20,31.00473403930664
2020-05-21,30.62116813659668
2020-05-22,30.77100372314453
2020-05-26,30.792573928833008
2020-05-27,30.963973999023438
2020-05-28,30.901647567749023
2020-05-29,31.287599563598633
2020-06-01,31.388288497924805
2020-06-02,31.66876792907715
2020-06-03,31.963638305664062
2020-06-04,31.649585723876953
2020-06-05,32.414302825927734
2020-06-08,32.613277435302734
2020-06-09,32.6863899230957
2020-06-10,33.17303466796875
2020-06-11,31.282808303833008
2020-06-12,31.66756820678711
2020-06-15,32.06190872192383
2020-06-16,32.73673629760742
2020-06-17,32.71156692504883
2020-06-18,32.89015197753906
2020-06-19,32.672019958496094
2020-06-22,33.27701950073242
2020-06-23,33.49571228027344
2020-06-24,32.73870086669922
2020-06-25,33.173675537109375
2020-06-26,32.56086730957031
2020-06-29,32.89250183105469
2020-06-30,33.48969650268555
2020-07-01,33.56900405883789
2020-07-02,33.75285339355469
2020-07-06,34.28635787963867
2020-07-07,33.97154235839844
2020-07-08,34.5615234375
2020-07-09,34.700904846191406
2020-07-10,34.63361358642578
2020-07-13,33.842960357666016
2020-07-14,34.24790573120117
2020-07-15,34.4617919921875
2020-07-16,34.02680969238281
2020-07-17,34.22867965698242
2020-07-20,35.12746810913086
2020-07-21,34.78862380981445
2020-07-22,35.050575256347656
2020-07-23,34.189022064208984
2020-07-24,33.748046875
2020-07-27,34.320011138916016
2020-07-28,33.910255432128906
2020-07-29,34.49061965942383
2020-07-30,34.663665771484375
2020-07-31,35.47953796386719
2020-08-03,36.309844970703125
2020-08-04,36.42880630493164
2020-08-05,36.58861541748047
2020-08-06,37.02960968017578
2020-08-07,36.43120574951172
2020-08-10,36.31585693359375
2020-08-11,35.67300033569336
2020-08-12,36.455238342285156
2020-08-13,36.544158935546875
2020-08-14,36.454036712646484
2020-08-17,36.766448974609375
2020-08-18,36.87580108642578
2020-08-19,36.81812286376953
2020-08-20,37.29275131225586
2020-08-21,37.680870056152344
2020-08-24,37.98726272583008
2020-08-25,38.1687126159668
2020-08-26,38.958160400390625
2020-08-27,38.93413162231445
2020-08-28,39.31023025512695
2020-08-31,39.43038558959961
2020-09-01,40.368831634521484
2020-09-02,40.65721893310547
2020-09-03,38.25282287597656
2020-09-04,37.64481735229492
2020-09-08,36.004638671875
2020-09-09,37.14134216308594
2020-09-10,36.35790252685547
2020-09-11,36.066078186035156
2020-09-14,36.83329391479492
2020-09-15,37.235557556152344
2020-09-16,36.677921295166016
2020-09-17,36.34911346435547
2020-09-18,35.81555938720703
2020-09-21,36.145565032958984
2020-09-22,36.7453727722168
2020-09-23,35.646949768066406
2020-09-24,35.75654602050781
2020-09-25,36.657440185546875
2020-09-28,37.33673858642578
2020-09-29,37.2343635559082
2020-09-30,37.511375427246094
2020-10-01,37.97867965698242
2020-10-02,37.10429382324219
2020-10-05,37.94737243652344
2020-10-06,37.42465591430664
2020-10-07,38.132850646972656
2020-10-08,38.300262451171875
2020-10-09,38.947025299072266
2020-10-12,39.92862319946289
2020-10-13,39.734718322753906
2020-10-14,39.511898040771484
2020-10-15,39.3625602722168
2020-10-16,39.23728942871094
2020-10-19,38.63749694824219
2020-10-20,38.68688201904297
2020-10-21,38.548370361328125
2020-10-22,38.39542007446289
2020-10-23,38.37253189086914
2020-10-26,37.543888092041016
2020-10-27,37.71251678466797
2020-10-28,36.20698928833008
2020-10-29,36.72007369995117
2020-10-30,35.89023971557617
2020-11-02,35.964900970458984
2020-11-03,36.616493225097656
2020-11-04,38.06420135498047
2020-11-05,39.27583312988281
2020-11-06,39.45890808105469
2020-11-09,39.0469970703125
2020-11-10,38.24003601074219
2020-11-11,39.17466354370117
2020-11-12,38.86994552612305
2020-11-13,39.17586898803711
2020-11-16,39.561279296875
2020-11-17,39.446868896484375
2020-11-18,39.03615188598633
2020-11-19,39.46372604370117
2020-11-20,39.14696502685547
2020-11-23,39.17225646972656
2020-11-24,39.63715744018555
2020-11-25,39.8226318359375
2020-11-27,40.11771774291992
2020-11-30,40.38750457763672
2020-12-01,40.72233581542969
2020-12-02,40.67295455932617
2020-12-03,40.698246002197266
2020-12-04,41.15472412109375
2020-12-07,41.25709533691406
2020-12-08,41.44377517700195
2020-12-09,40.59346389770508
2020-12-10,40.77292251586914
2020-12-11,40.700645446777344
2020-12-14,40.87528991699219
2020-12-15,41.55458450317383
2020-12-16,41.85689163208008
2020-12-17,42.23823165893555
2020-12-18,42.12480163574219
2020-12-21,42.237030029296875
2020-12-22,42.693199157714844
2020-12-23,42.30461502075195
2020-12-24,42.58578872680664
2020-12-28,42.88508224487305
2020-12-29,42.60148239135742
2020-12-30,42.658206939697266
2020-12-31,42.69560623168945
2021-01-04,41.98600769042969
2021-01-05,42.33116149902344
2021-01-06,41.6287956237793
2021-01-07,42.813880920410156
2021-01-08,43.1264533996582
2021-01-11,42.75838088989258
2021-01-12,42.69560623168945
2021-01-13,42.909217834472656
2021-01-14,42.64131164550781
2021-01-15,42.192378997802734
2021-01-19,42.71854019165039
2021-01-20,43.5271110534668
2021-01-21,44.031551361083984
2021-01-22,43.90242385864258
2021-01-25,44.198089599609375
2021-01-26,44.05690383911133
2021-01-27,43.17230224609375
2021-01-28,43.401607513427734
2021-01-29,42.39512252807617
2021-02-01,43.45952224731445
2021-02-02,44.1522331237793
2021-02-03,43.98930740356445
2021-02-04,44.72789001464844
2021-02-05,44.736328125
2021-02-08,45.24922180175781
2021-02-09,45.26370620727539
2021-02-10,45.1828498840332
2021-02-11,45.67523193359375
2021-02-12,45.932281494140625
2021-02-16,45.754878997802734
2021-02-17,45.26490020751953
2021-02-18,45.057334899902344
2021-02-19,45.11164093017578
2021-02-22,44.013450622558594
2021-02-23,43.762428283691406
2021-02-24,44.364620208740234
2021-02-25,42.717342376708984
2021-02-26,43.02265548706055
2021-03-01,44.441864013671875
2021-03-02,43.6562385559082
2021-03-03,42.4578742980957
2021-03-04,41.37537384033203
2021-03-05,42.04514694213867
2021-03-08,40.96022415161133
2021-03-09,42.52787780761719
2021-03-10,42.34684753417969
2021-03-11,43.393150329589844
2021-03-12,43.07697677612305
2021-03-15,43.60795593261719
2021-03-16,43.84207534790039
2021-03-17,43.85536193847656
2021-03-18,42.44942855834961
2021-03-19,42.4240837097168
2021-03-22,43.19886016845703
2021-03-23,42.87302017211914
2021-03-24,42.2153205871582
2021-03-25,42.22496032714844
2021-03-26,43.23192596435547
2021-03-29,42.90670394897461
2021-03-30,42.63468551635742
2021-03-31,43.340728759765625
2021-04-01,44.24504852294922
2021-04-05,45.028465270996094
2021-04-06,44.94746780395508
2021-04-07,45.10947036743164
2021-04-08,45.796173095703125
2021-04-09,46.177001953125
2021-04-12,46.02466583251953
2021-04-13,46.520347595214844
2021-04-14,46.01620101928711
2021-04-15,46.79841613769531
2021-04-16,46.725868225097656
2021-04-19,46.284603118896484
2021-04-20,45.81550598144531
2021-04-21,46.29790115356445
2021-04-22,45.86750411987305
2021-04-23,46.536067962646484
2021-04-26,46.91326904296875
2021-04-27,46.74884033203125
2021-04-28,46.37889862060547
2021-04-29,46.23624038696289
2021-04-30,45.5713005065918
2021-05-03,45.38873291015625
2021-05-04,44.46872329711914
2021-05-05,44.33572006225586
2021-05-06,44.60653305053711
2021-05-07,45.03451919555664
2021-05-10,43.870269775390625
2021-05-11,43.83156967163086
2021-05-12,42.541587829589844
2021-05-13,43.02519607543945
2021-05-14,44.02138137817383
2021-05-17,43.690128326416016
2021-05-18,43.40360641479492
2021-05-19,43.555931091308594
2021-05-20,44.41791915893555
2021-05-21,44.205162048339844
2021-05-24,44.974063873291016
2021-05-25,44.988563537597656
2021-05-26,45.07683181762695
2021-05-27,44.88701248168945
2021-05-28,45.00791549682617
2021-06-01,44.80601501464844
2021-06-02,45.06110382080078
2021-06-03,44.578731536865234
2021-06-04,45.421382904052734
2021-06-07,45.4842529296875
2021-06-08,45.564056396484375
2021-06-09,45.539859771728516
2021-06-10,45.94971466064453
2021-06-11,46.23139953613281
2021-06-14,46.7415885925293
2021-06-15,46.42000961303711
2021-06-16,46.2253532409668
2021-06-17,46.821380615234375
2021-06-18,46.446598052978516
2021-06-21,46.86008071899414
2021-06-22,47.30982208251953
2021-06-23,47.27716827392578
2021-06-24,47.601173400878906
2021-06-25,47.59027862548828
2021-06-28,48.09760284423828
2021-06-29,48.44146728515625
2021-06-30,48.28285217285156
2021-07-01,48.29859924316406
2021-07-02,48.880985260009766
2021-07-06,49.12315368652344
2021-07-07,49.312034606933594
2021-07-08,48.83134460449219
2021-07-09,49.29265213012695
2021-07-12,49.28781509399414
2021-07-13,49.39436721801758
2021-07-14,49.60867691040039
2021-07-15,49.15705108642578
2021-07-16,48.70784378051758
2021-07-19,48.118194580078125
2021-07-20,48.90036392211914
2021-07-21,49.399208068847656
2021-07-22,49.72733688354492
2021-07-23,50.21528625488281
2021-07-26,50.227386474609375
2021-07-27,49.68010330200195
2021-07-28,49.732173919677734
2021-07-29,49.97796630859375
2021-07-30,49.91015625
2021-08-02,49.78666305541992
2021-08-03,50.063926696777344
2021-08-04,50.18864440917969
2021-08-05,50.50588607788086
2021-08-06,50.42717742919922
2021-08-09,50.30366897583008
2021-08-10,49.92469024658203
2021-08-11,49.881107330322266
2021-08-12,50.1511116027832
2021-08-13,50.37873840332031
2021-08-16,50.47197723388672
2021-08-17,50.04093551635742
2021-08-18,49.401634216308594
2021-08-19,49.773338317871094
2021-08-20,50.4029655456543
2021-08-23,51.11127853393555
2021-08-24,51.18391418457031
2021-08-25,51.18754959106445
2021-08-26,50.887271881103516
2021-08-27,51.46966552734375
2021-08-30,51.97940444946289
2021-08-31,51.66218948364258
2021-09-01,51.69608688354492
2021-09-02,51.73603820800781
2021-09-03,51.985469818115234
2021-09-07,51.93098068237305
2021-09-08,51.62950134277344
2021-09-09,51.4611930847168
2021-09-10,50.94660949707031
2021-09-13,50.950233459472656
2021-09-14,50.88606262207031
2021-09-15,51.320735931396484
2021-09-16,51.40670394897461
2021-09-17,50.716556549072266
2021-09-20,49.744285583496094
2021-09-21,49.76970672607422
2021-09-22,50.50588607788086
2021-09-23,51.15850067138672
2021-09-24,51.16334533691406
2021-09-27,50.66207504272461
2021-09-28,49.07834243774414
2021-09-29,48.966346740722656
2021-09-30,48.69453811645508
2021-10-01,49.370426177978516
2021-10-04,48.17274475097656
2021-10-05,48.8680534362793
2021-10-06,49.20539855957031
2021-10-07,49.73445510864258
2021-10-08,49.50026321411133
2021-10-11,49.223594665527344
2021-10-12,49.10710906982422
2021-10-13,49.519676208496094
2021-10-14,50.59236526489258
2021-10-15,50.947906494140625
2021-10-18,51.423583984375
2021-10-19,51.89683151245117
2021-10-20,51.796112060546875
2021-10-21,52.019386291503906
2021-10-22,51.79853820800781
2021-10-25,52.04121780395508
2021-10-26,52.11040115356445
2021-10-27,51.913818359375
2021-10-28,52.444087982177734
2021-10-29,52.683143615722656
2021-11-01,52.746238708496094
2021-11-02,53.10664749145508
2021-11-03,53.42699432373047
2021-11-04,54.190242767333984
2021-11-05,54.37348556518555
2021-11-08,54.762996673583984
2021-11-09,54.61738586425781
2021-11-10,53.59686279296875
2021-11-11,53.88688659667969
2021-11-12,54.532432556152344
2021-11-15,54.45963668823242
2021-11-16,55.02753448486328
2021-11-17,54.7957649230957
2021-11-18,55.19013214111328
2021-11-19,55.51169967651367
2021-11-22,54.68290710449219
2021-11-23,54.43293380737305
2021-11-24,54.88555145263672
2021-11-26,53.6490478515625
2021-11-29,54.86614227294922
2021-11-30,54.324947357177734
2021-12-01,53.33354568481445
2021-12-02,53.90752410888672
2021-12-03,52.90642166137695
2021-12-06,53.35662078857422
2021-12-07,55.28599548339844
2021-12-08,55.65488052368164
2021-12-09,54.93287658691406
2021-12-10,55.82355880737305
2021-12-13,55.00447463989258
2021-12-14,54.104087829589844
2021-12-15,55.53596878051758
2021-12-16,53.92537307739258
2021-12-17,53.738162994384766
2021-12-20,53.10725021362305
2021-12-21,54.539268493652344
2021-12-22,55.19084548950195
2021-12-23,55.4923210144043
2021-12-27,56.66054153442383
2021-12-28,56.264251708984375
2021-12-29,56.26911163330078
2021-12-30,55.974918365478516
2021-12-31,55.6965446472168
2022-01-03,56.162132263183594
2022-01-04,55.452213287353516
2022-01-05,53.61173629760742
2022-01-06,53.40873336791992
2022-01-07,52.86290740966797
2022-01-10,52.91883850097656
2022-01-11,53.61782455444336
2022-01-12,53.79286575317383
2022-01-13,52.272117614746094
2022-01-14,52.69394302368164
2022-01-18,51.349449157714844
2022-01-19,50.63344192504883
2022-01-20,50.003753662109375
2022-01-21,48.920623779296875
2022-01-24,49.23668670654297
2022-01-25,48.02713394165039
2022-01-26,48.19368362426758
2022-01-27,47.78522872924805
2022-01-28,49.82140350341797
2022-01-31,51.33123016357422
2022-02-01,51.54396057128906
2022-02-02,51.8113899230957
2022-02-03,50.1970329284668
2022-02-04,50.5799560546875
2022-02-07,50.33197784423828
2022-02-08,50.981117248535156
2022-02-09,52.23321533203125
2022-02-10,50.95801544189453
2022-02-11,49.34974670410156
2022-02-14,49.341224670410156
2022-02-15,50.76230239868164
2022-02-16,50.67234802246094
2022-02-17,49.005714416503906
2022-02-18,48.39303970336914
2022-02-22,47.917724609375
2022-02-23,46.705745697021484
2022-02-24,48.39303970336914
2022-02-25,49.089599609375
2022-02-28,49.10054016113281
2022-03-01,48.15599060058594
2022-03-02,49.15888977050781
2022-03-03,48.39426040649414
2022-03-04,47.429039001464844
2022-03-07,45.650577545166016
2022-03-08,45.42569351196289
2022-03-09,47.362178802490234
2022-03-10,46.5440673828125
2022-03-11,45.57643127441406
2022-03-14,44.59055709838867
2022-03-15,46.08942794799805
2022-03-16,47.776710510253906
2022-03-17,48.29579162597656
2022-03-18,49.40201950073242
2022-03-21,49.27680206298828
2022-03-22,50.06575012207031
2022-03-23,49.30353927612305
2022-03-24,50.592689514160156
2022-03-25,50.474578857421875
2022-03-28,51.098026275634766
2022-03-29,52.228004455566406
2022-03-30,51.43653869628906
2022-03-31,50.71323776245117
2022-04-01,50.56468200683594
2022-04-04,51.55950927734375
2022-04-05,50.340633392333984
2022-04-06,48.9890251159668
2022-04-07,49.1412353515625
2022-04-08,48.42037582397461
2022-04-11,47.273345947265625
2022-04-12,47.14427185058594
2022-04-13,47.96619415283203
2022-04-14,46.780181884765625
2022-04-18,46.83498001098633
2022-04-19,47.77865982055664
2022-04-20,47.58141326904297
2022-04-21,46.66572570800781
2022-04-22,45.376220703125
2022-04-25,46.116546630859375
2022-04-26,44.36068344116211
2022-04-27,44.838016510009766
2022-04-28,46.65233612060547
2022-04-29,44.712589263916016
2022-05-02,45.45171356201172
2022-05-03,45.48093795776367
2022-05-04,47.05780792236328
2022-05-05,44.65536117553711
2022-05-06,44.17073059082031
2022-05-09,42.26874542236328
2022-05-10,42.882442474365234
2022-05-11,41.4139404296875
2022-05-12,41.109527587890625
2022-05-13,42.664485931396484
2022-05-16,42.15550231933594
2022-05-17,43.348812103271484
2022-05-18,41.350624084472656
2022-05-19,41.062034606933594
2022-05-20,41.12900161743164
2022-05-23,41.9996452331543
2022-05-24,41.187461853027344
2022-05-25,41.77802658081055
2022-05-26,42.83739471435547
2022-05-27,44.33024597167969
2022-05-31,43.96981430053711
2022-06-01,43.80057144165039
2022-06-02,45.00483322143555
2022-06-03,43.86144256591797
2022-06-06,43.887020111083984
2022-06-07,44.47027587890625
2022-06-08,43.991737365722656
2022-06-09,42.75458526611328
2022-06-10,41.0766487121582
2022-06-13,39.14421844482422
2022-06-14,39.36217498779297
2022-06-15,40.232810974121094
2022-06-16,38.4744987487793
2022-06-17,38.94208908081055
2022-06-21,39.925960540771484
2022-06-22,39.788360595703125
2022-06-23,40.47589111328125
2022-06-24,41.96780776977539
2022-06-27,41.664066314697266
2022-06-28,40.375858306884766
2022-06-29,40.40757751464844
2022-06-30,39.835453033447266
2022-07-01,39.95500564575195
2022-07-05,40.566165924072266
2022-07-06,40.847957611083984
2022-07-07,41.75677490234375
2022-07-08,41.78605270385742
2022-07-11,41.11754608154297
2022-07-12,40.55396270751953
2022-07-13,40.46002960205078
2022-07-14,40.73206329345703
2022-07-15,41.479854583740234
2022-07-18,41.10535430908203
2022-07-19,42.34231948852539
2022-07-20,43.13402557373047
2022-07-21,43.761051177978516
2022-07-22,43.077911376953125
2022-07-25,42.80099105834961
2022-07-26,41.994651794433594
2022-07-27,43.81106185913086
2022-07-28,44.4356575012207
2022-07-29,45.16026306152344
2022-08-01,45.079750061035156
2022-08-02,44.84674835205078
2022-08-03,46.147151947021484
2022-08-04,46.29353713989258
2022-08-05,46.22156524658203
2022-08-08,45.900733947753906
2022-08-09,45.3371467590332
2022-08-10,46.720497131347656
2022-08-11,46.44968032836914
2022-08-12,47.414608001708984
2022-08-15,47.7012939453125
2022-08-16,47.53539276123047
2022-08-17,47.13526153564453
2022-08-18,47.38167953491211
2022-08-19,46.469207763671875
2022-08-22,45.19442367553711
2022-08-23,45.08829116821289
2022-08-24,45.16147994995117
2022-08-25,45.98124313354492
2022-08-26,44.034297943115234
2022-08-29,43.46583938598633
2022-08-30,43.02790069580078
2022-08-31,42.60825729370117
2022-09-01,42.23497009277344
2022-09-02,41.73847579956055
2022-09-06,41.43595504760742
2022-09-07,42.09590148925781
2022-09-08,42.34963607788086
2022-09-09,43.264556884765625
2022-09-12,43.95013427734375
2022-09-13,41.64820861816406
2022-09-14,41.828758239746094
2022-09-15,40.897979736328125
2022-09-16,40.59178161621094
2022-09-19,40.91017150878906
2022-09-20,40.656436920166016
2022-09-21,40.0403938293457
2022-09-22,39.513397216796875
2022-09-23,38.95347595214844
2022-09-26,38.699729919433594
2022-09-27,38.83880615234375
2022-09-28,39.28928756713867
2022-09-29,38.280460357666016
2022-09-30,37.58589172363281
2022-10-03,38.72678756713867
2022-10-04,40.08290481567383
2022-10-05,40.21006774902344
2022-10-06,39.90558624267578
2022-10-07,38.2449951171875
2022-10-10,37.554100036621094
2022-10-11,36.942684173583984
2022-10-12,36.810630798339844
2022-10-13,37.86470413208008
2022-10-14,36.787391662597656
2022-10-17,37.95030212402344
2022-10-18,38.34038543701172
2022-10-19,38.15206527709961
2022-10-20,38.17285919189453
2022-10-21,39.17801284790039
2022-10-24,39.64023971557617
2022-10-25,40.50844192504883
2022-10-26,39.694034576416016
2022-10-27,39.28317642211914
2022-10-28,40.864288330078125
2022-10-31,40.377601623535156
2022-11-01,40.06577682495117
2022-11-02,38.58372116088867
2022-11-03,37.48562240600586
2022-11-04,37.972312927246094
2022-11-07,38.5348014831543
2022-11-08,38.893089294433594
2022-11-09,37.85736846923828
2022-11-10,41.064823150634766
2022-11-11,41.9024658203125
2022-11-14,41.502601623535156
2022-11-15,42.10177230834961
2022-11-16,41.38398361206055
2022-11-17,41.36074447631836
2022-11-18,41.4072151184082
2022-11-21,40.9144172668457
2022-11-22,41.64689254760742
2022-11-23,42.092002868652344
2022-11-25,41.8278694152832
2022-11-28,40.943763732910156
2022-11-29,40.56468963623047
2022-11-30,42.54689025878906
2022-12-01,42.69729232788086
2022-12-02,42.457618713378906
2022-12-05,41.64933776855469
2022-12-06,40.74445343017578
2022-12-07,40.55857467651367
2022-12-08,41.26537322998047
2022-12-09,41.01469802856445
2022-12-12,41.91468811035156
2022-12-13,42.41481018066406
2022-12-14,42.098106384277344
2022-12-15,40.50343322753906
2022-12-16,39.97382736206055
2022-12-19,39.39763641357422
2022-12-20,39.48468017578125
2022-12-21,40.10990905761719
2022-12-22,39.11567306518555
2022-12-23,39.13038635253906
2022-12-27,38.74789810180664
2022-12-28,38.13861846923828
2022-12-29,39.178192138671875
2022-12-30,39.157352447509766
2023-01-03,38.78223419189453
2023-01-04,38.950172424316406
2023-01-05,38.14351272583008
2023-01-06,39.234588623046875
2023-01-09,39.7261848449707
2023-01-10,39.98362350463867
2023-01-11,40.65788650512695
2023-01-12,40.97540283203125
2023-01-13,41.14826202392578
2023-01-17,41.354209899902344
2023-01-18,40.83319854736328
2023-01-19,40.331790924072266
2023-01-20,41.460872650146484
2023-01-23,42.445289611816406
2023-01-24,42.37418746948242
2023-01-25,42.28470230102539
2023-01-26,42.957733154296875
2023-01-27,43.15510177612305
2023-01-30,42.31167221069336
2023-01-31,42.95405197143555
2023-02-01,44.00834655761719
2023-02-02,45.320098876953125
2023-02-03,44.83953094482422
2023-02-06,44.251094818115234
2023-02-07,45.31151580810547
2023-02-08,44.73777770996094
2023-02-09,44.548988342285156
2023-02-10,44.26579666137695
2023-02-13,45.018516540527344
2023-02-14,45.25757598876953
2023-02-15,45.57631301879883
2023-02-16,44.74513244628906
2023-02-17,44.197139739990234
2023-02-21,43.12813949584961
2023-02-22,43.118324279785156
2023-02-23,43.78155517578125
2023-02-24,43.02025604248047
2023-02-27,43.21272277832031
2023-02-28,43.16736602783203
2023-03-01,42.83391189575195
2023-03-02,43.34267044067383
2023-03-03,44.25230407714844
2023-03-06,44.412906646728516
2023-03-07,43.86614227294922
2023-03-08,44.21308517456055
2023-03-09,43.51675033569336
2023-03-10,42.656158447265625
2023-03-13,42.85475540161133
2023-03-14,43.8220100402832
2023-03-15,43.806068420410156
2023-03-16,45.0025749206543
2023-03-17,44.879981994628906
2023-03-20,45.01728820800781
2023-03-21,45.52482223510742
2023-03-22,44.9719352722168
2023-03-23,45.60695266723633
2023-03-24,45.689517974853516
2023-03-27,45.403282165527344
2023-03-28,45.20794677734375
2023-03-29,46.13175964355469
2023-03-30,46.59735870361328
2023-03-31,47.35409927368164
2023-04-03,47.291446685791016
2023-04-04,46.99169921875
2023-04-05,46.42660140991211
2023-04-06,46.667381286621094
2023-04-10,46.640350341796875
2023-04-11,46.293922424316406
2023-04-12,46.01628494262695
2023-04-13,46.90693283081055
2023-04-14,46.72757339477539
2023-04-17,46.8971061706543
2023-04-18,47.029781341552734
2023-04-19,46.93151092529297
2023-04-20,46.59489822387695
2023-04-21,46.45731735229492
2023-04-24,46.255836486816406
2023-04-25,45.25708770751953
2023-04-26,45.85904312133789
2023-04-27,46.72757339477539
2023-04-28,47.21773910522461
2023-05-01,47.266883850097656
2023-05-02,46.73740005493164
2023-05-03,46.406951904296875
2023-05-04,46.218990325927734
2023-05-05,47.44131851196289
2023-05-08,47.4916877746582
2023-05-09,47.146488189697266
2023-05-10,47.65999221801758
2023-05-11,47.458518981933594
2023-05-12,47.36392593383789
2023-05-15,47.763179779052734
2023-05-16,47.73124313354492
2023-05-17,48.43024826049805
2023-05-18,49.38108444213867
2023-05-19,49.291412353515625
2023-05-22,49.41794204711914
2023-05-23,48.664886474609375
2023-05-24,48.3639030456543
2023-05-25,50.08622741699219
2023-05-26,51.41544723510742
2023-05-30,51.684478759765625
2023-05-31,51.21274948120117
2023-06-01,51.740989685058594
2023-06-02,52.099708557128906
2023-06-05,51.820838928222656
2023-06-06,51.90684127807617
2023-06-07,51.134124755859375
2023-06-08,51.64885330200195
2023-06-09,51.863834381103516
2023-06-12,52.946128845214844
2023-06-13,53.32695388793945
2023-06-14,53.76797866821289
2023-06-15,54.469444274902344
2023-06-16,53.998931884765625
2023-06-20,53.684444427490234
2023-06-21,52.86136245727539
2023-06-22,53.29624557495117
2023-06-23,52.67708969116211
2023-06-26,52.24958801269531
2023-06-27,53.30607604980469
2023-06-28,53.443660736083984
2023-06-29,53.5588264465332
2023-06-30,54.40287399291992
2023-07-03,54.310585021972656
2023-07-05,53.97346878051758
2023-07-06,53.76430892944336
2023-07-07,53.580970764160156
2023-07-10,53.796295166015625
2023-07-11,53.999305725097656
2023-07-12,54.56406021118164
2023-07-13,55.377342224121094
2023-07-14,55.17924499511719
2023-07-17,55.913787841796875
2023-07-18,56.546207427978516
2023-07-19,56.3973274230957
2023-07-20,55.203857421875
2023-07-21,55.109107971191406
2023-07-24,55.1718635559082
2023-07-25,55.79936218261719
2023-07-26,55.15709686279297
2023-07-27,54.90365219116211
2023-07-28,55.68370819091797
2023-07-31,55.959312438964844
2023-08-01,55.98884582519531
2023-08-02,54.49884796142578
2023-08-03,54.283531188964844
2023-08-04,53.5748176574707
2023-08-07,53.664634704589844
2023-08-08,53.165103912353516
2023-08-09,52.42071533203125
2023-08-10,52.46992874145508
2023-08-11,52.125431060791016
2023-08-14,52.894412994384766
2023-08-15,52.37149429321289
2023-08-16,51.87565231323242
2023-08-17,51.30845260620117
2023-08-18,51.40810012817383
2023-08-21,52.29275131225586
2023-08-22,52.312442779541016
2023-08-23,53.26230239868164
2023-08-24,52.0257568359375
2023-08-25,52.54867935180664
2023-08-28,52.95224380493164
2023-08-29,54.01898956298828
2023-08-30,54.46439743041992
2023-08-31,54.73753356933594
2023-09-01,54.95778274536133
2023-09-05,55.05128479003906
2023-09-06,54.421329498291016
2023-09-07,53.606815338134766
2023-09-08,53.67570877075195
2023-09-11,53.93041229248047
2023-09-12,52.9854736328125
2023-09-13,53.05683135986328
2023-09-14,53.428401947021484
2023-09-15,52.456398010253906
2023-09-18,52.669254302978516
2023-09-19,52.57574462890625
2023-09-20,51.80183029174805
2023-09-21,50.94301986694336
2023-09-22,51.08451843261719
2023-09-25,51.28752517700195
2023-09-26,50.37212371826172
2023-09-27,50.52714157104492
2023-09-28,50.957603454589844
2023-09-29,51.15858459472656
2023-10-02,51.62960433959961
2023-10-03,50.64811706542969
2023-10-04,51.23256301879883
2023-10-05,51.276954650878906
2023-10-06,52.305301666259766
2023-10-09,52.54574966430664
2023-10-10,52.719608306884766
2023-10-11,53.137611389160156
2023-10-12,53.011837005615234
2023-10-13,52.16227722167969
2023-10-16,52.76152801513672
2023-10-17,52.535888671875
2023-10-18,51.8157958984375
2023-10-19,51.44710922241211
2023-10-20,50.53960037231445
2023-10-23,50.54823684692383
2023-10-24,50.99705505371094
2023-10-25,50.154903411865234
2023-10-26,49.267112731933594
2023-10-27,49.47179412841797
2023-10-30,49.90705490112305
2023-10-31,50.28312683105469
2023-11-01,51.10802459716797
2023-11-02,52.019248962402344
2023-11-03,52.759063720703125
2023-11-06,52.99827194213867
2023-11-07,53.64068603515625
2023-11-08,53.863861083984375
2023-11-09,53.54080581665039
2023-11-10,54.95509719848633
2023-11-13,54.68013000488281
2023-11-14,56.003177642822266
2023-11-15,56.075923919677734
2023-11-16,56.20046615600586
2023-11-17,56.225120544433594
2023-11-20,57.01796340942383
2023-11-21,56.54447555541992
2023-11-22,56.75163650512695
2023-11-24,56.68997573852539
2023-11-27,56.66038131713867
2023-11-28,56.76518630981445
2023-11-29,56.985904693603516
2023-11-30,56.96987533569336
2023-12-01,57.292930603027344
2023-12-04,56.70970916748047
2023-12-05,57.0167350769043
2023-12-06,56.521053314208984
2023-12-07,57.13139724731445
2023-12-08,57.64188003540039
2023-12-11,58.038917541503906
2023-12-12,58.385398864746094
2023-12-13,59.059871673583984
2023-12-14,59.17454528808594
2023-12-15,59.45936965942383
2023-12-18,59.59623718261719
2023-12-19,59.90068054199219
2023-12-20,58.939796447753906
2023-12-21,59.670963287353516
2023-12-22,59.72900390625
2023-12-26,60.024192810058594
2023-12-27,60.082237243652344
2023-12-28,60.121761322021484
2023-12-29,59.77717590332031
2024-01-02,58.2074089050293
2024-01-03,57.42808532714844
2024-01-04,57.08225631713867
2024-01-05,57.095848083496094
2024-01-08,58.549522399902344
2024-01-09,58.65326690673828
2024-01-10,59.150997161865234
2024-01-11,59.35848617553711
2024-01-12,59.49064254760742
2024-01-16,59.578330993652344
2024-01-17,59.25227737426758
2024-01-18,60.40458679199219
2024-01-19,61.71622848510742
2024-01-22,62.11885452270508
2024-01-23,62.37698745727539
2024-01-24,62.67587661743164
2024-01-25,62.8253173828125
2024-01-26,62.1732063293457
2024-01-29,62.89942169189453
2024-01-30,62.29424285888672
2024-01-31,61.00113296508789
2024-02-01,61.78786087036133
2024-02-02,62.39057540893555
2024-02-05,62.42021179199219
2024-02-06,62.314002990722656
2024-02-07,63.1192626953125
2024-02-08,63.43914794921875
2024-02-09,64.40126037597656
2024-02-12,63.9998779296875
2024-02-13,62.748748779296875
2024-02-14,63.58734893798828
2024-02-15,63.5379524230957
2024-02-16,62.86484146118164
2024-02-20,62.12256622314453
2024-02-21,61.59272003173828
2024-02-22,63.596004486083984
2024-02-23,63.381103515625
2024-02-26,63.546592712402344
2024-02-27,63.63922119140625
2024-02-28,63.34404373168945
2024-02-29,63.95045852661133
2024-03-01,65.13612365722656
2024-03-04,65.25716400146484
2024-03-05,63.68986892700195
2024-03-06,64.39632415771484
2024-03-07,65.47824096679688
2024-03-08,64.40743255615234
2024-03-11,64.13202667236328
2024-03-12,65.45848083496094
2024-03-13,64.7656021118164
2024-03-14,64.52229309082031
2024-03-15,63.675045013427734
2024-03-18,63.97392654418945
2024-03-19,64.24441528320312
2024-03-20,65.11512756347656
2024-03-21,65.29792022705078
2024-03-22,65.40180206298828
2024-03-25,65.13809204101562
2024-03-26,64.85211181640625
2024-03-27,65.00562286376953
2024-03-28,64.91400909423828
2024-04-01,65.04772186279297
2024-04-02,64.3135757446289
2024-04-03,64.446044921875
2024-04-04,63.40487289428711
2024-04-05,64.17616271972656
2024-04-08,64.08331298828125
2024-04-09,64.2281494140625
2024-04-10,63.6438102722168
2024-04-11,64.87191772460938
2024-04-12,63.71809387207031
2024-04-15,62.506072998046875
2024-04-16,62.543212890625
2024-04-17,61.61470413208008
2024-04-18,61.030364990234375
2024-04-19,59.41227722167969
2024-04-22,60.22441482543945
2024-04-23,61.21358871459961
2024-04-24,61.3113899230957
2024-04-25,61.336151123046875
2024-04-26,62.388458251953125
2024-04-29,62.63607406616211
2024-04-30,61.24825668334961
2024-05-01,60.584678649902344
2024-05-02,61.412906646728516
2024-05-03,63.07184600830078
2024-05-06,63.98426055908203
2024-05-07,63.71685028076172
2024-05-08,63.8096923828125
2024-05-09,63.74656295776367
2024-05-10,63.91370391845703
2024-05-13,64.22569274902344
2024-05-14,64.88677978515625
2024-05-15,66.37239074707031
2024-05-16,66.09135437011719
2024-05-17,65.930419921875
2024-05-20,66.76607513427734
2024-05-21,66.8292236328125
2024-05-22,66.8453140258789
2024-05-23,66.85027313232422
2024-05-24,67.5002212524414
2024-05-28,68.08084106445312
2024-05-29,67.84315490722656
2024-05-30,66.24363708496094
2024-05-31,66.1854476928711
2024-06-03,66.53333282470703
2024-06-04,66.57418823242188
2024-06-05,68.270263671875
2024-06-06,68.0771484375
2024-06-07,68.07218170166016
2024-06-10,68.30740356445312
2024-06-11,69.265625
2024-06-12,70.75495910644531
2024-06-13,71.4544448852539
2024-06-14,71.73174285888672
2024-06-17,72.60578155517578
2024-06-18,72.89672088623047
2024-06-20,71.89765167236328
2024-06-21,71.52500915527344
2024-06-24,70.21272277832031
2024-06-25,71.2179946899414
2024-06-26,71.3603515625
2024-06-27,71.50272369384766
2024-06-28,71.47693634033203
2024-07-01,72.17858123779297
2024-07-02,72.65831756591797
2024-07-03,73.49757385253906
2024-07-05,73.87194061279297
2024-07-08,74.3677978515625
2024-07-09,74.20912170410156
2024-07-10,75.22811126708984
2024-07-11,73.77896118164062
2024-07-12,74.46572875976562
2024-07-15,74.84754180908203
2024-07-16,74.93803405761719
2024-07-17,72.23808288574219
2024-07-18,71.86247253417969
2024-07-19,71.00959014892578
2024-07-22,72.42402648925781
2024-07-23,72.29015350341797
2024-07-24,69.45259857177734
2024-07-25,68.7992935180664
2024-07-26,69.6137466430664
2024-07-29,69.35713195800781
2024-07-30,68.0331802368164
2024-07-31,70.41331481933594
2024-08-01,67.86831665039062
2024-08-02,66.2034683227539
2024-08-05,63.88656997680664
2024-08-06,64.5212631225586
2024-08-07,63.771278381347656
2024-08-08,65.98033142089844
2024-08-09,66.40058135986328
2024-08-12,66.74518585205078
2024-08-13,68.67408752441406
2024-08-14,68.97655487060547
2024-08-15,70.83232879638672
2024-08-16,70.9959487915039
2024-08-19,71.98519897460938
2024-08-20,71.74470520019531
2024-08-21,72.15254211425781
2024-08-22,70.64266204833984
2024-08-23,71.90089416503906
2024-08-26,71.22032928466797
2024-08-27,71.55255126953125
2024-08-28,70.60919189453125
2024-08-29,70.4207534790039
2024-08-30,71.15214538574219
2024-09-03,68.01830291748047
2024-09-04,67.87203979492188
2024-09-05,67.7208023071289
2024-09-06,66.09436798095703
2024-09-09,66.98693084716797
2024-09-10,67.6662368774414
2024-09-11,69.61622619628906
2024-09-12,70.1517562866211
2024-09-13,70.5657958984375
2024-09-16,70.1517562866211
2024-09-17,70.11580657958984
2024-09-18,69.79225158691406
2024-09-19,71.85627746582031
2024-09-20,71.60462188720703
2024-09-23,71.57982635498047
2024-09-24,72.22569274902344
2024-09-25,72.27403259277344
2024-09-26,73.17030334472656
2024-09-27,72.62735748291016
2024-09-30,72.821044921875
2024-10-01,70.990966796875
2024-10-02,71.43791961669922
2024-10-03,71.71851348876953
2024-10-04,72.63729095458984
2024-10-07,72.1158218383789
2024-10-08,73.43064880371094
2024-10-09,74.25257873535156
2024-10-10,74.31963348388672
2024-10-11,74.54932403564453
2024-10-14,75.47306060791016
2024-10-15,74.11228942871094
2024-10-16,74.38668060302734
2024-10-17,74.67967987060547
2024-10-18,74.93669128417969
2024-10-21,75.35509490966797
2024-10-22,75.30296325683594
2024-10-23,74.13338470458984
2024-10-24,74.38542938232422
2024-10-25,74.73804473876953
2024-10-28,74.89075469970703
2024-10-29,75.77600860595703
2024-10-30,74.78275299072266
2024-10-31,72.29710388183594
2024-11-01,72.81482696533203
2024-11-04,72.74407196044922
2024-11-05,73.79816436767578
2024-11-06,76.10999298095703
2024-11-07,77.6694107055664
2024-11-08,77.53282928466797
2024-11-11,77.21623229980469
2024-11-12,77.35157012939453
2024-11-13,77.03992462158203
2024-11-14,76.72705078125
2024-11-15,74.86095428466797
2024-11-18,75.0807113647461
2024-11-19,76.00568389892578
2024-11-20,76.08638763427734
2024-11-21,76.8884506225586
2024-11-22,77.17401885986328
2024-11-25,77.13800811767578
2024-11-26,77.37142181396484
2024-11-27,76.57557678222656
2024-11-29,77.25719451904297
2024-12-02,78.01704406738281
2024-12-03,78.42180633544922
2024-12-04,80.01102447509766
2024-12-05,79.6112289428711
2024-12-06,80.02467346191406
2024-12-09,79.42748260498047
2024-12-10,78.28770446777344
2024-12-11,79.48583984375
2024-12-12,79.14067840576172
2024-12-13,79.5143814086914
2024-12-16,80.45054626464844
2024-12-17,79.95514678955078
2024-12-18,77.22746276855469
2024-12-19,77.29335021972656
2024-12-20,78.51404571533203
2024-12-23,79.24000549316406
2024-12-24,80.11016082763672
2024-12-26,80.24938201904297
2024-12-27,78.99761199951172
2024-12-30,78.01184844970703
2024-12-31,77.29459381103516
2025-01-02,77.23741912841797
2025-01-03,78.67440795898438
2025-01-06,79.75340270996094
2025-01-07,77.99942016601562
2025-01-08,77.91613006591797
2025-01-10,76.25538635253906
2025-01-13,75.63135528564453
2025-01-14,75.81159973144531
2025-01-15,77.49224853515625
2025-01-16,76.84211730957031
2025-01-17,77.99942016601562
2025-01-21,78.63712310791016
2025-01-22,80.21210479736328
2025-01-23,80.3451156616211
2025-01-24,79.57315826416016
2025-01-27,75.427490234375
2025-01-28,77.78064727783203
2025-01-29,77.05094909667969
2025-01-30,77.05841064453125
2025-01-31,76.64942932128906
2025-02-03,75.56049346923828
2025-02-04,76.57360076904297
2025-02-05,77.65384674072266
2025-02-06,77.9447250366211
2025-02-07,77.20136260986328
2025-02-10,78.17221069335938
2025-02-11,78.07026672363281
2025-02-12,77.96833801269531
2025-02-13,79.17786407470703
2025-02-14,79.54084014892578
2025-02-18,80.066650390625
2025-02-19,80.01195526123047
2025-02-20,79.74470520019531
2025-02-21,77.58547973632812
2025-02-24,76.45427703857422
2025-02-25,75.3243179321289
2025-02-26,75.88618469238281
2025-02-27,73.21356201171875
2025-02-28,74.3957290649414
2025-03-03,71.89466094970703
2025-03-04,71.87477111816406
2025-03-05,72.95873260498047
2025-03-06,70.71372985839844
2025-03-07,71.58512878417969
2025-03-10,68.37799835205078
2025-03-11,68.16666412353516
2025-03-12,69.17232513427734
2025-03-13,67.9267578125
2025-03-14,69.9865493774414
2025-03-17,70.40171813964844
2025-03-18,69.40229034423828
2025-03-19,70.34329986572266
2025-03-20,69.94925689697266
2025-03-21,70.18543243408203
2025-03-24,71.52547454833984
2025-03-25,71.82655334472656
2025-03-26,70.09896850585938
2025-03-27,69.3571548461914
2025-03-28,67.61463928222656
2025-03-31,67.5075912475586
2025-04-01,68.07515716552734
2025-04-02,68.63524627685547
2025-04-03,63.664100646972656
2025-04-04,59.569183349609375
2025-04-07,59.73845672607422
2025-04-08,58.54483413696289
2025-04-09,66.43719482421875
2025-04-10,63.44877243041992
2025-04-11,64.73948669433594
2025-04-14,65.19627380371094
2025-04-15,65.44271087646484
2025-04-16,63.19735336303711
2025-04-17,62.921043395996094
2025-04-21,61.20590591430664
2025-04-22,62.71194076538086
2025-04-23,64.58265686035156
2025-04-24,67.01097869873047
2025-04-25,68.026611328125
2025-04-28,67.89717102050781
2025-04-29,68.22576141357422
2025-04-30,68.38756561279297
2025-05-01,69.59488677978516
2025-05-02,70.63914489746094
2025-05-05,70.16120147705078
2025-05-06,69.56749725341797
2025-05-07,70.26202392578125
2025-05-08,71.09220123291016
2025-05-09,71.09468841552734
2025-05-12,74.45401763916016
2025-05-13,76.10941314697266
2025-05-14,76.64958953857422
2025-05-15,76.61473846435547
2025-05-16,76.75912475585938
2025-05-19,76.55624389648438
2025-05-20,76.28738403320312
2025-05-21,74.82616424560547
2025-05-22,74.9518814086914
2025-05-23,74.06817626953125
2025-05-27,75.88786315917969
2025-05-28,75.5443344116211
2025-05-29,75.81566619873047
2025-05-30,75.4721450805664
2025-06-02,76.15795135498047
2025-06-03,77.3714828491211
2025-06-04,77.58058166503906
2025-06-05,77.23332977294922
2025-06-06,77.9676742553711
2025-06-09,78.30622863769531
2025-06-10,78.6335678100586
2025-06-11,78.3224105834961
2025-06-12,78.88499450683594
2025-06-13,77.5781021118164
2025-06-16,78.8924560546875
2025-06-17,78.31244659423828
2025-06-18,78.5613784790039
2025-06-20,78.22407531738281
2025-06-23,79.05426788330078
2025-06-24,80.47689819335938
2025-06-25,81.15399169921875
2025-06-26,81.8533706665039
2025-06-27,81.80477905273438
2025-06-30,82.64459228515625
2025-07-01,81.79232025146484
2025-07-02,82.83023834228516
2025-07-03,83.9827880859375
2025-07-07,83.24266052246094
2025-07-08,83.63514709472656
2025-07-09,84.33539581298828
2025-07-10,84.05255889892578
2025-07-11,83.52301788330078
2025-07-14,83.52674102783203
2025-07-15,84.23572540283203
2025-07-16,84.6095199584961
2025-07-17,85.46552276611328
2025-07-18,85.41693115234375
2025-07-21,85.53653717041016
2025-07-22,84.70172119140625
2025-07-23,85.37456512451172
2025-07-24,85.61628723144531
2025-07-25,85.8106689453125
2025-07-28,86.48973083496094
2025-07-29,86.3389663696289
2025-07-30,86.52835845947266
2025-07-31,86.03244018554688
2025-08-01,84.03014373779297
2025-08-04,85.94023895263672
2025-08-05,85.17021942138672
2025-08-06,86.20439147949219
2025-08-07,86.37261199951172
2025-08-08,87.13890075683594
2025-08-11,86.62928771972656
2025-08-12,87.97621154785156
2025-08-13,88.12821960449219
2025-08-14,87.77684783935547
2025-08-15,87.22611236572266
2025-08-18,87.47905731201172
2025-08-19,85.82562255859375
2025-08-20,85.21258544921875
2025-08-21,84.987060546875
2025-08-22,86.49346923828125
2025-08-25,86.28289031982422
2025-08-26,86.72522735595703
2025-08-27,87.33451843261719
2025-08-28,88.20049285888672
2025-08-29,86.84858703613281
2025-09-02,85.9502182006836
2025-09-03,86.3352279663086
2025-09-04,86.91336822509766
2025-09-05,87.0691146850586
2025-09-08,87.83292388916016
2025-09-09,87.93634033203125
2025-09-10,89.08016967773438
2025-09-11,89.55862426757812
2025-09-12,89.65830993652344
2025-09-15,90.5379867553711
2025-09-16,90.2314682006836
2025-09-17,89.8987808227539
2025-09-18,91.49491119384766
2025-09-19,92.34966278076172
2025-09-22,93.84236907958984
2025-09-23,92.87796783447266
2025-09-24,92.19300079345703
2025-09-25,91.91482543945312
2025-09-26,92.1480941772461
2025-09-29,92.7044448852539
2025-09-30,93.1373062133789
2025-10-01,93.8720474243164
2025-10-02,94.55439758300781
2025-10-03,94.2649917602539
2025-10-06,95.07707214355469
2025-10-07,94.20511627197266
2025-10-08,95.80557250976562
2025-10-09,95.75817108154297
2025-10-10,91.85245513916016
2025-10-13,94.24253845214844
2025-10-14,93.03876495361328
2025-10-15,93.90323638916016
2025-10-16,93.60134887695312
2025-10-17,93.82713317871094
2025-10-20,95.07707214355469
2025-10-21,94.98101806640625
2025-10-22,93.85832214355469
2025-10-23,95.08705139160156
2025-10-24,96.56900787353516
2025-10-27,98.2991943359375
2025-10-28,99.31336975097656
2025-10-29,99.98448181152344
2025-10-30,98.66594696044922
2025-10-31,98.94786834716797
2025-11-03,99.28966522216797
2025-11-04,96.60767364501953
2025-11-05,97.00809478759766
2025-11-06,95.1045150756836
2025-11-07,94.97603607177734
2025-11-10,97.34615325927734
2025-11-11,96.46422576904297
2025-11-12,96.57274627685547
2025-11-13,93.85208892822266
2025-11-14,94.33859252929688
2025-11-17,92.77181243896484
2025-11-18,91.38591003417969
2025-11-19,92.00713348388672
2025-11-20,89.27899169921875
2025-11-21,89.67691802978516
2025-11-24,91.92979431152344
2025-11-25,92.21171569824219
2025-11-26,93.17472839355469
2025-11-28,93.83213806152344
2025-12-01,93.79346466064453
2025-12-02,94.76895904541016
2025-12-03,94.9448471069336
2025-12-04,95.38519287109375
2025-12-05,95.79933166503906
2025-12-08,96.63636779785156
2025-12-09,96.84593963623047
2025-12-10,97.1952133178711
2025-12-11,96.84344482421875
2025-12-12,94.04793548583984
2025-12-15,92.99759674072266
2025-12-16,93.14354705810547
2025-12-17,91.20767974853516
2025-12-18,92.48136138916016
2025-12-19,94.34442138671875
2025-12-22,94.99874877929688
2025-12-23,95.5294418334961
2025-12-24,95.69052124023438
2025-12-26,95.79666137695312
2025-12-29,95.28843688964844
2025-12-30,95.01248168945312
2025-12-31,94.1246566772461
2026-01-02,94.39936065673828
2026-01-05,94.57917785644531
2026-01-06,95.71174621582031
2026-01-07,95.66304779052734
2026-01-08,94.25326538085938
2026-01-09,95.1460952758789
2026-01-12,95.5893783569336
2026-01-13,95.45201873779297
2026-01-14,94.31195831298828
2026-01-15,94.82017517089844
2026-01-16,94.77023315429688
2026-01-20,92.2403564453125
2026-01-21,93.47782135009766
2026-01-22,94.18334197998047
2026-01-23,94.27574157714844
2026-01-26,94.95503997802734
2026-01-27,96.13755798339844
2026-01-28,96.796875
2026-01-29,95.00123596191406
2026-01-30,93.39290618896484
2026-02-02,94.03349304199219
2026-02-03,91.95940399169922
2026-02-04,90.12506103515625
2026-02-05,88.47428131103516
2026-02-06,92.34649658203125
2026-02-09,93.83619689941406
2026-02-10,93.43412017822266
2026-02-11,93.50030517578125
2026-02-12,91.11028289794922
2026-02-13,91.25513458251953
2026-02-17,91.29010009765625
2026-02-18,92.13422393798828
2026-02-19,91.73588562011719
2026-02-20,92.104248046875
2026-02-23,90.76189422607422
2026-02-24,92.06678771972656
2026-02-25,93.80998229980469
2026-02-26,92.42766571044922
2026-02-27,90.7431640625
2026-03-02,91.64098358154297
2026-03-03,90.36605834960938
2026-03-04,91.54608154296875
2026-03-05,91.56356811523438
2026-03-06,89.78541564941406
2026-03-09,91.38874053955078
2026-03-10,91.40372467041016
2026-03-11,91.78458404541016
2026-03-12,89.98894500732422
2026-03-13,89.2122573852539
2026-03-16,90.52464294433594
2026-03-17,90.83058166503906
2026-03-18,89.88780212402344
2026-03-19,90.12130737304688
2026-03-20,88.04971313476562
2026-03-23,89.4594955444336
2026-03-24,88.98750305175781
2026-03-25,89.55750274658203
2026-03-26,87.00499725341797
2026-03-27,85.125
2026-03-30,83.5875015258789
2026-03-31,87.21499633789062
2026-04-01,88.33125305175781
2026-04-02,89.08125305175781
2026-04-06,89.52749633789062
2026-04-07,89.8062515258789
2026-04-08,92.38749694824219
2026-04-09,92.51875305175781
2026-04-10,92.91000366210938
2026-04-13,94.78250122070312
2026-04-14,96.25499725341797
2026-04-15,98.00250244140625
2026-04-16,98.99250030517578
2026-04-17,100.69750213623047
2026-04-20,101.14125061035156
2026-04-21,101.0199966430664
2026-04-22,103.02999877929688
2026-04-23,101.56999969482422
2026-04-24,104.16000366210938
2026-04-27,104.31999969482422
2026-04-28,102.66999816894531
2026-04-29,103.12999725341797
2026-04-30,103.18000030517578
2026-05-01,104.8499984741211
2026-05-04,104.94999694824219
