date,close
2010-09-09,76.53534698486328
2010-09-10,76.88282775878906
2010-09-13,77.84971618652344
2010-09-14,77.8346176147461
2010-09-15,78.031005859375
2010-09-16,78.00080108642578
2010-09-17,78.07633209228516
2010-09-20,79.34538269042969
2010-09-21,79.10365295410156
2010-09-22,78.68065643310547
2010-09-23,78.031005859375
2010-09-24,79.62442779541016
2010-09-27,79.24468231201172
2010-09-28,79.76110076904297
2010-09-29,79.38138580322266
2010-09-30,79.25984954833984
2010-10-01,79.53329467773438
2010-10-04,78.86495208740234
2010-10-05,80.5965347290039
2010-10-06,80.4598617553711
2010-10-07,80.41426849365234
2010-10-08,81.02186584472656
2010-10-11,80.88516235351562
2010-10-12,81.35604858398438
2010-10-13,81.8421401977539
2010-10-14,81.53832244873047
2010-10-15,81.690185546875
2010-10-18,82.28260040283203
2010-10-19,80.97628021240234
2010-10-20,81.8421401977539
2010-10-21,81.96361541748047
2010-10-22,82.16107940673828
2010-10-25,82.40412139892578
2010-10-26,82.38892364501953
2010-10-27,82.1307144165039
2010-10-28,82.1915054321289
2010-10-29,82.2522201538086
2010-11-01,82.29783630371094
2010-11-02,82.93575286865234
2010-11-03,83.28514099121094
2010-11-04,84.84969329833984
2010-11-05,85.18385314941406
2010-11-08,85.07752990722656
2010-11-09,84.4091796875
2010-11-10,84.72814178466797
2010-11-11,84.45475769042969
2010-11-12,83.40662384033203
2010-11-15,83.33071899414062
2010-11-16,81.99401092529297
2010-11-17,82.05474853515625
2010-11-18,83.26994323730469
2010-11-19,83.46739959716797
2010-11-22,83.39146423339844
2010-11-23,82.22186279296875
2010-11-24,83.28514099121094
2010-11-26,82.81428527832031
2010-11-29,82.73829650878906
2010-11-30,82.16107940673828
2010-12-01,84.01426696777344
2010-12-02,85.10789489746094
2010-12-03,85.3205337524414
2010-12-06,85.21422576904297
2010-12-07,85.2446060180664
2010-12-08,85.59394836425781
2010-12-09,85.91294860839844
2010-12-10,86.42938995361328
2010-12-13,86.47496032714844
2010-12-14,86.52052307128906
2010-12-15,86.14079284667969
2010-12-16,86.6420669555664
2010-12-17,86.76358032226562
2010-12-20,86.94586181640625
2010-12-21,87.47748565673828
2010-12-22,87.79649353027344
2010-12-23,87.65973663330078
2010-12-27,87.72535705566406
2010-12-28,87.81694030761719
2010-12-29,87.89324188232422
2010-12-30,87.75587463378906
2010-12-31,87.84745025634766
2011-01-03,88.67144775390625
2011-01-04,88.59516906738281
2011-01-05,89.06819152832031
2011-01-06,88.91559600830078
2011-01-07,88.73249053955078
2011-01-10,88.65618133544922
2011-01-11,88.94611358642578
2011-01-12,89.73960876464844
2011-01-13,89.6175308227539
2011-01-14,90.25841522216797
2011-01-18,90.4110107421875
2011-01-19,89.5107192993164
2011-01-20,89.40386199951172
2011-01-21,89.60228729248047
2011-01-24,90.151611328125
2011-01-25,90.12107849121094
2011-01-26,90.5941390991211
2011-01-27,90.7161865234375
2011-01-28,89.11400604248047
2011-01-31,89.80064392089844
2011-02-01,91.2044906616211
2011-02-02,91.05188751220703
2011-02-03,91.28077697753906
2011-02-04,91.52494812011719
2011-02-07,92.10479736328125
2011-02-08,92.53203582763672
2011-02-09,92.30315399169922
2011-02-10,92.33363342285156
2011-02-11,92.91352844238281
2011-02-14,93.14241027832031
2011-02-15,92.80670928955078
2011-02-16,93.40181732177734
2011-02-17,93.75276947021484
2011-02-18,93.90534973144531
2011-02-22,91.98269653320312
2011-02-23,91.4638900756836
2011-02-24,91.37234497070312
2011-02-25,92.36417388916016
2011-02-28,92.91352844238281
2011-03-01,91.3265609741211
2011-03-02,91.58595275878906
2011-03-03,93.15766906738281
2011-03-04,92.47099304199219
2011-03-07,91.66226959228516
2011-03-08,92.51679992675781
2011-03-09,92.40997314453125
2011-03-10,90.7161865234375
2011-03-11,91.3265609741211
2011-03-14,90.79248046875
2011-03-15,89.78536224365234
2011-03-16,88.07633972167969
2011-03-17,89.17504119873047
2011-03-18,89.5565185546875
2011-03-21,90.91458892822266
2011-03-22,90.5941390991211
2011-03-23,90.88404846191406
2011-03-24,91.73857879638672
2011-03-25,92.0113754272461
2011-03-28,91.8121566772461
2011-03-29,92.40989685058594
2011-03-30,93.03833770751953
2011-03-31,92.91571807861328
2011-04-01,93.34489440917969
2011-04-04,93.39088439941406
2011-04-05,93.39088439941406
2011-04-06,93.66675567626953
2011-04-07,93.49816131591797
2011-04-08,93.1456527709961
2011-04-11,92.8237533569336
2011-04-12,92.14933013916016
2011-04-13,92.17999267578125
2011-04-14,92.1953125
2011-04-15,92.51722717285156
2011-04-18,91.50556945800781
2011-04-19,92.07270812988281
2011-04-20,93.31423950195312
2011-04-21,93.72809600830078
2011-04-25,93.6361083984375
2011-04-26,94.44847869873047
2011-04-27,95.06159210205078
2011-04-28,95.36811065673828
2011-04-29,95.64401245117188
2011-05-02,95.42942810058594
2011-05-03,95.12288665771484
2011-05-04,94.4791259765625
2011-05-05,93.65144348144531
2011-05-06,94.09593200683594
2011-05-09,94.4791259765625
2011-05-10,95.26084899902344
2011-05-11,94.24921417236328
2011-05-12,94.7550048828125
2011-05-13,93.92731475830078
2011-05-16,93.34489440917969
2011-05-17,93.32955932617188
2011-05-18,94.20323944091797
2011-05-19,94.32583618164062
2011-05-20,93.69741821289062
2011-05-23,92.57850646972656
2011-05-24,92.50186157226562
2011-05-25,92.80841064453125
2011-05-26,93.17627716064453
2011-05-27,93.59014129638672
2011-05-31,94.5251235961914
2011-06-01,92.4252700805664
2011-06-02,92.31796264648438
2011-06-03,91.42894744873047
2011-06-06,90.46330261230469
2011-06-07,90.34066772460938
2011-06-08,89.97279357910156
2011-06-09,90.66255187988281
2011-06-10,89.39036560058594
2011-06-13,89.4516830444336
2011-06-14,90.60127258300781
2011-06-15,89.02252197265625
2011-06-16,89.19109344482422
2011-06-17,89.43633270263672
2011-06-20,89.94217681884766
2011-06-21,91.16840362548828
2011-06-22,90.63191986083984
2011-06-23,90.32533264160156
2011-06-24,89.33191680908203
2011-06-27,90.08662414550781
2011-06-28,91.24181365966797
2011-06-29,92.05810546875
2011-06-30,92.93602752685547
2011-07-01,94.33758544921875
2011-07-05,94.18360900878906
2011-07-06,94.32221984863281
2011-07-07,95.3541488647461
2011-07-08,94.70722198486328
2011-07-11,92.951416015625
2011-07-12,92.5355453491211
2011-07-13,92.85900115966797
2011-07-14,92.25834655761719
2011-07-15,92.76659393310547
2011-07-18,91.98106384277344
2011-07-19,93.47509765625
2011-07-20,93.47509765625
2011-07-21,94.72264862060547
2011-07-22,94.79964447021484
2011-07-25,94.2606201171875
2011-07-26,93.860107421875
2011-07-27,91.99649810791016
2011-07-28,91.73466491699219
2011-07-29,91.0261459350586
2011-08-01,90.70270538330078
2011-08-02,88.4386215209961
2011-08-03,88.88523864746094
2011-08-04,84.72671508789062
2011-08-05,84.54191589355469
2011-08-08,79.12036895751953
2011-08-09,82.66283416748047
2011-08-10,79.07417297363281
2011-08-11,82.53961944580078
2011-08-12,83.20189666748047
2011-08-15,84.9115219116211
2011-08-16,84.18766021728516
2011-08-17,84.28005981445312
2011-08-18,80.78376770019531
2011-08-19,79.24359130859375
2011-08-22,79.30517578125
2011-08-23,82.04673767089844
2011-08-24,83.17111206054688
2011-08-25,81.92355346679688
2011-08-26,83.00167083740234
2011-08-29,85.41979217529297
2011-08-30,85.57381439208984
2011-08-31,86.00507354736328
2011-09-01,85.17337036132812
2011-09-02,82.97085571289062
2011-09-06,82.40100860595703
2011-09-07,84.72671508789062
2011-09-08,83.83341217041016
2011-09-09,81.63088989257812
2011-09-12,82.21617126464844
2011-09-13,82.89386749267578
2011-09-14,84.064453125
2011-09-15,85.51221466064453
2011-09-16,86.02047729492188
2011-09-19,85.2195816040039
2011-09-20,85.08097076416016
2011-09-21,82.5088119506836
2011-09-22,79.9212875366211
2011-09-23,80.29300689697266
2011-09-26,82.24457550048828
2011-09-27,83.18938446044922
2011-09-28,81.53208923339844
2011-09-29,82.12065887451172
2011-09-30,80.16910552978516
2011-10-03,77.70641326904297
2011-10-04,79.41014099121094
2011-10-05,80.98998260498047
2011-10-06,82.5543212890625
2011-10-07,81.9192886352539
2011-10-10,84.69175720214844
2011-10-11,84.6607894897461
2011-10-12,85.43521118164062
2011-10-13,85.3113021850586
2011-10-14,86.72077178955078
2011-10-17,85.09446716308594
2011-10-18,86.7982177734375
2011-10-19,85.7140121459961
2011-10-20,86.10124206542969
2011-10-21,87.75852966308594
2011-10-24,88.87370300292969
2011-10-25,87.15444946289062
2011-10-26,87.99083709716797
2011-10-27,91.0266342163086
2011-10-28,91.1195297241211
2011-10-31,88.78073120117188
2011-11-01,86.42650604248047
2011-11-02,87.78948974609375
2011-11-03,89.41581726074219
2011-11-04,88.90467834472656
2011-11-07,89.41581726074219
2011-11-08,90.4844970703125
2011-11-09,87.21642303466797
2011-11-10,88.00635528564453
2011-11-11,89.7255630493164
2011-11-14,88.85820770263672
2011-11-15,89.3228759765625
2011-11-16,87.8824462890625
2011-11-17,86.47296905517578
2011-11-18,86.34906768798828
2011-11-21,84.80017852783203
2011-11-22,84.35101318359375
2011-11-23,82.5698471069336
2011-11-25,82.3220443725586
2011-11-28,84.78468322753906
2011-11-29,85.03253173828125
2011-11-30,88.5174560546875
2011-12-01,88.45548248291016
2011-12-02,88.40901947021484
2011-12-05,89.36934661865234
2011-12-06,89.44676971435547
2011-12-07,89.74105072021484
2011-12-08,87.80497741699219
2011-12-09,89.29190826416016
2011-12-12,88.00635528564453
2011-12-13,87.16995239257812
2011-12-14,86.19416809082031
2011-12-15,86.51943969726562
2011-12-16,86.58136749267578
2011-12-19,85.69852447509766
2011-12-20,88.25413513183594
2011-12-21,88.5174560546875
2011-12-22,89.35385131835938
2011-12-23,90.05968475341797
2011-12-27,90.15313720703125
2011-12-28,89.04688262939453
2011-12-29,89.85711669921875
2011-12-30,89.51432800292969
2012-01-03,90.83873748779297
2012-01-04,90.99457550048828
2012-01-05,91.29060363769531
2012-01-06,91.10362243652344
2012-01-09,91.24384307861328
2012-01-10,92.0229263305664
2012-01-11,92.11640930175781
2012-01-12,92.31896209716797
2012-01-13,91.92942810058594
2012-01-17,92.17871856689453
2012-01-18,93.20706176757812
2012-01-19,93.70567321777344
2012-01-20,93.70567321777344
2012-01-23,93.79916381835938
2012-01-24,93.65897369384766
2012-01-25,94.48477172851562
2012-01-26,94.001708984375
2012-01-27,93.87705993652344
2012-01-30,93.56543731689453
2012-01-31,93.5186996459961
2012-02-01,94.40682220458984
2012-02-02,94.59379577636719
2012-02-03,95.9338150024414
2012-02-06,95.79354858398438
2012-02-07,96.08960723876953
2012-02-08,96.29216003417969
2012-02-09,96.4012451171875
2012-02-10,95.74684143066406
2012-02-13,96.47916412353516
2012-02-14,96.33894348144531
2012-02-15,95.91824340820312
2012-02-16,96.96217346191406
2012-02-17,97.19590759277344
2012-02-21,97.2582015991211
2012-02-22,96.93101501464844
2012-02-23,97.39844512939453
2012-02-24,97.53868865966797
2012-02-27,97.71007537841797
2012-02-28,98.05284881591797
2012-02-29,97.52311706542969
2012-03-01,98.16190338134766
2012-03-02,97.89706420898438
2012-03-05,97.47635650634766
2012-03-06,95.94940948486328
2012-03-07,96.7128677368164
2012-03-08,97.64773559570312
2012-03-09,98.02169036865234
2012-03-12,98.06842041015625
2012-03-13,99.8291244506836
2012-03-14,99.751220703125
2012-03-15,100.265380859375
2012-03-16,100.40563201904297
2012-03-19,100.82632446289062
2012-03-20,100.54589080810547
2012-03-21,100.3900375366211
2012-03-22,99.6109619140625
2012-03-23,100.00052642822266
2012-03-26,101.35432434082031
2012-03-27,101.07258605957031
2012-03-28,100.58743286132812
2012-03-29,100.41524505615234
2012-03-30,100.74394226074219
2012-04-02,101.5577621459961
2012-04-03,101.16651153564453
2012-04-04,100.10224151611328
2012-04-05,100.07091522216797
2012-04-09,98.95975494384766
2012-04-10,97.2381820678711
2012-04-11,98.03636169433594
2012-04-12,99.3823013305664
2012-04-13,98.19283294677734
2012-04-16,98.08328247070312
2012-04-17,99.58577728271484
2012-04-18,99.2414779663086
2012-04-19,98.59976196289062
2012-04-20,98.75627899169922
2012-04-23,97.91110229492188
2012-04-24,98.27112579345703
2012-04-25,99.64839172363281
2012-04-26,100.3370132446289
2012-04-27,100.54047393798828
2012-04-30,100.10224151611328
2012-05-01,100.75959014892578
2012-05-02,100.4465560913086
2012-05-03,99.71096801757812
2012-05-04,98.08328247070312
2012-05-07,98.16157531738281
2012-05-08,97.73898315429688
2012-05-09,97.19120025634766
2012-05-10,97.36334991455078
2012-05-11,97.05033874511719
2012-05-14,96.01741790771484
2012-05-15,95.48527526855469
2012-05-16,95.07835388183594
2012-05-17,93.63847351074219
2012-05-18,92.90289306640625
2012-05-21,94.46798706054688
2012-05-22,94.67144775390625
2012-05-23,94.67144775390625
2012-05-24,94.84358978271484
2012-05-25,94.62448120117188
2012-05-29,95.70439910888672
2012-05-30,94.32711029052734
2012-05-31,94.09235382080078
2012-06-01,91.79167938232422
2012-06-04,91.7603759765625
2012-06-05,92.29254150390625
2012-06-06,94.499267578125
2012-06-07,94.48363494873047
2012-06-08,95.26617431640625
2012-06-11,94.10802459716797
2012-06-12,95.20356750488281
2012-06-13,94.57752990722656
2012-06-14,95.6261215209961
2012-06-15,96.47126007080078
2012-06-18,96.67473602294922
2012-06-19,97.66072845458984
2012-06-20,97.50422668457031
2012-06-21,95.3600845336914
2012-06-22,96.0486831665039
2012-06-25,94.5226058959961
2012-06-26,94.97887420654297
2012-06-27,95.82842254638672
2012-06-28,95.60818481445312
2012-06-29,97.98383331298828
2012-07-02,98.25128936767578
2012-07-03,98.89634704589844
2012-07-05,98.47157287597656
2012-07-06,97.55902099609375
2012-07-09,97.43319702148438
2012-07-10,96.53642272949219
2012-07-11,96.5521240234375
2012-07-12,96.0486831665039
2012-07-13,97.68492889404297
2012-07-16,97.46466064453125
2012-07-17,98.15690612792969
2012-07-18,98.86488342285156
2012-07-19,99.11656951904297
2012-07-20,98.2041015625
2012-07-23,97.22866821289062
2012-07-24,96.45774841308594
2012-07-25,96.39482116699219
2012-07-26,97.96809387207031
2012-07-27,99.85603332519531
2012-07-30,99.80883026123047
2012-07-31,99.16378784179688
2012-08-01,99.05367279052734
2012-08-02,98.3614273071289
2012-08-03,100.28084564208984
2012-08-06,100.54824829101562
2012-08-07,101.00452423095703
2012-08-08,101.11466979980469
2012-08-09,101.22477722167969
2012-08-10,101.38212585449219
2012-08-13,101.30348205566406
2012-08-14,101.35066986083984
2012-08-15,101.46074676513672
2012-08-16,102.15303802490234
2012-08-17,102.38904571533203
2012-08-20,102.35753631591797
2012-08-21,102.04288482666016
2012-08-22,102.05863189697266
2012-08-23,101.25627136230469
2012-08-24,101.88558197021484
2012-08-27,101.88558197021484
2012-08-28,101.79116821289062
2012-08-29,101.88558197021484
2012-08-30,101.11466979980469
2012-08-31,101.64959716796875
2012-09-04,101.38212585449219
2012-09-05,101.38212585449219
2012-09-06,103.49028778076172
2012-09-07,103.91511535644531
2012-09-10,103.30152130126953
2012-09-11,103.584716796875
2012-09-12,103.91511535644531
2012-09-13,105.5670166015625
2012-09-14,106.007568359375
2012-09-17,105.69291687011719
2012-09-18,105.58277130126953
2012-09-19,105.66144561767578
2012-09-20,105.64571380615234
2012-09-21,105.58277130126953
2012-09-24,105.44518280029297
2012-09-25,104.369873046875
2012-09-26,103.70567321777344
2012-09-27,104.71775817871094
2012-09-28,104.24335479736328
2012-10-01,104.4331283569336
2012-10-02,104.5754165649414
2012-10-03,105.0024185180664
2012-10-04,105.80889129638672
2012-10-05,105.77725982666016
2012-10-08,105.46100616455078
2012-10-09,104.4331283569336
2012-10-10,103.72151947021484
2012-10-11,103.78473663330078
2012-10-12,103.4210433959961
2012-10-15,104.29080963134766
2012-10-16,105.35034942626953
2012-10-17,105.84052276611328
2012-10-18,105.57169342041016
2012-10-19,103.76895904541016
2012-10-22,103.83220672607422
2012-10-23,102.3141098022461
2012-10-24,102.09269714355469
2012-10-25,102.37735748291016
2012-10-26,102.29830169677734
2012-10-31,102.2033920288086
2012-11-01,103.40524291992188
2012-11-02,102.47222137451172
2012-11-05,102.70946502685547
2012-11-06,103.4684829711914
2012-11-07,101.20718383789062
2012-11-08,99.86297607421875
2012-11-09,99.97369384765625
2012-11-12,100.11599731445312
2012-11-13,99.75230407714844
2012-11-14,98.53467559814453
2012-11-15,98.15510559082031
2012-11-16,98.66116333007812
2012-11-19,100.66947174072266
2012-11-20,100.78018188476562
2012-11-21,101.0015640258789
2012-11-23,102.28246307373047
2012-11-26,102.15596771240234
2012-11-27,101.6657485961914
2012-11-28,102.42479705810547
2012-11-29,102.88336944580078
2012-11-30,102.78852844238281
2012-12-03,102.42479705810547
2012-12-04,102.23503875732422
2012-12-05,102.45643615722656
2012-12-06,102.7726821899414
2012-12-07,103.08898162841797
2012-12-10,103.15222930908203
2012-12-11,103.81641387939453
2012-12-12,103.89546966552734
2012-12-13,103.2629165649414
2012-12-14,102.93081665039062
2012-12-17,104.16432189941406
2012-12-18,105.22381591796875
2012-12-19,104.44896697998047
2012-12-20,105.09728240966797
2012-12-21,104.11685943603516
2012-12-24,103.81421661376953
2012-12-26,103.32047271728516
2012-12-27,103.22490692138672
2012-12-28,102.07815551757812
2012-12-31,103.83018493652344
2013-01-02,106.39444732666016
2013-01-03,106.29886627197266
2013-01-04,106.744873046875
2013-01-07,106.45814514160156
2013-01-08,106.1396255493164
2013-01-09,106.45814514160156
2013-01-10,107.2386474609375
2013-01-11,107.28643035888672
2013-01-14,107.19084930419922
2013-01-15,107.2386474609375
2013-01-16,107.2386474609375
2013-01-17,107.90753173828125
2013-01-18,108.21015167236328
2013-01-22,108.73577880859375
2013-01-23,108.89507293701172
2013-01-24,108.958740234375
2013-01-25,109.56398010253906
2013-01-28,109.43656158447266
2013-01-29,109.88251495361328
2013-01-30,109.45252227783203
2013-01-31,109.19766998291016
2013-02-01,110.24886322021484
2013-02-04,109.03834533691406
2013-02-05,110.15326690673828
2013-02-06,110.24886322021484
2013-02-07,110.10553741455078
2013-02-08,110.71077728271484
2013-02-11,110.66297912597656
2013-02-12,110.83818817138672
2013-02-13,110.93374633789062
2013-02-14,111.093017578125
2013-02-15,110.9496841430664
2013-02-19,111.71416473388672
2013-02-20,110.32848358154297
2013-02-21,109.80290985107422
2013-02-22,110.75852966308594
2013-02-25,108.67208099365234
2013-02-26,109.40472412109375
2013-02-27,110.77447509765625
2013-02-28,110.6470718383789
2013-03-01,110.93374633789062
2013-03-04,111.55487060546875
2013-03-05,112.51054382324219
2013-03-06,112.71760559082031
2013-03-07,112.92463684082031
2013-03-08,113.37059783935547
2013-03-11,113.78475952148438
2013-03-12,113.52987670898438
2013-03-13,113.68914794921875
2013-03-14,114.29441833496094
2013-03-15,114.13514709472656
2013-03-18,113.51396179199219
2013-03-19,113.24320983886719
2013-03-20,114.02364349365234
2013-03-21,113.0998764038086
2013-03-22,113.92399597167969
2013-03-25,113.60396575927734
2013-03-26,114.45208740234375
2013-03-27,114.3880386352539
2013-03-28,114.64408874511719
2013-04-01,114.32405853271484
2013-04-02,114.88418579101562
2013-04-03,113.73197937011719
2013-04-04,114.18000030517578
2013-04-05,113.73197937011719
2013-04-08,114.43607330322266
2013-04-09,114.85212707519531
2013-04-10,116.2603988647461
2013-04-11,116.64447021484375
2013-04-12,116.38844299316406
2013-04-15,113.73197937011719
2013-04-16,115.3322525024414
2013-04-17,113.63597869873047
2013-04-18,112.70779418945312
2013-04-19,113.9080581665039
2013-04-22,114.42005920410156
2013-04-23,115.63628387451172
2013-04-24,115.66829681396484
2013-04-25,116.18038940429688
2013-04-26,115.92435455322266
2013-04-29,116.67655181884766
2013-04-30,117.04454040527344
2013-05-01,115.98835754394531
2013-05-02,117.02854919433594
2013-05-03,118.13276672363281
2013-05-06,118.50080871582031
2013-05-07,119.1089096069336
2013-05-08,119.7330322265625
2013-05-09,119.38092803955078
2013-05-10,119.79705047607422
2013-05-13,119.7810287475586
2013-05-14,121.04529571533203
2013-05-15,121.73341369628906
2013-05-16,121.17328643798828
2013-05-17,122.32550048828125
2013-05-20,122.32550048828125
2013-05-21,122.48551940917969
2013-05-22,121.66938018798828
2013-05-23,121.23733520507812
2013-05-24,121.07726287841797
2013-05-28,121.94137573242188
2013-05-29,121.01322937011719
2013-05-30,121.54131317138672
2013-05-31,119.76502227783203
2013-06-03,120.38915252685547
2013-06-04,120.02110290527344
2013-06-05,118.18077087402344
2013-06-06,119.1089096069336
2013-06-07,120.77322387695312
2013-06-10,120.72518157958984
2013-06-11,119.49297332763672
2013-06-12,118.56483459472656
2013-06-13,120.27713012695312
2013-06-14,119.54095458984375
2013-06-17,120.50115203857422
2013-06-18,121.42932891845703
2013-06-19,119.81312561035156
2013-06-20,116.77250671386719
2013-06-21,117.14054107666016
2013-06-24,115.65924072265625
2013-06-25,116.8172607421875
2013-06-26,117.91098022460938
2013-06-27,118.69912719726562
2013-06-28,117.959228515625
2013-07-01,118.84385681152344
2013-07-02,118.6669692993164
2013-07-03,118.77950286865234
2013-07-05,120.09842681884766
2013-07-08,120.7257080078125
2013-07-09,121.6424560546875
2013-07-10,121.67465209960938
2013-07-11,123.39561462402344
2013-07-12,123.42781066894531
2013-07-15,123.87814331054688
2013-07-16,123.41172790527344
2013-07-17,123.71727752685547
2013-07-18,124.42497253417969
2013-07-19,124.65011596679688
2013-07-22,124.87530517578125
2013-07-23,124.61798095703125
2013-07-24,124.15154266357422
2013-07-25,124.376708984375
2013-07-26,124.5374755859375
2013-07-29,124.1676025390625
2013-07-30,124.1837387084961
2013-07-31,124.21588134765625
2013-08-01,125.72772979736328
2013-08-02,125.92078399658203
2013-08-05,125.84031677246094
2013-08-06,125.08441925048828
2013-08-07,124.65011596679688
2013-08-08,125.08441925048828
2013-08-09,124.73055267333984
2013-08-12,124.5697021484375
2013-08-13,125.05219268798828
2013-08-14,124.34459686279297
2013-08-15,122.52704620361328
2013-08-16,122.17320251464844
2013-08-19,121.40117645263672
2013-08-20,121.88372039794922
2013-08-21,121.25640106201172
2013-08-22,122.31794738769531
2013-08-23,122.72013092041016
2013-08-26,122.33404541015625
2013-08-27,120.3235855102539
2013-08-28,120.7257080078125
2013-08-29,120.91869354248047
2013-08-30,120.38792419433594
2013-09-03,121.09564208984375
2013-09-04,122.1088638305664
2013-09-05,122.07672119140625
2013-09-06,122.28585815429688
2013-09-09,123.49212646484375
2013-09-10,124.42497253417969
2013-09-11,124.81099700927734
2013-09-12,124.50540924072266
2013-09-13,124.76274108886719
2013-09-16,125.51870727539062
2013-09-17,126.03337860107422
2013-09-18,127.54522705078125
2013-09-19,127.33614349365234
2013-09-20,126.33894348144531
2013-09-23,125.87503051757812
2013-09-24,125.6002426147461
2013-09-25,125.19608306884766
2013-09-26,125.69721221923828
2013-09-27,125.16372680664062
2013-09-30,124.46870422363281
2013-10-01,125.42242431640625
2013-10-02,125.26075744628906
2013-10-03,124.14534759521484
2013-10-04,125.05062866210938
2013-10-07,123.98374938964844
2013-10-08,122.54511260986328
2013-10-09,122.54511260986328
2013-10-10,125.30923461914062
2013-10-11,126.05282592773438
2013-10-14,126.60240936279297
2013-10-15,125.66483306884766
2013-10-16,127.37834167480469
2013-10-17,128.2512664794922
2013-10-18,129.10801696777344
2013-10-21,129.17262268066406
2013-10-22,129.8677215576172
2013-10-23,129.2695770263672
2013-10-24,129.68992614746094
2013-10-25,130.28797912597656
2013-10-28,130.44961547851562
2013-10-29,131.24981689453125
2013-10-30,130.51425170898438
2013-10-31,130.0293731689453
2013-11-01,130.4011688232422
2013-11-04,130.99119567871094
2013-11-05,130.59510803222656
2013-11-06,131.2013397216797
2013-11-07,129.52012634277344
2013-11-08,131.29832458496094
2013-11-11,131.27406311035156
2013-11-12,131.03964233398438
2013-11-13,132.04991149902344
2013-11-14,132.7854461669922
2013-11-15,133.35931396484375
2013-11-18,132.8662872314453
2013-11-19,132.60763549804688
2013-11-20,132.18736267089844
2013-11-21,133.2218780517578
2013-11-22,133.9008026123047
2013-11-25,133.8200225830078
2013-11-26,133.7553253173828
2013-11-27,134.11903381347656
2013-11-29,133.92506408691406
2013-12-02,133.7149200439453
2013-12-03,133.19761657714844
2013-12-04,133.0440673828125
2013-12-05,132.5348663330078
2013-12-06,134.03817749023438
2013-12-09,134.3453369140625
2013-12-10,133.88461303710938
2013-12-11,132.3651885986328
2013-12-12,131.92868041992188
2013-12-13,131.88824462890625
2013-12-16,132.7288818359375
2013-12-17,132.26010131835938
2013-12-18,134.56353759765625
2013-12-19,134.4422607421875
2013-12-20,135.12123107910156
2013-12-23,136.5518035888672
2013-12-24,136.2381134033203
2013-12-26,136.87196350097656
2013-12-27,136.88014221191406
2013-12-30,136.82330322265625
2013-12-31,137.45712280273438
2014-01-02,136.221923828125
2014-01-03,136.09999084472656
2014-01-06,135.75869750976562
2014-01-07,136.6038360595703
2014-01-08,136.66070556640625
2014-01-09,136.74200439453125
2014-01-10,137.05886840820312
2014-01-13,135.31988525390625
2014-01-14,136.7257080078125
2014-01-15,137.49777221679688
2014-01-16,137.28648376464844
2014-01-17,136.69326782226562
2014-01-21,137.12391662597656
2014-01-22,137.2052001953125
2014-01-23,136.09999084472656
2014-01-24,133.1744842529297
2014-01-27,132.52442932128906
2014-01-28,133.34515380859375
2014-01-29,131.9556121826172
2014-01-30,133.43453979492188
2014-01-31,132.60565185546875
2014-02-03,129.7045440673828
2014-02-04,130.58224487304688
2014-02-05,130.36280822753906
2014-02-06,132.10995483398438
2014-02-07,133.8165283203125
2014-02-10,134.02780151367188
2014-02-11,135.5067901611328
2014-02-12,135.6286163330078
2014-02-13,136.29502868652344
2014-02-14,137.0182342529297
2014-02-18,137.22142028808594
2014-02-19,136.27877807617188
2014-02-20,137.05076599121094
2014-02-21,136.9857635498047
2014-02-24,137.63584899902344
2014-02-25,137.58714294433594
2014-02-26,137.58714294433594
2014-02-27,138.35104370117188
2014-02-28,138.6598663330078
2014-03-03,137.70901489257812
2014-03-04,139.6756134033203
2014-03-05,139.6999969482422
2014-03-06,140.14694213867188
2014-03-07,140.11447143554688
2014-03-10,140.13877868652344
2014-03-11,139.36679077148438
2014-03-12,139.46432495117188
2014-03-13,137.92031860351562
2014-03-14,137.52210998535156
2014-03-17,138.75732421875
2014-03-18,139.74063110351562
2014-03-19,138.97671508789062
2014-03-20,139.7650604248047
2014-03-21,139.30181884765625
2014-03-24,138.71315002441406
2014-03-25,139.3907928466797
2014-03-26,138.36219787597656
2014-03-27,138.0846405029297
2014-03-28,138.69686889648438
2014-03-31,139.88059997558594
2014-04-01,140.8194122314453
2014-04-02,141.30104064941406
2014-04-03,141.0806121826172
2014-04-04,139.38262939453125
2014-04-07,137.88052368164062
2014-04-08,138.45196533203125
2014-04-09,139.9458770751953
2014-04-10,136.9581298828125
2014-04-11,135.72540283203125
2014-04-14,136.8192596435547
2014-04-15,137.76625061035156
2014-04-16,139.21932983398438
2014-04-17,139.38262939453125
2014-04-21,139.89691162109375
2014-04-22,140.5091552734375
2014-04-23,140.17449951171875
2014-04-24,140.48464965820312
2014-04-25,139.35818481445312
2014-04-28,139.7826385498047
2014-04-29,140.45201110839844
2014-04-30,140.89285278320312
2014-05-01,140.90103149414062
2014-05-02,140.6724090576172
2014-05-05,140.96630859375
2014-05-06,139.74180603027344
2014-05-07,140.5662841796875
2014-05-08,140.39491271972656
2014-05-09,140.6397705078125
2014-05-12,141.97044372558594
2014-05-13,142.1010284423828
2014-05-14,141.41531372070312
2014-05-15,140.14183044433594
2014-05-16,140.6887664794922
2014-05-19,141.1703643798828
2014-05-20,140.23977661132812
2014-05-21,141.45616149902344
2014-05-22,141.83984375
2014-05-23,142.4275665283203
2014-05-27,143.26840209960938
2014-05-28,143.1215057373047
2014-05-29,143.93780517578125
2014-05-30,144.12559509277344
2014-06-02,144.32144165039062
2014-06-03,144.23170471191406
2014-06-04,144.49290466308594
2014-06-05,145.4725341796875
2014-06-06,146.1664276123047
2014-06-09,146.31338500976562
2014-06-10,146.34603881835938
2014-06-11,145.87257385253906
2014-06-12,144.7867431640625
2014-06-13,145.2439727783203
2014-06-16,145.36642456054688
2014-06-17,145.7501220703125
2014-06-18,146.8358154296875
2014-06-19,147.015380859375
2014-06-20,147.30929565429688
2014-06-23,147.24288940429688
2014-06-24,146.37367248535156
2014-06-25,146.9969024658203
2014-06-26,146.92306518554688
2014-06-27,147.1772918701172
2014-06-30,147.13629150390625
2014-07-01,148.1695556640625
2014-07-02,148.27615356445312
2014-07-03,149.02230834960938
2014-07-07,148.5385284423828
2014-07-08,147.57913208007812
2014-07-09,148.19415283203125
2014-07-10,147.62826538085938
2014-07-11,147.82508850097656
2014-07-14,148.55490112304688
2014-07-15,148.3007354736328
2014-07-16,148.86654663085938
2014-07-17,147.1199188232422
2014-07-18,148.6697235107422
2014-07-21,148.3499298095703
2014-07-22,149.01414489746094
2014-07-23,149.36672973632812
2014-07-24,149.36672973632812
2014-07-25,148.6533203125
2014-07-28,148.71890258789062
2014-07-29,148.08750915527344
2014-07-30,148.08750915527344
2014-07-31,145.11085510253906
2014-08-01,144.7582244873047
2014-08-04,145.7750701904297
2014-08-05,144.29898071289062
2014-08-06,144.38917541503906
2014-08-07,143.6101837158203
2014-08-08,145.2748565673828
2014-08-11,145.68487548828125
2014-08-12,145.51263427734375
2014-08-13,146.5377197265625
2014-08-14,147.1772918701172
2014-08-15,147.13629150390625
2014-08-18,148.35809326171875
2014-08-19,149.1453094482422
2014-08-20,149.55535888671875
2014-08-21,149.981689453125
2014-08-22,149.7439727783203
2014-08-25,150.52296447753906
2014-08-26,150.6459503173828
2014-08-27,150.62136840820312
2014-08-28,150.50656127929688
2014-08-29,150.87554931640625
2014-09-02,150.83457946777344
2014-09-03,150.76901245117188
2014-09-04,150.52296447753906
2014-09-05,151.2445831298828
2014-09-08,150.8591766357422
2014-09-09,149.88330078125
2014-09-10,150.47377014160156
2014-09-11,150.61314392089844
2014-09-12,149.71932983398438
2014-09-15,149.6209716796875
2014-09-16,150.73623657226562
2014-09-17,150.94944763183594
2014-09-18,151.7366180419922
2014-09-19,151.5889892578125
2014-09-22,150.41575622558594
2014-09-23,149.56710815429688
2014-09-24,150.76998901367188
2014-09-25,148.34768676757812
2014-09-26,149.5423583984375
2014-09-29,149.2457275390625
2014-09-30,148.79263305664062
2014-10-01,146.8399200439453
2014-10-02,146.8317108154297
2014-10-03,148.4713134765625
2014-10-06,148.29000854492188
2014-10-07,146.0159454345703
2014-10-08,148.5701904296875
2014-10-09,145.57106018066406
2014-10-10,143.9397430419922
2014-10-13,141.57498168945312
2014-10-14,141.8057098388672
2014-10-15,140.7510986328125
2014-10-16,140.66046142578125
2014-10-17,142.39895629882812
2014-10-20,143.79954528808594
2014-10-21,146.59268188476562
2014-10-22,145.59579467773438
2014-10-23,147.2683563232422
2014-10-24,148.37242126464844
2014-10-27,148.18289184570312
2014-10-28,149.88839721679688
2014-10-29,149.71539306640625
2014-10-30,150.66290283203125
2014-10-31,152.36846923828125
2014-11-03,152.4590606689453
2014-11-04,151.91531372070312
2014-11-05,152.91221618652344
2014-11-06,153.53016662597656
2014-11-07,153.6619873046875
2014-11-10,154.12344360351562
2014-11-11,154.27174377441406
2014-11-12,154.1481170654297
2014-11-13,154.28817749023438
2014-11-14,154.34585571289062
2014-11-17,154.42823791503906
2014-11-18,155.318115234375
2014-11-19,155.0379638671875
2014-11-20,155.318115234375
2014-11-21,156.1914520263672
2014-11-24,156.59518432617188
2014-11-25,156.54574584960938
2014-11-26,156.90826416015625
2014-11-28,156.57044982910156
2014-12-01,155.49932861328125
2014-12-02,156.47982788085938
2014-12-03,157.08132934570312
2014-12-04,156.92477416992188
2014-12-05,157.2048797607422
2014-12-08,156.13380432128906
2014-12-09,156.01022338867188
2014-12-10,153.5631103515625
2014-12-11,154.27992248535156
2014-12-12,151.7752227783203
2014-12-15,150.72061157226562
2014-12-16,149.5588836669922
2014-12-17,152.57443237304688
2014-12-18,155.3510284423828
2014-12-19,156.06787109375
2014-12-22,156.7599334716797
2014-12-23,156.9989013671875
2014-12-24,156.98243713378906
2014-12-26,157.49322509765625
2014-12-29,157.71571350097656
2014-12-30,156.85885620117188
2014-12-31,155.2274627685547
2015-01-02,155.2274627685547
2015-01-05,152.50022888183594
2015-01-06,151.00071716308594
2015-01-07,152.8875274658203
2015-01-08,155.57347106933594
2015-01-09,154.26345825195312
2015-01-12,153.11819458007812
2015-01-13,152.71450805664062
2015-01-14,151.81639099121094
2015-01-15,150.3992462158203
2015-01-16,152.26132202148438
2015-01-20,152.6403045654297
2015-01-21,153.4395294189453
2015-01-22,155.78770446777344
2015-01-23,154.9308624267578
2015-01-26,155.23568725585938
2015-01-27,153.2006072998047
2015-01-28,151.18199157714844
2015-01-29,152.6485595703125
2015-01-30,150.76998901367188
2015-02-02,152.50022888183594
2015-02-03,154.724853515625
2015-02-04,154.1975555419922
2015-02-05,155.76300048828125
2015-02-06,155.3263397216797
2015-02-09,154.61773681640625
2015-02-10,156.26564025878906
2015-02-11,156.37269592285156
2015-02-12,157.8228302001953
2015-02-13,158.51492309570312
2015-02-17,158.7703399658203
2015-02-18,158.80325317382812
2015-02-19,158.69619750976562
2015-02-20,159.66018676757812
2015-02-23,159.61900329589844
2015-02-24,160.08860778808594
2015-02-25,159.9155731201172
2015-02-26,159.73435974121094
2015-02-27,159.18231201171875
2015-03-02,160.2286834716797
2015-03-03,159.5448455810547
2015-03-04,158.87744140625
2015-03-05,159.0504608154297
2015-03-06,156.80113220214844
2015-03-09,157.468505859375
2015-03-10,154.8813934326172
2015-03-11,154.5188751220703
2015-03-12,156.51280212402344
2015-03-13,155.55703735351562
2015-03-16,157.68280029296875
2015-03-17,157.14724731445312
2015-03-18,159.0175018310547
2015-03-19,158.28421020507812
2015-03-20,159.71786499023438
2015-03-23,159.4313201904297
2015-03-24,158.50381469726562
2015-03-25,156.193359375
2015-03-26,155.80410766601562
2015-03-27,156.12709045410156
2015-03-30,158.07318115234375
2015-03-31,156.6819610595703
2015-04-01,156.1768035888672
2015-04-02,156.64051818847656
2015-04-06,157.741943359375
2015-04-07,157.319580078125
2015-04-08,157.89097595214844
2015-04-09,158.57838439941406
2015-04-10,159.44790649414062
2015-04-13,158.72743225097656
2015-04-14,159.0172576904297
2015-04-15,159.74600219726562
2015-04-16,159.68801879882812
2015-04-17,157.83303833007812
2015-04-20,159.2739715576172
2015-04-21,159.11666870117188
2015-04-22,159.9033203125
2015-04-23,160.3173828125
2015-04-24,160.64044189453125
2015-04-27,160.00271606445312
2015-04-28,160.4995880126953
2015-04-29,159.8453826904297
2015-04-30,158.2554168701172
2015-05-01,159.91162109375
2015-05-04,160.40850830078125
2015-05-05,158.5369415283203
2015-05-06,157.8992462158203
2015-05-07,158.5369415283203
2015-05-08,160.61557006835938
2015-05-11,159.8453826904297
2015-05-12,159.38168334960938
2015-05-13,159.4313201904297
2015-05-14,161.09585571289062
2015-05-15,161.26153564453125
2015-05-18,161.7583465576172
2015-05-19,161.67556762695312
2015-05-20,161.56788635253906
2015-05-21,162.05645751953125
2015-05-22,161.7003936767578
2015-05-26,159.96131896972656
2015-05-27,161.4354248046875
2015-05-28,161.28631591796875
2015-05-29,160.2345733642578
2015-06-01,160.60723876953125
2015-06-02,160.44161987304688
2015-06-03,160.8805694580078
2015-06-04,159.5720977783203
2015-06-05,159.2491455078125
2015-06-08,158.26365661621094
2015-06-09,158.22222900390625
2015-06-10,160.10206604003906
2015-06-11,160.59898376464844
2015-06-12,159.4230499267578
2015-06-15,158.68601989746094
2015-06-16,159.613525390625
2015-06-17,159.88677978515625
2015-06-18,161.468505859375
2015-06-19,160.53271484375
2015-06-22,161.6326446533203
2015-06-23,161.74908447265625
2015-06-24,160.5926513671875
2015-06-25,160.09344482421875
2015-06-26,160.09344482421875
2015-06-29,156.70718383789062
2015-06-30,157.11488342285156
2015-07-01,158.30465698242188
2015-07-02,158.18814086914062
2015-07-06,157.73057556152344
2015-07-07,158.7039794921875
2015-07-08,156.00827026367188
2015-07-09,156.2911376953125
2015-07-10,158.27963256835938
2015-07-13,160.05184936523438
2015-07-14,160.75904846191406
2015-07-15,160.69247436523438
2015-07-16,161.92376708984375
2015-07-17,162.11520385742188
2015-07-20,162.19004821777344
2015-07-21,161.5494842529297
2015-07-22,161.23330688476562
2015-07-23,160.3097381591797
2015-07-24,158.6374053955078
2015-07-27,157.73886108398438
2015-07-28,159.65249633789062
2015-07-29,160.7839813232422
2015-07-30,160.80894470214844
2015-07-31,160.5344696044922
2015-08-03,160.0352325439453
2015-08-04,159.71900939941406
2015-08-05,160.27647399902344
2015-08-06,159.05337524414062
2015-08-07,158.6374053955078
2015-08-10,160.6508331298828
2015-08-11,159.17825317382812
2015-08-12,159.31973266601562
2015-08-13,159.1449432373047
2015-08-14,159.7606658935547
2015-08-17,160.6508331298828
2015-08-18,160.16000366210938
2015-08-19,158.8953857421875
2015-08-20,155.55906677246094
2015-08-21,150.625244140625
2015-08-24,144.485107421875
2015-08-25,142.72955322265625
2015-08-26,148.3955078125
2015-08-27,152.0230255126953
2015-08-28,152.0230255126953
2015-08-31,150.6835174560547
2015-09-01,146.08253479003906
2015-09-02,149.02780151367188
2015-09-03,149.1526336669922
2015-09-04,146.83963012695312
2015-09-08,150.600341796875
2015-09-09,148.57029724121094
2015-09-10,149.4022674560547
2015-09-11,150.02626037597656
2015-09-14,149.4604949951172
2015-09-15,151.40736389160156
2015-09-16,152.730224609375
2015-09-17,152.33090209960938
2015-09-18,149.86810302734375
2015-09-21,150.6402130126953
2015-09-22,148.67457580566406
2015-09-23,148.40687561035156
2015-09-24,147.9468994140625
2015-09-25,147.8464813232422
2015-09-28,144.12442016601562
2015-09-29,144.19969177246094
2015-09-30,146.96829223632812
2015-10-01,147.3780975341797
2015-10-02,149.51100158691406
2015-10-05,152.1959686279297
2015-10-06,151.6857147216797
2015-10-07,152.95706176757812
2015-10-08,154.30369567871094
2015-10-09,154.38739013671875
2015-10-12,154.57142639160156
2015-10-13,153.5425567626953
2015-10-14,152.82325744628906
2015-10-15,155.11502075195312
2015-10-16,155.74237060546875
2015-10-19,155.92637634277344
2015-10-20,155.72567749023438
2015-10-21,154.71359252929688
2015-10-22,157.39013671875
2015-10-23,159.1048126220703
2015-10-26,158.7283935546875
2015-10-27,158.4188995361328
2015-10-28,160.25906372070312
2015-10-29,160.20053100585938
2015-10-30,159.38919067382812
2015-11-02,161.27947998046875
2015-11-03,161.78970336914062
2015-11-04,161.3297576904297
2015-11-05,161.12896728515625
2015-11-06,161.06202697753906
2015-11-09,159.5564727783203
2015-11-10,159.8575897216797
2015-11-11,159.24703979492188
2015-11-12,157.1141357421875
2015-11-13,155.29904174804688
2015-11-16,157.68283081054688
2015-11-17,157.49049377441406
2015-11-18,160.02487182617188
2015-11-19,159.94119262695312
2015-11-20,160.53509521484375
2015-11-23,160.35105895996094
2015-11-24,160.61038208007812
2015-11-25,160.56015014648438
2015-11-27,160.71905517578125
2015-11-30,160.0666961669922
2015-12-01,161.6140899658203
2015-12-02,159.90777587890625
2015-12-03,157.63267517089844
2015-12-04,160.7274932861328
2015-12-07,159.7154083251953
2015-12-08,158.69496154785156
2015-12-09,157.50726318359375
2015-12-10,157.8668670654297
2015-12-11,154.72190856933594
2015-12-14,155.65036010742188
2015-12-15,157.27305603027344
2015-12-16,159.48117065429688
2015-12-17,157.156005859375
2015-12-18,154.23675537109375
2015-12-21,155.60159301757812
2015-12-22,157.0067138671875
2015-12-23,158.89146423339844
2015-12-24,158.61380004882812
2015-12-28,158.26885986328125
2015-12-29,160.03579711914062
2015-12-30,158.85781860351562
2015-12-31,157.2843780517578
2016-01-04,155.07986450195312
2016-01-05,155.35755920410156
2016-01-06,153.38864135742188
2016-01-07,149.65280151367188
2016-01-08,148.06259155273438
2016-01-11,148.07936096191406
2016-01-12,149.30783081054688
2016-01-13,145.65614318847656
2016-01-14,148.02049255371094
2016-01-15,144.84837341308594
2016-01-19,145.0082550048828
2016-01-20,143.30860900878906
2016-01-21,144.00694274902344
2016-01-22,146.9603271484375
2016-01-25,144.7810821533203
2016-01-26,146.7415008544922
2016-01-27,145.07554626464844
2016-01-28,145.86643981933594
2016-01-29,149.56024169921875
2016-02-01,149.4256591796875
2016-02-02,146.7163543701172
2016-02-03,147.5745849609375
2016-02-04,147.75967407226562
2016-02-05,144.9829864501953
2016-02-08,142.98887634277344
2016-02-09,143.0309600830078
2016-02-10,142.9383544921875
2016-02-11,141.1040802001953
2016-02-12,143.99851989746094
2016-02-16,146.4133758544922
2016-02-17,148.8114013671875
2016-02-18,148.18035888671875
2016-02-19,148.14671325683594
2016-02-22,150.26699829101562
2016-02-23,148.3822784423828
2016-02-24,149.0806427001953
2016-02-25,150.8728790283203
2016-02-26,150.5951690673828
2016-02-29,149.2489013671875
2016-03-01,152.9258575439453
2016-03-02,153.57376098632812
2016-03-03,154.13754272460938
2016-03-04,154.6339874267578
2016-03-07,154.80223083496094
2016-03-08,153.06048583984375
2016-03-09,153.9019317626953
2016-03-10,153.98606872558594
2016-03-11,156.48504638671875
2016-03-14,156.2494659423828
2016-03-15,156.0475311279297
2016-03-16,156.9814453125
2016-03-17,157.97430419921875
2016-03-18,158.56333923339844
2016-03-21,158.80528259277344
2016-03-22,158.72068786621094
2016-03-23,157.70555114746094
2016-03-24,157.59559631347656
2016-03-28,157.70555114746094
2016-03-29,159.2197723388672
2016-03-30,159.88803100585938
2016-03-31,159.5073699951172
2016-04-01,160.53089904785156
2016-04-04,160.0233917236328
2016-04-05,158.3992156982422
2016-04-06,160.12484741210938
2016-04-07,158.2384796142578
2016-04-08,158.66993713378906
2016-04-11,158.25540161132812
2016-04-12,159.79501342773438
2016-04-13,161.39378356933594
2016-04-14,161.37689208984375
2016-04-15,161.1991729736328
2016-04-18,162.3666229248047
2016-04-19,162.85720825195312
2016-04-20,162.9925994873047
2016-04-21,162.08743286132812
2016-04-22,162.12973022460938
2016-04-25,161.86746215820312
2016-04-26,162.10435485839844
2016-04-27,162.4427490234375
2016-04-28,160.9792938232422
2016-04-29,160.065673828125
2016-05-02,161.34303283691406
2016-05-03,159.96417236328125
2016-05-04,159.02520751953125
2016-05-05,159.00833129882812
2016-05-06,159.58355712890625
2016-05-09,159.75274658203125
2016-05-10,161.73214721679688
2016-05-11,160.21795654296875
2016-05-12,160.31103515625
2016-05-13,158.8306427001953
2016-05-16,160.41249084472656
2016-05-17,158.99981689453125
2016-05-18,158.9744873046875
2016-05-19,158.4584197998047
2016-05-20,159.4481964111328
2016-05-23,159.23666381835938
2016-05-24,161.25845336914062
2016-05-25,162.358154296875
2016-05-26,162.43429565429688
2016-05-27,163.0687255859375
2016-05-31,162.87417602539062
2016-06-01,163.17869567871094
2016-06-02,163.66934204101562
2016-06-03,163.19558715820312
2016-06-06,163.98236083984375
2016-06-07,164.27835083007812
2016-06-08,164.8197479248047
2016-06-09,164.56597900390625
2016-06-10,162.98414611816406
2016-06-13,161.7575225830078
2016-06-14,161.40223693847656
2016-06-15,161.1654052734375
2016-06-16,161.68984985351562
2016-06-17,161.08929443359375
2016-06-20,162.1212921142578
2016-06-21,162.5828857421875
2016-06-22,162.3108367919922
2016-06-23,164.41075134277344
2016-06-24,158.41720581054688
2016-06-27,155.62017822265625
2016-06-28,158.49375915527344
2016-06-29,161.22264099121094
2016-06-30,163.39906311035156
2016-07-01,163.7390899658203
2016-07-05,162.59136962890625
2016-07-06,163.5520782470703
2016-07-07,163.44158935546875
2016-07-08,165.9239959716797
2016-07-11,166.50209045410156
2016-07-12,167.67526245117188
2016-07-13,167.6157989501953
2016-07-14,168.5934600830078
2016-07-15,168.33840942382812
2016-07-18,168.822998046875
2016-07-19,168.63604736328125
2016-07-20,169.31613159179688
2016-07-21,168.67845153808594
2016-07-22,169.46063232421875
2016-07-25,169.0525665283203
2016-07-26,169.04409790039062
2016-07-27,168.93353271484375
2016-07-28,169.12062072753906
2016-07-29,169.4181671142578
2016-08-01,169.22259521484375
2016-08-02,168.16836547851562
2016-08-03,168.65301513671875
2016-08-04,168.81451416015625
2016-08-05,170.1747589111328
2016-08-08,170.08975219726562
2016-08-09,170.20025634765625
2016-08-10,169.76670837402344
2016-08-11,170.599853515625
2016-08-12,170.42984008789062
2016-08-15,170.9228973388672
2016-08-16,170.03871154785156
2016-08-17,170.31927490234375
2016-08-18,170.7273712158203
2016-08-19,170.4893341064453
2016-08-22,170.47227478027344
2016-08-23,170.78688049316406
2016-08-24,169.9622039794922
2016-08-25,169.826171875
2016-08-26,169.50315856933594
2016-08-29,170.36184692382812
2016-08-30,170.03871154785156
2016-08-31,169.62220764160156
2016-09-01,169.58816528320312
2016-09-02,170.3447723388672
2016-09-06,170.88037109375
2016-09-07,170.87188720703125
2016-09-08,170.47227478027344
2016-09-09,166.35757446289062
2016-09-12,168.7379913330078
2016-09-13,166.33245849609375
2016-09-14,166.22994995117188
2016-09-15,167.9378204345703
2016-09-16,167.2803192138672
2016-09-19,167.33154296875
2016-09-20,167.34866333007812
2016-09-21,169.22732543945312
2016-09-22,170.24351501464844
2016-09-23,169.32972717285156
2016-09-26,167.98057556152344
2016-09-27,169.0053253173828
2016-09-28,169.9190216064453
2016-09-29,168.32211303710938
2016-09-30,169.67135620117188
2016-10-03,169.1334228515625
2016-10-04,168.3477020263672
2016-10-05,169.04798889160156
2016-10-06,169.24436950683594
2016-10-07,168.6209716796875
2016-10-10,169.39813232421875
2016-10-11,167.34010314941406
2016-10-12,167.55360412597656
2016-10-13,167.0155792236328
2016-10-14,167.0582733154297
2016-10-17,166.56298828125
2016-10-18,167.5449676513672
2016-10-19,168.00616455078125
2016-10-20,167.73291015625
2016-10-21,167.77560424804688
2016-10-24,168.45875549316406
2016-10-25,167.98057556152344
2016-10-26,167.6048126220703
2016-10-27,167.16073608398438
2016-10-28,166.63133239746094
2016-10-31,166.63133239746094
2016-11-01,165.46994018554688
2016-11-02,164.3768768310547
2016-11-03,163.73643493652344
2016-11-04,163.51437377929688
2016-11-07,167.10101318359375
2016-11-08,167.8695068359375
2016-11-09,169.66278076171875
2016-11-10,170.05564880371094
2016-11-11,169.7397003173828
2016-11-14,169.7653350830078
2016-11-15,171.1402130126953
2016-11-16,170.84982299804688
2016-11-17,171.6610870361328
2016-11-18,171.3536834716797
2016-11-21,172.6175079345703
2016-11-22,172.93344116210938
2016-11-23,173.08717346191406
2016-11-25,173.77886962890625
2016-11-28,172.9590301513672
2016-11-29,173.2323760986328
2016-11-30,172.83953857421875
2016-12-01,172.16488647460938
2016-12-02,172.2844696044922
2016-12-05,173.27508544921875
2016-12-06,173.88134765625
2016-12-07,176.08453369140625
2016-12-08,176.545654296875
2016-12-09,177.62164306640625
2016-12-12,177.42529296875
2016-12-13,178.6378631591797
2016-12-14,177.16049194335938
2016-12-15,177.81809997558594
2016-12-16,177.51063537597656
2016-12-19,177.9119873046875
2016-12-20,178.59515380859375
2016-12-21,178.1083984375
2016-12-22,177.8815155029297
2016-12-23,178.03623962402344
2016-12-27,178.4744415283203
2016-12-28,177.06521606445312
2016-12-29,177.0308837890625
2016-12-30,176.42074584960938
2017-01-03,177.6495361328125
2017-01-04,178.69784545898438
2017-01-05,178.56040954589844
2017-01-06,179.25645446777344
2017-01-09,178.6892852783203
2017-01-10,178.66348266601562
2017-01-11,179.1704864501953
2017-01-12,178.7752227783203
2017-01-13,179.12750244140625
2017-01-17,178.49166870117188
2017-01-18,178.86972045898438
2017-01-19,178.2681884765625
2017-01-20,178.84396362304688
2017-01-23,178.43148803710938
2017-01-24,179.5657501220703
2017-01-25,181.06097412109375
2017-01-26,180.92343139648438
2017-01-27,180.6656494140625
2017-01-30,179.5743408203125
2017-01-31,179.5657501220703
2017-02-01,179.591552734375
2017-02-02,179.6688690185547
2017-02-03,181.00082397460938
2017-02-06,180.62266540527344
2017-02-07,180.6656494140625
2017-02-08,180.89768981933594
2017-02-09,181.9287567138672
2017-02-10,182.65919494628906
2017-02-13,183.6302032470703
2017-02-14,184.3949432373047
2017-02-15,185.33157348632812
2017-02-16,185.18548583984375
2017-02-17,185.4690399169922
2017-02-21,186.56039428710938
2017-02-22,186.47442626953125
2017-02-23,186.57757568359375
2017-02-24,186.80101013183594
2017-02-27,187.0759735107422
2017-02-28,186.52598571777344
2017-03-01,189.172607421875
2017-03-02,188.0640869140625
2017-03-03,188.16725158691406
2017-03-06,187.5829315185547
2017-03-07,187.0157928466797
2017-03-08,186.6204833984375
2017-03-09,186.8181915283203
2017-03-10,187.47125244140625
2017-03-13,187.5829315185547
2017-03-14,186.94705200195312
2017-03-15,188.50238037109375
2017-03-16,188.18441772460938
2017-03-17,187.80633544921875
2017-03-20,187.64306640625
2017-03-21,185.24562072753906
2017-03-22,185.62376403808594
2017-03-23,185.43382263183594
2017-03-24,185.37342834472656
2017-03-27,185.07127380371094
2017-03-28,186.44387817382812
2017-03-29,186.7201385498047
2017-03-30,187.22088623046875
2017-03-31,186.7719268798828
2017-04-03,186.5388641357422
2017-04-04,186.64244079589844
2017-04-05,186.0726776123047
2017-04-06,186.55612182617188
2017-04-07,186.39210510253906
2017-04-10,186.52163696289062
2017-04-11,186.28848266601562
2017-04-12,185.52015686035156
2017-04-13,184.2856903076172
2017-04-17,185.90000915527344
2017-04-18,185.39068603515625
2017-04-19,184.9849395751953
2017-04-20,186.49569702148438
2017-04-21,185.9517822265625
2017-04-24,187.93739318847656
2017-04-25,189.0682830810547
2017-04-26,188.9301300048828
2017-04-27,189.07691955566406
2017-04-28,188.71435546875
2017-05-01,189.17185974121094
2017-05-02,189.23231506347656
2017-05-03,189.04238891601562
2017-05-04,189.21507263183594
2017-05-05,189.9747772216797
2017-05-08,189.98338317871094
2017-05-09,189.7416534423828
2017-05-10,190.09559631347656
2017-05-11,189.7071075439453
2017-05-12,189.4136505126953
2017-05-15,190.37188720703125
2017-05-16,190.33731079101562
2017-05-17,186.9618682861328
2017-05-18,187.6438751220703
2017-05-19,188.80929565429688
2017-05-22,189.8624725341797
2017-05-23,190.23373413085938
2017-05-24,190.69122314453125
2017-05-25,191.58042907714844
2017-05-26,191.5890655517578
2017-05-30,191.40780639648438
2017-05-31,191.36465454101562
2017-06-01,192.85816955566406
2017-06-02,193.46246337890625
2017-06-05,193.33290100097656
2017-06-06,192.7804718017578
2017-06-07,193.09983825683594
2017-06-08,193.1688690185547
2017-06-09,192.94448852539062
2017-06-12,192.86679077148438
2017-06-13,193.80772399902344
2017-06-14,193.6005859375
2017-06-15,193.21206665039062
2017-06-16,193.26382446289062
2017-06-19,194.8436279296875
2017-06-20,193.56600952148438
2017-06-21,193.48834228515625
2017-06-22,193.3760986328125
2017-06-23,193.7056121826172
2017-06-26,193.76637268066406
2017-06-27,192.2227020263672
2017-06-28,193.9224090576172
2017-06-29,192.24876403808594
2017-06-30,192.56956481933594
2017-07-03,192.99449157714844
2017-07-05,193.33273315429688
2017-07-06,191.59835815429688
2017-07-07,192.81240844726562
2017-07-10,193.0118408203125
2017-07-11,192.86441040039062
2017-07-12,194.3126983642578
2017-07-13,194.64218139648438
2017-07-14,195.5267333984375
2017-07-17,195.552734375
2017-07-18,195.70021057128906
2017-07-19,196.73211669921875
2017-07-20,196.7928009033203
2017-07-21,196.6541290283203
2017-07-24,196.584716796875
2017-07-25,197.05296325683594
2017-07-26,197.11370849609375
2017-07-27,196.87953186035156
2017-07-28,196.6541290283203
2017-07-31,196.5413360595703
2017-08-01,196.98367309570312
2017-08-02,197.0963897705078
2017-08-03,196.74949645996094
2017-08-04,197.07899475097656
2017-08-07,197.3998565673828
2017-08-08,197.00967407226562
2017-08-09,196.89691162109375
2017-08-10,194.19125366210938
2017-08-11,194.4513397216797
2017-08-14,196.35923767089844
2017-08-15,196.3765869140625
2017-08-16,196.68875122070312
2017-08-17,193.62759399414062
2017-08-18,193.27203369140625
2017-08-21,193.50613403320312
2017-08-22,195.4660186767578
2017-08-23,194.7982635498047
2017-08-24,194.3473663330078
2017-08-25,194.7722930908203
2017-08-28,194.8416290283203
2017-08-29,194.9890594482422
2017-08-30,195.9603271484375
2017-08-31,197.11370849609375
2017-09-01,197.45187377929688
2017-09-05,195.9950408935547
2017-09-06,196.6801300048828
2017-09-07,196.63673400878906
2017-09-08,196.3332061767578
2017-09-11,198.4751739501953
2017-09-12,199.2036590576172
2017-09-13,199.32504272460938
2017-09-14,199.2556915283203
2017-09-15,199.53318786621094
2017-09-18,199.8800811767578
2017-09-19,200.1228790283203
2017-09-20,200.2327117919922
2017-09-21,199.6661834716797
2017-09-22,199.63999938964844
2017-09-25,199.3436279296875
2017-09-26,199.41336059570312
2017-09-27,200.18914794921875
2017-09-28,200.42449951171875
2017-09-29,201.13917541503906
2017-10-02,201.9846954345703
2017-10-03,202.3943328857422
2017-10-04,202.67330932617188
2017-10-05,203.8761444091797
2017-10-06,203.6844024658203
2017-10-09,203.3270263671875
2017-10-10,203.84129333496094
2017-10-11,204.17251586914062
2017-10-12,203.85870361328125
2017-10-13,204.08535766601562
2017-10-16,204.40785217285156
2017-10-17,204.53860473632812
2017-10-18,204.7216796875
2017-10-19,204.8262481689453
2017-10-20,205.84603881835938
2017-10-23,205.09645080566406
2017-10-24,205.38412475585938
2017-10-25,204.39913940429688
2017-10-26,204.59088134765625
2017-10-27,206.33419799804688
2017-10-30,205.5845489501953
2017-10-31,205.8198699951172
2017-11-01,206.17726135253906
2017-11-02,206.26438903808594
2017-11-03,206.95303344726562
2017-11-06,207.266845703125
2017-11-07,207.1796417236328
2017-11-08,207.48468017578125
2017-11-09,206.73512268066406
2017-11-10,206.61309814453125
2017-11-13,206.85716247558594
2017-11-14,206.35157775878906
2017-11-15,205.2969207763672
2017-11-16,207.04888916015625
2017-11-17,206.49107360839844
2017-11-20,206.76123046875
2017-11-21,208.13848876953125
2017-11-22,207.99026489257812
2017-11-24,208.4260711669922
2017-11-27,208.36508178710938
2017-11-28,210.43089294433594
2017-11-29,210.35240173339844
2017-11-30,212.11312866210938
2017-12-01,211.72085571289062
2017-12-04,211.49424743652344
2017-12-05,210.74462890625
2017-12-06,210.73590087890625
2017-12-07,211.43325805664062
2017-12-08,212.5838165283203
2017-12-11,213.2723846435547
2017-12-12,213.63851928710938
2017-12-13,213.58615112304688
2017-12-14,212.74070739746094
2017-12-15,214.5275421142578
2017-12-18,215.8611602783203
2017-12-19,215.07667541503906
2017-12-20,214.91111755371094
2017-12-21,215.34689331054688
2017-12-22,215.3032684326172
2017-12-26,215.05284118652344
2017-12-27,215.1754150390625
2017-12-28,215.57835388183594
2017-12-29,214.8338165283203
2018-01-02,216.4103546142578
2018-01-03,217.6978302001953
2018-01-04,218.65252685546875
2018-01-05,220.05381774902344
2018-01-08,220.50927734375
2018-01-09,220.97344970703125
2018-01-10,220.59689331054688
2018-01-11,222.2259063720703
2018-01-12,223.69735717773438
2018-01-16,222.88279724121094
2018-01-17,225.03733825683594
2018-01-18,224.7307891845703
2018-01-19,225.6854705810547
2018-01-22,227.49844360351562
2018-01-23,228.0151824951172
2018-01-24,227.90135192871094
2018-01-25,228.0064239501953
2018-01-26,230.66021728515625
2018-01-29,229.066162109375
2018-01-30,226.62265014648438
2018-01-31,226.8328094482422
2018-02-01,226.60516357421875
2018-02-02,221.75296020507812
2018-02-05,212.64431762695312
2018-02-06,216.57679748535156
2018-02-07,215.39439392089844
2018-02-08,207.3892822265625
2018-02-09,210.58604431152344
2018-02-12,213.47634887695312
2018-02-13,214.19451904296875
2018-02-14,216.99717712402344
2018-02-15,219.80860900878906
2018-02-16,219.78231811523438
2018-02-20,218.45108032226562
2018-02-21,217.30368041992188
2018-02-22,217.5664825439453
2018-02-23,221.13992309570312
2018-02-26,223.68858337402344
2018-02-27,220.8333740234375
2018-02-28,218.3810272216797
2018-03-01,215.49952697753906
2018-03-02,216.64686584472656
2018-03-05,219.1342010498047
2018-03-06,219.68601989746094
2018-03-07,219.58966064453125
2018-03-08,220.61436462402344
2018-03-09,224.43307495117188
2018-03-12,224.2140350341797
2018-03-13,222.7339630126953
2018-03-14,221.560302734375
2018-03-15,221.35008239746094
2018-03-16,221.57778930664062
2018-03-19,218.61746215820312
2018-03-20,219.0028533935547
2018-03-21,218.494873046875
2018-03-22,213.06468200683594
2018-03-23,208.52784729003906
2018-03-26,214.2679443359375
2018-03-27,210.5549774169922
2018-03-28,209.9655303955078
2018-03-29,212.99212646484375
2018-04-02,208.06503295898438
2018-04-03,210.70462036132812
2018-04-04,213.13294982910156
2018-04-05,214.67269897460938
2018-04-06,209.94789123535156
2018-04-09,210.80136108398438
2018-04-10,214.2767333984375
2018-04-11,213.14173889160156
2018-04-12,214.92782592773438
2018-04-13,214.3295440673828
2018-04-16,216.0716094970703
2018-04-17,218.39439392089844
2018-04-18,218.51756286621094
2018-04-19,217.32098388671875
2018-04-20,215.5613250732422
2018-04-23,215.46453857421875
2018-04-24,212.52581787109375
2018-04-25,213.0713348388672
2018-04-26,215.2621307373047
2018-04-27,215.4909210205078
2018-04-30,213.73126220703125
2018-05-01,214.188720703125
2018-05-02,212.72824096679688
2018-05-03,212.22671508789062
2018-05-04,215.04222106933594
2018-05-07,215.7108612060547
2018-05-08,215.7020721435547
2018-05-09,217.79611206054688
2018-05-10,219.83731079101562
2018-05-11,220.37403869628906
2018-05-14,220.62042236328125
2018-05-15,219.10711669921875
2018-05-16,220.0397186279297
2018-05-17,219.85494995117188
2018-05-18,219.30943298339844
2018-05-21,220.9195098876953
2018-05-22,220.28602600097656
2018-05-23,220.9723358154297
2018-05-24,220.55001831054688
2018-05-25,219.99569702148438
2018-05-29,217.45298767089844
2018-05-30,220.3212432861328
2018-05-31,218.89588928222656
2018-06-01,221.2010955810547
2018-06-04,222.1776885986328
2018-06-05,222.4856719970703
2018-06-06,224.26292419433594
2018-06-07,224.1573486328125
2018-06-08,224.86117553710938
2018-06-11,225.151611328125
2018-06-12,225.52989196777344
2018-06-13,224.6324920654297
2018-06-14,225.28359985351562
2018-06-15,225.0899658203125
2018-06-18,224.55328369140625
2018-06-19,223.6998748779297
2018-06-20,224.10458374023438
2018-06-21,222.7056121826172
2018-06-22,223.10157775878906
2018-06-25,220.01329040527344
2018-06-26,220.49720764160156
2018-06-27,218.66714477539062
2018-06-28,219.99923706054688
2018-06-29,220.55615234375
2018-07-02,220.8125
2018-07-03,219.9197540283203
2018-07-05,221.8025665283203
2018-07-06,223.65000915527344
2018-07-09,225.63009643554688
2018-07-10,226.4168243408203
2018-07-11,224.86984252929688
2018-07-12,226.79689025878906
2018-07-13,226.99136352539062
2018-07-16,226.8499298095703
2018-07-17,227.82225036621094
2018-07-18,228.2377166748047
2018-07-19,227.37149047851562
2018-07-20,227.15933227539062
2018-07-23,227.5924530029297
2018-07-24,228.6620635986328
2018-07-25,230.75704956054688
2018-07-26,230.0763702392578
2018-07-27,228.58250427246094
2018-07-30,227.2654571533203
2018-07-31,228.41458129882812
2018-08-01,228.13165283203125
2018-08-02,229.28970336914062
2018-08-03,230.41226196289062
2018-08-06,231.27857971191406
2018-08-07,231.9238739013672
2018-08-08,231.8000946044922
2018-08-09,231.50840759277344
2018-08-10,229.9349822998047
2018-08-13,229.0687255859375
2018-08-14,230.54486083984375
2018-08-15,228.84768676757812
2018-08-16,230.7039794921875
2018-08-17,231.47296142578125
2018-08-20,231.98568725585938
2018-08-21,232.48959350585938
2018-08-22,232.41883850097656
2018-08-23,232.0829620361328
2018-08-24,233.54150390625
2018-08-27,235.30056762695312
2018-08-28,235.43316650390625
2018-08-29,236.7237548828125
2018-08-30,235.7601776123047
2018-08-31,235.76902770996094
2018-09-04,235.44200134277344
2018-09-05,234.77906799316406
2018-09-06,234.08950805664062
2018-09-07,233.52381896972656
2018-09-10,233.96572875976562
2018-09-11,234.8497314453125
2018-09-12,234.8762664794922
2018-09-13,236.21104431152344
2018-09-14,236.33477783203125
2018-09-17,235.00001525878906
2018-09-18,236.28175354003906
2018-09-19,236.5469970703125
2018-09-20,238.44747924804688
2018-09-21,238.27947998046875
2018-09-24,237.48394775390625
2018-09-25,237.19229125976562
2018-09-26,236.49696350097656
2018-09-27,237.15406799316406
2018-09-28,237.1274871826172
2018-10-01,238.0065155029297
2018-10-02,237.9798583984375
2018-10-03,238.18406677246094
2018-10-04,236.2305908203125
2018-10-05,234.898681640625
2018-10-08,234.83651733398438
2018-10-09,234.5346221923828
2018-10-10,226.9604034423828
2018-10-11,222.18321228027344
2018-10-12,225.18446350097656
2018-10-15,223.95018005371094
2018-10-16,228.7185516357422
2018-10-17,228.7984161376953
2018-10-18,225.58404541015625
2018-10-19,225.40647888183594
2018-10-22,224.47412109375
2018-10-23,223.1244354248047
2018-10-24,216.46478271484375
2018-10-25,220.34512329101562
2018-10-26,216.44705200195312
2018-10-29,215.32818603515625
2018-10-30,218.62252807617188
2018-10-31,220.9134521484375
2018-11-01,223.2042999267578
2018-11-02,221.81912231445312
2018-11-05,223.0800323486328
2018-11-06,224.49188232421875
2018-11-07,229.23353576660156
2018-11-08,228.84283447265625
2018-11-09,226.72950744628906
2018-11-12,222.35189819335938
2018-11-13,221.9789581298828
2018-11-14,220.4606170654297
2018-11-15,222.74258422851562
2018-11-16,223.3108673095703
2018-11-19,219.60813903808594
2018-11-20,215.56800842285156
2018-11-21,216.28721618652344
2018-11-23,214.8931427001953
2018-11-26,218.25845336914062
2018-11-27,218.94216918945312
2018-11-28,224.05673217773438
2018-11-29,223.59507751464844
2018-11-30,225.07789611816406
2018-12-03,227.85716247558594
2018-12-04,220.78912353515625
2018-12-06,220.22975158691406
2018-12-07,215.11512756347656
2018-12-10,215.37258911132812
2018-12-11,215.4347381591797
2018-12-12,216.62466430664062
2018-12-13,216.5535430908203
2018-12-14,212.55775451660156
2018-12-17,208.2180938720703
2018-12-18,208.13775634765625
2018-12-19,204.81668090820312
2018-12-20,201.4510040283203
2018-12-21,197.4425048828125
2018-12-24,192.005615234375
2018-12-26,201.71884155273438
2018-12-27,203.5936279296875
2018-12-28,203.334716796875
2018-12-31,205.16485595703125
2019-01-02,205.32559204101562
2019-01-03,200.42430114746094
2019-01-04,207.03970336914062
2019-01-07,208.59304809570312
2019-01-08,210.61961364746094
2019-01-09,211.59271240234375
2019-01-10,212.47654724121094
2019-01-11,212.3783721923828
2019-01-14,211.20883178710938
2019-01-15,213.68177795410156
2019-01-16,214.15493774414062
2019-01-17,215.75296020507812
2019-01-18,218.6544647216797
2019-01-22,215.74407958984375
2019-01-23,216.06549072265625
2019-01-24,216.2797393798828
2019-01-25,218.11878967285156
2019-01-28,216.43148803710938
2019-01-29,216.16366577148438
2019-01-30,219.58291625976562
2019-01-31,221.4130859375
2019-02-01,221.60055541992188
2019-02-04,223.18072509765625
2019-02-05,224.1717529296875
2019-02-06,223.8949432373047
2019-02-07,221.6988067626953
2019-02-08,221.9844512939453
2019-02-11,222.10047912597656
2019-02-12,224.97518920898438
2019-02-13,225.65370178222656
2019-02-14,225.1537322998047
2019-02-15,227.63560485839844
2019-02-19,228.02838134765625
2019-02-20,228.5551300048828
2019-02-21,227.72486877441406
2019-02-22,229.09075927734375
2019-02-25,229.43002319335938
2019-02-26,229.26039123535156
2019-02-27,229.14437866210938
2019-02-28,228.60873413085938
2019-03-01,230.1799774169922
2019-03-04,229.29612731933594
2019-03-05,229.0283203125
2019-03-06,227.56419372558594
2019-03-07,225.73403930664062
2019-03-08,225.27874755859375
2019-03-11,228.5640869140625
2019-03-12,229.37646484375
2019-03-13,230.93881225585938
2019-03-14,230.8584442138672
2019-03-15,231.98333740234375
2019-03-18,232.8135986328125
2019-03-19,232.88499450683594
2019-03-20,232.0546875
2019-03-21,234.70770263671875
2019-03-22,230.2457275390625
2019-03-25,230.0392608642578
2019-03-26,231.70010375976562
2019-03-27,230.62281799316406
2019-03-28,231.5205841064453
2019-03-29,233.01089477539062
2019-04-01,235.69525146484375
2019-04-02,235.77610778808594
2019-04-03,236.2159423828125
2019-04-04,236.78158569335938
2019-04-05,237.92184448242188
2019-04-08,238.1282958984375
2019-04-09,236.86236572265625
2019-04-10,237.67930603027344
2019-04-11,237.63446044921875
2019-04-12,239.2415008544922
2019-04-15,239.0799102783203
2019-04-16,239.25047302246094
2019-04-17,238.66690063476562
2019-04-18,239.11581420898438
2019-04-22,239.34922790527344
2019-04-23,241.4141387939453
2019-04-24,240.9383087158203
2019-04-25,240.84852600097656
2019-04-26,241.952880859375
2019-04-29,242.2581329345703
2019-04-30,242.41067504882812
2019-05-01,240.64208984375
2019-05-02,240.1662139892578
2019-05-03,242.44656372070312
2019-05-06,241.48593139648438
2019-05-07,237.57162475585938
2019-05-08,237.10482788085938
2019-05-09,236.37762451171875
2019-05-10,237.48184204101562
2019-05-13,231.65524291992188
2019-05-14,233.666259765625
2019-05-15,235.0488739013672
2019-05-16,237.20355224609375
2019-05-17,235.7670440673828
2019-05-20,234.16012573242188
2019-05-21,236.14414978027344
2019-05-22,235.4977264404297
2019-05-23,232.7415313720703
2019-05-24,233.14556884765625
2019-05-28,231.05372619628906
2019-05-29,229.46466064453125
2019-05-30,230.10208129882812
2019-05-31,227.0226593017578
2019-06-03,226.3493194580078
2019-06-04,231.33204650878906
2019-06-05,233.2892303466797
2019-06-06,234.8064422607422
2019-06-07,237.14968872070312
2019-06-10,238.262939453125
2019-06-11,238.21803283691406
2019-06-12,237.7691192626953
2019-06-13,238.82852172851562
2019-06-14,238.4694061279297
2019-06-17,238.68490600585938
2019-06-18,241.06410217285156
2019-06-19,241.70140075683594
2019-06-20,243.95484924316406
2019-06-21,243.6676025390625
2019-06-24,243.3533477783203
2019-06-25,240.947265625
2019-06-26,240.7139129638672
2019-06-27,241.5586395263672
2019-06-28,242.89414978027344
2019-07-01,244.96075439453125
2019-07-02,245.673828125
2019-07-03,247.55990600585938
2019-07-05,247.24404907226562
2019-07-08,246.0076904296875
2019-07-09,246.314453125
2019-07-10,247.46063232421875
2019-07-11,247.95693969726562
2019-07-12,249.17518615722656
2019-07-15,249.23841857910156
2019-07-16,248.4262237548828
2019-07-17,246.74771118164062
2019-07-18,247.6501007080078
2019-07-19,246.32354736328125
2019-07-22,246.9191436767578
2019-07-23,248.61572265625
2019-07-24,249.7619171142578
2019-07-25,248.5435333251953
2019-07-26,250.32135009765625
2019-07-29,249.87008666992188
2019-07-30,249.2654571533203
2019-07-31,246.44082641601562
2019-08-01,244.37420654296875
2019-08-02,242.58737182617188
2019-08-05,235.43092346191406
2019-08-06,238.4632110595703
2019-08-07,238.62562561035156
2019-08-08,243.28224182128906
2019-08-09,241.58567810058594
2019-08-12,238.751953125
2019-08-13,242.4520263671875
2019-08-14,235.151123046875
2019-08-15,235.89120483398438
2019-08-16,239.34754943847656
2019-08-19,242.28958129882812
2019-08-20,240.41249084472656
2019-08-21,242.3617401123047
2019-08-22,242.271484375
2019-08-23,236.05368041992188
2019-08-26,238.67068481445312
2019-08-27,237.73219299316406
2019-08-28,239.38369750976562
2019-08-29,242.49713134765625
2019-08-30,242.39779663085938
2019-09-03,241.05323791503906
2019-09-04,243.6342010498047
2019-09-05,246.85597229003906
2019-09-06,247.03640747070312
2019-09-09,247.09954833984375
2019-09-10,247.15377807617188
2019-09-11,248.93153381347656
2019-09-12,249.66256713867188
2019-09-13,249.59939575195312
2019-09-16,248.7781982421875
2019-09-17,249.4550018310547
2019-09-18,249.6084442138672
2019-09-19,249.55421447753906
2019-09-20,248.21864318847656
2019-09-23,248.3900909423828
2019-09-24,246.33258056640625
2019-09-25,247.8396453857422
2019-09-26,247.3509521484375
2019-09-27,245.96356201171875
2019-09-30,247.17861938476562
2019-10-01,244.20443725585938
2019-10-02,239.89749145507812
2019-10-03,241.8016357421875
2019-10-04,245.1565704345703
2019-10-07,244.10472106933594
2019-10-08,240.3144989013672
2019-10-09,242.55418395996094
2019-10-10,244.20443725585938
2019-10-11,246.7525177001953
2019-10-14,246.52578735351562
2019-10-15,248.9104766845703
2019-10-16,248.5205535888672
2019-10-17,249.19158935546875
2019-10-18,248.16696166992188
2019-10-21,249.8988494873047
2019-10-22,249.01930236816406
2019-10-23,249.75379943847656
2019-10-24,250.1617889404297
2019-10-25,251.20457458496094
2019-10-28,252.66445922851562
2019-10-29,252.5011749267578
2019-10-30,253.38986206054688
2019-10-31,252.5737762451172
2019-11-01,254.9766082763672
2019-11-04,255.99217224121094
2019-11-05,255.66571044921875
2019-11-06,255.80172729492188
2019-11-07,256.70843505859375
2019-11-08,257.33416748046875
2019-11-11,256.83544921875
2019-11-12,257.3431091308594
2019-11-13,257.4520568847656
2019-11-14,257.796630859375
2019-11-15,259.71893310546875
2019-11-18,259.882080078125
2019-11-19,259.7552185058594
2019-11-20,258.83935546875
2019-11-21,258.4403076171875
2019-11-22,259.01165771484375
2019-11-25,260.979248046875
2019-11-26,261.505126953125
2019-11-27,262.7384033203125
2019-11-29,261.73187255859375
2019-12-02,259.60101318359375
2019-12-03,257.77838134765625
2019-12-04,259.4287109375
2019-12-05,259.90936279296875
2019-12-06,262.2215270996094
2019-12-09,261.4235534667969
2019-12-10,261.1787414550781
2019-12-11,261.8587951660156
2019-12-12,264.16192626953125
2019-12-13,264.26171875
2019-12-16,266.1295166015625
2019-12-17,266.18389892578125
2019-12-18,266.2021179199219
2019-12-19,267.308349609375
2019-12-20,268.66839599609375
2019-12-23,268.9317321777344
2019-12-24,268.9317321777344
2019-12-26,270.3076171875
2019-12-27,270.3076171875
2019-12-30,268.8223876953125
2019-12-31,269.5149230957031
2020-01-02,271.9020690917969
2020-01-03,269.9157409667969
2020-01-06,270.9271545410156
2020-01-07,270.1800842285156
2020-01-08,271.5740966796875
2020-01-09,273.45098876953125
2020-01-10,272.66741943359375
2020-01-13,274.4714660644531
2020-01-14,274.10711669921875
2020-01-15,274.7175598144531
2020-01-16,277.0135498046875
2020-01-17,277.9520568847656
2020-01-21,277.37799072265625
2020-01-22,277.450927734375
2020-01-23,277.7242431640625
2020-01-24,275.1912841796875
2020-01-27,270.8178405761719
2020-01-28,273.7516174316406
2020-01-29,273.478271484375
2020-01-30,274.3348388671875
2020-01-31,269.41473388671875
2020-02-03,271.3736572265625
2020-02-04,275.5557556152344
2020-02-05,278.67181396484375
2020-02-06,279.61944580078125
2020-02-07,278.19805908203125
2020-02-10,280.19342041015625
2020-02-11,280.7036437988281
2020-02-12,282.5077819824219
2020-02-13,282.2344055175781
2020-02-14,282.7081604003906
2020-02-18,281.93365478515625
2020-02-19,283.29132080078125
2020-02-20,282.1796875
2020-02-21,279.2549743652344
2020-02-24,269.9157409667969
2020-02-25,261.8066711425781
2020-02-26,260.6495361328125
2020-02-27,249.09628295898438
2020-02-28,247.59291076660156
2020-03-02,258.64501953125
2020-03-03,251.51083374023438
2020-03-04,261.93426513671875
2020-03-05,253.16000366210938
2020-03-06,248.91404724121094
2020-03-09,229.7072296142578
2020-03-10,241.4960174560547
2020-03-11,229.5223388671875
2020-03-12,207.323486328125
2020-03-13,226.6937255859375
2020-03-16,200.08258056640625
2020-03-17,213.18214416503906
2020-03-18,201.52890014648438
2020-03-19,201.70281982421875
2020-03-20,192.91481018066406
2020-03-23,186.9921112060547
2020-03-24,204.82440185546875
2020-03-25,207.45164489746094
2020-03-26,219.91958618164062
2020-03-27,213.163818359375
2020-03-30,220.0569305419922
2020-03-31,216.78887939453125
2020-04-01,207.02139282226562
2020-04-02,211.86395263671875
2020-04-03,208.7332000732422
2020-04-06,222.9313507080078
2020-04-07,223.0503692626953
2020-04-08,230.62081909179688
2020-04-09,234.04444885253906
2020-04-13,231.7742462158203
2020-04-14,238.85037231445312
2020-04-15,233.65084838867188
2020-04-16,234.83180236816406
2020-04-17,241.31288146972656
2020-04-20,236.96461486816406
2020-04-21,229.72372436523438
2020-04-22,234.77679443359375
2020-04-23,234.73104858398438
2020-04-24,238.1363983154297
2020-04-27,241.57833862304688
2020-04-28,240.46156311035156
2020-04-29,246.6588897705078
2020-04-30,244.50765991210938
2020-05-01,237.84347534179688
2020-05-04,238.59408569335938
2020-05-05,240.7911376953125
2020-05-06,239.1707763671875
2020-05-07,241.9994659423828
2020-05-08,246.04563903808594
2020-05-11,246.0822296142578
2020-05-12,241.1298065185547
2020-05-13,236.85482788085938
2020-05-14,239.7108917236328
2020-05-15,240.7911376953125
2020-05-18,248.15103149414062
2020-05-19,245.8075714111328
2020-05-20,249.8170623779297
2020-05-21,248.0229034423828
2020-05-22,248.58128356933594
2020-05-26,251.77606201171875
2020-05-27,255.44696044921875
2020-05-28,254.94345092773438
2020-05-29,256.0876770019531
2020-06-01,257.2044982910156
2020-06-02,259.3191223144531
2020-06-03,262.74273681640625
2020-06-04,262.07452392578125
2020-06-05,268.775390625
2020-06-08,272.0343017578125
2020-06-09,270.10272216796875
2020-06-10,268.4183654785156
2020-06-11,252.94784545898438
2020-06-12,255.9961700439453
2020-06-15,258.3304748535156
2020-06-16,263.3835754394531
2020-06-17,262.17529296875
2020-06-18,262.4132385253906
2020-06-19,260.86614990234375
2020-06-22,262.59625244140625
2020-06-23,263.786376953125
2020-06-24,257.0397644042969
2020-06-25,259.7585144042969
2020-06-26,253.67100524902344
2020-06-29,257.3729248046875
2020-06-30,260.80517578125
2020-07-01,262.5902099609375
2020-07-02,263.91534423828125
2020-07-06,268.01019287109375
2020-07-07,265.231201171875
2020-07-08,267.2004089355469
2020-07-09,265.8384094238281
2020-07-10,268.5069885253906
2020-07-13,266.0777282714844
2020-07-14,269.63885498046875
2020-07-15,272.0312805175781
2020-07-16,271.2398376464844
2020-07-17,271.9576721191406
2020-07-20,274.2212829589844
2020-07-21,274.7918395996094
2020-07-22,276.35601806640625
2020-07-23,273.0526428222656
2020-07-24,271.285888671875
2020-07-27,273.2643127441406
2020-07-28,271.5711364746094
2020-07-29,274.85614013671875
2020-07-30,273.8531799316406
2020-07-31,276.14447021484375
2020-08-03,277.8835144042969
2020-08-04,279.05218505859375
2020-08-05,280.791259765625
2020-08-06,282.6777038574219
2020-08-07,282.82489013671875
2020-08-10,283.72674560546875
2020-08-11,281.4354553222656
2020-08-12,285.2908935546875
2020-08-13,284.80328369140625
2020-08-14,284.80328369140625
2020-08-17,285.7234802246094
2020-08-18,286.3215637207031
2020-08-19,285.10699462890625
2020-08-20,286.0087585449219
2020-08-21,287.03009033203125
2020-08-24,289.9471130371094
2020-08-25,290.959228515625
2020-08-26,293.931396484375
2020-08-27,294.5202941894531
2020-08-28,296.434326171875
2020-08-31,295.39447021484375
2020-09-01,298.155029296875
2020-09-02,302.49822998046875
2020-09-03,292.026611328125
2020-09-04,289.6894226074219
2020-09-08,281.7299499511719
2020-09-09,287.2876892089844
2020-09-10,282.2635498046875
2020-09-11,282.4752502441406
2020-09-14,286.1466979980469
2020-09-15,287.6189880371094
2020-09-16,286.4596862792969
2020-09-17,283.9566955566406
2020-09-18,280.6532897949219
2020-09-21,277.60748291015625
2020-09-22,280.4140625
2020-09-23,273.91766357421875
2020-09-24,274.67218017578125
2020-09-25,279.07061767578125
2020-09-28,283.7450866699219
2020-09-29,282.1269226074219
2020-09-30,284.2986145019531
2020-10-01,286.10064697265625
2020-10-02,283.4391784667969
2020-10-05,288.3923034667969
2020-10-06,284.3632507324219
2020-10-07,289.2425537109375
2020-10-08,291.80224609375
2020-10-09,294.39898681640625
2020-10-12,299.1488037109375
2020-10-13,297.23590087890625
2020-10-14,295.3785400390625
2020-10-15,295.0274353027344
2020-10-16,294.77789306640625
2020-10-19,290.32373046875
2020-10-20,291.4696044921875
2020-10-21,290.9428405761719
2020-10-22,292.5415344238281
2020-10-23,293.53955078125
2020-10-26,288.13360595703125
2020-10-27,287.1817626953125
2020-10-28,277.2939758300781
2020-10-29,280.2140808105469
2020-10-30,277.0629577636719
2020-11-02,280.2880554199219
2020-11-03,285.2320251464844
2020-11-04,291.654541015625
2020-11-05,297.3654479980469
2020-11-06,297.328369140625
2020-11-09,301.0340881347656
2020-11-10,300.64593505859375
2020-11-11,302.7620849609375
2020-11-12,299.96209716796875
2020-11-13,304.037353515625
2020-11-16,307.7244567871094
2020-11-17,306.1905212402344
2020-11-18,302.4755859375
2020-11-19,303.74163818359375
2020-11-20,301.70855712890625
2020-11-23,303.4921569824219
2020-11-24,308.4083557128906
2020-11-25,307.9001159667969
2020-11-27,308.7778625488281
2020-11-30,307.3918151855469
2020-12-01,310.7740173339844
2020-12-02,311.4301452636719
2020-12-03,311.3377685546875
2020-12-04,314.0176086425781
2020-12-07,313.4354248046875
2020-12-08,314.3410949707031
2020-12-09,311.5502624511719
2020-12-10,311.4024353027344
2020-12-11,311.00494384765625
2020-12-14,309.5819091796875
2020-12-15,313.8605041503906
2020-12-16,314.3410949707031
2020-12-17,316.05059814453125
2020-12-18,314.7846374511719
2020-12-21,313.8143005371094
2020-12-22,313.1954650878906
2020-12-23,313.4458923339844
2020-12-24,314.69854736328125
2020-12-28,317.4357604980469
2020-12-29,316.7677917480469
2020-12-30,317.19451904296875
2020-12-31,318.90185546875
2021-01-04,314.5779724121094
2021-01-05,316.64715576171875
2021-01-06,318.5677795410156
2021-01-07,323.3278503417969
2021-01-08,325.1464538574219
2021-01-11,323.0216369628906
2021-01-12,323.0494079589844
2021-01-13,323.856689453125
2021-01-14,322.7618408203125
2021-01-15,320.46063232421875
2021-01-19,322.9937744140625
2021-01-20,327.3825988769531
2021-01-21,327.6888122558594
2021-01-22,326.51971435546875
2021-01-25,327.8465576171875
2021-01-26,327.3547668457031
2021-01-27,319.4121398925781
2021-01-28,322.09375
2021-01-29,315.64495849609375
2021-02-01,320.8318176269531
2021-02-02,325.443359375
2021-02-03,325.7682189941406
2021-02-04,329.4147033691406
2021-02-05,330.73223876953125
2021-02-08,333.172607421875
2021-02-09,332.90350341796875
2021-02-10,332.7735900878906
2021-02-11,333.311767578125
2021-02-12,335.0097961425781
2021-02-16,334.69427490234375
2021-02-17,334.7684326171875
2021-02-18,333.3395690917969
2021-02-19,332.72711181640625
2021-02-22,330.11053466796875
2021-02-23,330.52813720703125
2021-02-24,334.1839904785156
2021-02-25,326.1671447753906
2021-02-26,324.3763427734375
2021-03-01,332.2911376953125
2021-03-02,329.7208557128906
2021-03-03,325.3691101074219
2021-03-04,321.3607177734375
2021-03-05,327.2527160644531
2021-03-08,325.6474609375
2021-03-09,330.203369140625
2021-03-10,332.2447204589844
2021-03-11,335.7520751953125
2021-03-12,336.2252197265625
2021-03-15,338.173828125
2021-03-16,337.7933654785156
2021-03-17,338.8975830078125
2021-03-18,333.9149169921875
2021-03-19,333.3210754394531
2021-03-22,335.9562683105469
2021-03-23,333.488037109375
2021-03-24,331.6415710449219
2021-03-25,333.5065612792969
2021-03-26,338.9472961425781
2021-03-29,338.7424011230469
2021-03-30,337.8764343261719
2021-03-31,339.2173156738281
2021-04-01,342.8116149902344
2021-04-05,347.7560119628906
2021-04-06,347.5604248046875
2021-04-07,347.99810791015625
2021-04-08,349.6927795410156
2021-04-09,352.2068176269531
2021-04-12,352.36517333984375
2021-04-13,353.3242492675781
2021-04-14,352.188232421875
2021-04-15,355.96868896484375
2021-04-16,357.2164001464844
2021-04-19,355.45654296875
2021-04-20,352.8493347167969
2021-04-21,356.16424560546875
2021-04-22,352.89593505859375
2021-04-23,356.65771484375
2021-04-26,357.43060302734375
2021-04-27,357.31884765625
2021-04-28,357.15130615234375
2021-04-29,359.5350036621094
2021-04-30,357.1606140136719
2021-05-03,357.9706726074219
2021-05-04,355.7918395996094
2021-05-05,355.8570556640625
2021-05-06,358.7528991699219
2021-05-07,361.3134460449219
2021-05-10,357.7751159667969
2021-05-11,354.6372375488281
2021-05-12,347.0669250488281
2021-05-13,351.1918640136719
2021-05-14,356.5833435058594
2021-05-17,355.72662353515625
2021-05-18,352.6537780761719
2021-05-19,351.72265625
2021-05-20,355.4752197265625
2021-05-21,355.2051086425781
2021-05-24,358.7901306152344
2021-05-25,358.0357971191406
2021-05-26,358.6876525878906
2021-05-27,358.8459777832031
2021-05-28,359.5443420410156
2021-06-01,359.2649230957031
2021-06-02,359.8702392578125
2021-06-03,358.50146484375
2021-06-04,361.75115966796875
2021-06-07,361.4438171386719
2021-06-08,361.4997253417969
2021-06-09,360.9317321777344
2021-06-10,362.5985412597656
2021-06-11,363.2315979003906
2021-06-14,364.14422607421875
2021-06-15,363.380615234375
2021-06-16,361.38800048828125
2021-06-17,361.25762939453125
2021-06-18,356.4621887207031
2021-06-21,361.453125
2021-06-22,363.371337890625
2021-06-23,362.9802551269531
2021-06-24,365.0566711425781
2021-06-25,366.4068908691406
2021-06-28,367.1703796386719
2021-06-29,367.3320617675781
2021-06-30,367.6683349609375
2021-07-01,369.7425231933594
2021-07-02,372.5547790527344
2021-07-06,371.85406494140625
2021-07-07,373.13409423828125
2021-07-08,370.16302490234375
2021-07-09,374.068359375
2021-07-12,375.42315673828125
2021-07-13,374.1524963378906
2021-07-14,374.6663513183594
2021-07-15,373.46112060546875
2021-07-16,370.555419921875
2021-07-19,365.0149230957031
2021-07-20,370.1723327636719
2021-07-21,373.2835388183594
2021-07-22,374.0777587890625
2021-07-23,377.81494140625
2021-07-26,378.77728271484375
2021-07-27,377.0956115722656
2021-07-28,376.88995361328125
2021-07-29,378.5156555175781
2021-07-30,376.66571044921875
2021-08-02,375.89959716796875
2021-08-03,378.9361267089844
2021-08-04,377.12359619140625
2021-08-05,379.4779968261719
2021-08-06,380.1320495605469
2021-08-09,379.76763916015625
2021-08-10,380.244140625
2021-08-11,381.15972900390625
2021-08-12,382.27166748046875
2021-08-13,383.0283508300781
2021-08-16,383.9440002441406
2021-08-17,381.41204833984375
2021-08-18,377.3104553222656
2021-08-19,377.843017578125
2021-08-20,380.8327331542969
2021-08-23,384.2055969238281
2021-08-24,384.8128967285156
2021-08-25,385.52301025390625
2021-08-26,383.2713317871094
2021-08-27,386.6721496582031
2021-08-30,388.44732666015625
2021-08-31,387.7840270996094
2021-09-01,388.1950988769531
2021-09-02,389.3536071777344
2021-09-03,389.2041931152344
2021-09-07,387.7653503417969
2021-09-08,387.3916320800781
2021-09-09,385.6537780761719
2021-09-10,382.6732482910156
2021-09-13,383.5702819824219
2021-09-14,381.5802001953125
2021-09-15,384.7662353515625
2021-09-16,384.10284423828125
2021-09-17,380.3375549316406
2021-09-20,374.1243896484375
2021-09-21,373.760009765625
2021-09-22,377.3664855957031
2021-09-23,381.9259338378906
2021-09-24,382.5611877441406
2021-09-27,381.4775085449219
2021-09-28,373.8534851074219
2021-09-29,374.442138671875
2021-09-30,369.69903564453125
2021-10-01,374.1234130859375
2021-10-04,369.5209655761719
2021-10-05,373.1110534667969
2021-10-06,374.7702331542969
2021-10-07,377.9947814941406
2021-10-08,377.2823791503906
2021-10-11,374.535888671875
2021-10-12,373.7860107421875
2021-10-13,374.98583984375
2021-10-14,381.28497314453125
2021-10-15,384.2563781738281
2021-10-18,385.4281921386719
2021-10-19,388.4278259277344
2021-10-20,389.9368896484375
2021-10-21,390.89306640625
2021-10-22,390.4993896484375
2021-10-25,392.52398681640625
2021-10-26,392.8989562988281
2021-10-27,391.19293212890625
2021-10-28,395.0174560546875
2021-10-29,395.7204284667969
2021-11-01,396.55474853515625
2021-11-02,398.09197998046875
2021-11-03,400.4916687011719
2021-11-04,402.3664245605469
2021-11-05,403.73504638671875
2021-11-08,404.222412109375
2021-11-09,402.8069763183594
2021-11-10,399.56365966796875
2021-11-11,399.6949462890625
2021-11-12,402.6664123535156
2021-11-15,402.8538818359375
2021-11-16,404.39111328125
2021-11-17,403.416259765625
2021-11-18,404.8129577636719
2021-11-19,404.0536804199219
2021-11-22,402.98504638671875
2021-11-23,403.51007080078125
2021-11-24,404.5036315917969
2021-11-26,395.7017517089844
2021-11-29,400.48236083984375
2021-11-30,392.8146667480469
2021-12-01,388.29644775390625
2021-12-02,394.220703125
2021-12-03,390.7336120605469
2021-12-06,395.40185546875
2021-12-07,403.52874755859375
2021-12-08,404.66290283203125
2021-12-09,401.9071044921875
2021-12-10,405.7409973144531
2021-12-13,402.1414489746094
2021-12-14,399.4042663574219
2021-12-15,405.647216796875
2021-12-16,401.9820861816406
2021-12-17,397.8108215332031
2021-12-20,393.5082092285156
2021-12-21,400.4918518066406
2021-12-22,404.5373229980469
2021-12-23,407.0304870605469
2021-12-27,412.83526611328125
2021-12-28,412.5247802734375
2021-12-29,413.02349853515625
2021-12-30,411.8567810058594
2021-12-31,410.7278747558594
2022-01-03,413.24920654296875
2022-01-04,413.0798645019531
2022-01-05,405.167724609375
2022-01-06,404.6220397949219
2022-01-07,403.22015380859375
2022-01-10,402.6933898925781
2022-01-11,406.22137451171875
2022-01-12,407.4350891113281
2022-01-13,401.8183898925781
2022-01-14,401.94073486328125
2022-01-18,394.8941345214844
2022-01-19,390.7451477050781
2022-01-20,386.4456481933594
2022-01-21,378.8533935546875
2022-01-24,380.4339294433594
2022-01-25,375.81451416015625
2022-01-26,374.9678039550781
2022-01-27,373.0674743652344
2022-01-28,382.21197509765625
2022-01-31,389.2021484375
2022-02-01,391.7424011230469
2022-02-02,395.4773864746094
2022-02-03,386.2856750488281
2022-02-04,388.1014404296875
2022-02-07,386.8219909667969
2022-02-08,389.9548645019531
2022-02-09,395.6749572753906
2022-02-10,388.722412109375
2022-02-11,380.9701232910156
2022-02-14,379.7283020019531
2022-02-15,385.82470703125
2022-02-16,386.2856750488281
2022-02-17,378.0724182128906
2022-02-18,375.6545715332031
2022-02-22,371.5433044433594
2022-02-23,364.85406494140625
2022-02-24,370.4613342285156
2022-02-25,378.5522155761719
2022-02-28,377.6019592285156
2022-03-01,371.9383850097656
2022-03-02,378.7687072753906
2022-03-03,376.8681945800781
2022-03-04,373.8199768066406
2022-03-07,362.7843322753906
2022-03-08,360.0466003417969
2022-03-09,369.6428527832031
2022-03-10,367.9964294433594
2022-03-11,363.30181884765625
2022-03-14,360.6486511230469
2022-03-15,368.5608825683594
2022-03-16,376.8023986816406
2022-03-17,381.412353515625
2022-03-18,385.62713623046875
2022-03-21,385.64593505859375
2022-03-22,390.12420654296875
2022-03-23,385.10028076171875
2022-03-24,390.8245544433594
2022-03-25,392.8068542480469
2022-03-28,395.51605224609375
2022-03-29,400.5191650390625
2022-03-30,398.027099609375
2022-03-31,391.9101257324219
2022-04-01,392.9957580566406
2022-04-04,396.3279113769531
2022-04-05,391.4287109375
2022-04-06,387.4638977050781
2022-04-07,389.4179992675781
2022-04-08,388.47412109375
2022-04-11,381.74346923828125
2022-04-12,380.34649658203125
2022-04-13,384.6414794921875
2022-04-14,379.9688720703125
2022-04-18,380.0348815917969
2022-04-19,386.10467529296875
2022-04-20,385.81201171875
2022-04-21,380.091552734375
2022-04-22,369.71728515625
2022-04-25,371.7373352050781
2022-04-26,361.1081848144531
2022-04-27,362.0426940917969
2022-04-28,371.1143798828125
2022-04-29,357.4833984375
2022-05-02,359.7300109863281
2022-05-03,361.2875671386719
2022-05-04,372.2471008300781
2022-05-05,359.1730651855469
2022-05-06,356.9169921875
2022-05-09,345.4004211425781
2022-05-10,346.2877197265625
2022-05-11,340.7088623046875
2022-05-12,340.4445495605469
2022-05-13,348.47784423828125
2022-05-16,347.23175048828125
2022-05-17,354.179443359375
2022-05-18,340.1519775390625
2022-05-19,337.8769836425781
2022-05-20,337.9619445800781
2022-05-23,344.37152099609375
2022-05-24,341.888916015625
2022-05-25,344.7397155761719
2022-05-26,351.5929260253906
2022-05-27,360.4096984863281
2022-05-31,358.4084777832031
2022-06-01,355.4066162109375
2022-06-02,362.15594482421875
2022-06-03,356.2939453125
2022-06-06,357.2662658691406
2022-06-07,360.75897216796875
2022-06-08,356.8130798339844
2022-06-09,348.4211730957031
2022-06-10,338.19793701171875
2022-06-13,325.1615905761719
2022-06-14,324.3498229980469
2022-06-15,328.99420166015625
2022-06-16,318.1856689453125
2022-06-17,319.0163269042969
2022-06-21,326.83251953125
2022-06-22,326.1434020996094
2022-06-23,329.5699768066406
2022-06-24,339.8309631347656
2022-06-27,338.556640625
2022-06-28,331.2408142089844
2022-06-29,331.4039306640625
2022-06-30,328.7878723144531
2022-07-01,332.1622009277344
2022-07-05,332.7498474121094
2022-07-06,333.9534912109375
2022-07-07,338.8539123535156
2022-07-08,338.6549377441406
2022-07-11,334.82562255859375
2022-07-12,331.7356262207031
2022-07-13,330.1906433105469
2022-07-14,329.31866455078125
2022-07-15,335.5459899902344
2022-07-18,332.76885986328125
2022-07-19,341.8016662597656
2022-07-20,343.9913024902344
2022-07-21,347.4698181152344
2022-07-22,344.30401611328125
2022-07-25,344.6451721191406
2022-07-26,340.51263427734375
2022-07-27,349.4319152832031
2022-07-28,353.8488464355469
2022-07-29,359.0335693359375
2022-08-01,357.9529724121094
2022-08-02,355.6401672363281
2022-08-03,361.1945495605469
2022-08-04,360.9102783203125
2022-08-05,360.1614685058594
2022-08-08,359.8392028808594
2022-08-09,358.41741943359375
2022-08-10,365.9243469238281
2022-08-11,365.9243469238281
2022-08-12,372.1896057128906
2022-08-15,373.78204345703125
2022-08-16,374.4359436035156
2022-08-17,371.8767395019531
2022-08-18,373.023681640625
2022-08-19,367.87689208984375
2022-08-22,360.12353515625
2022-08-23,359.2705078125
2022-08-24,360.3605041503906
2022-08-25,365.61151123046875
2022-08-26,353.0810546875
2022-08-29,350.74932861328125
2022-08-30,346.9389953613281
2022-08-31,344.2091979980469
2022-09-01,345.2708740234375
2022-09-02,341.6500549316406
2022-09-06,340.5031433105469
2022-09-07,346.60723876953125
2022-09-08,348.8725891113281
2022-09-09,354.25640869140625
2022-09-12,358.1519775390625
2022-09-13,342.5315246582031
2022-09-14,343.8111572265625
2022-09-15,339.972412109375
2022-09-16,337.2994384765625
2022-09-19,339.88702392578125
2022-09-20,336.05780029296875
2022-09-21,330.14324951171875
2022-09-22,327.3565368652344
2022-09-23,321.9159851074219
2022-09-26,318.7975769042969
2022-09-27,317.89715576171875
2022-09-28,324.141357421875
2022-09-29,317.3820495605469
2022-09-30,312.5458679199219
2022-10-03,320.8093566894531
2022-10-04,330.54840087890625
2022-10-05,329.9772033691406
2022-10-06,326.5023193359375
2022-10-07,317.33447265625
2022-10-10,314.9639892578125
2022-10-11,312.8885803222656
2022-10-12,311.9175720214844
2022-10-13,320.0857849121094
2022-10-14,312.8790588378906
2022-10-17,320.8283996582031
2022-10-18,324.6078186035156
2022-10-19,322.3611145019531
2022-10-20,319.7144775390625
2022-10-21,327.397216796875
2022-10-24,331.3861083984375
2022-10-25,336.77459716796875
2022-10-26,334.2613220214844
2022-10-27,332.4714660644531
2022-10-28,340.2303466796875
2022-10-31,337.91705322265625
2022-11-01,336.5555725097656
2022-11-02,327.9684143066406
2022-11-03,324.4745788574219
2022-11-04,329.22515869140625
2022-11-07,332.3858337402344
2022-11-08,334.19464111328125
2022-11-09,327.3686828613281
2022-11-10,345.28558349609375
2022-11-11,348.5890808105469
2022-11-14,345.7901611328125
2022-11-15,348.6462097167969
2022-11-16,345.9996032714844
2022-11-17,344.99993896484375
2022-11-18,346.5231628417969
2022-11-21,345.3045654296875
2022-11-22,349.9028625488281
2022-11-23,352.0924072265625
2022-11-25,352.0544128417969
2022-11-28,346.4850769042969
2022-11-29,345.8758239746094
2022-11-30,356.5193176269531
2022-12-01,356.56695556640625
2022-12-02,356.0528259277344
2022-12-05,349.7124938964844
2022-12-06,344.65728759765625
2022-12-07,343.99090576171875
2022-12-08,346.70404052734375
2022-12-09,344.17169189453125
2022-12-12,349.08416748046875
2022-12-13,351.6640930175781
2022-12-14,349.5410461425781
2022-12-15,340.9444274902344
2022-12-16,336.87933349609375
2022-12-19,333.9756774902344
2022-12-20,334.48455810546875
2022-12-21,339.4874572753906
2022-12-22,334.714111328125
2022-12-23,336.5889892578125
2022-12-27,335.2498474121094
2022-12-28,331.13653564453125
2022-12-29,337.0099182128906
2022-12-30,336.08203125
2023-01-03,334.7906799316406
2023-01-04,337.2012023925781
2023-01-05,333.5184020996094
2023-01-06,341.10406494140625
2023-01-09,340.85528564453125
2023-01-10,343.2850036621094
2023-01-11,347.6661682128906
2023-01-12,348.967041015625
2023-01-13,350.32537841796875
2023-01-17,349.7897033691406
2023-01-18,344.107666015625
2023-01-19,341.630126953125
2023-01-20,347.914794921875
2023-01-23,352.1524658203125
2023-01-24,351.7793884277344
2023-01-25,351.90374755859375
2023-01-26,355.6630554199219
2023-01-27,356.67706298828125
2023-01-30,352.2193603515625
2023-01-31,357.2223205566406
2023-02-01,361.1346130371094
2023-02-02,366.30975341796875
2023-02-03,362.3973388671875
2023-02-06,360.30242919921875
2023-02-07,364.951416015625
2023-02-08,360.9529113769531
2023-02-09,357.8631896972656
2023-02-10,358.7336730957031
2023-02-13,362.8756408691406
2023-02-14,362.74169921875
2023-02-15,363.9565734863281
2023-02-16,358.89630126953125
2023-02-17,357.9684143066406
2023-02-21,350.8610534667969
2023-02-22,350.42108154296875
2023-02-23,352.18115234375
2023-02-24,348.41217041015625
2023-02-27,349.6175231933594
2023-02-28,348.2974548339844
2023-03-01,347.02520751953125
2023-03-02,349.6175231933594
2023-03-03,355.1560363769531
2023-03-06,355.58660888671875
2023-03-07,350.0862121582031
2023-03-08,350.6314392089844
2023-03-09,344.2129211425781
2023-03-10,339.2769470214844
2023-03-13,338.7030334472656
2023-03-14,344.3276672363281
2023-03-15,342.20404052734375
2023-03-16,348.0582275390625
2023-03-17,344.2511901855469
2023-03-20,347.3600158691406
2023-03-21,351.90374755859375
2023-03-22,346.0685729980469
2023-03-23,346.89129638671875
2023-03-24,349.2032470703125
2023-03-27,349.779541015625
2023-03-28,349.164794921875
2023-03-29,354.1307067871094
2023-03-30,356.2438659667969
2023-03-31,361.2192687988281
2023-04-03,362.650390625
2023-04-04,360.6044616699219
2023-04-05,359.73040771484375
2023-04-06,361.10394287109375
2023-04-10,361.49774169921875
2023-04-11,361.5458984375
2023-04-12,360.1050109863281
2023-04-13,364.77313232421875
2023-04-14,364.0238952636719
2023-04-17,365.262939453125
2023-04-18,365.5127258300781
2023-04-19,365.49346923828125
2023-04-20,363.42840576171875
2023-04-21,363.6397399902344
2023-04-24,364.1199645996094
2023-04-25,358.36651611328125
2023-04-26,356.7720947265625
2023-04-27,363.85101318359375
2023-04-28,366.96307373046875
2023-05-01,366.71337890625
2023-05-02,362.60235595703125
2023-05-03,360.0762023925781
2023-05-04,357.4444580078125
2023-05-05,364.00469970703125
2023-05-08,364.2063903808594
2023-05-09,362.6312561035156
2023-05-10,364.2160339355469
2023-05-11,363.7070007324219
2023-05-12,363.2170715332031
2023-05-15,364.4753723144531
2023-05-16,362.06451416015625
2023-05-17,366.3868103027344
2023-05-18,369.969482421875
2023-05-19,369.3835754394531
2023-05-22,369.58526611328125
2023-05-23,365.4551086425781
2023-05-24,362.7176513671875
2023-05-25,365.877685546875
2023-05-26,370.6322326660156
2023-05-30,370.74755859375
2023-05-31,368.73040771484375
2023-06-01,372.2651062011719
2023-06-02,377.7304382324219
2023-06-05,377.0004577636719
2023-06-06,377.7784729003906
2023-06-07,376.5394287109375
2023-06-08,378.79656982421875
2023-06-09,379.4305114746094
2023-06-12,382.9171447753906
2023-06-13,385.443359375
2023-06-14,385.7410583496094
2023-06-15,390.68768310546875
2023-06-16,389.2469177246094
2023-06-20,387.4508361816406
2023-06-21,385.3280944824219
2023-06-22,386.7304382324219
2023-06-23,383.8296813964844
2023-06-26,382.2447814941406
2023-06-27,386.4806823730469
2023-06-28,386.653564453125
2023-06-29,388.1347351074219
2023-06-30,392.734375
2023-07-03,393.4864807128906
2023-07-05,392.6089782714844
2023-07-06,389.40753173828125
2023-07-07,388.5011901855469
2023-07-10,389.54254150390625
2023-07-11,392.0401306152344
2023-07-12,395.1258239746094
2023-07-13,398.3465270996094
2023-07-14,398.0282897949219
2023-07-17,399.4168395996094
2023-07-18,402.4447326660156
2023-07-19,403.3125915527344
2023-07-20,400.6800231933594
2023-07-21,400.7283020019531
2023-07-24,402.4254150390625
2023-07-25,403.61151123046875
2023-07-26,403.70794677734375
2023-07-27,400.9693908691406
2023-07-28,404.8747253417969
2023-07-31,405.65576171875
2023-08-01,404.4021911621094
2023-08-02,398.79974365234375
2023-08-03,397.67144775390625
2023-08-04,395.72369384765625
2023-08-07,399.2915344238281
2023-08-08,397.5654296875
2023-08-09,394.92327880859375
2023-08-10,395.1546936035156
2023-08-11,394.788330078125
2023-08-14,397.0157775878906
2023-08-15,392.46435546875
2023-08-16,389.5618591308594
2023-08-17,386.4086608886719
2023-08-18,386.7654724121094
2023-08-21,389.3208312988281
2023-08-22,388.2310791015625
2023-08-23,392.4161682128906
2023-08-24,387.1993713378906
2023-08-25,389.764404296875
2023-08-28,392.3293151855469
2023-08-29,397.9029235839844
2023-08-30,399.5614929199219
2023-08-31,399.0504150390625
2023-09-01,399.89898681640625
2023-09-05,398.15362548828125
2023-09-06,395.40545654296875
2023-09-07,394.22900390625
2023-09-08,394.7689514160156
2023-09-11,397.36297607421875
2023-09-12,395.2318420410156
2023-09-13,395.6947326660156
2023-09-14,399.117919921875
2023-09-15,394.1421813964844
2023-09-18,394.5761413574219
2023-09-19,393.78546142578125
2023-09-20,390.1018371582031
2023-09-21,383.7086486816406
2023-09-22,382.78289794921875
2023-09-25,384.37396240234375
2023-09-26,378.73297119140625
2023-09-27,378.81976318359375
2023-09-28,381.02960205078125
2023-09-29,380.11968994140625
2023-10-02,380.0906677246094
2023-10-03,374.9798278808594
2023-10-04,377.7384948730469
2023-10-05,377.41912841796875
2023-10-06,381.92010498046875
2023-10-09,384.46588134765625
2023-10-10,386.4501953125
2023-10-11,388.0860290527344
2023-10-12,385.75323486328125
2023-10-13,383.7204895019531
2023-10-16,387.7375793457031
2023-10-17,387.7472229003906
2023-10-18,382.5589599609375
2023-10-19,379.3162536621094
2023-10-20,374.59259033203125
2023-10-23,373.9343566894531
2023-10-24,376.7318420410156
2023-10-25,371.4176940917969
2023-10-26,366.85858154296875
2023-10-27,365.232421875
2023-10-30,369.626953125
2023-10-31,371.8629455566406
2023-11-01,375.9574279785156
2023-11-02,383.1010437011719
2023-11-03,386.643798828125
2023-11-06,387.38909912109375
2023-11-07,388.48291015625
2023-11-08,388.8022766113281
2023-11-09,385.8694152832031
2023-11-10,391.89013671875
2023-11-13,391.49334716796875
2023-11-14,399.01434326171875
2023-11-15,399.8855285644531
2023-11-16,400.44696044921875
2023-11-17,401.037353515625
2023-11-20,404.0574645996094
2023-11-21,403.00238037109375
2023-11-22,404.7447509765625
2023-11-24,404.9673767089844
2023-11-27,404.2607421875
2023-11-28,404.6575622558594
2023-11-29,404.3962707519531
2023-11-30,405.9643249511719
2023-12-01,408.3455505371094
2023-12-04,406.2934875488281
2023-12-05,406.1676330566406
2023-12-06,404.47369384765625
2023-12-07,407.638916015625
2023-12-08,409.37158203125
2023-12-11,410.9590759277344
2023-12-12,413.00146484375
2023-12-13,418.6253356933594
2023-12-14,419.85467529296875
2023-12-15,419.2157897949219
2023-12-18,421.5872802734375
2023-12-19,424.15240478515625
2023-12-20,418.030029296875
2023-12-21,422.1025390625
2023-12-22,423.0841979980469
2023-12-26,424.843505859375
2023-12-27,425.6210632324219
2023-12-28,425.68902587890625
2023-12-29,424.5518798828125
2024-01-02,421.84014892578125
2024-01-03,418.71038818359375
2024-01-04,417.3885498046875
2024-01-05,417.92315673828125
2024-01-08,423.9006652832031
2024-01-09,422.87042236328125
2024-01-10,425.6598815917969
2024-01-11,425.5141296386719
2024-01-12,425.70849609375
2024-01-16,424.2602844238281
2024-01-17,421.8984375
2024-01-18,425.6501770019531
2024-01-19,430.8598937988281
2024-01-22,431.8415832519531
2024-01-23,433.1245422363281
2024-01-24,433.48419189453125
2024-01-25,435.9237976074219
2024-01-26,435.6614074707031
2024-01-29,438.8299865722656
2024-01-30,438.5189514160156
2024-01-31,431.37506103515625
2024-02-01,437.0513000488281
2024-02-02,441.5417175292969
2024-02-05,439.92828369140625
2024-02-06,441.29876708984375
2024-02-07,444.9241638183594
2024-02-08,445.2254638671875
2024-02-09,447.7525939941406
2024-02-12,447.5484924316406
2024-02-13,441.2403869628906
2024-02-14,445.4393005371094
2024-02-15,448.452392578125
2024-02-16,446.1585388183594
2024-02-20,443.7091979980469
2024-02-21,444.1563415527344
2024-02-22,453.48712158203125
2024-02-23,453.6911926269531
2024-02-26,452.0292053222656
2024-02-27,452.86505126953125
2024-02-28,452.1652526855469
2024-02-29,453.8370361328125
2024-03-01,458.2108459472656
2024-03-04,457.6665344238281
2024-03-05,453.0788879394531
2024-03-06,455.4796447753906
2024-03-07,459.9895324707031
2024-03-08,457.2000427246094
2024-03-11,456.8210144042969
2024-03-12,461.7098693847656
2024-03-13,461.0101013183594
2024-03-14,459.9992370605469
2024-03-15,456.8306884765625
2024-03-18,459.688232421875
2024-03-19,462.2638854980469
2024-03-20,466.29754638671875
2024-03-21,467.8526611328125
2024-03-22,467.2413024902344
2024-03-25,466.03216552734375
2024-03-26,464.7255859375
2024-03-27,468.7819519042969
2024-03-28,468.7234191894531
2024-04-01,468.109130859375
2024-04-02,465.0473327636719
2024-04-03,465.4666442871094
2024-04-04,459.73309326171875
2024-04-05,464.6182861328125
2024-04-08,464.8035888671875
2024-04-09,465.3788757324219
2024-04-10,460.8739929199219
2024-04-11,464.198974609375
2024-04-12,457.8707580566406
2024-04-15,452.0592041015625
2024-04-16,451.2498474121094
2024-04-17,448.5293884277344
2024-04-18,447.5055847167969
2024-04-19,443.76123046875
2024-04-22,447.6128234863281
2024-04-23,453.2585754394531
2024-04-24,452.92706298828125
2024-04-25,451.0549011230469
2024-04-26,455.56951904296875
2024-04-29,457.1589660644531
2024-04-30,449.9335632324219
2024-05-01,448.47088623046875
2024-05-02,452.654052734375
2024-05-03,458.2705383300781
2024-05-06,462.89239501953125
2024-05-07,463.55548095703125
2024-05-08,463.57501220703125
2024-05-09,466.2369384765625
2024-05-10,466.812255859375
2024-05-13,466.84149169921875
2024-05-14,469.05499267578125
2024-05-15,474.7689514160156
2024-05-16,473.86212158203125
2024-05-17,474.5641784667969
2024-05-20,475.0321960449219
2024-05-21,476.3096008300781
2024-05-22,474.9249572753906
2024-05-23,471.3951721191406
2024-05-24,474.6031799316406
2024-05-28,474.9834289550781
2024-05-29,471.6389465332031
2024-05-30,468.46990966796875
2024-05-31,472.5457458496094
2024-06-03,473.06256103515625
2024-06-04,473.6378479003906
2024-06-05,479.3030700683594
2024-06-06,479.19586181640625
2024-06-07,478.5717468261719
2024-06-10,480.1416931152344
2024-06-11,481.2337646484375
2024-06-12,485.24139404296875
2024-06-13,486.1579284667969
2024-06-14,486.5479736328125
2024-06-17,490.4093322753906
2024-06-18,491.7159423828125
2024-06-20,490.3507995605469
2024-06-21,489.2781982421875
2024-06-24,487.9618225097656
2024-06-25,489.99005126953125
2024-06-26,490.5361022949219
2024-06-27,491.2966613769531
2024-06-28,489.40216064453125
2024-07-01,490.52752685546875
2024-07-02,493.7077941894531
2024-07-03,495.9388732910156
2024-07-05,498.90386962890625
2024-07-08,499.38336181640625
2024-07-09,499.9314270019531
2024-07-10,504.7458190917969
2024-07-11,500.4206848144531
2024-07-12,503.5128479003906
2024-07-15,505.03936767578125
2024-07-16,507.90655517578125
2024-07-17,500.8120422363281
2024-07-18,497.0446472167969
2024-07-19,493.7273864746094
2024-07-22,498.85498046875
2024-07-23,498.0232238769531
2024-07-24,486.6230773925781
2024-07-25,484.16693115234375
2024-07-26,489.5978698730469
2024-07-29,489.9599609375
2024-07-30,487.3961486816406
2024-07-31,495.0777893066406
2024-08-01,488.3258056640625
2024-08-02,479.4013977050781
2024-08-05,465.0069580078125
2024-08-06,469.645263671875
2024-08-07,466.38665771484375
2024-08-08,477.26812744140625
2024-08-09,479.3133239746094
2024-08-12,479.5579833984375
2024-08-13,487.5233154296875
2024-08-14,489.07928466796875
2024-08-15,497.4752197265625
2024-08-16,498.5223083496094
2024-08-19,503.317138671875
2024-08-20,502.4853515625
2024-08-21,504.2467956542969
2024-08-22,500.166259765625
2024-08-23,505.5775451660156
2024-08-26,504.3348388671875
2024-08-27,505.0101013183594
2024-08-28,502.1233215332031
2024-08-29,502.2016296386719
2024-08-30,506.927978515625
2024-09-03,496.67279052734375
2024-09-04,495.4398193359375
2024-09-05,494.2166748046875
2024-09-06,485.9870300292969
2024-09-09,491.4571533203125
2024-09-10,493.48272705078125
2024-09-11,498.53204345703125
2024-09-12,502.818115234375
2024-09-13,505.489501953125
2024-09-16,506.2527770996094
2024-09-17,506.4876403808594
2024-09-18,504.8437194824219
2024-09-19,513.650634765625
2024-09-20,512.642822265625
2024-09-23,513.905029296875
2024-09-24,515.3826293945312
2024-09-25,514.3355102539062
2024-09-26,516.3807983398438
2024-09-27,515.71240234375
2024-09-30,517.960205078125
2024-10-01,513.1209716796875
2024-10-02,513.209228515625
2024-10-03,512.2374877929688
2024-10-04,516.958984375
2024-10-07,512.3060913085938
2024-10-08,517.1552734375
2024-10-09,520.6890869140625
2024-10-10,519.8153686523438
2024-10-11,522.907470703125
2024-10-14,527.187255859375
2024-10-15,523.1724243164062
2024-10-16,525.3712768554688
2024-10-17,525.4497680664062
2024-10-18,527.471923828125
2024-10-21,526.6571655273438
2024-10-22,526.2939453125
2024-10-23,521.4939575195312
2024-10-24,522.6717529296875
2024-10-25,522.4657592773438
2024-10-28,524.0951538085938
2024-10-29,524.9295043945312
2024-10-30,523.34912109375
2024-10-31,513.0521850585938
2024-11-01,515.2803955078125
2024-11-04,514.1614379882812
2024-11-05,520.345458984375
2024-11-06,533.3025512695312
2024-11-07,537.454833984375
2024-11-08,539.8302612304688
2024-11-11,540.2719116210938
2024-11-12,538.6522827148438
2024-11-13,538.9271850585938
2024-11-14,535.5014038085938
2024-11-15,528.5908813476562
2024-11-18,530.7798461914062
2024-11-19,532.7136840820312
2024-11-20,532.9099731445312
2024-11-21,535.5995483398438
2024-11-22,537.3958740234375
2024-11-25,539.1233520507812
2024-11-26,542.1467895507812
2024-11-27,540.419189453125
2024-11-29,543.265869140625
2024-12-02,544.7970581054688
2024-12-03,544.9246826171875
2024-12-04,548.3602905273438
2024-12-05,547.4473876953125
2024-12-06,548.5369873046875
2024-12-09,545.6804809570312
2024-12-10,544.129638671875
2024-12-11,548.2523803710938
2024-12-12,545.4253540039062
2024-12-13,545.3861083984375
2024-12-16,547.5259399414062
2024-12-17,545.22900390625
2024-12-18,529.2191162109375
2024-12-19,529.0228271484375
2024-12-20,535.010498046875
2024-12-23,538.8402099609375
2024-12-24,544.3843383789062
2024-12-26,544.3744506835938
2024-12-27,538.7318725585938
2024-12-30,532.7348022460938
2024-12-31,530.5880737304688
2025-01-02,529.2586669921875
2025-01-03,536.0928344726562
2025-01-06,539.2144775390625
2025-01-07,533.1483764648438
2025-01-08,533.8673095703125
2025-01-10,525.7431640625
2025-01-13,526.4226684570312
2025-01-14,527.09228515625
2025-01-15,536.7327880859375
2025-01-16,535.9352416992188
2025-01-17,541.0756225585938
2025-01-21,545.999267578125
2025-01-22,549.1012573242188
2025-01-23,552.1441650390625
2025-01-24,550.4799194335938
2025-01-27,542.8185424804688
2025-01-28,547.3680419921875
2025-01-29,544.9652099609375
2025-01-30,547.8111572265625
2025-01-31,544.8865966796875
2025-02-03,541.3119506835938
2025-02-04,544.9061889648438
2025-02-05,547.1416015625
2025-02-06,549.111083984375
2025-02-07,543.7738037109375
2025-02-10,547.6635131835938
2025-02-11,548.1558837890625
2025-02-12,546.3439331054688
2025-02-13,552.114501953125
2025-02-14,552.1341552734375
2025-02-18,553.7294311523438
2025-02-19,555.0687866210938
2025-02-20,552.7349243164062
2025-02-21,543.3306274414062
2025-02-24,540.7604370117188
2025-02-25,538.072021484375
2025-02-26,538.406982421875
2025-02-27,529.7609252929688
2025-02-28,537.9932861328125
2025-03-03,528.7269287109375
2025-03-04,522.3556518554688
2025-03-05,528.2149047851562
2025-03-06,518.6333618164062
2025-03-07,521.4299926757812
2025-03-10,507.6436462402344
2025-03-11,503.4781799316406
2025-03-12,505.9203796386719
2025-03-13,499.3127136230469
2025-03-14,509.5639343261719
2025-03-17,513.45361328125
2025-03-18,508.0374450683594
2025-03-19,513.3748779296875
2025-03-20,512.1931762695312
2025-03-21,512.3211669921875
2025-03-24,521.3118286132812
2025-03-25,522.5526733398438
2025-03-26,516.4570922851562
2025-03-27,515.0361328125
2025-03-28,504.7493896484375
2025-03-31,507.8225402832031
2025-04-01,509.69012451171875
2025-04-02,512.7633056640625
2025-04-03,488.3065185546875
2025-04-04,460.0057373046875
2025-04-07,458.0689697265625
2025-04-08,451.3297424316406
2025-04-09,493.18798828125
2025-04-10,476.349853515625
2025-04-11,484.7392272949219
2025-04-14,489.61090087890625
2025-04-15,488.23736572265625
2025-04-16,477.5059814453125
2025-04-17,478.16802978515625
2025-04-21,466.77459716796875
2025-04-22,478.5534362792969
2025-04-23,486.2413024902344
2025-04-24,496.45880126953125
2025-04-25,500.11492919921875
2025-04-28,500.4212646484375
2025-04-29,503.4549255371094
2025-04-30,503.7019348144531
2025-05-01,507.2691650390625
2025-05-02,514.5420532226562
2025-05-05,511.8541564941406
2025-05-06,507.4964599609375
2025-05-07,509.7890319824219
2025-05-08,513.188232421875
2025-05-09,512.5064086914062
2025-05-12,529.57177734375
2025-05-13,533.0501708984375
2025-05-14,533.7122192382812
2025-05-15,536.3308715820312
2025-05-16,539.7893676757812
2025-05-19,540.3427124023438
2025-05-20,538.42578125
2025-05-21,529.423583984375
2025-05-22,529.670654296875
2025-05-23,526.0935668945312
2025-05-27,536.9039916992188
2025-05-28,533.8407592773438
2025-05-29,535.8960571289062
2025-05-30,535.3427124023438
2025-06-02,538.4552612304688
2025-06-03,541.5087890625
2025-06-04,541.1629028320312
2025-06-05,538.6332397460938
2025-06-06,544.1372680664062
2025-06-09,544.7202758789062
2025-06-10,547.8230590820312
2025-06-11,546.3112182617188
2025-06-12,548.3764038085938
2025-06-13,542.2696533203125
2025-06-16,547.5068359375
2025-06-17,542.8427124023438
2025-06-18,542.7340698242188
2025-06-20,541.2320556640625
2025-06-23,546.8052978515625
2025-06-24,552.8131713867188
2025-06-25,553.0899047851562
2025-06-26,557.4674072265625
2025-06-27,560.2342529296875
2025-06-30,563.0344848632812
2025-07-01,562.7767333984375
2025-07-02,565.2745971679688
2025-07-03,570.1611328125
2025-07-07,565.5917358398438
2025-07-08,565.215087890625
2025-07-09,568.5653076171875
2025-07-10,570.2305908203125
2025-07-11,568.1787719726562
2025-07-14,569.298828125
2025-07-15,566.8307495117188
2025-07-16,568.6941528320312
2025-07-17,572.10400390625
2025-07-18,571.8462524414062
2025-07-21,572.8672485351562
2025-07-22,572.8672485351562
2025-07-23,577.7340087890625
2025-07-24,578.1305541992188
2025-07-25,580.4301147460938
2025-07-28,580.2913818359375
2025-07-29,578.78466796875
2025-07-30,578.0809936523438
2025-07-31,575.9102172851562
2025-08-01,566.4243774414062
2025-08-04,575.0379028320312
2025-08-05,572.2724609375
2025-08-06,576.5247192382812
2025-08-07,576.1777954101562
2025-08-08,580.5886840820312
2025-08-11,579.3992309570312
2025-08-12,585.5843505859375
2025-08-13,587.626220703125
2025-08-14,587.6361083984375
2025-08-15,586.367431640625
2025-08-18,586.1592407226562
2025-08-19,582.9577026367188
2025-08-20,581.4212646484375
2025-08-21,579.131591796875
2025-08-22,587.9929809570312
2025-08-25,585.5050659179688
2025-08-26,587.8442993164062
2025-08-27,589.1923217773438
2025-08-28,591.2738647460938
2025-08-29,587.8641357421875
2025-09-02,583.5325927734375
2025-09-03,586.5160522460938
2025-09-04,591.3433227539062
2025-09-05,589.7276000976562
2025-09-08,591.2540283203125
2025-09-09,592.6913452148438
2025-09-10,594.4060668945312
2025-09-11,599.2530517578125
2025-09-12,599.1242065429688
2025-09-15,602.24658203125
2025-09-16,601.4534912109375
2025-09-17,600.7597045898438
2025-09-18,603.5846557617188
2025-09-19,606.3997192382812
2025-09-22,609.353515625
2025-09-23,606.1617431640625
2025-09-24,604.1397705078125
2025-09-25,601.25537109375
2025-09-26,604.7938842773438
2025-09-29,606.4937744140625
2025-09-30,608.7303466796875
2025-10-01,610.9072875976562
2025-10-02,611.583251953125
2025-10-03,611.6328735351562
2025-10-06,613.720458984375
2025-10-07,611.5335693359375
2025-10-08,615.082275390625
2025-10-09,613.4221801757812
2025-10-10,596.9310913085938
2025-10-13,605.9768676757812
2025-10-14,605.1219482421875
2025-10-15,607.7860107421875
2025-10-16,603.7700805664062
2025-10-17,607.1199951171875
2025-10-20,613.4917602539062
2025-10-21,613.4122924804688
2025-10-22,610.3108520507812
2025-10-23,613.7601928710938
2025-10-24,618.8397216796875
2025-10-27,626.245361328125
2025-10-28,627.9252319335938
2025-10-29,628.1837158203125
2025-10-30,621.513671875
2025-10-31,623.3029174804688
2025-11-03,624.5256958007812
2025-11-04,617.2890014648438
2025-11-05,619.1478881835938
2025-11-06,612.5673217773438
2025-11-07,613.2134399414062
2025-11-10,622.736328125
2025-11-11,624.167724609375
2025-11-12,624.4758911132812
2025-11-13,614.306884765625
2025-11-14,614.1478881835938
2025-11-17,608.392333984375
2025-11-18,603.3823852539062
2025-11-19,605.5692749023438
2025-11-20,596.3843383789062
2025-11-21,602.3187255859375
2025-11-24,611.2750854492188
2025-11-25,616.9609375
2025-11-26,621.2254638671875
2025-11-28,624.664794921875
2025-12-01,621.7920532226562
2025-12-02,622.845703125
2025-12-03,625.0226440429688
2025-12-04,625.5494995117188
2025-12-05,626.7224731445312
2025-12-08,624.8635864257812
2025-12-09,624.3566284179688
2025-12-10,628.3923950195312
2025-12-11,629.9332275390625
2025-12-12,623.1339721679688
2025-12-15,622.2294311523438
2025-12-16,620.4898681640625
2025-12-17,613.6707153320312
2025-12-18,618.3029174804688
2025-12-19,623.81982421875
2025-12-22,627.7484130859375
2025-12-23,630.67919921875
2025-12-24,632.7825927734375
2025-12-26,632.8424072265625
2025-12-29,630.6094360351562
2025-12-30,629.732177734375
2025-12-31,625.1566772460938
2026-01-02,626.3229370117188
2026-01-05,630.4699096679688
2026-01-06,634.2080688476562
2026-01-07,632.1744995117188
2026-01-08,632.0648193359375
2026-01-09,636.3014526367188
2026-01-12,637.3282470703125
2026-01-13,636.0223999023438
2026-01-14,632.9420776367188
2026-01-15,634.6167602539062
2026-01-16,634.0885009765625
2026-01-20,621.189208984375
2026-01-21,628.3067016601562
2026-01-22,631.5763549804688
2026-01-23,631.8355712890625
2026-01-26,635.0853271484375
2026-01-27,637.6870727539062
2026-01-28,637.58740234375
2026-01-29,636.2615966796875
2026-01-30,634.218017578125
2026-02-02,637.6671142578125
2026-02-03,632.1546020507812
2026-02-04,628.9247436523438
2026-02-05,621.1392822265625
2026-02-06,633.2410888671875
2026-02-09,636.2216796875
2026-02-10,634.4373779296875
2026-02-11,634.3475952148438
2026-02-12,624.5186767578125
2026-02-13,624.9174194335938
2026-02-17,626.013916015625
2026-02-18,629.1640014648438
2026-02-19,627.5491333007812
2026-02-20,632.0249633789062
2026-02-23,625.6550903320312
2026-02-24,630.220703125
2026-02-25,635.52392578125
2026-02-26,631.9552001953125
2026-02-27,629.0543212890625
2026-03-02,629.2936401367188
2026-03-03,623.7510375976562
2026-03-04,628.197021484375
2026-03-05,624.837646484375
2026-03-06,616.4840087890625
2026-03-09,621.8370971679688
2026-03-10,620.760498046875
2026-03-11,620.0726928710938
2026-03-12,610.5726928710938
2026-03-13,607.1734619140625
2026-03-16,613.2542114257812
2026-03-17,614.9488525390625
2026-03-18,606.4656372070312
2026-03-19,604.8407592773438
2026-03-20,596.0584716796875
2026-03-23,602.528076171875
2026-03-24,600.4844970703125
2026-03-25,603.754150390625
2026-03-26,593.0479736328125
2026-03-27,582.9600219726562
2026-03-30,580.9299926757812
2026-03-31,597.5499877929688
2026-04-01,602.2999877929688
2026-04-02,602.989990234375
2026-04-06,605.6699829101562
2026-04-07,606.0399780273438
2026-04-08,621.3400268554688
2026-04-09,625.02001953125
2026-04-10,624.5999755859375
2026-04-13,630.719970703125
2026-04-14,638.3499755859375
2026-04-15,643.4500122070312
2026-04-16,644.8599853515625
2026-04-17,652.780029296875
2026-04-20,651.5399780273438
2026-04-21,647.25
2026-04-22,653.9000244140625
2026-04-23,651.260009765625
2026-04-24,656.4199829101562
2026-04-27,657.5
2026-04-28,654.260009765625
2026-04-29,654.239990234375
2026-04-30,660.5800170898438
2026-05-01,662.52001953125
2026-05-04,660.1199951171875
