date,close
2001-05-07,11.116510391235352
2001-05-08,11.101560592651367
2001-05-09,11.01826000213623
2001-05-10,11.409097671508789
2001-05-11,11.554328918457031
2001-05-14,11.607720375061035
2001-05-15,11.105826377868652
2001-05-16,11.031074523925781
2001-05-17,11.054569244384766
2001-05-18,11.11436939239502
2001-05-21,11.362116813659668
2001-05-22,11.430458068847656
2001-05-23,11.216887474060059
2001-05-24,11.295906066894531
2001-05-25,10.934966087341309
2001-05-29,10.93709945678711
2001-05-30,10.992629051208496
2001-05-31,11.052430152893066
2001-06-01,11.046021461486816
2001-06-04,10.890113830566406
2001-06-05,10.956324577331543
2001-06-06,10.838859558105469
2001-06-07,10.913612365722656
2001-06-08,10.896526336669922
2001-06-11,10.727802276611328
2001-06-12,10.800418853759766
2001-06-13,10.710714340209961
2001-06-14,10.571894645690918
2001-06-15,10.28356647491455
2001-06-18,10.362588882446289
2001-06-19,10.435210227966309
2001-06-20,10.651223182678223
2001-06-21,10.790245056152344
2001-06-22,10.689722061157227
2001-06-25,10.480119705200195
2001-06-26,10.501507759094238
2001-06-27,10.373178482055664
2001-06-28,10.559256553649902
2001-06-29,10.43734359741211
2001-07-02,10.64052963256836
2001-07-03,10.52717399597168
2001-07-05,10.39456558227539
2001-07-06,10.125080108642578
2001-07-09,10.319707870483398
2001-07-10,10.159299850463867
2001-07-11,10.448040008544922
2001-07-12,11.089678764343262
2001-07-13,11.314253807067871
2001-07-16,11.43830680847168
2001-07-17,11.410490989685059
2001-07-18,11.545244216918945
2001-07-19,11.598715782165527
2001-07-20,11.609403610229492
2001-07-23,11.34205436706543
2001-07-24,11.357029914855957
2001-07-25,11.784785270690918
2001-07-26,11.870340347290039
2001-07-27,11.851094245910645
2001-07-30,11.95161247253418
2001-07-31,11.955894470214844
2001-08-01,11.765533447265625
2001-08-02,11.975138664245605
2001-08-03,11.846809387207031
2001-08-06,11.656460762023926
2001-08-07,11.780509948730469
2001-08-08,11.662873268127441
2001-08-09,11.585881233215332
2001-08-10,11.463968276977539
2001-08-13,11.164535522460938
2001-08-14,11.198756217956543
2001-08-15,11.121761322021484
2001-08-16,11.055453300476074
2001-08-17,10.865106582641602
2001-08-20,11.03406810760498
2001-08-21,10.681169509887695
2001-08-22,10.745330810546875
2001-08-23,10.638389587402344
2001-08-24,10.897184371948242
2001-08-27,10.777413368225098
2001-08-28,10.715391159057617
2001-08-29,10.512202262878418
2001-08-30,10.180686950683594
2001-08-31,10.276933670043945
2001-09-04,10.362485885620117
2001-09-05,10.512202262878418
2001-09-06,10.131498336791992
2001-09-07,9.885531425476074
2001-09-10,9.887674331665039
2001-09-17,9.41071891784668
2001-09-18,9.69946002960205
2001-09-19,9.735871315002441
2001-09-20,9.705885887145996
2001-09-21,9.56664752960205
2001-09-24,10.12787914276123
2001-09-25,10.367792129516602
2001-09-26,10.599143981933594
2001-09-27,10.579865455627441
2001-09-28,10.603428840637207
2001-10-01,10.6591215133667
2001-10-02,11.053264617919922
2001-10-03,11.295323371887207
2001-10-04,11.03184700012207
2001-10-05,11.22463321685791
2001-10-08,10.948305130004883
2001-10-09,11.156092643737793
2001-10-10,11.488113403320312
2001-10-11,11.45813274383545
2001-10-12,11.33173942565918
2001-10-15,11.455987930297852
2001-10-16,11.383157730102539
2001-10-17,11.186083793640137
2001-10-18,11.117528915405273
2001-10-19,11.355308532714844
2001-10-22,11.36172866821289
2001-10-23,11.269622802734375
2001-10-24,11.24177074432373
2001-10-25,11.417428970336914
2001-10-26,11.443129539489746
2001-10-29,11.117528915405273
2001-10-30,10.839056968688965
2001-10-31,11.01042652130127
2001-11-01,11.190362930297852
2001-11-02,11.346738815307617
2001-11-05,11.545953750610352
2001-11-06,11.768730163574219
2001-11-07,11.528817176818848
2001-11-08,11.674481391906738
2001-11-09,11.80300521850586
2001-11-12,11.905826568603516
2001-11-13,11.623067855834961
2001-11-14,11.841559410095215
2001-11-15,11.995795249938965
2001-11-16,11.80300521850586
2001-11-19,11.942239761352539
2001-11-20,11.931526184082031
2001-11-21,11.807291030883789
2001-11-23,11.95295524597168
2001-11-26,11.942239761352539
2001-11-27,11.798721313476562
2001-11-28,11.781585693359375
2001-11-29,11.706611633300781
2001-11-30,11.81371784210205
2001-12-03,11.691615104675293
2001-12-04,11.818000793457031
2001-12-05,12.117897987365723
2001-12-06,11.914400100708008
2001-12-07,11.854418754577637
2001-12-10,11.625212669372559
2001-12-11,11.584511756896973
2001-12-12,11.638067245483398
2001-12-13,11.430278778076172
2001-12-14,11.580231666564941
2001-12-17,11.963668823242188
2001-12-18,11.9486722946167
2001-12-19,12.07092571258545
2001-12-20,12.066629409790039
2001-12-21,12.347600936889648
2001-12-24,12.253230094909668
2001-12-26,12.471996307373047
2001-12-27,12.519185066223145
2001-12-28,12.514898300170898
2001-12-31,12.343310356140137
2002-01-02,12.450550079345703
2002-01-03,12.435538291931152
2002-01-04,12.354034423828125
2002-01-07,12.308993339538574
2002-01-08,12.405516624450684
2002-01-09,12.096658706665039
2002-01-10,12.22534465789795
2002-01-11,11.967971801757812
2002-01-14,11.959396362304688
2002-01-15,12.19745922088623
2002-01-16,12.008718490600586
2002-01-17,12.173872947692871
2002-01-18,12.08593463897705
2002-01-22,12.441971778869629
2002-01-23,12.838754653930664
2002-01-24,12.798012733459473
2002-01-25,12.52562141418457
2002-01-28,12.574950218200684
2002-01-29,12.420524597167969
2002-01-30,12.815169334411621
2002-01-31,12.864500999450684
2002-02-01,12.71006965637207
2002-02-04,12.632856369018555
2002-02-05,12.611419677734375
2002-02-06,12.628573417663574
2002-02-07,12.52347469329834
2002-02-08,12.68647575378418
2002-02-11,12.922406196594238
2002-02-12,12.890230178833008
2002-02-13,12.894523620605469
2002-02-14,12.97387981414795
2002-02-15,12.875225067138672
2002-02-19,12.716504096984863
2002-02-20,12.873071670532227
2002-02-21,12.7722749710083
2002-02-22,12.858060836791992
2002-02-25,13.008198738098145
2002-02-26,13.319196701049805
2002-02-27,13.351366996765137
2002-02-28,13.299888610839844
2002-03-01,13.471476554870605
2002-03-04,13.507936477661133
2002-03-05,13.031787872314453
2002-03-06,13.061823844909668
2002-03-07,13.233399391174316
2002-03-08,13.40927791595459
2002-03-11,13.411418914794922
2002-03-12,13.347079277038574
2002-03-13,13.295610427856445
2002-03-14,13.355657577514648
2002-03-15,13.673087120056152
2002-03-18,13.630192756652832
2002-03-19,13.61088752746582
2002-03-20,13.56686782836914
2002-03-21,13.356430053710938
2002-03-22,13.32421588897705
2002-03-25,13.1588716506958
2002-03-26,13.349987030029297
2002-03-27,13.313481330871582
2002-03-28,13.163167953491211
2002-04-01,12.789532661437988
2002-04-02,12.65424919128418
2002-04-03,12.583382606506348
2002-04-04,12.729409217834473
2002-04-05,12.699337005615234
2002-04-08,12.83676528930664
2002-04-09,12.905482292175293
2002-04-10,13.006415367126465
2002-04-11,12.92051887512207
2002-04-12,13.148138999938965
2002-04-15,12.868978500366211
2002-04-16,12.88402271270752
2002-04-17,12.731550216674805
2002-04-18,12.486753463745117
2002-04-19,12.65424919128418
2002-04-22,12.357915878295898
2002-04-23,12.465282440185547
2002-04-24,12.336441040039062
2002-04-25,12.2398099899292
2002-04-26,11.982133865356445
2002-04-29,12.068026542663574
2002-04-30,11.995020866394043
2002-05-01,12.196866989135742
2002-05-02,12.164654731750488
2002-05-03,11.864027976989746
2002-05-06,11.593469619750977
2002-05-07,11.812490463256836
2002-05-08,12.108830451965332
2002-05-09,11.808202743530273
2002-05-10,11.522603034973145
2002-05-13,11.81893253326416
2002-05-14,12.32355785369873
2002-05-15,12.190427780151367
2002-05-16,12.529706001281738
2002-05-17,12.525406837463379
2002-05-20,12.411602973937988
2002-05-21,12.153922080993652
2002-05-22,12.196866989135742
2002-05-23,12.091650009155273
2002-05-24,11.92200756072998
2002-05-28,11.765251159667969
2002-05-29,11.709419250488281
2002-05-30,11.593469619750977
2002-05-31,11.617090225219727
2002-06-03,11.413091659545898
2002-06-04,11.595613479614258
2002-06-05,11.801755905151367
2002-06-06,11.617090225219727
2002-06-07,11.687945365905762
2002-06-10,12.110973358154297
2002-06-11,12.121706008911133
2002-06-12,12.518965721130371
2002-06-13,12.1324462890625
2002-06-14,12.229073524475098
2002-06-17,12.521112442016602
2002-06-18,12.572648048400879
2002-06-19,12.343664169311523
2002-06-20,12.148004531860352
2002-06-21,11.821197509765625
2002-06-24,11.986747741699219
2002-06-25,11.846994400024414
2002-06-26,11.958796501159668
2002-06-27,12.406018257141113
2002-06-28,11.827644348144531
2002-07-01,11.696487426757812
2002-07-02,11.485779762268066
2002-07-03,11.83409595489502
2002-07-05,12.040501594543457
2002-07-08,11.954498291015625
2002-07-09,11.750236511230469
2002-07-10,11.558881759643555
2002-07-11,11.649182319641113
2002-07-12,11.363228797912598
2002-07-15,11.490074157714844
2002-07-16,10.724647521972656
2002-07-17,10.374176979064941
2002-07-18,10.193575859069824
2002-07-19,9.997915267944336
2002-07-22,9.58940315246582
2002-07-23,9.696906089782715
2002-07-24,10.307530403137207
2002-07-25,10.105422019958496
2002-07-26,10.359130859375
2002-07-29,10.649395942687988
2002-07-30,10.561243057250977
2002-07-31,10.574140548706055
2002-08-01,10.191426277160645
2002-08-02,9.91191291809082
2002-08-05,9.80440902709961
2002-08-06,10.165627479553223
2002-08-07,10.402132034301758
2002-08-08,10.576292037963867
2002-08-09,10.578444480895996
2002-08-12,10.408586502075195
2002-08-13,10.473088264465332
2002-08-14,11.31376838684082
2002-08-15,11.763142585754395
2002-08-16,11.565336227416992
2002-08-19,11.758841514587402
2002-08-20,11.563188552856445
2002-08-21,11.629841804504395
2002-08-22,11.664234161376953
2002-08-23,11.436328887939453
2002-08-26,11.481476783752441
2002-08-27,11.421277046203613
2002-08-28,11.481476783752441
2002-08-29,11.438483238220215
2002-08-30,11.498679161071777
2002-09-03,11.152514457702637
2002-09-04,11.253568649291992
2002-09-05,10.952554702758789
2002-09-06,11.34817123413086
2002-09-09,11.455681800842285
2002-09-10,11.77819538116455
2002-09-11,11.653486251831055
2002-09-12,11.421277046203613
2002-09-13,11.696487426757812
2002-09-16,11.771743774414062
2002-09-17,11.66638469696045
2002-09-18,11.7083740234375
2002-09-19,11.561964988708496
2002-09-20,11.777265548706055
2002-09-23,11.325125694274902
2002-09-24,11.086135864257812
2002-09-25,11.204557418823242
2002-09-26,11.564111709594727
2002-09-27,11.032306671142578
2002-09-30,10.60169792175293
2002-10-01,11.133501052856445
2002-10-02,11.049534797668457
2002-10-03,11.002164840698242
2002-10-04,11.14211654663086
2002-10-07,10.840686798095703
2002-10-08,11.325125694274902
2002-10-09,10.92465591430664
2002-10-10,11.118429183959961
2002-10-11,11.589947700500488
2002-10-14,11.658849716186523
2002-10-15,12.119606971740723
2002-10-16,12.220800399780273
2002-10-17,11.91291332244873
2002-10-18,12.11745548248291
2002-10-21,12.143292427062988
2002-10-22,12.07870101928711
2002-10-23,12.321996688842773
2002-10-24,12.15836238861084
2002-10-25,12.343525886535645
2002-10-28,12.07224178314209
2002-10-29,12.15836238861084
2002-10-30,11.583491325378418
2002-10-31,11.52966594696045
2002-11-01,11.744972229003906
2002-11-04,11.508132934570312
2002-11-05,11.716986656188965
2002-11-06,11.699755668640137
2002-11-07,11.62655258178711
2002-11-08,11.633015632629395
2002-11-11,11.41125202178955
2002-11-12,11.594264030456543
2002-11-13,11.837560653686523
2002-11-14,11.964587211608887
2002-11-15,11.94736099243164
2002-11-18,11.557658195495605
2002-11-19,11.394027709960938
2002-11-20,11.712677955627441
2002-11-21,11.615788459777832
2002-11-22,11.574881553649902
2002-11-25,11.587803840637207
2002-11-26,11.462921142578125
2002-11-27,11.807412147521973
2002-11-29,11.605025291442871
2002-12-02,11.7083740234375
2002-12-03,11.611482620239258
2002-12-04,11.721291542053223
2002-12-05,11.415553092956543
2002-12-06,11.419856071472168
2002-12-09,11.16364574432373
2002-12-10,11.301440238952637
2002-12-11,11.195943832397461
2002-12-12,11.06245231628418
2002-12-13,10.881593704223633
2002-12-16,11.183021545410156
2002-12-17,10.967714309692383
2002-12-18,10.863142013549805
2002-12-19,10.815698623657227
2002-12-20,10.951543807983398
2002-12-23,10.69279670715332
2002-12-24,10.716517448425293
2002-12-26,10.729456901550293
2002-12-27,10.600077629089355
2002-12-30,10.919197082519531
2002-12-31,10.891169548034668
2003-01-02,11.126201629638672
2003-01-03,10.781203269958496
2003-01-06,10.822168350219727
2003-01-07,10.880386352539062
2003-01-08,10.779047012329102
2003-01-09,11.19520378112793
2003-01-10,11.130512237548828
2003-01-13,11.057201385498047
2003-01-14,11.085233688354492
2003-01-15,10.908418655395508
2003-01-16,10.845887184143066
2003-01-17,10.774735450744629
2003-01-21,10.567736625671387
2003-01-22,10.365043640136719
2003-01-23,10.472862243652344
2003-01-24,10.199018478393555
2003-01-27,10.155891418457031
2003-01-28,10.388764381408691
2003-01-29,10.3715181350708
2003-01-30,10.25723934173584
2003-01-31,10.306832313537598
2003-02-03,10.365043640136719
2003-02-04,10.16667366027832
2003-02-05,10.078269958496094
2003-02-06,10.089055061340332
2003-02-07,10.089055061340332
2003-02-10,10.138644218444824
2003-02-11,10.18823528289795
2003-02-12,10.317607879638672
2003-02-13,10.272331237792969
2003-02-14,10.597921371459961
2003-02-18,10.582828521728516
2003-02-19,10.515983581542969
2003-02-20,10.367207527160645
2003-02-21,10.544014930725098
2003-02-24,10.272331237792969
2003-02-25,10.442671775817871
2003-02-26,10.313300132751465
2003-02-27,10.3844575881958
2003-02-28,10.36289119720459
2003-03-03,10.304676055908203
2003-03-04,10.11276626586914
2003-03-05,10.324075698852539
2003-03-06,10.2205810546875
2003-03-07,10.375831604003906
2003-03-10,10.162357330322266
2003-03-11,10.091207504272461
2003-03-12,10.242140769958496
2003-03-13,10.684173583984375
2003-03-14,10.643204689025879
2003-03-17,11.205984115600586
2003-03-18,11.266355514526367
2003-03-19,11.458595275878906
2003-03-20,11.471553802490234
2003-03-21,11.808502197265625
2003-03-24,11.344114303588867
2003-03-25,11.549311637878418
2003-03-26,11.519065856933594
2003-03-27,11.564430236816406
2003-03-28,11.475870132446289
2003-03-31,11.238279342651367
2003-04-01,11.322510719299316
2003-04-02,11.678913116455078
2003-04-03,11.674588203430176
2003-04-04,11.793392181396484
2003-04-07,11.732913970947266
2003-04-08,11.784749031066895
2003-04-09,11.598992347717285
2003-04-10,11.789068222045898
2003-04-11,11.443479537963867
2003-04-14,11.372197151184082
2003-04-15,11.942426681518555
2003-04-16,11.780427932739258
2003-04-17,11.968345642089844
2003-04-21,11.875471115112305
2003-04-22,12.093616485595703
2003-04-23,12.091464042663574
2003-04-24,11.903547286987305
2003-04-25,11.87978458404541
2003-04-28,12.115224838256836
2003-04-29,12.221053123474121
2003-04-30,12.164898872375488
2003-05-01,12.082819938659668
2003-05-02,12.128189086914062
2003-05-05,12.005061149597168
2003-05-06,12.076343536376953
2003-05-07,11.897066116333008
2003-05-08,11.88194751739502
2003-05-09,12.052580833435059
2003-05-12,12.246976852416992
2003-05-13,11.985621452331543
2003-05-14,11.64218807220459
2003-05-15,11.611952781677246
2003-05-16,11.430517196655273
2003-05-19,11.3333158493042
2003-05-20,11.406753540039062
2003-05-21,11.359237670898438
2003-05-22,11.426194190979004
2003-05-23,11.231800079345703
2003-05-27,11.339797019958496
2003-05-28,11.523391723632812
2003-05-29,11.406753540039062
2003-05-30,11.363553047180176
2003-06-02,11.331159591674805
2003-06-03,11.415398597717285
2003-06-04,11.633551597595215
2003-06-05,11.79770565032959
2003-06-06,11.581714630126953
2003-06-09,11.618432998657227
2003-06-10,11.827946662902832
2003-06-11,11.964022636413574
2003-06-12,11.88626766204834
2003-06-13,11.681069374084473
2003-06-16,11.93378734588623
2003-06-17,11.892746925354004
2003-06-18,11.951152801513672
2003-06-19,11.788900375366211
2003-06-20,11.739134788513184
2003-06-23,11.62663459777832
2003-06-24,11.812701225280762
2003-06-25,11.721826553344727
2003-06-26,11.767260551452637
2003-06-27,11.639615058898926
2003-06-30,11.611489295959473
2003-07-01,11.758610725402832
2003-07-02,12.057170867919922
2003-07-03,11.890583992004395
2003-07-07,12.234580039978027
2003-07-08,12.267027854919434
2003-07-09,12.063666343688965
2003-07-10,12.035534858703613
2003-07-11,12.230256080627441
2003-07-14,12.256213188171387
2003-07-15,12.401169776916504
2003-07-16,12.256213188171387
2003-07-17,12.072315216064453
2003-07-18,12.331937789916992
2003-07-21,12.106938362121582
2003-07-22,12.310298919677734
2003-07-23,12.22375774383545
2003-07-24,12.035534858703613
2003-07-25,12.15669059753418
2003-07-28,12.150201797485352
2003-07-29,12.005244255065918
2003-07-30,12.093950271606445
2003-07-31,12.09611701965332
2003-08-01,11.957648277282715
2003-08-04,12.078804016113281
2003-08-05,11.96413803100586
2003-08-06,12.059327125549316
2003-08-07,12.331937789916992
2003-08-08,12.498525619506836
2003-08-11,12.483379364013672
2003-08-12,12.721367835998535
2003-08-13,12.563427925109863
2003-08-14,12.533145904541016
2003-08-15,12.569917678833008
2003-08-18,12.74732780456543
2003-08-19,12.738682746887207
2003-08-20,12.717039108276367
2003-08-21,12.805746078491211
2003-08-22,12.634827613830566
2003-08-25,12.786269187927246
2003-08-26,12.786269187927246
2003-08-27,12.78842830657959
2003-08-28,12.82954216003418
2003-08-29,12.80141544342041
2003-09-02,12.963677406311035
2003-09-03,12.976656913757324
2003-09-04,12.998291969299316
2003-09-05,12.740840911865234
2003-09-08,12.675930976867676
2003-09-09,12.344918251037598
2003-09-10,12.29948616027832
2003-09-11,12.440112113952637
2003-09-12,12.435781478881836
2003-09-15,12.494195938110352
2003-09-16,12.639150619506836
2003-09-17,12.459583282470703
2003-09-18,12.654298782348633
2003-09-19,12.578570365905762
2003-09-22,12.347078323364258
2003-09-23,12.466075897216797
2003-09-24,12.249722480773926
2003-09-25,12.30813980102539
2003-09-26,12.288665771484375
2003-09-29,12.381695747375488
2003-09-30,12.083135604858398
2003-10-01,12.344918251037598
2003-10-02,12.36441707611084
2003-10-03,12.455432891845703
2003-10-06,12.565937995910645
2003-10-07,12.763126373291016
2003-10-08,12.680794715881348
2003-10-09,12.77613353729248
2003-10-10,12.659114837646484
2003-10-13,12.773964881896973
2003-10-14,12.856304168701172
2003-10-15,12.799971580505371
2003-10-16,12.869312286376953
2003-10-17,12.750125885009766
2003-10-20,12.784801483154297
2003-10-21,12.778304100036621
2003-10-22,12.620105743408203
2003-10-23,12.719791412353516
2003-10-24,12.591946601867676
2003-10-27,12.522601127624512
2003-10-28,12.732794761657715
2003-10-29,12.752291679382324
2003-10-30,12.741462707519531
2003-10-31,12.773964881896973
2003-11-03,12.793468475341797
2003-11-04,12.7111234664917
2003-11-05,12.550780296325684
2003-11-06,12.70029354095459
2003-11-07,12.659114837646484
2003-11-10,12.594111442565918
2003-11-11,12.628785133361816
2003-11-12,12.559438705444336
2003-11-13,12.030713081359863
2003-11-14,11.9180326461792
2003-11-17,11.9180326461792
2003-11-18,11.857361793518066
2003-11-19,11.963539123535156
2003-11-20,11.933208465576172
2003-11-21,11.876863479614258
2003-11-24,12.152063369750977
2003-11-25,12.143393516540527
2003-11-26,12.069716453552246
2003-11-28,12.056715965270996
2003-12-01,11.809690475463867
2003-12-02,11.488982200622559
2003-12-03,11.417479515075684
2003-12-04,11.488982200622559
2003-12-05,11.588665962219238
2003-12-08,11.57132625579834
2003-12-09,11.400141716003418
2003-12-10,11.473817825317383
2003-12-11,11.443480491638184
2003-12-12,11.376304626464844
2003-12-15,10.994927406311035
2003-12-16,11.135778427124023
2003-12-17,11.266018867492676
2003-12-18,11.417970657348633
2003-12-19,11.363701820373535
2003-12-22,11.519999504089355
2003-12-23,11.454873085021973
2003-12-24,11.383240699768066
2003-12-26,11.400604248046875
2003-12-29,11.483092308044434
2003-12-30,11.457042694091797
2003-12-31,11.51565170288086
2004-01-02,11.3528470993042
2004-01-05,11.313773155212402
2004-01-06,11.57860279083252
2004-01-07,11.608994483947754
2004-01-08,11.561233520507812
2004-01-09,11.374556541442871
2004-01-12,11.398431777954102
2004-01-13,11.4527006149292
2004-01-14,11.535192489624023
2004-01-15,11.611166954040527
2004-01-16,11.608994483947754
2004-01-20,11.493948936462402
2004-01-21,11.602478981018066
2004-01-22,11.543876647949219
2004-01-23,11.767459869384766
2004-01-26,11.85428237915039
2004-01-27,11.815211296081543
2004-01-28,11.563407897949219
2004-01-29,11.826064109802246
2004-01-30,11.689309120178223
2004-02-02,11.871650695800781
2004-02-03,11.94111442565918
2004-02-04,12.023601531982422
2004-02-05,12.210284233093262
2004-02-06,12.498984336853027
2004-02-09,12.442551612854004
2004-02-10,12.48813533782959
2004-02-11,12.38828182220459
2004-02-12,12.368741035461426
2004-02-13,12.225476264953613
2004-02-17,12.48595905303955
2004-02-18,12.416500091552734
2004-02-19,12.67264461517334
2004-02-20,12.9005765914917
2004-02-23,13.03515338897705
2004-02-24,13.013446807861328
2004-02-25,12.998248100280762
2004-02-26,12.894060134887695
2004-02-27,12.928792953491211
2004-03-01,13.12198257446289
2004-03-02,12.926623344421387
2004-03-03,13.102445602416992
2004-03-04,13.252230644226074
2004-03-05,13.076400756835938
2004-03-08,13.124153137207031
2004-03-09,13.085084915161133
2004-03-10,12.755134582519531
2004-03-11,12.568449020385742
2004-03-12,12.694354057312012
2004-03-15,12.568449020385742
2004-03-16,12.583647727966309
2004-03-17,12.694602012634277
2004-03-18,12.822964668273926
2004-03-19,12.74898910522461
2004-03-22,12.64021110534668
2004-03-23,12.664141654968262
2004-03-24,12.74463939666748
2004-03-25,13.014409065246582
2004-03-26,12.925214767456055
2004-03-29,13.081857681274414
2004-03-30,13.05357551574707
2004-03-31,12.986135482788086
2004-04-01,12.694602012634277
2004-04-02,12.74898910522461
2004-04-05,12.75769329071045
2004-04-06,12.840359687805176
2004-04-07,12.614102363586426
2004-04-08,12.333451271057129
2004-04-12,12.474867820739746
2004-04-13,12.285589218139648
2004-04-14,12.492266654968262
2004-04-15,12.572762489318848
2004-04-16,12.714184761047363
2004-04-19,12.698956489562988
2004-04-20,12.64021110534668
2004-04-21,12.694602012634277
2004-04-22,12.74898910522461
2004-04-23,12.82949161529541
2004-04-26,12.648909568786621
2004-04-27,12.74898910522461
2004-04-28,12.614102363586426
2004-04-29,12.524907112121582
2004-04-30,12.400893211364746
2004-05-03,12.30081558227539
2004-05-04,12.183334350585938
2004-05-05,12.152878761291504
2004-05-06,11.874399185180664
2004-05-07,11.726462364196777
2004-05-10,12.013640403747559
2004-05-11,11.863519668579102
2004-05-12,11.978825569152832
2004-05-13,12.020166397094727
2004-05-14,11.978825569152832
2004-05-17,11.900501251220703
2004-05-18,12.011462211608887
2004-05-19,11.946043968200684
2004-05-20,11.959126472473145
2004-05-21,12.013646125793457
2004-05-24,11.991836547851562
2004-05-25,12.100872993469238
2004-05-26,12.055076599121094
2004-05-27,12.205547332763672
2004-05-28,12.153210639953613
2004-06-01,12.089969635009766
2004-06-02,12.288415908813477
2004-06-03,12.342940330505371
2004-06-04,12.340749740600586
2004-06-07,12.539201736450195
2004-06-08,12.578458786010742
2004-06-09,12.436708450317383
2004-06-10,12.473776817321777
2004-06-14,12.294957160949707
2004-06-15,12.366922378540039
2004-06-16,12.238256454467773
2004-06-17,12.179383277893066
2004-06-18,12.129226684570312
2004-06-21,11.978757858276367
2004-06-22,11.78902816772461
2004-06-23,11.677810668945312
2004-06-24,11.590580940246582
2004-06-25,11.45101547241211
2004-06-28,11.44011402130127
2004-06-29,11.335441589355469
2004-06-30,11.448832511901855
2004-07-01,11.287459373474121
2004-07-02,11.324532508850098
2004-07-06,11.357250213623047
2004-07-07,11.409584045410156
2004-07-08,11.379050254821777
2004-07-09,11.287459373474121
2004-07-12,11.38559341430664
2004-07-13,11.560053825378418
2004-07-14,11.466282844543457
2004-07-15,11.411762237548828
2004-07-16,11.481547355651855
2004-07-19,11.527342796325684
2004-07-20,11.612391471862793
2004-07-21,11.5840482711792
2004-07-22,11.538244247436523
2004-07-23,11.592765808105469
2004-07-26,11.481547355651855
2004-07-27,11.754140853881836
2004-07-28,11.756318092346191
2004-07-29,11.662549018859863
2004-07-30,11.560053825378418
2004-08-02,11.597129821777344
2004-08-03,11.529519081115723
2004-08-04,11.60148811340332
2004-08-05,11.35070514678955
2004-08-06,11.193685531616211
2004-08-09,11.202415466308594
2004-08-10,11.363784790039062
2004-08-11,11.25910758972168
2004-08-12,11.481547355651855
2004-08-13,11.645102500915527
2004-08-16,11.841368675231934
2004-08-17,11.987475395202637
2004-08-18,11.904409408569336
2004-08-19,11.991847038269043
2004-08-20,11.945940971374512
2004-08-23,11.760139465332031
2004-08-24,11.773262023925781
2004-08-25,11.825718879699707
2004-08-26,11.777630805969238
2004-08-27,11.70767593383789
2004-08-30,11.628989219665527
2004-08-31,11.513132095336914
2004-09-01,11.50439167022705
2004-09-02,11.611504554748535
2004-09-03,11.63991928100586
2004-09-07,11.648659706115723
2004-09-08,11.602754592895508
2004-09-09,11.491275787353516
2004-09-10,11.683638572692871
2004-09-13,11.661773681640625
2004-09-14,11.633359909057617
2004-09-15,11.565593719482422
2004-09-16,11.534996032714844
2004-09-17,11.47160530090332
2004-09-20,11.41039752960205
2004-09-21,11.423519134521484
2004-09-22,11.294551849365234
2004-09-23,11.484719276428223
2004-09-24,11.543734550476074
2004-09-27,11.48034954071045
2004-09-28,11.537182807922363
2004-09-29,11.585271835327148
2004-09-30,11.628989219665527
2004-10-01,11.613685607910156
2004-10-04,11.653033256530762
2004-10-05,11.674894332885742
2004-10-06,11.799488067626953
2004-10-07,11.705495834350586
2004-10-08,11.552484512329102
2004-10-11,11.563406944274902
2004-10-12,11.567782402038574
2004-10-13,11.486905097961426
2004-10-14,11.388538360595703
2004-10-15,11.482532501220703
2004-10-18,11.567782402038574
2004-10-19,11.515321731567383
2004-10-20,11.47160530090332
2004-10-21,11.390725135803223
2004-10-22,11.364497184753418
2004-10-25,11.432256698608398
2004-10-26,11.545921325683594
2004-10-27,11.742653846740723
2004-10-28,11.801675796508789
2004-10-29,11.786372184753418
2004-11-01,11.771071434020996
2004-11-02,11.836647987365723
2004-11-03,11.908782958984375
2004-11-04,12.297870635986328
2004-11-05,12.343777656555176
2004-11-08,12.356894493103027
2004-11-09,12.310989379882812
2004-11-10,12.251974105834961
2004-11-11,12.376565933227539
2004-11-12,12.426843643188477
2004-11-15,12.612642288208008
2004-11-16,12.435589790344238
2004-11-17,12.293498992919922
2004-11-18,12.197320938110352
2004-11-19,12.077094078063965
2004-11-22,12.171090126037598
2004-11-23,12.164532661437988
2004-11-24,12.131741523742676
2004-11-26,12.092401504516602
2004-11-29,11.618059158325195
2004-11-30,11.379796028137207
2004-12-01,11.545921325683594
2004-12-02,11.585271835327148
2004-12-03,11.569969177246094
2004-12-06,11.48034954071045
2004-12-07,11.47597599029541
2004-12-08,11.478163719177246
2004-12-09,11.534996032714844
2004-12-10,11.521878242492676
2004-12-13,11.5743408203125
2004-12-14,11.69675064086914
2004-12-15,11.620057106018066
2004-12-16,11.558701515197754
2004-12-17,11.3987455368042
2004-12-20,11.438187599182129
2004-12-21,11.525834083557129
2004-12-22,11.606910705566406
2004-12-23,11.514880180358887
2004-12-27,11.567469596862793
2004-12-28,11.663887023925781
2004-12-29,11.709893226623535
2004-12-30,11.626633644104004
2004-12-31,11.574042320251465
2005-01-03,11.690177917480469
2005-01-04,11.661690711975098
2005-01-05,11.67702865600586
2005-01-06,11.843563079833984
2005-01-07,11.830416679382324
2005-01-10,11.771251678466797
2005-01-11,11.742767333984375
2005-01-12,11.850138664245605
2005-01-13,11.753721237182617
2005-01-14,11.830416679382324
2005-01-18,11.939974784851074
2005-01-19,11.784400939941406
2005-01-20,11.694561004638672
2005-01-21,11.615677833557129
2005-01-24,11.628826141357422
2005-01-25,11.674839973449707
2005-01-26,11.674839973449707
2005-01-27,11.631012916564941
2005-01-28,11.488585472106934
2005-01-31,11.482008934020996
2005-02-01,11.52802848815918
2005-02-02,11.626633644104004
2005-02-03,11.705512046813965
2005-02-04,11.714277267456055
2005-02-07,11.725235939025879
2005-02-08,11.657309532165527
2005-02-09,11.508306503295898
2005-02-10,11.451335906982422
2005-02-11,11.416275024414062
2005-02-14,11.427229881286621
2005-02-15,11.547748565673828
2005-02-16,11.525834083557129
2005-02-17,11.547748565673828
2005-02-18,11.552130699157715
2005-02-22,11.394359588623047
2005-02-23,11.30671215057373
2005-02-24,11.276029586791992
2005-02-25,11.282607078552246
2005-02-28,11.308904647827148
2005-03-01,11.403128623962402
2005-03-02,11.383408546447754
2005-03-03,11.582807540893555
2005-03-04,11.635393142700195
2005-03-07,11.565278053283691
2005-03-08,11.486384391784668
2005-03-09,11.492968559265137
2005-03-10,11.427229881286621
2005-03-11,11.30671215057373
2005-03-14,11.240976333618164
2005-03-15,11.181817054748535
2005-03-16,11.280710220336914
2005-03-17,11.50047492980957
2005-03-18,11.307080268859863
2005-03-21,11.2455472946167
2005-03-22,11.186210632324219
2005-03-23,11.131267547607422
2005-03-24,11.133465766906738
2005-03-28,11.205991744995117
2005-03-29,11.157635688781738
2005-03-30,11.173023223876953
2005-03-31,11.012598991394043
2005-04-01,10.766451835632324
2005-04-04,10.858752250671387
2005-04-05,10.9158935546875
2005-04-06,10.878534317016602
2005-04-07,10.74666976928711
2005-04-08,10.674150466918945
2005-04-11,10.660965919494629
2005-04-12,10.687337875366211
2005-04-13,10.674150466918945
2005-04-14,10.540090560913086
2005-04-15,10.482948303222656
2005-04-18,10.522512435913086
2005-04-19,10.46097469329834
2005-04-20,10.406030654907227
2005-04-21,10.500534057617188
2005-04-22,10.287358283996582
2005-04-25,10.333503723144531
2005-04-26,10.329113960266113
2005-04-27,10.392841339111328
2005-04-28,10.340100288391113
2005-04-29,10.359884262084961
2005-05-02,10.504927635192871
2005-05-03,10.636788368225098
2005-05-04,10.647773742675781
2005-05-05,10.674150466918945
2005-05-06,10.759859085083008
2005-05-09,10.823593139648438
2005-05-10,10.707111358642578
2005-05-11,10.680742263793945
2005-05-12,10.471960067749023
2005-05-13,10.357682228088379
2005-05-16,10.377462387084961
2005-05-17,10.329113960266113
2005-05-18,10.490055084228516
2005-05-19,10.47461986541748
2005-05-20,10.401866912841797
2005-05-23,10.54958438873291
2005-05-24,10.505488395690918
2005-05-25,10.428323745727539
2005-05-26,10.430527687072754
2005-05-27,10.421709060668945
2005-05-31,10.412893295288086
2005-06-01,10.565018653869629
2005-06-02,10.631158828735352
2005-06-03,10.439347267150879
2005-06-06,10.523125648498535
2005-06-07,10.529740333557129
2005-06-08,10.4878511428833
2005-06-09,10.542963981628418
2005-06-10,10.578242301940918
2005-06-13,10.644391059875488
2005-06-14,10.953048706054688
2005-06-15,10.990524291992188
2005-06-16,10.880290985107422
2005-06-17,10.78769302368164
2005-06-20,10.772259712219238
2005-06-21,10.699501037597656
2005-06-22,10.756828308105469
2005-06-23,10.556201934814453
2005-06-24,10.443758010864258
2005-06-27,10.476826667785645
2005-06-28,10.677453994750977
2005-06-29,10.701708793640137
2005-06-30,10.626749038696289
2005-07-01,10.644391059875488
2005-07-05,10.97950267791748
2005-07-06,10.886907577514648
2005-07-07,10.915565490722656
2005-07-08,11.001551628112793
2005-07-11,10.97950267791748
2005-07-12,11.043440818786621
2005-07-13,11.054462432861328
2005-07-14,11.136038780212402
2005-07-15,11.078717231750488
2005-07-18,11.021395683288574
2005-07-19,10.970685958862305
2005-07-20,11.023597717285156
2005-07-21,10.88911247253418
2005-07-22,10.922182083129883
2005-07-25,10.902338981628418
2005-07-26,10.919979095458984
2005-07-27,10.97950267791748
2005-07-28,10.983915328979492
2005-07-29,10.880290985107422
2005-08-01,10.919979095458984
2005-08-02,10.97950267791748
2005-08-03,10.953048706054688
2005-08-04,10.8670654296875
2005-08-05,10.873678207397461
2005-08-08,10.836196899414062
2005-08-09,10.851630210876465
2005-08-10,10.767855644226074
2005-08-11,10.792105674743652
2005-08-12,10.73698616027832
2005-08-15,10.825176239013672
2005-08-16,10.4878511428833
2005-08-17,10.41928768157959
2005-08-18,10.448040962219238
2005-08-19,10.302068710327148
2005-08-22,10.321974754333496
2005-08-23,10.248987197875977
2005-08-24,10.074261665344238
2005-08-25,10.016763687133789
2005-08-26,10.107440948486328
2005-08-29,10.096382141113281
2005-08-30,9.994641304016113
2005-08-31,9.943775177001953
2005-09-01,9.95262336730957
2005-09-02,9.85310173034668
2005-09-06,10.105228424072266
2005-09-07,10.142829895019531
2005-09-08,10.142829895019531
2005-09-09,10.14946174621582
2005-09-12,10.14946174621582
2005-09-13,9.96810245513916
2005-09-14,9.886266708374023
2005-09-15,9.802227973937988
2005-09-16,9.7027006149292
2005-09-19,9.733664512634277
2005-09-20,9.55672550201416
2005-09-21,9.397483825683594
2005-09-22,9.552305221557617
2005-09-23,9.554520606994629
2005-09-26,9.534611701965332
2005-09-27,9.532403945922852
2005-09-28,9.539040565490723
2005-09-29,9.629714012145996
2005-09-30,9.691642761230469
2005-10-03,9.67837142944336
2005-10-04,9.698278427124023
2005-10-05,9.620868682861328
2005-10-06,9.715972900390625
2005-10-07,9.738086700439453
2005-10-10,9.850883483886719
2005-10-11,9.957049369812012
2005-10-12,9.939349174499512
2005-10-13,9.899540901184082
2005-10-14,9.961469650268555
2005-10-17,10.00570011138916
2005-10-18,9.981374740600586
2005-10-19,10.171581268310547
2005-10-20,10.085318565368652
2005-10-21,10.11186695098877
2005-10-24,10.22023868560791
2005-10-25,10.0388765335083
2005-10-26,10.08089542388916
2005-10-27,9.895121574401855
2005-10-28,10.06320571899414
2005-10-31,10.463521957397461
2005-11-01,10.39275074005127
2005-11-02,10.518816947937012
2005-11-03,10.494483947753906
2005-11-04,10.547567367553711
2005-11-07,10.627188682556152
2005-11-08,10.529877662658691
2005-11-09,10.660364151000977
2005-11-10,10.846148490905762
2005-11-11,10.837303161621094
2005-11-14,10.903647422790527
2005-11-15,10.788643836975098
2005-11-16,10.810757637023926
2005-11-17,10.89037799835205
2005-11-18,10.947884559631348
2005-11-21,10.974428176879883
2005-11-22,11.102702140808105
2005-11-23,11.18453598022461
2005-11-25,11.16684341430664
2005-11-28,11.05846881866455
2005-11-29,10.839510917663574
2005-11-30,10.739984512329102
2005-12-01,10.622764587402344
2005-12-02,10.609495162963867
2005-12-05,10.425929069519043
2005-12-06,10.532088279724121
2005-12-07,10.560834884643555
2005-12-08,10.549777030944824
2005-12-09,10.633825302124023
2005-12-12,10.76652717590332
2005-12-13,10.941248893737793
2005-12-14,10.983397483825684
2005-12-15,10.927934646606445
2005-12-16,10.930158615112305
2005-12-19,10.861391067504883
2005-12-20,10.781524658203125
2005-12-21,10.792616844177246
2005-12-22,10.781524658203125
2005-12-23,10.723840713500977
2005-12-27,10.588520050048828
2005-12-28,10.612923622131348
2005-12-29,10.533061981201172
2005-12-30,10.382207870483398
2006-01-03,10.255757331848145
2006-01-04,10.275725364685059
2006-01-05,10.135964393615723
2006-01-06,10.17811107635498
2006-01-09,10.140398025512695
2006-01-10,10.173677444458008
2006-01-11,10.331183433532715
2006-01-12,10.14705753326416
2006-01-13,10.071629524230957
2006-01-17,9.971795082092285
2006-01-18,10.022823333740234
2006-01-19,10.160367012023926
2006-01-20,9.982890129089355
2006-01-23,10.038352966308594
2006-01-24,10.142620086669922
2006-01-25,10.198076248168945
2006-01-26,10.275725364685059
2006-01-27,10.16923713684082
2006-01-30,10.29568862915039
2006-01-31,10.22913646697998
2006-02-01,10.235791206359863
2006-02-02,10.266846656799316
2006-02-03,10.091593742370605
2006-02-06,10.000638961791992
2006-02-07,9.925215721130371
2006-02-08,10.071629524230957
2006-02-09,10.13818359375
2006-02-10,10.149277687072754
2006-02-13,10.096027374267578
2006-02-14,10.30456256866455
2006-02-15,10.402175903320312
2006-02-16,10.344494819641113
2006-02-17,10.22691822052002
2006-02-21,10.14705753326416
2006-02-22,10.089377403259277
2006-02-23,10.13818359375
2006-02-24,10.082718849182129
2006-02-27,10.15149211883545
2006-02-28,10.062756538391113
2006-03-01,10.016169548034668
2006-03-02,9.996201515197754
2006-03-03,10.056097030639648
2006-03-06,10.009512901306152
2006-03-07,10.042781829833984
2006-03-08,10.042781829833984
2006-03-09,10.036133766174316
2006-03-10,10.056097030639648
2006-03-13,10.042781829833984
2006-03-14,10.102683067321777
2006-03-15,10.091107368469238
2006-03-16,10.322671890258789
2006-03-17,10.396157264709473
2006-03-20,10.634404182434082
2006-03-21,10.712339401245117
2006-03-22,10.710110664367676
2006-03-23,10.808084487915039
2006-03-24,10.730152130126953
2006-03-27,10.676713943481445
2006-03-28,10.632181167602539
2006-03-29,10.698975563049316
2006-03-30,10.612138748168945
2006-03-31,10.518619537353516
2006-04-03,10.413969039916992
2006-04-04,10.353849411010742
2006-04-05,10.436234474182129
2006-04-06,10.36721420288086
2006-04-07,10.246973037719727
2006-04-10,10.17572021484375
2006-04-11,10.131187438964844
2006-04-12,10.220251083374023
2006-04-13,10.191304206848145
2006-04-17,10.20244026184082
2006-04-18,10.331583023071289
2006-04-19,10.347167015075684
2006-04-20,10.331583023071289
2006-04-21,10.20244026184082
2006-04-24,10.140091896057129
2006-04-25,10.160131454467773
2006-04-26,10.23806381225586
2006-04-27,10.162360191345215
2006-04-28,10.02653694152832
2006-05-01,10.226930618286133
2006-05-02,10.278146743774414
2006-05-03,10.396157264709473
2006-05-04,10.331583023071289
2006-05-05,10.520848274230957
2006-05-08,10.592103004455566
2006-05-09,10.658902168273926
2006-05-10,10.638859748840332
2006-05-11,10.520848274230957
2006-05-12,10.362761497497559
2006-05-15,10.56092643737793
2006-05-16,10.70343017578125
2006-05-17,10.466134071350098
2006-05-18,10.551046371459961
2006-05-19,10.573389053344727
2006-05-22,10.580087661743164
2006-05-23,10.618075370788574
2006-05-24,10.732036590576172
2006-05-25,11.049324035644531
2006-05-26,11.094013214111328
2006-05-30,10.792365074157715
2006-05-31,10.82587718963623
2006-06-01,10.812474250793457
2006-06-02,10.68734359741211
2006-06-05,10.544336318969727
2006-06-06,10.508589744567871
2006-06-07,10.510826110839844
2006-06-08,10.568921089172363
2006-06-09,10.530932426452637
2006-06-12,10.499652862548828
2006-06-13,10.620308876037598
2006-06-14,10.66053295135498
2006-06-15,10.872802734375
2006-06-16,10.794598579406738
2006-06-19,10.785661697387695
2006-06-20,10.8214111328125
2006-06-21,10.926430702209473
2006-06-22,10.832581520080566
2006-06-23,10.711922645568848
2006-06-26,10.740968704223633
2006-06-27,10.642653465270996
2006-06-28,10.707456588745117
2006-06-29,10.883975982666016
2006-06-30,10.763318061828613
2006-07-03,10.629251480102539
2006-07-05,10.506355285644531
2006-07-06,10.43932056427002
2006-07-07,10.2784423828125
2006-07-10,10.3186616897583
2006-07-11,10.307488441467285
2006-07-12,10.08851432800293
2006-07-13,9.867304801940918
2006-07-14,9.619278907775879
2006-07-17,9.612577438354492
2006-07-18,9.646095275878906
2006-07-19,9.876239776611328
2006-07-20,9.89635181427002
2006-07-21,9.768990516662598
2006-07-24,9.927637100219727
2006-07-25,9.981263160705566
2006-07-26,9.757817268371582
2006-07-27,9.726534843444824
2006-07-28,9.934334754943848
2006-07-31,9.943277359008789
2006-08-01,9.851665496826172
2006-08-02,9.914226531982422
2006-08-03,9.994667053222656
2006-08-04,10.025948524475098
2006-08-07,10.014776229858398
2006-08-08,9.934334754943848
2006-08-09,9.809206008911133
2006-08-10,10.030418395996094
2006-08-11,9.985730171203613
2006-08-14,10.07734203338623
2006-08-15,9.954444885253906
2006-08-16,9.965213775634766
2006-08-17,10.010072708129883
2006-08-18,9.978668212890625
2006-08-21,9.888954162597656
2006-08-22,9.884469985961914
2006-08-23,9.81493854522705
2006-08-24,9.801480293273926
2006-08-25,9.841854095458984
2006-08-28,9.965213775634766
2006-08-29,9.978668212890625
2006-08-30,10.007824897766113
2006-08-31,10.030257225036621
2006-09-01,10.193987846374512
2006-09-05,10.220903396606445
2006-09-06,10.182771682739258
2006-09-07,10.214171409606934
2006-09-08,10.478837013244629
2006-09-11,10.651542663574219
2006-09-12,10.781628608703613
2006-09-13,10.783869743347168
2006-09-14,10.848917007446289
2006-09-15,10.815274238586426
2006-09-18,10.788354873657227
2006-09-19,10.878076553344727
2006-09-20,10.961060523986816
2006-09-21,10.86910343170166
2006-09-22,10.830973625183105
2006-09-25,10.949848175048828
2006-09-26,11.046292304992676
2006-09-27,11.102362632751465
2006-09-28,11.171892166137695
2006-09-29,11.061991691589355
2006-10-02,10.864617347717285
2006-10-03,11.093390464782715
2006-10-04,11.113578796386719
2006-10-05,10.857890129089355
2006-10-06,10.837701797485352
2006-10-09,10.815274238586426
2006-10-10,10.79284381866455
2006-10-11,10.835460662841797
2006-10-12,10.837701797485352
2006-10-13,10.86910343170166
2006-10-16,10.837701797485352
2006-10-17,10.82873249053955
2006-10-18,10.844430923461914
2006-10-19,10.875832557678223
2006-10-20,11.073204040527344
2006-10-23,11.50159740447998
2006-10-24,11.506087303161621
2006-10-25,11.405157089233398
2006-10-26,11.607010841369629
2006-10-27,11.378239631652832
2006-10-30,11.10909366607666
2006-10-31,11.053020477294922
2006-11-01,10.95657730102539
2006-11-02,10.830973625183105
2006-11-03,10.660508155822754
2006-11-06,10.651542663574219
2006-11-07,10.687430381774902
2006-11-08,10.54836654663086
2006-11-09,10.40481948852539
2006-11-10,10.42276668548584
2006-11-13,10.389122009277344
2006-11-14,10.689667701721191
2006-11-15,10.6941556930542
2006-11-16,10.745743751525879
2006-11-17,10.653783798217773
2006-11-20,10.70312786102295
2006-11-21,10.72331428527832
2006-11-22,10.772660255432129
2006-11-24,10.743501663208008
2006-11-27,10.454166412353516
2006-11-28,10.476593017578125
2006-11-29,10.51696491241455
2006-11-30,10.339776039123535
2006-12-01,10.288193702697754
2006-12-04,10.382397651672363
2006-12-05,10.425007820129395
2006-12-06,10.438467025756836
2006-12-07,10.400337219238281
2006-12-08,10.395848274230957
2006-12-11,10.31734848022461
2006-12-12,10.238844871520996
2006-12-13,10.332944869995117
2006-12-14,10.472516059875488
2006-12-15,10.456757545471191
2006-12-18,10.438751220703125
2006-12-19,10.375717163085938
2006-12-20,10.326191902160645
2006-12-21,10.29017162322998
2006-12-22,10.251900672912598
2006-12-26,10.380219459533691
2006-12-27,10.3914794921875
2006-12-28,10.357711791992188
2006-12-29,10.395980834960938
2007-01-03,10.704390525817871
2007-01-04,10.756169319152832
2007-01-05,10.668373107910156
2007-01-08,10.580577850341797
2007-01-09,10.668373107910156
2007-01-10,10.6436128616333
2007-01-11,10.715648651123047
2007-01-12,10.80119514465332
2007-01-16,10.875484466552734
2007-01-17,10.850722312927246
2007-01-18,10.89349365234375
2007-01-19,10.875484466552734
2007-01-22,10.796689987182617
2007-01-23,10.76292610168457
2007-01-24,10.94301700592041
2007-01-25,10.839462280273438
2007-01-26,10.731406211853027
2007-01-29,10.722403526306152
2007-01-30,10.6436128616333
2007-01-31,10.735910415649414
2007-02-01,10.756169319152832
2007-02-02,10.823704719543457
2007-02-05,10.922758102416992
2007-02-06,10.936264991760254
2007-02-07,10.936264991760254
2007-02-08,10.875484466552734
2007-02-09,10.798940658569336
2007-02-12,10.747167587280273
2007-02-13,10.80119514465332
2007-02-14,10.776433944702148
2007-02-15,10.886741638183594
2007-02-16,10.913749694824219
2007-02-20,11.314464569091797
2007-02-21,11.249177932739258
2007-02-22,11.186149597167969
2007-02-23,11.159131050109863
2007-02-26,11.25143051147461
2007-02-27,10.850722312927246
2007-02-28,10.875484466552734
2007-03-01,10.78093433380127
2007-03-02,10.76292610168457
2007-03-05,10.686382293701172
2007-03-06,10.814696311950684
2007-03-07,10.789938926696777
2007-03-08,10.778682708740234
2007-03-09,10.675124168395996
2007-03-12,10.639110565185547
2007-03-13,10.395980834960938
2007-03-14,10.343953132629395
2007-03-15,10.40502643585205
2007-03-16,10.452526092529297
2007-03-19,10.538483619689941
2007-03-20,10.699084281921387
2007-03-21,10.805391311645508
2007-03-22,10.859685897827148
2007-03-23,10.837060928344727
2007-03-26,10.821228981018066
2007-03-27,10.74206256866455
2007-03-28,10.549792289733887
2007-03-29,10.567888259887695
2007-03-30,10.619915008544922
2007-04-02,10.721702575683594
2007-04-03,10.880035400390625
2007-04-04,10.868728637695312
2007-04-05,10.918495178222656
2007-04-09,10.963733673095703
2007-04-10,10.843846321105957
2007-04-11,10.692298889160156
2007-04-12,10.690033912658691
2007-04-13,10.72396469116211
2007-04-16,10.873252868652344
2007-04-17,10.8958740234375
2007-04-18,10.850631713867188
2007-04-19,10.934325218200684
2007-04-20,11.255528450012207
2007-04-23,11.067784309387207
2007-04-24,11.013493537902832
2007-04-25,11.040641784667969
2007-04-26,11.015756607055664
2007-04-27,10.934325218200684
2007-04-30,10.839320182800293
2007-05-01,10.9320650100708
2007-05-02,10.920751571655273
2007-05-03,10.938852310180664
2007-05-04,10.918495178222656
2007-05-07,10.995399475097656
2007-05-08,10.880035400390625
2007-05-09,10.841588020324707
2007-05-10,10.80086898803711
2007-05-11,10.807658195495605
2007-05-14,10.821228981018066
2007-05-15,10.771464347839355
2007-05-16,10.721470832824707
2007-05-17,10.70556354522705
2007-05-18,10.741925239562988
2007-05-21,10.59421443939209
2007-05-22,10.576034545898438
2007-05-23,10.52830982208252
2007-05-24,10.601032257080078
2007-05-25,10.660117149353027
2007-05-29,10.66693115234375
2007-05-30,10.707837104797363
2007-05-31,10.816912651062012
2007-06-01,11.241864204406738
2007-06-04,11.6372709274292
2007-06-05,11.480476379394531
2007-06-06,11.532737731933594
2007-06-07,11.307764053344727
2007-06-08,11.380484580993652
2007-06-11,11.319128036499023
2007-06-12,11.114606857299805
2007-06-13,11.24868106842041
2007-06-14,11.198691368103027
2007-06-15,11.212321281433105
2007-06-18,11.160054206848145
2007-06-19,11.09188175201416
2007-06-20,11.041888236999512
2007-06-21,10.996438980102539
2007-06-22,10.869179725646973
2007-06-25,10.86690902709961
2007-06-26,10.900995254516602
2007-06-27,11.012348175048828
2007-06-28,10.955531120300293
2007-06-29,10.932811737060547
2007-07-02,10.982804298400879
2007-07-03,11.014619827270508
2007-07-05,10.928266525268555
2007-07-06,10.996438980102539
2007-07-09,11.021435737609863
2007-07-10,10.812372207641602
2007-07-11,10.83509635925293
2007-07-12,11.096429824829102
2007-07-13,11.169147491455078
2007-07-16,11.121423721313477
2007-07-17,10.987348556518555
2007-07-18,10.916901588439941
2007-07-19,11.087336540222168
2007-07-20,10.921452522277832
2007-07-23,10.932811737060547
2007-07-24,10.912354469299316
2007-07-25,10.878275871276855
2007-07-26,10.63966178894043
2007-07-27,10.43968677520752
2007-07-30,10.501042366027832
2007-07-31,10.4419584274292
2007-08-01,10.503313064575195
2007-08-02,10.619214057922363
2007-08-03,10.344244003295898
2007-08-06,10.685111045837402
2007-08-07,10.69420337677002
2007-08-08,11.003254890441895
2007-08-09,10.555580139160156
2007-08-10,10.469229698181152
2007-08-13,10.491954803466797
2007-08-14,9.95792293548584
2007-08-15,9.884838104248047
2007-08-16,9.935080528259277
2007-08-17,9.932801246643066
2007-08-20,9.95563793182373
2007-08-21,9.980765342712402
2007-08-22,9.992182731628418
2007-08-23,9.859716415405273
2007-08-24,9.989899635314941
2007-08-27,10.00816822052002
2007-08-28,9.91224193572998
2007-08-29,10.092676162719727
2007-08-30,9.8939790725708
2007-08-31,9.964774131774902
2007-09-04,9.889408111572266
2007-09-05,9.695272445678711
2007-09-06,9.766070365905762
2007-09-07,9.681570053100586
2007-09-10,9.65416145324707
2007-09-11,9.807186126708984
2007-09-12,9.754654884338379
2007-09-13,9.834590911865234
2007-09-14,9.8939790725708
2007-09-17,9.8939790725708
2007-09-18,10.149773597717285
2007-09-19,10.220573425292969
2007-09-20,10.122366905212402
2007-09-21,10.101814270019531
2007-09-24,10.042428970336914
2007-09-25,9.857431411743164
2007-09-26,9.889408111572266
2007-09-27,9.960209846496582
2007-09-28,9.969339370727539
2007-10-01,10.156625747680664
2007-10-02,10.247982025146484
2007-10-03,10.307365417480469
2007-10-04,10.277676582336426
2007-10-05,10.362178802490234
2007-10-08,10.339338302612305
2007-10-09,10.325634002685547
2007-10-10,10.412420272827148
2007-10-11,10.71161937713623
2007-10-12,10.748163223266602
2007-10-15,10.608842849731445
2007-10-16,10.474092483520508
2007-10-17,10.503785133361816
2007-10-18,10.480942726135254
2007-10-19,10.273099899291992
2007-10-22,10.334773063659668
2007-10-23,10.033297538757324
2007-10-24,10.019586563110352
2007-10-25,10.021870613098145
2007-10-26,10.195449829101562
2007-10-29,10.27995777130127
2007-10-30,10.362178802490234
2007-10-31,10.325634002685547
2007-11-01,10.056137084960938
2007-11-02,10.092676162719727
2007-11-05,10.056137084960938
2007-11-06,10.115513801574707
2007-11-07,10.033297538757324
2007-11-08,9.962492942810059
2007-11-09,9.798048973083496
2007-11-12,9.8939790725708
2007-11-13,10.499213218688965
2007-11-14,10.622547149658203
2007-11-15,10.551745414733887
2007-11-16,10.583723068237305
2007-11-19,10.385017395019531
2007-11-20,10.39187240600586
2007-11-21,10.245698928833008
2007-11-23,10.444398880004883
2007-11-26,10.284524917602539
2007-11-27,10.467235565185547
2007-11-28,10.78699016571045
2007-11-29,10.857792854309082
2007-11-30,10.940013885498047
2007-12-03,10.933164596557617
2007-12-04,11.006244659423828
2007-12-05,11.168404579162598
2007-12-06,11.252908706665039
2007-12-07,11.195807456970215
2007-12-10,11.28945255279541
2007-12-11,11.198094367980957
2007-12-12,11.065030097961426
2007-12-13,11.087977409362793
2007-12-14,10.92737865447998
2007-12-17,10.973262786865234
2007-12-18,11.067322731018066
2007-12-19,11.030617713928223
2007-12-20,10.977851867675781
2007-12-21,11.060441017150879
2007-12-24,11.182034492492676
2007-12-26,11.099445343017578
2007-12-27,10.95949649810791
2007-12-28,11.030617713928223
2007-12-31,10.904438018798828
2008-01-02,10.759900093078613
2008-01-03,10.64060115814209
2008-01-04,10.48918342590332
2008-01-07,10.681896209716797
2008-01-08,10.546536445617676
2008-01-09,10.759900093078613
2008-01-10,11.10403060913086
2008-01-11,10.948026657104492
2008-01-14,10.93655776977539
2008-01-15,10.780542373657227
2008-01-16,10.895259857177734
2008-01-17,10.892961502075195
2008-01-18,10.915907859802246
2008-01-22,11.28757381439209
2008-01-23,11.5078125
2008-01-24,11.22104263305664
2008-01-25,11.032914161682129
2008-01-28,11.175156593322754
2008-01-29,11.243979454040527
2008-01-30,11.27839469909668
2008-01-31,11.64088249206543
2008-02-01,11.741828918457031
2008-02-04,11.48716926574707
2008-02-05,11.370162010192871
2008-02-06,11.20268726348877
2008-02-07,11.434403419494629
2008-02-08,11.186626434326172
2008-02-11,11.37934398651123
2008-02-12,11.528462409973145
2008-02-13,11.622526168823242
2008-02-14,11.464224815368652
2008-02-15,11.34262752532959
2008-02-19,11.39310073852539
2008-02-20,11.402280807495117
2008-02-21,11.422927856445312
2008-02-22,11.464224815368652
2008-02-25,11.546819686889648
2008-02-26,11.792301177978516
2008-02-27,11.79918098449707
2008-02-28,11.631705284118652
2008-02-29,11.377042770385742
2008-03-03,11.44587516784668
2008-03-04,11.44128704071045
2008-03-05,11.367870330810547
2008-03-06,11.46651840209961
2008-03-07,11.448166847229004
2008-03-10,11.20727252960205
2008-03-11,11.528462409973145
2008-03-12,11.592547416687012
2008-03-13,11.664005279541016
2008-03-14,11.484206199645996
2008-03-17,11.51417350769043
2008-03-18,11.751601219177246
2008-03-19,11.705503463745117
2008-03-20,12.270259857177734
2008-03-24,12.362460136413574
2008-03-25,12.228760719299316
2008-03-26,12.19419002532959
2008-03-27,12.072016716003418
2008-03-28,12.014388084411621
2008-03-31,12.143471717834473
2008-04-01,12.46619701385498
2008-04-02,12.553788185119629
2008-04-03,12.66213321685791
2008-04-04,12.539959907531738
2008-04-07,12.500775337219238
2008-04-08,12.55148983001709
2008-04-09,12.480030059814453
2008-04-10,12.599894523620605
2008-04-11,12.632164001464844
2008-04-14,12.71284294128418
2008-04-15,12.971019744873047
2008-04-16,13.155433654785156
2008-04-17,13.06322193145752
2008-04-18,12.980238914489746
2008-04-21,12.996376037597656
2008-04-22,13.035567283630371
2008-04-23,13.120855331420898
2008-04-24,13.243025779724121
2008-04-25,13.289129257202148
2008-04-28,13.219974517822266
2008-04-29,13.510416984558105
2008-04-30,13.365205764770508
2008-05-01,13.385946273803711
2008-05-02,13.254554748535156
2008-05-05,13.1323823928833
2008-05-06,12.98946475982666
2008-05-07,13.100109100341797
2008-05-08,13.176177024841309
2008-05-09,13.180792808532715
2008-05-12,13.37441635131836
2008-05-13,13.058621406555176
2008-05-14,13.298896789550781
2008-05-15,13.22250747680664
2008-05-16,13.203988075256348
2008-05-19,13.055838584899902
2008-05-20,12.951669692993164
2008-05-21,12.784997940063477
2008-05-22,12.97481632232666
2008-05-23,12.905366897583008
2008-05-27,13.055838584899902
2008-05-28,13.215560913085938
2008-05-29,13.412328720092773
2008-05-30,13.366031646728516
2008-06-02,13.241026878356934
2008-06-03,13.37297534942627
2008-06-04,13.352141380310059
2008-06-05,13.842885971069336
2008-06-06,13.511860847473145
2008-06-09,13.78964900970459
2008-06-10,13.838262557983398
2008-06-11,13.546591758728027
2008-06-12,13.683157920837402
2008-06-13,13.699378967285156
2008-06-16,13.72945785522461
2008-06-17,13.585943222045898
2008-06-18,13.349824905395508
2008-06-19,13.354455947875977
2008-06-20,13.023430824279785
2008-06-23,13.111394882202148
2008-06-24,13.26880168914795
2008-06-25,13.453996658325195
2008-06-26,13.155375480651855
2008-06-27,13.032689094543457
2008-06-30,13.009539604187012
2008-07-01,13.201677322387695
2008-07-02,13.078986167907715
2008-07-03,13.10213851928711
2008-07-07,13.173895835876465
2008-07-08,13.683157920837402
2008-07-09,13.349824905395508
2008-07-10,13.243341445922852
2008-07-11,13.03037166595459
2008-07-14,13.035009384155273
2008-07-15,13.018796920776367
2008-07-16,13.185468673706055
2008-07-17,13.352141380310059
2008-07-18,13.407695770263672
2008-07-21,13.266487121582031
2008-07-22,13.671595573425293
2008-07-23,13.447043418884277
2008-07-24,13.187787055969238
2008-07-25,13.155375480651855
2008-07-28,12.967873573303223
2008-07-29,13.298896789550781
2008-07-30,13.55584716796875
2008-07-31,13.56973648071289
2008-08-01,13.3683443069458
2008-08-04,13.525758743286133
2008-08-05,13.967891693115234
2008-08-06,14.065115928649902
2008-08-07,13.185468673706055
2008-08-08,13.39380931854248
2008-08-11,13.55584716796875
2008-08-12,13.715575218200684
2008-08-13,13.452473640441895
2008-08-14,13.503607749938965
2008-08-15,13.798783302307129
2008-08-18,13.6732759475708
2008-08-19,13.52685260772705
2008-08-20,13.564030647277832
2008-08-21,13.59657096862793
2008-08-22,13.815055847167969
2008-08-25,13.608198165893555
2008-08-26,13.712782859802246
2008-08-27,13.780180931091309
2008-08-28,13.91731071472168
2008-08-29,13.72905445098877
2008-09-02,13.863853454589844
2008-09-03,13.896393775939941
2008-09-04,13.894073486328125
2008-09-05,14.11719799041748
2008-09-08,14.410045623779297
2008-09-09,14.20783805847168
2008-09-10,14.414688110351562
2008-09-11,14.681973457336426
2008-09-12,14.505338668823242
2008-09-15,14.32404613494873
2008-09-16,14.44258975982666
2008-09-17,13.861531257629395
2008-09-18,14.289191246032715
2008-09-19,13.875483512878418
2008-09-22,13.687214851379395
2008-09-23,13.573332786560059
2008-09-24,13.694194793701172
2008-09-25,13.973094940185547
2008-09-26,14.110230445861816
2008-09-29,13.584954261779785
2008-09-30,13.919637680053711
2008-10-01,13.866179466247559
2008-10-02,13.677922248840332
2008-10-03,13.882452011108398
2008-10-06,13.457124710083008
2008-10-07,12.745915412902832
2008-10-08,12.678512573242188
2008-10-09,11.944068908691406
2008-10-10,11.841804504394531
2008-10-13,12.666895866394043
2008-10-14,12.652948379516602
2008-10-15,11.632620811462402
2008-10-16,12.694783210754395
2008-10-17,12.497227668762207
2008-10-20,12.650627136230469
2008-10-21,12.473982810974121
2008-10-22,12.148599624633789
2008-10-23,12.262482643127441
2008-10-24,11.946393966674805
2008-10-27,11.544307708740234
2008-10-28,12.822617530822754
2008-10-29,12.787753105163574
2008-10-30,12.724998474121094
2008-10-31,12.971364974975586
2008-11-03,13.008549690246582
2008-11-04,13.045741081237793
2008-11-05,12.580899238586426
2008-11-06,12.432151794433594
2008-11-07,12.641327857971191
2008-11-10,12.824943542480469
2008-11-11,12.724998474121094
2008-11-12,12.229947090148926
2008-11-13,12.766837120056152
2008-11-14,12.25086498260498
2008-11-17,12.04168701171875
2008-11-18,12.253186225891113
2008-11-19,11.85342788696289
2008-11-20,11.774398803710938
2008-11-21,12.299673080444336
2008-11-24,12.264806747436523
2008-11-25,12.708733558654785
2008-11-26,13.175893783569336
2008-11-28,12.987635612487793
2008-12-01,12.320590019226074
2008-12-02,12.42285442352295
2008-12-03,12.639002799987793
2008-12-04,12.808670997619629
2008-12-05,13.5291748046875
2008-12-08,13.37809944152832
2008-12-09,12.971364974975586
2008-12-10,12.841209411621094
2008-12-11,12.78939151763916
2008-12-12,12.752043724060059
2008-12-15,12.770710945129395
2008-12-16,12.894428253173828
2008-12-17,12.8827543258667
2008-12-18,12.934107780456543
2008-12-19,13.011146545410156
2008-12-22,13.06949520111084
2008-12-23,12.906105995178223
2008-12-24,12.941115379333496
2008-12-26,12.920110702514648
2008-12-29,12.864084243774414
2008-12-30,12.850080490112305
2008-12-31,13.08584976196289
2009-01-02,13.34727954864502
2009-01-05,13.193218231201172
2009-01-06,13.076505661010742
2009-01-07,12.964462280273438
2009-01-08,11.993409156799316
2009-01-09,12.04008960723877
2009-01-12,11.995741844177246
2009-01-13,12.166141510009766
2009-01-14,12.035422325134277
2009-01-15,11.986405372619629
2009-01-16,12.035422325134277
2009-01-20,11.801997184753418
2009-01-21,11.47053050994873
2009-01-22,11.407511711120605
2009-01-23,11.286130905151367
2009-01-26,11.344483375549316
2009-01-27,11.388834953308105
2009-01-28,11.374833106994629
2009-01-29,11.17175006866455
2009-01-30,10.999015808105469
2009-02-02,10.870631217956543
2009-02-03,11.160079002380371
2009-02-04,10.835614204406738
2009-02-05,11.335145950317383
2009-02-06,11.58491325378418
2009-02-09,11.503212928771973
2009-02-10,11.139069557189941
2009-02-11,11.258118629455566
2009-02-12,11.234772682189941
2009-02-13,10.86129379272461
2009-02-17,11.260451316833496
2009-02-18,11.671282768249512
2009-02-19,11.776323318481445
2009-02-20,11.675947189331055
2009-02-23,11.409845352172852
2009-02-24,11.673614501953125
2009-02-25,11.486875534057617
2009-02-26,11.262787818908691
2009-02-27,11.493882179260254
2009-03-02,11.213768005371094
2009-03-03,11.05970287322998
2009-03-04,11.318808555603027
2009-03-05,11.61292552947998
2009-03-06,11.416847229003906
2009-03-09,11.090049743652344
2009-03-10,11.360824584960938
2009-03-11,11.140870094299316
2009-03-12,11.48829174041748
2009-03-13,11.546979904174805
2009-03-16,11.455427169799805
2009-03-17,11.737117767333984
2009-03-18,11.84040355682373
2009-03-19,11.725380897521973
2009-03-20,11.640873908996582
2009-03-23,12.084532737731934
2009-03-24,11.990638732910156
2009-03-25,12.13148021697998
2009-03-26,12.385003089904785
2009-03-27,12.340400695800781
2009-03-30,12.15026569366455
2009-03-31,12.23007583618164
2009-04-01,12.399087905883789
2009-04-02,12.59157657623291
2009-04-03,12.62913703918457
2009-04-06,12.542284965515137
2009-04-07,12.29814624786377
2009-04-08,12.349798202514648
2009-04-09,11.892045974731445
2009-04-13,12.096271514892578
2009-04-14,12.000022888183594
2009-04-15,12.039933204650879
2009-04-16,11.92021656036377
2009-04-17,11.784058570861816
2009-04-20,11.565759658813477
2009-04-21,11.697210311889648
2009-04-22,11.4929838180542
2009-04-23,11.469510078430176
2009-04-24,11.237114906311035
2009-04-27,11.38735294342041
2009-04-28,11.377960205078125
2009-04-29,11.842752456665039
2009-04-30,11.831013679504395
2009-05-01,11.748849868774414
2009-05-04,11.93429946899414
2009-05-05,11.845099449157715
2009-05-06,11.622092247009277
2009-05-07,11.711295127868652
2009-05-08,11.769980430603027
2009-05-11,11.885005950927734
2009-05-12,11.94838809967041
2009-05-13,11.807488441467285
2009-05-14,11.587996482849121
2009-05-15,11.363792419433594
2009-05-18,11.781524658203125
2009-05-19,11.64936351776123
2009-05-20,11.550238609313965
2009-05-21,11.590362548828125
2009-05-22,11.623405456542969
2009-05-26,11.800409317016602
2009-05-27,11.639923095703125
2009-05-28,11.69420337677002
2009-05-29,11.739046096801758
2009-06-01,11.939654350280762
2009-06-02,11.783892631530762
2009-06-03,12.008098602294922
2009-06-04,12.005735397338867
2009-06-05,12.052934646606445
2009-06-08,11.991576194763184
2009-06-09,11.944374084472656
2009-06-10,11.814563751220703
2009-06-11,11.639923095703125
2009-06-12,11.762641906738281
2009-06-15,11.436955451965332
2009-06-16,11.387394905090332
2009-06-17,11.460554122924805
2009-06-18,11.488879203796387
2009-06-19,11.368515014648438
2009-06-22,11.46763801574707
2009-06-23,11.41099739074707
2009-06-24,11.448758125305176
2009-06-25,11.59980297088623
2009-06-26,11.47707462310791
2009-06-29,11.507759094238281
2009-06-30,11.432231903076172
2009-07-01,11.415715217590332
2009-07-02,11.278826713562012
2009-07-06,11.264668464660645
2009-07-07,11.290627479553223
2009-07-08,11.415715217590332
2009-07-09,11.347271919250488
2009-07-10,11.226903915405273
2009-07-13,11.288267135620117
2009-07-14,11.359074592590332
2009-07-15,11.458199501037598
2009-07-16,11.448758125305176
2009-07-17,11.444037437438965
2009-07-20,11.521916389465332
2009-07-21,11.531357765197754
2009-07-22,11.604523658752441
2009-07-23,11.507759094238281
2009-07-24,11.550238609313965
2009-07-27,11.557319641113281
2009-07-28,11.54551887512207
2009-07-29,11.65172290802002
2009-07-30,11.795686721801758
2009-07-31,11.772087097167969
2009-08-03,11.762641906738281
2009-08-04,11.765005111694336
2009-08-05,11.611603736877441
2009-08-06,11.559677124023438
2009-08-07,11.632842063903809
2009-08-10,11.734326362609863
2009-08-11,11.809844970703125
2009-08-12,11.986165046691895
2009-08-13,12.31126880645752
2009-08-14,12.289916038513184
2009-08-17,12.237707138061523
2009-08-18,12.187874794006348
2009-08-19,12.261438369750977
2009-08-20,12.270928382873535
2009-08-21,12.187874794006348
2009-08-24,12.23295783996582
2009-08-25,12.261438369750977
2009-08-26,12.292284965515137
2009-08-27,12.159393310546875
2009-08-28,12.133292198181152
2009-08-31,12.071592330932617
2009-09-01,12.095320701599121
2009-09-02,12.083455085754395
2009-09-03,12.27804946899414
2009-09-04,12.26380443572998
2009-09-08,12.197364807128906
2009-09-09,12.128544807434082
2009-09-10,12.109563827514648
2009-09-11,12.036002159118652
2009-09-14,11.955312728881836
2009-09-15,11.84853458404541
2009-09-16,11.874628067016602
2009-09-17,11.855648040771484
2009-09-18,11.891242027282715
2009-09-21,12.081083297729492
2009-09-22,12.100069046020508
2009-09-23,11.96005916595459
2009-09-24,12.031251907348633
2009-09-25,11.73936939239502
2009-09-28,11.746488571166992
2009-09-29,11.682417869567871
2009-09-30,11.64919376373291
2009-10-01,11.627832412719727
2009-10-02,11.646821975708008
2009-10-05,11.642073631286621
2009-10-06,11.741741180419922
2009-10-07,11.744117736816406
2009-10-08,11.80344295501709
2009-10-09,11.858020782470703
2009-10-12,11.772591590881348
2009-10-13,11.945822715759277
2009-10-14,11.910228729248047
2009-10-15,12.090578079223633
2009-10-16,12.154650688171387
2009-10-19,12.313641548156738
2009-10-20,12.26855182647705
2009-10-21,12.014640808105469
2009-10-22,11.979042053222656
2009-10-23,11.969552040100098
2009-10-26,11.827168464660645
2009-10-27,11.834294319152832
2009-10-28,11.841404914855957
2009-10-29,11.96005916595459
2009-10-30,11.789202690124512
2009-11-02,11.9315824508667
2009-11-03,11.841404914855957
2009-11-04,11.955312728881836
2009-11-05,12.168886184692383
2009-11-06,12.161766052246094
2009-11-09,12.339743614196777
2009-11-10,12.413309097290039
2009-11-11,12.569925308227539
2009-11-12,12.634000778198242
2009-11-13,12.624513626098633
2009-11-16,12.615010261535645
2009-11-17,12.733672142028809
2009-11-18,12.849945068359375
2009-11-19,12.942500114440918
2009-11-20,12.880793571472168
2009-11-23,12.975716590881348
2009-11-24,13.016059875488281
2009-11-25,13.042160034179688
2009-11-27,12.96385383605957
2009-11-30,12.944868087768555
2009-12-01,12.992325782775879
2009-12-02,12.949609756469727
2009-12-03,12.918764114379883
2009-12-04,12.871305465698242
2009-12-07,13.035043716430664
2009-12-08,12.911643028259277
2009-12-09,12.89566707611084
2009-12-10,13.04353141784668
2009-12-11,13.033990859985352
2009-12-14,12.89566707611084
2009-12-15,12.874197006225586
2009-12-16,12.716793060302734
2009-12-17,12.583226203918457
2009-12-18,12.604694366455078
2009-12-21,12.735871315002441
2009-12-22,12.721566200256348
2009-12-23,12.716793060302734
2009-12-24,12.783571243286133
2009-12-28,12.874197006225586
2009-12-29,12.905202865600586
2009-12-30,12.950520515441895
2009-12-31,12.747797012329102
2010-01-04,12.933829307556152
2010-01-05,12.805037498474121
2010-01-06,12.776411056518555
2010-01-07,12.783571243286133
2010-01-08,12.719176292419434
2010-01-11,12.929056167602539
2010-01-12,13.05307674407959
2010-01-13,13.119850158691406
2010-01-14,12.929056167602539
2010-01-15,12.802653312683105
2010-01-19,12.886126518249512
2010-01-20,12.845577239990234
2010-01-21,12.621392250061035
2010-01-22,12.626164436340332
2010-01-25,12.611848831176758
2010-01-26,12.785953521728516
2010-01-27,12.735871315002441
2010-01-28,12.547457695007324
2010-01-29,12.74302864074707
2010-02-01,12.754955291748047
2010-02-02,12.757331848144531
2010-02-03,12.943367004394531
2010-02-04,12.633312225341797
2010-02-05,12.747797012329102
2010-02-08,12.62377643585205
2010-02-09,12.700098037719727
2010-02-10,12.697712898254395
2010-02-11,12.659553527832031
2010-02-12,12.616622924804688
2010-02-16,12.774029731750488
2010-02-17,12.89328670501709
2010-02-18,12.7525634765625
2010-02-19,12.757331848144531
2010-02-22,12.838424682617188
2010-02-23,12.78834342956543
2010-02-24,12.859890937805176
2010-02-25,12.914742469787598
2010-02-26,12.89566707611084
2010-03-01,12.855118751525879
2010-03-02,12.781185150146484
2010-03-03,12.797882080078125
2010-03-04,12.869434356689453
2010-03-05,12.912360191345215
2010-03-08,12.914742469787598
2010-03-09,12.89328670501709
2010-03-10,12.862822532653809
2010-03-11,12.944361686706543
2010-03-12,12.92757797241211
2010-03-15,13.292136192321777
2010-03-16,13.428850173950195
2010-03-17,13.412064552307129
2010-03-18,13.416861534118652
2010-03-19,13.272955894470215
2010-03-22,13.340107917785645
2010-03-23,13.404864311218262
2010-03-24,13.330513000488281
2010-03-25,13.337715148925781
2010-03-26,13.313726425170898
2010-03-29,13.368891716003418
2010-03-30,13.409663200378418
2010-03-31,13.335312843322754
2010-04-01,13.308930397033691
2010-04-05,13.308930397033691
2010-04-06,13.318523406982422
2010-04-07,13.258563041687012
2010-04-08,13.282546043395996
2010-04-09,13.208196640014648
2010-04-12,13.196197509765625
2010-04-13,13.12425422668457
2010-04-14,13.105061531066895
2010-04-15,12.982743263244629
2010-04-16,12.977941513061523
2010-04-19,13.045098304748535
2010-04-20,13.076276779174805
2010-04-21,13.064291000366211
2010-04-22,13.06908893585205
2010-04-23,13.07867431640625
2010-04-26,12.961156845092773
2010-04-27,12.961156845092773
2010-04-28,12.858022689819336
2010-04-29,12.879606246948242
2010-04-30,12.865217208862305
2010-05-03,12.889202117919922
2010-05-04,12.95635986328125
2010-05-05,13.136237144470215
2010-05-06,12.766880989074707
2010-05-07,12.56781005859375
2010-05-10,12.610982894897461
2010-05-11,12.582205772399902
2010-05-12,12.66011905670166
2010-05-13,12.640822410583496
2010-05-14,12.573277473449707
2010-05-17,12.720431327819824
2010-05-18,12.956844329833984
2010-05-19,12.795211791992188
2010-05-20,12.375458717346191
2010-05-21,12.392350196838379
2010-05-24,12.303092956542969
2010-05-25,12.129401206970215
2010-05-26,12.066679000854492
2010-05-27,12.230718612670898
2010-05-28,12.196943283081055
2010-06-01,12.283788681030273
2010-06-02,12.476781845092773
2010-06-03,12.476781845092773
2010-06-04,12.158347129821777
2010-06-07,12.240368843078613
2010-06-08,12.250017166137695
2010-06-09,12.300676345825195
2010-06-10,12.356163024902344
2010-06-11,12.26931095123291
2010-06-14,12.360987663269043
2010-06-15,12.457480430603027
2010-06-16,12.29826831817627
2010-06-17,12.401998519897461
2010-06-18,12.435771942138672
2010-06-21,12.307913780212402
2010-06-22,12.225895881652832
2010-06-23,12.2572603225708
2010-06-24,12.069089889526367
2010-06-25,11.772367477416992
2010-06-28,11.958122253417969
2010-06-29,11.796489715576172
2010-06-30,11.596267700195312
2010-07-01,11.661396026611328
2010-07-02,11.579378128051758
2010-07-06,11.716887474060059
2010-07-07,11.801316261291504
2010-07-08,11.864038467407227
2010-07-09,11.924345970153809
2010-07-12,12.090798377990723
2010-07-13,12.192124366760254
2010-07-14,12.146284103393555
2010-07-15,12.16076374053955
2010-07-16,11.982247352600098
2010-07-19,11.94605827331543
2010-07-20,12.274139404296875
2010-07-21,12.146284103393555
2010-07-22,12.26931095123291
2010-07-23,12.464723587036133
2010-07-26,12.334455490112305
2010-07-27,12.29344367980957
2010-07-28,12.334455490112305
2010-07-29,12.317558288574219
2010-07-30,12.34892749786377
2010-08-02,12.401998519897461
2010-08-03,12.37304973602295
2010-08-04,12.447830200195312
2010-08-05,12.452654838562012
2010-08-06,12.493670463562012
2010-08-09,12.558804512023926
2010-08-10,12.597400665283203
2010-08-11,12.379746437072754
2010-08-12,12.236587524414062
2010-08-13,12.229307174682617
2010-08-16,12.231736183166504
2010-08-17,12.379746437072754
2010-08-18,12.340919494628906
2010-08-19,12.146808624267578
2010-08-20,12.185632705688477
2010-08-23,12.408865928649902
2010-08-24,12.447687149047852
2010-08-25,12.508349418640137
2010-08-26,12.367615699768066
2010-08-27,12.374896049499512
2010-08-30,12.265701293945312
2010-08-31,12.166218757629395
2010-09-01,12.423423767089844
2010-09-02,12.559303283691406
2010-09-03,12.627243041992188
2010-09-07,12.583569526672363
2010-09-08,12.576288223266602
2010-09-09,12.595704078674316
2010-09-10,12.610261917114258
2010-09-13,12.668497085571289
2010-09-14,12.77768325805664
2010-09-15,12.826215744018555
2010-09-16,12.896581649780273
2010-09-17,12.862610816955566
2010-09-20,12.991214752197266
2010-09-21,12.998491287231445
2010-09-22,13.059159278869629
2010-09-23,13.01790714263916
2010-09-24,13.12224292755127
2010-09-27,12.976656913757324
2010-09-28,13.059159278869629
2010-09-29,12.945113182067871
2010-09-30,12.98636245727539
2010-10-01,12.947539329528809
2010-10-04,12.998491287231445
2010-10-05,13.102827072143555
2010-10-06,13.238712310791016
2010-10-07,13.190185546875
2010-10-08,13.202317237854004
2010-10-11,13.250845909118652
2010-10-12,13.083420753479004
2010-10-13,13.059159278869629
2010-10-14,12.920845985412598
2010-10-15,12.945113182067871
2010-10-18,13.044593811035156
2010-10-19,12.937830924987793
2010-10-20,12.974225997924805
2010-10-21,13.110111236572266
2010-10-22,13.117393493652344
2010-10-25,13.09069538116455
2010-10-26,13.238712310791016
2010-10-27,13.071288108825684
2010-10-28,13.12224292755127
2010-10-29,13.144082069396973
2010-11-01,13.178048133850098
2010-11-02,13.294520378112793
2010-11-03,13.323636054992676
2010-11-04,13.432827949523926
2010-11-05,13.39400577545166
2010-11-08,13.323636054992676
2010-11-09,13.357613563537598
2010-11-10,13.226578712463379
2010-11-11,13.185331344604492
2010-11-12,13.134376525878906
2010-11-15,13.09069538116455
2010-11-16,13.165918350219727
2010-11-17,13.047021865844727
2010-11-18,13.097979545593262
2010-11-19,13.197464942932129
2010-11-22,13.195038795471191
2010-11-23,13.02275562286377
2010-11-24,13.105259895324707
2010-11-26,13.039745330810547
2010-11-29,13.066433906555176
2010-11-30,13.124672889709473
2010-12-01,13.272680282592773
2010-12-02,13.284811019897461
2010-12-03,13.25326919555664
2010-12-06,13.221726417541504
2010-12-07,13.36731243133545
2010-12-08,13.294849395751953
2010-12-09,13.25825309753418
2010-12-10,13.243614196777344
2010-12-13,13.226533889770508
2010-12-14,13.28508472442627
2010-12-15,13.231414794921875
2010-12-16,13.329007148742676
2010-12-17,13.275330543518066
2010-12-20,13.119178771972656
2010-12-21,13.089897155761719
2010-12-22,13.006943702697754
2010-12-23,13.077692985534668
2010-12-27,13.070378303527832
2010-12-28,13.111858367919922
2010-12-29,13.194812774658203
2010-12-30,13.192370414733887
2010-12-31,13.158217430114746
2011-01-03,13.311934471130371
2011-01-04,13.363165855407715
2011-01-05,13.275330543518066
2011-01-06,13.16553783416748
2011-01-07,13.194812774658203
2011-01-10,13.109414100646973
2011-01-11,13.246048927307129
2011-01-12,13.382685661315918
2011-01-13,13.368042945861816
2011-01-14,13.37292766571045
2011-01-18,13.45344066619873
2011-01-19,13.426603317260742
2011-01-20,13.660831451416016
2011-01-21,13.597393989562988
2011-01-24,13.675468444824219
2011-01-25,13.97068977355957
2011-01-26,13.985331535339355
2011-01-27,14.046330451965332
2011-01-28,13.834056854248047
2011-01-31,13.680344581604004
2011-02-01,13.74378776550293
2011-02-02,13.629117965698242
2011-02-03,13.643746376037598
2011-02-04,13.670589447021484
2011-02-07,13.680344581604004
2011-02-08,13.755986213684082
2011-02-09,13.841382026672363
2011-02-10,13.56323528289795
2011-02-11,13.58763313293457
2011-02-14,13.370484352111816
2011-02-15,13.407086372375488
2011-02-16,13.309492111206055
2011-02-17,13.35828971862793
2011-02-18,13.51199722290039
2011-02-22,13.094778060913086
2011-02-23,12.938627243041992
2011-02-24,12.709278106689453
2011-02-25,12.626326560974121
2011-02-28,12.682442665100098
2011-03-01,12.704400062561035
2011-03-02,12.680002212524414
2011-03-03,12.689764022827148
2011-03-04,12.704400062561035
2011-03-07,12.6922025680542
2011-03-08,12.794673919677734
2011-03-09,12.940865516662598
2011-03-10,12.93595027923584
2011-03-11,12.921210289001465
2011-03-14,12.85487174987793
2011-03-15,12.790987968444824
2011-03-16,12.623916625976562
2011-03-17,12.621461868286133
2011-03-18,12.65831470489502
2011-03-21,12.756592750549316
2011-03-22,12.776246070861816
2011-03-23,12.6878023147583
2011-03-24,12.921210289001465
2011-03-25,12.862244606018066
2011-03-28,12.822928428649902
2011-03-29,12.840131759643555
2011-03-30,12.86469841003418
2011-03-31,12.788532257080078
2011-04-01,12.808189392089844
2011-04-04,12.93595027923584
2011-04-05,12.958063125610352
2011-04-06,13.017030715942383
2011-04-07,13.021947860717773
2011-04-08,12.908921241760254
2011-04-11,12.977720260620117
2011-04-12,13.14970874786377
2011-04-13,13.176734924316406
2011-04-14,13.144794464111328
2011-04-15,13.15708065032959
2011-04-18,13.098109245300293
2011-04-19,13.107938766479492
2011-04-20,13.191478729248047
2011-04-21,13.164447784423828
2011-04-25,13.112852096557617
2011-04-26,13.245525360107422
2011-04-27,13.370835304260254
2011-04-28,13.437170028686523
2011-04-29,13.50842571258545
2011-05-02,13.523163795471191
2011-05-03,13.626358032226562
2011-05-04,13.604249954223633
2011-05-05,13.530540466308594
2011-05-06,13.5182523727417
2011-05-09,13.537909507751465
2011-05-10,13.643561363220215
2011-05-11,13.644792556762695
2011-05-12,13.780823707580566
2011-05-13,13.780823707580566
2011-05-16,13.864916801452637
2011-05-17,13.736308097839355
2011-05-18,13.647269248962402
2011-05-19,13.721465110778809
2011-05-20,13.67447566986084
2011-05-23,13.657163619995117
2011-05-24,13.548337936401367
2011-05-25,13.493931770324707
2011-05-26,13.508769989013672
2011-05-27,13.528554916381836
2011-05-31,13.657163619995117
2011-06-01,13.42962646484375
2011-06-02,13.244134902954102
2011-06-03,13.271334648132324
2011-06-06,13.296070098876953
2011-06-07,13.313383102416992
2011-06-08,13.27876091003418
2011-06-09,13.261438369750977
2011-06-10,13.038856506347656
2011-06-13,13.014124870300293
2011-06-14,13.085844993591309
2011-06-15,12.939929008483887
2011-06-16,13.066062927246094
2011-06-17,13.063590049743652
2011-06-20,13.117999076843262
2011-06-21,13.179829597473145
2011-06-22,13.110578536987305
2011-06-23,13.179829597473145
2011-06-24,12.96218490600586
2011-06-27,12.932503700256348
2011-06-28,12.991863250732422
2011-06-29,13.019072532653809
2011-06-30,13.14273452758789
2011-07-01,13.234232902526855
2011-07-05,13.20456314086914
2011-07-06,13.286179542541504
2011-07-07,13.476616859436035
2011-07-08,13.375211715698242
2011-07-11,13.323275566101074
2011-07-12,13.340593338012695
2011-07-13,13.36037540435791
2011-07-14,13.263917922973633
2011-07-15,13.263917922973633
2011-07-18,13.18724536895752
2011-07-19,13.348005294799805
2011-07-20,13.328222274780273
2011-07-21,13.47166919708252
2011-07-22,13.484034538269043
2011-07-25,13.348005294799805
2011-07-26,13.254019737243652
2011-07-27,13.169934272766113
2011-07-28,13.105630874633789
2011-07-29,13.036384582519531
2011-08-01,13.014124870300293
2011-08-02,12.781637191772461
2011-08-03,12.68271255493164
2011-08-04,12.390867233276367
2011-08-05,12.576361656188965
2011-08-08,12.099026679992676
2011-08-09,12.568943977355957
2011-08-10,12.059508323669434
2011-08-11,12.388337135314941
2011-08-12,12.393318176269531
2011-08-15,12.450613975524902
2011-08-16,12.933891296386719
2011-08-17,12.841717720031738
2011-08-18,12.901504516601562
2011-08-19,13.028556823730469
2011-08-22,13.00114917755127
2011-08-23,13.255244255065918
2011-08-24,13.295104026794434
2011-08-25,13.128201484680176
2011-08-26,13.178017616271973
2011-08-29,13.250260353088379
2011-08-30,13.15809440612793
2011-08-31,13.250260353088379
2011-09-01,13.115737915039062
2011-09-02,12.961295127868652
2011-09-06,12.874102592468262
2011-09-07,13.058445930480957
2011-09-08,13.006133079528809
2011-09-09,12.794386863708496
2011-09-12,12.908979415893555
2011-09-13,12.851682662963867
2011-09-14,13.003643989562988
2011-09-15,13.080869674682617
2011-09-16,13.115737915039062
2011-09-19,13.065918922424316
2011-09-20,13.026062965393066
2011-09-21,12.784428596496582
2011-09-22,12.525344848632812
2011-09-23,12.654882431030273
2011-09-26,12.911470413208008
2011-09-27,12.961295127868652
2011-09-28,12.781930923461914
2011-09-29,12.936382293701172
2011-09-30,12.928908348083496
2011-10-03,12.943857192993164
2011-10-04,13.173036575317383
2011-10-05,13.115737915039062
2011-10-06,13.140656471252441
2011-10-07,13.377309799194336
2011-10-10,13.653825759887695
2011-10-11,13.631403923034668
2011-10-12,13.750975608825684
2011-10-13,13.70613956451416
2011-10-14,13.815746307373047
2011-10-17,13.646347999572754
2011-10-18,13.922863006591797
2011-10-19,14.012547492980957
2011-10-20,14.042438507080078
2011-10-21,14.179452896118164
2011-10-24,14.144572257995605
2011-10-25,14.127134323120117
2011-10-26,14.291549682617188
2011-10-27,14.40116024017334
2011-10-28,14.236750602722168
2011-10-31,14.129631996154785
2011-11-01,14.007566452026367
2011-11-02,14.164505004882812
2011-11-03,14.304006576538086
2011-11-04,14.323934555053711
2011-11-07,14.433545112609863
2011-11-08,14.777318954467773
2011-11-09,14.460948944091797
2011-11-10,14.480876922607422
2011-11-11,14.747425079345703
2011-11-14,14.67020034790039
2011-11-15,14.313971519470215
2011-11-16,14.119667053222656
2011-11-17,14.132122039794922
2011-11-18,14.256678581237793
2011-11-21,14.114678382873535
2011-11-22,14.162014961242676
2011-11-23,14.109698295593262
2011-11-25,14.17197036743164
2011-11-28,14.261652946472168
2011-11-29,14.490843772888184
2011-11-30,14.672694206237793
2011-12-01,14.600445747375488
2011-12-02,14.470911026000977
2011-12-05,14.533187866210938
2011-12-06,14.64279556274414
2011-12-07,14.66661262512207
2011-12-08,14.533759117126465
2011-12-09,14.618988037109375
2011-12-12,14.561330795288086
2011-12-13,14.438498497009277
2011-12-14,14.451040267944336
2011-12-15,14.526241302490234
2011-12-16,14.606450080871582
2011-12-19,14.483622550964355
2011-12-20,14.837065696716309
2011-12-21,14.887202262878418
2011-12-22,14.837065696716309
2011-12-23,15.037606239318848
2011-12-27,14.99749755859375
2011-12-28,14.972428321838379
2011-12-29,15.037606239318848
2011-12-30,14.979950904846191
2012-01-03,15.122830390930176
2012-01-04,14.967426300048828
2012-01-05,14.894721984863281
2012-01-06,14.789433479309082
2012-01-09,14.834562301635742
2012-01-10,14.799470901489258
2012-01-11,14.889708518981934
2012-01-12,14.914766311645508
2012-01-13,14.924800872802734
2012-01-17,15.002510070800781
2012-01-18,15.042614936828613
2012-01-19,15.19301700592041
2012-01-20,15.293280601501465
2012-01-23,15.268216133117676
2012-01-24,15.38853645324707
2012-01-25,15.408585548400879
2012-01-26,15.283263206481934
2012-01-27,15.218084335327148
2012-01-30,15.365981101989746
2012-01-31,15.38101863861084
2012-02-01,15.586567878723145
2012-02-02,15.526406288146973
2012-02-03,15.548970222473145
2012-02-06,15.511364936828613
2012-02-07,15.463732719421387
2012-02-08,15.446189880371094
2012-02-09,15.531425476074219
2012-02-10,15.516382217407227
2012-02-13,15.488800048828125
2012-02-14,15.596596717834473
2012-02-15,15.481287002563477
2012-02-16,15.551468849182129
2012-02-17,15.66176700592041
2012-02-21,15.057656288146973
2012-02-22,14.689179420471191
2012-02-23,14.674131393432617
2012-02-24,14.736806869506836
2012-02-27,14.654080390930176
2012-02-28,14.771897315979004
2012-02-29,14.809490203857422
2012-03-01,14.744319915771484
2012-03-02,14.791942596435547
2012-03-05,14.889708518981934
2012-03-06,14.7819242477417
2012-03-07,15.00501823425293
2012-03-08,15.082740783691406
2012-03-09,15.16096305847168
2012-03-12,15.312373161315918
2012-03-13,15.39311695098877
2012-03-14,15.413311958312988
2012-03-15,15.451155662536621
2012-03-16,15.352754592895508
2012-03-19,15.32751178741455
2012-03-20,15.292183876037598
2012-03-21,15.282090187072754
2012-03-22,15.30480670928955
2012-03-23,15.33004093170166
2012-03-26,15.44359302520752
2012-03-27,15.415828704833984
2012-03-28,15.44106674194336
2012-03-29,15.347700119018555
2012-03-30,15.44359302520752
2012-04-02,15.483965873718262
2012-04-03,15.30480670928955
2012-04-04,15.206384658813477
2012-04-05,15.309847831726074
2012-04-09,15.173583030700684
2012-04-10,15.123112678527832
2012-04-11,15.090311050415039
2012-04-12,15.176102638244629
2012-04-13,15.082740783691406
2012-04-16,15.287142753601074
2012-04-17,15.612665176391602
2012-04-18,15.660612106323242
2012-04-19,15.582374572753906
2012-04-20,15.759031295776367
2012-04-23,15.024693489074707
2012-04-24,14.578045845031738
2012-04-25,14.47458267211914
2012-04-26,14.875813484191895
2012-04-27,14.896001815795898
2012-04-30,14.865720748901367
2012-05-01,14.906098365783691
2012-05-02,14.890955924987793
2012-05-03,14.885909080505371
2012-05-04,14.812732696533203
2012-05-07,14.936376571655273
2012-05-08,14.901047706604004
2012-05-09,14.99708366394043
2012-05-10,15.037732124328613
2012-05-11,15.096168518066406
2012-05-14,15.007246971130371
2012-05-15,15.078377723693848
2012-05-16,15.037732124328613
2012-05-17,15.670341491699219
2012-05-18,15.860881805419922
2012-05-21,16.01586151123047
2012-05-22,16.191160202026367
2012-05-23,16.407106399536133
2012-05-24,16.53159523010254
2012-05-25,16.592573165893555
2012-05-29,16.68657684326172
2012-05-30,16.625600814819336
2012-05-31,16.722135543823242
2012-06-01,16.653549194335938
2012-06-04,16.765335083007812
2012-06-05,16.640836715698242
2012-06-06,16.750089645385742
2012-06-07,16.734848022460938
2012-06-08,17.331884384155273
2012-06-11,17.156572341918945
2012-06-12,17.204851150512695
2012-06-13,17.039716720581055
2012-06-14,17.18198013305664
2012-06-15,17.21247100830078
2012-06-18,17.306476593017578
2012-06-19,17.227720260620117
2012-06-20,17.408096313476562
2012-06-21,17.19976806640625
2012-06-22,17.0981502532959
2012-06-25,17.321725845336914
2012-06-26,17.423337936401367
2012-06-27,17.425884246826172
2012-06-28,17.352201461791992
2012-06-29,17.712966918945312
2012-07-02,17.618961334228516
2012-07-03,17.974647521972656
2012-07-05,18.058494567871094
2012-07-06,18.12963104248047
2012-07-09,18.231246948242188
2012-07-10,18.320167541503906
2012-07-11,18.3582763671875
2012-07-12,18.37098503112793
2012-07-13,18.59201431274414
2012-07-16,18.541202545166016
2012-07-17,18.571685791015625
2012-07-18,18.50817108154297
2012-07-19,18.17281150817871
2012-07-20,18.35573959350586
2012-07-23,18.254117965698242
2012-07-24,18.327789306640625
2012-07-25,18.312551498413086
2012-07-26,18.716503143310547
2012-07-27,18.932451248168945
2012-07-30,19.0493221282959
2012-07-31,18.909597396850586
2012-08-01,18.70380210876465
2012-08-02,18.81303596496582
2012-08-03,18.940073013305664
2012-08-06,18.871477127075195
2012-08-07,18.797801971435547
2012-08-08,18.9812068939209
2012-08-09,18.86370849609375
2012-08-10,18.82027244567871
2012-08-13,18.748762130737305
2012-08-14,18.904571533203125
2012-08-15,19.016958236694336
2012-08-16,18.42946434020996
2012-08-17,18.388608932495117
2012-08-20,18.46778106689453
2012-08-21,18.245553970336914
2012-08-22,18.332406997680664
2012-08-23,18.278764724731445
2012-08-24,18.41924476623535
2012-08-27,18.51886749267578
2012-08-28,18.495874404907227
2012-08-29,18.587833404541016
2012-08-30,18.45500373840332
2012-08-31,18.544410705566406
2012-09-04,18.776857376098633
2012-09-05,18.78706932067871
2012-09-06,19.108915328979492
2012-09-07,18.856042861938477
2012-09-10,18.776857376098633
2012-09-11,18.917346954345703
2012-09-12,18.919897079467773
2012-09-13,19.193214416503906
2012-09-14,19.02973175048828
2012-09-17,18.899463653564453
2012-09-18,18.889245986938477
2012-09-19,18.99652862548828
2012-09-20,19.093595504760742
2012-09-21,19.016958236694336
2012-09-24,19.09104347229004
2012-09-25,18.968425750732422
2012-09-26,18.950546264648438
2012-09-27,18.89691162109375
2012-09-28,18.85093116760254
2012-10-01,18.9147891998291
2012-10-02,18.838163375854492
2012-10-03,18.95310401916504
2012-10-04,19.0859317779541
2012-10-05,19.190656661987305
2012-10-08,19.221309661865234
2012-10-09,18.93777847290039
2012-10-10,19.264728546142578
2012-10-11,19.160005569458008
2012-10-12,19.364349365234375
2012-10-15,19.706640243530273
2012-10-16,19.64533233642578
2012-10-17,19.675975799560547
2012-10-18,19.555925369262695
2012-10-19,19.315814971923828
2012-10-22,19.323482513427734
2012-10-23,19.096145629882812
2012-10-24,19.11147689819336
2012-10-25,19.239187240600586
2012-10-26,19.185546875
2012-10-31,19.162555694580078
2012-11-01,18.761526107788086
2012-11-02,18.587833404541016
2012-11-05,18.682340621948242
2012-11-06,18.840715408325195
2012-11-07,18.6746883392334
2012-11-08,18.513757705688477
2012-11-09,18.470340728759766
2012-11-12,18.513757705688477
2012-11-13,18.342620849609375
2012-11-14,18.21489906311035
2012-11-15,17.55333709716797
2012-11-16,17.377086639404297
2012-11-19,17.62996482849121
2012-11-20,17.624853134155273
2012-11-21,17.596755981445312
2012-11-23,17.93136978149414
2012-11-26,17.857297897338867
2012-11-27,17.752565383911133
2012-11-28,18.023324966430664
2012-11-29,18.092302322387695
2012-11-30,18.396259307861328
2012-12-03,18.22256851196289
2012-12-04,18.42180824279785
2012-12-05,18.403310775756836
2012-12-06,18.387903213500977
2012-12-07,18.567689895629883
2012-12-10,18.5317325592041
2012-12-11,18.208110809326172
2012-12-12,17.707242965698242
2012-12-13,17.732934951782227
2012-12-14,17.658449172973633
2012-12-17,17.774030685424805
2012-12-18,17.8510799407959
2012-12-19,17.599369049072266
2012-12-20,17.722660064697266
2012-12-21,17.632761001586914
2012-12-24,17.612213134765625
2012-12-26,17.46324348449707
2012-12-27,17.51462173461914
2012-12-28,17.365638732910156
2012-12-31,17.524883270263672
2013-01-02,17.78429412841797
2013-01-03,17.67128562927246
2013-01-04,17.738069534301758
2013-01-07,17.56854248046875
2013-01-08,17.617351531982422
2013-01-09,17.612213134765625
2013-01-10,17.55827522277832
2013-01-11,17.627628326416016
2013-01-14,17.54286003112793
2013-01-15,17.71752166748047
2013-01-16,17.776599884033203
2013-01-17,17.68412971496582
2013-01-18,17.774030685424805
2013-01-22,17.871625900268555
2013-01-23,17.848512649536133
2013-01-24,17.925569534301758
2013-01-25,17.722660064697266
2013-01-28,17.812549591064453
2013-01-29,17.951257705688477
2013-01-30,17.915298461914062
2013-01-31,17.96666717529297
2013-02-01,18.10536766052246
2013-02-04,17.884477615356445
2013-02-05,18.177282333374023
2013-02-06,18.31598472595215
2013-02-07,18.295438766479492
2013-02-08,18.359649658203125
2013-02-11,18.339099884033203
2013-02-12,18.339099884033203
2013-02-13,18.336530685424805
2013-02-14,18.19013214111328
2013-02-15,17.799715042114258
2013-02-19,17.661014556884766
2013-02-20,17.776599884033203
2013-02-21,18.046287536621094
2013-02-22,18.082250595092773
2013-02-25,18.0925235748291
2013-02-26,18.264610290527344
2013-02-27,18.4058837890625
2013-02-28,18.179853439331055
2013-03-01,18.426427841186523
2013-03-04,18.816843032836914
2013-03-05,18.93498992919922
2013-03-06,18.8476619720459
2013-03-07,18.832252502441406
2013-03-08,18.878782272338867
2013-03-11,18.86585807800293
2013-03-12,19.0261287689209
2013-03-13,19.0390567779541
2013-03-14,18.927898406982422
2013-03-15,18.741779327392578
2013-03-18,18.677139282226562
2013-03-19,18.728849411010742
2013-03-20,18.868438720703125
2013-03-21,18.904630661010742
2013-03-22,19.201915740966797
2013-03-25,19.349267959594727
2013-03-26,19.328588485717773
2013-03-27,19.331165313720703
2013-03-28,19.34409523010254
2013-04-01,19.49919891357422
2013-04-02,19.651718139648438
2013-04-03,19.64654541015625
2013-04-04,19.698246002197266
2013-04-05,19.747377395629883
2013-04-08,19.980030059814453
2013-04-09,20.194583892822266
2013-04-10,20.000703811645508
2013-04-11,20.109275817871094
2013-04-12,20.308330535888672
2013-04-15,20.285062789916992
2013-04-16,20.339351654052734
2013-04-17,20.295400619506836
2013-04-18,19.946414947509766
2013-04-19,20.238542556762695
2013-04-22,20.155807495117188
2013-04-23,20.445335388183594
2013-04-24,20.171314239501953
2013-04-25,20.331594467163086
2013-04-26,20.432415008544922
2013-04-29,20.26438331604004
2013-04-30,20.091182708740234
2013-05-01,20.17906379699707
2013-05-02,20.28248405456543
2013-05-03,20.486705780029297
2013-05-06,20.378124237060547
2013-05-07,20.378124237060547
2013-05-08,20.349519729614258
2013-05-09,20.38852310180664
2013-05-10,20.515960693359375
2013-05-13,20.414531707763672
2013-05-14,20.487346649169922
2013-05-15,20.76821517944336
2013-05-16,20.414531707763672
2013-05-17,20.25069808959961
2013-05-20,20.128461837768555
2013-05-21,20.12586784362793
2013-05-22,20.03224754333496
2013-05-23,19.85021209716797
2013-05-24,20.105060577392578
2013-05-28,20.1076602935791
2013-05-29,19.82419776916504
2013-05-30,19.66816520690918
2013-05-31,19.462722778320312
2013-06-03,19.683774948120117
2013-06-04,19.748788833618164
2013-06-05,19.569347381591797
2013-06-06,19.66816520690918
2013-06-07,19.85021209716797
2013-06-10,19.699371337890625
2013-06-11,19.569347381591797
2013-06-12,19.462722778320312
2013-06-13,19.504323959350586
2013-06-14,19.470523834228516
2013-06-17,19.49132537841797
2013-06-18,19.694171905517578
2013-06-19,19.363901138305664
2013-06-20,18.99201774597168
2013-06-21,19.116846084594727
2013-06-24,19.29629135131836
2013-06-25,19.34049415588379
2013-06-26,19.506925582885742
2013-06-27,19.571943283081055
2013-06-28,19.371707916259766
2013-07-01,19.397706985473633
2013-07-02,19.428911209106445
2013-07-03,19.44192123413086
2013-07-05,19.55894660949707
2013-07-08,19.94902801513672
2013-07-09,20.03224754333496
2013-07-10,19.964628219604492
2013-07-11,20.188283920288086
2013-07-12,20.188283920288086
2013-07-15,20.03224754333496
2013-07-16,20.12066650390625
2013-07-17,20.076457977294922
2013-07-18,20.112863540649414
2013-07-19,20.30531120300293
2013-07-22,20.25069808959961
2013-07-23,20.427536010742188
2013-07-24,20.344318389892578
2013-07-25,20.287099838256836
2013-07-26,20.284509658813477
2013-07-29,20.281902313232422
2013-07-30,20.255897521972656
2013-07-31,20.268896102905273
2013-08-01,20.34171485900879
2013-08-02,20.479549407958984
2013-08-05,20.48474884033203
2013-08-06,20.25069808959961
2013-08-07,20.242847442626953
2013-08-08,20.211442947387695
2013-08-09,20.11988067626953
2013-08-12,20.166969299316406
2013-08-13,20.109413146972656
2013-08-14,19.989059448242188
2013-08-15,19.468400955200195
2013-08-16,19.389911651611328
2013-08-19,19.25123405456543
2013-08-20,19.15966796875
2013-08-21,19.243396759033203
2013-08-22,19.21984100341797
2013-08-23,19.214616775512695
2013-08-26,19.107343673706055
2013-08-27,19.062870025634766
2013-08-28,18.937280654907227
2013-08-29,18.950355529785156
2013-08-30,19.09426498413086
2013-09-03,19.01576805114746
2013-09-04,19.075942993164062
2013-09-05,19.013154983520508
2013-09-06,18.992218017578125
2013-09-09,19.232929229736328
2013-09-10,19.350662231445312
2013-09-11,19.374216079711914
2013-09-12,19.33757972717285
2013-09-13,19.4553279876709
2013-09-16,19.565214157104492
2013-09-17,19.662010192871094
2013-09-18,19.99429702758789
2013-09-19,19.939348220825195
2013-09-20,19.839929580688477
2013-09-23,19.99429702758789
2013-09-24,19.818988800048828
2013-09-25,19.53119659423828
2013-09-26,19.523347854614258
2013-09-27,19.4553279876709
2013-09-30,19.350662231445312
2013-10-01,19.25385856628418
2013-10-02,19.28786849975586
2013-10-03,19.14134979248047
2013-10-04,19.047163009643555
2013-10-07,18.803844451904297
2013-10-08,19.07332420349121
2013-10-09,19.09949493408203
2013-10-10,19.567825317382812
2013-10-11,19.575668334960938
2013-10-14,19.539039611816406
2013-10-15,19.45793342590332
2013-10-16,19.779752731323242
2013-10-17,19.82684898376465
2013-10-18,19.80853271484375
2013-10-21,19.662010192871094
2013-10-22,19.968124389648438
2013-10-23,19.858238220214844
2013-10-24,19.99429702758789
2013-10-25,19.90534019470215
2013-10-28,20.18267059326172
2013-10-29,20.1617374420166
2013-10-30,20.122493743896484
2013-10-31,20.080625534057617
2013-11-01,20.164365768432617
2013-11-04,20.232379913330078
2013-11-05,20.25592803955078
2013-11-06,20.449539184570312
2013-11-07,20.27947425842285
2013-11-08,20.397212982177734
2013-11-11,20.671926498413086
2013-11-12,20.593442916870117
2013-11-13,20.643150329589844
2013-11-14,20.690248489379883
2013-11-15,20.72687530517578
2013-11-18,20.72687530517578
2013-11-19,20.734724044799805
2013-11-20,20.643150329589844
2013-11-21,20.6326904296875
2013-11-22,20.881242752075195
2013-11-25,21.043455123901367
2013-11-26,21.108861923217773
2013-11-27,21.174274444580078
2013-11-29,21.195201873779297
2013-12-02,21.221364974975586
2013-12-03,21.247535705566406
2013-12-04,21.110694885253906
2013-12-05,20.905424118041992
2013-12-06,21.037004470825195
2013-12-09,21.03963851928711
2013-12-10,20.810686111450195
2013-12-11,20.813318252563477
2013-12-12,20.65806007385254
2013-12-13,20.547523498535156
2013-12-16,20.458059310913086
2013-12-17,20.329097747802734
2013-12-18,20.510683059692383
2013-12-19,20.32647705078125
2013-12-20,20.3764705657959
2013-12-23,20.49226188659668
2013-12-24,20.52910614013672
2013-12-26,20.629108428955078
2013-12-27,20.65015983581543
2013-12-30,20.692270278930664
2013-12-31,20.708057403564453
2014-01-02,20.765945434570312
2014-01-03,20.697532653808594
2014-01-06,20.581737518310547
2014-01-07,20.644895553588867
2014-01-08,20.48174285888672
2014-01-09,20.550161361694336
2014-01-10,20.536998748779297
2014-01-13,20.392261505126953
2014-01-14,20.515954971313477
2014-01-15,20.437000274658203
2014-01-16,20.20016098022461
2014-01-17,20.050159454345703
2014-01-21,19.95804786682129
2014-01-22,19.8291072845459
2014-01-23,19.726470947265625
2014-01-24,19.584362030029297
2014-01-27,19.5133056640625
2014-01-28,19.650156021118164
2014-01-29,19.500144958496094
2014-01-30,19.67120933532715
2014-01-31,19.652786254882812
2014-02-03,19.121200561523438
2014-02-04,19.139625549316406
2014-02-05,19.17646598815918
2014-02-06,19.163307189941406
2014-02-07,19.40804100036621
2014-02-10,19.410680770874023
2014-02-11,19.684364318847656
2014-02-12,19.726470947265625
2014-02-13,19.831729888916016
2014-02-14,19.94489097595215
2014-02-18,19.823833465576172
2014-02-19,19.697521209716797
2014-02-20,19.34751319885254
2014-02-21,19.24225616455078
2014-02-24,19.302783966064453
2014-02-25,19.302783966064453
2014-02-26,19.679107666015625
2014-02-27,19.62120819091797
2014-02-28,19.658048629760742
2014-03-03,19.50541114807129
2014-03-04,19.771207809448242
2014-03-05,19.684364318847656
2014-03-06,19.70541763305664
2014-03-07,19.753089904785156
2014-03-10,19.713359832763672
2014-03-11,19.8431453704834
2014-03-12,20.004703521728516
2014-03-13,19.84579086303711
2014-03-14,19.67363166809082
2014-03-17,19.779579162597656
2014-03-18,19.80341148376465
2014-03-19,19.70011329650879
2014-03-20,19.96497344970703
2014-03-21,20.155677795410156
2014-03-24,20.330482482910156
2014-03-25,20.359615325927734
2014-03-26,20.190107345581055
2014-03-27,20.166261672973633
2014-03-28,20.131834030151367
2014-03-31,20.24307632446289
2014-04-01,20.333131790161133
2014-04-02,20.44171905517578
2014-04-03,20.515880584716797
2014-04-04,20.476146697998047
2014-04-07,20.476146697998047
2014-04-08,20.70658302307129
2014-04-09,20.650957107543945
2014-04-10,20.364910125732422
2014-04-11,20.261613845825195
2014-04-14,20.494691848754883
2014-04-15,20.362258911132812
2014-04-16,20.452316284179688
2014-04-17,20.56885528564453
2014-04-21,20.552961349487305
2014-04-22,20.5423641204834
2014-04-23,20.66949462890625
2014-04-24,20.741012573242188
2014-04-25,20.8231143951416
2014-04-28,21.125049591064453
2014-04-29,21.101215362548828
2014-04-30,21.111814498901367
2014-05-01,21.109161376953125
2014-05-02,20.955543518066406
2014-05-05,20.8231143951416
2014-05-06,20.661548614501953
2014-05-07,20.776145935058594
2014-05-08,20.97068977355957
2014-05-09,21.10660171508789
2014-05-12,21.093271255493164
2014-05-13,21.090608596801758
2014-05-14,20.9840145111084
2014-05-15,20.475006103515625
2014-05-16,20.522974014282227
2014-05-19,20.4163761138916
2014-05-20,20.17119789123535
2014-05-21,20.16319465637207
2014-05-22,20.09124755859375
2014-05-23,20.149877548217773
2014-05-27,20.14454460144043
2014-05-28,20.128555297851562
2014-05-29,20.248483657836914
2014-05-30,20.459016799926758
2014-06-02,20.456350326538086
2014-06-03,20.44302749633789
2014-06-04,20.554950714111328
2014-06-05,20.60558319091797
2014-06-06,20.576269149780273
2014-06-09,20.522974014282227
2014-06-10,20.419038772583008
2014-06-11,20.296449661254883
2014-06-12,20.181859970092773
2014-06-13,20.061933517456055
2014-06-16,20.077924728393555
2014-06-17,19.98464584350586
2014-06-18,20.17386245727539
2014-06-19,20.219173431396484
2014-06-20,20.16853141784668
2014-06-23,20.197847366333008
2014-06-24,20.245817184448242
2014-06-25,20.15254020690918
2014-06-26,19.963329315185547
2014-06-27,20.077924728393555
2014-06-30,20.005966186523438
2014-07-01,20.061933517456055
2014-07-02,20.15254020690918
2014-07-03,20.187191009521484
2014-07-07,20.27246856689453
2014-07-08,20.427038192749023
2014-07-09,20.576269149780273
2014-07-10,20.53630256652832
2014-07-11,20.47234344482422
2014-07-14,20.4003849029541
2014-07-15,20.4776668548584
2014-07-16,20.482999801635742
2014-07-17,20.4163761138916
2014-07-18,20.544294357299805
2014-07-21,20.459016799926758
2014-07-22,20.424367904663086
2014-07-23,20.517641067504883
2014-07-24,20.34708595275879
2014-07-25,20.245817184448242
2014-07-28,20.176525115966797
2014-07-29,20.104570388793945
2014-07-30,19.92868423461914
2014-07-31,19.608884811401367
2014-08-01,19.598220825195312
2014-08-04,19.598220825195312
2014-08-05,19.5449275970459
2014-08-06,19.90438461303711
2014-08-07,19.837322235107422
2014-08-08,20.030466079711914
2014-08-11,19.947303771972656
2014-08-12,19.909744262695312
2014-08-13,19.858779907226562
2014-08-14,19.955358505249023
2014-08-15,19.82390785217285
2014-08-18,19.982173919677734
2014-08-19,20.086803436279297
2014-08-20,20.108251571655273
2014-08-21,20.266529083251953
2014-08-22,20.314815521240234
2014-08-25,20.30408477783203
2014-08-26,20.258472442626953
2014-08-27,20.347003936767578
2014-08-28,20.360416412353516
2014-08-29,20.253122329711914
2014-09-02,20.3201847076416
2014-09-03,20.389923095703125
2014-09-04,20.537464141845703
2014-09-05,20.792308807373047
2014-09-08,20.52941131591797
2014-09-09,20.585752487182617
2014-09-10,20.5240478515625
2014-09-11,20.414064407348633
2014-09-12,20.325544357299805
2014-09-15,20.336275100708008
2014-09-16,20.473085403442383
2014-09-17,20.45162010192871
2014-09-18,20.446258544921875
2014-09-19,20.612573623657227
2014-09-22,20.47039794921875
2014-09-23,20.279945373535156
2014-09-24,20.676952362060547
2014-09-25,20.419431686401367
2014-09-26,20.518692016601562
2014-09-29,20.40870475769043
2014-09-30,20.513322830200195
2014-10-01,20.419431686401367
2014-10-02,20.448945999145508
2014-10-03,20.741334915161133
2014-10-06,20.749391555786133
2014-10-07,20.735971450805664
2014-10-08,20.988136291503906
2014-10-09,20.886192321777344
2014-10-10,21.00153923034668
2014-10-13,20.80571746826172
2014-10-14,20.91838836669922
2014-10-15,20.172637939453125
2014-10-16,19.802444458007812
2014-10-17,19.877553939819336
2014-10-20,20.156545639038086
2014-10-21,20.392614364624023
2014-10-22,20.39529037475586
2014-10-23,20.454303741455078
2014-10-24,20.489177703857422
2014-10-27,20.545507431030273
2014-10-28,20.48113250732422
2014-10-29,20.491863250732422
2014-10-30,20.507957458496094
2014-10-31,20.459667205810547
2014-11-03,20.46235466003418
2014-11-04,20.725238800048828
2014-11-05,20.843273162841797
2014-11-06,20.872779846191406
2014-11-07,21.13030433654785
2014-11-10,21.31003761291504
2014-11-11,21.194690704345703
2014-11-12,21.245655059814453
2014-11-13,22.248924255371094
2014-11-14,22.25428581237793
2014-11-17,22.417922973632812
2014-11-18,22.4769344329834
2014-11-19,22.798843383789062
2014-11-20,22.688854217529297
2014-11-21,22.7076358795166
2014-11-24,22.90882110595703
2014-11-25,22.78811264038086
2014-11-26,22.796159744262695
2014-11-28,23.482887268066406
2014-12-01,23.128793716430664
2014-12-02,23.177072525024414
2014-12-03,22.912721633911133
2014-12-04,22.86416244506836
2014-12-05,22.69152069091797
2014-12-08,22.721195220947266
2014-12-09,22.54045867919922
2014-12-10,22.384004592895508
2014-12-11,22.61329460144043
2014-12-12,22.607900619506836
2014-12-15,22.64297103881836
2014-12-16,22.378610610961914
2014-12-17,22.721195220947266
2014-12-18,23.18246841430664
2014-12-19,22.97206687927246
2014-12-22,23.301158905029297
2014-12-23,23.376693725585938
2014-12-24,23.31464958190918
2014-12-26,23.444129943847656
2014-12-29,23.371301651000977
2014-12-30,23.411758422851562
2014-12-31,23.166290283203125
2015-01-02,23.171680450439453
2015-01-05,23.104246139526367
2015-01-06,23.28227424621582
2015-01-07,23.90001106262207
2015-01-08,24.404447555541992
2015-01-09,24.10232925415039
2015-01-12,24.28306007385254
2015-01-13,24.091535568237305
2015-01-14,23.36320686340332
2015-01-15,23.570920944213867
2015-01-16,23.4063663482666
2015-01-20,23.384782791137695
2015-01-21,23.371301651000977
2015-01-22,23.819082260131836
2015-01-23,23.875732421875
2015-01-26,23.908100128173828
2015-01-27,23.61138153076172
2015-01-28,23.419858932495117
2015-01-29,23.662628173828125
2015-01-30,22.923511505126953
2015-02-02,23.12042236328125
2015-02-03,23.249908447265625
2015-02-04,23.373991012573242
2015-02-05,23.543935775756836
2015-02-06,23.55742645263672
2015-02-09,23.17438316345215
2015-02-10,23.546642303466797
2015-02-11,23.290372848510742
2015-02-12,23.168983459472656
2015-02-13,23.147401809692383
2015-02-17,23.18785858154297
2015-02-18,23.276880264282227
2015-02-19,22.52967071533203
2015-02-20,22.740076065063477
2015-02-23,22.821001052856445
2015-02-24,22.81291389465332
2015-02-25,22.543161392211914
2015-02-26,22.605205535888672
2015-02-27,22.640270233154297
2015-03-02,22.64836311340332
2015-03-03,22.48921012878418
2015-03-04,22.276107788085938
2015-03-05,22.543161392211914
2015-03-06,22.278806686401367
2015-03-09,22.357032775878906
2015-03-10,22.138530731201172
2015-03-11,21.897016525268555
2015-03-12,22.225370407104492
2015-03-13,22.225370407104492
2015-03-16,22.60257339477539
2015-03-17,22.420759201049805
2015-03-18,22.396333694458008
2015-03-19,22.12224769592285
2015-03-20,22.58901023864746
2015-03-23,22.608003616333008
2015-03-24,22.53744888305664
2015-03-25,22.067974090576172
2015-03-26,22.222654342651367
2015-03-27,22.07611656188965
2015-03-30,22.396333694458008
2015-03-31,22.320350646972656
2015-04-01,21.902442932128906
2015-04-02,21.907867431640625
2015-04-06,21.978429794311523
2015-04-07,21.845447540283203
2015-04-08,21.989274978637695
2015-04-09,21.937713623046875
2015-04-10,21.886157989501953
2015-04-13,21.78846549987793
2015-04-14,21.750469207763672
2015-04-15,21.63920783996582
2015-04-16,21.50351905822754
2015-04-17,21.134456634521484
2015-04-20,21.205007553100586
2015-04-21,21.17515754699707
2015-04-22,21.283706665039062
2015-04-23,21.48723793029785
2015-04-24,21.666337966918945
2015-04-27,21.53879737854004
2015-04-28,21.465526580810547
2015-04-29,21.134456634521484
2015-04-30,21.180585861206055
2015-05-01,21.329843521118164
2015-05-04,21.48723793029785
2015-05-05,21.202301025390625
2015-05-06,21.20502471923828
2015-05-07,21.30879783630371
2015-05-08,21.445344924926758
2015-05-11,21.327924728393555
2015-05-12,21.562772750854492
2015-05-13,21.34430503845215
2015-05-14,21.497220993041992
2015-05-15,21.639232635498047
2015-05-18,21.824934005737305
2015-05-19,20.871864318847656
2015-05-20,20.727127075195312
2015-05-21,20.78447151184082
2015-05-22,20.716203689575195
2015-05-26,20.45404815673828
2015-05-27,20.533239364624023
2015-05-28,20.437660217285156
2015-05-29,20.281997680664062
2015-06-01,20.407629013061523
2015-06-02,20.352998733520508
2015-06-03,20.451322555541992
2015-06-04,20.249238967895508
2015-06-05,19.951570510864258
2015-06-08,19.82868003845215
2015-06-09,19.790447235107422
2015-06-10,19.916067123413086
2015-06-11,19.918798446655273
2015-06-12,19.779525756835938
2015-06-15,19.642986297607422
2015-06-16,19.757675170898438
2015-06-17,19.861448287963867
2015-06-18,19.929723739624023
2015-06-19,19.864185333251953
2015-06-22,19.877836227416992
2015-06-23,19.81776237487793
2015-06-24,19.76587677001953
2015-06-25,19.623870849609375
2015-06-26,19.694875717163086
2015-06-29,19.50371551513672
2015-06-30,19.36989974975586
2015-07-01,19.629331588745117
2015-07-02,19.623870849609375
2015-07-06,19.80683708190918
2015-07-07,20.150915145874023
2015-07-08,19.951570510864258
2015-07-09,19.87510871887207
2015-07-10,19.96795654296875
2015-07-13,20.175506591796875
2015-07-14,20.150915145874023
2015-07-15,20.112688064575195
2015-07-16,20.161848068237305
2015-07-17,20.041688919067383
2015-07-20,19.962488174438477
2015-07-21,19.864185333251953
2015-07-22,19.978870391845703
2015-07-23,19.801374435424805
2015-07-24,19.547401428222656
2015-07-27,19.492788314819336
2015-07-28,19.68940544128418
2015-07-29,19.724910736083984
2015-07-30,19.705791473388672
2015-07-31,19.656639099121094
2015-08-03,19.71125602722168
2015-08-04,19.730377197265625
2015-08-05,20.211530685424805
2015-08-06,20.013565063476562
2015-08-07,19.590147018432617
2015-08-10,19.65338897705078
2015-08-11,19.77711296081543
2015-08-12,19.955829620361328
2015-08-13,19.826601028442383
2015-08-14,19.900842666625977
2015-08-17,19.771615982055664
2015-08-18,19.103485107421875
2015-08-19,18.85328483581543
2015-08-20,18.814788818359375
2015-08-21,18.295137405395508
2015-08-24,17.5830135345459
2015-08-25,17.349315643310547
2015-08-26,17.824970245361328
2015-08-27,18.168663024902344
2015-08-28,17.855213165283203
2015-08-31,17.79747772216797
2015-09-01,17.547269821166992
2015-09-02,17.717742919921875
2015-09-03,17.833219528198242
2015-09-04,17.566516876220703
2015-09-08,18.251144409179688
2015-09-09,17.90471076965332
2015-09-10,17.62975311279297
2015-09-11,17.775480270385742
2015-09-14,17.673748016357422
2015-09-15,17.68474769592285
2015-09-16,17.786481857299805
2015-09-17,17.725982666015625
2015-09-18,17.415292739868164
2015-09-21,17.519779205322266
2015-09-22,17.48403549194336
2015-09-23,17.519779205322266
2015-09-24,17.55002212524414
2015-09-25,17.53627586364746
2015-09-28,17.50327491760254
2015-09-29,17.53627586364746
2015-09-30,17.827726364135742
2015-10-01,17.67099952697754
2015-10-02,17.866209030151367
2015-10-05,18.110916137695312
2015-10-06,18.058679580688477
2015-10-07,18.245647430419922
2015-10-08,18.38861656188965
2015-10-09,18.33637809753418
2015-10-12,18.40236473083496
2015-10-13,18.347379684448242
2015-10-14,16.505210876464844
2015-10-15,16.3127498626709
2015-10-16,16.1917667388916
2015-10-19,16.180770874023438
2015-10-20,16.15328025817871
2015-10-21,16.12303924560547
2015-10-22,16.194522857666016
2015-10-23,16.029552459716797
2015-10-26,15.952569961547852
2015-10-27,15.804096221923828
2015-10-28,15.848079681396484
2015-10-29,15.936067581176758
2015-10-30,15.738104820251465
2015-11-02,15.83983325958252
2015-11-03,15.97730827331543
2015-11-04,16.04879379272461
2015-11-05,16.114789962768555
2015-11-06,16.161527633666992
2015-11-09,16.08179473876953
2015-11-10,16.134031295776367
2015-11-11,15.831588745117188
2015-11-12,15.658365249633789
2015-11-13,15.512646675109863
2015-11-16,15.911322593688965
2015-11-17,16.474971771240234
2015-11-18,16.752668380737305
2015-11-19,16.68943214416504
2015-11-20,16.51620864868164
2015-11-23,16.568452835083008
2015-11-24,16.474971771240234
2015-11-25,16.562950134277344
2015-11-27,16.466720581054688
2015-11-30,16.178020477294922
2015-12-01,16.219266891479492
2015-12-02,16.17768096923828
2015-12-03,16.368982315063477
2015-12-04,16.540876388549805
2015-12-07,16.773775100708008
2015-12-08,16.527015686035156
2015-12-09,16.393930435180664
2015-12-10,16.513151168823242
2015-12-11,16.45770835876465
2015-12-14,16.743274688720703
2015-12-15,16.53533363342285
2015-12-16,16.718324661254883
2015-12-17,16.35234832763672
2015-12-18,16.316303253173828
2015-12-21,16.5103816986084
2015-12-22,16.784866333007812
2015-12-23,16.93735122680664
2015-12-24,16.865259170532227
2015-12-28,16.84308624267578
2015-12-29,17.081527709960938
2015-12-30,17.100923538208008
2015-12-31,16.995574951171875
2016-01-04,17.03992462158203
2016-01-05,17.444725036621094
2016-01-06,17.6193904876709
2016-01-07,18.029726028442383
2016-01-08,17.61661720275879
2016-01-11,17.805158615112305
2016-01-12,17.638797760009766
2016-01-13,17.16747283935547
2016-01-14,17.483539581298828
2016-01-15,17.170242309570312
2016-01-19,17.344913482666016
2016-01-20,16.868043899536133
2016-01-21,17.156375885009766
2016-01-22,17.38095474243164
2016-01-25,17.591665267944336
2016-01-26,17.744150161743164
2016-01-27,17.73029136657715
2016-01-28,17.805158615112305
2016-01-29,18.398469924926758
2016-02-01,18.71453857421875
2016-02-02,18.537097930908203
2016-02-03,18.373516082763672
2016-02-04,18.415111541748047
2016-02-05,18.57590675354004
2016-02-08,18.548185348510742
2016-02-09,18.24597930908203
2016-02-10,18.240436553955078
2016-02-11,18.110122680664062
2016-02-12,18.34856605529785
2016-02-16,18.270936965942383
2016-02-17,18.32916259765625
2016-02-18,17.777423858642578
2016-02-19,17.927141189575195
2016-02-22,18.196073532104492
2016-02-23,18.43174171447754
2016-02-24,18.609182357788086
2016-02-25,18.864255905151367
2016-02-26,18.440059661865234
2016-02-29,18.39293098449707
2016-03-01,18.426197052001953
2016-03-02,18.35688018798828
2016-03-03,18.337474822998047
2016-03-04,18.51491355895996
2016-03-07,18.822664260864258
2016-03-08,18.864255905151367
2016-03-09,18.861459732055664
2016-03-10,18.82794761657715
2016-03-11,18.760913848876953
2016-03-14,18.81397819519043
2016-03-15,19.017868041992188
2016-03-16,18.989948272705078
2016-03-17,18.839113235473633
2016-03-18,18.699462890625
2016-03-21,18.984357833862305
2016-03-22,18.9564266204834
2016-03-23,18.841907501220703
2016-03-24,18.99274253845215
2016-03-28,19.026254653930664
2016-03-29,19.001115798950195
2016-03-30,19.21617317199707
2016-03-31,19.129589080810547
2016-04-01,19.288793563842773
2016-04-04,19.29996681213379
2016-04-05,19.17148780822754
2016-04-06,19.283218383789062
2016-04-07,19.05417823791504
2016-04-08,19.009490966796875
2016-04-11,18.825153350830078
2016-04-12,19.21617317199707
2016-04-13,19.313934326171875
2016-04-14,19.21617317199707
2016-04-15,19.288793563842773
2016-04-18,19.512239456176758
2016-04-19,19.487104415893555
2016-04-20,19.3306941986084
2016-04-21,19.12401580810547
2016-04-22,19.193832397460938
2016-04-25,19.4033145904541
2016-04-26,19.355831146240234
2016-04-27,19.389347076416016
2016-04-28,19.246904373168945
2016-04-29,18.677120208740234
2016-05-02,18.87822151184082
2016-05-03,18.713428497314453
2016-05-04,18.766496658325195
2016-05-05,18.77208709716797
2016-05-06,19.062557220458984
2016-05-09,19.258075714111328
2016-05-10,19.213382720947266
2016-05-11,18.684450149536133
2016-05-12,18.80824089050293
2016-05-13,18.27086639404297
2016-05-16,18.57472038269043
2016-05-17,18.315879821777344
2016-05-18,17.767250061035156
2016-05-19,19.46941375732422
2016-05-20,19.65510368347168
2016-05-23,19.55381965637207
2016-05-24,19.762020111083984
2016-05-25,19.829540252685547
2016-05-26,19.933639526367188
2016-05-27,19.90550422668457
2016-05-31,19.913951873779297
2016-06-01,19.83516502380371
2016-06-02,19.961774826049805
2016-06-03,19.939268112182617
2016-06-06,19.989919662475586
2016-06-07,19.984289169311523
2016-06-08,20.054616928100586
2016-06-09,20.001171112060547
2016-06-10,20.015235900878906
2016-06-13,19.843608856201172
2016-06-14,19.961774826049805
2016-06-15,20.009607315063477
2016-06-16,20.060251235961914
2016-06-17,19.961774826049805
2016-06-20,20.00397491455078
2016-06-21,20.105262756347656
2016-06-22,20.18685531616211
2016-06-23,20.285329818725586
2016-06-24,20.245941162109375
2016-06-27,20.116519927978516
2016-06-28,20.11932945251465
2016-06-29,20.386621475219727
2016-06-30,20.544170379638672
2016-07-01,20.485084533691406
2016-07-05,20.577930450439453
2016-07-06,20.769248962402344
2016-07-07,20.687665939331055
2016-07-08,20.774879455566406
2016-07-11,20.836774826049805
2016-07-12,20.614505767822266
2016-07-13,20.712980270385742
2016-07-14,20.735490798950195
2016-07-15,20.72705078125
2016-07-18,20.774879455566406
2016-07-19,20.72423553466797
2016-07-20,20.760812759399414
2016-07-21,20.68484115600586
2016-07-22,20.69329071044922
2016-07-25,20.74955940246582
2016-07-26,20.743932723999023
2016-07-27,20.62857437133789
2016-07-28,20.606077194213867
2016-07-29,20.530105590820312
2016-08-01,20.757991790771484
2016-08-02,20.575119018554688
2016-08-03,20.52166175842285
2016-08-04,20.622947692871094
2016-08-05,20.752363204956055
2016-08-08,20.634201049804688
2016-08-09,20.690467834472656
2016-08-10,20.948257446289062
2016-08-11,20.905765533447266
2016-08-12,20.931255340576172
2016-08-15,20.769786834716797
2016-08-16,20.647981643676758
2016-08-17,20.659313201904297
2016-08-18,21.04739761352539
2016-08-19,20.625320434570312
2016-08-22,20.594160079956055
2016-08-23,20.38736915588379
2016-08-24,20.46101951599121
2016-08-25,20.174907684326172
2016-08-26,20.152252197265625
2016-08-29,20.22589874267578
2016-08-30,20.200407028198242
2016-08-31,20.23723030090332
2016-09-01,20.633813858032227
2016-09-02,20.537508010864258
2016-09-06,20.67914581298828
2016-09-07,20.412864685058594
2016-09-08,20.34770965576172
2016-09-09,19.914295196533203
2016-09-12,20.378870010375977
2016-09-13,20.242887496948242
2016-09-14,20.259899139404297
2016-09-15,20.50917625427246
2016-09-16,20.642316818237305
2016-09-19,20.421363830566406
2016-09-20,20.38736915588379
2016-09-21,20.44969367980957
2016-09-22,20.472352981567383
2016-09-23,20.49501609802246
2016-09-26,20.28822898864746
2016-09-27,20.489347457885742
2016-09-28,20.336374282836914
2016-09-29,20.03610610961914
2016-09-30,20.429861068725586
2016-10-03,20.398696899414062
2016-10-04,20.325050354003906
2016-10-05,20.302383422851562
2016-10-06,19.648021697998047
2016-10-07,19.461055755615234
2016-10-10,19.257097244262695
2016-10-11,19.0899658203125
2016-10-12,19.10979461669922
2016-10-13,19.327922821044922
2016-10-14,19.390239715576172
2016-10-17,19.3250789642334
2016-10-18,19.50921058654785
2016-10-19,19.51487922668457
2016-10-20,19.46955680847168
2016-10-21,19.35908317565918
2016-10-24,19.599863052368164
2016-10-25,19.648021697998047
2016-10-26,19.71316909790039
2016-10-27,19.781152725219727
2016-10-28,19.826480865478516
2016-10-31,19.834985733032227
2016-11-01,19.631019592285156
2016-11-02,19.673511505126953
2016-11-03,19.724502563476562
2016-11-04,19.591358184814453
2016-11-07,19.766990661621094
2016-11-08,19.76982307434082
2016-11-09,20.14092254638672
2016-11-10,20.22307014465332
2016-11-11,20.177745819091797
2016-11-14,19.968122482299805
2016-11-15,20.231563568115234
2016-11-16,20.22307014465332
2016-11-17,19.599863052368164
2016-11-18,19.415733337402344
2016-11-21,19.65084457397461
2016-11-22,19.863309860229492
2016-11-23,20.064434051513672
2016-11-25,20.177745819091797
2016-11-28,20.166412353515625
2016-11-29,20.217409133911133
2016-11-30,19.951122283935547
2016-12-01,20.01911163330078
2016-12-02,20.07859992980957
2016-12-05,19.812320709228516
2016-12-06,19.931289672851562
2016-12-07,20.142412185668945
2016-12-08,20.0682430267334
2016-12-09,19.99406623840332
2016-12-12,20.447694778442383
2016-12-13,20.484786987304688
2016-12-14,20.353538513183594
2016-12-15,20.279369354248047
2016-12-16,20.25083351135254
2016-12-19,20.422016143798828
2016-12-20,20.490489959716797
2016-12-21,20.32501983642578
2016-12-22,19.854263305664062
2016-12-23,19.839998245239258
2016-12-27,19.88564682006836
2016-12-28,19.774377822875977
2016-12-29,19.760107040405273
2016-12-30,19.720170974731445
2017-01-03,19.588930130004883
2017-01-04,19.703048706054688
2017-01-05,19.745845794677734
2017-01-06,19.474809646606445
2017-01-09,19.60319709777832
2017-01-10,19.466251373291016
2017-01-11,19.551834106445312
2017-01-12,19.392066955566406
2017-01-13,19.152416229248047
2017-01-17,19.52046012878418
2017-01-18,19.432008743286133
2017-01-19,19.29221534729004
2017-01-20,19.166683197021484
2017-01-23,19.01547622680664
2017-01-24,19.229446411132812
2017-01-25,19.083938598632812
2017-01-26,19.038291931152344
2017-01-27,18.73301887512207
2017-01-30,18.94985008239746
2017-01-31,19.041149139404297
2017-02-01,18.895641326904297
2017-02-02,19.029733657836914
2017-02-03,18.972675323486328
2017-02-06,18.944149017333984
2017-02-07,19.083938598632812
2017-02-08,19.346424102783203
2017-02-09,19.708759307861328
2017-02-10,19.406328201293945
2017-02-13,19.335010528564453
2017-02-14,19.588930130004883
2017-02-15,19.597488403320312
2017-02-16,19.648845672607422
2017-02-17,19.791494369506836
2017-02-21,20.38492774963379
2017-02-22,20.459102630615234
2017-02-23,20.344987869262695
2017-02-24,20.653112411499023
2017-02-27,20.467666625976562
2017-02-28,20.2365665435791
2017-03-01,20.09963035583496
2017-03-02,20.188066482543945
2017-03-03,19.979795455932617
2017-03-06,19.936996459960938
2017-03-07,19.93415069580078
2017-03-08,20.060606002807617
2017-03-09,20.07784652709961
2017-03-10,20.146827697753906
2017-03-13,20.103717803955078
2017-03-14,20.325010299682617
2017-03-15,20.284778594970703
2017-03-16,20.244539260864258
2017-03-17,20.086467742919922
2017-03-20,20.11233901977539
2017-03-21,20.089344024658203
2017-03-22,20.189937591552734
2017-03-23,20.07784652709961
2017-03-24,20.00599479675293
2017-03-27,20.020366668701172
2017-03-28,20.210054397583008
2017-03-29,20.33075714111328
2017-03-30,20.575056076049805
2017-03-31,20.715883255004883
2017-04-03,20.64402961730957
2017-04-04,20.695756912231445
2017-04-05,20.59229278564453
2017-04-06,20.529067993164062
2017-04-07,20.951547622680664
2017-04-10,20.997529983520508
2017-04-11,21.103872299194336
2017-04-12,21.10674285888672
2017-04-13,21.023395538330078
2017-04-17,21.121116638183594
2017-04-18,21.236072540283203
2017-04-19,21.287813186645508
2017-04-20,21.49761199951172
2017-04-21,21.537845611572266
2017-04-24,21.49186134338379
2017-04-25,21.569459915161133
2017-04-26,21.67867088317871
2017-04-27,21.68153953552246
2017-04-28,21.606821060180664
2017-05-01,21.621187210083008
2017-05-02,21.70453453063965
2017-05-03,21.773508071899414
2017-05-04,21.940204620361328
2017-05-05,21.98619270324707
2017-05-08,21.876983642578125
2017-05-09,22.049419403076172
2017-05-10,22.191192626953125
2017-05-11,22.02627182006836
2017-05-12,21.904754638671875
2017-05-15,22.072568893432617
2017-05-16,21.73116111755371
2017-05-17,21.73406410217285
2017-05-18,22.43421745300293
2017-05-19,22.79009246826172
2017-05-22,22.7264347076416
2017-05-23,22.709075927734375
2017-05-24,22.610706329345703
2017-05-25,22.656997680664062
2017-05-26,22.604928970336914
2017-05-30,22.610706329345703
2017-05-31,22.740907669067383
2017-06-01,23.09098243713379
2017-06-02,23.0360164642334
2017-06-05,23.221181869506836
2017-06-06,22.836383819580078
2017-06-07,22.900033950805664
2017-06-08,22.836383819580078
2017-06-09,22.978147506713867
2017-06-12,22.92607307434082
2017-06-13,23.007080078125
2017-06-14,23.11702537536621
2017-06-15,22.830591201782227
2017-06-16,21.768779754638672
2017-06-19,21.843996047973633
2017-06-20,21.855571746826172
2017-06-21,22.05809783935547
2017-06-22,21.84978485107422
2017-06-23,21.65304183959961
2017-06-26,21.843996047973633
2017-06-27,21.991554260253906
2017-06-28,22.136213302612305
2017-06-29,21.96840476989746
2017-06-30,21.89607810974121
2017-07-03,21.803495407104492
2017-07-05,21.79191780090332
2017-07-06,21.835317611694336
2017-07-07,21.794816970825195
2017-07-10,21.18723487854004
2017-07-11,21.256671905517578
2017-07-12,21.392656326293945
2017-07-13,21.713804244995117
2017-07-14,22.0870304107666
2017-07-17,22.095712661743164
2017-07-18,22.046524047851562
2017-07-19,21.9510498046875
2017-07-20,21.994447708129883
2017-07-21,22.032062530517578
2017-07-24,22.246156692504883
2017-07-25,22.717758178710938
2017-07-26,22.82770538330078
2017-07-27,23.082311630249023
2017-07-28,23.09098243713379
2017-07-31,23.14306640625
2017-08-01,23.290618896484375
2017-08-02,23.299299240112305
2017-08-03,23.39767074584961
2017-08-04,23.28483772277832
2017-08-07,23.516298294067383
2017-08-08,23.605989456176758
2017-08-09,23.760292053222656
2017-08-10,23.483699798583984
2017-08-11,23.408008575439453
2017-08-14,23.49535369873047
2017-08-15,23.515731811523438
2017-08-16,23.576875686645508
2017-08-17,23.20421028137207
2017-08-18,23.090656280517578
2017-08-21,23.207111358642578
2017-08-22,23.2973690032959
2017-08-23,23.27989959716797
2017-08-24,22.808246612548828
2017-08-25,22.892683029174805
2017-08-28,22.717988967895508
2017-08-29,22.93344497680664
2017-08-30,22.866474151611328
2017-08-31,22.729637145996094
2017-09-01,22.81698226928711
2017-09-05,23.233322143554688
2017-09-06,23.314842224121094
2017-09-07,23.326488494873047
2017-09-08,22.96546173095703
2017-09-11,23.02369499206543
2017-09-12,23.17800521850586
2017-09-13,23.25078773498535
2017-09-14,23.198381423950195
2017-09-15,23.40218734741211
2017-09-18,23.291549682617188
2017-09-19,23.30610466003418
2017-09-20,23.43712043762207
2017-09-21,23.294458389282227
2017-09-22,23.154712677001953
2017-09-25,23.044076919555664
2017-09-26,23.11395263671875
2017-09-27,23.0848388671875
2017-09-28,22.985841751098633
2017-09-29,22.75002098083496
2017-10-02,22.840274810791016
2017-10-03,23.064456939697266
2017-10-04,23.026607513427734
2017-10-05,23.119770050048828
2017-10-06,23.000402450561523
2017-10-09,23.44585609436035
2017-10-10,24.493972778320312
2017-10-11,24.959810256958008
2017-10-12,25.06753158569336
2017-10-13,25.21892547607422
2017-10-16,24.96271514892578
2017-10-17,25.032590866088867
2017-10-18,25.102458953857422
2017-10-19,25.15487289428711
2017-10-20,25.457666397094727
2017-10-23,25.8099422454834
2017-10-24,25.61488151550293
2017-10-25,25.760452270507812
2017-10-26,25.80121421813965
2017-10-27,25.670196533203125
2017-10-30,25.315004348754883
2017-10-31,25.419809341430664
2017-11-01,25.60323143005371
2017-11-02,25.85361671447754
2017-11-03,26.10982894897461
2017-11-06,25.824506759643555
2017-11-07,25.89728546142578
2017-11-08,26.2786865234375
2017-11-09,26.29033851623535
2017-11-10,26.470848083496094
2017-11-13,26.49122428894043
2017-11-14,26.520341873168945
2017-11-15,26.15349769592285
2017-11-16,29.00380516052246
2017-11-17,28.377840042114258
2017-11-20,28.38074493408203
2017-11-21,28.10124969482422
2017-11-22,28.069223403930664
2017-11-24,28.130367279052734
2017-11-27,28.130367279052734
2017-11-28,28.174036026000977
2017-11-29,28.404041290283203
2017-11-30,28.307968139648438
2017-12-01,28.34290313720703
2017-12-04,28.243911743164062
2017-12-05,28.482648849487305
2017-12-06,28.32253074645996
2017-12-07,28.325441360473633
2017-12-08,28.25813865661621
2017-12-11,28.369352340698242
2017-12-12,28.30203628540039
2017-12-13,28.612276077270508
2017-12-14,28.42789077758789
2017-12-15,28.422035217285156
2017-12-18,28.653244018554688
2017-12-19,28.916664123535156
2017-12-20,28.90203094482422
2017-12-21,28.70008087158203
2017-12-22,28.74397850036621
2017-12-26,29.022018432617188
2017-12-27,29.051288604736328
2017-12-28,29.092256546020508
2017-12-29,28.90203094482422
2018-01-02,28.855199813842773
2018-01-03,29.106897354125977
2018-01-04,29.13324546813965
2018-01-05,29.305917739868164
2018-01-08,29.73908805847168
2018-01-09,29.382015228271484
2018-01-10,29.17129135131836
2018-01-11,29.27372932434082
2018-01-12,29.522502899169922
2018-01-16,29.469823837280273
2018-01-17,30.05811309814453
2018-01-18,30.526397705078125
2018-01-19,30.61126136779785
2018-01-22,30.862974166870117
2018-01-23,30.99467658996582
2018-01-24,30.96248435974121
2018-01-25,31.199546813964844
2018-01-26,31.723440170288086
2018-01-29,32.06296157836914
2018-01-30,31.5302734375
2018-01-31,31.199546813964844
2018-02-01,30.88346290588379
2018-02-02,30.579076766967773
2018-02-05,29.29422378540039
2018-02-06,29.531282424926758
2018-02-07,30.10201072692871
2018-02-08,29.27372932434082
2018-02-09,29.083484649658203
2018-02-12,29.136157989501953
2018-02-13,29.554706573486328
2018-02-14,29.76543426513672
2018-02-15,30.213226318359375
2018-02-16,30.6668758392334
2018-02-20,27.543991088867188
2018-02-21,26.785959243774414
2018-02-22,27.151803970336914
2018-02-23,27.186933517456055
2018-02-26,27.254247665405273
2018-02-27,26.785959243774414
2018-02-28,26.344013214111328
2018-03-01,26.071821212768555
2018-03-02,25.981096267700195
2018-03-05,26.335229873657227
2018-03-06,26.06596565246582
2018-03-07,25.67963218688965
2018-03-08,25.885726928710938
2018-03-09,26.12127113342285
2018-03-12,25.92989158630371
2018-03-13,25.997602462768555
2018-03-14,25.81212615966797
2018-03-15,25.765018463134766
2018-03-16,26.25376319885254
2018-03-19,25.747352600097656
2018-03-20,25.89456558227539
2018-03-21,25.9622802734375
2018-03-22,25.65608024597168
2018-03-23,25.149667739868164
2018-03-26,25.76207160949707
2018-03-27,25.335159301757812
2018-03-28,25.841569900512695
2018-03-29,26.19487762451172
2018-04-02,25.187938690185547
2018-04-03,25.55597496032715
2018-04-04,25.67963218688965
2018-04-05,25.853342056274414
2018-04-06,25.523590087890625
2018-04-09,25.402875900268555
2018-04-10,25.452930450439453
2018-04-11,25.2939395904541
2018-04-12,25.152618408203125
2018-04-13,25.32632827758789
2018-04-16,25.567752838134766
2018-04-17,25.879838943481445
2018-04-18,25.782684326171875
2018-04-19,25.876895904541016
2018-04-20,25.608966827392578
2018-04-23,25.349882125854492
2018-04-24,25.47648048400879
2018-04-25,25.6649112701416
2018-04-26,25.891618728637695
2018-04-27,25.700244903564453
2018-04-30,26.044723510742188
2018-05-01,25.735572814941406
2018-05-02,25.420541763305664
2018-05-03,25.38815689086914
2018-05-04,25.770904541015625
2018-05-07,25.16438865661621
2018-05-08,25.243885040283203
2018-05-09,24.45482635498047
2018-05-10,24.4992733001709
2018-05-11,24.70370101928711
2018-05-14,25.002946853637695
2018-05-15,25.041460037231445
2018-05-16,25.518470764160156
2018-05-17,25.03257179260254
2018-05-18,24.780733108520508
2018-05-21,25.038496017456055
2018-05-22,24.70074462890625
2018-05-23,24.59408950805664
2018-05-24,24.54667854309082
2018-05-25,24.43112564086914
2018-05-29,24.413354873657227
2018-05-30,24.922948837280273
2018-05-31,24.454832077026367
2018-06-01,24.588157653808594
2018-06-04,25.3081111907959
2018-06-05,25.07109260559082
2018-06-06,25.05331039428711
2018-06-07,25.16886329650879
2018-06-08,24.994056701660156
2018-06-11,24.97627067565918
2018-06-12,24.917024612426758
2018-06-13,24.914058685302734
2018-06-14,24.82518196105957
2018-06-15,24.798511505126953
2018-06-18,24.591114044189453
2018-06-19,24.77184295654297
2018-06-20,24.77184295654297
2018-06-21,24.949615478515625
2018-06-22,25.13035011291504
2018-06-25,25.61920166015625
2018-06-26,25.474029541015625
2018-06-27,25.74363899230957
2018-06-28,25.438474655151367
2018-06-29,25.376251220703125
2018-07-02,24.887405395507812
2018-07-03,25.017763137817383
2018-07-05,25.0562744140625
2018-07-06,25.038496017456055
2018-07-09,25.45921516418457
2018-07-10,25.838451385498047
2018-07-11,25.636980056762695
2018-07-12,25.634021759033203
2018-07-13,25.983627319335938
2018-07-16,25.965850830078125
2018-07-17,26.128807067871094
2018-07-18,26.09324836730957
2018-07-19,25.989559173583984
2018-07-20,26.09028434753418
2018-07-23,25.9628849029541
2018-07-24,26.0606632232666
2018-07-25,26.042882919311523
2018-07-26,26.140657424926758
2018-07-27,26.111026763916016
2018-07-30,26.333232879638672
2018-07-31,26.436935424804688
2018-08-01,26.143617630004883
2018-08-02,26.297679901123047
2018-08-03,26.54655647277832
2018-08-06,26.567291259765625
2018-08-07,26.596925735473633
2018-08-08,26.67987823486328
2018-08-09,26.52492332458496
2018-08-10,26.873579025268555
2018-08-13,26.712663650512695
2018-08-14,27.073240280151367
2018-08-15,26.885501861572266
2018-08-16,29.3946590423584
2018-08-17,29.15924072265625
2018-08-20,28.607940673828125
2018-08-21,28.631778717041016
2018-08-22,28.509599685668945
2018-08-23,28.363582611083984
2018-08-24,28.295034408569336
2018-08-27,28.17285919189453
2018-08-28,28.628799438476562
2018-08-29,28.500656127929688
2018-08-30,28.63773536682129
2018-08-31,28.566213607788086
2018-09-04,28.417217254638672
2018-09-05,28.792699813842773
2018-09-06,28.742042541503906
2018-09-07,28.557281494140625
2018-09-10,28.87613868713379
2018-09-11,28.798662185668945
2018-09-12,28.5989990234375
2018-09-13,28.3456974029541
2018-09-14,28.187767028808594
2018-09-17,28.25629997253418
2018-09-18,28.438074111938477
2018-09-19,28.381458282470703
2018-09-20,28.5334415435791
2018-09-21,28.57813835144043
2018-09-24,28.286102294921875
2018-09-25,28.33973503112793
2018-09-26,28.187767028808594
2018-09-27,28.050676345825195
2018-09-28,27.9851131439209
2018-10-01,28.131134033203125
2018-10-02,28.354633331298828
2018-10-03,28.03279685974121
2018-10-04,28.07452392578125
2018-10-05,27.806318283081055
2018-10-08,28.217554092407227
2018-10-09,28.929773330688477
2018-10-10,28.53641700744629
2018-10-11,27.988096237182617
2018-10-12,28.25331687927246
2018-10-15,27.958301544189453
2018-10-16,28.551315307617188
2018-10-17,28.774818420410156
2018-10-18,28.65859603881836
2018-10-19,28.950639724731445
2018-10-22,28.94765853881836
2018-10-23,29.14434051513672
2018-10-24,29.072816848754883
2018-10-25,29.555580139160156
2018-10-26,29.48405647277832
2018-10-29,29.740333557128906
2018-10-30,30.52109718322754
2018-10-31,29.88336753845215
2018-11-01,29.972776412963867
2018-11-02,30.199251174926758
2018-11-05,30.667102813720703
2018-11-06,30.792268753051758
2018-11-07,31.087291717529297
2018-11-08,31.25417709350586
2018-11-09,31.456809997558594
2018-11-12,30.95319366455078
2018-11-13,30.676044464111328
2018-11-14,30.255876541137695
2018-11-15,29.662858963012695
2018-11-16,29.111547470092773
2018-11-19,28.840375900268555
2018-11-20,28.059619903564453
2018-11-21,28.06259536743164
2018-11-23,28.33973503112793
2018-11-26,28.354633331298828
2018-11-27,28.321855545043945
2018-11-28,29.04302215576172
2018-11-29,28.992361068725586
2018-11-30,29.09963035583496
2018-12-03,29.427438735961914
2018-12-04,28.551315307617188
2018-12-06,28.395511627197266
2018-12-07,27.922107696533203
2018-12-10,28.146825790405273
2018-12-11,28.11985206604004
2018-12-12,27.89813804626465
2018-12-13,27.85318946838379
2018-12-14,27.520605087280273
2018-12-17,27.197010040283203
2018-12-18,27.289897918701172
2018-12-19,27.13109588623047
2018-12-20,26.151315689086914
2018-12-21,26.106372833251953
2018-12-24,25.713863372802734
2018-12-26,27.089147567749023
2018-12-27,27.44270133972168
2018-12-28,27.6044979095459
2018-12-31,27.91012191772461
2019-01-02,27.967044830322266
2019-01-03,27.823226928710938
2019-01-04,27.99701690673828
2019-01-07,28.32659912109375
2019-01-08,28.52435302734375
2019-01-09,28.431468963623047
2019-01-10,28.452444076538086
2019-01-11,28.416486740112305
2019-01-14,28.44944190979004
2019-01-15,28.838956832885742
2019-01-16,28.868925094604492
2019-01-17,28.985774993896484
2019-01-18,29.28240394592285
2019-01-22,29.210493087768555
2019-01-23,29.57603645324707
2019-01-24,29.47116470336914
2019-01-25,29.045696258544922
2019-01-28,29.08165740966797
2019-01-29,28.976781845092773
2019-01-30,28.40450668334961
2019-01-31,28.713119506835938
2019-02-01,28.122854232788086
2019-02-04,28.395511627197266
2019-02-05,28.644203186035156
2019-02-06,28.656185150146484
2019-02-07,28.982772827148438
2019-02-08,28.638208389282227
2019-02-11,28.82398223876953
2019-02-12,29.054689407348633
2019-02-13,29.34532356262207
2019-02-14,29.519115447998047
2019-02-15,29.959552764892578
2019-02-19,30.621728897094727
2019-02-20,29.926593780517578
2019-02-21,29.779788970947266
2019-02-22,29.827714920043945
2019-02-25,29.69888687133789
2019-02-26,29.570045471191406
2019-02-27,29.396265029907227
2019-02-28,29.659934997558594
2019-03-01,29.342334747314453
2019-03-04,29.318363189697266
2019-03-05,29.465171813964844
2019-03-06,29.441205978393555
2019-03-07,29.19850730895996
2019-03-08,29.240455627441406
2019-03-11,29.50712013244629
2019-03-12,29.474172592163086
2019-03-13,29.671913146972656
2019-03-14,29.587575912475586
2019-03-15,29.647817611694336
2019-03-18,30.021358489990234
2019-03-19,30.078588485717773
2019-03-20,29.714092254638672
2019-03-21,29.840608596801758
2019-03-22,29.605642318725586
2019-03-25,29.5725040435791
2019-03-26,29.617691040039062
2019-03-27,29.28331756591797
2019-03-28,29.25922393798828
2019-03-29,29.379714965820312
2019-04-01,29.467073440551758
2019-04-02,29.201984405517578
2019-04-03,29.277301788330078
2019-04-04,29.55443572998047
2019-04-05,29.771324157714844
2019-04-08,29.89181900024414
2019-04-09,29.72915267944336
2019-04-10,30.003280639648438
2019-04-11,30.364761352539062
2019-04-12,30.593698501586914
2019-04-15,30.85577964782715
2019-04-16,31.006404876708984
2019-04-17,31.075693130493164
2019-04-18,31.081707000732422
2019-04-22,30.83770751953125
2019-04-23,31.048574447631836
2019-04-24,31.187143325805664
2019-04-25,31.18412971496582
2019-04-26,30.584671020507812
2019-04-29,30.593698501586914
2019-04-30,30.979291915893555
2019-05-01,30.533462524414062
2019-05-02,30.470203399658203
2019-05-03,30.750350952148438
2019-05-06,30.86481475830078
2019-05-07,30.515382766723633
2019-05-08,30.214147567749023
2019-05-09,30.144489288330078
2019-05-10,30.862220764160156
2019-05-13,30.250476837158203
2019-05-14,30.371631622314453
2019-05-15,30.247455596923828
2019-05-16,30.680519104003906
2019-05-17,30.54423713684082
2019-05-20,30.744110107421875
2019-05-21,30.622983932495117
2019-05-22,30.95912742614746
2019-05-23,30.847082138061523
2019-05-24,31.09238052368164
2019-05-28,31.016666412353516
2019-05-29,30.92580795288086
2019-05-30,30.947011947631836
2019-05-31,30.719886779785156
2019-06-03,30.877365112304688
2019-06-04,31.05906105041504
2019-06-05,31.62233543395996
2019-06-06,31.831298828125
2019-06-07,32.11899948120117
2019-06-10,32.561134338378906
2019-06-11,32.68832778930664
2019-06-12,32.954830169677734
2019-06-13,32.90334701538086
2019-06-14,33.03055191040039
2019-06-17,33.05779266357422
2019-06-18,33.20619201660156
2019-06-19,33.197105407714844
2019-06-20,33.40909194946289
2019-06-21,33.654388427734375
2019-06-24,33.68769836425781
2019-06-25,33.530216217041016
2019-06-26,33.360633850097656
2019-06-27,33.34246063232422
2019-06-28,33.46056365966797
2019-07-01,33.499935150146484
2019-07-02,33.79671859741211
2019-07-03,34.01476287841797
2019-07-05,33.91179656982422
2019-07-08,34.13589859008789
2019-07-09,34.18435287475586
2019-07-10,34.21463394165039
2019-07-11,34.49930191040039
2019-07-12,34.70523452758789
2019-07-15,34.82032012939453
2019-07-16,34.75368118286133
2019-07-17,34.70523452758789
2019-07-18,34.7415771484375
2019-07-19,34.49324417114258
2019-07-22,34.16618728637695
2019-07-23,33.945106506347656
2019-07-24,33.917842864990234
2019-07-25,33.98448181152344
2019-07-26,34.226741790771484
2019-07-29,33.99961853027344
2019-07-30,33.93601989746094
2019-07-31,33.427249908447266
2019-08-01,33.12443161010742
2019-08-02,33.13047409057617
2019-08-05,32.04631042480469
2019-08-06,32.48543167114258
2019-08-07,32.767066955566406
2019-08-08,33.0257568359375
2019-08-09,32.64837646484375
2019-08-12,32.02146530151367
2019-08-13,32.68794250488281
2019-08-14,32.3197021484375
2019-08-15,34.29479217529297
2019-08-16,34.3860969543457
2019-08-19,34.635650634765625
2019-08-20,34.10002899169922
2019-08-21,34.090885162353516
2019-08-22,34.05742645263672
2019-08-23,33.72874450683594
2019-08-26,34.0817756652832
2019-08-27,34.2126350402832
2019-08-28,34.303932189941406
2019-08-29,34.71780776977539
2019-08-30,34.77259063720703
2019-09-03,34.88824462890625
2019-09-04,35.27473449707031
2019-09-05,35.1317138671875
2019-09-06,34.91563034057617
2019-09-09,35.40254592895508
2019-09-10,35.31734848022461
2019-09-11,35.3082275390625
2019-09-12,35.58209991455078
2019-09-13,35.73732376098633
2019-09-16,35.17127227783203
2019-09-17,35.45733642578125
2019-09-18,35.65514373779297
2019-09-19,35.63993453979492
2019-09-20,35.600364685058594
2019-09-23,35.795143127441406
2019-09-24,36.03251647949219
2019-09-25,36.053829193115234
2019-09-26,36.00209045410156
2019-09-27,36.0477294921875
2019-09-30,36.11772918701172
2019-10-01,35.865135192871094
2019-10-02,35.33863830566406
2019-10-03,35.39646911621094
2019-10-04,35.95946502685547
2019-10-07,35.67644119262695
2019-10-08,35.78296661376953
2019-10-09,36.19382095336914
2019-10-10,36.4007568359375
2019-10-11,36.59248352050781
2019-10-14,36.266849517822266
2019-10-15,36.37642288208008
2019-10-16,36.34293746948242
2019-10-17,36.47075653076172
2019-10-18,36.25771713256836
2019-10-21,36.440311431884766
2019-10-22,36.391632080078125
2019-10-23,36.321632385253906
2019-10-24,36.245540618896484
2019-10-25,36.22727966308594
2019-10-28,36.282073974609375
2019-10-29,35.6521110534668
2019-10-30,35.941219329833984
2019-10-31,35.68557357788086
2019-11-01,35.795143127441406
2019-11-04,35.77992248535156
2019-11-05,36.17250061035156
2019-11-06,36.36726760864258
2019-11-07,36.58943557739258
2019-11-08,36.3490104675293
2019-11-11,36.22727966308594
2019-11-12,36.25163650512695
2019-11-13,36.817691802978516
2019-11-14,36.717254638671875
2019-11-15,36.17555236816406
2019-11-18,36.595523834228516
2019-11-19,36.485965728759766
2019-11-20,36.25467300415039
2019-11-21,36.47683334350586
2019-11-22,36.32468032836914
2019-11-25,36.19076919555664
2019-11-26,36.2729377746582
2019-11-27,36.1420783996582
2019-11-29,36.24250030517578
2019-12-02,36.30032730102539
2019-12-03,36.114681243896484
2019-12-04,36.12077713012695
2019-12-05,36.273616790771484
2019-12-06,36.615997314453125
2019-12-09,36.487613677978516
2019-12-10,36.42034912109375
2019-12-11,36.37755584716797
2019-12-12,36.60988235473633
2019-12-13,36.77190399169922
2019-12-16,36.84832763671875
2019-12-17,37.07452392578125
2019-12-18,36.64044952392578
2019-12-19,36.707706451416016
2019-12-20,36.77190399169922
2019-12-23,36.38671875
2019-12-24,36.5334587097168
2019-12-26,36.536521911621094
2019-12-27,36.55791473388672
2019-12-30,36.49982833862305
2019-12-31,36.328643798828125
2020-01-02,36.35920715332031
2020-01-03,36.038230895996094
2020-01-06,35.964881896972656
2020-01-07,35.63166046142578
2020-01-08,35.50938415527344
2020-01-09,35.876224517822266
2020-01-10,35.57662582397461
2020-01-13,35.423789978027344
2020-01-14,35.515506744384766
2020-01-15,35.24037170410156
2020-01-16,35.429893493652344
2020-01-17,35.142547607421875
2020-01-21,35.33513259887695
2020-01-22,35.49103927612305
2020-01-23,35.402381896972656
2020-01-24,34.96220397949219
2020-01-27,35.417667388916016
2020-01-28,35.643890380859375
2020-01-29,35.426841735839844
2020-01-30,35.63777542114258
2020-01-31,34.99886703491211
2020-02-03,34.93162155151367
2020-02-04,35.237308502197266
2020-02-05,35.70808792114258
2020-02-06,35.55523681640625
2020-02-07,35.59803009033203
2020-02-10,35.2312126159668
2020-02-11,35.27706527709961
2020-02-12,35.41461944580078
2020-02-13,35.90066909790039
2020-02-14,36.038230895996094
2020-02-18,36.570133209228516
2020-02-19,35.974029541015625
2020-02-20,35.97710418701172
2020-02-21,36.24916458129883
2020-02-24,35.55830001831055
2020-02-25,34.96831130981445
2020-02-26,34.78182601928711
2020-02-27,33.74859619140625
2020-02-28,32.9171028137207
2020-03-02,35.423789978027344
2020-03-03,34.51588439941406
2020-03-04,35.695858001708984
2020-03-05,35.43601608276367
2020-03-06,35.836463928222656
2020-03-09,35.81507110595703
2020-03-10,36.619049072265625
2020-03-11,34.98052978515625
2020-03-12,31.80743408203125
2020-03-13,34.879661560058594
2020-03-16,32.635860443115234
2020-03-17,36.45703887939453
2020-03-18,37.47193908691406
2020-03-19,36.67668914794922
2020-03-20,34.99407958984375
2020-03-23,35.089263916015625
2020-03-24,35.319541931152344
2020-03-25,33.59086990356445
2020-03-26,33.71983337402344
2020-03-27,33.64614486694336
2020-03-30,35.36866760253906
2020-03-31,34.88660430908203
2020-04-01,35.0462760925293
2020-04-02,36.43104553222656
2020-04-03,36.68589782714844
2020-04-06,38.70933532714844
2020-04-07,37.456581115722656
2020-04-08,37.41053009033203
2020-04-09,37.39824676513672
2020-04-13,38.472904205322266
2020-04-14,39.60898208618164
2020-04-15,39.53528594970703
2020-04-16,40.63144302368164
2020-04-17,40.566959381103516
2020-04-20,39.86996841430664
2020-04-21,39.673465728759766
2020-04-22,40.404239654541016
2020-04-23,39.464664459228516
2020-04-24,39.74407958984375
2020-04-27,39.394046783447266
2020-04-28,39.30193328857422
2020-04-29,37.950931549072266
2020-04-30,37.32149124145508
2020-05-01,37.74213790893555
2020-05-04,37.98162841796875
2020-05-05,38.29788589477539
2020-05-06,37.85881423950195
2020-05-07,37.590511322021484
2020-05-08,37.91432571411133
2020-05-11,38.13945007324219
2020-05-12,38.17338180541992
2020-05-13,38.15179443359375
2020-05-14,38.06235885620117
2020-05-15,38.839515686035156
2020-05-18,39.369972229003906
2020-05-19,38.53420639038086
2020-05-20,38.68840026855469
2020-05-21,38.54654312133789
2020-05-22,38.342994689941406
2020-05-26,38.198055267333984
2020-05-27,37.7724609375
2020-05-28,38.1456298828125
2020-05-29,38.25973892211914
2020-06-01,38.22890090942383
2020-06-02,38.22272491455078
2020-06-03,38.07777786254883
2020-06-04,37.65835952758789
2020-06-05,37.48874282836914
2020-06-08,37.390045166015625
2020-06-09,37.423973083496094
2020-06-10,37.36537551879883
2020-06-11,37.0353889465332
2020-06-12,36.3106689453125
2020-06-15,36.41551971435547
2020-06-16,36.89970397949219
2020-06-17,36.708492279052734
2020-06-18,36.387760162353516
2020-06-19,36.96139144897461
2020-06-22,37.5257568359375
2020-06-23,37.337623596191406
2020-06-24,37.10014724731445
2020-06-25,36.91820526123047
2020-06-26,36.48952865600586
2020-06-29,36.71775436401367
2020-06-30,36.939796447753906
2020-07-01,36.91202926635742
2020-07-02,36.764007568359375
2020-07-06,36.66532897949219
2020-07-07,39.1510009765625
2020-07-08,38.37691879272461
2020-07-09,39.39771270751953
2020-07-10,40.30133056640625
2020-07-13,39.94357681274414
2020-07-14,40.711483001708984
2020-07-15,40.708404541015625
2020-07-16,40.770076751708984
2020-07-17,40.62822723388672
2020-07-20,40.544952392578125
2020-07-21,40.81017303466797
2020-07-22,40.91195297241211
2020-07-23,40.59738540649414
2020-07-24,40.474029541015625
2020-07-27,40.46477127075195
2020-07-28,40.63439178466797
2020-07-29,40.30440139770508
2020-07-30,40.128623962402344
2020-07-31,39.906578063964844
2020-08-03,39.875732421875
2020-08-04,40.59738540649414
2020-08-05,40.03300857543945
2020-08-06,39.89115524291992
2020-08-07,40.08236312866211
2020-08-10,40.671390533447266
2020-08-11,40.15328598022461
2020-08-12,40.67448425292969
2020-08-13,40.829307556152344
2020-08-14,41.06156539916992
2020-08-17,41.99055480957031
2020-08-18,41.7149543762207
2020-08-19,41.00271987915039
2020-08-20,40.43293762207031
2020-08-21,40.76118469238281
2020-08-24,40.668296813964844
2020-08-25,40.451515197753906
2020-08-26,40.473201751708984
2020-08-27,42.309505462646484
2020-08-28,43.44596862792969
2020-08-31,42.99695587158203
2020-09-01,45.70344161987305
2020-09-02,45.73131561279297
2020-09-03,44.75895690917969
2020-09-04,44.229434967041016
2020-09-08,42.87310028076172
2020-09-09,43.31901931762695
2020-09-10,42.3652458190918
2020-09-11,42.33118438720703
2020-09-14,42.52317428588867
2020-09-15,42.53557205200195
2020-09-16,42.19492721557617
2020-09-17,42.32809066772461
2020-09-18,41.89455032348633
2020-09-21,42.445762634277344
2020-09-22,42.829742431640625
2020-09-23,42.111331939697266
2020-09-24,42.33118438720703
2020-09-25,42.50769805908203
2020-09-28,42.50151062011719
2020-09-29,42.46743392944336
2020-09-30,43.3252067565918
2020-10-01,44.306861877441406
2020-10-02,43.50790786743164
2020-10-05,43.910484313964844
2020-10-06,43.54816436767578
2020-10-07,43.62867736816406
2020-10-08,43.774227142333984
2020-10-09,44.21395492553711
2020-10-12,44.669151306152344
2020-10-13,45.28230285644531
2020-10-14,44.573158264160156
2020-10-15,44.75586700439453
2020-10-16,44.81159973144531
2020-10-19,44.26659393310547
2020-10-20,44.56078338623047
2020-10-21,44.71560287475586
2020-10-22,44.452388763427734
2020-10-23,44.5452880859375
2020-10-26,44.02195739746094
2020-10-27,44.2418212890625
2020-10-28,43.365474700927734
2020-10-29,43.32829666137695
2020-10-30,42.96599197387695
2020-11-02,43.47693634033203
2020-11-03,44.21395492553711
2020-11-04,43.960018157958984
2020-11-05,44.427616119384766
2020-11-06,45.13984298706055
2020-11-09,44.44928741455078
2020-11-10,45.0748176574707
2020-11-11,45.8242073059082
2020-11-12,45.9016227722168
2020-11-13,46.61695098876953
2020-11-16,47.2053108215332
2020-11-17,46.254642486572266
2020-11-18,46.16792678833008
2020-11-19,47.106224060058594
2020-11-20,46.52405548095703
2020-11-23,46.73772048950195
2020-11-24,46.870880126953125
2020-11-25,47.01641082763672
2020-11-27,46.945186614990234
2020-11-30,47.31369400024414
2020-12-01,47.26725769042969
2020-12-02,46.61075210571289
2020-12-03,46.232967376708984
2020-12-04,46.11219024658203
2020-12-07,45.864463806152344
2020-12-08,46.279415130615234
2020-12-09,45.914005279541016
2020-12-10,45.699554443359375
2020-12-11,45.68712615966797
2020-12-14,45.26755142211914
2020-12-15,45.245792388916016
2020-12-16,45.19918441772461
2020-12-17,45.40741729736328
2020-12-18,45.36079788208008
2020-12-21,45.367008209228516
2020-12-22,44.81689453125
2020-12-23,44.51231002807617
2020-12-24,44.599327087402344
2020-12-28,45.133907318115234
2020-12-29,44.84797668457031
2020-12-30,44.81068420410156
2020-12-31,44.801361083984375
2021-01-04,45.54105758666992
2021-01-05,45.29863357543945
2021-01-06,45.581459045410156
2021-01-07,45.57835388183594
2021-01-08,45.5721321105957
2021-01-11,45.77725601196289
2021-01-12,46.29939651489258
2021-01-13,45.82698059082031
2021-01-14,45.677818298339844
2021-01-15,44.95364761352539
2021-01-19,44.56515121459961
2021-01-20,45.22404098510742
2021-01-21,45.01891326904297
2021-01-22,45.478904724121094
2021-01-25,45.4384880065918
2021-01-26,45.84562683105469
2021-01-27,44.70500946044922
2021-01-28,44.677040100097656
2021-01-29,43.66384506225586
2021-02-01,43.28466033935547
2021-02-02,43.75086212158203
2021-02-03,43.88450622558594
2021-02-04,44.297874450683594
2021-02-05,44.86663055419922
2021-02-08,45.074859619140625
2021-02-09,45.32350540161133
2021-02-10,44.79513931274414
2021-02-11,44.76095962524414
2021-02-12,44.90081787109375
2021-02-16,45.27066421508789
2021-02-17,45.74928665161133
2021-02-18,42.78427505493164
2021-02-19,42.995635986328125
2021-02-22,42.79361343383789
2021-02-23,42.103641510009766
2021-02-24,41.4012451171875
2021-02-25,41.00963592529297
2021-02-26,40.378719329833984
2021-03-01,40.82937240600586
2021-03-02,40.437767028808594
2021-03-03,39.654563903808594
2021-03-04,39.63591384887695
2021-03-05,40.13008117675781
2021-03-08,39.74468994140625
2021-03-09,40.05859375
2021-03-10,41.08111572265625
2021-03-11,41.065574645996094
2021-03-12,41.68407440185547
2021-03-15,41.4696159362793
2021-03-16,41.45718002319336
2021-03-17,41.11219787597656
2021-03-18,40.575401306152344
2021-03-19,41.11531448364258
2021-03-22,41.31193923950195
2021-03-23,41.80192565917969
2021-03-24,41.54289245605469
2021-03-25,41.82378005981445
2021-03-26,42.173316955566406
2021-03-29,42.6539421081543
2021-03-30,42.36370086669922
2021-03-31,42.39179229736328
2021-04-01,42.32625198364258
2021-04-05,43.51532745361328
2021-04-06,43.724430084228516
2021-04-07,43.630802154541016
2021-04-08,43.60271453857422
2021-04-09,43.62455749511719
2021-04-12,43.630802154541016
2021-04-13,43.49659729003906
2021-04-14,43.48099899291992
2021-04-15,43.743160247802734
2021-04-16,43.88359832763672
2021-04-19,43.60271453857422
2021-04-20,43.93977355957031
2021-04-21,44.0677375793457
2021-04-22,43.59023666381836
2021-04-23,43.66200637817383
2021-04-26,43.04094696044922
2021-04-27,43.187625885009766
2021-04-28,43.03469467163086
2021-04-29,43.57773971557617
2021-04-30,43.66513442993164
2021-05-03,44.354854583740234
2021-05-04,43.917938232421875
2021-05-05,43.8804817199707
2021-05-06,44.193790435791016
2021-05-07,43.92748260498047
2021-05-10,44.12173843383789
2021-05-11,43.72380828857422
2021-05-12,42.59272003173828
2021-05-13,43.31337356567383
2021-05-14,43.714420318603516
2021-05-17,43.517024993896484
2021-05-18,44.463253021240234
2021-05-19,44.46638870239258
2021-05-20,44.623046875
2021-05-21,44.413116455078125
2021-05-24,44.416259765625
2021-05-25,44.59798049926758
2021-05-26,44.54471206665039
2021-05-27,44.394317626953125
2021-05-28,44.500850677490234
2021-06-01,44.38492202758789
2021-06-02,44.28779220581055
2021-06-03,44.36612319946289
2021-06-04,44.44445037841797
2021-06-07,44.14680099487305
2021-06-08,43.81154251098633
2021-06-09,43.5765495300293
2021-06-10,43.82721710205078
2021-06-11,44.09980010986328
2021-06-14,44.040260314941406
2021-06-15,43.86481475830078
2021-06-16,42.97184371948242
2021-06-17,43.15043640136719
2021-06-18,42.35148239135742
2021-06-21,42.736854553222656
2021-06-22,42.93424606323242
2021-06-23,42.5989990234375
2021-06-24,42.89665222167969
2021-06-25,43.40423583984375
2021-06-28,43.26949691772461
2021-06-29,43.01884841918945
2021-06-30,44.184391021728516
2021-07-01,43.6517448425293
2021-07-02,43.89927673339844
2021-07-06,43.84600830078125
2021-07-07,43.77395248413086
2021-07-08,43.73635482788086
2021-07-09,43.95879364013672
2021-07-12,43.88047790527344
2021-07-13,44.046539306640625
2021-07-14,44.35045623779297
2021-07-15,44.38492202758789
2021-07-16,44.35358428955078
2021-07-19,44.25019836425781
2021-07-20,44.450721740722656
2021-07-21,44.23139572143555
2021-07-22,44.26272964477539
2021-07-23,44.62617874145508
2021-07-26,44.6888427734375
2021-07-27,44.69197463989258
2021-07-28,44.51025390625
2021-07-29,44.566646575927734
2021-07-30,44.663780212402344
2021-08-02,44.56037521362305
2021-08-03,45.06168746948242
2021-08-04,44.75464630126953
2021-08-05,45.58493423461914
2021-08-06,45.50347137451172
2021-08-09,45.61313247680664
2021-08-10,46.584434509277344
2021-08-11,47.00114440917969
2021-08-12,46.8753547668457
2021-08-13,47.023162841796875
2021-08-16,47.40681076049805
2021-08-17,47.39108657836914
2021-08-18,46.887935638427734
2021-08-19,47.20555114746094
2021-08-20,47.62694549560547
2021-08-23,47.312469482421875
2021-08-24,46.825035095214844
2021-08-25,46.843910217285156
2021-08-26,46.33761215209961
2021-08-27,46.07659912109375
2021-08-30,46.44765853881836
2021-08-31,46.573463439941406
2021-09-01,46.47282409667969
2021-09-02,46.71812057495117
2021-09-03,46.93510818481445
2021-09-07,46.31245040893555
2021-09-08,46.37220001220703
2021-09-09,46.0451545715332
2021-09-10,45.878475189208984
2021-09-13,45.61746597290039
2021-09-14,45.37845993041992
2021-09-15,45.45707702636719
2021-09-16,45.608036041259766
2021-09-17,45.5136833190918
2021-09-20,44.887882232666016
2021-09-21,44.97593688964844
2021-09-22,44.872154235839844
2021-09-23,44.89731216430664
2021-09-24,45.02310562133789
2021-09-27,44.73379898071289
2021-09-28,44.18345260620117
2021-09-29,44.16460037231445
2021-09-30,43.83124923706055
2021-10-01,43.09853744506836
2021-10-04,42.68342590332031
2021-10-05,42.96330261230469
2021-10-06,43.27778244018555
2021-10-07,43.7872314453125
2021-10-08,43.919315338134766
2021-10-11,43.87842559814453
2021-10-12,43.83124923706055
2021-10-13,43.51362991333008
2021-10-14,43.985347747802734
2021-10-15,44.199180603027344
2021-10-18,44.55453872680664
2021-10-19,45.5011100769043
2021-10-20,45.91305923461914
2021-10-21,46.16779708862305
2021-10-22,46.64893341064453
2021-10-25,47.189823150634766
2021-10-26,46.77786636352539
2021-10-27,46.39421081542969
2021-10-28,46.683528900146484
2021-10-29,46.988555908203125
2021-11-01,47.104923248291016
2021-11-02,47.082916259765625
2021-11-03,47.22755813598633
2021-11-04,47.57347869873047
2021-11-05,47.2432861328125
2021-11-08,46.9413948059082
2021-11-09,47.104923248291016
2021-11-10,46.680381774902344
2021-11-11,46.69924545288086
2021-11-12,46.46653366088867
2021-11-15,46.19923782348633
2021-11-16,45.02310562133789
2021-11-17,44.63630676269531
2021-11-18,45.01996994018555
2021-11-19,44.77781295776367
2021-11-22,45.52940368652344
2021-11-23,45.85331344604492
2021-11-24,46.08289337158203
2021-11-26,45.567142486572266
2021-11-29,44.853294372558594
2021-11-30,44.2243537902832
2021-12-01,43.126834869384766
2021-12-02,42.601661682128906
2021-12-03,43.24319076538086
2021-12-06,43.711753845214844
2021-12-07,43.57024002075195
2021-12-08,43.129974365234375
2021-12-09,43.72989273071289
2021-12-10,44.528690338134766
2021-12-13,45.33067321777344
2021-12-14,45.76324462890625
2021-12-15,46.025306701660156
2021-12-16,45.25806427001953
2021-12-17,43.808815002441406
2021-12-20,43.95090103149414
2021-12-21,44.083526611328125
2021-12-22,44.14033508300781
2021-12-23,44.04246139526367
2021-12-27,44.44345474243164
2021-12-28,45.08124923706055
2021-12-29,45.05915069580078
2021-12-30,45.204383850097656
2021-12-31,45.6843147277832
2022-01-03,45.671688079833984
2022-01-04,44.83496856689453
2022-01-05,45.44118881225586
2022-01-06,45.31489562988281
2022-01-07,45.74745559692383
2022-01-10,45.659053802490234
2022-01-11,45.529598236083984
2022-01-12,45.28963088989258
2022-01-13,45.93058395385742
2022-01-14,45.8011360168457
2022-01-18,44.99916076660156
2022-01-19,45.447513580322266
2022-01-20,44.58869552612305
2022-01-21,44.263484954833984
2022-01-24,44.26664733886719
2022-01-25,43.30363082885742
2022-01-26,42.86159896850586
2022-01-27,42.89002227783203
2022-01-28,43.420467376708984
2022-01-31,44.14350509643555
2022-02-01,44.490821838378906
2022-02-02,44.47187042236328
2022-02-03,44.51607131958008
2022-02-04,43.9919548034668
2022-02-07,43.559391021728516
2022-02-08,43.568851470947266
2022-02-09,43.4741325378418
2022-02-10,42.96579360961914
2022-02-11,42.72899627685547
2022-02-14,42.293277740478516
2022-02-15,42.42587661743164
2022-02-16,42.16066360473633
2022-02-17,43.8498649597168
2022-02-18,43.568851470947266
2022-02-22,43.08261489868164
2022-02-23,42.64057922363281
2022-02-24,42.476402282714844
2022-02-25,43.06051254272461
2022-02-28,42.675323486328125
2022-03-01,42.93738555908203
2022-03-02,42.991050720214844
2022-03-03,43.97932052612305
2022-03-04,45.0938720703125
2022-03-07,44.73077392578125
2022-03-08,43.805660247802734
2022-03-09,44.03299331665039
2022-03-10,45.03388595581055
2022-03-11,44.8570671081543
2022-03-14,45.482242584228516
2022-03-15,46.028465270996094
2022-03-16,45.89269256591797
2022-03-17,45.962432861328125
2022-03-18,46.09872055053711
2022-03-21,45.7152099609375
2022-03-22,45.57890319824219
2022-03-23,44.992530822753906
2022-03-24,45.271453857421875
2022-03-25,45.46797180175781
2022-03-28,46.27621078491211
2022-03-29,46.666080474853516
2022-03-30,47.50285720825195
2022-03-31,47.201744079589844
2022-04-01,47.864192962646484
2022-04-04,47.87369155883789
2022-04-05,48.0099983215332
2022-04-06,49.125701904296875
2022-04-07,49.61698532104492
2022-04-08,49.892738342285156
2022-04-11,48.90382385253906
2022-04-12,48.56785583496094
2022-04-13,49.83251953125
2022-04-14,49.78813934326172
2022-04-18,49.40778732299805
2022-04-19,49.968807220458984
2022-04-20,50.59638595581055
2022-04-21,50.67246627807617
2022-04-22,49.71840286254883
2022-04-25,49.74375915527344
2022-04-26,49.22394943237305
2022-04-27,48.887977600097656
2022-04-28,49.512386322021484
2022-04-29,48.49177551269531
2022-05-02,48.17164611816406
2022-05-03,48.339630126953125
2022-05-04,49.00841522216797
2022-05-05,48.58851623535156
2022-05-06,47.57691955566406
2022-05-09,48.13361740112305
2022-05-10,47.456031799316406
2022-05-11,46.95977783203125
2022-05-12,46.91524124145508
2022-05-13,47.0965576171875
2022-05-16,47.1474609375
2022-05-17,41.784088134765625
2022-05-18,38.9465217590332
2022-05-19,37.87766647338867
2022-05-20,37.91901397705078
2022-05-23,39.00060272216797
2022-05-24,39.48731231689453
2022-05-25,39.24554443359375
2022-05-26,40.082183837890625
2022-05-27,40.87110900878906
2022-05-31,40.9188232421875
2022-06-01,39.907222747802734
2022-06-02,40.56253433227539
2022-06-03,39.86586380004883
2022-06-06,39.72270584106445
2022-06-07,39.24554443359375
2022-06-08,38.90516662597656
2022-06-09,38.49797821044922
2022-06-10,38.714298248291016
2022-06-13,37.98582077026367
2022-06-14,38.00173568725586
2022-06-15,37.97627639770508
2022-06-16,38.37074279785156
2022-06-17,37.62953567504883
2022-06-21,38.863807678222656
2022-06-22,38.393009185791016
2022-06-23,39.32508087158203
2022-06-24,39.35688400268555
2022-06-27,39.484134674072266
2022-06-28,38.927433013916016
2022-06-29,38.78428268432617
2022-06-30,38.67612838745117
2022-07-01,39.010135650634766
2022-07-05,39.52548599243164
2022-07-06,39.805419921875
2022-07-07,39.86586380004883
2022-07-08,39.891319274902344
2022-07-11,39.907222747802734
2022-07-12,39.78634262084961
2022-07-13,39.881778717041016
2022-07-14,40.661155700683594
2022-07-15,41.05878829956055
2022-07-18,40.963348388671875
2022-07-19,41.21466827392578
2022-07-20,41.558223724365234
2022-07-21,42.16581726074219
2022-07-22,42.05766296386719
2022-07-25,41.99722671508789
2022-07-26,38.803375244140625
2022-07-27,40.269866943359375
2022-07-28,41.27509689331055
2022-07-29,42.00676345825195
2022-08-01,42.16263961791992
2022-08-02,42.207176208496094
2022-08-03,41.51369094848633
2022-08-04,39.94539260864258
2022-08-05,40.26668930053711
2022-08-08,40.594337463378906
2022-08-09,40.99517059326172
2022-08-10,41.0810546875
2022-08-11,41.47724151611328
2022-08-12,42.24402618408203
2022-08-15,42.365440368652344
2022-08-16,44.528438568115234
2022-08-17,44.57636260986328
2022-08-18,44.43258285522461
2022-08-19,43.777610778808594
2022-08-22,42.99484634399414
2022-08-23,42.8127326965332
2022-08-24,43.122642517089844
2022-08-25,43.41020202636719
2022-08-26,42.04594421386719
2022-08-29,42.454898834228516
2022-08-30,42.32708740234375
2022-08-31,42.349464416503906
2022-09-01,42.96609878540039
2022-09-02,42.49323654174805
2022-09-06,42.28237533569336
2022-09-07,43.36865997314453
2022-09-08,43.589115142822266
2022-09-09,43.72010803222656
2022-09-12,44.11309051513672
2022-09-13,43.2025146484375
2022-09-14,43.10667037963867
2022-09-15,42.643409729003906
2022-09-16,42.55393981933594
2022-09-19,42.91817092895508
2022-09-20,42.66896438598633
2022-09-21,43.05874252319336
2022-09-22,42.61784362792969
2022-09-23,41.55391311645508
2022-09-26,41.95328903198242
2022-09-27,41.8382682800293
2022-09-28,42.52838134765625
2022-09-29,42.253604888916016
2022-09-30,41.43889617919922
2022-10-03,42.343074798583984
2022-10-04,42.89260482788086
2022-10-05,42.46767807006836
2022-10-06,42.07149887084961
2022-10-07,41.07466125488281
2022-10-10,41.3174934387207
2022-10-11,42.38780212402344
2022-10-12,41.90855407714844
2022-10-13,42.2631950378418
2022-10-14,41.672119140625
2022-10-17,41.97245407104492
2022-10-18,42.85746765136719
2022-10-19,42.736053466796875
2022-10-20,42.84148406982422
2022-10-21,43.70732879638672
2022-10-24,44.54121780395508
2022-10-25,44.75209426879883
2022-10-26,45.09394836425781
2022-10-27,44.96296310424805
2022-10-28,45.531654357910156
2022-10-31,45.474159240722656
2022-11-01,45.269676208496094
2022-11-02,44.9693489074707
2022-11-03,44.95976257324219
2022-11-04,45.039634704589844
2022-11-07,45.51250076293945
2022-11-08,45.621124267578125
2022-11-09,44.56039047241211
2022-11-10,45.483741760253906
2022-11-11,45.55402374267578
2022-11-14,44.215335845947266
2022-11-15,47.10679244995117
2022-11-16,47.445457458496094
2022-11-17,47.28570556640625
2022-11-18,47.99818801879883
2022-11-21,48.2921142578125
2022-11-22,48.464656829833984
2022-11-23,48.69789123535156
2022-11-25,48.90556716918945
2022-11-28,49.04613494873047
2022-11-29,48.87361145019531
2022-11-30,48.69789123535156
2022-12-01,49.00142288208008
2022-12-02,48.95348358154297
2022-12-05,48.451866149902344
2022-12-06,47.889556884765625
2022-12-07,47.640350341796875
2022-12-08,47.714115142822266
2022-12-09,46.60127639770508
2022-12-12,47.47037124633789
2022-12-13,47.3004035949707
2022-12-14,47.03742599487305
2022-12-15,46.6173095703125
2022-12-16,45.78028106689453
2022-12-19,45.796302795410156
2022-12-20,46.19719314575195
2022-12-21,46.5595817565918
2022-12-22,46.0143928527832
2022-12-23,46.107391357421875
2022-12-27,46.12023162841797
2022-12-28,45.312049865722656
2022-12-29,45.58785629272461
2022-12-30,45.472408294677734
2023-01-03,46.05287170410156
2023-01-04,46.104183197021484
2023-01-05,45.94704818725586
2023-01-06,47.07270812988281
2023-01-09,46.48582458496094
2023-01-10,46.45695877075195
2023-01-11,46.86425018310547
2023-01-12,46.4409294128418
2023-01-13,46.59486389160156
2023-01-17,46.3126335144043
2023-01-18,45.16773986816406
2023-01-19,44.52313232421875
2023-01-20,45.0715217590332
2023-01-23,45.744998931884766
2023-01-24,45.86686325073242
2023-01-25,45.6487922668457
2023-01-26,45.60708999633789
2023-01-27,45.956661224365234
2023-01-30,45.58785629272461
2023-01-31,46.139461517333984
2023-02-01,46.396018981933594
2023-02-02,46.05928039550781
2023-02-03,45.44675064086914
2023-02-06,45.11642837524414
2023-02-07,45.2126350402832
2023-02-08,44.96889877319336
2023-02-09,45.38580322265625
2023-02-10,46.09136199951172
2023-02-13,46.793697357177734
2023-02-14,46.65900421142578
2023-02-15,47.0053596496582
2023-02-16,46.26774597167969
2023-02-17,46.96366882324219
2023-02-21,47.24909591674805
2023-02-22,46.25812530517578
2023-02-23,45.56861877441406
2023-02-24,45.69047546386719
2023-02-27,45.36015701293945
2023-02-28,45.58143997192383
2023-03-01,44.94645690917969
2023-03-02,45.05869674682617
2023-03-03,45.113224029541016
2023-03-06,45.1068000793457
2023-03-07,44.65781784057617
2023-03-08,44.28901290893555
2023-03-09,43.990760803222656
2023-03-10,43.92661666870117
2023-03-13,44.054893493652344
2023-03-14,44.28901290893555
2023-03-15,44.78289031982422
2023-03-16,44.52849578857422
2023-03-17,44.889156341552734
2023-03-20,45.3721809387207
2023-03-21,45.217613220214844
2023-03-22,44.92780303955078
2023-03-23,45.29167938232422
2023-03-24,45.6619987487793
2023-03-27,46.4251823425293
2023-03-28,46.24484634399414
2023-03-29,46.444496154785156
2023-03-30,46.908203125
2023-03-31,47.48139572143555
2023-04-03,47.88069534301758
2023-04-04,47.410552978515625
2023-04-05,48.19626235961914
2023-04-06,48.56014633178711
2023-04-10,48.46676254272461
2023-04-11,48.3250732421875
2023-04-12,48.09000015258789
2023-04-13,48.1383056640625
2023-04-14,47.81306076049805
2023-04-17,48.1479606628418
2023-04-18,48.254234313964844
2023-04-19,48.305763244628906
2023-04-20,48.614898681640625
2023-04-21,48.8596305847168
2023-04-24,49.19130325317383
2023-04-25,48.808101654052734
2023-04-26,48.59557342529297
2023-04-27,48.746917724609375
2023-04-28,48.614898681640625
2023-05-01,48.814544677734375
2023-05-02,48.68251419067383
2023-05-03,48.502197265625
2023-05-04,48.637943267822266
2023-05-05,49.05815124511719
2023-05-08,49.365238189697266
2023-05-09,49.44927978515625
2023-05-10,49.31028747558594
2023-05-11,49.494529724121094
2023-05-12,49.47837448120117
2023-05-15,49.093711853027344
2023-05-16,48.41490936279297
2023-05-17,48.33409881591797
2023-05-18,48.96118927001953
2023-05-19,48.45693588256836
2023-05-22,48.03025436401367
2023-05-23,47.939754486083984
2023-05-24,47.719947814941406
2023-05-25,47.244781494140625
2023-05-26,47.32882308959961
2023-05-30,47.21245574951172
2023-05-31,47.47428894042969
2023-06-01,47.64883041381836
2023-06-02,48.10460662841797
2023-06-05,48.4213752746582
2023-06-06,48.41490936279297
2023-06-07,48.48602294921875
2023-06-08,49.18745422363281
2023-06-09,49.48482894897461
2023-06-12,49.81131362915039
2023-06-13,50.19920349121094
2023-06-14,50.70668411254883
2023-06-15,50.984676361083984
2023-06-16,50.27354431152344
2023-06-20,49.8306999206543
2023-06-21,49.92767333984375
2023-06-22,50.34465408325195
2023-06-23,50.25091552734375
2023-06-26,50.11838150024414
2023-06-27,49.93737030029297
2023-06-28,50.208900451660156
2023-06-29,49.86948776245117
2023-06-30,50.806888580322266
2023-07-03,51.136592864990234
2023-07-05,51.10749435424805
2023-07-06,50.78425598144531
2023-07-07,49.6141357421875
2023-07-10,50.06343460083008
2023-07-11,49.98908996582031
2023-07-12,50.115150451660156
2023-07-13,49.82099914550781
2023-07-14,49.99231719970703
2023-07-17,50.053741455078125
2023-07-18,49.963233947753906
2023-07-19,49.979393005371094
2023-07-20,50.90385437011719
2023-07-21,51.19154357910156
2023-07-24,51.492156982421875
2023-07-25,51.450138092041016
2023-07-26,51.6343879699707
2023-07-27,51.446903228759766
2023-07-28,51.689334869384766
2023-07-31,51.67316818237305
2023-08-01,51.43073654174805
2023-08-02,51.46630096435547
2023-08-03,51.47923278808594
2023-08-04,51.18185043334961
2023-08-07,51.8768196105957
2023-08-08,51.928524017333984
2023-08-09,52.0125732421875
2023-08-10,51.98662185668945
2023-08-11,52.29154586791992
2023-08-14,51.90228271484375
2023-08-15,51.63629150390625
2023-08-16,51.66223907470703
2023-08-17,50.50416946411133
2023-08-18,51.23079299926758
2023-08-21,51.09455490112305
2023-08-22,50.9323616027832
2023-08-23,51.28593826293945
2023-08-24,50.89342498779297
2023-08-25,51.19511795043945
2023-08-28,51.487060546875
2023-08-29,51.91850280761719
2023-08-30,52.29154586791992
2023-08-31,52.748939514160156
2023-09-01,52.41157531738281
2023-09-05,51.9898681640625
2023-09-06,52.37913513183594
2023-09-07,53.02791213989258
2023-09-08,53.1252326965332
2023-09-11,53.31013488769531
2023-09-12,53.3685188293457
2023-09-13,53.38149642944336
2023-09-14,53.605323791503906
2023-09-15,53.407447814941406
2023-09-18,53.011695861816406
2023-09-19,52.998714447021484
2023-09-20,53.1706428527832
2023-09-21,52.525108337402344
2023-09-22,52.66460037231445
2023-09-25,52.89815902709961
2023-09-26,52.713253021240234
2023-09-27,52.460235595703125
2023-09-28,52.72623062133789
2023-09-29,51.87957763671875
2023-10-02,51.934722900390625
2023-10-03,51.607086181640625
2023-10-04,52.22666931152344
2023-10-05,51.60383987426758
2023-10-06,50.73772430419922
2023-10-09,50.552818298339844
2023-10-10,51.12374496459961
2023-10-11,51.32810974121094
2023-10-12,51.56167221069336
2023-10-13,51.84714126586914
2023-10-16,52.29479217529297
2023-10-17,52.3629150390625
2023-10-18,52.4018440246582
2023-10-19,52.152061462402344
2023-10-20,51.500038146972656
2023-10-23,52.229915618896484
2023-10-24,52.956546783447266
2023-10-25,52.79759979248047
2023-10-26,52.47644805908203
2023-10-27,52.28181457519531
2023-10-30,52.881935119628906
2023-10-31,53.00844955444336
2023-11-01,53.482059478759766
2023-11-02,53.69290542602539
2023-11-03,53.41393280029297
2023-11-06,53.485294342041016
2023-11-07,53.735084533691406
2023-11-08,53.29715347290039
2023-11-09,53.17388153076172
2023-11-10,53.91025161743164
2023-11-13,54.39358901977539
2023-11-14,54.38385009765625
2023-11-15,55.07481384277344
2023-11-16,50.61770248413086
2023-11-17,50.39386749267578
2023-11-20,50.37765121459961
2023-11-21,50.55931091308594
2023-11-22,50.17328643798828
2023-11-24,50.624183654785156
2023-11-27,50.8545036315918
2023-11-28,51.461116790771484
2023-11-29,50.630672454833984
2023-11-30,50.50416946411133
2023-12-01,50.06624221801758
2023-12-04,50.05326843261719
2023-12-05,50.51713943481445
2023-12-06,49.96892547607422
2023-12-07,49.64007568359375
2023-12-08,49.11912155151367
2023-12-11,49.24284744262695
2023-12-12,49.28192138671875
2023-12-13,50.15776062011719
2023-12-14,49.54564666748047
2023-12-15,49.731239318847656
2023-12-18,50.457305908203125
2023-12-19,50.639644622802734
2023-12-20,50.047061920166016
2023-12-21,50.401954650878906
2023-12-22,51.00431442260742
2023-12-26,50.9261589050293
2023-12-27,51.404788970947266
2023-12-28,51.303855895996094
2023-12-29,51.32990264892578
2024-01-02,51.86387634277344
2024-01-03,51.867130279541016
2024-01-04,51.36572265625
2024-01-05,51.02384948730469
2024-01-08,51.52526092529297
2024-01-09,51.870384216308594
2024-01-10,52.51506805419922
2024-01-11,52.45645523071289
2024-01-12,52.52483367919922
2024-01-16,52.69089126586914
2024-01-17,52.44343185424805
2024-01-18,53.14997482299805
2024-01-19,52.86996078491211
2024-01-22,52.87321853637695
2024-01-23,53.006717681884766
2024-01-24,52.25784683227539
2024-01-25,53.019737243652344
2024-01-26,53.48533248901367
2024-01-29,53.73603820800781
2024-01-30,53.91511917114258
2024-01-31,53.80441665649414
2024-02-01,54.80073165893555
2024-02-02,55.21098327636719
2024-02-05,54.914695739746094
2024-02-06,55.28913116455078
2024-02-07,55.14912796020508
2024-02-08,55.1458740234375
2024-02-09,55.11656188964844
2024-02-12,55.448665618896484
2024-02-13,55.07098388671875
2024-02-14,54.89515686035156
2024-02-15,55.11981964111328
2024-02-16,55.468204498291016
2024-02-20,57.258968353271484
2024-02-21,56.55569839477539
2024-02-22,57.112457275390625
2024-02-23,57.16129684448242
2024-02-26,58.21621322631836
2024-02-27,58.206451416015625
2024-02-28,58.235755920410156
2024-02-29,57.249202728271484
2024-03-01,57.395713806152344
2024-03-04,57.92318344116211
2024-03-05,58.6460075378418
2024-03-06,59.163692474365234
2024-03-07,58.95856857299805
2024-03-08,58.724143981933594
2024-03-11,59.25160598754883
2024-03-12,59.984195709228516
2024-03-13,59.85721206665039
2024-03-14,59.806243896484375
2024-03-15,59.47300720214844
2024-03-18,59.64943313598633
2024-03-19,59.65922546386719
2024-03-20,60.03166961669922
2024-03-21,60.22769546508789
2024-03-22,59.65922546386719
2024-03-25,59.36519241333008
2024-03-26,59.30638122558594
2024-03-27,59.5122184753418
2024-03-28,58.973148345947266
2024-04-01,58.8065299987793
2024-04-02,57.983245849609375
2024-04-03,58.24787521362305
2024-04-04,58.31648635864258
2024-04-05,58.65951919555664
2024-04-08,58.590911865234375
2024-04-09,58.600711822509766
2024-04-10,59.41419982910156
2024-04-11,58.894744873046875
2024-04-12,58.94374465942383
2024-04-15,58.7379264831543
2024-04-16,58.64971923828125
2024-04-17,58.4635009765625
2024-04-18,58.081260681152344
2024-04-19,58.34588623046875
2024-04-22,58.94374465942383
2024-04-23,57.91463851928711
2024-04-24,58.67911911010742
2024-04-25,59.01235580444336
2024-04-26,58.963348388671875
2024-04-29,59.04176330566406
2024-04-30,58.16946792602539
2024-05-01,57.67940902709961
2024-05-02,58.522308349609375
2024-05-03,58.6301155090332
2024-05-06,58.67911911010742
2024-05-07,59.41419982910156
2024-05-08,59.100563049316406
2024-05-09,59.44282150268555
2024-05-10,59.4821662902832
2024-05-13,59.4133186340332
2024-05-14,58.87239456176758
2024-05-15,58.8428955078125
2024-05-16,62.95393371582031
2024-05-17,63.58338165283203
2024-05-20,63.121124267578125
2024-05-21,64.07511901855469
2024-05-22,64.17347717285156
2024-05-23,63.77022933959961
2024-05-24,64.30131530761719
2024-05-28,63.96693801879883
2024-05-29,63.84891128540039
2024-05-30,63.81941223144531
2024-05-31,64.67506408691406
2024-06-03,64.73406982421875
2024-06-04,65.5011978149414
2024-06-05,65.98310852050781
2024-06-06,66.04212188720703
2024-06-07,64.79307556152344
2024-06-10,65.85525512695312
2024-06-11,65.62906646728516
2024-06-12,65.21598052978516
2024-06-13,65.59954833984375
2024-06-14,65.91426849365234
2024-06-17,66.30766296386719
2024-06-18,66.48469543457031
2024-06-20,66.887939453125
2024-06-21,66.78958129882812
2024-06-24,67.76325225830078
2024-06-25,66.30766296386719
2024-06-26,67.16331481933594
2024-06-27,66.76007080078125
2024-06-28,66.59288787841797
2024-07-01,66.36668395996094
2024-07-02,66.94693756103516
2024-07-03,67.11412811279297
2024-07-05,68.88443756103516
2024-07-08,68.53038024902344
2024-07-09,68.74674987792969
2024-07-10,69.24834442138672
2024-07-11,68.64839935302734
2024-07-12,68.09764099121094
2024-07-15,68.46154022216797
2024-07-16,68.83525848388672
2024-07-17,69.85811614990234
2024-07-18,69.65158081054688
2024-07-19,69.58272552490234
2024-07-22,69.21883392333984
2024-07-23,69.484375
2024-07-24,69.43519592285156
2024-07-25,68.8647689819336
2024-07-26,68.62873077392578
2024-07-29,68.47136688232422
2024-07-30,68.04846954345703
2024-07-31,67.50753784179688
2024-08-01,68.63856506347656
2024-08-02,67.33051300048828
2024-08-05,66.47486877441406
2024-08-06,66.62239074707031
2024-08-07,65.80608367919922
2024-08-08,66.54371643066406
2024-08-09,66.82891845703125
2024-08-12,67.56654357910156
2024-08-13,67.0059585571289
2024-08-14,67.52721405029297
2024-08-15,71.9726333618164
2024-08-16,72.44408416748047
2024-08-19,72.71039581298828
2024-08-20,73.5191650390625
2024-08-21,74.2095718383789
2024-08-22,74.544921875
2024-08-23,74.66326904296875
2024-08-26,74.98873901367188
2024-08-27,75.08738708496094
2024-08-28,75.03807067871094
2024-08-29,75.3734130859375
2024-08-30,76.17232513427734
2024-09-03,76.11314392089844
2024-09-04,76.18218994140625
2024-09-05,75.90601348876953
2024-09-06,75.59040069580078
2024-09-09,76.28080749511719
2024-09-10,77.73067474365234
2024-09-11,77.76026916503906
2024-09-12,78.56903839111328
2024-09-13,79.49616241455078
2024-09-16,79.45671844482422
2024-09-17,77.5235595703125
2024-09-18,77.94766998291016
2024-09-19,76.97122192382812
2024-09-20,77.97725677490234
2024-09-23,79.22986602783203
2024-09-24,79.5652084350586
2024-09-25,80.28521728515625
2024-09-26,78.82548522949219
2024-09-27,78.6874008178711
2024-09-30,79.64410400390625
2024-10-01,80.15699005126953
2024-10-02,79.32849884033203
2024-10-03,79.32849884033203
2024-10-04,79.8315200805664
2024-10-07,78.01670837402344
2024-10-08,78.61836242675781
2024-10-09,79.29891204833984
2024-10-10,78.51972961425781
2024-10-11,79.00301361083984
2024-10-14,79.1904067993164
2024-10-15,80.53179168701172
2024-10-16,80.107666015625
2024-10-17,79.78218841552734
2024-10-18,80.19644165039062
2024-10-21,79.70328521728516
2024-10-22,80.896728515625
2024-10-23,82.12960052490234
2024-10-24,81.90275573730469
2024-10-25,81.38001251220703
2024-10-28,81.61671447753906
2024-10-29,80.58109283447266
2024-10-30,80.27535247802734
2024-10-31,80.82769012451172
2024-11-01,81.06439971923828
2024-11-04,81.3208236694336
2024-11-05,82.53398895263672
2024-11-06,82.29727935791016
2024-11-07,82.70165252685547
2024-11-08,83.66824340820312
2024-11-11,83.05672454833984
2024-11-12,83.82604217529297
2024-11-13,84.32906341552734
2024-11-14,83.31317138671875
2024-11-15,83.09619140625
2024-11-18,82.92852020263672
2024-11-19,85.41400146484375
2024-11-20,85.98605346679688
2024-11-21,87.17948913574219
2024-11-22,89.20140838623047
2024-11-25,88.27427673339844
2024-11-26,90.05950164794922
2024-11-27,90.6216812133789
2024-11-29,91.23319244384766
2024-12-02,91.37126922607422
2024-12-03,92.2293701171875
2024-12-04,93.156494140625
2024-12-05,93.9948501586914
2024-12-06,94.38936614990234
2024-12-09,92.54498291015625
2024-12-10,93.25511169433594
2024-12-11,93.65950775146484
2024-12-12,92.80142211914062
2024-12-13,93.1651840209961
2024-12-16,93.7780532836914
2024-12-17,94.32172393798828
2024-12-18,92.47325134277344
2024-12-19,92.3249740600586
2024-12-20,91.1783218383789
2024-12-23,89.3100814819336
2024-12-24,91.61326599121094
2024-12-26,91.72199249267578
2024-12-27,90.60501098632812
2024-12-30,89.52754211425781
2024-12-31,89.3100814819336
2025-01-02,88.96410369873047
2025-01-03,89.7351303100586
2025-01-06,90.37764739990234
2025-01-07,89.76477813720703
2025-01-08,90.7433853149414
2025-01-10,91.92957305908203
2025-01-13,90.47649383544922
2025-01-14,89.7450180053711
2025-01-15,90.2886734008789
2025-01-16,90.24915313720703
2025-01-17,90.88178253173828
2025-01-21,92.00865936279297
2025-01-22,92.15693664550781
2025-01-23,92.7302474975586
2025-01-24,93.66931915283203
2025-01-27,96.27893829345703
2025-01-28,96.17019653320312
2025-01-29,96.37777709960938
2025-01-30,97.51454162597656
2025-01-31,97.03019714355469
2025-02-03,98.39429473876953
2025-02-04,99.61014556884766
2025-02-05,101.28068542480469
2025-02-06,101.66619873046875
2025-02-07,99.98577117919922
2025-02-10,101.73539733886719
2025-02-11,101.29058074951172
2025-02-12,102.4174575805664
2025-02-13,103.84088897705078
2025-02-14,102.8425064086914
2025-02-18,102.58549499511719
2025-02-19,102.80296325683594
2025-02-20,96.09111022949219
2025-02-21,93.6890869140625
2025-02-24,92.59185791015625
2025-02-25,96.56559753417969
2025-02-26,95.09274291992188
2025-02-27,95.67595672607422
2025-02-28,97.47500610351562
2025-03-03,96.46674346923828
2025-03-04,93.87689971923828
2025-03-05,94.87527465820312
2025-03-06,93.55069732666016
2025-03-07,90.66431427001953
2025-03-10,86.8092041015625
2025-03-11,86.4335708618164
2025-03-12,84.2193374633789
2025-03-13,83.52740478515625
2025-03-14,84.36762237548828
2025-03-17,86.4533462524414
2025-03-18,84.6048583984375
2025-03-19,85.33635711669922
2025-03-20,84.82233428955078
2025-03-21,85.2237777709961
2025-03-24,86.72048950195312
2025-03-25,84.0145034790039
2025-03-26,84.46054077148438
2025-03-27,84.87684631347656
2025-03-28,84.40106964111328
2025-03-31,87.01785278320312
2025-04-01,88.04869842529297
2025-04-02,88.97052001953125
2025-04-03,86.49251556396484
2025-04-04,82.45831298828125
2025-04-07,83.09268188476562
2025-04-08,81.07061004638672
2025-04-09,88.81192779541016
2025-04-10,89.81304931640625
2025-04-11,91.98379516601562
2025-04-14,93.89681243896484
2025-04-15,93.14349365234375
2025-04-16,90.38794708251953
2025-04-17,92.40009307861328
2025-04-21,91.59722137451172
2025-04-22,94.0157470703125
2025-04-23,94.12478637695312
2025-04-24,94.99703979492188
2025-04-25,94.2536392211914
2025-04-28,94.38249206542969
2025-04-29,95.1952896118164
2025-04-30,96.39464569091797
2025-05-01,96.5532455444336
2025-05-02,97.88145446777344
2025-05-05,98.45635986328125
2025-05-06,97.68321990966797
2025-05-07,97.96074676513672
2025-05-08,96.57306671142578
2025-05-09,96.10110473632812
2025-05-12,96.13091278076172
2025-05-13,95.26647186279297
2025-05-14,96.21039581298828
2025-05-15,95.73346710205078
2025-05-16,97.61137390136719
2025-05-19,97.49214172363281
2025-05-20,97.1741943359375
2025-05-21,95.81295013427734
2025-05-22,95.31614685058594
2025-05-23,95.7235336303711
2025-05-27,96.9555892944336
2025-05-28,96.61776733398438
2025-05-29,96.4786605834961
2025-05-30,98.08830261230469
2025-06-02,99.13157653808594
2025-06-03,99.3402328491211
2025-06-04,98.71426391601562
2025-06-05,97.33316802978516
2025-06-06,96.84630584716797
2025-06-09,96.82642364501953
2025-06-10,96.697265625
2025-06-11,95.1869888305664
2025-06-12,94.22319030761719
2025-06-13,93.835693359375
2025-06-16,93.6866455078125
2025-06-17,93.64689636230469
2025-06-18,94.48152160644531
2025-06-20,95.50495147705078
2025-06-23,97.24374389648438
2025-06-24,97.37290954589844
2025-06-25,96.63764953613281
2025-06-26,95.40557098388672
2025-06-27,96.64757537841797
2025-06-30,97.1543197631836
2025-07-01,97.61137390136719
2025-07-02,96.98539733886719
2025-07-03,97.73059844970703
2025-07-07,98.71426391601562
2025-07-08,96.46873474121094
2025-07-09,96.1905288696289
2025-07-10,94.25299835205078
2025-07-11,93.79594421386719
2025-07-14,95.1671142578125
2025-07-15,94.77960968017578
2025-07-16,94.54114532470703
2025-07-17,94.48152160644531
2025-07-18,94.44178771972656
2025-07-21,95.05780792236328
2025-07-22,95.23666381835938
2025-07-23,95.0677490234375
2025-07-24,95.98187255859375
2025-07-25,96.84630584716797
2025-07-28,96.98539733886719
2025-07-29,97.70079040527344
2025-07-30,96.96553039550781
2025-07-31,97.35304260253906
2025-08-01,97.85977935791016
2025-08-04,98.95272827148438
2025-08-05,98.67452239990234
2025-08-06,102.6986083984375
2025-08-07,102.46014404296875
2025-08-08,103.06624603271484
2025-08-11,103.26496124267578
2025-08-12,102.95694732666016
2025-08-13,100.3437728881836
2025-08-14,100.20466613769531
2025-08-15,99.59217834472656
2025-08-18,100.28932189941406
2025-08-19,100.87691497802734
2025-08-20,102.15170288085938
2025-08-21,97.56050109863281
2025-08-22,96.43510437011719
2025-08-25,95.67820739746094
2025-08-26,95.65828704833984
2025-08-27,95.68816375732422
2025-08-28,95.7180404663086
2025-08-29,96.5844955444336
2025-09-02,97.45094299316406
2025-09-03,99.03446197509766
2025-09-04,100.51838684082031
2025-09-05,100.10009765625
2025-09-08,101.86287689208984
2025-09-09,101.87284088134766
2025-09-10,100.0005111694336
2025-09-11,102.23136901855469
2025-09-12,103.06793975830078
2025-09-15,103.26713562011719
2025-09-16,102.99822998046875
2025-09-17,103.84475708007812
2025-09-18,103.17749786376953
2025-09-19,101.91268157958984
2025-09-22,102.40068054199219
2025-09-23,102.10189819335938
2025-09-24,102.31105041503906
2025-09-25,102.62974548339844
2025-09-26,102.73929595947266
2025-09-29,102.65962219238281
2025-09-30,102.63969421386719
2025-10-01,101.54418182373047
2025-10-02,101.28524780273438
2025-10-03,101.65373992919922
2025-10-06,102.28116607666016
2025-10-07,102.81896209716797
2025-10-08,102.48035430908203
2025-10-09,101.3549575805664
2025-10-10,101.42466735839844
2025-10-13,101.70353698730469
2025-10-14,106.77277374267578
2025-10-15,108.5853500366211
2025-10-16,106.03579711914062
2025-10-17,107.29065704345703
2025-10-20,106.6134262084961
2025-10-21,105.78681182861328
2025-10-22,106.70305633544922
2025-10-23,106.42420196533203
2025-10-24,105.73701477050781
2025-10-27,104.04395294189453
2025-10-28,102.74925231933594
2025-10-29,102.04214477539062
2025-10-30,101.8130874633789
2025-10-31,100.76736450195312
2025-11-03,101.17568969726562
2025-11-04,101.85292053222656
2025-11-05,101.05618286132812
2025-11-06,101.26532745361328
2025-11-07,102.1716079711914
2025-11-10,102.00231170654297
2025-11-11,103.01815795898438
2025-11-12,103.01815795898438
2025-11-13,102.121826171875
2025-11-14,102.06207275390625
2025-11-17,102.53014373779297
2025-11-18,100.97650909423828
2025-11-19,100.19969177246094
2025-11-20,106.67317962646484
2025-11-21,104.8904800415039
2025-11-24,103.63561248779297
2025-11-25,106.56362915039062
2025-11-26,108.65506744384766
2025-11-28,110.05931854248047
2025-12-01,111.07515716552734
2025-12-02,111.95156860351562
2025-12-03,113.94342041015625
2025-12-04,114.37165069580078
2025-12-05,114.64055633544922
2025-12-08,113.09687042236328
2025-12-09,114.59075927734375
2025-12-10,112.71842956542969
2025-12-11,115.04888153076172
2025-12-12,116.46098327636719
2025-12-15,116.5508041381836
2025-12-16,115.18360900878906
2025-12-17,115.42312622070312
2025-12-18,114.59481811523438
2025-12-19,114.12578582763672
2025-12-22,112.369384765625
2025-12-23,110.67286682128906
2025-12-24,111.38141632080078
2025-12-26,111.51114654541016
2025-12-29,112.29953002929688
2025-12-30,111.69078063964844
2025-12-31,111.18183135986328
2026-01-02,112.52906036376953
2026-01-05,112.47916412353516
2026-01-06,114.10581970214844
2026-01-07,112.48914337158203
2026-01-08,112.83842468261719
2026-01-09,114.2954330444336
2026-01-12,117.7283935546875
2026-01-13,120.11349487304688
2026-01-14,119.79415130615234
2026-01-15,118.95586395263672
2026-01-16,119.45484161376953
2026-01-20,118.46687316894531
2026-01-21,119.11553955078125
2026-01-22,117.58867645263672
2026-01-23,117.48888397216797
2026-01-26,117.39906311035156
2026-01-27,116.70050048828125
2026-01-28,116.33125305175781
2026-01-29,117.16954040527344
2026-01-30,118.89598846435547
2026-02-02,123.80591583251953
2026-02-03,127.44844055175781
2026-02-04,127.73784637451172
2026-02-05,126.68002319335938
2026-02-06,130.9113311767578
2026-02-09,128.75576782226562
2026-02-10,126.44050598144531
2026-02-11,128.5062713623047
2026-02-12,133.3662872314453
2026-02-13,133.61578369140625
2026-02-17,128.5861053466797
2026-02-18,126.36067199707031
2026-02-19,124.6142578125
2026-02-20,122.73810577392578
2026-02-23,125.55233001708984
2026-02-24,126.49040985107422
2026-02-25,125.4924545288086
2026-02-26,124.16517639160156
2026-02-27,127.68794250488281
2026-03-02,126.83969116210938
2026-03-03,127.64803314208984
2026-03-04,127.54823303222656
2026-03-05,123.05744934082031
2026-03-06,123.54644775390625
2026-03-09,124.08534240722656
2026-03-10,124.8637466430664
2026-03-11,123.2370834350586
2026-03-12,125.07331848144531
2026-03-13,126.26087188720703
2026-03-16,125.73196411132812
2026-03-17,124.8238296508789
2026-03-18,121.73017883300781
2026-03-19,120.84199523925781
2026-03-20,119.0199966430664
2026-03-23,120.72000122070312
2026-03-24,122.05000305175781
2026-03-25,123.05999755859375
2026-03-26,122.18000030517578
2026-03-27,122.88999938964844
2026-03-30,123.5
2026-03-31,124.27999877929688
2026-04-01,124.73999786376953
2026-04-02,125.79000091552734
2026-04-06,126.79000091552734
2026-04-07,122.48999786376953
2026-04-08,127.26000213623047
2026-04-09,129.1300048828125
2026-04-10,126.7699966430664
2026-04-13,124.56999969482422
2026-04-14,125.05000305175781
2026-04-15,124.76000213623047
2026-04-16,124.81999969482422
2026-04-17,127.5
2026-04-20,127.91999816894531
2026-04-21,129.60000610351562
2026-04-22,129.97999572753906
2026-04-23,132.02999877929688
2026-04-24,129.9199981689453
2026-04-27,127.58999633789062
2026-04-28,127.58999633789062
2026-04-29,128.00999450683594
2026-04-30,131.92999267578125
2026-05-01,131.60000610351562
2026-05-04,130.3300018310547
